INSERT INTO `lk9v6_users` (`name`, `email`, `usertype`) VALUES ('سمر محمد سالم شعوير ', '', 'الخريجين');
INSERT INTO `lk9v6_alumni_main` (`id`, `user_id`, `approved`) VALUES (236500, 236500, 1);
INSERT INTO `lk9v6_alumni_data` (`alumni_id`, `graduation_year`, `fid`, `job`, `address`, `city`, `country`, `phone`, `gid`, `mobile`, `nationalnumber`, `department`, `division`, `with_honor`) VALUES (236500, 2014, '23', '', '', '', '', '', '', '', '', 'اقتصاد منزلى ', '', '');
INSERT INTO `lk9v6_users` (`name`, `email`, `usertype`) VALUES ('عهود فؤاد التابعى سيد احمد ', '', 'الخريجين');
INSERT INTO `lk9v6_alumni_main` (`id`, `user_id`, `approved`) VALUES (236501, 236501, 1);
INSERT INTO `lk9v6_alumni_data` (`alumni_id`, `graduation_year`, `fid`, `job`, `address`, `city`, `country`, `phone`, `gid`, `mobile`, `nationalnumber`, `department`, `division`, `with_honor`) VALUES (236501, 2014, '23', '', '', '', '', '', '', '', '', 'اقتصاد منزلى ', '', '');
INSERT INTO `lk9v6_users` (`name`, `email`, `usertype`) VALUES ('سارة محمد سيد احمد محمد على ', '', 'الخريجين');
INSERT INTO `lk9v6_alumni_main` (`id`, `user_id`, `approved`) VALUES (236502, 236502, 1);
INSERT INTO `lk9v6_alumni_data` (`alumni_id`, `graduation_year`, `fid`, `job`, `address`, `city`, `country`, `phone`, `gid`, `mobile`, `nationalnumber`, `department`, `division`, `with_honor`) VALUES (236502, 2014, '23', '', '', '', '', '', '', '', '', 'اقتصاد منزلى ', '', '');
INSERT INTO `lk9v6_users` (`name`, `email`, `usertype`) VALUES ('نهى مسعد محمد محمود حسنين ', '', 'الخريجين');
INSERT INTO `lk9v6_alumni_main` (`id`, `user_id`, `approved`) VALUES (236503, 236503, 1);
INSERT INTO `lk9v6_alumni_data` (`alumni_id`, `graduation_year`, `fid`, `job`, `address`, `city`, `country`, `phone`, `gid`, `mobile`, `nationalnumber`, `department`, `division`, `with_honor`) VALUES (236503, 2014, '23', '', '', '', '', '', '', '', '', 'اقتصاد منزلى ', '', '');
INSERT INTO `lk9v6_users` (`name`, `email`, `usertype`) VALUES ('ريهان شريف محمد ابوالعينين شهاب الدين ', '', 'الخريجين');
INSERT INTO `lk9v6_alumni_main` (`id`, `user_id`, `approved`) VALUES (236504, 236504, 1);
INSERT INTO `lk9v6_alumni_data` (`alumni_id`, `graduation_year`, `fid`, `job`, `address`, `city`, `country`, `phone`, `gid`, `mobile`, `nationalnumber`, `department`, `division`, `with_honor`) VALUES (236504, 2014, '23', '', '', '', '', '', '', '', '', 'التربية الفنية ', '', '');
INSERT INTO `lk9v6_users` (`name`, `email`, `usertype`) VALUES ('ايمان محمد احمد حسن الكومى ', '', 'الخريجين');
INSERT INTO `lk9v6_alumni_main` (`id`, `user_id`, `approved`) VALUES (236505, 236505, 1);
INSERT INTO `lk9v6_alumni_data` (`alumni_id`, `graduation_year`, `fid`, `job`, `address`, `city`, `country`, `phone`, `gid`, `mobile`, `nationalnumber`, `department`, `division`, `with_honor`) VALUES (236505, 2014, '23', '', '', '', '', '', '', '', '', 'التربية الفنية ', '', '');
INSERT INTO `lk9v6_users` (`name`, `email`, `usertype`) VALUES ('حسناء حسن محمد زوال', '', 'الخريجين');
INSERT INTO `lk9v6_alumni_main` (`id`, `user_id`, `approved`) VALUES (236506, 236506, 1);
INSERT INTO `lk9v6_alumni_data` (`alumni_id`, `graduation_year`, `fid`, `job`, `address`, `city`, `country`, `phone`, `gid`, `mobile`, `nationalnumber`, `department`, `division`, `with_honor`) VALUES (236506, 2014, '23', '', '', '', '', '', '', '', '', 'التربية الفنية ', '', '');
INSERT INTO `lk9v6_users` (`name`, `email`, `usertype`) VALUES ('رواء محمد عبدالحليم حميده جلغاف ', '', 'الخريجين');
INSERT INTO `lk9v6_alumni_main` (`id`, `user_id`, `approved`) VALUES (236507, 236507, 1);
INSERT INTO `lk9v6_alumni_data` (`alumni_id`, `graduation_year`, `fid`, `job`, `address`, `city`, `country`, `phone`, `gid`, `mobile`, `nationalnumber`, `department`, `division`, `with_honor`) VALUES (236507, 2014, '23', '', '', '', '', '', '', '', '', 'التربية الفنية ', '', '');
INSERT INTO `lk9v6_users` (`name`, `email`, `usertype`) VALUES ('شيماء احمد ابراهيم نعمة الله ', '', 'الخريجين');
INSERT INTO `lk9v6_alumni_main` (`id`, `user_id`, `approved`) VALUES (236508, 236508, 1);
INSERT INTO `lk9v6_alumni_data` (`alumni_id`, `graduation_year`, `fid`, `job`, `address`, `city`, `country`, `phone`, `gid`, `mobile`, `nationalnumber`, `department`, `division`, `with_honor`) VALUES (236508, 2014, '23', '', '', '', '', '', '', '', '', 'التربية الفنية ', '', '');
INSERT INTO `lk9v6_users` (`name`, `email`, `usertype`) VALUES ('ضحى محمد السيد على ابوالعلا ', '', 'الخريجين');
INSERT INTO `lk9v6_alumni_main` (`id`, `user_id`, `approved`) VALUES (236509, 236509, 1);
INSERT INTO `lk9v6_alumni_data` (`alumni_id`, `graduation_year`, `fid`, `job`, `address`, `city`, `country`, `phone`, `gid`, `mobile`, `nationalnumber`, `department`, `division`, `with_honor`) VALUES (236509, 2014, '23', '', '', '', '', '', '', '', '', 'التربية الفنية ', '', '');
INSERT INTO `lk9v6_users` (`name`, `email`, `usertype`) VALUES ('عبير محمد ابوالحمد محمد ', '', 'الخريجين');
INSERT INTO `lk9v6_alumni_main` (`id`, `user_id`, `approved`) VALUES (236510, 236510, 1);
INSERT INTO `lk9v6_alumni_data` (`alumni_id`, `graduation_year`, `fid`, `job`, `address`, `city`, `country`, `phone`, `gid`, `mobile`, `nationalnumber`, `department`, `division`, `with_honor`) VALUES (236510, 2014, '23', '', '', '', '', '', '', '', '', 'التربية الفنية ', '', '');
INSERT INTO `lk9v6_users` (`name`, `email`, `usertype`) VALUES ('فتحية محمد عبدالغنى بهى الدين ', '', 'الخريجين');
INSERT INTO `lk9v6_alumni_main` (`id`, `user_id`, `approved`) VALUES (236511, 236511, 1);
INSERT INTO `lk9v6_alumni_data` (`alumni_id`, `graduation_year`, `fid`, `job`, `address`, `city`, `country`, `phone`, `gid`, `mobile`, `nationalnumber`, `department`, `division`, `with_honor`) VALUES (236511, 2014, '23', '', '', '', '', '', '', '', '', 'التربية الفنية ', '', '');
INSERT INTO `lk9v6_users` (`name`, `email`, `usertype`) VALUES ('مريم مجدى مينا ابراهيم باسيلى ', '', 'الخريجين');
INSERT INTO `lk9v6_alumni_main` (`id`, `user_id`, `approved`) VALUES (236512, 236512, 1);
INSERT INTO `lk9v6_alumni_data` (`alumni_id`, `graduation_year`, `fid`, `job`, `address`, `city`, `country`, `phone`, `gid`, `mobile`, `nationalnumber`, `department`, `division`, `with_honor`) VALUES (236512, 2014, '23', '', '', '', '', '', '', '', '', 'التربية الفنية ', '', '');
INSERT INTO `lk9v6_users` (`name`, `email`, `usertype`) VALUES ('منار محمد حسن احمد عبدالمجيد ', '', 'الخريجين');
INSERT INTO `lk9v6_alumni_main` (`id`, `user_id`, `approved`) VALUES (236513, 236513, 1);
INSERT INTO `lk9v6_alumni_data` (`alumni_id`, `graduation_year`, `fid`, `job`, `address`, `city`, `country`, `phone`, `gid`, `mobile`, `nationalnumber`, `department`, `division`, `with_honor`) VALUES (236513, 2014, '23', '', '', '', '', '', '', '', '', 'التربية الفنية ', '', '');
INSERT INTO `lk9v6_users` (`name`, `email`, `usertype`) VALUES ('ميار مصطفى مصطفى ابراهيم ابوسنه ', '', 'الخريجين');
INSERT INTO `lk9v6_alumni_main` (`id`, `user_id`, `approved`) VALUES (236514, 236514, 1);
INSERT INTO `lk9v6_alumni_data` (`alumni_id`, `graduation_year`, `fid`, `job`, `address`, `city`, `country`, `phone`, `gid`, `mobile`, `nationalnumber`, `department`, `division`, `with_honor`) VALUES (236514, 2014, '23', '', '', '', '', '', '', '', '', 'التربية الفنية ', '', '');
INSERT INTO `lk9v6_users` (`name`, `email`, `usertype`) VALUES ('هدير جابر عبدالعليم على حموده', '', 'الخريجين');
INSERT INTO `lk9v6_alumni_main` (`id`, `user_id`, `approved`) VALUES (236515, 236515, 1);
INSERT INTO `lk9v6_alumni_data` (`alumni_id`, `graduation_year`, `fid`, `job`, `address`, `city`, `country`, `phone`, `gid`, `mobile`, `nationalnumber`, `department`, `division`, `with_honor`) VALUES (236515, 2014, '23', '', '', '', '', '', '', '', '', 'التربية الفنية ', '', '');
INSERT INTO `lk9v6_users` (`name`, `email`, `usertype`) VALUES ('اسراء خميس عبدالجليل عبدالوهاب ', '', 'الخريجين');
INSERT INTO `lk9v6_alumni_main` (`id`, `user_id`, `approved`) VALUES (236516, 236516, 1);
INSERT INTO `lk9v6_alumni_data` (`alumni_id`, `graduation_year`, `fid`, `job`, `address`, `city`, `country`, `phone`, `gid`, `mobile`, `nationalnumber`, `department`, `division`, `with_honor`) VALUES (236516, 2014, '23', '', '', '', '', '', '', '', '', 'التربية الفنية ', '', '');
INSERT INTO `lk9v6_users` (`name`, `email`, `usertype`) VALUES ('اسراء عصام محمد خليل ', '', 'الخريجين');
INSERT INTO `lk9v6_alumni_main` (`id`, `user_id`, `approved`) VALUES (236517, 236517, 1);
INSERT INTO `lk9v6_alumni_data` (`alumni_id`, `graduation_year`, `fid`, `job`, `address`, `city`, `country`, `phone`, `gid`, `mobile`, `nationalnumber`, `department`, `division`, `with_honor`) VALUES (236517, 2014, '23', '', '', '', '', '', '', '', '', 'التربية الفنية ', '', '');
INSERT INTO `lk9v6_users` (`name`, `email`, `usertype`) VALUES ('اسماء يحيي زكريا عبدالحميد ', '', 'الخريجين');
INSERT INTO `lk9v6_alumni_main` (`id`, `user_id`, `approved`) VALUES (236518, 236518, 1);
INSERT INTO `lk9v6_alumni_data` (`alumni_id`, `graduation_year`, `fid`, `job`, `address`, `city`, `country`, `phone`, `gid`, `mobile`, `nationalnumber`, `department`, `division`, `with_honor`) VALUES (236518, 2014, '23', '', '', '', '', '', '', '', '', 'التربية الفنية ', '', '');
INSERT INTO `lk9v6_users` (`name`, `email`, `usertype`) VALUES ('امنية حماده على ابوسعده ', '', 'الخريجين');
INSERT INTO `lk9v6_alumni_main` (`id`, `user_id`, `approved`) VALUES (236519, 236519, 1);
INSERT INTO `lk9v6_alumni_data` (`alumni_id`, `graduation_year`, `fid`, `job`, `address`, `city`, `country`, `phone`, `gid`, `mobile`, `nationalnumber`, `department`, `division`, `with_honor`) VALUES (236519, 2014, '23', '', '', '', '', '', '', '', '', 'التربية الفنية ', '', '');
INSERT INTO `lk9v6_users` (`name`, `email`, `usertype`) VALUES ('ايناس فؤاد عبدالواحد محمد صومع ', '', 'الخريجين');
INSERT INTO `lk9v6_alumni_main` (`id`, `user_id`, `approved`) VALUES (236520, 236520, 1);
INSERT INTO `lk9v6_alumni_data` (`alumni_id`, `graduation_year`, `fid`, `job`, `address`, `city`, `country`, `phone`, `gid`, `mobile`, `nationalnumber`, `department`, `division`, `with_honor`) VALUES (236520, 2014, '23', '', '', '', '', '', '', '', '', 'التربية الفنية ', '', '');
INSERT INTO `lk9v6_users` (`name`, `email`, `usertype`) VALUES ('ايه سعيد على المرسي', '', 'الخريجين');
INSERT INTO `lk9v6_alumni_main` (`id`, `user_id`, `approved`) VALUES (236521, 236521, 1);
INSERT INTO `lk9v6_alumni_data` (`alumni_id`, `graduation_year`, `fid`, `job`, `address`, `city`, `country`, `phone`, `gid`, `mobile`, `nationalnumber`, `department`, `division`, `with_honor`) VALUES (236521, 2014, '23', '', '', '', '', '', '', '', '', 'التربية الفنية ', '', '');
INSERT INTO `lk9v6_users` (`name`, `email`, `usertype`) VALUES ('جهاد هشام تحسين فرج ', '', 'الخريجين');
INSERT INTO `lk9v6_alumni_main` (`id`, `user_id`, `approved`) VALUES (236522, 236522, 1);
INSERT INTO `lk9v6_alumni_data` (`alumni_id`, `graduation_year`, `fid`, `job`, `address`, `city`, `country`, `phone`, `gid`, `mobile`, `nationalnumber`, `department`, `division`, `with_honor`) VALUES (236522, 2014, '23', '', '', '', '', '', '', '', '', 'التربية الفنية ', '', '');
INSERT INTO `lk9v6_users` (`name`, `email`, `usertype`) VALUES ('روميساء عادل عبدالمنعم سليمان ', '', 'الخريجين');
INSERT INTO `lk9v6_alumni_main` (`id`, `user_id`, `approved`) VALUES (236523, 236523, 1);
INSERT INTO `lk9v6_alumni_data` (`alumni_id`, `graduation_year`, `fid`, `job`, `address`, `city`, `country`, `phone`, `gid`, `mobile`, `nationalnumber`, `department`, `division`, `with_honor`) VALUES (236523, 2014, '23', '', '', '', '', '', '', '', '', 'التربية الفنية ', '', '');
INSERT INTO `lk9v6_users` (`name`, `email`, `usertype`) VALUES ('سماح احمد محمد ابراهيم احمد ', '', 'الخريجين');
INSERT INTO `lk9v6_alumni_main` (`id`, `user_id`, `approved`) VALUES (236524, 236524, 1);
INSERT INTO `lk9v6_alumni_data` (`alumni_id`, `graduation_year`, `fid`, `job`, `address`, `city`, `country`, `phone`, `gid`, `mobile`, `nationalnumber`, `department`, `division`, `with_honor`) VALUES (236524, 2014, '23', '', '', '', '', '', '', '', '', 'التربية الفنية ', '', '');
INSERT INTO `lk9v6_users` (`name`, `email`, `usertype`) VALUES ('صفاء احمد بدوى بدوى محمود ', '', 'الخريجين');
INSERT INTO `lk9v6_alumni_main` (`id`, `user_id`, `approved`) VALUES (236525, 236525, 1);
INSERT INTO `lk9v6_alumni_data` (`alumni_id`, `graduation_year`, `fid`, `job`, `address`, `city`, `country`, `phone`, `gid`, `mobile`, `nationalnumber`, `department`, `division`, `with_honor`) VALUES (236525, 2014, '23', '', '', '', '', '', '', '', '', 'التربية الفنية ', '', '');
INSERT INTO `lk9v6_users` (`name`, `email`, `usertype`) VALUES ('مينا فيكتور بخيت صليب شنوده ', '', 'الخريجين');
INSERT INTO `lk9v6_alumni_main` (`id`, `user_id`, `approved`) VALUES (236526, 236526, 1);
INSERT INTO `lk9v6_alumni_data` (`alumni_id`, `graduation_year`, `fid`, `job`, `address`, `city`, `country`, `phone`, `gid`, `mobile`, `nationalnumber`, `department`, `division`, `with_honor`) VALUES (236526, 2014, '23', '', '', '', '', '', '', '', '', 'التربية الفنية ', '', '');
INSERT INTO `lk9v6_users` (`name`, `email`, `usertype`) VALUES ('ندى ممدوح عمر احمد درويش ', '', 'الخريجين');
INSERT INTO `lk9v6_alumni_main` (`id`, `user_id`, `approved`) VALUES (236527, 236527, 1);
INSERT INTO `lk9v6_alumni_data` (`alumni_id`, `graduation_year`, `fid`, `job`, `address`, `city`, `country`, `phone`, `gid`, `mobile`, `nationalnumber`, `department`, `division`, `with_honor`) VALUES (236527, 2014, '23', '', '', '', '', '', '', '', '', 'التربية الفنية ', '', '');
INSERT INTO `lk9v6_users` (`name`, `email`, `usertype`) VALUES ('نورا عطيه عبدالعال محمد ', '', 'الخريجين');
INSERT INTO `lk9v6_alumni_main` (`id`, `user_id`, `approved`) VALUES (236528, 236528, 1);
INSERT INTO `lk9v6_alumni_data` (`alumni_id`, `graduation_year`, `fid`, `job`, `address`, `city`, `country`, `phone`, `gid`, `mobile`, `nationalnumber`, `department`, `division`, `with_honor`) VALUES (236528, 2014, '23', '', '', '', '', '', '', '', '', 'التربية الفنية ', '', '');
INSERT INTO `lk9v6_users` (`name`, `email`, `usertype`) VALUES ('نورهان حسين احمد محمود عبدالله ', '', 'الخريجين');
INSERT INTO `lk9v6_alumni_main` (`id`, `user_id`, `approved`) VALUES (236529, 236529, 1);
INSERT INTO `lk9v6_alumni_data` (`alumni_id`, `graduation_year`, `fid`, `job`, `address`, `city`, `country`, `phone`, `gid`, `mobile`, `nationalnumber`, `department`, `division`, `with_honor`) VALUES (236529, 2014, '23', '', '', '', '', '', '', '', '', 'التربية الفنية ', '', '');
INSERT INTO `lk9v6_users` (`name`, `email`, `usertype`) VALUES ('هبه ابراهيم محمد على حسب النبي', '', 'الخريجين');
INSERT INTO `lk9v6_alumni_main` (`id`, `user_id`, `approved`) VALUES (236530, 236530, 1);
INSERT INTO `lk9v6_alumni_data` (`alumni_id`, `graduation_year`, `fid`, `job`, `address`, `city`, `country`, `phone`, `gid`, `mobile`, `nationalnumber`, `department`, `division`, `with_honor`) VALUES (236530, 2014, '23', '', '', '', '', '', '', '', '', 'التربية الفنية ', '', '');
INSERT INTO `lk9v6_users` (`name`, `email`, `usertype`) VALUES ('يوستينا اسامة جمال حنا ', '', 'الخريجين');
INSERT INTO `lk9v6_alumni_main` (`id`, `user_id`, `approved`) VALUES (236531, 236531, 1);
INSERT INTO `lk9v6_alumni_data` (`alumni_id`, `graduation_year`, `fid`, `job`, `address`, `city`, `country`, `phone`, `gid`, `mobile`, `nationalnumber`, `department`, `division`, `with_honor`) VALUES (236531, 2014, '23', '', '', '', '', '', '', '', '', 'التربية الفنية ', '', '');
INSERT INTO `lk9v6_users` (`name`, `email`, `usertype`) VALUES ('امنية محمد اشرف ابراهيم عبدالعليم ', '', 'الخريجين');
INSERT INTO `lk9v6_alumni_main` (`id`, `user_id`, `approved`) VALUES (236532, 236532, 1);
INSERT INTO `lk9v6_alumni_data` (`alumni_id`, `graduation_year`, `fid`, `job`, `address`, `city`, `country`, `phone`, `gid`, `mobile`, `nationalnumber`, `department`, `division`, `with_honor`) VALUES (236532, 2014, '23', '', '', '', '', '', '', '', '', 'التربية الفنية ', '', '');
INSERT INTO `lk9v6_users` (`name`, `email`, `usertype`) VALUES ('هدير محمد حسن اسماعيل ', '', 'الخريجين');
INSERT INTO `lk9v6_alumni_main` (`id`, `user_id`, `approved`) VALUES (236533, 236533, 1);
INSERT INTO `lk9v6_alumni_data` (`alumni_id`, `graduation_year`, `fid`, `job`, `address`, `city`, `country`, `phone`, `gid`, `mobile`, `nationalnumber`, `department`, `division`, `with_honor`) VALUES (236533, 2014, '23', '', '', '', '', '', '', '', '', 'التربية الفنية ', '', '');
INSERT INTO `lk9v6_users` (`name`, `email`, `usertype`) VALUES ('احمد محمد على عبدالمجيد', '', 'الخريجين');
INSERT INTO `lk9v6_alumni_main` (`id`, `user_id`, `approved`) VALUES (236534, 236534, 1);
INSERT INTO `lk9v6_alumni_data` (`alumni_id`, `graduation_year`, `fid`, `job`, `address`, `city`, `country`, `phone`, `gid`, `mobile`, `nationalnumber`, `department`, `division`, `with_honor`) VALUES (236534, 2014, '23', '', '', '', '', '', '', '', '', 'التربية الموسيقية ', '', '');
INSERT INTO `lk9v6_users` (`name`, `email`, `usertype`) VALUES ('الاء عبد النبي محمد خطاب', '', 'الخريجين');
INSERT INTO `lk9v6_alumni_main` (`id`, `user_id`, `approved`) VALUES (236535, 236535, 1);
INSERT INTO `lk9v6_alumni_data` (`alumni_id`, `graduation_year`, `fid`, `job`, `address`, `city`, `country`, `phone`, `gid`, `mobile`, `nationalnumber`, `department`, `division`, `with_honor`) VALUES (236535, 2014, '23', '', '', '', '', '', '', '', '', 'التربية الموسيقية ', '', '');
INSERT INTO `lk9v6_users` (`name`, `email`, `usertype`) VALUES ('اميرة محمد ابوالفتوح ابراهيم', '', 'الخريجين');
INSERT INTO `lk9v6_alumni_main` (`id`, `user_id`, `approved`) VALUES (236536, 236536, 1);
INSERT INTO `lk9v6_alumni_data` (`alumni_id`, `graduation_year`, `fid`, `job`, `address`, `city`, `country`, `phone`, `gid`, `mobile`, `nationalnumber`, `department`, `division`, `with_honor`) VALUES (236536, 2014, '23', '', '', '', '', '', '', '', '', 'التربية الموسيقية ', '', '');
INSERT INTO `lk9v6_users` (`name`, `email`, `usertype`) VALUES ('بسمة علاء السيد محمد عمار ', '', 'الخريجين');
INSERT INTO `lk9v6_alumni_main` (`id`, `user_id`, `approved`) VALUES (236537, 236537, 1);
INSERT INTO `lk9v6_alumni_data` (`alumni_id`, `graduation_year`, `fid`, `job`, `address`, `city`, `country`, `phone`, `gid`, `mobile`, `nationalnumber`, `department`, `division`, `with_honor`) VALUES (236537, 2014, '23', '', '', '', '', '', '', '', '', 'التربية الموسيقية ', '', '');
INSERT INTO `lk9v6_users` (`name`, `email`, `usertype`) VALUES ('سامح رفيق ابراهيم محمد صقر', '', 'الخريجين');
INSERT INTO `lk9v6_alumni_main` (`id`, `user_id`, `approved`) VALUES (236538, 236538, 1);
INSERT INTO `lk9v6_alumni_data` (`alumni_id`, `graduation_year`, `fid`, `job`, `address`, `city`, `country`, `phone`, `gid`, `mobile`, `nationalnumber`, `department`, `division`, `with_honor`) VALUES (236538, 2014, '23', '', '', '', '', '', '', '', '', 'التربية الموسيقية ', '', '');
INSERT INTO `lk9v6_users` (`name`, `email`, `usertype`) VALUES ('مايكل حبيب رزق فهيم ', '', 'الخريجين');
INSERT INTO `lk9v6_alumni_main` (`id`, `user_id`, `approved`) VALUES (236539, 236539, 1);
INSERT INTO `lk9v6_alumni_data` (`alumni_id`, `graduation_year`, `fid`, `job`, `address`, `city`, `country`, `phone`, `gid`, `mobile`, `nationalnumber`, `department`, `division`, `with_honor`) VALUES (236539, 2014, '23', '', '', '', '', '', '', '', '', 'التربية الموسيقية ', '', '');
INSERT INTO `lk9v6_users` (`name`, `email`, `usertype`) VALUES ('مروة رجب ابراهيم رجب عوض', '', 'الخريجين');
INSERT INTO `lk9v6_alumni_main` (`id`, `user_id`, `approved`) VALUES (236540, 236540, 1);
INSERT INTO `lk9v6_alumni_data` (`alumni_id`, `graduation_year`, `fid`, `job`, `address`, `city`, `country`, `phone`, `gid`, `mobile`, `nationalnumber`, `department`, `division`, `with_honor`) VALUES (236540, 2014, '23', '', '', '', '', '', '', '', '', 'التربية الموسيقية ', '', '');
INSERT INTO `lk9v6_users` (`name`, `email`, `usertype`) VALUES ('مونيكا زهير زكى عبدالله', '', 'الخريجين');
INSERT INTO `lk9v6_alumni_main` (`id`, `user_id`, `approved`) VALUES (236541, 236541, 1);
INSERT INTO `lk9v6_alumni_data` (`alumni_id`, `graduation_year`, `fid`, `job`, `address`, `city`, `country`, `phone`, `gid`, `mobile`, `nationalnumber`, `department`, `division`, `with_honor`) VALUES (236541, 2014, '23', '', '', '', '', '', '', '', '', 'التربية الموسيقية ', '', '');
INSERT INTO `lk9v6_users` (`name`, `email`, `usertype`) VALUES ('اسماء خالد شفيق عبدالسميع عبدالله ', '', 'الخريجين');
INSERT INTO `lk9v6_alumni_main` (`id`, `user_id`, `approved`) VALUES (236542, 236542, 1);
INSERT INTO `lk9v6_alumni_data` (`alumni_id`, `graduation_year`, `fid`, `job`, `address`, `city`, `country`, `phone`, `gid`, `mobile`, `nationalnumber`, `department`, `division`, `with_honor`) VALUES (236542, 2015, '23', '', '', '', '', '', '', '', '', 'الاقتصاد المنزلى ', '', '');
INSERT INTO `lk9v6_users` (`name`, `email`, `usertype`) VALUES ('مريم احمد على عبدالقادر احمد ', '', 'الخريجين');
INSERT INTO `lk9v6_alumni_main` (`id`, `user_id`, `approved`) VALUES (236543, 236543, 1);
INSERT INTO `lk9v6_alumni_data` (`alumni_id`, `graduation_year`, `fid`, `job`, `address`, `city`, `country`, `phone`, `gid`, `mobile`, `nationalnumber`, `department`, `division`, `with_honor`) VALUES (236543, 2015, '23', '', '', '', '', '', '', '', '', 'الاقتصاد المنزلى ', '', '');
INSERT INTO `lk9v6_users` (`name`, `email`, `usertype`) VALUES ('امل محمد محمد حماده ', '', 'الخريجين');
INSERT INTO `lk9v6_alumni_main` (`id`, `user_id`, `approved`) VALUES (236544, 236544, 1);
INSERT INTO `lk9v6_alumni_data` (`alumni_id`, `graduation_year`, `fid`, `job`, `address`, `city`, `country`, `phone`, `gid`, `mobile`, `nationalnumber`, `department`, `division`, `with_honor`) VALUES (236544, 2015, '23', '', '', '', '', '', '', '', '', 'الاقتصاد المنزلى ', '', '');
INSERT INTO `lk9v6_users` (`name`, `email`, `usertype`) VALUES ('ايمان طارق فرج عبدالغنى محمود ', '', 'الخريجين');
INSERT INTO `lk9v6_alumni_main` (`id`, `user_id`, `approved`) VALUES (236545, 236545, 1);
INSERT INTO `lk9v6_alumni_data` (`alumni_id`, `graduation_year`, `fid`, `job`, `address`, `city`, `country`, `phone`, `gid`, `mobile`, `nationalnumber`, `department`, `division`, `with_honor`) VALUES (236545, 2015, '23', '', '', '', '', '', '', '', '', 'الاقتصاد المنزلى ', '', '');
INSERT INTO `lk9v6_users` (`name`, `email`, `usertype`) VALUES ('سلمى محمد هانئ سعد محمد قبلان ', '', 'الخريجين');
INSERT INTO `lk9v6_alumni_main` (`id`, `user_id`, `approved`) VALUES (236546, 236546, 1);
INSERT INTO `lk9v6_alumni_data` (`alumni_id`, `graduation_year`, `fid`, `job`, `address`, `city`, `country`, `phone`, `gid`, `mobile`, `nationalnumber`, `department`, `division`, `with_honor`) VALUES (236546, 2015, '23', '', '', '', '', '', '', '', '', 'الاقتصاد المنزلى ', '', '');
INSERT INTO `lk9v6_users` (`name`, `email`, `usertype`) VALUES ('ايه سعيد بدوى السيد عمار', '', 'الخريجين');
INSERT INTO `lk9v6_alumni_main` (`id`, `user_id`, `approved`) VALUES (236547, 236547, 1);
INSERT INTO `lk9v6_alumni_data` (`alumni_id`, `graduation_year`, `fid`, `job`, `address`, `city`, `country`, `phone`, `gid`, `mobile`, `nationalnumber`, `department`, `division`, `with_honor`) VALUES (236547, 2015, '23', '', '', '', '', '', '', '', '', 'الاقتصاد المنزلى ', '', '');
INSERT INTO `lk9v6_users` (`name`, `email`, `usertype`) VALUES ('علياء محمود محفوظ احمد العليمى ', '', 'الخريجين');
INSERT INTO `lk9v6_alumni_main` (`id`, `user_id`, `approved`) VALUES (236548, 236548, 1);
INSERT INTO `lk9v6_alumni_data` (`alumni_id`, `graduation_year`, `fid`, `job`, `address`, `city`, `country`, `phone`, `gid`, `mobile`, `nationalnumber`, `department`, `division`, `with_honor`) VALUES (236548, 2015, '23', '', '', '', '', '', '', '', '', 'الاقتصاد المنزلى ', '', '');
INSERT INTO `lk9v6_users` (`name`, `email`, `usertype`) VALUES ('عبير سمير محروس سعد حسان ', '', 'الخريجين');
INSERT INTO `lk9v6_alumni_main` (`id`, `user_id`, `approved`) VALUES (236549, 236549, 1);
INSERT INTO `lk9v6_alumni_data` (`alumni_id`, `graduation_year`, `fid`, `job`, `address`, `city`, `country`, `phone`, `gid`, `mobile`, `nationalnumber`, `department`, `division`, `with_honor`) VALUES (236549, 2015, '23', '', '', '', '', '', '', '', '', 'الاقتصاد المنزلى ', '', '');
INSERT INTO `lk9v6_users` (`name`, `email`, `usertype`) VALUES ('سارة سمير عبدالمقصود عبدالرحمن ', '', 'الخريجين');
INSERT INTO `lk9v6_alumni_main` (`id`, `user_id`, `approved`) VALUES (236550, 236550, 1);
INSERT INTO `lk9v6_alumni_data` (`alumni_id`, `graduation_year`, `fid`, `job`, `address`, `city`, `country`, `phone`, `gid`, `mobile`, `nationalnumber`, `department`, `division`, `with_honor`) VALUES (236550, 2015, '23', '', '', '', '', '', '', '', '', 'الاقتصاد المنزلى ', '', '');
INSERT INTO `lk9v6_users` (`name`, `email`, `usertype`) VALUES ('فاتن محمدعبدالستار زعير', '', 'الخريجين');
INSERT INTO `lk9v6_alumni_main` (`id`, `user_id`, `approved`) VALUES (236551, 236551, 1);
INSERT INTO `lk9v6_alumni_data` (`alumni_id`, `graduation_year`, `fid`, `job`, `address`, `city`, `country`, `phone`, `gid`, `mobile`, `nationalnumber`, `department`, `division`, `with_honor`) VALUES (236551, 2015, '23', '', '', '', '', '', '', '', '', 'الاقتصاد المنزلى ', '', '');
INSERT INTO `lk9v6_users` (`name`, `email`, `usertype`) VALUES ('دعاء ابوزيد عوض ابوزيد محمد ', '', 'الخريجين');
INSERT INTO `lk9v6_alumni_main` (`id`, `user_id`, `approved`) VALUES (236552, 236552, 1);
INSERT INTO `lk9v6_alumni_data` (`alumni_id`, `graduation_year`, `fid`, `job`, `address`, `city`, `country`, `phone`, `gid`, `mobile`, `nationalnumber`, `department`, `division`, `with_honor`) VALUES (236552, 2015, '23', '', '', '', '', '', '', '', '', 'الاقتصاد المنزلى ', '', '');
INSERT INTO `lk9v6_users` (`name`, `email`, `usertype`) VALUES ('خلود صبحى امين فيصل ', '', 'الخريجين');
INSERT INTO `lk9v6_alumni_main` (`id`, `user_id`, `approved`) VALUES (236553, 236553, 1);
INSERT INTO `lk9v6_alumni_data` (`alumni_id`, `graduation_year`, `fid`, `job`, `address`, `city`, `country`, `phone`, `gid`, `mobile`, `nationalnumber`, `department`, `division`, `with_honor`) VALUES (236553, 2015, '23', '', '', '', '', '', '', '', '', 'الاقتصاد المنزلى ', '', '');
INSERT INTO `lk9v6_users` (`name`, `email`, `usertype`) VALUES ('ايمان احمد عبدالسلام حسن قرقر', '', 'الخريجين');
INSERT INTO `lk9v6_alumni_main` (`id`, `user_id`, `approved`) VALUES (236554, 236554, 1);
INSERT INTO `lk9v6_alumni_data` (`alumni_id`, `graduation_year`, `fid`, `job`, `address`, `city`, `country`, `phone`, `gid`, `mobile`, `nationalnumber`, `department`, `division`, `with_honor`) VALUES (236554, 2015, '23', '', '', '', '', '', '', '', '', 'الاقتصاد المنزلى ', '', '');
INSERT INTO `lk9v6_users` (`name`, `email`, `usertype`) VALUES ('ايمان محمد فرج عبدالغنى محمود ', '', 'الخريجين');
INSERT INTO `lk9v6_alumni_main` (`id`, `user_id`, `approved`) VALUES (236555, 236555, 1);
INSERT INTO `lk9v6_alumni_data` (`alumni_id`, `graduation_year`, `fid`, `job`, `address`, `city`, `country`, `phone`, `gid`, `mobile`, `nationalnumber`, `department`, `division`, `with_honor`) VALUES (236555, 2015, '23', '', '', '', '', '', '', '', '', 'الاقتصاد المنزلى ', '', '');
INSERT INTO `lk9v6_users` (`name`, `email`, `usertype`) VALUES ('ايمان لطفى محمد محمد هواش ', '', 'الخريجين');
INSERT INTO `lk9v6_alumni_main` (`id`, `user_id`, `approved`) VALUES (236556, 236556, 1);
INSERT INTO `lk9v6_alumni_data` (`alumni_id`, `graduation_year`, `fid`, `job`, `address`, `city`, `country`, `phone`, `gid`, `mobile`, `nationalnumber`, `department`, `division`, `with_honor`) VALUES (236556, 2015, '23', '', '', '', '', '', '', '', '', 'الاقتصاد المنزلى ', '', '');
INSERT INTO `lk9v6_users` (`name`, `email`, `usertype`) VALUES ('اسماء سعد عبدالفتاح عبدالله ', '', 'الخريجين');
INSERT INTO `lk9v6_alumni_main` (`id`, `user_id`, `approved`) VALUES (236557, 236557, 1);
INSERT INTO `lk9v6_alumni_data` (`alumni_id`, `graduation_year`, `fid`, `job`, `address`, `city`, `country`, `phone`, `gid`, `mobile`, `nationalnumber`, `department`, `division`, `with_honor`) VALUES (236557, 2015, '23', '', '', '', '', '', '', '', '', 'الاقتصاد المنزلى ', '', '');
INSERT INTO `lk9v6_users` (`name`, `email`, `usertype`) VALUES ('ايمان على محمد خنيزى داود', '', 'الخريجين');
INSERT INTO `lk9v6_alumni_main` (`id`, `user_id`, `approved`) VALUES (236558, 236558, 1);
INSERT INTO `lk9v6_alumni_data` (`alumni_id`, `graduation_year`, `fid`, `job`, `address`, `city`, `country`, `phone`, `gid`, `mobile`, `nationalnumber`, `department`, `division`, `with_honor`) VALUES (236558, 2015, '23', '', '', '', '', '', '', '', '', 'الاقتصاد المنزلى ', '', '');
INSERT INTO `lk9v6_users` (`name`, `email`, `usertype`) VALUES ('الهام طاهر فوزى عبداللطيف بدر', '', 'الخريجين');
INSERT INTO `lk9v6_alumni_main` (`id`, `user_id`, `approved`) VALUES (236559, 236559, 1);
INSERT INTO `lk9v6_alumni_data` (`alumni_id`, `graduation_year`, `fid`, `job`, `address`, `city`, `country`, `phone`, `gid`, `mobile`, `nationalnumber`, `department`, `division`, `with_honor`) VALUES (236559, 2015, '23', '', '', '', '', '', '', '', '', 'الاقتصاد المنزلى ', '', '');
INSERT INTO `lk9v6_users` (`name`, `email`, `usertype`) VALUES ('منار محمد عبدالحميد محمد حداد', '', 'الخريجين');
INSERT INTO `lk9v6_alumni_main` (`id`, `user_id`, `approved`) VALUES (236560, 236560, 1);
INSERT INTO `lk9v6_alumni_data` (`alumni_id`, `graduation_year`, `fid`, `job`, `address`, `city`, `country`, `phone`, `gid`, `mobile`, `nationalnumber`, `department`, `division`, `with_honor`) VALUES (236560, 2015, '23', '', '', '', '', '', '', '', '', 'الاقتصاد المنزلى ', '', '');
INSERT INTO `lk9v6_users` (`name`, `email`, `usertype`) VALUES ('نهال طارق عبدالمطلب عمر', '', 'الخريجين');
INSERT INTO `lk9v6_alumni_main` (`id`, `user_id`, `approved`) VALUES (236561, 236561, 1);
INSERT INTO `lk9v6_alumni_data` (`alumni_id`, `graduation_year`, `fid`, `job`, `address`, `city`, `country`, `phone`, `gid`, `mobile`, `nationalnumber`, `department`, `division`, `with_honor`) VALUES (236561, 2015, '23', '', '', '', '', '', '', '', '', 'الاقتصاد المنزلى ', '', '');
INSERT INTO `lk9v6_users` (`name`, `email`, `usertype`) VALUES ('فاطمة الزهراء السيد محمد سليم', '', 'الخريجين');
INSERT INTO `lk9v6_alumni_main` (`id`, `user_id`, `approved`) VALUES (236562, 236562, 1);
INSERT INTO `lk9v6_alumni_data` (`alumni_id`, `graduation_year`, `fid`, `job`, `address`, `city`, `country`, `phone`, `gid`, `mobile`, `nationalnumber`, `department`, `division`, `with_honor`) VALUES (236562, 2015, '23', '', '', '', '', '', '', '', '', 'التربية الموسيقية ', '', '');
INSERT INTO `lk9v6_users` (`name`, `email`, `usertype`) VALUES ('شيماء ماهر على مكاوى', '', 'الخريجين');
INSERT INTO `lk9v6_alumni_main` (`id`, `user_id`, `approved`) VALUES (236563, 236563, 1);
INSERT INTO `lk9v6_alumni_data` (`alumni_id`, `graduation_year`, `fid`, `job`, `address`, `city`, `country`, `phone`, `gid`, `mobile`, `nationalnumber`, `department`, `division`, `with_honor`) VALUES (236563, 2015, '23', '', '', '', '', '', '', '', '', 'التربية الموسيقية ', '', '');
INSERT INTO `lk9v6_users` (`name`, `email`, `usertype`) VALUES ('فيفيان فايز ايوب مسعد ', '', 'الخريجين');
INSERT INTO `lk9v6_alumni_main` (`id`, `user_id`, `approved`) VALUES (236564, 236564, 1);
INSERT INTO `lk9v6_alumni_data` (`alumni_id`, `graduation_year`, `fid`, `job`, `address`, `city`, `country`, `phone`, `gid`, `mobile`, `nationalnumber`, `department`, `division`, `with_honor`) VALUES (236564, 2015, '23', '', '', '', '', '', '', '', '', 'التربية الموسيقية ', '', '');
INSERT INTO `lk9v6_users` (`name`, `email`, `usertype`) VALUES ('انجى جميل نعيم جميل رزق الله ', '', 'الخريجين');
INSERT INTO `lk9v6_alumni_main` (`id`, `user_id`, `approved`) VALUES (236565, 236565, 1);
INSERT INTO `lk9v6_alumni_data` (`alumni_id`, `graduation_year`, `fid`, `job`, `address`, `city`, `country`, `phone`, `gid`, `mobile`, `nationalnumber`, `department`, `division`, `with_honor`) VALUES (236565, 2015, '23', '', '', '', '', '', '', '', '', 'التربية الموسيقية ', '', '');
INSERT INTO `lk9v6_users` (`name`, `email`, `usertype`) VALUES ('احمد جابر السيد محمد عبدالله', '', 'الخريجين');
INSERT INTO `lk9v6_alumni_main` (`id`, `user_id`, `approved`) VALUES (236566, 236566, 1);
INSERT INTO `lk9v6_alumni_data` (`alumni_id`, `graduation_year`, `fid`, `job`, `address`, `city`, `country`, `phone`, `gid`, `mobile`, `nationalnumber`, `department`, `division`, `with_honor`) VALUES (236566, 2015, '23', '', '', '', '', '', '', '', '', 'التربية الموسيقية ', '', '');
INSERT INTO `lk9v6_users` (`name`, `email`, `usertype`) VALUES ('نرمين كمال محمد سالم غنيم ', '', 'الخريجين');
INSERT INTO `lk9v6_alumni_main` (`id`, `user_id`, `approved`) VALUES (236567, 236567, 1);
INSERT INTO `lk9v6_alumni_data` (`alumni_id`, `graduation_year`, `fid`, `job`, `address`, `city`, `country`, `phone`, `gid`, `mobile`, `nationalnumber`, `department`, `division`, `with_honor`) VALUES (236567, 2015, '23', '', '', '', '', '', '', '', '', 'التربية الموسيقية ', '', '');
INSERT INTO `lk9v6_users` (`name`, `email`, `usertype`) VALUES ('انجى محمد محمود محمد طعمة ', '', 'الخريجين');
INSERT INTO `lk9v6_alumni_main` (`id`, `user_id`, `approved`) VALUES (236568, 236568, 1);
INSERT INTO `lk9v6_alumni_data` (`alumni_id`, `graduation_year`, `fid`, `job`, `address`, `city`, `country`, `phone`, `gid`, `mobile`, `nationalnumber`, `department`, `division`, `with_honor`) VALUES (236568, 2015, '23', '', '', '', '', '', '', '', '', 'التربية الموسيقية ', '', '');
INSERT INTO `lk9v6_users` (`name`, `email`, `usertype`) VALUES ('اسماء محمد على محمد خليل', '', 'الخريجين');
INSERT INTO `lk9v6_alumni_main` (`id`, `user_id`, `approved`) VALUES (236569, 236569, 1);
INSERT INTO `lk9v6_alumni_data` (`alumni_id`, `graduation_year`, `fid`, `job`, `address`, `city`, `country`, `phone`, `gid`, `mobile`, `nationalnumber`, `department`, `division`, `with_honor`) VALUES (236569, 2015, '23', '', '', '', '', '', '', '', '', 'التربية الموسيقية ', '', '');
INSERT INTO `lk9v6_users` (`name`, `email`, `usertype`) VALUES ('جهاد مجدى الماظ محمد الماظ', '', 'الخريجين');
INSERT INTO `lk9v6_alumni_main` (`id`, `user_id`, `approved`) VALUES (236570, 236570, 1);
INSERT INTO `lk9v6_alumni_data` (`alumni_id`, `graduation_year`, `fid`, `job`, `address`, `city`, `country`, `phone`, `gid`, `mobile`, `nationalnumber`, `department`, `division`, `with_honor`) VALUES (236570, 2015, '23', '', '', '', '', '', '', '', '', 'التربية الموسيقية ', '', '');
INSERT INTO `lk9v6_users` (`name`, `email`, `usertype`) VALUES ('يارا مجدى شوقى عبده جرجس', '', 'الخريجين');
INSERT INTO `lk9v6_alumni_main` (`id`, `user_id`, `approved`) VALUES (236571, 236571, 1);
INSERT INTO `lk9v6_alumni_data` (`alumni_id`, `graduation_year`, `fid`, `job`, `address`, `city`, `country`, `phone`, `gid`, `mobile`, `nationalnumber`, `department`, `division`, `with_honor`) VALUES (236571, 2015, '23', '', '', '', '', '', '', '', '', 'التربية الموسيقية ', '', '');
INSERT INTO `lk9v6_users` (`name`, `email`, `usertype`) VALUES ('بسنت شعبان محمد الشافعى على صبح', '', 'الخريجين');
INSERT INTO `lk9v6_alumni_main` (`id`, `user_id`, `approved`) VALUES (236572, 236572, 1);
INSERT INTO `lk9v6_alumni_data` (`alumni_id`, `graduation_year`, `fid`, `job`, `address`, `city`, `country`, `phone`, `gid`, `mobile`, `nationalnumber`, `department`, `division`, `with_honor`) VALUES (236572, 2015, '23', '', '', '', '', '', '', '', '', 'التربية الموسيقية ', '', '');
INSERT INTO `lk9v6_users` (`name`, `email`, `usertype`) VALUES ('كارولين زكى توفيق زكى صليب', '', 'الخريجين');
INSERT INTO `lk9v6_alumni_main` (`id`, `user_id`, `approved`) VALUES (236573, 236573, 1);
INSERT INTO `lk9v6_alumni_data` (`alumni_id`, `graduation_year`, `fid`, `job`, `address`, `city`, `country`, `phone`, `gid`, `mobile`, `nationalnumber`, `department`, `division`, `with_honor`) VALUES (236573, 2015, '23', '', '', '', '', '', '', '', '', 'التربية الموسيقية ', '', '');
INSERT INTO `lk9v6_users` (`name`, `email`, `usertype`) VALUES ('ياسمين مصطفى عبدالحميد محمد سخاوى ', '', 'الخريجين');
INSERT INTO `lk9v6_alumni_main` (`id`, `user_id`, `approved`) VALUES (236574, 236574, 1);
INSERT INTO `lk9v6_alumni_data` (`alumni_id`, `graduation_year`, `fid`, `job`, `address`, `city`, `country`, `phone`, `gid`, `mobile`, `nationalnumber`, `department`, `division`, `with_honor`) VALUES (236574, 2015, '23', '', '', '', '', '', '', '', '', 'التربية الموسيقية ', '', '');
INSERT INTO `lk9v6_users` (`name`, `email`, `usertype`) VALUES ('اسماء السيد محمد محمود حمزه ', '', 'الخريجين');
INSERT INTO `lk9v6_alumni_main` (`id`, `user_id`, `approved`) VALUES (236575, 236575, 1);
INSERT INTO `lk9v6_alumni_data` (`alumni_id`, `graduation_year`, `fid`, `job`, `address`, `city`, `country`, `phone`, `gid`, `mobile`, `nationalnumber`, `department`, `division`, `with_honor`) VALUES (236575, 2015, '23', '', '', '', '', '', '', '', '', 'التربية الموسيقية ', '', '');
INSERT INTO `lk9v6_users` (`name`, `email`, `usertype`) VALUES ('مارسيل حلمى لطفى غطاس جرجس', '', 'الخريجين');
INSERT INTO `lk9v6_alumni_main` (`id`, `user_id`, `approved`) VALUES (236576, 236576, 1);
INSERT INTO `lk9v6_alumni_data` (`alumni_id`, `graduation_year`, `fid`, `job`, `address`, `city`, `country`, `phone`, `gid`, `mobile`, `nationalnumber`, `department`, `division`, `with_honor`) VALUES (236576, 2015, '23', '', '', '', '', '', '', '', '', 'التربية الموسيقية ', '', '');
INSERT INTO `lk9v6_users` (`name`, `email`, `usertype`) VALUES ('سارة خالد السيد حسين منصور', '', 'الخريجين');
INSERT INTO `lk9v6_alumni_main` (`id`, `user_id`, `approved`) VALUES (236577, 236577, 1);
INSERT INTO `lk9v6_alumni_data` (`alumni_id`, `graduation_year`, `fid`, `job`, `address`, `city`, `country`, `phone`, `gid`, `mobile`, `nationalnumber`, `department`, `division`, `with_honor`) VALUES (236577, 2015, '23', '', '', '', '', '', '', '', '', 'التربية الموسيقية ', '', '');
INSERT INTO `lk9v6_users` (`name`, `email`, `usertype`) VALUES ('ايناس محمد عبدالمنعم احمد الهنداوى ', '', 'الخريجين');
INSERT INTO `lk9v6_alumni_main` (`id`, `user_id`, `approved`) VALUES (236578, 236578, 1);
INSERT INTO `lk9v6_alumni_data` (`alumni_id`, `graduation_year`, `fid`, `job`, `address`, `city`, `country`, `phone`, `gid`, `mobile`, `nationalnumber`, `department`, `division`, `with_honor`) VALUES (236578, 2015, '23', '', '', '', '', '', '', '', '', 'التربية الموسيقية ', '', '');
INSERT INTO `lk9v6_users` (`name`, `email`, `usertype`) VALUES ('مريم احمد فتحى السيد غنيم ', '', 'الخريجين');
INSERT INTO `lk9v6_alumni_main` (`id`, `user_id`, `approved`) VALUES (236579, 236579, 1);
INSERT INTO `lk9v6_alumni_data` (`alumni_id`, `graduation_year`, `fid`, `job`, `address`, `city`, `country`, `phone`, `gid`, `mobile`, `nationalnumber`, `department`, `division`, `with_honor`) VALUES (236579, 2015, '23', '', '', '', '', '', '', '', '', 'التربية الموسيقية ', '', '');
INSERT INTO `lk9v6_users` (`name`, `email`, `usertype`) VALUES ('حورية حسن ابراهيم ابوشال', '', 'الخريجين');
INSERT INTO `lk9v6_alumni_main` (`id`, `user_id`, `approved`) VALUES (236580, 236580, 1);
INSERT INTO `lk9v6_alumni_data` (`alumni_id`, `graduation_year`, `fid`, `job`, `address`, `city`, `country`, `phone`, `gid`, `mobile`, `nationalnumber`, `department`, `division`, `with_honor`) VALUES (236580, 2015, '23', '', '', '', '', '', '', '', '', 'التربية الموسيقية ', '', '');
INSERT INTO `lk9v6_users` (`name`, `email`, `usertype`) VALUES ('سعاد عبدالرحمن احمد السيد مصطفى', '', 'الخريجين');
INSERT INTO `lk9v6_alumni_main` (`id`, `user_id`, `approved`) VALUES (236581, 236581, 1);
INSERT INTO `lk9v6_alumni_data` (`alumni_id`, `graduation_year`, `fid`, `job`, `address`, `city`, `country`, `phone`, `gid`, `mobile`, `nationalnumber`, `department`, `division`, `with_honor`) VALUES (236581, 2015, '23', '', '', '', '', '', '', '', '', 'التربية الموسيقية ', '', '');
INSERT INTO `lk9v6_users` (`name`, `email`, `usertype`) VALUES ('مارينا ثروت تادروس سليمان ', '', 'الخريجين');
INSERT INTO `lk9v6_alumni_main` (`id`, `user_id`, `approved`) VALUES (236582, 236582, 1);
INSERT INTO `lk9v6_alumni_data` (`alumni_id`, `graduation_year`, `fid`, `job`, `address`, `city`, `country`, `phone`, `gid`, `mobile`, `nationalnumber`, `department`, `division`, `with_honor`) VALUES (236582, 2015, '23', '', '', '', '', '', '', '', '', 'التربية الموسيقية ', '', '');
INSERT INTO `lk9v6_users` (`name`, `email`, `usertype`) VALUES ('هند محمد عبدالعزيز محمد دسوقى', '', 'الخريجين');
INSERT INTO `lk9v6_alumni_main` (`id`, `user_id`, `approved`) VALUES (236583, 236583, 1);
INSERT INTO `lk9v6_alumni_data` (`alumni_id`, `graduation_year`, `fid`, `job`, `address`, `city`, `country`, `phone`, `gid`, `mobile`, `nationalnumber`, `department`, `division`, `with_honor`) VALUES (236583, 2015, '23', '', '', '', '', '', '', '', '', 'التربية الموسيقية ', '', '');
INSERT INTO `lk9v6_users` (`name`, `email`, `usertype`) VALUES ('يسرا احمد احمد محمد حلبة ', '', 'الخريجين');
INSERT INTO `lk9v6_alumni_main` (`id`, `user_id`, `approved`) VALUES (236584, 236584, 1);
INSERT INTO `lk9v6_alumni_data` (`alumni_id`, `graduation_year`, `fid`, `job`, `address`, `city`, `country`, `phone`, `gid`, `mobile`, `nationalnumber`, `department`, `division`, `with_honor`) VALUES (236584, 2015, '23', '', '', '', '', '', '', '', '', 'التربية الموسيقية ', '', '');
INSERT INTO `lk9v6_users` (`name`, `email`, `usertype`) VALUES ('ميرنا عوض انور صبحى عوض برسوم ', '', 'الخريجين');
INSERT INTO `lk9v6_alumni_main` (`id`, `user_id`, `approved`) VALUES (236585, 236585, 1);
INSERT INTO `lk9v6_alumni_data` (`alumni_id`, `graduation_year`, `fid`, `job`, `address`, `city`, `country`, `phone`, `gid`, `mobile`, `nationalnumber`, `department`, `division`, `with_honor`) VALUES (236585, 2015, '23', '', '', '', '', '', '', '', '', 'التربية الموسيقية ', '', '');
INSERT INTO `lk9v6_users` (`name`, `email`, `usertype`) VALUES ('فيفيان وليم بخيت قديس', '', 'الخريجين');
INSERT INTO `lk9v6_alumni_main` (`id`, `user_id`, `approved`) VALUES (236586, 236586, 1);
INSERT INTO `lk9v6_alumni_data` (`alumni_id`, `graduation_year`, `fid`, `job`, `address`, `city`, `country`, `phone`, `gid`, `mobile`, `nationalnumber`, `department`, `division`, `with_honor`) VALUES (236586, 2015, '23', '', '', '', '', '', '', '', '', 'التربية الموسيقية ', '', '');
INSERT INTO `lk9v6_users` (`name`, `email`, `usertype`) VALUES ('سولانج نصرى شفيق بسالى', '', 'الخريجين');
INSERT INTO `lk9v6_alumni_main` (`id`, `user_id`, `approved`) VALUES (236587, 236587, 1);
INSERT INTO `lk9v6_alumni_data` (`alumni_id`, `graduation_year`, `fid`, `job`, `address`, `city`, `country`, `phone`, `gid`, `mobile`, `nationalnumber`, `department`, `division`, `with_honor`) VALUES (236587, 2015, '23', '', '', '', '', '', '', '', '', 'التربية الموسيقية ', '', '');
INSERT INTO `lk9v6_users` (`name`, `email`, `usertype`) VALUES ('هبه احمد السيد زكى ', '', 'الخريجين');
INSERT INTO `lk9v6_alumni_main` (`id`, `user_id`, `approved`) VALUES (236588, 236588, 1);
INSERT INTO `lk9v6_alumni_data` (`alumni_id`, `graduation_year`, `fid`, `job`, `address`, `city`, `country`, `phone`, `gid`, `mobile`, `nationalnumber`, `department`, `division`, `with_honor`) VALUES (236588, 2015, '23', '', '', '', '', '', '', '', '', 'التربية الموسيقية ', '', '');
INSERT INTO `lk9v6_users` (`name`, `email`, `usertype`) VALUES ('مارينا غبريال زكى سمعان ', '', 'الخريجين');
INSERT INTO `lk9v6_alumni_main` (`id`, `user_id`, `approved`) VALUES (236589, 236589, 1);
INSERT INTO `lk9v6_alumni_data` (`alumni_id`, `graduation_year`, `fid`, `job`, `address`, `city`, `country`, `phone`, `gid`, `mobile`, `nationalnumber`, `department`, `division`, `with_honor`) VALUES (236589, 2015, '23', '', '', '', '', '', '', '', '', 'التربية الموسيقية ', '', '');
INSERT INTO `lk9v6_users` (`name`, `email`, `usertype`) VALUES ('الاء اشرف صلاح الدين توفيق عبدالرحمن ', '', 'الخريجين');
INSERT INTO `lk9v6_alumni_main` (`id`, `user_id`, `approved`) VALUES (236590, 236590, 1);
INSERT INTO `lk9v6_alumni_data` (`alumni_id`, `graduation_year`, `fid`, `job`, `address`, `city`, `country`, `phone`, `gid`, `mobile`, `nationalnumber`, `department`, `division`, `with_honor`) VALUES (236590, 2015, '23', '', '', '', '', '', '', '', '', 'التربية الموسيقية ', '', '');
INSERT INTO `lk9v6_users` (`name`, `email`, `usertype`) VALUES ('ريهام نصر الاسلام محمد احمد بدر', '', 'الخريجين');
INSERT INTO `lk9v6_alumni_main` (`id`, `user_id`, `approved`) VALUES (236591, 236591, 1);
INSERT INTO `lk9v6_alumni_data` (`alumni_id`, `graduation_year`, `fid`, `job`, `address`, `city`, `country`, `phone`, `gid`, `mobile`, `nationalnumber`, `department`, `division`, `with_honor`) VALUES (236591, 2015, '23', '', '', '', '', '', '', '', '', 'التربية الموسيقية ', '', '');
INSERT INTO `lk9v6_users` (`name`, `email`, `usertype`) VALUES ('سحر عاصم عبدالهادى خليفة ', '', 'الخريجين');
INSERT INTO `lk9v6_alumni_main` (`id`, `user_id`, `approved`) VALUES (236592, 236592, 1);
INSERT INTO `lk9v6_alumni_data` (`alumni_id`, `graduation_year`, `fid`, `job`, `address`, `city`, `country`, `phone`, `gid`, `mobile`, `nationalnumber`, `department`, `division`, `with_honor`) VALUES (236592, 2015, '23', '', '', '', '', '', '', '', '', 'التربية الموسيقية ', '', '');
INSERT INTO `lk9v6_users` (`name`, `email`, `usertype`) VALUES ('مايكل عاطف اسكندر جرجس', '', 'الخريجين');
INSERT INTO `lk9v6_alumni_main` (`id`, `user_id`, `approved`) VALUES (236593, 236593, 1);
INSERT INTO `lk9v6_alumni_data` (`alumni_id`, `graduation_year`, `fid`, `job`, `address`, `city`, `country`, `phone`, `gid`, `mobile`, `nationalnumber`, `department`, `division`, `with_honor`) VALUES (236593, 2015, '23', '', '', '', '', '', '', '', '', 'التربية الموسيقية ', '', '');
INSERT INTO `lk9v6_users` (`name`, `email`, `usertype`) VALUES ('فيفيان مجدى مشرقى حنا ', '', 'الخريجين');
INSERT INTO `lk9v6_alumni_main` (`id`, `user_id`, `approved`) VALUES (236594, 236594, 1);
INSERT INTO `lk9v6_alumni_data` (`alumni_id`, `graduation_year`, `fid`, `job`, `address`, `city`, `country`, `phone`, `gid`, `mobile`, `nationalnumber`, `department`, `division`, `with_honor`) VALUES (236594, 2015, '23', '', '', '', '', '', '', '', '', 'التربية الموسيقية ', '', '');
INSERT INTO `lk9v6_users` (`name`, `email`, `usertype`) VALUES ('امل جاد محمد على حربي', '', 'الخريجين');
INSERT INTO `lk9v6_alumni_main` (`id`, `user_id`, `approved`) VALUES (236595, 236595, 1);
INSERT INTO `lk9v6_alumni_data` (`alumni_id`, `graduation_year`, `fid`, `job`, `address`, `city`, `country`, `phone`, `gid`, `mobile`, `nationalnumber`, `department`, `division`, `with_honor`) VALUES (236595, 2015, '23', '', '', '', '', '', '', '', '', 'التربية الموسيقية ', '', '');
INSERT INTO `lk9v6_users` (`name`, `email`, `usertype`) VALUES ('بسنت محمد امين احمد امبابى', '', 'الخريجين');
INSERT INTO `lk9v6_alumni_main` (`id`, `user_id`, `approved`) VALUES (236596, 236596, 1);
INSERT INTO `lk9v6_alumni_data` (`alumni_id`, `graduation_year`, `fid`, `job`, `address`, `city`, `country`, `phone`, `gid`, `mobile`, `nationalnumber`, `department`, `division`, `with_honor`) VALUES (236596, 2015, '23', '', '', '', '', '', '', '', '', 'التربية الموسيقية ', '', '');
INSERT INTO `lk9v6_users` (`name`, `email`, `usertype`) VALUES ('محمد مرسي احمد مرسي احمد ', '', 'الخريجين');
INSERT INTO `lk9v6_alumni_main` (`id`, `user_id`, `approved`) VALUES (236597, 236597, 1);
INSERT INTO `lk9v6_alumni_data` (`alumni_id`, `graduation_year`, `fid`, `job`, `address`, `city`, `country`, `phone`, `gid`, `mobile`, `nationalnumber`, `department`, `division`, `with_honor`) VALUES (236597, 2015, '23', '', '', '', '', '', '', '', '', 'التربية الموسيقية ', '', '');
INSERT INTO `lk9v6_users` (`name`, `email`, `usertype`) VALUES ('اثار محمد فوزى المعداوى', '', 'الخريجين');
INSERT INTO `lk9v6_alumni_main` (`id`, `user_id`, `approved`) VALUES (236598, 236598, 1);
INSERT INTO `lk9v6_alumni_data` (`alumni_id`, `graduation_year`, `fid`, `job`, `address`, `city`, `country`, `phone`, `gid`, `mobile`, `nationalnumber`, `department`, `division`, `with_honor`) VALUES (236598, 2015, '23', '', '', '', '', '', '', '', '', 'التربية الفنية', '', '');
INSERT INTO `lk9v6_users` (`name`, `email`, `usertype`) VALUES ('احمد عياد ابراهيم مسعود موسي', '', 'الخريجين');
INSERT INTO `lk9v6_alumni_main` (`id`, `user_id`, `approved`) VALUES (236599, 236599, 1);
INSERT INTO `lk9v6_alumni_data` (`alumni_id`, `graduation_year`, `fid`, `job`, `address`, `city`, `country`, `phone`, `gid`, `mobile`, `nationalnumber`, `department`, `division`, `with_honor`) VALUES (236599, 2015, '23', '', '', '', '', '', '', '', '', 'التربية الفنية', '', '');
INSERT INTO `lk9v6_users` (`name`, `email`, `usertype`) VALUES ('اسراء حسن البنا سعد احمد جنيدى ', '', 'الخريجين');
INSERT INTO `lk9v6_alumni_main` (`id`, `user_id`, `approved`) VALUES (236600, 236600, 1);
INSERT INTO `lk9v6_alumni_data` (`alumni_id`, `graduation_year`, `fid`, `job`, `address`, `city`, `country`, `phone`, `gid`, `mobile`, `nationalnumber`, `department`, `division`, `with_honor`) VALUES (236600, 2015, '23', '', '', '', '', '', '', '', '', 'التربية الفنية', '', '');
INSERT INTO `lk9v6_users` (`name`, `email`, `usertype`) VALUES ('اسماء عادل عبدالمنعم القشيط ', '', 'الخريجين');
INSERT INTO `lk9v6_alumni_main` (`id`, `user_id`, `approved`) VALUES (236601, 236601, 1);
INSERT INTO `lk9v6_alumni_data` (`alumni_id`, `graduation_year`, `fid`, `job`, `address`, `city`, `country`, `phone`, `gid`, `mobile`, `nationalnumber`, `department`, `division`, `with_honor`) VALUES (236601, 2015, '23', '', '', '', '', '', '', '', '', 'التربية الفنية', '', '');
INSERT INTO `lk9v6_users` (`name`, `email`, `usertype`) VALUES ('الاء حمدى حافظ محمد الديب', '', 'الخريجين');
INSERT INTO `lk9v6_alumni_main` (`id`, `user_id`, `approved`) VALUES (236602, 236602, 1);
INSERT INTO `lk9v6_alumni_data` (`alumni_id`, `graduation_year`, `fid`, `job`, `address`, `city`, `country`, `phone`, `gid`, `mobile`, `nationalnumber`, `department`, `division`, `with_honor`) VALUES (236602, 2015, '23', '', '', '', '', '', '', '', '', 'التربية الفنية', '', '');
INSERT INTO `lk9v6_users` (`name`, `email`, `usertype`) VALUES ('الاء شحاتة محمد بسيونى الطناتى', '', 'الخريجين');
INSERT INTO `lk9v6_alumni_main` (`id`, `user_id`, `approved`) VALUES (236603, 236603, 1);
INSERT INTO `lk9v6_alumni_data` (`alumni_id`, `graduation_year`, `fid`, `job`, `address`, `city`, `country`, `phone`, `gid`, `mobile`, `nationalnumber`, `department`, `division`, `with_honor`) VALUES (236603, 2015, '23', '', '', '', '', '', '', '', '', 'التربية الفنية', '', '');
INSERT INTO `lk9v6_users` (`name`, `email`, `usertype`) VALUES ('الاريه وحيد فوزى جريس خليل', '', 'الخريجين');
INSERT INTO `lk9v6_alumni_main` (`id`, `user_id`, `approved`) VALUES (236604, 236604, 1);
INSERT INTO `lk9v6_alumni_data` (`alumni_id`, `graduation_year`, `fid`, `job`, `address`, `city`, `country`, `phone`, `gid`, `mobile`, `nationalnumber`, `department`, `division`, `with_honor`) VALUES (236604, 2015, '23', '', '', '', '', '', '', '', '', 'التربية الفنية', '', '');
INSERT INTO `lk9v6_users` (`name`, `email`, `usertype`) VALUES ('امل حسن حامد امين ', '', 'الخريجين');
INSERT INTO `lk9v6_alumni_main` (`id`, `user_id`, `approved`) VALUES (236605, 236605, 1);
INSERT INTO `lk9v6_alumni_data` (`alumni_id`, `graduation_year`, `fid`, `job`, `address`, `city`, `country`, `phone`, `gid`, `mobile`, `nationalnumber`, `department`, `division`, `with_honor`) VALUES (236605, 2015, '23', '', '', '', '', '', '', '', '', 'التربية الفنية', '', '');
INSERT INTO `lk9v6_users` (`name`, `email`, `usertype`) VALUES ('ايمان ايمن سعد على العراقى', '', 'الخريجين');
INSERT INTO `lk9v6_alumni_main` (`id`, `user_id`, `approved`) VALUES (236606, 236606, 1);
INSERT INTO `lk9v6_alumni_data` (`alumni_id`, `graduation_year`, `fid`, `job`, `address`, `city`, `country`, `phone`, `gid`, `mobile`, `nationalnumber`, `department`, `division`, `with_honor`) VALUES (236606, 2015, '23', '', '', '', '', '', '', '', '', 'التربية الفنية', '', '');
INSERT INTO `lk9v6_users` (`name`, `email`, `usertype`) VALUES ('جهاد محمد عبدالرحمن عنان ', '', 'الخريجين');
INSERT INTO `lk9v6_alumni_main` (`id`, `user_id`, `approved`) VALUES (236607, 236607, 1);
INSERT INTO `lk9v6_alumni_data` (`alumni_id`, `graduation_year`, `fid`, `job`, `address`, `city`, `country`, `phone`, `gid`, `mobile`, `nationalnumber`, `department`, `division`, `with_honor`) VALUES (236607, 2015, '23', '', '', '', '', '', '', '', '', 'التربية الفنية', '', '');
INSERT INTO `lk9v6_users` (`name`, `email`, `usertype`) VALUES ('خلود جمال عبدالواحد خير الدين الدناصورى ', '', 'الخريجين');
INSERT INTO `lk9v6_alumni_main` (`id`, `user_id`, `approved`) VALUES (236608, 236608, 1);
INSERT INTO `lk9v6_alumni_data` (`alumni_id`, `graduation_year`, `fid`, `job`, `address`, `city`, `country`, `phone`, `gid`, `mobile`, `nationalnumber`, `department`, `division`, `with_honor`) VALUES (236608, 2015, '23', '', '', '', '', '', '', '', '', 'التربية الفنية', '', '');
INSERT INTO `lk9v6_users` (`name`, `email`, `usertype`) VALUES ('داليا حسين السيد محمد اسماعيل', '', 'الخريجين');
INSERT INTO `lk9v6_alumni_main` (`id`, `user_id`, `approved`) VALUES (236609, 236609, 1);
INSERT INTO `lk9v6_alumni_data` (`alumni_id`, `graduation_year`, `fid`, `job`, `address`, `city`, `country`, `phone`, `gid`, `mobile`, `nationalnumber`, `department`, `division`, `with_honor`) VALUES (236609, 2015, '23', '', '', '', '', '', '', '', '', 'التربية الفنية', '', '');
INSERT INTO `lk9v6_users` (`name`, `email`, `usertype`) VALUES ('دينا السيد احمد موسي محمد', '', 'الخريجين');
INSERT INTO `lk9v6_alumni_main` (`id`, `user_id`, `approved`) VALUES (236610, 236610, 1);
INSERT INTO `lk9v6_alumni_data` (`alumni_id`, `graduation_year`, `fid`, `job`, `address`, `city`, `country`, `phone`, `gid`, `mobile`, `nationalnumber`, `department`, `division`, `with_honor`) VALUES (236610, 2015, '23', '', '', '', '', '', '', '', '', 'التربية الفنية', '', '');
INSERT INTO `lk9v6_users` (`name`, `email`, `usertype`) VALUES ('سهيلة محمد صبحى محمود البريدى ', '', 'الخريجين');
INSERT INTO `lk9v6_alumni_main` (`id`, `user_id`, `approved`) VALUES (236611, 236611, 1);
INSERT INTO `lk9v6_alumni_data` (`alumni_id`, `graduation_year`, `fid`, `job`, `address`, `city`, `country`, `phone`, `gid`, `mobile`, `nationalnumber`, `department`, `division`, `with_honor`) VALUES (236611, 2015, '23', '', '', '', '', '', '', '', '', 'التربية الفنية', '', '');
INSERT INTO `lk9v6_users` (`name`, `email`, `usertype`) VALUES ('علياء عصام الدين جمعة شعبان ', '', 'الخريجين');
INSERT INTO `lk9v6_alumni_main` (`id`, `user_id`, `approved`) VALUES (236612, 236612, 1);
INSERT INTO `lk9v6_alumni_data` (`alumni_id`, `graduation_year`, `fid`, `job`, `address`, `city`, `country`, `phone`, `gid`, `mobile`, `nationalnumber`, `department`, `division`, `with_honor`) VALUES (236612, 2015, '23', '', '', '', '', '', '', '', '', 'التربية الفنية', '', '');
INSERT INTO `lk9v6_users` (`name`, `email`, `usertype`) VALUES ('علياء مصطفى محمد حامد ', '', 'الخريجين');
INSERT INTO `lk9v6_alumni_main` (`id`, `user_id`, `approved`) VALUES (236613, 236613, 1);
INSERT INTO `lk9v6_alumni_data` (`alumni_id`, `graduation_year`, `fid`, `job`, `address`, `city`, `country`, `phone`, `gid`, `mobile`, `nationalnumber`, `department`, `division`, `with_honor`) VALUES (236613, 2015, '23', '', '', '', '', '', '', '', '', 'التربية الفنية', '', '');
INSERT INTO `lk9v6_users` (`name`, `email`, `usertype`) VALUES ('مريم عادل عبدالملاك غبريال خليل', '', 'الخريجين');
INSERT INTO `lk9v6_alumni_main` (`id`, `user_id`, `approved`) VALUES (236614, 236614, 1);
INSERT INTO `lk9v6_alumni_data` (`alumni_id`, `graduation_year`, `fid`, `job`, `address`, `city`, `country`, `phone`, `gid`, `mobile`, `nationalnumber`, `department`, `division`, `with_honor`) VALUES (236614, 2015, '23', '', '', '', '', '', '', '', '', 'التربية الفنية', '', '');
INSERT INTO `lk9v6_users` (`name`, `email`, `usertype`) VALUES ('مريم مصطفى مؤمن احمد حسن', '', 'الخريجين');
INSERT INTO `lk9v6_alumni_main` (`id`, `user_id`, `approved`) VALUES (236615, 236615, 1);
INSERT INTO `lk9v6_alumni_data` (`alumni_id`, `graduation_year`, `fid`, `job`, `address`, `city`, `country`, `phone`, `gid`, `mobile`, `nationalnumber`, `department`, `division`, `with_honor`) VALUES (236615, 2015, '23', '', '', '', '', '', '', '', '', 'التربية الفنية', '', '');
INSERT INTO `lk9v6_users` (`name`, `email`, `usertype`) VALUES ('هاجر ابراهيم حسن مرسي سليمان ', '', 'الخريجين');
INSERT INTO `lk9v6_alumni_main` (`id`, `user_id`, `approved`) VALUES (236616, 236616, 1);
INSERT INTO `lk9v6_alumni_data` (`alumni_id`, `graduation_year`, `fid`, `job`, `address`, `city`, `country`, `phone`, `gid`, `mobile`, `nationalnumber`, `department`, `division`, `with_honor`) VALUES (236616, 2015, '23', '', '', '', '', '', '', '', '', 'التربية الفنية', '', '');
INSERT INTO `lk9v6_users` (`name`, `email`, `usertype`) VALUES ('هاجر محمد هاشم ابراهيم ', '', 'الخريجين');
INSERT INTO `lk9v6_alumni_main` (`id`, `user_id`, `approved`) VALUES (236617, 236617, 1);
INSERT INTO `lk9v6_alumni_data` (`alumni_id`, `graduation_year`, `fid`, `job`, `address`, `city`, `country`, `phone`, `gid`, `mobile`, `nationalnumber`, `department`, `division`, `with_honor`) VALUES (236617, 2015, '23', '', '', '', '', '', '', '', '', 'التربية الفنية', '', '');
INSERT INTO `lk9v6_users` (`name`, `email`, `usertype`) VALUES ('هيام نظمى محمود سلطان', '', 'الخريجين');
INSERT INTO `lk9v6_alumni_main` (`id`, `user_id`, `approved`) VALUES (236618, 236618, 1);
INSERT INTO `lk9v6_alumni_data` (`alumni_id`, `graduation_year`, `fid`, `job`, `address`, `city`, `country`, `phone`, `gid`, `mobile`, `nationalnumber`, `department`, `division`, `with_honor`) VALUES (236618, 2015, '23', '', '', '', '', '', '', '', '', 'التربية الفنية', '', '');
INSERT INTO `lk9v6_users` (`name`, `email`, `usertype`) VALUES ('احمد عز العرب خليل سامى', '', 'الخريجين');
INSERT INTO `lk9v6_alumni_main` (`id`, `user_id`, `approved`) VALUES (236619, 236619, 1);
INSERT INTO `lk9v6_alumni_data` (`alumni_id`, `graduation_year`, `fid`, `job`, `address`, `city`, `country`, `phone`, `gid`, `mobile`, `nationalnumber`, `department`, `division`, `with_honor`) VALUES (236619, 2015, '23', '', '', '', '', '', '', '', '', 'التربية الفنية', '', '');
INSERT INTO `lk9v6_users` (`name`, `email`, `usertype`) VALUES ('احمد مصطفى العوضى مصطفى', '', 'الخريجين');
INSERT INTO `lk9v6_alumni_main` (`id`, `user_id`, `approved`) VALUES (236620, 236620, 1);
INSERT INTO `lk9v6_alumni_data` (`alumni_id`, `graduation_year`, `fid`, `job`, `address`, `city`, `country`, `phone`, `gid`, `mobile`, `nationalnumber`, `department`, `division`, `with_honor`) VALUES (236620, 2015, '23', '', '', '', '', '', '', '', '', 'التربية الفنية', '', '');
INSERT INTO `lk9v6_users` (`name`, `email`, `usertype`) VALUES ('اسراء ابراهيم احمد محمد البنا', '', 'الخريجين');
INSERT INTO `lk9v6_alumni_main` (`id`, `user_id`, `approved`) VALUES (236621, 236621, 1);
INSERT INTO `lk9v6_alumni_data` (`alumni_id`, `graduation_year`, `fid`, `job`, `address`, `city`, `country`, `phone`, `gid`, `mobile`, `nationalnumber`, `department`, `division`, `with_honor`) VALUES (236621, 2015, '23', '', '', '', '', '', '', '', '', 'التربية الفنية', '', '');
INSERT INTO `lk9v6_users` (`name`, `email`, `usertype`) VALUES ('اسراء احمد السيد احمد محمد ', '', 'الخريجين');
INSERT INTO `lk9v6_alumni_main` (`id`, `user_id`, `approved`) VALUES (236622, 236622, 1);
INSERT INTO `lk9v6_alumni_data` (`alumni_id`, `graduation_year`, `fid`, `job`, `address`, `city`, `country`, `phone`, `gid`, `mobile`, `nationalnumber`, `department`, `division`, `with_honor`) VALUES (236622, 2015, '23', '', '', '', '', '', '', '', '', 'التربية الفنية', '', '');
INSERT INTO `lk9v6_users` (`name`, `email`, `usertype`) VALUES ('اسراء احمد محمد فتحى يس صقر', '', 'الخريجين');
INSERT INTO `lk9v6_alumni_main` (`id`, `user_id`, `approved`) VALUES (236623, 236623, 1);
INSERT INTO `lk9v6_alumni_data` (`alumni_id`, `graduation_year`, `fid`, `job`, `address`, `city`, `country`, `phone`, `gid`, `mobile`, `nationalnumber`, `department`, `division`, `with_honor`) VALUES (236623, 2015, '23', '', '', '', '', '', '', '', '', 'التربية الفنية', '', '');
INSERT INTO `lk9v6_users` (`name`, `email`, `usertype`) VALUES ('اسراء رمضان بيومى على ابوعمارة', '', 'الخريجين');
INSERT INTO `lk9v6_alumni_main` (`id`, `user_id`, `approved`) VALUES (236624, 236624, 1);
INSERT INTO `lk9v6_alumni_data` (`alumni_id`, `graduation_year`, `fid`, `job`, `address`, `city`, `country`, `phone`, `gid`, `mobile`, `nationalnumber`, `department`, `division`, `with_honor`) VALUES (236624, 2015, '23', '', '', '', '', '', '', '', '', 'التربية الفنية', '', '');
INSERT INTO `lk9v6_users` (`name`, `email`, `usertype`) VALUES ('اسراء قاسم محمد محمد وهبه', '', 'الخريجين');
INSERT INTO `lk9v6_alumni_main` (`id`, `user_id`, `approved`) VALUES (236625, 236625, 1);
INSERT INTO `lk9v6_alumni_data` (`alumni_id`, `graduation_year`, `fid`, `job`, `address`, `city`, `country`, `phone`, `gid`, `mobile`, `nationalnumber`, `department`, `division`, `with_honor`) VALUES (236625, 2015, '23', '', '', '', '', '', '', '', '', 'التربية الفنية', '', '');
INSERT INTO `lk9v6_users` (`name`, `email`, `usertype`) VALUES ('اسراء كمال محمد عاشور ', '', 'الخريجين');
INSERT INTO `lk9v6_alumni_main` (`id`, `user_id`, `approved`) VALUES (236626, 236626, 1);
INSERT INTO `lk9v6_alumni_data` (`alumni_id`, `graduation_year`, `fid`, `job`, `address`, `city`, `country`, `phone`, `gid`, `mobile`, `nationalnumber`, `department`, `division`, `with_honor`) VALUES (236626, 2015, '23', '', '', '', '', '', '', '', '', 'التربية الفنية', '', '');
INSERT INTO `lk9v6_users` (`name`, `email`, `usertype`) VALUES ('اسراء محمد صابر محمد فرغلى', '', 'الخريجين');
INSERT INTO `lk9v6_alumni_main` (`id`, `user_id`, `approved`) VALUES (236627, 236627, 1);
INSERT INTO `lk9v6_alumni_data` (`alumni_id`, `graduation_year`, `fid`, `job`, `address`, `city`, `country`, `phone`, `gid`, `mobile`, `nationalnumber`, `department`, `division`, `with_honor`) VALUES (236627, 2015, '23', '', '', '', '', '', '', '', '', 'التربية الفنية', '', '');
INSERT INTO `lk9v6_users` (`name`, `email`, `usertype`) VALUES ('اسلام اشرف حسن عبدالفتاح', '', 'الخريجين');
INSERT INTO `lk9v6_alumni_main` (`id`, `user_id`, `approved`) VALUES (236628, 236628, 1);
INSERT INTO `lk9v6_alumni_data` (`alumni_id`, `graduation_year`, `fid`, `job`, `address`, `city`, `country`, `phone`, `gid`, `mobile`, `nationalnumber`, `department`, `division`, `with_honor`) VALUES (236628, 2015, '23', '', '', '', '', '', '', '', '', 'التربية الفنية', '', '');
INSERT INTO `lk9v6_users` (`name`, `email`, `usertype`) VALUES ('اسماء مرزوق نظمى مرزوق طه', '', 'الخريجين');
INSERT INTO `lk9v6_alumni_main` (`id`, `user_id`, `approved`) VALUES (236629, 236629, 1);
INSERT INTO `lk9v6_alumni_data` (`alumni_id`, `graduation_year`, `fid`, `job`, `address`, `city`, `country`, `phone`, `gid`, `mobile`, `nationalnumber`, `department`, `division`, `with_honor`) VALUES (236629, 2015, '23', '', '', '', '', '', '', '', '', 'التربية الفنية', '', '');
INSERT INTO `lk9v6_users` (`name`, `email`, `usertype`) VALUES ('اسماء مصطفى محمد حسين', '', 'الخريجين');
INSERT INTO `lk9v6_alumni_main` (`id`, `user_id`, `approved`) VALUES (236630, 236630, 1);
INSERT INTO `lk9v6_alumni_data` (`alumni_id`, `graduation_year`, `fid`, `job`, `address`, `city`, `country`, `phone`, `gid`, `mobile`, `nationalnumber`, `department`, `division`, `with_honor`) VALUES (236630, 2015, '23', '', '', '', '', '', '', '', '', 'التربية الفنية', '', '');
INSERT INTO `lk9v6_users` (`name`, `email`, `usertype`) VALUES ('الاء السيد صلاح كامل الاشقر', '', 'الخريجين');
INSERT INTO `lk9v6_alumni_main` (`id`, `user_id`, `approved`) VALUES (236631, 236631, 1);
INSERT INTO `lk9v6_alumni_data` (`alumni_id`, `graduation_year`, `fid`, `job`, `address`, `city`, `country`, `phone`, `gid`, `mobile`, `nationalnumber`, `department`, `division`, `with_honor`) VALUES (236631, 2015, '23', '', '', '', '', '', '', '', '', 'التربية الفنية', '', '');
INSERT INTO `lk9v6_users` (`name`, `email`, `usertype`) VALUES ('الاء عبدالغنى شيبة عبدالغنى خيمر', '', 'الخريجين');
INSERT INTO `lk9v6_alumni_main` (`id`, `user_id`, `approved`) VALUES (236632, 236632, 1);
INSERT INTO `lk9v6_alumni_data` (`alumni_id`, `graduation_year`, `fid`, `job`, `address`, `city`, `country`, `phone`, `gid`, `mobile`, `nationalnumber`, `department`, `division`, `with_honor`) VALUES (236632, 2015, '23', '', '', '', '', '', '', '', '', 'التربية الفنية', '', '');
INSERT INTO `lk9v6_users` (`name`, `email`, `usertype`) VALUES ('الاء مجدى محمد السيد الليمونى ', '', 'الخريجين');
INSERT INTO `lk9v6_alumni_main` (`id`, `user_id`, `approved`) VALUES (236633, 236633, 1);
INSERT INTO `lk9v6_alumni_data` (`alumni_id`, `graduation_year`, `fid`, `job`, `address`, `city`, `country`, `phone`, `gid`, `mobile`, `nationalnumber`, `department`, `division`, `with_honor`) VALUES (236633, 2015, '23', '', '', '', '', '', '', '', '', 'التربية الفنية', '', '');
INSERT INTO `lk9v6_users` (`name`, `email`, `usertype`) VALUES ('الاء محمد عبدالفتاح احمد ', '', 'الخريجين');
INSERT INTO `lk9v6_alumni_main` (`id`, `user_id`, `approved`) VALUES (236634, 236634, 1);
INSERT INTO `lk9v6_alumni_data` (`alumni_id`, `graduation_year`, `fid`, `job`, `address`, `city`, `country`, `phone`, `gid`, `mobile`, `nationalnumber`, `department`, `division`, `with_honor`) VALUES (236634, 2015, '23', '', '', '', '', '', '', '', '', 'التربية الفنية', '', '');
INSERT INTO `lk9v6_users` (`name`, `email`, `usertype`) VALUES ('امانى حسام الدين على اسماعيل بدوى', '', 'الخريجين');
INSERT INTO `lk9v6_alumni_main` (`id`, `user_id`, `approved`) VALUES (236635, 236635, 1);
INSERT INTO `lk9v6_alumni_data` (`alumni_id`, `graduation_year`, `fid`, `job`, `address`, `city`, `country`, `phone`, `gid`, `mobile`, `nationalnumber`, `department`, `division`, `with_honor`) VALUES (236635, 2015, '23', '', '', '', '', '', '', '', '', 'التربية الفنية', '', '');
INSERT INTO `lk9v6_users` (`name`, `email`, `usertype`) VALUES ('اميرة ممدوح مصطفى غريب ابراهيم', '', 'الخريجين');
INSERT INTO `lk9v6_alumni_main` (`id`, `user_id`, `approved`) VALUES (236636, 236636, 1);
INSERT INTO `lk9v6_alumni_data` (`alumni_id`, `graduation_year`, `fid`, `job`, `address`, `city`, `country`, `phone`, `gid`, `mobile`, `nationalnumber`, `department`, `division`, `with_honor`) VALUES (236636, 2015, '23', '', '', '', '', '', '', '', '', 'التربية الفنية', '', '');
INSERT INTO `lk9v6_users` (`name`, `email`, `usertype`) VALUES ('بسمة محمد عبدالمنعم فتح الله خضر', '', 'الخريجين');
INSERT INTO `lk9v6_alumni_main` (`id`, `user_id`, `approved`) VALUES (236637, 236637, 1);
INSERT INTO `lk9v6_alumni_data` (`alumni_id`, `graduation_year`, `fid`, `job`, `address`, `city`, `country`, `phone`, `gid`, `mobile`, `nationalnumber`, `department`, `division`, `with_honor`) VALUES (236637, 2015, '23', '', '', '', '', '', '', '', '', 'التربية الفنية', '', '');
INSERT INTO `lk9v6_users` (`name`, `email`, `usertype`) VALUES ('بسمة محمد علوانى ابراهيم ابوالعلا', '', 'الخريجين');
INSERT INTO `lk9v6_alumni_main` (`id`, `user_id`, `approved`) VALUES (236638, 236638, 1);
INSERT INTO `lk9v6_alumni_data` (`alumni_id`, `graduation_year`, `fid`, `job`, `address`, `city`, `country`, `phone`, `gid`, `mobile`, `nationalnumber`, `department`, `division`, `with_honor`) VALUES (236638, 2015, '23', '', '', '', '', '', '', '', '', 'التربية الفنية', '', '');
INSERT INTO `lk9v6_users` (`name`, `email`, `usertype`) VALUES ('جهاد عبدالحكيم محمد محمود ', '', 'الخريجين');
INSERT INTO `lk9v6_alumni_main` (`id`, `user_id`, `approved`) VALUES (236639, 236639, 1);
INSERT INTO `lk9v6_alumni_data` (`alumni_id`, `graduation_year`, `fid`, `job`, `address`, `city`, `country`, `phone`, `gid`, `mobile`, `nationalnumber`, `department`, `division`, `with_honor`) VALUES (236639, 2015, '23', '', '', '', '', '', '', '', '', 'التربية الفنية', '', '');
INSERT INTO `lk9v6_users` (`name`, `email`, `usertype`) VALUES ('خلود خالد محمد عاطف النزيلى', '', 'الخريجين');
INSERT INTO `lk9v6_alumni_main` (`id`, `user_id`, `approved`) VALUES (236640, 236640, 1);
INSERT INTO `lk9v6_alumni_data` (`alumni_id`, `graduation_year`, `fid`, `job`, `address`, `city`, `country`, `phone`, `gid`, `mobile`, `nationalnumber`, `department`, `division`, `with_honor`) VALUES (236640, 2015, '23', '', '', '', '', '', '', '', '', 'التربية الفنية', '', '');
INSERT INTO `lk9v6_users` (`name`, `email`, `usertype`) VALUES ('داليا عبدالمحسن مصطفى عبدالمحسن خميس', '', 'الخريجين');
INSERT INTO `lk9v6_alumni_main` (`id`, `user_id`, `approved`) VALUES (236641, 236641, 1);
INSERT INTO `lk9v6_alumni_data` (`alumni_id`, `graduation_year`, `fid`, `job`, `address`, `city`, `country`, `phone`, `gid`, `mobile`, `nationalnumber`, `department`, `division`, `with_honor`) VALUES (236641, 2015, '23', '', '', '', '', '', '', '', '', 'التربية الفنية', '', '');
INSERT INTO `lk9v6_users` (`name`, `email`, `usertype`) VALUES ('داليا محمد محمود الجيزاوى', '', 'الخريجين');
INSERT INTO `lk9v6_alumni_main` (`id`, `user_id`, `approved`) VALUES (236642, 236642, 1);
INSERT INTO `lk9v6_alumni_data` (`alumni_id`, `graduation_year`, `fid`, `job`, `address`, `city`, `country`, `phone`, `gid`, `mobile`, `nationalnumber`, `department`, `division`, `with_honor`) VALUES (236642, 2015, '23', '', '', '', '', '', '', '', '', 'التربية الفنية', '', '');
INSERT INTO `lk9v6_users` (`name`, `email`, `usertype`) VALUES ('راندا مصطفى ابراهيم شبل ابراهيم', '', 'الخريجين');
INSERT INTO `lk9v6_alumni_main` (`id`, `user_id`, `approved`) VALUES (236643, 236643, 1);
INSERT INTO `lk9v6_alumni_data` (`alumni_id`, `graduation_year`, `fid`, `job`, `address`, `city`, `country`, `phone`, `gid`, `mobile`, `nationalnumber`, `department`, `division`, `with_honor`) VALUES (236643, 2015, '23', '', '', '', '', '', '', '', '', 'التربية الفنية', '', '');
INSERT INTO `lk9v6_users` (`name`, `email`, `usertype`) VALUES ('رنا اشرف جابر حسن ', '', 'الخريجين');
INSERT INTO `lk9v6_alumni_main` (`id`, `user_id`, `approved`) VALUES (236644, 236644, 1);
INSERT INTO `lk9v6_alumni_data` (`alumni_id`, `graduation_year`, `fid`, `job`, `address`, `city`, `country`, `phone`, `gid`, `mobile`, `nationalnumber`, `department`, `division`, `with_honor`) VALUES (236644, 2015, '23', '', '', '', '', '', '', '', '', 'التربية الفنية', '', '');
INSERT INTO `lk9v6_users` (`name`, `email`, `usertype`) VALUES ('ريم احمد شريف وهبي دويدار', '', 'الخريجين');
INSERT INTO `lk9v6_alumni_main` (`id`, `user_id`, `approved`) VALUES (236645, 236645, 1);
INSERT INTO `lk9v6_alumni_data` (`alumni_id`, `graduation_year`, `fid`, `job`, `address`, `city`, `country`, `phone`, `gid`, `mobile`, `nationalnumber`, `department`, `division`, `with_honor`) VALUES (236645, 2015, '23', '', '', '', '', '', '', '', '', 'التربية الفنية', '', '');
INSERT INTO `lk9v6_users` (`name`, `email`, `usertype`) VALUES ('ريهام اسلام عبدالخالق عبدالرحمن ', '', 'الخريجين');
INSERT INTO `lk9v6_alumni_main` (`id`, `user_id`, `approved`) VALUES (236646, 236646, 1);
INSERT INTO `lk9v6_alumni_data` (`alumni_id`, `graduation_year`, `fid`, `job`, `address`, `city`, `country`, `phone`, `gid`, `mobile`, `nationalnumber`, `department`, `division`, `with_honor`) VALUES (236646, 2015, '23', '', '', '', '', '', '', '', '', 'التربية الفنية', '', '');
INSERT INTO `lk9v6_users` (`name`, `email`, `usertype`) VALUES ('ريهام سمير السيد على خليل', '', 'الخريجين');
INSERT INTO `lk9v6_alumni_main` (`id`, `user_id`, `approved`) VALUES (236647, 236647, 1);
INSERT INTO `lk9v6_alumni_data` (`alumni_id`, `graduation_year`, `fid`, `job`, `address`, `city`, `country`, `phone`, `gid`, `mobile`, `nationalnumber`, `department`, `division`, `with_honor`) VALUES (236647, 2015, '23', '', '', '', '', '', '', '', '', 'التربية الفنية', '', '');
INSERT INTO `lk9v6_users` (`name`, `email`, `usertype`) VALUES ('زينب عبدالسلام حامد شبل على', '', 'الخريجين');
INSERT INTO `lk9v6_alumni_main` (`id`, `user_id`, `approved`) VALUES (236648, 236648, 1);
INSERT INTO `lk9v6_alumni_data` (`alumni_id`, `graduation_year`, `fid`, `job`, `address`, `city`, `country`, `phone`, `gid`, `mobile`, `nationalnumber`, `department`, `division`, `with_honor`) VALUES (236648, 2015, '23', '', '', '', '', '', '', '', '', 'التربية الفنية', '', '');
INSERT INTO `lk9v6_users` (`name`, `email`, `usertype`) VALUES ('سارة الصافى محى الدين عبدالمنعم ', '', 'الخريجين');
INSERT INTO `lk9v6_alumni_main` (`id`, `user_id`, `approved`) VALUES (236649, 236649, 1);
INSERT INTO `lk9v6_alumni_data` (`alumni_id`, `graduation_year`, `fid`, `job`, `address`, `city`, `country`, `phone`, `gid`, `mobile`, `nationalnumber`, `department`, `division`, `with_honor`) VALUES (236649, 2015, '23', '', '', '', '', '', '', '', '', 'التربية الفنية', '', '');
INSERT INTO `lk9v6_users` (`name`, `email`, `usertype`) VALUES ('سارة عبدالقادر عبدالحميد خميس', '', 'الخريجين');
INSERT INTO `lk9v6_alumni_main` (`id`, `user_id`, `approved`) VALUES (236650, 236650, 1);
INSERT INTO `lk9v6_alumni_data` (`alumni_id`, `graduation_year`, `fid`, `job`, `address`, `city`, `country`, `phone`, `gid`, `mobile`, `nationalnumber`, `department`, `division`, `with_honor`) VALUES (236650, 2015, '23', '', '', '', '', '', '', '', '', 'التربية الفنية', '', '');
INSERT INTO `lk9v6_users` (`name`, `email`, `usertype`) VALUES ('سارة سمير على عبدالعال فرغلى', '', 'الخريجين');
INSERT INTO `lk9v6_alumni_main` (`id`, `user_id`, `approved`) VALUES (236651, 236651, 1);
INSERT INTO `lk9v6_alumni_data` (`alumni_id`, `graduation_year`, `fid`, `job`, `address`, `city`, `country`, `phone`, `gid`, `mobile`, `nationalnumber`, `department`, `division`, `with_honor`) VALUES (236651, 2015, '23', '', '', '', '', '', '', '', '', 'التربية الفنية', '', '');
INSERT INTO `lk9v6_users` (`name`, `email`, `usertype`) VALUES ('سارة محمد على عبدالرزاق على ', '', 'الخريجين');
INSERT INTO `lk9v6_alumni_main` (`id`, `user_id`, `approved`) VALUES (236652, 236652, 1);
INSERT INTO `lk9v6_alumni_data` (`alumni_id`, `graduation_year`, `fid`, `job`, `address`, `city`, `country`, `phone`, `gid`, `mobile`, `nationalnumber`, `department`, `division`, `with_honor`) VALUES (236652, 2015, '23', '', '', '', '', '', '', '', '', 'التربية الفنية', '', '');
INSERT INTO `lk9v6_users` (`name`, `email`, `usertype`) VALUES ('سحر احمد حنفى محمود السيد', '', 'الخريجين');
INSERT INTO `lk9v6_alumni_main` (`id`, `user_id`, `approved`) VALUES (236653, 236653, 1);
INSERT INTO `lk9v6_alumni_data` (`alumni_id`, `graduation_year`, `fid`, `job`, `address`, `city`, `country`, `phone`, `gid`, `mobile`, `nationalnumber`, `department`, `division`, `with_honor`) VALUES (236653, 2015, '23', '', '', '', '', '', '', '', '', 'التربية الفنية', '', '');
INSERT INTO `lk9v6_users` (`name`, `email`, `usertype`) VALUES ('سمر احمد عطية خير الله', '', 'الخريجين');
INSERT INTO `lk9v6_alumni_main` (`id`, `user_id`, `approved`) VALUES (236654, 236654, 1);
INSERT INTO `lk9v6_alumni_data` (`alumni_id`, `graduation_year`, `fid`, `job`, `address`, `city`, `country`, `phone`, `gid`, `mobile`, `nationalnumber`, `department`, `division`, `with_honor`) VALUES (236654, 2015, '23', '', '', '', '', '', '', '', '', 'التربية الفنية', '', '');
INSERT INTO `lk9v6_users` (`name`, `email`, `usertype`) VALUES ('سمر صلاح ابراهيم درويش شيحة ', '', 'الخريجين');
INSERT INTO `lk9v6_alumni_main` (`id`, `user_id`, `approved`) VALUES (236655, 236655, 1);
INSERT INTO `lk9v6_alumni_data` (`alumni_id`, `graduation_year`, `fid`, `job`, `address`, `city`, `country`, `phone`, `gid`, `mobile`, `nationalnumber`, `department`, `division`, `with_honor`) VALUES (236655, 2015, '23', '', '', '', '', '', '', '', '', 'التربية الفنية', '', '');
INSERT INTO `lk9v6_users` (`name`, `email`, `usertype`) VALUES ('سمر عبده قاسم عبداللطيف ', '', 'الخريجين');
INSERT INTO `lk9v6_alumni_main` (`id`, `user_id`, `approved`) VALUES (236656, 236656, 1);
INSERT INTO `lk9v6_alumni_data` (`alumni_id`, `graduation_year`, `fid`, `job`, `address`, `city`, `country`, `phone`, `gid`, `mobile`, `nationalnumber`, `department`, `division`, `with_honor`) VALUES (236656, 2015, '23', '', '', '', '', '', '', '', '', 'التربية الفنية', '', '');
INSERT INTO `lk9v6_users` (`name`, `email`, `usertype`) VALUES ('سهيلة صلاح احمد رضوان ', '', 'الخريجين');
INSERT INTO `lk9v6_alumni_main` (`id`, `user_id`, `approved`) VALUES (236657, 236657, 1);
INSERT INTO `lk9v6_alumni_data` (`alumni_id`, `graduation_year`, `fid`, `job`, `address`, `city`, `country`, `phone`, `gid`, `mobile`, `nationalnumber`, `department`, `division`, `with_honor`) VALUES (236657, 2015, '23', '', '', '', '', '', '', '', '', 'التربية الفنية', '', '');
INSERT INTO `lk9v6_users` (`name`, `email`, `usertype`) VALUES ('سهيلة صلاح حسونة سليمان ', '', 'الخريجين');
INSERT INTO `lk9v6_alumni_main` (`id`, `user_id`, `approved`) VALUES (236658, 236658, 1);
INSERT INTO `lk9v6_alumni_data` (`alumni_id`, `graduation_year`, `fid`, `job`, `address`, `city`, `country`, `phone`, `gid`, `mobile`, `nationalnumber`, `department`, `division`, `with_honor`) VALUES (236658, 2015, '23', '', '', '', '', '', '', '', '', 'التربية الفنية', '', '');
INSERT INTO `lk9v6_users` (`name`, `email`, `usertype`) VALUES ('شروق احمد وحيد احمد فرغلى', '', 'الخريجين');
INSERT INTO `lk9v6_alumni_main` (`id`, `user_id`, `approved`) VALUES (236659, 236659, 1);
INSERT INTO `lk9v6_alumni_data` (`alumni_id`, `graduation_year`, `fid`, `job`, `address`, `city`, `country`, `phone`, `gid`, `mobile`, `nationalnumber`, `department`, `division`, `with_honor`) VALUES (236659, 2015, '23', '', '', '', '', '', '', '', '', 'التربية الفنية', '', '');
INSERT INTO `lk9v6_users` (`name`, `email`, `usertype`) VALUES ('شروق خالد محمد عبدالله الموافى', '', 'الخريجين');
INSERT INTO `lk9v6_alumni_main` (`id`, `user_id`, `approved`) VALUES (236660, 236660, 1);
INSERT INTO `lk9v6_alumni_data` (`alumni_id`, `graduation_year`, `fid`, `job`, `address`, `city`, `country`, `phone`, `gid`, `mobile`, `nationalnumber`, `department`, `division`, `with_honor`) VALUES (236660, 2015, '23', '', '', '', '', '', '', '', '', 'التربية الفنية', '', '');
INSERT INTO `lk9v6_users` (`name`, `email`, `usertype`) VALUES ('شيرين محمد زكريا مصطفى احمد ', '', 'الخريجين');
INSERT INTO `lk9v6_alumni_main` (`id`, `user_id`, `approved`) VALUES (236661, 236661, 1);
INSERT INTO `lk9v6_alumni_data` (`alumni_id`, `graduation_year`, `fid`, `job`, `address`, `city`, `country`, `phone`, `gid`, `mobile`, `nationalnumber`, `department`, `division`, `with_honor`) VALUES (236661, 2015, '23', '', '', '', '', '', '', '', '', 'التربية الفنية', '', '');
INSERT INTO `lk9v6_users` (`name`, `email`, `usertype`) VALUES ('شيماء على محمد احمد حسن ', '', 'الخريجين');
INSERT INTO `lk9v6_alumni_main` (`id`, `user_id`, `approved`) VALUES (236662, 236662, 1);
INSERT INTO `lk9v6_alumni_data` (`alumni_id`, `graduation_year`, `fid`, `job`, `address`, `city`, `country`, `phone`, `gid`, `mobile`, `nationalnumber`, `department`, `division`, `with_honor`) VALUES (236662, 2015, '23', '', '', '', '', '', '', '', '', 'التربية الفنية', '', '');
INSERT INTO `lk9v6_users` (`name`, `email`, `usertype`) VALUES ('ضحى طارق محمد امين علامة ', '', 'الخريجين');
INSERT INTO `lk9v6_alumni_main` (`id`, `user_id`, `approved`) VALUES (236663, 236663, 1);
INSERT INTO `lk9v6_alumni_data` (`alumni_id`, `graduation_year`, `fid`, `job`, `address`, `city`, `country`, `phone`, `gid`, `mobile`, `nationalnumber`, `department`, `division`, `with_honor`) VALUES (236663, 2015, '23', '', '', '', '', '', '', '', '', 'التربية الفنية', '', '');
INSERT INTO `lk9v6_users` (`name`, `email`, `usertype`) VALUES ('عبير كمال محمود ابراهيم', '', 'الخريجين');
INSERT INTO `lk9v6_alumni_main` (`id`, `user_id`, `approved`) VALUES (236664, 236664, 1);
INSERT INTO `lk9v6_alumni_data` (`alumni_id`, `graduation_year`, `fid`, `job`, `address`, `city`, `country`, `phone`, `gid`, `mobile`, `nationalnumber`, `department`, `division`, `with_honor`) VALUES (236664, 2015, '23', '', '', '', '', '', '', '', '', 'التربية الفنية', '', '');
INSERT INTO `lk9v6_users` (`name`, `email`, `usertype`) VALUES ('عزه زكريا محمد قطيط ', '', 'الخريجين');
INSERT INTO `lk9v6_alumni_main` (`id`, `user_id`, `approved`) VALUES (236665, 236665, 1);
INSERT INTO `lk9v6_alumni_data` (`alumni_id`, `graduation_year`, `fid`, `job`, `address`, `city`, `country`, `phone`, `gid`, `mobile`, `nationalnumber`, `department`, `division`, `with_honor`) VALUES (236665, 2015, '23', '', '', '', '', '', '', '', '', 'التربية الفنية', '', '');
INSERT INTO `lk9v6_users` (`name`, `email`, `usertype`) VALUES ('عفاف يحيي فؤاد يوسف احمد ', '', 'الخريجين');
INSERT INTO `lk9v6_alumni_main` (`id`, `user_id`, `approved`) VALUES (236666, 236666, 1);
INSERT INTO `lk9v6_alumni_data` (`alumni_id`, `graduation_year`, `fid`, `job`, `address`, `city`, `country`, `phone`, `gid`, `mobile`, `nationalnumber`, `department`, `division`, `with_honor`) VALUES (236666, 2015, '23', '', '', '', '', '', '', '', '', 'التربية الفنية', '', '');
INSERT INTO `lk9v6_users` (`name`, `email`, `usertype`) VALUES ('فاطمة شريف محمد احمد بدوى ', '', 'الخريجين');
INSERT INTO `lk9v6_alumni_main` (`id`, `user_id`, `approved`) VALUES (236667, 236667, 1);
INSERT INTO `lk9v6_alumni_data` (`alumni_id`, `graduation_year`, `fid`, `job`, `address`, `city`, `country`, `phone`, `gid`, `mobile`, `nationalnumber`, `department`, `division`, `with_honor`) VALUES (236667, 2015, '23', '', '', '', '', '', '', '', '', 'التربية الفنية', '', '');
INSERT INTO `lk9v6_users` (`name`, `email`, `usertype`) VALUES ('كريستينا عادل وليم غبريال ', '', 'الخريجين');
INSERT INTO `lk9v6_alumni_main` (`id`, `user_id`, `approved`) VALUES (236668, 236668, 1);
INSERT INTO `lk9v6_alumni_data` (`alumni_id`, `graduation_year`, `fid`, `job`, `address`, `city`, `country`, `phone`, `gid`, `mobile`, `nationalnumber`, `department`, `division`, `with_honor`) VALUES (236668, 2015, '23', '', '', '', '', '', '', '', '', 'التربية الفنية', '', '');
INSERT INTO `lk9v6_users` (`name`, `email`, `usertype`) VALUES ('مارينا ابراهيم جرجس موسى ', '', 'الخريجين');
INSERT INTO `lk9v6_alumni_main` (`id`, `user_id`, `approved`) VALUES (236669, 236669, 1);
INSERT INTO `lk9v6_alumni_data` (`alumni_id`, `graduation_year`, `fid`, `job`, `address`, `city`, `country`, `phone`, `gid`, `mobile`, `nationalnumber`, `department`, `division`, `with_honor`) VALUES (236669, 2015, '23', '', '', '', '', '', '', '', '', 'التربية الفنية', '', '');
INSERT INTO `lk9v6_users` (`name`, `email`, `usertype`) VALUES ('مصطفى محمود محمود عبدالقادر زهران ', '', 'الخريجين');
INSERT INTO `lk9v6_alumni_main` (`id`, `user_id`, `approved`) VALUES (236670, 236670, 1);
INSERT INTO `lk9v6_alumni_data` (`alumni_id`, `graduation_year`, `fid`, `job`, `address`, `city`, `country`, `phone`, `gid`, `mobile`, `nationalnumber`, `department`, `division`, `with_honor`) VALUES (236670, 2015, '23', '', '', '', '', '', '', '', '', 'التربية الفنية', '', '');
INSERT INTO `lk9v6_users` (`name`, `email`, `usertype`) VALUES ('منار محمود رجب عبدالغنى ', '', 'الخريجين');
INSERT INTO `lk9v6_alumni_main` (`id`, `user_id`, `approved`) VALUES (236671, 236671, 1);
INSERT INTO `lk9v6_alumni_data` (`alumni_id`, `graduation_year`, `fid`, `job`, `address`, `city`, `country`, `phone`, `gid`, `mobile`, `nationalnumber`, `department`, `division`, `with_honor`) VALUES (236671, 2015, '23', '', '', '', '', '', '', '', '', 'التربية الفنية', '', '');
INSERT INTO `lk9v6_users` (`name`, `email`, `usertype`) VALUES ('ميادة ممدوح احمد حسن سيد احمد', '', 'الخريجين');
INSERT INTO `lk9v6_alumni_main` (`id`, `user_id`, `approved`) VALUES (236672, 236672, 1);
INSERT INTO `lk9v6_alumni_data` (`alumni_id`, `graduation_year`, `fid`, `job`, `address`, `city`, `country`, `phone`, `gid`, `mobile`, `nationalnumber`, `department`, `division`, `with_honor`) VALUES (236672, 2015, '23', '', '', '', '', '', '', '', '', 'التربية الفنية', '', '');
INSERT INTO `lk9v6_users` (`name`, `email`, `usertype`) VALUES ('ندى احمد السيد عبدالحميد حميدة', '', 'الخريجين');
INSERT INTO `lk9v6_alumni_main` (`id`, `user_id`, `approved`) VALUES (236673, 236673, 1);
INSERT INTO `lk9v6_alumni_data` (`alumni_id`, `graduation_year`, `fid`, `job`, `address`, `city`, `country`, `phone`, `gid`, `mobile`, `nationalnumber`, `department`, `division`, `with_honor`) VALUES (236673, 2015, '23', '', '', '', '', '', '', '', '', 'التربية الفنية', '', '');
INSERT INTO `lk9v6_users` (`name`, `email`, `usertype`) VALUES ('ندى صلاح الدين حسن عبدالحميد ', '', 'الخريجين');
INSERT INTO `lk9v6_alumni_main` (`id`, `user_id`, `approved`) VALUES (236674, 236674, 1);
INSERT INTO `lk9v6_alumni_data` (`alumni_id`, `graduation_year`, `fid`, `job`, `address`, `city`, `country`, `phone`, `gid`, `mobile`, `nationalnumber`, `department`, `division`, `with_honor`) VALUES (236674, 2015, '23', '', '', '', '', '', '', '', '', 'التربية الفنية', '', '');
INSERT INTO `lk9v6_users` (`name`, `email`, `usertype`) VALUES ('نورهان محمود محمد السيد عبدالمجيد حماد', '', 'الخريجين');
INSERT INTO `lk9v6_alumni_main` (`id`, `user_id`, `approved`) VALUES (236675, 236675, 1);
INSERT INTO `lk9v6_alumni_data` (`alumni_id`, `graduation_year`, `fid`, `job`, `address`, `city`, `country`, `phone`, `gid`, `mobile`, `nationalnumber`, `department`, `division`, `with_honor`) VALUES (236675, 2015, '23', '', '', '', '', '', '', '', '', 'التربية الفنية', '', '');
INSERT INTO `lk9v6_users` (`name`, `email`, `usertype`) VALUES ('هاجر محمد مصطفى محمد ناجى ', '', 'الخريجين');
INSERT INTO `lk9v6_alumni_main` (`id`, `user_id`, `approved`) VALUES (236676, 236676, 1);
INSERT INTO `lk9v6_alumni_data` (`alumni_id`, `graduation_year`, `fid`, `job`, `address`, `city`, `country`, `phone`, `gid`, `mobile`, `nationalnumber`, `department`, `division`, `with_honor`) VALUES (236676, 2015, '23', '', '', '', '', '', '', '', '', 'التربية الفنية', '', '');
INSERT INTO `lk9v6_users` (`name`, `email`, `usertype`) VALUES ('هداء خالد عابد بدر ', '', 'الخريجين');
INSERT INTO `lk9v6_alumni_main` (`id`, `user_id`, `approved`) VALUES (236677, 236677, 1);
INSERT INTO `lk9v6_alumni_data` (`alumni_id`, `graduation_year`, `fid`, `job`, `address`, `city`, `country`, `phone`, `gid`, `mobile`, `nationalnumber`, `department`, `division`, `with_honor`) VALUES (236677, 2015, '23', '', '', '', '', '', '', '', '', 'التربية الفنية', '', '');
INSERT INTO `lk9v6_users` (`name`, `email`, `usertype`) VALUES ('هدير عبدالقادر حسين محمد ابراهيم ', '', 'الخريجين');
INSERT INTO `lk9v6_alumni_main` (`id`, `user_id`, `approved`) VALUES (236678, 236678, 1);
INSERT INTO `lk9v6_alumni_data` (`alumni_id`, `graduation_year`, `fid`, `job`, `address`, `city`, `country`, `phone`, `gid`, `mobile`, `nationalnumber`, `department`, `division`, `with_honor`) VALUES (236678, 2015, '23', '', '', '', '', '', '', '', '', 'التربية الفنية', '', '');
INSERT INTO `lk9v6_users` (`name`, `email`, `usertype`) VALUES ('هدير محمد احمد ابوالعينين شهاب الدين', '', 'الخريجين');
INSERT INTO `lk9v6_alumni_main` (`id`, `user_id`, `approved`) VALUES (236679, 236679, 1);
INSERT INTO `lk9v6_alumni_data` (`alumni_id`, `graduation_year`, `fid`, `job`, `address`, `city`, `country`, `phone`, `gid`, `mobile`, `nationalnumber`, `department`, `division`, `with_honor`) VALUES (236679, 2015, '23', '', '', '', '', '', '', '', '', 'التربية الفنية', '', '');
INSERT INTO `lk9v6_users` (`name`, `email`, `usertype`) VALUES ('هديل احمد حسونة سليمان مخلوف ', '', 'الخريجين');
INSERT INTO `lk9v6_alumni_main` (`id`, `user_id`, `approved`) VALUES (236680, 236680, 1);
INSERT INTO `lk9v6_alumni_data` (`alumni_id`, `graduation_year`, `fid`, `job`, `address`, `city`, `country`, `phone`, `gid`, `mobile`, `nationalnumber`, `department`, `division`, `with_honor`) VALUES (236680, 2015, '23', '', '', '', '', '', '', '', '', 'التربية الفنية', '', '');
INSERT INTO `lk9v6_users` (`name`, `email`, `usertype`) VALUES ('هند شحاتة السيد محروس علوانى', '', 'الخريجين');
INSERT INTO `lk9v6_alumni_main` (`id`, `user_id`, `approved`) VALUES (236681, 236681, 1);
INSERT INTO `lk9v6_alumni_data` (`alumni_id`, `graduation_year`, `fid`, `job`, `address`, `city`, `country`, `phone`, `gid`, `mobile`, `nationalnumber`, `department`, `division`, `with_honor`) VALUES (236681, 2015, '23', '', '', '', '', '', '', '', '', 'التربية الفنية', '', '');
INSERT INTO `lk9v6_users` (`name`, `email`, `usertype`) VALUES ('ياسمين اشرف احمد عبدالغنى الخواجة', '', 'الخريجين');
INSERT INTO `lk9v6_alumni_main` (`id`, `user_id`, `approved`) VALUES (236682, 236682, 1);
INSERT INTO `lk9v6_alumni_data` (`alumni_id`, `graduation_year`, `fid`, `job`, `address`, `city`, `country`, `phone`, `gid`, `mobile`, `nationalnumber`, `department`, `division`, `with_honor`) VALUES (236682, 2015, '23', '', '', '', '', '', '', '', '', 'التربية الفنية', '', '');
INSERT INTO `lk9v6_users` (`name`, `email`, `usertype`) VALUES ('يمنى محمد محمد شعبان ', '', 'الخريجين');
INSERT INTO `lk9v6_alumni_main` (`id`, `user_id`, `approved`) VALUES (236683, 236683, 1);
INSERT INTO `lk9v6_alumni_data` (`alumni_id`, `graduation_year`, `fid`, `job`, `address`, `city`, `country`, `phone`, `gid`, `mobile`, `nationalnumber`, `department`, `division`, `with_honor`) VALUES (236683, 2015, '23', '', '', '', '', '', '', '', '', 'التربية الفنية', '', '');
INSERT INTO `lk9v6_users` (`name`, `email`, `usertype`) VALUES ('اسراء على محمد محمود عبداللطيف ', '', 'الخريجين');
INSERT INTO `lk9v6_alumni_main` (`id`, `user_id`, `approved`) VALUES (236684, 236684, 1);
INSERT INTO `lk9v6_alumni_data` (`alumni_id`, `graduation_year`, `fid`, `job`, `address`, `city`, `country`, `phone`, `gid`, `mobile`, `nationalnumber`, `department`, `division`, `with_honor`) VALUES (236684, 2015, '23', '', '', '', '', '', '', '', '', 'التربية الفنية', '', '');
INSERT INTO `lk9v6_users` (`name`, `email`, `usertype`) VALUES ('اسراء محمد عبدالمقصود عبدالحميد شارب', '', 'الخريجين');
INSERT INTO `lk9v6_alumni_main` (`id`, `user_id`, `approved`) VALUES (236685, 236685, 1);
INSERT INTO `lk9v6_alumni_data` (`alumni_id`, `graduation_year`, `fid`, `job`, `address`, `city`, `country`, `phone`, `gid`, `mobile`, `nationalnumber`, `department`, `division`, `with_honor`) VALUES (236685, 2015, '23', '', '', '', '', '', '', '', '', 'التربية الفنية', '', '');
INSERT INTO `lk9v6_users` (`name`, `email`, `usertype`) VALUES ('الاء احمد بهاء يونس موصلى ', '', 'الخريجين');
INSERT INTO `lk9v6_alumni_main` (`id`, `user_id`, `approved`) VALUES (236686, 236686, 1);
INSERT INTO `lk9v6_alumni_data` (`alumni_id`, `graduation_year`, `fid`, `job`, `address`, `city`, `country`, `phone`, `gid`, `mobile`, `nationalnumber`, `department`, `division`, `with_honor`) VALUES (236686, 2015, '23', '', '', '', '', '', '', '', '', 'التربية الفنية', '', '');
INSERT INTO `lk9v6_users` (`name`, `email`, `usertype`) VALUES ('اوركيد عمر اسماعيل عمر جمعة ', '', 'الخريجين');
INSERT INTO `lk9v6_alumni_main` (`id`, `user_id`, `approved`) VALUES (236687, 236687, 1);
INSERT INTO `lk9v6_alumni_data` (`alumni_id`, `graduation_year`, `fid`, `job`, `address`, `city`, `country`, `phone`, `gid`, `mobile`, `nationalnumber`, `department`, `division`, `with_honor`) VALUES (236687, 2015, '23', '', '', '', '', '', '', '', '', 'التربية الفنية', '', '');
INSERT INTO `lk9v6_users` (`name`, `email`, `usertype`) VALUES ('ايمان ابراهيم عبدالمولى بربر', '', 'الخريجين');
INSERT INTO `lk9v6_alumni_main` (`id`, `user_id`, `approved`) VALUES (236688, 236688, 1);
INSERT INTO `lk9v6_alumni_data` (`alumni_id`, `graduation_year`, `fid`, `job`, `address`, `city`, `country`, `phone`, `gid`, `mobile`, `nationalnumber`, `department`, `division`, `with_honor`) VALUES (236688, 2015, '23', '', '', '', '', '', '', '', '', 'التربية الفنية', '', '');
INSERT INTO `lk9v6_users` (`name`, `email`, `usertype`) VALUES ('ايه عبدالنبي سعد محمد هريدى ', '', 'الخريجين');
INSERT INTO `lk9v6_alumni_main` (`id`, `user_id`, `approved`) VALUES (236689, 236689, 1);
INSERT INTO `lk9v6_alumni_data` (`alumni_id`, `graduation_year`, `fid`, `job`, `address`, `city`, `country`, `phone`, `gid`, `mobile`, `nationalnumber`, `department`, `division`, `with_honor`) VALUES (236689, 2015, '23', '', '', '', '', '', '', '', '', 'التربية الفنية', '', '');
INSERT INTO `lk9v6_users` (`name`, `email`, `usertype`) VALUES ('دينا جمال احمد ابوالعينين ', '', 'الخريجين');
INSERT INTO `lk9v6_alumni_main` (`id`, `user_id`, `approved`) VALUES (236690, 236690, 1);
INSERT INTO `lk9v6_alumni_data` (`alumni_id`, `graduation_year`, `fid`, `job`, `address`, `city`, `country`, `phone`, `gid`, `mobile`, `nationalnumber`, `department`, `division`, `with_honor`) VALUES (236690, 2015, '23', '', '', '', '', '', '', '', '', 'التربية الفنية', '', '');
INSERT INTO `lk9v6_users` (`name`, `email`, `usertype`) VALUES ('رنا احمد لبيب عبدالمقصود ', '', 'الخريجين');
INSERT INTO `lk9v6_alumni_main` (`id`, `user_id`, `approved`) VALUES (236691, 236691, 1);
INSERT INTO `lk9v6_alumni_data` (`alumni_id`, `graduation_year`, `fid`, `job`, `address`, `city`, `country`, `phone`, `gid`, `mobile`, `nationalnumber`, `department`, `division`, `with_honor`) VALUES (236691, 2015, '23', '', '', '', '', '', '', '', '', 'التربية الفنية', '', '');
INSERT INTO `lk9v6_users` (`name`, `email`, `usertype`) VALUES ('روان على محروس شلبي', '', 'الخريجين');
INSERT INTO `lk9v6_alumni_main` (`id`, `user_id`, `approved`) VALUES (236692, 236692, 1);
INSERT INTO `lk9v6_alumni_data` (`alumni_id`, `graduation_year`, `fid`, `job`, `address`, `city`, `country`, `phone`, `gid`, `mobile`, `nationalnumber`, `department`, `division`, `with_honor`) VALUES (236692, 2015, '23', '', '', '', '', '', '', '', '', 'التربية الفنية', '', '');
INSERT INTO `lk9v6_users` (`name`, `email`, `usertype`) VALUES ('سارة محمود محمد عبدالغنى ابوفراج ', '', 'الخريجين');
INSERT INTO `lk9v6_alumni_main` (`id`, `user_id`, `approved`) VALUES (236693, 236693, 1);
INSERT INTO `lk9v6_alumni_data` (`alumni_id`, `graduation_year`, `fid`, `job`, `address`, `city`, `country`, `phone`, `gid`, `mobile`, `nationalnumber`, `department`, `division`, `with_honor`) VALUES (236693, 2015, '23', '', '', '', '', '', '', '', '', 'التربية الفنية', '', '');
INSERT INTO `lk9v6_users` (`name`, `email`, `usertype`) VALUES ('سناء ناصف صابر رمضان محمد ', '', 'الخريجين');
INSERT INTO `lk9v6_alumni_main` (`id`, `user_id`, `approved`) VALUES (236694, 236694, 1);
INSERT INTO `lk9v6_alumni_data` (`alumni_id`, `graduation_year`, `fid`, `job`, `address`, `city`, `country`, `phone`, `gid`, `mobile`, `nationalnumber`, `department`, `division`, `with_honor`) VALUES (236694, 2015, '23', '', '', '', '', '', '', '', '', 'التربية الفنية', '', '');
INSERT INTO `lk9v6_users` (`name`, `email`, `usertype`) VALUES ('عبدالرحمن محمد احمد الجزار ', '', 'الخريجين');
INSERT INTO `lk9v6_alumni_main` (`id`, `user_id`, `approved`) VALUES (236695, 236695, 1);
INSERT INTO `lk9v6_alumni_data` (`alumni_id`, `graduation_year`, `fid`, `job`, `address`, `city`, `country`, `phone`, `gid`, `mobile`, `nationalnumber`, `department`, `division`, `with_honor`) VALUES (236695, 2015, '23', '', '', '', '', '', '', '', '', 'التربية الفنية', '', '');
INSERT INTO `lk9v6_users` (`name`, `email`, `usertype`) VALUES ('ماجى نجيب يوسف عطيه ', '', 'الخريجين');
INSERT INTO `lk9v6_alumni_main` (`id`, `user_id`, `approved`) VALUES (236696, 236696, 1);
INSERT INTO `lk9v6_alumni_data` (`alumni_id`, `graduation_year`, `fid`, `job`, `address`, `city`, `country`, `phone`, `gid`, `mobile`, `nationalnumber`, `department`, `division`, `with_honor`) VALUES (236696, 2015, '23', '', '', '', '', '', '', '', '', 'التربية الفنية', '', '');
INSERT INTO `lk9v6_users` (`name`, `email`, `usertype`) VALUES ('منه الله ناصر محمد شوقى الوليلى ', '', 'الخريجين');
INSERT INTO `lk9v6_alumni_main` (`id`, `user_id`, `approved`) VALUES (236697, 236697, 1);
INSERT INTO `lk9v6_alumni_data` (`alumni_id`, `graduation_year`, `fid`, `job`, `address`, `city`, `country`, `phone`, `gid`, `mobile`, `nationalnumber`, `department`, `division`, `with_honor`) VALUES (236697, 2015, '23', '', '', '', '', '', '', '', '', 'التربية الفنية', '', '');
INSERT INTO `lk9v6_users` (`name`, `email`, `usertype`) VALUES ('منى عادل متولى حسن ابوالخير', '', 'الخريجين');
INSERT INTO `lk9v6_alumni_main` (`id`, `user_id`, `approved`) VALUES (236698, 236698, 1);
INSERT INTO `lk9v6_alumni_data` (`alumni_id`, `graduation_year`, `fid`, `job`, `address`, `city`, `country`, `phone`, `gid`, `mobile`, `nationalnumber`, `department`, `division`, `with_honor`) VALUES (236698, 2015, '23', '', '', '', '', '', '', '', '', 'التربية الفنية', '', '');
INSERT INTO `lk9v6_users` (`name`, `email`, `usertype`) VALUES ('مى مصلح محمد احمد سعيد', '', 'الخريجين');
INSERT INTO `lk9v6_alumni_main` (`id`, `user_id`, `approved`) VALUES (236699, 236699, 1);
INSERT INTO `lk9v6_alumni_data` (`alumni_id`, `graduation_year`, `fid`, `job`, `address`, `city`, `country`, `phone`, `gid`, `mobile`, `nationalnumber`, `department`, `division`, `with_honor`) VALUES (236699, 2015, '23', '', '', '', '', '', '', '', '', 'التربية الفنية', '', '');
INSERT INTO `lk9v6_users` (`name`, `email`, `usertype`) VALUES ('ميمنة حسنى خليل يوسف خليل', '', 'الخريجين');
INSERT INTO `lk9v6_alumni_main` (`id`, `user_id`, `approved`) VALUES (236700, 236700, 1);
INSERT INTO `lk9v6_alumni_data` (`alumni_id`, `graduation_year`, `fid`, `job`, `address`, `city`, `country`, `phone`, `gid`, `mobile`, `nationalnumber`, `department`, `division`, `with_honor`) VALUES (236700, 2015, '23', '', '', '', '', '', '', '', '', 'التربية الفنية', '', '');
INSERT INTO `lk9v6_users` (`name`, `email`, `usertype`) VALUES ('ندى ايمن حمدى على عواره ', '', 'الخريجين');
INSERT INTO `lk9v6_alumni_main` (`id`, `user_id`, `approved`) VALUES (236701, 236701, 1);
INSERT INTO `lk9v6_alumni_data` (`alumni_id`, `graduation_year`, `fid`, `job`, `address`, `city`, `country`, `phone`, `gid`, `mobile`, `nationalnumber`, `department`, `division`, `with_honor`) VALUES (236701, 2015, '23', '', '', '', '', '', '', '', '', 'التربية الفنية', '', '');
INSERT INTO `lk9v6_users` (`name`, `email`, `usertype`) VALUES ('نسمة على السيد الامشيطى ', '', 'الخريجين');
INSERT INTO `lk9v6_alumni_main` (`id`, `user_id`, `approved`) VALUES (236702, 236702, 1);
INSERT INTO `lk9v6_alumni_data` (`alumni_id`, `graduation_year`, `fid`, `job`, `address`, `city`, `country`, `phone`, `gid`, `mobile`, `nationalnumber`, `department`, `division`, `with_honor`) VALUES (236702, 2015, '23', '', '', '', '', '', '', '', '', 'التربية الفنية', '', '');
INSERT INTO `lk9v6_users` (`name`, `email`, `usertype`) VALUES ('نيرة محمد السيد عبداللطيف', '', 'الخريجين');
INSERT INTO `lk9v6_alumni_main` (`id`, `user_id`, `approved`) VALUES (236703, 236703, 1);
INSERT INTO `lk9v6_alumni_data` (`alumni_id`, `graduation_year`, `fid`, `job`, `address`, `city`, `country`, `phone`, `gid`, `mobile`, `nationalnumber`, `department`, `division`, `with_honor`) VALUES (236703, 2015, '23', '', '', '', '', '', '', '', '', 'التربية الفنية', '', '');
INSERT INTO `lk9v6_users` (`name`, `email`, `usertype`) VALUES ('هدير فوزى عبدالفتاح ابراهيم ', '', 'الخريجين');
INSERT INTO `lk9v6_alumni_main` (`id`, `user_id`, `approved`) VALUES (236704, 236704, 1);
INSERT INTO `lk9v6_alumni_data` (`alumni_id`, `graduation_year`, `fid`, `job`, `address`, `city`, `country`, `phone`, `gid`, `mobile`, `nationalnumber`, `department`, `division`, `with_honor`) VALUES (236704, 2015, '23', '', '', '', '', '', '', '', '', 'التربية الفنية', '', '');
INSERT INTO `lk9v6_users` (`name`, `email`, `usertype`) VALUES ('هدير هانى ابراهيم احمد ابراهيم ', '', 'الخريجين');
INSERT INTO `lk9v6_alumni_main` (`id`, `user_id`, `approved`) VALUES (236705, 236705, 1);
INSERT INTO `lk9v6_alumni_data` (`alumni_id`, `graduation_year`, `fid`, `job`, `address`, `city`, `country`, `phone`, `gid`, `mobile`, `nationalnumber`, `department`, `division`, `with_honor`) VALUES (236705, 2015, '23', '', '', '', '', '', '', '', '', 'التربية الفنية', '', '');
INSERT INTO `lk9v6_users` (`name`, `email`, `usertype`) VALUES ('اسراء امين عبدالمنعم حجاج', '', 'الخريجين');
INSERT INTO `lk9v6_alumni_main` (`id`, `user_id`, `approved`) VALUES (236706, 236706, 1);
INSERT INTO `lk9v6_alumni_data` (`alumni_id`, `graduation_year`, `fid`, `job`, `address`, `city`, `country`, `phone`, `gid`, `mobile`, `nationalnumber`, `department`, `division`, `with_honor`) VALUES (236706, 2015, '23', '', '', '', '', '', '', '', '', 'التربية الفنية', '', '');
INSERT INTO `lk9v6_users` (`name`, `email`, `usertype`) VALUES ('تقى محمد هشام سعيد السيد شريف', '', 'الخريجين');
INSERT INTO `lk9v6_alumni_main` (`id`, `user_id`, `approved`) VALUES (236707, 236707, 1);
INSERT INTO `lk9v6_alumni_data` (`alumni_id`, `graduation_year`, `fid`, `job`, `address`, `city`, `country`, `phone`, `gid`, `mobile`, `nationalnumber`, `department`, `division`, `with_honor`) VALUES (236707, 2015, '23', '', '', '', '', '', '', '', '', 'التربية الفنية', '', '');
INSERT INTO `lk9v6_users` (`name`, `email`, `usertype`) VALUES ('نوران محمد نعمان عبدالحميد ', '', 'الخريجين');
INSERT INTO `lk9v6_alumni_main` (`id`, `user_id`, `approved`) VALUES (236708, 236708, 1);
INSERT INTO `lk9v6_alumni_data` (`alumni_id`, `graduation_year`, `fid`, `job`, `address`, `city`, `country`, `phone`, `gid`, `mobile`, `nationalnumber`, `department`, `division`, `with_honor`) VALUES (236708, 2015, '23', '', '', '', '', '', '', '', '', 'التربية الفنية', '', '');
INSERT INTO `lk9v6_users` (`name`, `email`, `usertype`) VALUES ('يارا حسام خميس محمود محمد', '', 'الخريجين');
INSERT INTO `lk9v6_alumni_main` (`id`, `user_id`, `approved`) VALUES (236709, 236709, 1);
INSERT INTO `lk9v6_alumni_data` (`alumni_id`, `graduation_year`, `fid`, `job`, `address`, `city`, `country`, `phone`, `gid`, `mobile`, `nationalnumber`, `department`, `division`, `with_honor`) VALUES (236709, 2015, '23', '', '', '', '', '', '', '', '', 'التربية الفنية', '', '');
INSERT INTO `lk9v6_users` (`name`, `email`, `usertype`) VALUES ('اسماء شعبان عطيه الله عبدالمجيد', '', 'الخريجين');
INSERT INTO `lk9v6_alumni_main` (`id`, `user_id`, `approved`) VALUES (236710, 236710, 1);
INSERT INTO `lk9v6_alumni_data` (`alumni_id`, `graduation_year`, `fid`, `job`, `address`, `city`, `country`, `phone`, `gid`, `mobile`, `nationalnumber`, `department`, `division`, `with_honor`) VALUES (236710, 2015, '23', '', '', '', '', '', '', '', '', 'التربية الفنية', '', '');
INSERT INTO `lk9v6_users` (`name`, `email`, `usertype`) VALUES ('الاء عبدالرحمن محمد عبدالمجيد', '', 'الخريجين');
INSERT INTO `lk9v6_alumni_main` (`id`, `user_id`, `approved`) VALUES (236711, 236711, 1);
INSERT INTO `lk9v6_alumni_data` (`alumni_id`, `graduation_year`, `fid`, `job`, `address`, `city`, `country`, `phone`, `gid`, `mobile`, `nationalnumber`, `department`, `division`, `with_honor`) VALUES (236711, 2015, '23', '', '', '', '', '', '', '', '', 'التربية الفنية', '', '');
INSERT INTO `lk9v6_users` (`name`, `email`, `usertype`) VALUES ('خالد محمد طارق على محمد جمعة ', '', 'الخريجين');
INSERT INTO `lk9v6_alumni_main` (`id`, `user_id`, `approved`) VALUES (236712, 236712, 1);
INSERT INTO `lk9v6_alumni_data` (`alumni_id`, `graduation_year`, `fid`, `job`, `address`, `city`, `country`, `phone`, `gid`, `mobile`, `nationalnumber`, `department`, `division`, `with_honor`) VALUES (236712, 2015, '23', '', '', '', '', '', '', '', '', 'التربية الفنية', '', '');
INSERT INTO `lk9v6_users` (`name`, `email`, `usertype`) VALUES ('ابتسام صالح ابراهيم مبروك يوسف ', '', 'الخريجين');
INSERT INTO `lk9v6_alumni_main` (`id`, `user_id`, `approved`) VALUES (236713, 236713, 1);
INSERT INTO `lk9v6_alumni_data` (`alumni_id`, `graduation_year`, `fid`, `job`, `address`, `city`, `country`, `phone`, `gid`, `mobile`, `nationalnumber`, `department`, `division`, `with_honor`) VALUES (236713, 2016, '23', '', '', '', '', '', '', '', '', 'اقتصاد منزلى ', '', '');
INSERT INTO `lk9v6_users` (`name`, `email`, `usertype`) VALUES ('بسنت عبدالكريم محمد سناره', '', 'الخريجين');
INSERT INTO `lk9v6_alumni_main` (`id`, `user_id`, `approved`) VALUES (236714, 236714, 1);
INSERT INTO `lk9v6_alumni_data` (`alumni_id`, `graduation_year`, `fid`, `job`, `address`, `city`, `country`, `phone`, `gid`, `mobile`, `nationalnumber`, `department`, `division`, `with_honor`) VALUES (236714, 2016, '23', '', '', '', '', '', '', '', '', 'اقتصاد منزلى ', '', '');
INSERT INTO `lk9v6_users` (`name`, `email`, `usertype`) VALUES ('روميساء ابراهيم سعيد غانم ', '', 'الخريجين');
INSERT INTO `lk9v6_alumni_main` (`id`, `user_id`, `approved`) VALUES (236715, 236715, 1);
INSERT INTO `lk9v6_alumni_data` (`alumni_id`, `graduation_year`, `fid`, `job`, `address`, `city`, `country`, `phone`, `gid`, `mobile`, `nationalnumber`, `department`, `division`, `with_honor`) VALUES (236715, 2016, '23', '', '', '', '', '', '', '', '', 'اقتصاد منزلى ', '', '');
INSERT INTO `lk9v6_users` (`name`, `email`, `usertype`) VALUES ('سمر مصطفى عبدالسميع مجاهد', '', 'الخريجين');
INSERT INTO `lk9v6_alumni_main` (`id`, `user_id`, `approved`) VALUES (236716, 236716, 1);
INSERT INTO `lk9v6_alumni_data` (`alumni_id`, `graduation_year`, `fid`, `job`, `address`, `city`, `country`, `phone`, `gid`, `mobile`, `nationalnumber`, `department`, `division`, `with_honor`) VALUES (236716, 2016, '23', '', '', '', '', '', '', '', '', 'اقتصاد منزلى ', '', '');
INSERT INTO `lk9v6_users` (`name`, `email`, `usertype`) VALUES ('اسماء سعيد محمود حسن التلاوى ', '', 'الخريجين');
INSERT INTO `lk9v6_alumni_main` (`id`, `user_id`, `approved`) VALUES (236717, 236717, 1);
INSERT INTO `lk9v6_alumni_data` (`alumni_id`, `graduation_year`, `fid`, `job`, `address`, `city`, `country`, `phone`, `gid`, `mobile`, `nationalnumber`, `department`, `division`, `with_honor`) VALUES (236717, 2016, '23', '', '', '', '', '', '', '', '', 'اقتصاد منزلى ', '', '');
INSERT INTO `lk9v6_users` (`name`, `email`, `usertype`) VALUES ('امل محمد عبدالصمد عرفان الشافعى', '', 'الخريجين');
INSERT INTO `lk9v6_alumni_main` (`id`, `user_id`, `approved`) VALUES (236718, 236718, 1);
INSERT INTO `lk9v6_alumni_data` (`alumni_id`, `graduation_year`, `fid`, `job`, `address`, `city`, `country`, `phone`, `gid`, `mobile`, `nationalnumber`, `department`, `division`, `with_honor`) VALUES (236718, 2016, '23', '', '', '', '', '', '', '', '', 'اقتصاد منزلى ', '', '');
INSERT INTO `lk9v6_users` (`name`, `email`, `usertype`) VALUES ('اميرة سامى محمود محمد الساعدى ', '', 'الخريجين');
INSERT INTO `lk9v6_alumni_main` (`id`, `user_id`, `approved`) VALUES (236719, 236719, 1);
INSERT INTO `lk9v6_alumni_data` (`alumni_id`, `graduation_year`, `fid`, `job`, `address`, `city`, `country`, `phone`, `gid`, `mobile`, `nationalnumber`, `department`, `division`, `with_honor`) VALUES (236719, 2016, '23', '', '', '', '', '', '', '', '', 'اقتصاد منزلى ', '', '');
INSERT INTO `lk9v6_users` (`name`, `email`, `usertype`) VALUES ('ايناس محمد حسن محمود بدر', '', 'الخريجين');
INSERT INTO `lk9v6_alumni_main` (`id`, `user_id`, `approved`) VALUES (236720, 236720, 1);
INSERT INTO `lk9v6_alumni_data` (`alumni_id`, `graduation_year`, `fid`, `job`, `address`, `city`, `country`, `phone`, `gid`, `mobile`, `nationalnumber`, `department`, `division`, `with_honor`) VALUES (236720, 2016, '23', '', '', '', '', '', '', '', '', 'اقتصاد منزلى ', '', '');
INSERT INTO `lk9v6_users` (`name`, `email`, `usertype`) VALUES ('سارة كمال حسن حسن شاهين ', '', 'الخريجين');
INSERT INTO `lk9v6_alumni_main` (`id`, `user_id`, `approved`) VALUES (236721, 236721, 1);
INSERT INTO `lk9v6_alumni_data` (`alumni_id`, `graduation_year`, `fid`, `job`, `address`, `city`, `country`, `phone`, `gid`, `mobile`, `nationalnumber`, `department`, `division`, `with_honor`) VALUES (236721, 2016, '23', '', '', '', '', '', '', '', '', 'اقتصاد منزلى ', '', '');
INSERT INTO `lk9v6_users` (`name`, `email`, `usertype`) VALUES ('سهيلة احمد عبدالفتاح على عبيد ', '', 'الخريجين');
INSERT INTO `lk9v6_alumni_main` (`id`, `user_id`, `approved`) VALUES (236722, 236722, 1);
INSERT INTO `lk9v6_alumni_data` (`alumni_id`, `graduation_year`, `fid`, `job`, `address`, `city`, `country`, `phone`, `gid`, `mobile`, `nationalnumber`, `department`, `division`, `with_honor`) VALUES (236722, 2016, '23', '', '', '', '', '', '', '', '', 'اقتصاد منزلى ', '', '');
INSERT INTO `lk9v6_users` (`name`, `email`, `usertype`) VALUES ('فاطمة عاطف يوسف معوض عثمان', '', 'الخريجين');
INSERT INTO `lk9v6_alumni_main` (`id`, `user_id`, `approved`) VALUES (236723, 236723, 1);
INSERT INTO `lk9v6_alumni_data` (`alumni_id`, `graduation_year`, `fid`, `job`, `address`, `city`, `country`, `phone`, `gid`, `mobile`, `nationalnumber`, `department`, `division`, `with_honor`) VALUES (236723, 2016, '23', '', '', '', '', '', '', '', '', 'اقتصاد منزلى ', '', '');
INSERT INTO `lk9v6_users` (`name`, `email`, `usertype`) VALUES ('مها عبداللطيف عبدالسلام خضر', '', 'الخريجين');
INSERT INTO `lk9v6_alumni_main` (`id`, `user_id`, `approved`) VALUES (236724, 236724, 1);
INSERT INTO `lk9v6_alumni_data` (`alumni_id`, `graduation_year`, `fid`, `job`, `address`, `city`, `country`, `phone`, `gid`, `mobile`, `nationalnumber`, `department`, `division`, `with_honor`) VALUES (236724, 2016, '23', '', '', '', '', '', '', '', '', 'اقتصاد منزلى ', '', '');
INSERT INTO `lk9v6_users` (`name`, `email`, `usertype`) VALUES ('هدير عبدالرؤوف على محمد سلامة ', '', 'الخريجين');
INSERT INTO `lk9v6_alumni_main` (`id`, `user_id`, `approved`) VALUES (236725, 236725, 1);
INSERT INTO `lk9v6_alumni_data` (`alumni_id`, `graduation_year`, `fid`, `job`, `address`, `city`, `country`, `phone`, `gid`, `mobile`, `nationalnumber`, `department`, `division`, `with_honor`) VALUES (236725, 2016, '23', '', '', '', '', '', '', '', '', 'اقتصاد منزلى ', '', '');
INSERT INTO `lk9v6_users` (`name`, `email`, `usertype`) VALUES ('اسراء حسين محمد حسين الطيب', '', 'الخريجين');
INSERT INTO `lk9v6_alumni_main` (`id`, `user_id`, `approved`) VALUES (236726, 236726, 1);
INSERT INTO `lk9v6_alumni_data` (`alumni_id`, `graduation_year`, `fid`, `job`, `address`, `city`, `country`, `phone`, `gid`, `mobile`, `nationalnumber`, `department`, `division`, `with_honor`) VALUES (236726, 2016, '23', '', '', '', '', '', '', '', '', 'اقتصاد منزلى ', '', '');
INSERT INTO `lk9v6_users` (`name`, `email`, `usertype`) VALUES ('الاء اسامة محمد عبدالباعث خليف ', '', 'الخريجين');
INSERT INTO `lk9v6_alumni_main` (`id`, `user_id`, `approved`) VALUES (236727, 236727, 1);
INSERT INTO `lk9v6_alumni_data` (`alumni_id`, `graduation_year`, `fid`, `job`, `address`, `city`, `country`, `phone`, `gid`, `mobile`, `nationalnumber`, `department`, `division`, `with_honor`) VALUES (236727, 2016, '23', '', '', '', '', '', '', '', '', 'اقتصاد منزلى ', '', '');
INSERT INTO `lk9v6_users` (`name`, `email`, `usertype`) VALUES ('رضوى ابراهيم حجازى شحاتة حجازى', '', 'الخريجين');
INSERT INTO `lk9v6_alumni_main` (`id`, `user_id`, `approved`) VALUES (236728, 236728, 1);
INSERT INTO `lk9v6_alumni_data` (`alumni_id`, `graduation_year`, `fid`, `job`, `address`, `city`, `country`, `phone`, `gid`, `mobile`, `nationalnumber`, `department`, `division`, `with_honor`) VALUES (236728, 2016, '23', '', '', '', '', '', '', '', '', 'اقتصاد منزلى ', '', '');
INSERT INTO `lk9v6_users` (`name`, `email`, `usertype`) VALUES ('ابتسام رضا عبدالسلام محمد المغازى ', '', 'الخريجين');
INSERT INTO `lk9v6_alumni_main` (`id`, `user_id`, `approved`) VALUES (236729, 236729, 1);
INSERT INTO `lk9v6_alumni_data` (`alumni_id`, `graduation_year`, `fid`, `job`, `address`, `city`, `country`, `phone`, `gid`, `mobile`, `nationalnumber`, `department`, `division`, `with_honor`) VALUES (236729, 2016, '23', '', '', '', '', '', '', '', '', 'التربية الفنية ', '', '');
INSERT INTO `lk9v6_users` (`name`, `email`, `usertype`) VALUES ('اروى محمد شوقى الحوفى', '', 'الخريجين');
INSERT INTO `lk9v6_alumni_main` (`id`, `user_id`, `approved`) VALUES (236730, 236730, 1);
INSERT INTO `lk9v6_alumni_data` (`alumni_id`, `graduation_year`, `fid`, `job`, `address`, `city`, `country`, `phone`, `gid`, `mobile`, `nationalnumber`, `department`, `division`, `with_honor`) VALUES (236730, 2016, '23', '', '', '', '', '', '', '', '', 'التربية الفنية ', '', '');
INSERT INTO `lk9v6_users` (`name`, `email`, `usertype`) VALUES ('اسراء خيرى محمد خير الدين عامر', '', 'الخريجين');
INSERT INTO `lk9v6_alumni_main` (`id`, `user_id`, `approved`) VALUES (236731, 236731, 1);
INSERT INTO `lk9v6_alumni_data` (`alumni_id`, `graduation_year`, `fid`, `job`, `address`, `city`, `country`, `phone`, `gid`, `mobile`, `nationalnumber`, `department`, `division`, `with_honor`) VALUES (236731, 2016, '23', '', '', '', '', '', '', '', '', 'التربية الفنية ', '', '');
INSERT INTO `lk9v6_users` (`name`, `email`, `usertype`) VALUES ('اسراء صبحى حسن عبدالجواد ', '', 'الخريجين');
INSERT INTO `lk9v6_alumni_main` (`id`, `user_id`, `approved`) VALUES (236732, 236732, 1);
INSERT INTO `lk9v6_alumni_data` (`alumni_id`, `graduation_year`, `fid`, `job`, `address`, `city`, `country`, `phone`, `gid`, `mobile`, `nationalnumber`, `department`, `division`, `with_honor`) VALUES (236732, 2016, '23', '', '', '', '', '', '', '', '', 'التربية الفنية ', '', '');
INSERT INTO `lk9v6_users` (`name`, `email`, `usertype`) VALUES ('اسراء عبدالحميد عبدالعال جبريل ', '', 'الخريجين');
INSERT INTO `lk9v6_alumni_main` (`id`, `user_id`, `approved`) VALUES (236733, 236733, 1);
INSERT INTO `lk9v6_alumni_data` (`alumni_id`, `graduation_year`, `fid`, `job`, `address`, `city`, `country`, `phone`, `gid`, `mobile`, `nationalnumber`, `department`, `division`, `with_honor`) VALUES (236733, 2016, '23', '', '', '', '', '', '', '', '', 'التربية الفنية ', '', '');
INSERT INTO `lk9v6_users` (`name`, `email`, `usertype`) VALUES ('اسراء محمد عبدالمنعم محمد الرفاعى', '', 'الخريجين');
INSERT INTO `lk9v6_alumni_main` (`id`, `user_id`, `approved`) VALUES (236734, 236734, 1);
INSERT INTO `lk9v6_alumni_data` (`alumni_id`, `graduation_year`, `fid`, `job`, `address`, `city`, `country`, `phone`, `gid`, `mobile`, `nationalnumber`, `department`, `division`, `with_honor`) VALUES (236734, 2016, '23', '', '', '', '', '', '', '', '', 'التربية الفنية ', '', '');
INSERT INTO `lk9v6_users` (`name`, `email`, `usertype`) VALUES ('اسراء مصطفى محمد محمد مصطفى ', '', 'الخريجين');
INSERT INTO `lk9v6_alumni_main` (`id`, `user_id`, `approved`) VALUES (236735, 236735, 1);
INSERT INTO `lk9v6_alumni_data` (`alumni_id`, `graduation_year`, `fid`, `job`, `address`, `city`, `country`, `phone`, `gid`, `mobile`, `nationalnumber`, `department`, `division`, `with_honor`) VALUES (236735, 2016, '23', '', '', '', '', '', '', '', '', 'التربية الفنية ', '', '');
INSERT INTO `lk9v6_users` (`name`, `email`, `usertype`) VALUES ('اسماء السيد بغدادى حسن عبادى', '', 'الخريجين');
INSERT INTO `lk9v6_alumni_main` (`id`, `user_id`, `approved`) VALUES (236736, 236736, 1);
INSERT INTO `lk9v6_alumni_data` (`alumni_id`, `graduation_year`, `fid`, `job`, `address`, `city`, `country`, `phone`, `gid`, `mobile`, `nationalnumber`, `department`, `division`, `with_honor`) VALUES (236736, 2016, '23', '', '', '', '', '', '', '', '', 'التربية الفنية ', '', '');
INSERT INTO `lk9v6_users` (`name`, `email`, `usertype`) VALUES ('اسماء حسن عبدالقادر على ابراهيم', '', 'الخريجين');
INSERT INTO `lk9v6_alumni_main` (`id`, `user_id`, `approved`) VALUES (236737, 236737, 1);
INSERT INTO `lk9v6_alumni_data` (`alumni_id`, `graduation_year`, `fid`, `job`, `address`, `city`, `country`, `phone`, `gid`, `mobile`, `nationalnumber`, `department`, `division`, `with_honor`) VALUES (236737, 2016, '23', '', '', '', '', '', '', '', '', 'التربية الفنية ', '', '');
INSERT INTO `lk9v6_users` (`name`, `email`, `usertype`) VALUES ('اسماء محمد احمد السباعى سالم ', '', 'الخريجين');
INSERT INTO `lk9v6_alumni_main` (`id`, `user_id`, `approved`) VALUES (236738, 236738, 1);
INSERT INTO `lk9v6_alumni_data` (`alumni_id`, `graduation_year`, `fid`, `job`, `address`, `city`, `country`, `phone`, `gid`, `mobile`, `nationalnumber`, `department`, `division`, `with_honor`) VALUES (236738, 2016, '23', '', '', '', '', '', '', '', '', 'التربية الفنية ', '', '');
INSERT INTO `lk9v6_users` (`name`, `email`, `usertype`) VALUES ('اسماء محمد محمود عبدالشفيع سلمان ', '', 'الخريجين');
INSERT INTO `lk9v6_alumni_main` (`id`, `user_id`, `approved`) VALUES (236739, 236739, 1);
INSERT INTO `lk9v6_alumni_data` (`alumni_id`, `graduation_year`, `fid`, `job`, `address`, `city`, `country`, `phone`, `gid`, `mobile`, `nationalnumber`, `department`, `division`, `with_honor`) VALUES (236739, 2016, '23', '', '', '', '', '', '', '', '', 'التربية الفنية ', '', '');
INSERT INTO `lk9v6_users` (`name`, `email`, `usertype`) VALUES ('اسماء وحيد ابراهيم على مناع ', '', 'الخريجين');
INSERT INTO `lk9v6_alumni_main` (`id`, `user_id`, `approved`) VALUES (236740, 236740, 1);
INSERT INTO `lk9v6_alumni_data` (`alumni_id`, `graduation_year`, `fid`, `job`, `address`, `city`, `country`, `phone`, `gid`, `mobile`, `nationalnumber`, `department`, `division`, `with_honor`) VALUES (236740, 2016, '23', '', '', '', '', '', '', '', '', 'التربية الفنية ', '', '');
INSERT INTO `lk9v6_users` (`name`, `email`, `usertype`) VALUES ('اسماء يوسف حسن حموده ', '', 'الخريجين');
INSERT INTO `lk9v6_alumni_main` (`id`, `user_id`, `approved`) VALUES (236741, 236741, 1);
INSERT INTO `lk9v6_alumni_data` (`alumni_id`, `graduation_year`, `fid`, `job`, `address`, `city`, `country`, `phone`, `gid`, `mobile`, `nationalnumber`, `department`, `division`, `with_honor`) VALUES (236741, 2016, '23', '', '', '', '', '', '', '', '', 'التربية الفنية ', '', '');
INSERT INTO `lk9v6_users` (`name`, `email`, `usertype`) VALUES ('الاء سعيد محمد عبدالعاطى زايد', '', 'الخريجين');
INSERT INTO `lk9v6_alumni_main` (`id`, `user_id`, `approved`) VALUES (236742, 236742, 1);
INSERT INTO `lk9v6_alumni_data` (`alumni_id`, `graduation_year`, `fid`, `job`, `address`, `city`, `country`, `phone`, `gid`, `mobile`, `nationalnumber`, `department`, `division`, `with_honor`) VALUES (236742, 2016, '23', '', '', '', '', '', '', '', '', 'التربية الفنية ', '', '');
INSERT INTO `lk9v6_users` (`name`, `email`, `usertype`) VALUES ('الاء عاطف عبدالفتاح عبدالوهاب الكومى ', '', 'الخريجين');
INSERT INTO `lk9v6_alumni_main` (`id`, `user_id`, `approved`) VALUES (236743, 236743, 1);
INSERT INTO `lk9v6_alumni_data` (`alumni_id`, `graduation_year`, `fid`, `job`, `address`, `city`, `country`, `phone`, `gid`, `mobile`, `nationalnumber`, `department`, `division`, `with_honor`) VALUES (236743, 2016, '23', '', '', '', '', '', '', '', '', 'التربية الفنية ', '', '');
INSERT INTO `lk9v6_users` (`name`, `email`, `usertype`) VALUES ('الاء محمد عبدالكريم عبدالجليل', '', 'الخريجين');
INSERT INTO `lk9v6_alumni_main` (`id`, `user_id`, `approved`) VALUES (236744, 236744, 1);
INSERT INTO `lk9v6_alumni_data` (`alumni_id`, `graduation_year`, `fid`, `job`, `address`, `city`, `country`, `phone`, `gid`, `mobile`, `nationalnumber`, `department`, `division`, `with_honor`) VALUES (236744, 2016, '23', '', '', '', '', '', '', '', '', 'التربية الفنية ', '', '');
INSERT INTO `lk9v6_users` (`name`, `email`, `usertype`) VALUES ('الزهراء مصطفى عبدالغنى العشرى ', '', 'الخريجين');
INSERT INTO `lk9v6_alumni_main` (`id`, `user_id`, `approved`) VALUES (236745, 236745, 1);
INSERT INTO `lk9v6_alumni_data` (`alumni_id`, `graduation_year`, `fid`, `job`, `address`, `city`, `country`, `phone`, `gid`, `mobile`, `nationalnumber`, `department`, `division`, `with_honor`) VALUES (236745, 2016, '23', '', '', '', '', '', '', '', '', 'التربية الفنية ', '', '');
INSERT INTO `lk9v6_users` (`name`, `email`, `usertype`) VALUES ('الشيماء احمد محمد الدالى', '', 'الخريجين');
INSERT INTO `lk9v6_alumni_main` (`id`, `user_id`, `approved`) VALUES (236746, 236746, 1);
INSERT INTO `lk9v6_alumni_data` (`alumni_id`, `graduation_year`, `fid`, `job`, `address`, `city`, `country`, `phone`, `gid`, `mobile`, `nationalnumber`, `department`, `division`, `with_honor`) VALUES (236746, 2016, '23', '', '', '', '', '', '', '', '', 'التربية الفنية ', '', '');
INSERT INTO `lk9v6_users` (`name`, `email`, `usertype`) VALUES ('امانويلا نادر فرنسيس حنا ', '', 'الخريجين');
INSERT INTO `lk9v6_alumni_main` (`id`, `user_id`, `approved`) VALUES (236747, 236747, 1);
INSERT INTO `lk9v6_alumni_data` (`alumni_id`, `graduation_year`, `fid`, `job`, `address`, `city`, `country`, `phone`, `gid`, `mobile`, `nationalnumber`, `department`, `division`, `with_honor`) VALUES (236747, 2016, '23', '', '', '', '', '', '', '', '', 'التربية الفنية ', '', '');
INSERT INTO `lk9v6_users` (`name`, `email`, `usertype`) VALUES ('امانى احمد عبدالله البدوى ', '', 'الخريجين');
INSERT INTO `lk9v6_alumni_main` (`id`, `user_id`, `approved`) VALUES (236748, 236748, 1);
INSERT INTO `lk9v6_alumni_data` (`alumni_id`, `graduation_year`, `fid`, `job`, `address`, `city`, `country`, `phone`, `gid`, `mobile`, `nationalnumber`, `department`, `division`, `with_honor`) VALUES (236748, 2016, '23', '', '', '', '', '', '', '', '', 'التربية الفنية ', '', '');
INSERT INTO `lk9v6_users` (`name`, `email`, `usertype`) VALUES ('امانى عاطف عبدالهادى ابوالمعاطى الدمياطى ', '', 'الخريجين');
INSERT INTO `lk9v6_alumni_main` (`id`, `user_id`, `approved`) VALUES (236749, 236749, 1);
INSERT INTO `lk9v6_alumni_data` (`alumni_id`, `graduation_year`, `fid`, `job`, `address`, `city`, `country`, `phone`, `gid`, `mobile`, `nationalnumber`, `department`, `division`, `with_honor`) VALUES (236749, 2016, '23', '', '', '', '', '', '', '', '', 'التربية الفنية ', '', '');
INSERT INTO `lk9v6_users` (`name`, `email`, `usertype`) VALUES ('امانى عبدالعزيز عبدالله جادالله', '', 'الخريجين');
INSERT INTO `lk9v6_alumni_main` (`id`, `user_id`, `approved`) VALUES (236750, 236750, 1);
INSERT INTO `lk9v6_alumni_data` (`alumni_id`, `graduation_year`, `fid`, `job`, `address`, `city`, `country`, `phone`, `gid`, `mobile`, `nationalnumber`, `department`, `division`, `with_honor`) VALUES (236750, 2016, '23', '', '', '', '', '', '', '', '', 'التربية الفنية ', '', '');
INSERT INTO `lk9v6_users` (`name`, `email`, `usertype`) VALUES ('امانى عبدالله محمود على ', '', 'الخريجين');
INSERT INTO `lk9v6_alumni_main` (`id`, `user_id`, `approved`) VALUES (236751, 236751, 1);
INSERT INTO `lk9v6_alumni_data` (`alumni_id`, `graduation_year`, `fid`, `job`, `address`, `city`, `country`, `phone`, `gid`, `mobile`, `nationalnumber`, `department`, `division`, `with_honor`) VALUES (236751, 2016, '23', '', '', '', '', '', '', '', '', 'التربية الفنية ', '', '');
INSERT INTO `lk9v6_users` (`name`, `email`, `usertype`) VALUES ('امانى محمد منصور الباز', '', 'الخريجين');
INSERT INTO `lk9v6_alumni_main` (`id`, `user_id`, `approved`) VALUES (236752, 236752, 1);
INSERT INTO `lk9v6_alumni_data` (`alumni_id`, `graduation_year`, `fid`, `job`, `address`, `city`, `country`, `phone`, `gid`, `mobile`, `nationalnumber`, `department`, `division`, `with_honor`) VALUES (236752, 2016, '23', '', '', '', '', '', '', '', '', 'التربية الفنية ', '', '');
INSERT INTO `lk9v6_users` (`name`, `email`, `usertype`) VALUES ('امنية جمال محمد محمود حشيش', '', 'الخريجين');
INSERT INTO `lk9v6_alumni_main` (`id`, `user_id`, `approved`) VALUES (236753, 236753, 1);
INSERT INTO `lk9v6_alumni_data` (`alumni_id`, `graduation_year`, `fid`, `job`, `address`, `city`, `country`, `phone`, `gid`, `mobile`, `nationalnumber`, `department`, `division`, `with_honor`) VALUES (236753, 2016, '23', '', '', '', '', '', '', '', '', 'التربية الفنية ', '', '');
INSERT INTO `lk9v6_users` (`name`, `email`, `usertype`) VALUES ('امنية عبدالسيد عبدالخير عبدالسيد ', '', 'الخريجين');
INSERT INTO `lk9v6_alumni_main` (`id`, `user_id`, `approved`) VALUES (236754, 236754, 1);
INSERT INTO `lk9v6_alumni_data` (`alumni_id`, `graduation_year`, `fid`, `job`, `address`, `city`, `country`, `phone`, `gid`, `mobile`, `nationalnumber`, `department`, `division`, `with_honor`) VALUES (236754, 2016, '23', '', '', '', '', '', '', '', '', 'التربية الفنية ', '', '');
INSERT INTO `lk9v6_users` (`name`, `email`, `usertype`) VALUES ('اميرة اسماعيل ابراهيم مدين ', '', 'الخريجين');
INSERT INTO `lk9v6_alumni_main` (`id`, `user_id`, `approved`) VALUES (236755, 236755, 1);
INSERT INTO `lk9v6_alumni_data` (`alumni_id`, `graduation_year`, `fid`, `job`, `address`, `city`, `country`, `phone`, `gid`, `mobile`, `nationalnumber`, `department`, `division`, `with_honor`) VALUES (236755, 2016, '23', '', '', '', '', '', '', '', '', 'التربية الفنية ', '', '');
INSERT INTO `lk9v6_users` (`name`, `email`, `usertype`) VALUES ('اميرة اسماعيل صبرى محمد عبدالحليم ', '', 'الخريجين');
INSERT INTO `lk9v6_alumni_main` (`id`, `user_id`, `approved`) VALUES (236756, 236756, 1);
INSERT INTO `lk9v6_alumni_data` (`alumni_id`, `graduation_year`, `fid`, `job`, `address`, `city`, `country`, `phone`, `gid`, `mobile`, `nationalnumber`, `department`, `division`, `with_honor`) VALUES (236756, 2016, '23', '', '', '', '', '', '', '', '', 'التربية الفنية ', '', '');
INSERT INTO `lk9v6_users` (`name`, `email`, `usertype`) VALUES ('اميرة سعيد علوانى الغزولى', '', 'الخريجين');
INSERT INTO `lk9v6_alumni_main` (`id`, `user_id`, `approved`) VALUES (236757, 236757, 1);
INSERT INTO `lk9v6_alumni_data` (`alumni_id`, `graduation_year`, `fid`, `job`, `address`, `city`, `country`, `phone`, `gid`, `mobile`, `nationalnumber`, `department`, `division`, `with_honor`) VALUES (236757, 2016, '23', '', '', '', '', '', '', '', '', 'التربية الفنية ', '', '');
INSERT INTO `lk9v6_users` (`name`, `email`, `usertype`) VALUES ('ايات محيي الدين ابراهيم ابراهيم', '', 'الخريجين');
INSERT INTO `lk9v6_alumni_main` (`id`, `user_id`, `approved`) VALUES (236758, 236758, 1);
INSERT INTO `lk9v6_alumni_data` (`alumni_id`, `graduation_year`, `fid`, `job`, `address`, `city`, `country`, `phone`, `gid`, `mobile`, `nationalnumber`, `department`, `division`, `with_honor`) VALUES (236758, 2016, '23', '', '', '', '', '', '', '', '', 'التربية الفنية ', '', '');
INSERT INTO `lk9v6_users` (`name`, `email`, `usertype`) VALUES ('ايرينى بشرى بشاى اقلاديوس', '', 'الخريجين');
INSERT INTO `lk9v6_alumni_main` (`id`, `user_id`, `approved`) VALUES (236759, 236759, 1);
INSERT INTO `lk9v6_alumni_data` (`alumni_id`, `graduation_year`, `fid`, `job`, `address`, `city`, `country`, `phone`, `gid`, `mobile`, `nationalnumber`, `department`, `division`, `with_honor`) VALUES (236759, 2016, '23', '', '', '', '', '', '', '', '', 'التربية الفنية ', '', '');
INSERT INTO `lk9v6_users` (`name`, `email`, `usertype`) VALUES ('ايمان ابراهيم سعد ابراهيم ابوسعده', '', 'الخريجين');
INSERT INTO `lk9v6_alumni_main` (`id`, `user_id`, `approved`) VALUES (236760, 236760, 1);
INSERT INTO `lk9v6_alumni_data` (`alumni_id`, `graduation_year`, `fid`, `job`, `address`, `city`, `country`, `phone`, `gid`, `mobile`, `nationalnumber`, `department`, `division`, `with_honor`) VALUES (236760, 2016, '23', '', '', '', '', '', '', '', '', 'التربية الفنية ', '', '');
INSERT INTO `lk9v6_users` (`name`, `email`, `usertype`) VALUES ('ايمان ابراهيم محمد عبدالمطلب ونس', '', 'الخريجين');
INSERT INTO `lk9v6_alumni_main` (`id`, `user_id`, `approved`) VALUES (236761, 236761, 1);
INSERT INTO `lk9v6_alumni_data` (`alumni_id`, `graduation_year`, `fid`, `job`, `address`, `city`, `country`, `phone`, `gid`, `mobile`, `nationalnumber`, `department`, `division`, `with_honor`) VALUES (236761, 2016, '23', '', '', '', '', '', '', '', '', 'التربية الفنية ', '', '');
INSERT INTO `lk9v6_users` (`name`, `email`, `usertype`) VALUES ('ايمان جمال الدين محمد عبدالنبي', '', 'الخريجين');
INSERT INTO `lk9v6_alumni_main` (`id`, `user_id`, `approved`) VALUES (236762, 236762, 1);
INSERT INTO `lk9v6_alumni_data` (`alumni_id`, `graduation_year`, `fid`, `job`, `address`, `city`, `country`, `phone`, `gid`, `mobile`, `nationalnumber`, `department`, `division`, `with_honor`) VALUES (236762, 2016, '23', '', '', '', '', '', '', '', '', 'التربية الفنية ', '', '');
INSERT INTO `lk9v6_users` (`name`, `email`, `usertype`) VALUES ('ايمان على سليمان على خليفة', '', 'الخريجين');
INSERT INTO `lk9v6_alumni_main` (`id`, `user_id`, `approved`) VALUES (236763, 236763, 1);
INSERT INTO `lk9v6_alumni_data` (`alumni_id`, `graduation_year`, `fid`, `job`, `address`, `city`, `country`, `phone`, `gid`, `mobile`, `nationalnumber`, `department`, `division`, `with_honor`) VALUES (236763, 2016, '23', '', '', '', '', '', '', '', '', 'التربية الفنية ', '', '');
INSERT INTO `lk9v6_users` (`name`, `email`, `usertype`) VALUES ('ايمان محمد ابراهيم ابراهيم البرعى ', '', 'الخريجين');
INSERT INTO `lk9v6_alumni_main` (`id`, `user_id`, `approved`) VALUES (236764, 236764, 1);
INSERT INTO `lk9v6_alumni_data` (`alumni_id`, `graduation_year`, `fid`, `job`, `address`, `city`, `country`, `phone`, `gid`, `mobile`, `nationalnumber`, `department`, `division`, `with_honor`) VALUES (236764, 2016, '23', '', '', '', '', '', '', '', '', 'التربية الفنية ', '', '');
INSERT INTO `lk9v6_users` (`name`, `email`, `usertype`) VALUES ('ايه سعيد محمود خير الله يعقوب', '', 'الخريجين');
INSERT INTO `lk9v6_alumni_main` (`id`, `user_id`, `approved`) VALUES (236765, 236765, 1);
INSERT INTO `lk9v6_alumni_data` (`alumni_id`, `graduation_year`, `fid`, `job`, `address`, `city`, `country`, `phone`, `gid`, `mobile`, `nationalnumber`, `department`, `division`, `with_honor`) VALUES (236765, 2016, '23', '', '', '', '', '', '', '', '', 'التربية الفنية ', '', '');
INSERT INTO `lk9v6_users` (`name`, `email`, `usertype`) VALUES ('ايه سمير عبدالمنعم محمد ابوعميره ', '', 'الخريجين');
INSERT INTO `lk9v6_alumni_main` (`id`, `user_id`, `approved`) VALUES (236766, 236766, 1);
INSERT INTO `lk9v6_alumni_data` (`alumni_id`, `graduation_year`, `fid`, `job`, `address`, `city`, `country`, `phone`, `gid`, `mobile`, `nationalnumber`, `department`, `division`, `with_honor`) VALUES (236766, 2016, '23', '', '', '', '', '', '', '', '', 'التربية الفنية ', '', '');
INSERT INTO `lk9v6_users` (`name`, `email`, `usertype`) VALUES ('ايه صفاء سعد عشبة ', '', 'الخريجين');
INSERT INTO `lk9v6_alumni_main` (`id`, `user_id`, `approved`) VALUES (236767, 236767, 1);
INSERT INTO `lk9v6_alumni_data` (`alumni_id`, `graduation_year`, `fid`, `job`, `address`, `city`, `country`, `phone`, `gid`, `mobile`, `nationalnumber`, `department`, `division`, `with_honor`) VALUES (236767, 2016, '23', '', '', '', '', '', '', '', '', 'التربية الفنية ', '', '');
INSERT INTO `lk9v6_users` (`name`, `email`, `usertype`) VALUES ('ايه صلاح عبدالسلام محمد الجيزاوى', '', 'الخريجين');
INSERT INTO `lk9v6_alumni_main` (`id`, `user_id`, `approved`) VALUES (236768, 236768, 1);
INSERT INTO `lk9v6_alumni_data` (`alumni_id`, `graduation_year`, `fid`, `job`, `address`, `city`, `country`, `phone`, `gid`, `mobile`, `nationalnumber`, `department`, `division`, `with_honor`) VALUES (236768, 2016, '23', '', '', '', '', '', '', '', '', 'التربية الفنية ', '', '');
INSERT INTO `lk9v6_users` (`name`, `email`, `usertype`) VALUES ('ايه عبدالجليل ابراهيم على', '', 'الخريجين');
INSERT INTO `lk9v6_alumni_main` (`id`, `user_id`, `approved`) VALUES (236769, 236769, 1);
INSERT INTO `lk9v6_alumni_data` (`alumni_id`, `graduation_year`, `fid`, `job`, `address`, `city`, `country`, `phone`, `gid`, `mobile`, `nationalnumber`, `department`, `division`, `with_honor`) VALUES (236769, 2016, '23', '', '', '', '', '', '', '', '', 'التربية الفنية ', '', '');
INSERT INTO `lk9v6_users` (`name`, `email`, `usertype`) VALUES ('ايه عوض عبدالرحمن بليح ', '', 'الخريجين');
INSERT INTO `lk9v6_alumni_main` (`id`, `user_id`, `approved`) VALUES (236770, 236770, 1);
INSERT INTO `lk9v6_alumni_data` (`alumni_id`, `graduation_year`, `fid`, `job`, `address`, `city`, `country`, `phone`, `gid`, `mobile`, `nationalnumber`, `department`, `division`, `with_honor`) VALUES (236770, 2016, '23', '', '', '', '', '', '', '', '', 'التربية الفنية ', '', '');
INSERT INTO `lk9v6_users` (`name`, `email`, `usertype`) VALUES ('ايه مبروك السعيد عبدالغنى ', '', 'الخريجين');
INSERT INTO `lk9v6_alumni_main` (`id`, `user_id`, `approved`) VALUES (236771, 236771, 1);
INSERT INTO `lk9v6_alumni_data` (`alumni_id`, `graduation_year`, `fid`, `job`, `address`, `city`, `country`, `phone`, `gid`, `mobile`, `nationalnumber`, `department`, `division`, `with_honor`) VALUES (236771, 2016, '23', '', '', '', '', '', '', '', '', 'التربية الفنية ', '', '');
INSERT INTO `lk9v6_users` (`name`, `email`, `usertype`) VALUES ('ايه محمد عبدالعاطى على سالم الشيخ ', '', 'الخريجين');
INSERT INTO `lk9v6_alumni_main` (`id`, `user_id`, `approved`) VALUES (236772, 236772, 1);
INSERT INTO `lk9v6_alumni_data` (`alumni_id`, `graduation_year`, `fid`, `job`, `address`, `city`, `country`, `phone`, `gid`, `mobile`, `nationalnumber`, `department`, `division`, `with_honor`) VALUES (236772, 2016, '23', '', '', '', '', '', '', '', '', 'التربية الفنية ', '', '');
INSERT INTO `lk9v6_users` (`name`, `email`, `usertype`) VALUES ('ايه مصطفى محمد على المنير', '', 'الخريجين');
INSERT INTO `lk9v6_alumni_main` (`id`, `user_id`, `approved`) VALUES (236773, 236773, 1);
INSERT INTO `lk9v6_alumni_data` (`alumni_id`, `graduation_year`, `fid`, `job`, `address`, `city`, `country`, `phone`, `gid`, `mobile`, `nationalnumber`, `department`, `division`, `with_honor`) VALUES (236773, 2016, '23', '', '', '', '', '', '', '', '', 'التربية الفنية ', '', '');
INSERT INTO `lk9v6_users` (`name`, `email`, `usertype`) VALUES ('ايه ناصر ابراهيم عبدالمطلب', '', 'الخريجين');
INSERT INTO `lk9v6_alumni_main` (`id`, `user_id`, `approved`) VALUES (236774, 236774, 1);
INSERT INTO `lk9v6_alumni_data` (`alumni_id`, `graduation_year`, `fid`, `job`, `address`, `city`, `country`, `phone`, `gid`, `mobile`, `nationalnumber`, `department`, `division`, `with_honor`) VALUES (236774, 2016, '23', '', '', '', '', '', '', '', '', 'التربية الفنية ', '', '');
INSERT INTO `lk9v6_users` (`name`, `email`, `usertype`) VALUES ('بربارا بشرى عبد السيد فرج جرجس', '', 'الخريجين');
INSERT INTO `lk9v6_alumni_main` (`id`, `user_id`, `approved`) VALUES (236775, 236775, 1);
INSERT INTO `lk9v6_alumni_data` (`alumni_id`, `graduation_year`, `fid`, `job`, `address`, `city`, `country`, `phone`, `gid`, `mobile`, `nationalnumber`, `department`, `division`, `with_honor`) VALUES (236775, 2016, '23', '', '', '', '', '', '', '', '', 'التربية الفنية ', '', '');
INSERT INTO `lk9v6_users` (`name`, `email`, `usertype`) VALUES ('بسام على عبد الستار عبدالحكيم ابوعامر', '', 'الخريجين');
INSERT INTO `lk9v6_alumni_main` (`id`, `user_id`, `approved`) VALUES (236776, 236776, 1);
INSERT INTO `lk9v6_alumni_data` (`alumni_id`, `graduation_year`, `fid`, `job`, `address`, `city`, `country`, `phone`, `gid`, `mobile`, `nationalnumber`, `department`, `division`, `with_honor`) VALUES (236776, 2016, '23', '', '', '', '', '', '', '', '', 'التربية الفنية ', '', '');
INSERT INTO `lk9v6_users` (`name`, `email`, `usertype`) VALUES ('بسنت السيد ابراهيم عبدالجواد ', '', 'الخريجين');
INSERT INTO `lk9v6_alumni_main` (`id`, `user_id`, `approved`) VALUES (236777, 236777, 1);
INSERT INTO `lk9v6_alumni_data` (`alumni_id`, `graduation_year`, `fid`, `job`, `address`, `city`, `country`, `phone`, `gid`, `mobile`, `nationalnumber`, `department`, `division`, `with_honor`) VALUES (236777, 2016, '23', '', '', '', '', '', '', '', '', 'التربية الفنية ', '', '');
INSERT INTO `lk9v6_users` (`name`, `email`, `usertype`) VALUES ('بسنت سمير عبدالعظيم عبدالرازق الاشمونى ', '', 'الخريجين');
INSERT INTO `lk9v6_alumni_main` (`id`, `user_id`, `approved`) VALUES (236778, 236778, 1);
INSERT INTO `lk9v6_alumni_data` (`alumni_id`, `graduation_year`, `fid`, `job`, `address`, `city`, `country`, `phone`, `gid`, `mobile`, `nationalnumber`, `department`, `division`, `with_honor`) VALUES (236778, 2016, '23', '', '', '', '', '', '', '', '', 'التربية الفنية ', '', '');
INSERT INTO `lk9v6_users` (`name`, `email`, `usertype`) VALUES ('بسنت شباط عبدالعاطى محمد', '', 'الخريجين');
INSERT INTO `lk9v6_alumni_main` (`id`, `user_id`, `approved`) VALUES (236779, 236779, 1);
INSERT INTO `lk9v6_alumni_data` (`alumni_id`, `graduation_year`, `fid`, `job`, `address`, `city`, `country`, `phone`, `gid`, `mobile`, `nationalnumber`, `department`, `division`, `with_honor`) VALUES (236779, 2016, '23', '', '', '', '', '', '', '', '', 'التربية الفنية ', '', '');
INSERT INTO `lk9v6_users` (`name`, `email`, `usertype`) VALUES ('تسنيم عبدالرحيم عبداللطيف محمود عبداللطيف', '', 'الخريجين');
INSERT INTO `lk9v6_alumni_main` (`id`, `user_id`, `approved`) VALUES (236780, 236780, 1);
INSERT INTO `lk9v6_alumni_data` (`alumni_id`, `graduation_year`, `fid`, `job`, `address`, `city`, `country`, `phone`, `gid`, `mobile`, `nationalnumber`, `department`, `division`, `with_honor`) VALUES (236780, 2016, '23', '', '', '', '', '', '', '', '', 'التربية الفنية ', '', '');
INSERT INTO `lk9v6_users` (`name`, `email`, `usertype`) VALUES ('تسنيم غريب محمد غريب عبدالله', '', 'الخريجين');
INSERT INTO `lk9v6_alumni_main` (`id`, `user_id`, `approved`) VALUES (236781, 236781, 1);
INSERT INTO `lk9v6_alumni_data` (`alumni_id`, `graduation_year`, `fid`, `job`, `address`, `city`, `country`, `phone`, `gid`, `mobile`, `nationalnumber`, `department`, `division`, `with_honor`) VALUES (236781, 2016, '23', '', '', '', '', '', '', '', '', 'التربية الفنية ', '', '');
INSERT INTO `lk9v6_users` (`name`, `email`, `usertype`) VALUES ('جيهان منصور فريد منصور عامر', '', 'الخريجين');
INSERT INTO `lk9v6_alumni_main` (`id`, `user_id`, `approved`) VALUES (236782, 236782, 1);
INSERT INTO `lk9v6_alumni_data` (`alumni_id`, `graduation_year`, `fid`, `job`, `address`, `city`, `country`, `phone`, `gid`, `mobile`, `nationalnumber`, `department`, `division`, `with_honor`) VALUES (236782, 2016, '23', '', '', '', '', '', '', '', '', 'التربية الفنية ', '', '');
INSERT INTO `lk9v6_users` (`name`, `email`, `usertype`) VALUES ('حماس عبدالحكيم عامر احمد خليل', '', 'الخريجين');
INSERT INTO `lk9v6_alumni_main` (`id`, `user_id`, `approved`) VALUES (236783, 236783, 1);
INSERT INTO `lk9v6_alumni_data` (`alumni_id`, `graduation_year`, `fid`, `job`, `address`, `city`, `country`, `phone`, `gid`, `mobile`, `nationalnumber`, `department`, `division`, `with_honor`) VALUES (236783, 2016, '23', '', '', '', '', '', '', '', '', 'التربية الفنية ', '', '');
INSERT INTO `lk9v6_users` (`name`, `email`, `usertype`) VALUES ('خالد احمد عبده احمد ', '', 'الخريجين');
INSERT INTO `lk9v6_alumni_main` (`id`, `user_id`, `approved`) VALUES (236784, 236784, 1);
INSERT INTO `lk9v6_alumni_data` (`alumni_id`, `graduation_year`, `fid`, `job`, `address`, `city`, `country`, `phone`, `gid`, `mobile`, `nationalnumber`, `department`, `division`, `with_honor`) VALUES (236784, 2016, '23', '', '', '', '', '', '', '', '', 'التربية الفنية ', '', '');
INSERT INTO `lk9v6_users` (`name`, `email`, `usertype`) VALUES ('دعاء انور احمد المغربي', '', 'الخريجين');
INSERT INTO `lk9v6_alumni_main` (`id`, `user_id`, `approved`) VALUES (236785, 236785, 1);
INSERT INTO `lk9v6_alumni_data` (`alumni_id`, `graduation_year`, `fid`, `job`, `address`, `city`, `country`, `phone`, `gid`, `mobile`, `nationalnumber`, `department`, `division`, `with_honor`) VALUES (236785, 2016, '23', '', '', '', '', '', '', '', '', 'التربية الفنية ', '', '');
INSERT INTO `lk9v6_users` (`name`, `email`, `usertype`) VALUES ('دعاء عماد محروس الجبالى الجنجيهى', '', 'الخريجين');
INSERT INTO `lk9v6_alumni_main` (`id`, `user_id`, `approved`) VALUES (236786, 236786, 1);
INSERT INTO `lk9v6_alumni_data` (`alumni_id`, `graduation_year`, `fid`, `job`, `address`, `city`, `country`, `phone`, `gid`, `mobile`, `nationalnumber`, `department`, `division`, `with_honor`) VALUES (236786, 2016, '23', '', '', '', '', '', '', '', '', 'التربية الفنية ', '', '');
INSERT INTO `lk9v6_users` (`name`, `email`, `usertype`) VALUES ('دعاء محمود حسنين محمود المراغى ', '', 'الخريجين');
INSERT INTO `lk9v6_alumni_main` (`id`, `user_id`, `approved`) VALUES (236787, 236787, 1);
INSERT INTO `lk9v6_alumni_data` (`alumni_id`, `graduation_year`, `fid`, `job`, `address`, `city`, `country`, `phone`, `gid`, `mobile`, `nationalnumber`, `department`, `division`, `with_honor`) VALUES (236787, 2016, '23', '', '', '', '', '', '', '', '', 'التربية الفنية ', '', '');
INSERT INTO `lk9v6_users` (`name`, `email`, `usertype`) VALUES ('ديانا سمير سعد معوض', '', 'الخريجين');
INSERT INTO `lk9v6_alumni_main` (`id`, `user_id`, `approved`) VALUES (236788, 236788, 1);
INSERT INTO `lk9v6_alumni_data` (`alumni_id`, `graduation_year`, `fid`, `job`, `address`, `city`, `country`, `phone`, `gid`, `mobile`, `nationalnumber`, `department`, `division`, `with_honor`) VALUES (236788, 2016, '23', '', '', '', '', '', '', '', '', 'التربية الفنية ', '', '');
INSERT INTO `lk9v6_users` (`name`, `email`, `usertype`) VALUES ('رانيا عزمى النبوى محروس', '', 'الخريجين');
INSERT INTO `lk9v6_alumni_main` (`id`, `user_id`, `approved`) VALUES (236789, 236789, 1);
INSERT INTO `lk9v6_alumni_data` (`alumni_id`, `graduation_year`, `fid`, `job`, `address`, `city`, `country`, `phone`, `gid`, `mobile`, `nationalnumber`, `department`, `division`, `with_honor`) VALUES (236789, 2016, '23', '', '', '', '', '', '', '', '', 'التربية الفنية ', '', '');
INSERT INTO `lk9v6_users` (`name`, `email`, `usertype`) VALUES ('رضوى مصطفى حلمى سالم ', '', 'الخريجين');
INSERT INTO `lk9v6_alumni_main` (`id`, `user_id`, `approved`) VALUES (236790, 236790, 1);
INSERT INTO `lk9v6_alumni_data` (`alumni_id`, `graduation_year`, `fid`, `job`, `address`, `city`, `country`, `phone`, `gid`, `mobile`, `nationalnumber`, `department`, `division`, `with_honor`) VALUES (236790, 2016, '23', '', '', '', '', '', '', '', '', 'التربية الفنية ', '', '');
INSERT INTO `lk9v6_users` (`name`, `email`, `usertype`) VALUES ('رنا خالد حسين سيد سليمان ', '', 'الخريجين');
INSERT INTO `lk9v6_alumni_main` (`id`, `user_id`, `approved`) VALUES (236791, 236791, 1);
INSERT INTO `lk9v6_alumni_data` (`alumni_id`, `graduation_year`, `fid`, `job`, `address`, `city`, `country`, `phone`, `gid`, `mobile`, `nationalnumber`, `department`, `division`, `with_honor`) VALUES (236791, 2016, '23', '', '', '', '', '', '', '', '', 'التربية الفنية ', '', '');
INSERT INTO `lk9v6_users` (`name`, `email`, `usertype`) VALUES ('رنا فايز محمد محمد رشوان ', '', 'الخريجين');
INSERT INTO `lk9v6_alumni_main` (`id`, `user_id`, `approved`) VALUES (236792, 236792, 1);
INSERT INTO `lk9v6_alumni_data` (`alumni_id`, `graduation_year`, `fid`, `job`, `address`, `city`, `country`, `phone`, `gid`, `mobile`, `nationalnumber`, `department`, `division`, `with_honor`) VALUES (236792, 2016, '23', '', '', '', '', '', '', '', '', 'التربية الفنية ', '', '');
INSERT INTO `lk9v6_users` (`name`, `email`, `usertype`) VALUES ('رنا فؤاد عبدالرحمن محمد فريد', '', 'الخريجين');
INSERT INTO `lk9v6_alumni_main` (`id`, `user_id`, `approved`) VALUES (236793, 236793, 1);
INSERT INTO `lk9v6_alumni_data` (`alumni_id`, `graduation_year`, `fid`, `job`, `address`, `city`, `country`, `phone`, `gid`, `mobile`, `nationalnumber`, `department`, `division`, `with_honor`) VALUES (236793, 2016, '23', '', '', '', '', '', '', '', '', 'التربية الفنية ', '', '');
INSERT INTO `lk9v6_users` (`name`, `email`, `usertype`) VALUES ('سهام يحيي احمد محمد سعيد', '', 'الخريجين');
INSERT INTO `lk9v6_alumni_main` (`id`, `user_id`, `approved`) VALUES (236794, 236794, 1);
INSERT INTO `lk9v6_alumni_data` (`alumni_id`, `graduation_year`, `fid`, `job`, `address`, `city`, `country`, `phone`, `gid`, `mobile`, `nationalnumber`, `department`, `division`, `with_honor`) VALUES (236794, 2016, '23', '', '', '', '', '', '', '', '', 'التربية الفنية ', '', '');
INSERT INTO `lk9v6_users` (`name`, `email`, `usertype`) VALUES ('شاهنده مكرم غبروش لوندى مجلع ', '', 'الخريجين');
INSERT INTO `lk9v6_alumni_main` (`id`, `user_id`, `approved`) VALUES (236795, 236795, 1);
INSERT INTO `lk9v6_alumni_data` (`alumni_id`, `graduation_year`, `fid`, `job`, `address`, `city`, `country`, `phone`, `gid`, `mobile`, `nationalnumber`, `department`, `division`, `with_honor`) VALUES (236795, 2016, '23', '', '', '', '', '', '', '', '', 'التربية الفنية ', '', '');
INSERT INTO `lk9v6_users` (`name`, `email`, `usertype`) VALUES ('شروق حموده احمد القرو ', '', 'الخريجين');
INSERT INTO `lk9v6_alumni_main` (`id`, `user_id`, `approved`) VALUES (236796, 236796, 1);
INSERT INTO `lk9v6_alumni_data` (`alumni_id`, `graduation_year`, `fid`, `job`, `address`, `city`, `country`, `phone`, `gid`, `mobile`, `nationalnumber`, `department`, `division`, `with_honor`) VALUES (236796, 2016, '23', '', '', '', '', '', '', '', '', 'التربية الفنية ', '', '');
INSERT INTO `lk9v6_users` (`name`, `email`, `usertype`) VALUES ('شيماء انور عبدالرازق شعبان الخطيب', '', 'الخريجين');
INSERT INTO `lk9v6_alumni_main` (`id`, `user_id`, `approved`) VALUES (236797, 236797, 1);
INSERT INTO `lk9v6_alumni_data` (`alumni_id`, `graduation_year`, `fid`, `job`, `address`, `city`, `country`, `phone`, `gid`, `mobile`, `nationalnumber`, `department`, `division`, `with_honor`) VALUES (236797, 2016, '23', '', '', '', '', '', '', '', '', 'التربية الفنية ', '', '');
INSERT INTO `lk9v6_users` (`name`, `email`, `usertype`) VALUES ('شيماء محمد احمد عبدالنبي محمد ', '', 'الخريجين');
INSERT INTO `lk9v6_alumni_main` (`id`, `user_id`, `approved`) VALUES (236798, 236798, 1);
INSERT INTO `lk9v6_alumni_data` (`alumni_id`, `graduation_year`, `fid`, `job`, `address`, `city`, `country`, `phone`, `gid`, `mobile`, `nationalnumber`, `department`, `division`, `with_honor`) VALUES (236798, 2016, '23', '', '', '', '', '', '', '', '', 'التربية الفنية ', '', '');
INSERT INTO `lk9v6_users` (`name`, `email`, `usertype`) VALUES ('شيماء محمد عطيه البكاتوشى ', '', 'الخريجين');
INSERT INTO `lk9v6_alumni_main` (`id`, `user_id`, `approved`) VALUES (236799, 236799, 1);
INSERT INTO `lk9v6_alumni_data` (`alumni_id`, `graduation_year`, `fid`, `job`, `address`, `city`, `country`, `phone`, `gid`, `mobile`, `nationalnumber`, `department`, `division`, `with_honor`) VALUES (236799, 2016, '23', '', '', '', '', '', '', '', '', 'التربية الفنية ', '', '');
INSERT INTO `lk9v6_users` (`name`, `email`, `usertype`) VALUES ('شيماء نبيل فتح الله محمد السخاوى', '', 'الخريجين');
INSERT INTO `lk9v6_alumni_main` (`id`, `user_id`, `approved`) VALUES (236800, 236800, 1);
INSERT INTO `lk9v6_alumni_data` (`alumni_id`, `graduation_year`, `fid`, `job`, `address`, `city`, `country`, `phone`, `gid`, `mobile`, `nationalnumber`, `department`, `division`, `with_honor`) VALUES (236800, 2016, '23', '', '', '', '', '', '', '', '', 'التربية الفنية ', '', '');
INSERT INTO `lk9v6_users` (`name`, `email`, `usertype`) VALUES ('صبا صلاح الدين احمد عبده جزار', '', 'الخريجين');
INSERT INTO `lk9v6_alumni_main` (`id`, `user_id`, `approved`) VALUES (236801, 236801, 1);
INSERT INTO `lk9v6_alumni_data` (`alumni_id`, `graduation_year`, `fid`, `job`, `address`, `city`, `country`, `phone`, `gid`, `mobile`, `nationalnumber`, `department`, `division`, `with_honor`) VALUES (236801, 2016, '23', '', '', '', '', '', '', '', '', 'التربية الفنية ', '', '');
INSERT INTO `lk9v6_users` (`name`, `email`, `usertype`) VALUES ('ضحى سمير حنفى الدقاق', '', 'الخريجين');
INSERT INTO `lk9v6_alumni_main` (`id`, `user_id`, `approved`) VALUES (236802, 236802, 1);
INSERT INTO `lk9v6_alumni_data` (`alumni_id`, `graduation_year`, `fid`, `job`, `address`, `city`, `country`, `phone`, `gid`, `mobile`, `nationalnumber`, `department`, `division`, `with_honor`) VALUES (236802, 2016, '23', '', '', '', '', '', '', '', '', 'التربية الفنية ', '', '');
INSERT INTO `lk9v6_users` (`name`, `email`, `usertype`) VALUES ('عبير محمود عبدالجواد احمد الرامى ', '', 'الخريجين');
INSERT INTO `lk9v6_alumni_main` (`id`, `user_id`, `approved`) VALUES (236803, 236803, 1);
INSERT INTO `lk9v6_alumni_data` (`alumni_id`, `graduation_year`, `fid`, `job`, `address`, `city`, `country`, `phone`, `gid`, `mobile`, `nationalnumber`, `department`, `division`, `with_honor`) VALUES (236803, 2016, '23', '', '', '', '', '', '', '', '', 'التربية الفنية ', '', '');
INSERT INTO `lk9v6_users` (`name`, `email`, `usertype`) VALUES ('علا عمرو احمد يوسف حسين ', '', 'الخريجين');
INSERT INTO `lk9v6_alumni_main` (`id`, `user_id`, `approved`) VALUES (236804, 236804, 1);
INSERT INTO `lk9v6_alumni_data` (`alumni_id`, `graduation_year`, `fid`, `job`, `address`, `city`, `country`, `phone`, `gid`, `mobile`, `nationalnumber`, `department`, `division`, `with_honor`) VALUES (236804, 2016, '23', '', '', '', '', '', '', '', '', 'التربية الفنية ', '', '');
INSERT INTO `lk9v6_users` (`name`, `email`, `usertype`) VALUES ('علياء محمد عبدالحميد عبدالله محمد', '', 'الخريجين');
INSERT INTO `lk9v6_alumni_main` (`id`, `user_id`, `approved`) VALUES (236805, 236805, 1);
INSERT INTO `lk9v6_alumni_data` (`alumni_id`, `graduation_year`, `fid`, `job`, `address`, `city`, `country`, `phone`, `gid`, `mobile`, `nationalnumber`, `department`, `division`, `with_honor`) VALUES (236805, 2016, '23', '', '', '', '', '', '', '', '', 'التربية الفنية ', '', '');
INSERT INTO `lk9v6_users` (`name`, `email`, `usertype`) VALUES ('فاتن ابراهيم محمد خليل عيسي', '', 'الخريجين');
INSERT INTO `lk9v6_alumni_main` (`id`, `user_id`, `approved`) VALUES (236806, 236806, 1);
INSERT INTO `lk9v6_alumni_data` (`alumni_id`, `graduation_year`, `fid`, `job`, `address`, `city`, `country`, `phone`, `gid`, `mobile`, `nationalnumber`, `department`, `division`, `with_honor`) VALUES (236806, 2016, '23', '', '', '', '', '', '', '', '', 'التربية الفنية ', '', '');
INSERT INTO `lk9v6_users` (`name`, `email`, `usertype`) VALUES ('روان لطف الله عبدالرحمن ابراهيم ', '', 'الخريجين');
INSERT INTO `lk9v6_alumni_main` (`id`, `user_id`, `approved`) VALUES (236807, 236807, 1);
INSERT INTO `lk9v6_alumni_data` (`alumni_id`, `graduation_year`, `fid`, `job`, `address`, `city`, `country`, `phone`, `gid`, `mobile`, `nationalnumber`, `department`, `division`, `with_honor`) VALUES (236807, 2016, '23', '', '', '', '', '', '', '', '', 'التربية الفنية ', '', '');
INSERT INTO `lk9v6_users` (`name`, `email`, `usertype`) VALUES ('روان محمد عبدالهادى عبدالجليل ', '', 'الخريجين');
INSERT INTO `lk9v6_alumni_main` (`id`, `user_id`, `approved`) VALUES (236808, 236808, 1);
INSERT INTO `lk9v6_alumni_data` (`alumni_id`, `graduation_year`, `fid`, `job`, `address`, `city`, `country`, `phone`, `gid`, `mobile`, `nationalnumber`, `department`, `division`, `with_honor`) VALUES (236808, 2016, '23', '', '', '', '', '', '', '', '', 'التربية الفنية ', '', '');
INSERT INTO `lk9v6_users` (`name`, `email`, `usertype`) VALUES ('روان مصطفى محمد عزوز عبدالعليم ', '', 'الخريجين');
INSERT INTO `lk9v6_alumni_main` (`id`, `user_id`, `approved`) VALUES (236809, 236809, 1);
INSERT INTO `lk9v6_alumni_data` (`alumni_id`, `graduation_year`, `fid`, `job`, `address`, `city`, `country`, `phone`, `gid`, `mobile`, `nationalnumber`, `department`, `division`, `with_honor`) VALUES (236809, 2016, '23', '', '', '', '', '', '', '', '', 'التربية الفنية ', '', '');
INSERT INTO `lk9v6_users` (`name`, `email`, `usertype`) VALUES ('ريهام ابراهيم عبدالعزيز عبدالرحيم الصعيدى ', '', 'الخريجين');
INSERT INTO `lk9v6_alumni_main` (`id`, `user_id`, `approved`) VALUES (236810, 236810, 1);
INSERT INTO `lk9v6_alumni_data` (`alumni_id`, `graduation_year`, `fid`, `job`, `address`, `city`, `country`, `phone`, `gid`, `mobile`, `nationalnumber`, `department`, `division`, `with_honor`) VALUES (236810, 2016, '23', '', '', '', '', '', '', '', '', 'التربية الفنية ', '', '');
INSERT INTO `lk9v6_users` (`name`, `email`, `usertype`) VALUES ('ريهام جمال فتحى زكى ', '', 'الخريجين');
INSERT INTO `lk9v6_alumni_main` (`id`, `user_id`, `approved`) VALUES (236811, 236811, 1);
INSERT INTO `lk9v6_alumni_data` (`alumni_id`, `graduation_year`, `fid`, `job`, `address`, `city`, `country`, `phone`, `gid`, `mobile`, `nationalnumber`, `department`, `division`, `with_honor`) VALUES (236811, 2016, '23', '', '', '', '', '', '', '', '', 'التربية الفنية ', '', '');
INSERT INTO `lk9v6_users` (`name`, `email`, `usertype`) VALUES ('ريهام جمال محمد عبدالحميد حسن ', '', 'الخريجين');
INSERT INTO `lk9v6_alumni_main` (`id`, `user_id`, `approved`) VALUES (236812, 236812, 1);
INSERT INTO `lk9v6_alumni_data` (`alumni_id`, `graduation_year`, `fid`, `job`, `address`, `city`, `country`, `phone`, `gid`, `mobile`, `nationalnumber`, `department`, `division`, `with_honor`) VALUES (236812, 2016, '23', '', '', '', '', '', '', '', '', 'التربية الفنية ', '', '');
INSERT INTO `lk9v6_users` (`name`, `email`, `usertype`) VALUES ('سارة ابراهيم محمد عبدالراضى محمد ', '', 'الخريجين');
INSERT INTO `lk9v6_alumni_main` (`id`, `user_id`, `approved`) VALUES (236813, 236813, 1);
INSERT INTO `lk9v6_alumni_data` (`alumni_id`, `graduation_year`, `fid`, `job`, `address`, `city`, `country`, `phone`, `gid`, `mobile`, `nationalnumber`, `department`, `division`, `with_honor`) VALUES (236813, 2016, '23', '', '', '', '', '', '', '', '', 'التربية الفنية ', '', '');
INSERT INTO `lk9v6_users` (`name`, `email`, `usertype`) VALUES ('سارة امير عبدالدايم بكر', '', 'الخريجين');
INSERT INTO `lk9v6_alumni_main` (`id`, `user_id`, `approved`) VALUES (236814, 236814, 1);
INSERT INTO `lk9v6_alumni_data` (`alumni_id`, `graduation_year`, `fid`, `job`, `address`, `city`, `country`, `phone`, `gid`, `mobile`, `nationalnumber`, `department`, `division`, `with_honor`) VALUES (236814, 2016, '23', '', '', '', '', '', '', '', '', 'التربية الفنية ', '', '');
INSERT INTO `lk9v6_users` (`name`, `email`, `usertype`) VALUES ('سارة عبدالعزيز السيد محمد نايل ', '', 'الخريجين');
INSERT INTO `lk9v6_alumni_main` (`id`, `user_id`, `approved`) VALUES (236815, 236815, 1);
INSERT INTO `lk9v6_alumni_data` (`alumni_id`, `graduation_year`, `fid`, `job`, `address`, `city`, `country`, `phone`, `gid`, `mobile`, `nationalnumber`, `department`, `division`, `with_honor`) VALUES (236815, 2016, '23', '', '', '', '', '', '', '', '', 'التربية الفنية ', '', '');
INSERT INTO `lk9v6_users` (`name`, `email`, `usertype`) VALUES ('سارة فتح الله عبدالحميد فتح الله بدر', '', 'الخريجين');
INSERT INTO `lk9v6_alumni_main` (`id`, `user_id`, `approved`) VALUES (236816, 236816, 1);
INSERT INTO `lk9v6_alumni_data` (`alumni_id`, `graduation_year`, `fid`, `job`, `address`, `city`, `country`, `phone`, `gid`, `mobile`, `nationalnumber`, `department`, `division`, `with_honor`) VALUES (236816, 2016, '23', '', '', '', '', '', '', '', '', 'التربية الفنية ', '', '');
INSERT INTO `lk9v6_users` (`name`, `email`, `usertype`) VALUES ('سحر سليم حسن حسن ماضى', '', 'الخريجين');
INSERT INTO `lk9v6_alumni_main` (`id`, `user_id`, `approved`) VALUES (236817, 236817, 1);
INSERT INTO `lk9v6_alumni_data` (`alumni_id`, `graduation_year`, `fid`, `job`, `address`, `city`, `country`, `phone`, `gid`, `mobile`, `nationalnumber`, `department`, `division`, `with_honor`) VALUES (236817, 2016, '23', '', '', '', '', '', '', '', '', 'التربية الفنية ', '', '');
INSERT INTO `lk9v6_users` (`name`, `email`, `usertype`) VALUES ('سلمى طارق محمود محمد مصطفى ', '', 'الخريجين');
INSERT INTO `lk9v6_alumni_main` (`id`, `user_id`, `approved`) VALUES (236818, 236818, 1);
INSERT INTO `lk9v6_alumni_data` (`alumni_id`, `graduation_year`, `fid`, `job`, `address`, `city`, `country`, `phone`, `gid`, `mobile`, `nationalnumber`, `department`, `division`, `with_honor`) VALUES (236818, 2016, '23', '', '', '', '', '', '', '', '', 'التربية الفنية ', '', '');
INSERT INTO `lk9v6_users` (`name`, `email`, `usertype`) VALUES ('سندس احمد عبدالحافظ احمد ', '', 'الخريجين');
INSERT INTO `lk9v6_alumni_main` (`id`, `user_id`, `approved`) VALUES (236819, 236819, 1);
INSERT INTO `lk9v6_alumni_data` (`alumni_id`, `graduation_year`, `fid`, `job`, `address`, `city`, `country`, `phone`, `gid`, `mobile`, `nationalnumber`, `department`, `division`, `with_honor`) VALUES (236819, 2016, '23', '', '', '', '', '', '', '', '', 'التربية الفنية ', '', '');
INSERT INTO `lk9v6_users` (`name`, `email`, `usertype`) VALUES ('فاطمة صلاح الدين محمد محمود', '', 'الخريجين');
INSERT INTO `lk9v6_alumni_main` (`id`, `user_id`, `approved`) VALUES (236820, 236820, 1);
INSERT INTO `lk9v6_alumni_data` (`alumni_id`, `graduation_year`, `fid`, `job`, `address`, `city`, `country`, `phone`, `gid`, `mobile`, `nationalnumber`, `department`, `division`, `with_honor`) VALUES (236820, 2016, '23', '', '', '', '', '', '', '', '', 'التربية الفنية ', '', '');
INSERT INTO `lk9v6_users` (`name`, `email`, `usertype`) VALUES ('فاطمة محمود عبدالحميد محمود عفيفي', '', 'الخريجين');
INSERT INTO `lk9v6_alumni_main` (`id`, `user_id`, `approved`) VALUES (236821, 236821, 1);
INSERT INTO `lk9v6_alumni_data` (`alumni_id`, `graduation_year`, `fid`, `job`, `address`, `city`, `country`, `phone`, `gid`, `mobile`, `nationalnumber`, `department`, `division`, `with_honor`) VALUES (236821, 2016, '23', '', '', '', '', '', '', '', '', 'التربية الفنية ', '', '');
INSERT INTO `lk9v6_users` (`name`, `email`, `usertype`) VALUES ('فرح عبدالعزيز صلاح زغلولة', '', 'الخريجين');
INSERT INTO `lk9v6_alumni_main` (`id`, `user_id`, `approved`) VALUES (236822, 236822, 1);
INSERT INTO `lk9v6_alumni_data` (`alumni_id`, `graduation_year`, `fid`, `job`, `address`, `city`, `country`, `phone`, `gid`, `mobile`, `nationalnumber`, `department`, `division`, `with_honor`) VALUES (236822, 2016, '23', '', '', '', '', '', '', '', '', 'التربية الفنية ', '', '');
INSERT INTO `lk9v6_users` (`name`, `email`, `usertype`) VALUES ('فيبي حلمى وديع عبدالملك ', '', 'الخريجين');
INSERT INTO `lk9v6_alumni_main` (`id`, `user_id`, `approved`) VALUES (236823, 236823, 1);
INSERT INTO `lk9v6_alumni_data` (`alumni_id`, `graduation_year`, `fid`, `job`, `address`, `city`, `country`, `phone`, `gid`, `mobile`, `nationalnumber`, `department`, `division`, `with_honor`) VALUES (236823, 2016, '23', '', '', '', '', '', '', '', '', 'التربية الفنية ', '', '');
INSERT INTO `lk9v6_users` (`name`, `email`, `usertype`) VALUES ('كارولين مهنى عيسي غالى حنا ', '', 'الخريجين');
INSERT INTO `lk9v6_alumni_main` (`id`, `user_id`, `approved`) VALUES (236824, 236824, 1);
INSERT INTO `lk9v6_alumni_data` (`alumni_id`, `graduation_year`, `fid`, `job`, `address`, `city`, `country`, `phone`, `gid`, `mobile`, `nationalnumber`, `department`, `division`, `with_honor`) VALUES (236824, 2016, '23', '', '', '', '', '', '', '', '', 'التربية الفنية ', '', '');
INSERT INTO `lk9v6_users` (`name`, `email`, `usertype`) VALUES ('كرستينا فايز حليم معوض ', '', 'الخريجين');
INSERT INTO `lk9v6_alumni_main` (`id`, `user_id`, `approved`) VALUES (236825, 236825, 1);
INSERT INTO `lk9v6_alumni_data` (`alumni_id`, `graduation_year`, `fid`, `job`, `address`, `city`, `country`, `phone`, `gid`, `mobile`, `nationalnumber`, `department`, `division`, `with_honor`) VALUES (236825, 2016, '23', '', '', '', '', '', '', '', '', 'التربية الفنية ', '', '');
INSERT INTO `lk9v6_users` (`name`, `email`, `usertype`) VALUES ('كرستينا عزت شوقى فانوس', '', 'الخريجين');
INSERT INTO `lk9v6_alumni_main` (`id`, `user_id`, `approved`) VALUES (236826, 236826, 1);
INSERT INTO `lk9v6_alumni_data` (`alumni_id`, `graduation_year`, `fid`, `job`, `address`, `city`, `country`, `phone`, `gid`, `mobile`, `nationalnumber`, `department`, `division`, `with_honor`) VALUES (236826, 2016, '23', '', '', '', '', '', '', '', '', 'التربية الفنية ', '', '');
INSERT INTO `lk9v6_users` (`name`, `email`, `usertype`) VALUES ('لمياء عزت صالح جويلى', '', 'الخريجين');
INSERT INTO `lk9v6_alumni_main` (`id`, `user_id`, `approved`) VALUES (236827, 236827, 1);
INSERT INTO `lk9v6_alumni_data` (`alumni_id`, `graduation_year`, `fid`, `job`, `address`, `city`, `country`, `phone`, `gid`, `mobile`, `nationalnumber`, `department`, `division`, `with_honor`) VALUES (236827, 2016, '23', '', '', '', '', '', '', '', '', 'التربية الفنية ', '', '');
INSERT INTO `lk9v6_users` (`name`, `email`, `usertype`) VALUES ('لينه صلاح محمد عبدالحليم الشباسى', '', 'الخريجين');
INSERT INTO `lk9v6_alumni_main` (`id`, `user_id`, `approved`) VALUES (236828, 236828, 1);
INSERT INTO `lk9v6_alumni_data` (`alumni_id`, `graduation_year`, `fid`, `job`, `address`, `city`, `country`, `phone`, `gid`, `mobile`, `nationalnumber`, `department`, `division`, `with_honor`) VALUES (236828, 2016, '23', '', '', '', '', '', '', '', '', 'التربية الفنية ', '', '');
INSERT INTO `lk9v6_users` (`name`, `email`, `usertype`) VALUES ('مارلين ميلاد فؤاد ابراهيم روفائيل', '', 'الخريجين');
INSERT INTO `lk9v6_alumni_main` (`id`, `user_id`, `approved`) VALUES (236829, 236829, 1);
INSERT INTO `lk9v6_alumni_data` (`alumni_id`, `graduation_year`, `fid`, `job`, `address`, `city`, `country`, `phone`, `gid`, `mobile`, `nationalnumber`, `department`, `division`, `with_honor`) VALUES (236829, 2016, '23', '', '', '', '', '', '', '', '', 'التربية الفنية ', '', '');
INSERT INTO `lk9v6_users` (`name`, `email`, `usertype`) VALUES ('مارينا جميل نجيب بشاى', '', 'الخريجين');
INSERT INTO `lk9v6_alumni_main` (`id`, `user_id`, `approved`) VALUES (236830, 236830, 1);
INSERT INTO `lk9v6_alumni_data` (`alumni_id`, `graduation_year`, `fid`, `job`, `address`, `city`, `country`, `phone`, `gid`, `mobile`, `nationalnumber`, `department`, `division`, `with_honor`) VALUES (236830, 2016, '23', '', '', '', '', '', '', '', '', 'التربية الفنية ', '', '');
INSERT INTO `lk9v6_users` (`name`, `email`, `usertype`) VALUES ('مارينا طلعت عزيز مترى فانوس', '', 'الخريجين');
INSERT INTO `lk9v6_alumni_main` (`id`, `user_id`, `approved`) VALUES (236831, 236831, 1);
INSERT INTO `lk9v6_alumni_data` (`alumni_id`, `graduation_year`, `fid`, `job`, `address`, `city`, `country`, `phone`, `gid`, `mobile`, `nationalnumber`, `department`, `division`, `with_honor`) VALUES (236831, 2016, '23', '', '', '', '', '', '', '', '', 'التربية الفنية ', '', '');
INSERT INTO `lk9v6_users` (`name`, `email`, `usertype`) VALUES ('ماهيتاب مصطفى حافظ محمود سلطان', '', 'الخريجين');
INSERT INTO `lk9v6_alumni_main` (`id`, `user_id`, `approved`) VALUES (236832, 236832, 1);
INSERT INTO `lk9v6_alumni_data` (`alumni_id`, `graduation_year`, `fid`, `job`, `address`, `city`, `country`, `phone`, `gid`, `mobile`, `nationalnumber`, `department`, `division`, `with_honor`) VALUES (236832, 2016, '23', '', '', '', '', '', '', '', '', 'التربية الفنية ', '', '');
INSERT INTO `lk9v6_users` (`name`, `email`, `usertype`) VALUES ('ماهينور نصر الدين احمد صلاح الدين ', '', 'الخريجين');
INSERT INTO `lk9v6_alumni_main` (`id`, `user_id`, `approved`) VALUES (236833, 236833, 1);
INSERT INTO `lk9v6_alumni_data` (`alumni_id`, `graduation_year`, `fid`, `job`, `address`, `city`, `country`, `phone`, `gid`, `mobile`, `nationalnumber`, `department`, `division`, `with_honor`) VALUES (236833, 2016, '23', '', '', '', '', '', '', '', '', 'التربية الفنية ', '', '');
INSERT INTO `lk9v6_users` (`name`, `email`, `usertype`) VALUES ('محمود محمد سعد على مرعى ', '', 'الخريجين');
INSERT INTO `lk9v6_alumni_main` (`id`, `user_id`, `approved`) VALUES (236834, 236834, 1);
INSERT INTO `lk9v6_alumni_data` (`alumni_id`, `graduation_year`, `fid`, `job`, `address`, `city`, `country`, `phone`, `gid`, `mobile`, `nationalnumber`, `department`, `division`, `with_honor`) VALUES (236834, 2016, '23', '', '', '', '', '', '', '', '', 'التربية الفنية ', '', '');
INSERT INTO `lk9v6_users` (`name`, `email`, `usertype`) VALUES ('محمود مصطفى احمد ابوالعنين جمعة ', '', 'الخريجين');
INSERT INTO `lk9v6_alumni_main` (`id`, `user_id`, `approved`) VALUES (236835, 236835, 1);
INSERT INTO `lk9v6_alumni_data` (`alumni_id`, `graduation_year`, `fid`, `job`, `address`, `city`, `country`, `phone`, `gid`, `mobile`, `nationalnumber`, `department`, `division`, `with_honor`) VALUES (236835, 2016, '23', '', '', '', '', '', '', '', '', 'التربية الفنية ', '', '');
INSERT INTO `lk9v6_users` (`name`, `email`, `usertype`) VALUES ('مرنا شعبان احمد شعبان سيف ', '', 'الخريجين');
INSERT INTO `lk9v6_alumni_main` (`id`, `user_id`, `approved`) VALUES (236836, 236836, 1);
INSERT INTO `lk9v6_alumni_data` (`alumni_id`, `graduation_year`, `fid`, `job`, `address`, `city`, `country`, `phone`, `gid`, `mobile`, `nationalnumber`, `department`, `division`, `with_honor`) VALUES (236836, 2016, '23', '', '', '', '', '', '', '', '', 'التربية الفنية ', '', '');
INSERT INTO `lk9v6_users` (`name`, `email`, `usertype`) VALUES ('مريم اكرم جرجس ميخائيل كيرلس', '', 'الخريجين');
INSERT INTO `lk9v6_alumni_main` (`id`, `user_id`, `approved`) VALUES (236837, 236837, 1);
INSERT INTO `lk9v6_alumni_data` (`alumni_id`, `graduation_year`, `fid`, `job`, `address`, `city`, `country`, `phone`, `gid`, `mobile`, `nationalnumber`, `department`, `division`, `with_honor`) VALUES (236837, 2016, '23', '', '', '', '', '', '', '', '', 'التربية الفنية ', '', '');
INSERT INTO `lk9v6_users` (`name`, `email`, `usertype`) VALUES ('منار جمال سعد نعمة الله ', '', 'الخريجين');
INSERT INTO `lk9v6_alumni_main` (`id`, `user_id`, `approved`) VALUES (236838, 236838, 1);
INSERT INTO `lk9v6_alumni_data` (`alumni_id`, `graduation_year`, `fid`, `job`, `address`, `city`, `country`, `phone`, `gid`, `mobile`, `nationalnumber`, `department`, `division`, `with_honor`) VALUES (236838, 2016, '23', '', '', '', '', '', '', '', '', 'التربية الفنية ', '', '');
INSERT INTO `lk9v6_users` (`name`, `email`, `usertype`) VALUES ('منار مجدى عبدالقادر محمد ', '', 'الخريجين');
INSERT INTO `lk9v6_alumni_main` (`id`, `user_id`, `approved`) VALUES (236839, 236839, 1);
INSERT INTO `lk9v6_alumni_data` (`alumni_id`, `graduation_year`, `fid`, `job`, `address`, `city`, `country`, `phone`, `gid`, `mobile`, `nationalnumber`, `department`, `division`, `with_honor`) VALUES (236839, 2016, '23', '', '', '', '', '', '', '', '', 'التربية الفنية ', '', '');
INSERT INTO `lk9v6_users` (`name`, `email`, `usertype`) VALUES ('منال احمد ابراهيم محمد خليفة عتمان', '', 'الخريجين');
INSERT INTO `lk9v6_alumni_main` (`id`, `user_id`, `approved`) VALUES (236840, 236840, 1);
INSERT INTO `lk9v6_alumni_data` (`alumni_id`, `graduation_year`, `fid`, `job`, `address`, `city`, `country`, `phone`, `gid`, `mobile`, `nationalnumber`, `department`, `division`, `with_honor`) VALUES (236840, 2016, '23', '', '', '', '', '', '', '', '', 'التربية الفنية ', '', '');
INSERT INTO `lk9v6_users` (`name`, `email`, `usertype`) VALUES ('منه الله سراج الدين ابوضيف حسنين', '', 'الخريجين');
INSERT INTO `lk9v6_alumni_main` (`id`, `user_id`, `approved`) VALUES (236841, 236841, 1);
INSERT INTO `lk9v6_alumni_data` (`alumni_id`, `graduation_year`, `fid`, `job`, `address`, `city`, `country`, `phone`, `gid`, `mobile`, `nationalnumber`, `department`, `division`, `with_honor`) VALUES (236841, 2016, '23', '', '', '', '', '', '', '', '', 'التربية الفنية ', '', '');
INSERT INTO `lk9v6_users` (`name`, `email`, `usertype`) VALUES ('منه الله مصطفى محمد عيد', '', 'الخريجين');
INSERT INTO `lk9v6_alumni_main` (`id`, `user_id`, `approved`) VALUES (236842, 236842, 1);
INSERT INTO `lk9v6_alumni_data` (`alumni_id`, `graduation_year`, `fid`, `job`, `address`, `city`, `country`, `phone`, `gid`, `mobile`, `nationalnumber`, `department`, `division`, `with_honor`) VALUES (236842, 2016, '23', '', '', '', '', '', '', '', '', 'التربية الفنية ', '', '');
INSERT INTO `lk9v6_users` (`name`, `email`, `usertype`) VALUES ('منى محمد عبدالمنعم سليمان', '', 'الخريجين');
INSERT INTO `lk9v6_alumni_main` (`id`, `user_id`, `approved`) VALUES (236843, 236843, 1);
INSERT INTO `lk9v6_alumni_data` (`alumni_id`, `graduation_year`, `fid`, `job`, `address`, `city`, `country`, `phone`, `gid`, `mobile`, `nationalnumber`, `department`, `division`, `with_honor`) VALUES (236843, 2016, '23', '', '', '', '', '', '', '', '', 'التربية الفنية ', '', '');
INSERT INTO `lk9v6_users` (`name`, `email`, `usertype`) VALUES ('مها على زكريا اسماعيل ', '', 'الخريجين');
INSERT INTO `lk9v6_alumni_main` (`id`, `user_id`, `approved`) VALUES (236844, 236844, 1);
INSERT INTO `lk9v6_alumni_data` (`alumni_id`, `graduation_year`, `fid`, `job`, `address`, `city`, `country`, `phone`, `gid`, `mobile`, `nationalnumber`, `department`, `division`, `with_honor`) VALUES (236844, 2016, '23', '', '', '', '', '', '', '', '', 'التربية الفنية ', '', '');
INSERT INTO `lk9v6_users` (`name`, `email`, `usertype`) VALUES ('مهيتاب نبيل عبدالرحمن الشونى ', '', 'الخريجين');
INSERT INTO `lk9v6_alumni_main` (`id`, `user_id`, `approved`) VALUES (236845, 236845, 1);
INSERT INTO `lk9v6_alumni_data` (`alumni_id`, `graduation_year`, `fid`, `job`, `address`, `city`, `country`, `phone`, `gid`, `mobile`, `nationalnumber`, `department`, `division`, `with_honor`) VALUES (236845, 2016, '23', '', '', '', '', '', '', '', '', 'التربية الفنية ', '', '');
INSERT INTO `lk9v6_users` (`name`, `email`, `usertype`) VALUES ('مى حسن محمد حسن محمد', '', 'الخريجين');
INSERT INTO `lk9v6_alumni_main` (`id`, `user_id`, `approved`) VALUES (236846, 236846, 1);
INSERT INTO `lk9v6_alumni_data` (`alumni_id`, `graduation_year`, `fid`, `job`, `address`, `city`, `country`, `phone`, `gid`, `mobile`, `nationalnumber`, `department`, `division`, `with_honor`) VALUES (236846, 2016, '23', '', '', '', '', '', '', '', '', 'التربية الفنية ', '', '');
INSERT INTO `lk9v6_users` (`name`, `email`, `usertype`) VALUES ('مى عبدالمنعم زين العابدين عبدالله هيبة', '', 'الخريجين');
INSERT INTO `lk9v6_alumni_main` (`id`, `user_id`, `approved`) VALUES (236847, 236847, 1);
INSERT INTO `lk9v6_alumni_data` (`alumni_id`, `graduation_year`, `fid`, `job`, `address`, `city`, `country`, `phone`, `gid`, `mobile`, `nationalnumber`, `department`, `division`, `with_honor`) VALUES (236847, 2016, '23', '', '', '', '', '', '', '', '', 'التربية الفنية ', '', '');
INSERT INTO `lk9v6_users` (`name`, `email`, `usertype`) VALUES ('ميار محمد محمد زنون محمود ', '', 'الخريجين');
INSERT INTO `lk9v6_alumni_main` (`id`, `user_id`, `approved`) VALUES (236848, 236848, 1);
INSERT INTO `lk9v6_alumni_data` (`alumni_id`, `graduation_year`, `fid`, `job`, `address`, `city`, `country`, `phone`, `gid`, `mobile`, `nationalnumber`, `department`, `division`, `with_honor`) VALUES (236848, 2016, '23', '', '', '', '', '', '', '', '', 'التربية الفنية ', '', '');
INSERT INTO `lk9v6_users` (`name`, `email`, `usertype`) VALUES ('ميرنا احمد محمد جابر ابراهيم', '', 'الخريجين');
INSERT INTO `lk9v6_alumni_main` (`id`, `user_id`, `approved`) VALUES (236849, 236849, 1);
INSERT INTO `lk9v6_alumni_data` (`alumni_id`, `graduation_year`, `fid`, `job`, `address`, `city`, `country`, `phone`, `gid`, `mobile`, `nationalnumber`, `department`, `division`, `with_honor`) VALUES (236849, 2016, '23', '', '', '', '', '', '', '', '', 'التربية الفنية ', '', '');
INSERT INTO `lk9v6_users` (`name`, `email`, `usertype`) VALUES ('ميرنا عطية ايليا عطية حبشى ', '', 'الخريجين');
INSERT INTO `lk9v6_alumni_main` (`id`, `user_id`, `approved`) VALUES (236850, 236850, 1);
INSERT INTO `lk9v6_alumni_data` (`alumni_id`, `graduation_year`, `fid`, `job`, `address`, `city`, `country`, `phone`, `gid`, `mobile`, `nationalnumber`, `department`, `division`, `with_honor`) VALUES (236850, 2016, '23', '', '', '', '', '', '', '', '', 'التربية الفنية ', '', '');
INSERT INTO `lk9v6_users` (`name`, `email`, `usertype`) VALUES ('ميرنا مجدى عازر قديس قداس', '', 'الخريجين');
INSERT INTO `lk9v6_alumni_main` (`id`, `user_id`, `approved`) VALUES (236851, 236851, 1);
INSERT INTO `lk9v6_alumni_data` (`alumni_id`, `graduation_year`, `fid`, `job`, `address`, `city`, `country`, `phone`, `gid`, `mobile`, `nationalnumber`, `department`, `division`, `with_honor`) VALUES (236851, 2016, '23', '', '', '', '', '', '', '', '', 'التربية الفنية ', '', '');
INSERT INTO `lk9v6_users` (`name`, `email`, `usertype`) VALUES ('ميرنا يوسف عوض مرقص', '', 'الخريجين');
INSERT INTO `lk9v6_alumni_main` (`id`, `user_id`, `approved`) VALUES (236852, 236852, 1);
INSERT INTO `lk9v6_alumni_data` (`alumni_id`, `graduation_year`, `fid`, `job`, `address`, `city`, `country`, `phone`, `gid`, `mobile`, `nationalnumber`, `department`, `division`, `with_honor`) VALUES (236852, 2016, '23', '', '', '', '', '', '', '', '', 'التربية الفنية ', '', '');
INSERT INTO `lk9v6_users` (`name`, `email`, `usertype`) VALUES ('ميسره ممدوح محمد ابراهيم الصباغ ', '', 'الخريجين');
INSERT INTO `lk9v6_alumni_main` (`id`, `user_id`, `approved`) VALUES (236853, 236853, 1);
INSERT INTO `lk9v6_alumni_data` (`alumni_id`, `graduation_year`, `fid`, `job`, `address`, `city`, `country`, `phone`, `gid`, `mobile`, `nationalnumber`, `department`, `division`, `with_honor`) VALUES (236853, 2016, '23', '', '', '', '', '', '', '', '', 'التربية الفنية ', '', '');
INSERT INTO `lk9v6_users` (`name`, `email`, `usertype`) VALUES ('نادر محمود محمود احمد الروبى ', '', 'الخريجين');
INSERT INTO `lk9v6_alumni_main` (`id`, `user_id`, `approved`) VALUES (236854, 236854, 1);
INSERT INTO `lk9v6_alumni_data` (`alumni_id`, `graduation_year`, `fid`, `job`, `address`, `city`, `country`, `phone`, `gid`, `mobile`, `nationalnumber`, `department`, `division`, `with_honor`) VALUES (236854, 2016, '23', '', '', '', '', '', '', '', '', 'التربية الفنية ', '', '');
INSERT INTO `lk9v6_users` (`name`, `email`, `usertype`) VALUES ('ناردين بولس ناثان حبيب ', '', 'الخريجين');
INSERT INTO `lk9v6_alumni_main` (`id`, `user_id`, `approved`) VALUES (236855, 236855, 1);
INSERT INTO `lk9v6_alumni_data` (`alumni_id`, `graduation_year`, `fid`, `job`, `address`, `city`, `country`, `phone`, `gid`, `mobile`, `nationalnumber`, `department`, `division`, `with_honor`) VALUES (236855, 2016, '23', '', '', '', '', '', '', '', '', 'التربية الفنية ', '', '');
INSERT INTO `lk9v6_users` (`name`, `email`, `usertype`) VALUES ('ناريمان عادل محمد عبداللطيف ', '', 'الخريجين');
INSERT INTO `lk9v6_alumni_main` (`id`, `user_id`, `approved`) VALUES (236856, 236856, 1);
INSERT INTO `lk9v6_alumni_data` (`alumni_id`, `graduation_year`, `fid`, `job`, `address`, `city`, `country`, `phone`, `gid`, `mobile`, `nationalnumber`, `department`, `division`, `with_honor`) VALUES (236856, 2016, '23', '', '', '', '', '', '', '', '', 'التربية الفنية ', '', '');
INSERT INTO `lk9v6_users` (`name`, `email`, `usertype`) VALUES ('ندى جمال سلامة محمد ', '', 'الخريجين');
INSERT INTO `lk9v6_alumni_main` (`id`, `user_id`, `approved`) VALUES (236857, 236857, 1);
INSERT INTO `lk9v6_alumni_data` (`alumni_id`, `graduation_year`, `fid`, `job`, `address`, `city`, `country`, `phone`, `gid`, `mobile`, `nationalnumber`, `department`, `division`, `with_honor`) VALUES (236857, 2016, '23', '', '', '', '', '', '', '', '', 'التربية الفنية ', '', '');
INSERT INTO `lk9v6_users` (`name`, `email`, `usertype`) VALUES ('ندى صبحى سليمان محمد ', '', 'الخريجين');
INSERT INTO `lk9v6_alumni_main` (`id`, `user_id`, `approved`) VALUES (236858, 236858, 1);
INSERT INTO `lk9v6_alumni_data` (`alumni_id`, `graduation_year`, `fid`, `job`, `address`, `city`, `country`, `phone`, `gid`, `mobile`, `nationalnumber`, `department`, `division`, `with_honor`) VALUES (236858, 2016, '23', '', '', '', '', '', '', '', '', 'التربية الفنية ', '', '');
INSERT INTO `lk9v6_users` (`name`, `email`, `usertype`) VALUES ('ندى علاء محمد عبدالله حافظ', '', 'الخريجين');
INSERT INTO `lk9v6_alumni_main` (`id`, `user_id`, `approved`) VALUES (236859, 236859, 1);
INSERT INTO `lk9v6_alumni_data` (`alumni_id`, `graduation_year`, `fid`, `job`, `address`, `city`, `country`, `phone`, `gid`, `mobile`, `nationalnumber`, `department`, `division`, `with_honor`) VALUES (236859, 2016, '23', '', '', '', '', '', '', '', '', 'التربية الفنية ', '', '');
INSERT INTO `lk9v6_users` (`name`, `email`, `usertype`) VALUES ('ندى محمد رشيدى عبدالمنعم ', '', 'الخريجين');
INSERT INTO `lk9v6_alumni_main` (`id`, `user_id`, `approved`) VALUES (236860, 236860, 1);
INSERT INTO `lk9v6_alumni_data` (`alumni_id`, `graduation_year`, `fid`, `job`, `address`, `city`, `country`, `phone`, `gid`, `mobile`, `nationalnumber`, `department`, `division`, `with_honor`) VALUES (236860, 2016, '23', '', '', '', '', '', '', '', '', 'التربية الفنية ', '', '');
INSERT INTO `lk9v6_users` (`name`, `email`, `usertype`) VALUES ('ندى محمد قدرى محمد القشيط ', '', 'الخريجين');
INSERT INTO `lk9v6_alumni_main` (`id`, `user_id`, `approved`) VALUES (236861, 236861, 1);
INSERT INTO `lk9v6_alumni_data` (`alumni_id`, `graduation_year`, `fid`, `job`, `address`, `city`, `country`, `phone`, `gid`, `mobile`, `nationalnumber`, `department`, `division`, `with_honor`) VALUES (236861, 2016, '23', '', '', '', '', '', '', '', '', 'التربية الفنية ', '', '');
INSERT INTO `lk9v6_users` (`name`, `email`, `usertype`) VALUES ('ندى محمد قطب محمد نجا', '', 'الخريجين');
INSERT INTO `lk9v6_alumni_main` (`id`, `user_id`, `approved`) VALUES (236862, 236862, 1);
INSERT INTO `lk9v6_alumni_data` (`alumni_id`, `graduation_year`, `fid`, `job`, `address`, `city`, `country`, `phone`, `gid`, `mobile`, `nationalnumber`, `department`, `division`, `with_honor`) VALUES (236862, 2016, '23', '', '', '', '', '', '', '', '', 'التربية الفنية ', '', '');
INSERT INTO `lk9v6_users` (`name`, `email`, `usertype`) VALUES ('نصر جمال نصر ابوزيد خضر', '', 'الخريجين');
INSERT INTO `lk9v6_alumni_main` (`id`, `user_id`, `approved`) VALUES (236863, 236863, 1);
INSERT INTO `lk9v6_alumni_data` (`alumni_id`, `graduation_year`, `fid`, `job`, `address`, `city`, `country`, `phone`, `gid`, `mobile`, `nationalnumber`, `department`, `division`, `with_honor`) VALUES (236863, 2016, '23', '', '', '', '', '', '', '', '', 'التربية الفنية ', '', '');
INSERT INTO `lk9v6_users` (`name`, `email`, `usertype`) VALUES ('نعمات محمد ابراهيم عبدالله صالح', '', 'الخريجين');
INSERT INTO `lk9v6_alumni_main` (`id`, `user_id`, `approved`) VALUES (236864, 236864, 1);
INSERT INTO `lk9v6_alumni_data` (`alumni_id`, `graduation_year`, `fid`, `job`, `address`, `city`, `country`, `phone`, `gid`, `mobile`, `nationalnumber`, `department`, `division`, `with_honor`) VALUES (236864, 2016, '23', '', '', '', '', '', '', '', '', 'التربية الفنية ', '', '');
INSERT INTO `lk9v6_users` (`name`, `email`, `usertype`) VALUES ('نعمة خميس محمد عبده ', '', 'الخريجين');
INSERT INTO `lk9v6_alumni_main` (`id`, `user_id`, `approved`) VALUES (236865, 236865, 1);
INSERT INTO `lk9v6_alumni_data` (`alumni_id`, `graduation_year`, `fid`, `job`, `address`, `city`, `country`, `phone`, `gid`, `mobile`, `nationalnumber`, `department`, `division`, `with_honor`) VALUES (236865, 2016, '23', '', '', '', '', '', '', '', '', 'التربية الفنية ', '', '');
INSERT INTO `lk9v6_users` (`name`, `email`, `usertype`) VALUES ('نهال الشافعى عبدالجواد سعد الشافعى ', '', 'الخريجين');
INSERT INTO `lk9v6_alumni_main` (`id`, `user_id`, `approved`) VALUES (236866, 236866, 1);
INSERT INTO `lk9v6_alumni_data` (`alumni_id`, `graduation_year`, `fid`, `job`, `address`, `city`, `country`, `phone`, `gid`, `mobile`, `nationalnumber`, `department`, `division`, `with_honor`) VALUES (236866, 2016, '23', '', '', '', '', '', '', '', '', 'التربية الفنية ', '', '');
INSERT INTO `lk9v6_users` (`name`, `email`, `usertype`) VALUES ('نهى حمدى محمد شحاتة ', '', 'الخريجين');
INSERT INTO `lk9v6_alumni_main` (`id`, `user_id`, `approved`) VALUES (236867, 236867, 1);
INSERT INTO `lk9v6_alumni_data` (`alumni_id`, `graduation_year`, `fid`, `job`, `address`, `city`, `country`, `phone`, `gid`, `mobile`, `nationalnumber`, `department`, `division`, `with_honor`) VALUES (236867, 2016, '23', '', '', '', '', '', '', '', '', 'التربية الفنية ', '', '');
INSERT INTO `lk9v6_users` (`name`, `email`, `usertype`) VALUES ('نورهان اسامة محمد الحسينى عمران ', '', 'الخريجين');
INSERT INTO `lk9v6_alumni_main` (`id`, `user_id`, `approved`) VALUES (236868, 236868, 1);
INSERT INTO `lk9v6_alumni_data` (`alumni_id`, `graduation_year`, `fid`, `job`, `address`, `city`, `country`, `phone`, `gid`, `mobile`, `nationalnumber`, `department`, `division`, `with_honor`) VALUES (236868, 2016, '23', '', '', '', '', '', '', '', '', 'التربية الفنية ', '', '');
INSERT INTO `lk9v6_users` (`name`, `email`, `usertype`) VALUES ('نورهان عبدالمنعم عوض على عبدالمولى ', '', 'الخريجين');
INSERT INTO `lk9v6_alumni_main` (`id`, `user_id`, `approved`) VALUES (236869, 236869, 1);
INSERT INTO `lk9v6_alumni_data` (`alumni_id`, `graduation_year`, `fid`, `job`, `address`, `city`, `country`, `phone`, `gid`, `mobile`, `nationalnumber`, `department`, `division`, `with_honor`) VALUES (236869, 2016, '23', '', '', '', '', '', '', '', '', 'التربية الفنية ', '', '');
INSERT INTO `lk9v6_users` (`name`, `email`, `usertype`) VALUES ('نورهان محمد عبدالله احمد جمعة ', '', 'الخريجين');
INSERT INTO `lk9v6_alumni_main` (`id`, `user_id`, `approved`) VALUES (236870, 236870, 1);
INSERT INTO `lk9v6_alumni_data` (`alumni_id`, `graduation_year`, `fid`, `job`, `address`, `city`, `country`, `phone`, `gid`, `mobile`, `nationalnumber`, `department`, `division`, `with_honor`) VALUES (236870, 2016, '23', '', '', '', '', '', '', '', '', 'التربية الفنية ', '', '');
INSERT INTO `lk9v6_users` (`name`, `email`, `usertype`) VALUES ('نورين محمد السيد احمد العطار', '', 'الخريجين');
INSERT INTO `lk9v6_alumni_main` (`id`, `user_id`, `approved`) VALUES (236871, 236871, 1);
INSERT INTO `lk9v6_alumni_data` (`alumni_id`, `graduation_year`, `fid`, `job`, `address`, `city`, `country`, `phone`, `gid`, `mobile`, `nationalnumber`, `department`, `division`, `with_honor`) VALUES (236871, 2016, '23', '', '', '', '', '', '', '', '', 'التربية الفنية ', '', '');
INSERT INTO `lk9v6_users` (`name`, `email`, `usertype`) VALUES ('نيبال سعيد حسن جابر مصباح ', '', 'الخريجين');
INSERT INTO `lk9v6_alumni_main` (`id`, `user_id`, `approved`) VALUES (236872, 236872, 1);
INSERT INTO `lk9v6_alumni_data` (`alumni_id`, `graduation_year`, `fid`, `job`, `address`, `city`, `country`, `phone`, `gid`, `mobile`, `nationalnumber`, `department`, `division`, `with_honor`) VALUES (236872, 2016, '23', '', '', '', '', '', '', '', '', 'التربية الفنية ', '', '');
INSERT INTO `lk9v6_users` (`name`, `email`, `usertype`) VALUES ('نيرمين اشرف سعيد امين تركى ', '', 'الخريجين');
INSERT INTO `lk9v6_alumni_main` (`id`, `user_id`, `approved`) VALUES (236873, 236873, 1);
INSERT INTO `lk9v6_alumni_data` (`alumni_id`, `graduation_year`, `fid`, `job`, `address`, `city`, `country`, `phone`, `gid`, `mobile`, `nationalnumber`, `department`, `division`, `with_honor`) VALUES (236873, 2016, '23', '', '', '', '', '', '', '', '', 'التربية الفنية ', '', '');
INSERT INTO `lk9v6_users` (`name`, `email`, `usertype`) VALUES ('هاجر احمد سعد قناوى', '', 'الخريجين');
INSERT INTO `lk9v6_alumni_main` (`id`, `user_id`, `approved`) VALUES (236874, 236874, 1);
INSERT INTO `lk9v6_alumni_data` (`alumni_id`, `graduation_year`, `fid`, `job`, `address`, `city`, `country`, `phone`, `gid`, `mobile`, `nationalnumber`, `department`, `division`, `with_honor`) VALUES (236874, 2016, '23', '', '', '', '', '', '', '', '', 'التربية الفنية ', '', '');
INSERT INTO `lk9v6_users` (`name`, `email`, `usertype`) VALUES ('هاجر معروف هوارى معروف حمادى', '', 'الخريجين');
INSERT INTO `lk9v6_alumni_main` (`id`, `user_id`, `approved`) VALUES (236875, 236875, 1);
INSERT INTO `lk9v6_alumni_data` (`alumni_id`, `graduation_year`, `fid`, `job`, `address`, `city`, `country`, `phone`, `gid`, `mobile`, `nationalnumber`, `department`, `division`, `with_honor`) VALUES (236875, 2016, '23', '', '', '', '', '', '', '', '', 'التربية الفنية ', '', '');
INSERT INTO `lk9v6_users` (`name`, `email`, `usertype`) VALUES ('هاله حمدى عبدالصادق عبدالغنى شرشر', '', 'الخريجين');
INSERT INTO `lk9v6_alumni_main` (`id`, `user_id`, `approved`) VALUES (236876, 236876, 1);
INSERT INTO `lk9v6_alumni_data` (`alumni_id`, `graduation_year`, `fid`, `job`, `address`, `city`, `country`, `phone`, `gid`, `mobile`, `nationalnumber`, `department`, `division`, `with_honor`) VALUES (236876, 2016, '23', '', '', '', '', '', '', '', '', 'التربية الفنية ', '', '');
INSERT INTO `lk9v6_users` (`name`, `email`, `usertype`) VALUES ('هبه احمد على مصطفى حواقة ', '', 'الخريجين');
INSERT INTO `lk9v6_alumni_main` (`id`, `user_id`, `approved`) VALUES (236877, 236877, 1);
INSERT INTO `lk9v6_alumni_data` (`alumni_id`, `graduation_year`, `fid`, `job`, `address`, `city`, `country`, `phone`, `gid`, `mobile`, `nationalnumber`, `department`, `division`, `with_honor`) VALUES (236877, 2016, '23', '', '', '', '', '', '', '', '', 'التربية الفنية ', '', '');
INSERT INTO `lk9v6_users` (`name`, `email`, `usertype`) VALUES ('هبه جمال احمد الحكيم محمد الغزاوى', '', 'الخريجين');
INSERT INTO `lk9v6_alumni_main` (`id`, `user_id`, `approved`) VALUES (236878, 236878, 1);
INSERT INTO `lk9v6_alumni_data` (`alumni_id`, `graduation_year`, `fid`, `job`, `address`, `city`, `country`, `phone`, `gid`, `mobile`, `nationalnumber`, `department`, `division`, `with_honor`) VALUES (236878, 2016, '23', '', '', '', '', '', '', '', '', 'التربية الفنية ', '', '');
INSERT INTO `lk9v6_users` (`name`, `email`, `usertype`) VALUES ('هدى سعد عبدالمهدى الدستاوى', '', 'الخريجين');
INSERT INTO `lk9v6_alumni_main` (`id`, `user_id`, `approved`) VALUES (236879, 236879, 1);
INSERT INTO `lk9v6_alumni_data` (`alumni_id`, `graduation_year`, `fid`, `job`, `address`, `city`, `country`, `phone`, `gid`, `mobile`, `nationalnumber`, `department`, `division`, `with_honor`) VALUES (236879, 2016, '23', '', '', '', '', '', '', '', '', 'التربية الفنية ', '', '');
INSERT INTO `lk9v6_users` (`name`, `email`, `usertype`) VALUES ('هدى عادلى فؤاد عمر على', '', 'الخريجين');
INSERT INTO `lk9v6_alumni_main` (`id`, `user_id`, `approved`) VALUES (236880, 236880, 1);
INSERT INTO `lk9v6_alumni_data` (`alumni_id`, `graduation_year`, `fid`, `job`, `address`, `city`, `country`, `phone`, `gid`, `mobile`, `nationalnumber`, `department`, `division`, `with_honor`) VALUES (236880, 2016, '23', '', '', '', '', '', '', '', '', 'التربية الفنية ', '', '');
INSERT INTO `lk9v6_users` (`name`, `email`, `usertype`) VALUES ('هدى كامل على مرسي رضوان ', '', 'الخريجين');
INSERT INTO `lk9v6_alumni_main` (`id`, `user_id`, `approved`) VALUES (236881, 236881, 1);
INSERT INTO `lk9v6_alumni_data` (`alumni_id`, `graduation_year`, `fid`, `job`, `address`, `city`, `country`, `phone`, `gid`, `mobile`, `nationalnumber`, `department`, `division`, `with_honor`) VALUES (236881, 2016, '23', '', '', '', '', '', '', '', '', 'التربية الفنية ', '', '');
INSERT INTO `lk9v6_users` (`name`, `email`, `usertype`) VALUES ('هدير سليمان عبدالحميد بدران ', '', 'الخريجين');
INSERT INTO `lk9v6_alumni_main` (`id`, `user_id`, `approved`) VALUES (236882, 236882, 1);
INSERT INTO `lk9v6_alumni_data` (`alumni_id`, `graduation_year`, `fid`, `job`, `address`, `city`, `country`, `phone`, `gid`, `mobile`, `nationalnumber`, `department`, `division`, `with_honor`) VALUES (236882, 2016, '23', '', '', '', '', '', '', '', '', 'التربية الفنية ', '', '');
INSERT INTO `lk9v6_users` (`name`, `email`, `usertype`) VALUES ('هدير شريف محمود على لاشين', '', 'الخريجين');
INSERT INTO `lk9v6_alumni_main` (`id`, `user_id`, `approved`) VALUES (236883, 236883, 1);
INSERT INTO `lk9v6_alumni_data` (`alumni_id`, `graduation_year`, `fid`, `job`, `address`, `city`, `country`, `phone`, `gid`, `mobile`, `nationalnumber`, `department`, `division`, `with_honor`) VALUES (236883, 2016, '23', '', '', '', '', '', '', '', '', 'التربية الفنية ', '', '');
INSERT INTO `lk9v6_users` (`name`, `email`, `usertype`) VALUES ('هدير علاء حسن صالح محمد صالح', '', 'الخريجين');
INSERT INTO `lk9v6_alumni_main` (`id`, `user_id`, `approved`) VALUES (236884, 236884, 1);
INSERT INTO `lk9v6_alumni_data` (`alumni_id`, `graduation_year`, `fid`, `job`, `address`, `city`, `country`, `phone`, `gid`, `mobile`, `nationalnumber`, `department`, `division`, `with_honor`) VALUES (236884, 2016, '23', '', '', '', '', '', '', '', '', 'التربية الفنية ', '', '');
INSERT INTO `lk9v6_users` (`name`, `email`, `usertype`) VALUES ('هدير محمد احمد ابراهيم سالم ', '', 'الخريجين');
INSERT INTO `lk9v6_alumni_main` (`id`, `user_id`, `approved`) VALUES (236885, 236885, 1);
INSERT INTO `lk9v6_alumni_data` (`alumni_id`, `graduation_year`, `fid`, `job`, `address`, `city`, `country`, `phone`, `gid`, `mobile`, `nationalnumber`, `department`, `division`, `with_honor`) VALUES (236885, 2016, '23', '', '', '', '', '', '', '', '', 'التربية الفنية ', '', '');
INSERT INTO `lk9v6_users` (`name`, `email`, `usertype`) VALUES ('هند فرج فريد على حواس ', '', 'الخريجين');
INSERT INTO `lk9v6_alumni_main` (`id`, `user_id`, `approved`) VALUES (236886, 236886, 1);
INSERT INTO `lk9v6_alumni_data` (`alumni_id`, `graduation_year`, `fid`, `job`, `address`, `city`, `country`, `phone`, `gid`, `mobile`, `nationalnumber`, `department`, `division`, `with_honor`) VALUES (236886, 2016, '23', '', '', '', '', '', '', '', '', 'التربية الفنية ', '', '');
INSERT INTO `lk9v6_users` (`name`, `email`, `usertype`) VALUES ('ياسمين احمد محمد انور محمد الشناوى', '', 'الخريجين');
INSERT INTO `lk9v6_alumni_main` (`id`, `user_id`, `approved`) VALUES (236887, 236887, 1);
INSERT INTO `lk9v6_alumni_data` (`alumni_id`, `graduation_year`, `fid`, `job`, `address`, `city`, `country`, `phone`, `gid`, `mobile`, `nationalnumber`, `department`, `division`, `with_honor`) VALUES (236887, 2016, '23', '', '', '', '', '', '', '', '', 'التربية الفنية ', '', '');
INSERT INTO `lk9v6_users` (`name`, `email`, `usertype`) VALUES ('ياسمين خالد جمعة خليل ', '', 'الخريجين');
INSERT INTO `lk9v6_alumni_main` (`id`, `user_id`, `approved`) VALUES (236888, 236888, 1);
INSERT INTO `lk9v6_alumni_data` (`alumni_id`, `graduation_year`, `fid`, `job`, `address`, `city`, `country`, `phone`, `gid`, `mobile`, `nationalnumber`, `department`, `division`, `with_honor`) VALUES (236888, 2016, '23', '', '', '', '', '', '', '', '', 'التربية الفنية ', '', '');
INSERT INTO `lk9v6_users` (`name`, `email`, `usertype`) VALUES ('ياسمين عاطف شبل عسكر السيد عبدالخالق ', '', 'الخريجين');
INSERT INTO `lk9v6_alumni_main` (`id`, `user_id`, `approved`) VALUES (236889, 236889, 1);
INSERT INTO `lk9v6_alumni_data` (`alumni_id`, `graduation_year`, `fid`, `job`, `address`, `city`, `country`, `phone`, `gid`, `mobile`, `nationalnumber`, `department`, `division`, `with_honor`) VALUES (236889, 2016, '23', '', '', '', '', '', '', '', '', 'التربية الفنية ', '', '');
INSERT INTO `lk9v6_users` (`name`, `email`, `usertype`) VALUES ('ياسمين مصطفى عبدالقادر مصطفى', '', 'الخريجين');
INSERT INTO `lk9v6_alumni_main` (`id`, `user_id`, `approved`) VALUES (236890, 236890, 1);
INSERT INTO `lk9v6_alumni_data` (`alumni_id`, `graduation_year`, `fid`, `job`, `address`, `city`, `country`, `phone`, `gid`, `mobile`, `nationalnumber`, `department`, `division`, `with_honor`) VALUES (236890, 2016, '23', '', '', '', '', '', '', '', '', 'التربية الفنية ', '', '');
INSERT INTO `lk9v6_users` (`name`, `email`, `usertype`) VALUES ('امنية حمدى محمود حسين نصر', '', 'الخريجين');
INSERT INTO `lk9v6_alumni_main` (`id`, `user_id`, `approved`) VALUES (236891, 236891, 1);
INSERT INTO `lk9v6_alumni_data` (`alumni_id`, `graduation_year`, `fid`, `job`, `address`, `city`, `country`, `phone`, `gid`, `mobile`, `nationalnumber`, `department`, `division`, `with_honor`) VALUES (236891, 2016, '23', '', '', '', '', '', '', '', '', 'التربية الموسيقية ', '', '');
INSERT INTO `lk9v6_users` (`name`, `email`, `usertype`) VALUES ('برديس رأفت كمال طه شهبه ', '', 'الخريجين');
INSERT INTO `lk9v6_alumni_main` (`id`, `user_id`, `approved`) VALUES (236892, 236892, 1);
INSERT INTO `lk9v6_alumni_data` (`alumni_id`, `graduation_year`, `fid`, `job`, `address`, `city`, `country`, `phone`, `gid`, `mobile`, `nationalnumber`, `department`, `division`, `with_honor`) VALUES (236892, 2016, '23', '', '', '', '', '', '', '', '', 'التربية الموسيقية ', '', '');
INSERT INTO `lk9v6_users` (`name`, `email`, `usertype`) VALUES ('ولاء مسعد محمد عبيد ابوسعد ', '', 'الخريجين');
INSERT INTO `lk9v6_alumni_main` (`id`, `user_id`, `approved`) VALUES (236893, 236893, 1);
INSERT INTO `lk9v6_alumni_data` (`alumni_id`, `graduation_year`, `fid`, `job`, `address`, `city`, `country`, `phone`, `gid`, `mobile`, `nationalnumber`, `department`, `division`, `with_honor`) VALUES (236893, 2016, '23', '', '', '', '', '', '', '', '', 'التربية الموسيقية ', '', '');
INSERT INTO `lk9v6_users` (`name`, `email`, `usertype`) VALUES ('اسراء احمد محمود احمد عبدالرحيم ', '', 'الخريجين');
INSERT INTO `lk9v6_alumni_main` (`id`, `user_id`, `approved`) VALUES (236894, 236894, 1);
INSERT INTO `lk9v6_alumni_data` (`alumni_id`, `graduation_year`, `fid`, `job`, `address`, `city`, `country`, `phone`, `gid`, `mobile`, `nationalnumber`, `department`, `division`, `with_honor`) VALUES (236894, 2016, '23', '', '', '', '', '', '', '', '', 'التربية الموسيقية ', '', '');
INSERT INTO `lk9v6_users` (`name`, `email`, `usertype`) VALUES ('ريهام عبدالرحمن احمد محمود صقر', '', 'الخريجين');
INSERT INTO `lk9v6_alumni_main` (`id`, `user_id`, `approved`) VALUES (236895, 236895, 1);
INSERT INTO `lk9v6_alumni_data` (`alumni_id`, `graduation_year`, `fid`, `job`, `address`, `city`, `country`, `phone`, `gid`, `mobile`, `nationalnumber`, `department`, `division`, `with_honor`) VALUES (236895, 2016, '23', '', '', '', '', '', '', '', '', 'التربية الموسيقية ', '', '');
INSERT INTO `lk9v6_users` (`name`, `email`, `usertype`) VALUES ('شروق محمد احمد زكى على', '', 'الخريجين');
INSERT INTO `lk9v6_alumni_main` (`id`, `user_id`, `approved`) VALUES (236896, 236896, 1);
INSERT INTO `lk9v6_alumni_data` (`alumni_id`, `graduation_year`, `fid`, `job`, `address`, `city`, `country`, `phone`, `gid`, `mobile`, `nationalnumber`, `department`, `division`, `with_honor`) VALUES (236896, 2016, '23', '', '', '', '', '', '', '', '', 'التربية الموسيقية ', '', '');
INSERT INTO `lk9v6_users` (`name`, `email`, `usertype`) VALUES ('علا حسن ابراهيم حسن', '', 'الخريجين');
INSERT INTO `lk9v6_alumni_main` (`id`, `user_id`, `approved`) VALUES (236897, 236897, 1);
INSERT INTO `lk9v6_alumni_data` (`alumni_id`, `graduation_year`, `fid`, `job`, `address`, `city`, `country`, `phone`, `gid`, `mobile`, `nationalnumber`, `department`, `division`, `with_honor`) VALUES (236897, 2016, '23', '', '', '', '', '', '', '', '', 'التربية الموسيقية ', '', '');
INSERT INTO `lk9v6_users` (`name`, `email`, `usertype`) VALUES ('فيرينا ميلاد نصيف تادروس عطاالله ', '', 'الخريجين');
INSERT INTO `lk9v6_alumni_main` (`id`, `user_id`, `approved`) VALUES (236898, 236898, 1);
INSERT INTO `lk9v6_alumni_data` (`alumni_id`, `graduation_year`, `fid`, `job`, `address`, `city`, `country`, `phone`, `gid`, `mobile`, `nationalnumber`, `department`, `division`, `with_honor`) VALUES (236898, 2016, '23', '', '', '', '', '', '', '', '', 'التربية الموسيقية ', '', '');
INSERT INTO `lk9v6_users` (`name`, `email`, `usertype`) VALUES ('كارين جميان عوض تادروس', '', 'الخريجين');
INSERT INTO `lk9v6_alumni_main` (`id`, `user_id`, `approved`) VALUES (236899, 236899, 1);
INSERT INTO `lk9v6_alumni_data` (`alumni_id`, `graduation_year`, `fid`, `job`, `address`, `city`, `country`, `phone`, `gid`, `mobile`, `nationalnumber`, `department`, `division`, `with_honor`) VALUES (236899, 2016, '23', '', '', '', '', '', '', '', '', 'التربية الموسيقية ', '', '');
INSERT INTO `lk9v6_users` (`name`, `email`, `usertype`) VALUES ('كريمة محمد كارم شاكر حامد ', '', 'الخريجين');
INSERT INTO `lk9v6_alumni_main` (`id`, `user_id`, `approved`) VALUES (236900, 236900, 1);
INSERT INTO `lk9v6_alumni_data` (`alumni_id`, `graduation_year`, `fid`, `job`, `address`, `city`, `country`, `phone`, `gid`, `mobile`, `nationalnumber`, `department`, `division`, `with_honor`) VALUES (236900, 2016, '23', '', '', '', '', '', '', '', '', 'التربية الموسيقية ', '', '');
INSERT INTO `lk9v6_users` (`name`, `email`, `usertype`) VALUES ('مارى ممدوح جونى نان', '', 'الخريجين');
INSERT INTO `lk9v6_alumni_main` (`id`, `user_id`, `approved`) VALUES (236901, 236901, 1);
INSERT INTO `lk9v6_alumni_data` (`alumni_id`, `graduation_year`, `fid`, `job`, `address`, `city`, `country`, `phone`, `gid`, `mobile`, `nationalnumber`, `department`, `division`, `with_honor`) VALUES (236901, 2016, '23', '', '', '', '', '', '', '', '', 'التربية الموسيقية ', '', '');
INSERT INTO `lk9v6_users` (`name`, `email`, `usertype`) VALUES ('مروة الحسن احمد بغدادى', '', 'الخريجين');
INSERT INTO `lk9v6_alumni_main` (`id`, `user_id`, `approved`) VALUES (236902, 236902, 1);
INSERT INTO `lk9v6_alumni_data` (`alumni_id`, `graduation_year`, `fid`, `job`, `address`, `city`, `country`, `phone`, `gid`, `mobile`, `nationalnumber`, `department`, `division`, `with_honor`) VALUES (236902, 2016, '23', '', '', '', '', '', '', '', '', 'التربية الموسيقية ', '', '');
INSERT INTO `lk9v6_users` (`name`, `email`, `usertype`) VALUES ('منار السيد عبدالقادر محمد عبدالله', '', 'الخريجين');
INSERT INTO `lk9v6_alumni_main` (`id`, `user_id`, `approved`) VALUES (236903, 236903, 1);
INSERT INTO `lk9v6_alumni_data` (`alumni_id`, `graduation_year`, `fid`, `job`, `address`, `city`, `country`, `phone`, `gid`, `mobile`, `nationalnumber`, `department`, `division`, `with_honor`) VALUES (236903, 2016, '23', '', '', '', '', '', '', '', '', 'التربية الموسيقية ', '', '');
INSERT INTO `lk9v6_users` (`name`, `email`, `usertype`) VALUES ('منه الله على محمود حميوطه', '', 'الخريجين');
INSERT INTO `lk9v6_alumni_main` (`id`, `user_id`, `approved`) VALUES (236904, 236904, 1);
INSERT INTO `lk9v6_alumni_data` (`alumni_id`, `graduation_year`, `fid`, `job`, `address`, `city`, `country`, `phone`, `gid`, `mobile`, `nationalnumber`, `department`, `division`, `with_honor`) VALUES (236904, 2016, '23', '', '', '', '', '', '', '', '', 'التربية الموسيقية ', '', '');
INSERT INTO `lk9v6_users` (`name`, `email`, `usertype`) VALUES ('نسرين عبدالمحسن محمد عبدالمنعم عبدالحميد ', '', 'الخريجين');
INSERT INTO `lk9v6_alumni_main` (`id`, `user_id`, `approved`) VALUES (236905, 236905, 1);
INSERT INTO `lk9v6_alumni_data` (`alumni_id`, `graduation_year`, `fid`, `job`, `address`, `city`, `country`, `phone`, `gid`, `mobile`, `nationalnumber`, `department`, `division`, `with_honor`) VALUES (236905, 2016, '23', '', '', '', '', '', '', '', '', 'التربية الموسيقية ', '', '');
INSERT INTO `lk9v6_users` (`name`, `email`, `usertype`) VALUES ('نهال حسين محمد السيد الحداد', '', 'الخريجين');
INSERT INTO `lk9v6_alumni_main` (`id`, `user_id`, `approved`) VALUES (236906, 236906, 1);
INSERT INTO `lk9v6_alumni_data` (`alumni_id`, `graduation_year`, `fid`, `job`, `address`, `city`, `country`, `phone`, `gid`, `mobile`, `nationalnumber`, `department`, `division`, `with_honor`) VALUES (236906, 2016, '23', '', '', '', '', '', '', '', '', 'التربية الموسيقية ', '', '');
INSERT INTO `lk9v6_users` (`name`, `email`, `usertype`) VALUES ('هدى عادل عبدالمنعم عبدالحكيم غيث ', '', 'الخريجين');
INSERT INTO `lk9v6_alumni_main` (`id`, `user_id`, `approved`) VALUES (236907, 236907, 1);
INSERT INTO `lk9v6_alumni_data` (`alumni_id`, `graduation_year`, `fid`, `job`, `address`, `city`, `country`, `phone`, `gid`, `mobile`, `nationalnumber`, `department`, `division`, `with_honor`) VALUES (236907, 2016, '23', '', '', '', '', '', '', '', '', 'التربية الموسيقية ', '', '');
INSERT INTO `lk9v6_users` (`name`, `email`, `usertype`) VALUES ('هدير سعيد احمد زكى احمد ', '', 'الخريجين');
INSERT INTO `lk9v6_alumni_main` (`id`, `user_id`, `approved`) VALUES (236908, 236908, 1);
INSERT INTO `lk9v6_alumni_data` (`alumni_id`, `graduation_year`, `fid`, `job`, `address`, `city`, `country`, `phone`, `gid`, `mobile`, `nationalnumber`, `department`, `division`, `with_honor`) VALUES (236908, 2016, '23', '', '', '', '', '', '', '', '', 'التربية الموسيقية ', '', '');
INSERT INTO `lk9v6_users` (`name`, `email`, `usertype`) VALUES ('يوستينا ميلاد كامل سليمان غبريال ', '', 'الخريجين');
INSERT INTO `lk9v6_alumni_main` (`id`, `user_id`, `approved`) VALUES (236909, 236909, 1);
INSERT INTO `lk9v6_alumni_data` (`alumni_id`, `graduation_year`, `fid`, `job`, `address`, `city`, `country`, `phone`, `gid`, `mobile`, `nationalnumber`, `department`, `division`, `with_honor`) VALUES (236909, 2016, '23', '', '', '', '', '', '', '', '', 'التربية الموسيقية ', '', '');
INSERT INTO `lk9v6_users` (`name`, `email`, `usertype`) VALUES ('اسراء ابوالقاسم محمد ابوالقاسم', '', 'الخريجين');
INSERT INTO `lk9v6_alumni_main` (`id`, `user_id`, `approved`) VALUES (236910, 236910, 1);
INSERT INTO `lk9v6_alumni_data` (`alumni_id`, `graduation_year`, `fid`, `job`, `address`, `city`, `country`, `phone`, `gid`, `mobile`, `nationalnumber`, `department`, `division`, `with_honor`) VALUES (236910, 2016, '23', '', '', '', '', '', '', '', '', 'التربية الموسيقية ', '', '');
INSERT INTO `lk9v6_users` (`name`, `email`, `usertype`) VALUES ('اسراء محمد سامى ابراهيم الرفاعى ', '', 'الخريجين');
INSERT INTO `lk9v6_alumni_main` (`id`, `user_id`, `approved`) VALUES (236911, 236911, 1);
INSERT INTO `lk9v6_alumni_data` (`alumni_id`, `graduation_year`, `fid`, `job`, `address`, `city`, `country`, `phone`, `gid`, `mobile`, `nationalnumber`, `department`, `division`, `with_honor`) VALUES (236911, 2016, '23', '', '', '', '', '', '', '', '', 'التربية الموسيقية ', '', '');
INSERT INTO `lk9v6_users` (`name`, `email`, `usertype`) VALUES ('اسماء صلاح عبدالعزيز السطوحى ', '', 'الخريجين');
INSERT INTO `lk9v6_alumni_main` (`id`, `user_id`, `approved`) VALUES (236912, 236912, 1);
INSERT INTO `lk9v6_alumni_data` (`alumni_id`, `graduation_year`, `fid`, `job`, `address`, `city`, `country`, `phone`, `gid`, `mobile`, `nationalnumber`, `department`, `division`, `with_honor`) VALUES (236912, 2016, '23', '', '', '', '', '', '', '', '', 'التربية الموسيقية ', '', '');
INSERT INTO `lk9v6_users` (`name`, `email`, `usertype`) VALUES ('امنية جمال محمد السيد ابوجمال', '', 'الخريجين');
INSERT INTO `lk9v6_alumni_main` (`id`, `user_id`, `approved`) VALUES (236913, 236913, 1);
INSERT INTO `lk9v6_alumni_data` (`alumni_id`, `graduation_year`, `fid`, `job`, `address`, `city`, `country`, `phone`, `gid`, `mobile`, `nationalnumber`, `department`, `division`, `with_honor`) VALUES (236913, 2016, '23', '', '', '', '', '', '', '', '', 'التربية الموسيقية ', '', '');
INSERT INTO `lk9v6_users` (`name`, `email`, `usertype`) VALUES ('رهف محمد ابراهيم محمد عبدالحميد ', '', 'الخريجين');
INSERT INTO `lk9v6_alumni_main` (`id`, `user_id`, `approved`) VALUES (236914, 236914, 1);
INSERT INTO `lk9v6_alumni_data` (`alumni_id`, `graduation_year`, `fid`, `job`, `address`, `city`, `country`, `phone`, `gid`, `mobile`, `nationalnumber`, `department`, `division`, `with_honor`) VALUES (236914, 2016, '23', '', '', '', '', '', '', '', '', 'التربية الموسيقية ', '', '');
INSERT INTO `lk9v6_users` (`name`, `email`, `usertype`) VALUES ('ريم سامى ارمانيوس فرج ', '', 'الخريجين');
INSERT INTO `lk9v6_alumni_main` (`id`, `user_id`, `approved`) VALUES (236915, 236915, 1);
INSERT INTO `lk9v6_alumni_data` (`alumni_id`, `graduation_year`, `fid`, `job`, `address`, `city`, `country`, `phone`, `gid`, `mobile`, `nationalnumber`, `department`, `division`, `with_honor`) VALUES (236915, 2016, '23', '', '', '', '', '', '', '', '', 'التربية الموسيقية ', '', '');
INSERT INTO `lk9v6_users` (`name`, `email`, `usertype`) VALUES ('مارينا نبيل فؤاد عزيز', '', 'الخريجين');
INSERT INTO `lk9v6_alumni_main` (`id`, `user_id`, `approved`) VALUES (236916, 236916, 1);
INSERT INTO `lk9v6_alumni_data` (`alumni_id`, `graduation_year`, `fid`, `job`, `address`, `city`, `country`, `phone`, `gid`, `mobile`, `nationalnumber`, `department`, `division`, `with_honor`) VALUES (236916, 2016, '23', '', '', '', '', '', '', '', '', 'التربية الموسيقية ', '', '');
INSERT INTO `lk9v6_users` (`name`, `email`, `usertype`) VALUES ('مروة محمود مصطفى المزين ', '', 'الخريجين');
INSERT INTO `lk9v6_alumni_main` (`id`, `user_id`, `approved`) VALUES (236917, 236917, 1);
INSERT INTO `lk9v6_alumni_data` (`alumni_id`, `graduation_year`, `fid`, `job`, `address`, `city`, `country`, `phone`, `gid`, `mobile`, `nationalnumber`, `department`, `division`, `with_honor`) VALUES (236917, 2016, '23', '', '', '', '', '', '', '', '', 'التربية الموسيقية ', '', '');
INSERT INTO `lk9v6_users` (`name`, `email`, `usertype`) VALUES ('مصطفى محمد مصطفى محمد دسوقى', '', 'الخريجين');
INSERT INTO `lk9v6_alumni_main` (`id`, `user_id`, `approved`) VALUES (236918, 236918, 1);
INSERT INTO `lk9v6_alumni_data` (`alumni_id`, `graduation_year`, `fid`, `job`, `address`, `city`, `country`, `phone`, `gid`, `mobile`, `nationalnumber`, `department`, `division`, `with_honor`) VALUES (236918, 2016, '23', '', '', '', '', '', '', '', '', 'التربية الموسيقية ', '', '');
INSERT INTO `lk9v6_users` (`name`, `email`, `usertype`) VALUES ('منى عماد محمد رشاد سليمان ', '', 'الخريجين');
INSERT INTO `lk9v6_alumni_main` (`id`, `user_id`, `approved`) VALUES (236919, 236919, 1);
INSERT INTO `lk9v6_alumni_data` (`alumni_id`, `graduation_year`, `fid`, `job`, `address`, `city`, `country`, `phone`, `gid`, `mobile`, `nationalnumber`, `department`, `division`, `with_honor`) VALUES (236919, 2016, '23', '', '', '', '', '', '', '', '', 'التربية الموسيقية ', '', '');
INSERT INTO `lk9v6_users` (`name`, `email`, `usertype`) VALUES ('ميرنا مجدى مرقص غبريال ', '', 'الخريجين');
INSERT INTO `lk9v6_alumni_main` (`id`, `user_id`, `approved`) VALUES (236920, 236920, 1);
INSERT INTO `lk9v6_alumni_data` (`alumni_id`, `graduation_year`, `fid`, `job`, `address`, `city`, `country`, `phone`, `gid`, `mobile`, `nationalnumber`, `department`, `division`, `with_honor`) VALUES (236920, 2016, '23', '', '', '', '', '', '', '', '', 'التربية الموسيقية ', '', '');
INSERT INTO `lk9v6_users` (`name`, `email`, `usertype`) VALUES ('نرمين ابراهيم عطيه ابراهيم عبدالوهاب ', '', 'الخريجين');
INSERT INTO `lk9v6_alumni_main` (`id`, `user_id`, `approved`) VALUES (236921, 236921, 1);
INSERT INTO `lk9v6_alumni_data` (`alumni_id`, `graduation_year`, `fid`, `job`, `address`, `city`, `country`, `phone`, `gid`, `mobile`, `nationalnumber`, `department`, `division`, `with_honor`) VALUES (236921, 2016, '23', '', '', '', '', '', '', '', '', 'التربية الموسيقية ', '', '');
INSERT INTO `lk9v6_users` (`name`, `email`, `usertype`) VALUES ('نسمة عراقى عبداللطيف محمد على ', '', 'الخريجين');
INSERT INTO `lk9v6_alumni_main` (`id`, `user_id`, `approved`) VALUES (236922, 236922, 1);
INSERT INTO `lk9v6_alumni_data` (`alumni_id`, `graduation_year`, `fid`, `job`, `address`, `city`, `country`, `phone`, `gid`, `mobile`, `nationalnumber`, `department`, `division`, `with_honor`) VALUES (236922, 2016, '23', '', '', '', '', '', '', '', '', 'التربية الموسيقية ', '', '');
INSERT INTO `lk9v6_users` (`name`, `email`, `usertype`) VALUES ('هدير عبدالعظيم احمد عبدالمولى', '', 'الخريجين');
INSERT INTO `lk9v6_alumni_main` (`id`, `user_id`, `approved`) VALUES (236923, 236923, 1);
INSERT INTO `lk9v6_alumni_data` (`alumni_id`, `graduation_year`, `fid`, `job`, `address`, `city`, `country`, `phone`, `gid`, `mobile`, `nationalnumber`, `department`, `division`, `with_honor`) VALUES (236923, 2016, '23', '', '', '', '', '', '', '', '', 'التربية الموسيقية ', '', '');
INSERT INTO `lk9v6_users` (`name`, `email`, `usertype`) VALUES ('لوجين عبدالله ابوالمعاطى محمد ', '', 'الخريجين');
INSERT INTO `lk9v6_alumni_main` (`id`, `user_id`, `approved`) VALUES (236924, 236924, 1);
INSERT INTO `lk9v6_alumni_data` (`alumni_id`, `graduation_year`, `fid`, `job`, `address`, `city`, `country`, `phone`, `gid`, `mobile`, `nationalnumber`, `department`, `division`, `with_honor`) VALUES (236924, 2016, '23', '', '', '', '', '', '', '', '', 'التربية الموسيقية ', '', '');
INSERT INTO `lk9v6_users` (`name`, `email`, `usertype`) VALUES ('اسراء عصام عبدالرؤوف احمد احمد ', '', 'الخريجين');
INSERT INTO `lk9v6_alumni_main` (`id`, `user_id`, `approved`) VALUES (236925, 236925, 1);
INSERT INTO `lk9v6_alumni_data` (`alumni_id`, `graduation_year`, `fid`, `job`, `address`, `city`, `country`, `phone`, `gid`, `mobile`, `nationalnumber`, `department`, `division`, `with_honor`) VALUES (236925, 2016, '23', '', '', '', '', '', '', '', '', 'التربية الموسيقية ', '', '');
INSERT INTO `lk9v6_users` (`name`, `email`, `usertype`) VALUES ('امانى سعيد محمد فتيحه الانجباوى', '', 'الخريجين');
INSERT INTO `lk9v6_alumni_main` (`id`, `user_id`, `approved`) VALUES (236926, 236926, 1);
INSERT INTO `lk9v6_alumni_data` (`alumni_id`, `graduation_year`, `fid`, `job`, `address`, `city`, `country`, `phone`, `gid`, `mobile`, `nationalnumber`, `department`, `division`, `with_honor`) VALUES (236926, 2016, '23', '', '', '', '', '', '', '', '', 'التربية الموسيقية ', '', '');
INSERT INTO `lk9v6_users` (`name`, `email`, `usertype`) VALUES ('حسناء مرسى حسن مرسي سليمان', '', 'الخريجين');
INSERT INTO `lk9v6_alumni_main` (`id`, `user_id`, `approved`) VALUES (236927, 236927, 1);
INSERT INTO `lk9v6_alumni_data` (`alumni_id`, `graduation_year`, `fid`, `job`, `address`, `city`, `country`, `phone`, `gid`, `mobile`, `nationalnumber`, `department`, `division`, `with_honor`) VALUES (236927, 2016, '23', '', '', '', '', '', '', '', '', 'التربية الموسيقية ', '', '');
INSERT INTO `lk9v6_users` (`name`, `email`, `usertype`) VALUES ('سعاد محمد احمد محمد الشرقاوى', '', 'الخريجين');
INSERT INTO `lk9v6_alumni_main` (`id`, `user_id`, `approved`) VALUES (236928, 236928, 1);
INSERT INTO `lk9v6_alumni_data` (`alumni_id`, `graduation_year`, `fid`, `job`, `address`, `city`, `country`, `phone`, `gid`, `mobile`, `nationalnumber`, `department`, `division`, `with_honor`) VALUES (236928, 2016, '23', '', '', '', '', '', '', '', '', 'التربية الموسيقية ', '', '');
INSERT INTO `lk9v6_users` (`name`, `email`, `usertype`) VALUES ('فاطمة جابر على على يقطين ', '', 'الخريجين');
INSERT INTO `lk9v6_alumni_main` (`id`, `user_id`, `approved`) VALUES (236929, 236929, 1);
INSERT INTO `lk9v6_alumni_data` (`alumni_id`, `graduation_year`, `fid`, `job`, `address`, `city`, `country`, `phone`, `gid`, `mobile`, `nationalnumber`, `department`, `division`, `with_honor`) VALUES (236929, 2016, '23', '', '', '', '', '', '', '', '', 'التربية الموسيقية ', '', '');
INSERT INTO `lk9v6_users` (`name`, `email`, `usertype`) VALUES ('فيرونيا رفعت صبحى الياس ابراهيم ', '', 'الخريجين');
INSERT INTO `lk9v6_alumni_main` (`id`, `user_id`, `approved`) VALUES (236930, 236930, 1);
INSERT INTO `lk9v6_alumni_data` (`alumni_id`, `graduation_year`, `fid`, `job`, `address`, `city`, `country`, `phone`, `gid`, `mobile`, `nationalnumber`, `department`, `division`, `with_honor`) VALUES (236930, 2016, '23', '', '', '', '', '', '', '', '', 'التربية الموسيقية ', '', '');
INSERT INTO `lk9v6_users` (`name`, `email`, `usertype`) VALUES ('ندى عادل جابر عبدالرحمن مصطفى', '', 'الخريجين');
INSERT INTO `lk9v6_alumni_main` (`id`, `user_id`, `approved`) VALUES (236931, 236931, 1);
INSERT INTO `lk9v6_alumni_data` (`alumni_id`, `graduation_year`, `fid`, `job`, `address`, `city`, `country`, `phone`, `gid`, `mobile`, `nationalnumber`, `department`, `division`, `with_honor`) VALUES (236931, 2016, '23', '', '', '', '', '', '', '', '', 'التربية الموسيقية ', '', '');
INSERT INTO `lk9v6_users` (`name`, `email`, `usertype`) VALUES ('زياد حسام الدين حسن محمود ', '', 'الخريجين');
INSERT INTO `lk9v6_alumni_main` (`id`, `user_id`, `approved`) VALUES (236932, 236932, 1);
INSERT INTO `lk9v6_alumni_data` (`alumni_id`, `graduation_year`, `fid`, `job`, `address`, `city`, `country`, `phone`, `gid`, `mobile`, `nationalnumber`, `department`, `division`, `with_honor`) VALUES (236932, 2016, '23', '', '', '', '', '', '', '', '', 'التربية الموسيقية ', '', '');
INSERT INTO `lk9v6_users` (`name`, `email`, `usertype`) VALUES ('ابتهال سعد ابراهيم خليفه غانم', '', 'الخريجين');
INSERT INTO `lk9v6_alumni_main` (`id`, `user_id`, `approved`) VALUES (236933, 236933, 1);
INSERT INTO `lk9v6_alumni_data` (`alumni_id`, `graduation_year`, `fid`, `job`, `address`, `city`, `country`, `phone`, `gid`, `mobile`, `nationalnumber`, `department`, `division`, `with_honor`) VALUES (236933, 2011, '23', '', '', '', '', '', '', '', '', 'الأقتصاد المنزلي ', '', '');
INSERT INTO `lk9v6_users` (`name`, `email`, `usertype`) VALUES ('اسماء محمد محمد نصار سلامة', '', 'الخريجين');
INSERT INTO `lk9v6_alumni_main` (`id`, `user_id`, `approved`) VALUES (236934, 236934, 1);
INSERT INTO `lk9v6_alumni_data` (`alumni_id`, `graduation_year`, `fid`, `job`, `address`, `city`, `country`, `phone`, `gid`, `mobile`, `nationalnumber`, `department`, `division`, `with_honor`) VALUES (236934, 2011, '23', '', '', '', '', '', '', '', '', 'الأقتصاد المنزلي ', '', '');
INSERT INTO `lk9v6_users` (`name`, `email`, `usertype`) VALUES ('امل محمود عبدالرزاق ابراهيم ', '', 'الخريجين');
INSERT INTO `lk9v6_alumni_main` (`id`, `user_id`, `approved`) VALUES (236935, 236935, 1);
INSERT INTO `lk9v6_alumni_data` (`alumni_id`, `graduation_year`, `fid`, `job`, `address`, `city`, `country`, `phone`, `gid`, `mobile`, `nationalnumber`, `department`, `division`, `with_honor`) VALUES (236935, 2011, '23', '', '', '', '', '', '', '', '', 'الأقتصاد المنزلي ', '', '');
INSERT INTO `lk9v6_users` (`name`, `email`, `usertype`) VALUES ('ايمان احمد عبدالعزيز زين الدين', '', 'الخريجين');
INSERT INTO `lk9v6_alumni_main` (`id`, `user_id`, `approved`) VALUES (236936, 236936, 1);
INSERT INTO `lk9v6_alumni_data` (`alumni_id`, `graduation_year`, `fid`, `job`, `address`, `city`, `country`, `phone`, `gid`, `mobile`, `nationalnumber`, `department`, `division`, `with_honor`) VALUES (236936, 2011, '23', '', '', '', '', '', '', '', '', 'الأقتصاد المنزلي ', '', '');
INSERT INTO `lk9v6_users` (`name`, `email`, `usertype`) VALUES ('سناء محمد مرسي حسن اللبان', '', 'الخريجين');
INSERT INTO `lk9v6_alumni_main` (`id`, `user_id`, `approved`) VALUES (236937, 236937, 1);
INSERT INTO `lk9v6_alumni_data` (`alumni_id`, `graduation_year`, `fid`, `job`, `address`, `city`, `country`, `phone`, `gid`, `mobile`, `nationalnumber`, `department`, `division`, `with_honor`) VALUES (236937, 2011, '23', '', '', '', '', '', '', '', '', 'الأقتصاد المنزلي ', '', '');
INSERT INTO `lk9v6_users` (`name`, `email`, `usertype`) VALUES ('سميا يحيي سعد الجيشى ', '', 'الخريجين');
INSERT INTO `lk9v6_alumni_main` (`id`, `user_id`, `approved`) VALUES (236938, 236938, 1);
INSERT INTO `lk9v6_alumni_data` (`alumni_id`, `graduation_year`, `fid`, `job`, `address`, `city`, `country`, `phone`, `gid`, `mobile`, `nationalnumber`, `department`, `division`, `with_honor`) VALUES (236938, 2011, '23', '', '', '', '', '', '', '', '', 'الأقتصاد المنزلي ', '', '');
INSERT INTO `lk9v6_users` (`name`, `email`, `usertype`) VALUES ('غادة ابراهيم على سيد احمد ناجى', '', 'الخريجين');
INSERT INTO `lk9v6_alumni_main` (`id`, `user_id`, `approved`) VALUES (236939, 236939, 1);
INSERT INTO `lk9v6_alumni_data` (`alumni_id`, `graduation_year`, `fid`, `job`, `address`, `city`, `country`, `phone`, `gid`, `mobile`, `nationalnumber`, `department`, `division`, `with_honor`) VALUES (236939, 2011, '23', '', '', '', '', '', '', '', '', 'الأقتصاد المنزلي ', '', '');
INSERT INTO `lk9v6_users` (`name`, `email`, `usertype`) VALUES ('هبة عبدالقادر محمد عبدالمجيد يونس ', '', 'الخريجين');
INSERT INTO `lk9v6_alumni_main` (`id`, `user_id`, `approved`) VALUES (236940, 236940, 1);
INSERT INTO `lk9v6_alumni_data` (`alumni_id`, `graduation_year`, `fid`, `job`, `address`, `city`, `country`, `phone`, `gid`, `mobile`, `nationalnumber`, `department`, `division`, `with_honor`) VALUES (236940, 2011, '23', '', '', '', '', '', '', '', '', 'الأقتصاد المنزلي ', '', '');
INSERT INTO `lk9v6_users` (`name`, `email`, `usertype`) VALUES ('هدى حمدى مهدى ابوسيف المعداوى', '', 'الخريجين');
INSERT INTO `lk9v6_alumni_main` (`id`, `user_id`, `approved`) VALUES (236941, 236941, 1);
INSERT INTO `lk9v6_alumni_data` (`alumni_id`, `graduation_year`, `fid`, `job`, `address`, `city`, `country`, `phone`, `gid`, `mobile`, `nationalnumber`, `department`, `division`, `with_honor`) VALUES (236941, 2011, '23', '', '', '', '', '', '', '', '', 'الأقتصاد المنزلي ', '', '');
INSERT INTO `lk9v6_users` (`name`, `email`, `usertype`) VALUES ('وسام يسرى نيازى اسماعيل امام', '', 'الخريجين');
INSERT INTO `lk9v6_alumni_main` (`id`, `user_id`, `approved`) VALUES (236942, 236942, 1);
INSERT INTO `lk9v6_alumni_data` (`alumni_id`, `graduation_year`, `fid`, `job`, `address`, `city`, `country`, `phone`, `gid`, `mobile`, `nationalnumber`, `department`, `division`, `with_honor`) VALUES (236942, 2011, '23', '', '', '', '', '', '', '', '', 'الأقتصاد المنزلي ', '', '');
INSERT INTO `lk9v6_users` (`name`, `email`, `usertype`) VALUES ('ياسمين عبدالمنعم محمد احمد يعقوب', '', 'الخريجين');
INSERT INTO `lk9v6_alumni_main` (`id`, `user_id`, `approved`) VALUES (236943, 236943, 1);
INSERT INTO `lk9v6_alumni_data` (`alumni_id`, `graduation_year`, `fid`, `job`, `address`, `city`, `country`, `phone`, `gid`, `mobile`, `nationalnumber`, `department`, `division`, `with_honor`) VALUES (236943, 2011, '23', '', '', '', '', '', '', '', '', 'الأقتصاد المنزلي ', '', '');
INSERT INTO `lk9v6_users` (`name`, `email`, `usertype`) VALUES ('مارلين البير صبحى حنا عطية ', '', 'الخريجين');
INSERT INTO `lk9v6_alumni_main` (`id`, `user_id`, `approved`) VALUES (236944, 236944, 1);
INSERT INTO `lk9v6_alumni_data` (`alumni_id`, `graduation_year`, `fid`, `job`, `address`, `city`, `country`, `phone`, `gid`, `mobile`, `nationalnumber`, `department`, `division`, `with_honor`) VALUES (236944, 2011, '23', '', '', '', '', '', '', '', '', 'الأقتصاد المنزلي ', '', '');
INSERT INTO `lk9v6_users` (`name`, `email`, `usertype`) VALUES ('استير فوزى عازر يوسف حبيب ', '', 'الخريجين');
INSERT INTO `lk9v6_alumni_main` (`id`, `user_id`, `approved`) VALUES (236945, 236945, 1);
INSERT INTO `lk9v6_alumni_data` (`alumni_id`, `graduation_year`, `fid`, `job`, `address`, `city`, `country`, `phone`, `gid`, `mobile`, `nationalnumber`, `department`, `division`, `with_honor`) VALUES (236945, 2011, '23', '', '', '', '', '', '', '', '', 'موسيقى', '', '');
INSERT INTO `lk9v6_users` (`name`, `email`, `usertype`) VALUES ('اسراء محمد عبدالعزيز محمد حبيب ', '', 'الخريجين');
INSERT INTO `lk9v6_alumni_main` (`id`, `user_id`, `approved`) VALUES (236946, 236946, 1);
INSERT INTO `lk9v6_alumni_data` (`alumni_id`, `graduation_year`, `fid`, `job`, `address`, `city`, `country`, `phone`, `gid`, `mobile`, `nationalnumber`, `department`, `division`, `with_honor`) VALUES (236946, 2011, '23', '', '', '', '', '', '', '', '', 'موسيقى', '', '');
INSERT INTO `lk9v6_users` (`name`, `email`, `usertype`) VALUES ('ايمن محمد ابراهيم عنب', '', 'الخريجين');
INSERT INTO `lk9v6_alumni_main` (`id`, `user_id`, `approved`) VALUES (236947, 236947, 1);
INSERT INTO `lk9v6_alumni_data` (`alumni_id`, `graduation_year`, `fid`, `job`, `address`, `city`, `country`, `phone`, `gid`, `mobile`, `nationalnumber`, `department`, `division`, `with_honor`) VALUES (236947, 2011, '23', '', '', '', '', '', '', '', '', 'موسيقى', '', '');
INSERT INTO `lk9v6_users` (`name`, `email`, `usertype`) VALUES ('ايناس عوض عبدالفتاح بركات ', '', 'الخريجين');
INSERT INTO `lk9v6_alumni_main` (`id`, `user_id`, `approved`) VALUES (236948, 236948, 1);
INSERT INTO `lk9v6_alumni_data` (`alumni_id`, `graduation_year`, `fid`, `job`, `address`, `city`, `country`, `phone`, `gid`, `mobile`, `nationalnumber`, `department`, `division`, `with_honor`) VALUES (236948, 2011, '23', '', '', '', '', '', '', '', '', 'موسيقى', '', '');
INSERT INTO `lk9v6_users` (`name`, `email`, `usertype`) VALUES ('بسنت يوسف كمال الدين حسين القاضى', '', 'الخريجين');
INSERT INTO `lk9v6_alumni_main` (`id`, `user_id`, `approved`) VALUES (236949, 236949, 1);
INSERT INTO `lk9v6_alumni_data` (`alumni_id`, `graduation_year`, `fid`, `job`, `address`, `city`, `country`, `phone`, `gid`, `mobile`, `nationalnumber`, `department`, `division`, `with_honor`) VALUES (236949, 2011, '23', '', '', '', '', '', '', '', '', 'موسيقى', '', '');
INSERT INTO `lk9v6_users` (`name`, `email`, `usertype`) VALUES ('جهاد احمد محمد عيسى السيد', '', 'الخريجين');
INSERT INTO `lk9v6_alumni_main` (`id`, `user_id`, `approved`) VALUES (236950, 236950, 1);
INSERT INTO `lk9v6_alumni_data` (`alumni_id`, `graduation_year`, `fid`, `job`, `address`, `city`, `country`, `phone`, `gid`, `mobile`, `nationalnumber`, `department`, `division`, `with_honor`) VALUES (236950, 2011, '23', '', '', '', '', '', '', '', '', 'موسيقى', '', '');
INSERT INTO `lk9v6_users` (`name`, `email`, `usertype`) VALUES ('جون سامى فايز فهيم مشرقى', '', 'الخريجين');
INSERT INTO `lk9v6_alumni_main` (`id`, `user_id`, `approved`) VALUES (236951, 236951, 1);
INSERT INTO `lk9v6_alumni_data` (`alumni_id`, `graduation_year`, `fid`, `job`, `address`, `city`, `country`, `phone`, `gid`, `mobile`, `nationalnumber`, `department`, `division`, `with_honor`) VALUES (236951, 2011, '23', '', '', '', '', '', '', '', '', 'موسيقى', '', '');
INSERT INTO `lk9v6_users` (`name`, `email`, `usertype`) VALUES ('حنان ممدوح فتح الله عبدالعليم ', '', 'الخريجين');
INSERT INTO `lk9v6_alumni_main` (`id`, `user_id`, `approved`) VALUES (236952, 236952, 1);
INSERT INTO `lk9v6_alumni_data` (`alumni_id`, `graduation_year`, `fid`, `job`, `address`, `city`, `country`, `phone`, `gid`, `mobile`, `nationalnumber`, `department`, `division`, `with_honor`) VALUES (236952, 2011, '23', '', '', '', '', '', '', '', '', 'موسيقى', '', '');
INSERT INTO `lk9v6_users` (`name`, `email`, `usertype`) VALUES ('داليا محمد على زكى خميس', '', 'الخريجين');
INSERT INTO `lk9v6_alumni_main` (`id`, `user_id`, `approved`) VALUES (236953, 236953, 1);
INSERT INTO `lk9v6_alumni_data` (`alumni_id`, `graduation_year`, `fid`, `job`, `address`, `city`, `country`, `phone`, `gid`, `mobile`, `nationalnumber`, `department`, `division`, `with_honor`) VALUES (236953, 2011, '23', '', '', '', '', '', '', '', '', 'موسيقى', '', '');
INSERT INTO `lk9v6_users` (`name`, `email`, `usertype`) VALUES ('دعاء محمد جابر القرش', '', 'الخريجين');
INSERT INTO `lk9v6_alumni_main` (`id`, `user_id`, `approved`) VALUES (236954, 236954, 1);
INSERT INTO `lk9v6_alumni_data` (`alumni_id`, `graduation_year`, `fid`, `job`, `address`, `city`, `country`, `phone`, `gid`, `mobile`, `nationalnumber`, `department`, `division`, `with_honor`) VALUES (236954, 2011, '23', '', '', '', '', '', '', '', '', 'موسيقى', '', '');
INSERT INTO `lk9v6_users` (`name`, `email`, `usertype`) VALUES ('دعاء محمد حمزه محمد عبده', '', 'الخريجين');
INSERT INTO `lk9v6_alumni_main` (`id`, `user_id`, `approved`) VALUES (236955, 236955, 1);
INSERT INTO `lk9v6_alumni_data` (`alumni_id`, `graduation_year`, `fid`, `job`, `address`, `city`, `country`, `phone`, `gid`, `mobile`, `nationalnumber`, `department`, `division`, `with_honor`) VALUES (236955, 2011, '23', '', '', '', '', '', '', '', '', 'موسيقى', '', '');
INSERT INTO `lk9v6_users` (`name`, `email`, `usertype`) VALUES ('سارة محمود عبدالعزيز ابراهيم سالم', '', 'الخريجين');
INSERT INTO `lk9v6_alumni_main` (`id`, `user_id`, `approved`) VALUES (236956, 236956, 1);
INSERT INTO `lk9v6_alumni_data` (`alumni_id`, `graduation_year`, `fid`, `job`, `address`, `city`, `country`, `phone`, `gid`, `mobile`, `nationalnumber`, `department`, `division`, `with_honor`) VALUES (236956, 2011, '23', '', '', '', '', '', '', '', '', 'موسيقى', '', '');
INSERT INTO `lk9v6_users` (`name`, `email`, `usertype`) VALUES ('سامح عبدالمنعم محمد البرسيفى', '', 'الخريجين');
INSERT INTO `lk9v6_alumni_main` (`id`, `user_id`, `approved`) VALUES (236957, 236957, 1);
INSERT INTO `lk9v6_alumni_data` (`alumni_id`, `graduation_year`, `fid`, `job`, `address`, `city`, `country`, `phone`, `gid`, `mobile`, `nationalnumber`, `department`, `division`, `with_honor`) VALUES (236957, 2011, '23', '', '', '', '', '', '', '', '', 'موسيقى', '', '');
INSERT INTO `lk9v6_users` (`name`, `email`, `usertype`) VALUES ('سلوى  احمد عبد الكريم محمد درويش', '', 'الخريجين');
INSERT INTO `lk9v6_alumni_main` (`id`, `user_id`, `approved`) VALUES (236958, 236958, 1);
INSERT INTO `lk9v6_alumni_data` (`alumni_id`, `graduation_year`, `fid`, `job`, `address`, `city`, `country`, `phone`, `gid`, `mobile`, `nationalnumber`, `department`, `division`, `with_honor`) VALUES (236958, 2011, '23', '', '', '', '', '', '', '', '', 'موسيقى', '', '');
INSERT INTO `lk9v6_users` (`name`, `email`, `usertype`) VALUES ('سمر سعيد محمود وصفى', '', 'الخريجين');
INSERT INTO `lk9v6_alumni_main` (`id`, `user_id`, `approved`) VALUES (236959, 236959, 1);
INSERT INTO `lk9v6_alumni_data` (`alumni_id`, `graduation_year`, `fid`, `job`, `address`, `city`, `country`, `phone`, `gid`, `mobile`, `nationalnumber`, `department`, `division`, `with_honor`) VALUES (236959, 2011, '23', '', '', '', '', '', '', '', '', 'موسيقى', '', '');
INSERT INTO `lk9v6_users` (`name`, `email`, `usertype`) VALUES ('سمر عبدالسلام عبدالباسط عبدالمولى', '', 'الخريجين');
INSERT INTO `lk9v6_alumni_main` (`id`, `user_id`, `approved`) VALUES (236960, 236960, 1);
INSERT INTO `lk9v6_alumni_data` (`alumni_id`, `graduation_year`, `fid`, `job`, `address`, `city`, `country`, `phone`, `gid`, `mobile`, `nationalnumber`, `department`, `division`, `with_honor`) VALUES (236960, 2011, '23', '', '', '', '', '', '', '', '', 'موسيقى', '', '');
INSERT INTO `lk9v6_users` (`name`, `email`, `usertype`) VALUES ('شيماء ممدوح غريب محمود ', '', 'الخريجين');
INSERT INTO `lk9v6_alumni_main` (`id`, `user_id`, `approved`) VALUES (236961, 236961, 1);
INSERT INTO `lk9v6_alumni_data` (`alumni_id`, `graduation_year`, `fid`, `job`, `address`, `city`, `country`, `phone`, `gid`, `mobile`, `nationalnumber`, `department`, `division`, `with_honor`) VALUES (236961, 2011, '23', '', '', '', '', '', '', '', '', 'موسيقى', '', '');
INSERT INTO `lk9v6_users` (`name`, `email`, `usertype`) VALUES ('فتحى عادل السيد عبدالعال حرمش', '', 'الخريجين');
INSERT INTO `lk9v6_alumni_main` (`id`, `user_id`, `approved`) VALUES (236962, 236962, 1);
INSERT INTO `lk9v6_alumni_data` (`alumni_id`, `graduation_year`, `fid`, `job`, `address`, `city`, `country`, `phone`, `gid`, `mobile`, `nationalnumber`, `department`, `division`, `with_honor`) VALUES (236962, 2011, '23', '', '', '', '', '', '', '', '', 'موسيقى', '', '');
INSERT INTO `lk9v6_users` (`name`, `email`, `usertype`) VALUES ('ليلى احمد السيد على مصطفى', '', 'الخريجين');
INSERT INTO `lk9v6_alumni_main` (`id`, `user_id`, `approved`) VALUES (236963, 236963, 1);
INSERT INTO `lk9v6_alumni_data` (`alumni_id`, `graduation_year`, `fid`, `job`, `address`, `city`, `country`, `phone`, `gid`, `mobile`, `nationalnumber`, `department`, `division`, `with_honor`) VALUES (236963, 2011, '23', '', '', '', '', '', '', '', '', 'موسيقى', '', '');
INSERT INTO `lk9v6_users` (`name`, `email`, `usertype`) VALUES ('ماجى جورج فهمى تكلا ', '', 'الخريجين');
INSERT INTO `lk9v6_alumni_main` (`id`, `user_id`, `approved`) VALUES (236964, 236964, 1);
INSERT INTO `lk9v6_alumni_data` (`alumni_id`, `graduation_year`, `fid`, `job`, `address`, `city`, `country`, `phone`, `gid`, `mobile`, `nationalnumber`, `department`, `division`, `with_honor`) VALUES (236964, 2011, '23', '', '', '', '', '', '', '', '', 'موسيقى', '', '');
INSERT INTO `lk9v6_users` (`name`, `email`, `usertype`) VALUES ('محمد مبارك بدون عطية ', '', 'الخريجين');
INSERT INTO `lk9v6_alumni_main` (`id`, `user_id`, `approved`) VALUES (236965, 236965, 1);
INSERT INTO `lk9v6_alumni_data` (`alumni_id`, `graduation_year`, `fid`, `job`, `address`, `city`, `country`, `phone`, `gid`, `mobile`, `nationalnumber`, `department`, `division`, `with_honor`) VALUES (236965, 2011, '23', '', '', '', '', '', '', '', '', 'موسيقى', '', '');
INSERT INTO `lk9v6_users` (`name`, `email`, `usertype`) VALUES ('محمد طلعت مرسى ابوالعباس حسن ', '', 'الخريجين');
INSERT INTO `lk9v6_alumni_main` (`id`, `user_id`, `approved`) VALUES (236966, 236966, 1);
INSERT INTO `lk9v6_alumni_data` (`alumni_id`, `graduation_year`, `fid`, `job`, `address`, `city`, `country`, `phone`, `gid`, `mobile`, `nationalnumber`, `department`, `division`, `with_honor`) VALUES (236966, 2011, '23', '', '', '', '', '', '', '', '', 'موسيقى', '', '');
INSERT INTO `lk9v6_users` (`name`, `email`, `usertype`) VALUES ('مروة ايه الله محمد المغازى يونس', '', 'الخريجين');
INSERT INTO `lk9v6_alumni_main` (`id`, `user_id`, `approved`) VALUES (236967, 236967, 1);
INSERT INTO `lk9v6_alumni_data` (`alumni_id`, `graduation_year`, `fid`, `job`, `address`, `city`, `country`, `phone`, `gid`, `mobile`, `nationalnumber`, `department`, `division`, `with_honor`) VALUES (236967, 2011, '23', '', '', '', '', '', '', '', '', 'موسيقى', '', '');
INSERT INTO `lk9v6_users` (`name`, `email`, `usertype`) VALUES ('منه الله حسن على السيد حجازى', '', 'الخريجين');
INSERT INTO `lk9v6_alumni_main` (`id`, `user_id`, `approved`) VALUES (236968, 236968, 1);
INSERT INTO `lk9v6_alumni_data` (`alumni_id`, `graduation_year`, `fid`, `job`, `address`, `city`, `country`, `phone`, `gid`, `mobile`, `nationalnumber`, `department`, `division`, `with_honor`) VALUES (236968, 2011, '23', '', '', '', '', '', '', '', '', 'موسيقى', '', '');
INSERT INTO `lk9v6_users` (`name`, `email`, `usertype`) VALUES ('ندى ابراهيم محمد سلامة ابراهيم', '', 'الخريجين');
INSERT INTO `lk9v6_alumni_main` (`id`, `user_id`, `approved`) VALUES (236969, 236969, 1);
INSERT INTO `lk9v6_alumni_data` (`alumni_id`, `graduation_year`, `fid`, `job`, `address`, `city`, `country`, `phone`, `gid`, `mobile`, `nationalnumber`, `department`, `division`, `with_honor`) VALUES (236969, 2011, '23', '', '', '', '', '', '', '', '', 'موسيقى', '', '');
INSERT INTO `lk9v6_users` (`name`, `email`, `usertype`) VALUES ('نسرين محمد ابراهيم الكورانى ', '', 'الخريجين');
INSERT INTO `lk9v6_alumni_main` (`id`, `user_id`, `approved`) VALUES (236970, 236970, 1);
INSERT INTO `lk9v6_alumni_data` (`alumni_id`, `graduation_year`, `fid`, `job`, `address`, `city`, `country`, `phone`, `gid`, `mobile`, `nationalnumber`, `department`, `division`, `with_honor`) VALUES (236970, 2011, '23', '', '', '', '', '', '', '', '', 'موسيقى', '', '');
INSERT INTO `lk9v6_users` (`name`, `email`, `usertype`) VALUES ('نشوة احمد غازى الجوهرى ', '', 'الخريجين');
INSERT INTO `lk9v6_alumni_main` (`id`, `user_id`, `approved`) VALUES (236971, 236971, 1);
INSERT INTO `lk9v6_alumni_data` (`alumni_id`, `graduation_year`, `fid`, `job`, `address`, `city`, `country`, `phone`, `gid`, `mobile`, `nationalnumber`, `department`, `division`, `with_honor`) VALUES (236971, 2011, '23', '', '', '', '', '', '', '', '', 'موسيقى', '', '');
INSERT INTO `lk9v6_users` (`name`, `email`, `usertype`) VALUES ('نهال صابر محمد امبابى ', '', 'الخريجين');
INSERT INTO `lk9v6_alumni_main` (`id`, `user_id`, `approved`) VALUES (236972, 236972, 1);
INSERT INTO `lk9v6_alumni_data` (`alumni_id`, `graduation_year`, `fid`, `job`, `address`, `city`, `country`, `phone`, `gid`, `mobile`, `nationalnumber`, `department`, `division`, `with_honor`) VALUES (236972, 2011, '23', '', '', '', '', '', '', '', '', 'موسيقى', '', '');
INSERT INTO `lk9v6_users` (`name`, `email`, `usertype`) VALUES ('هبه ماهر محمد رضا الغضبان', '', 'الخريجين');
INSERT INTO `lk9v6_alumni_main` (`id`, `user_id`, `approved`) VALUES (236973, 236973, 1);
INSERT INTO `lk9v6_alumni_data` (`alumni_id`, `graduation_year`, `fid`, `job`, `address`, `city`, `country`, `phone`, `gid`, `mobile`, `nationalnumber`, `department`, `division`, `with_honor`) VALUES (236973, 2011, '23', '', '', '', '', '', '', '', '', 'موسيقى', '', '');
INSERT INTO `lk9v6_users` (`name`, `email`, `usertype`) VALUES ('ايمان محمد احمد احمد سالم ', '', 'الخريجين');
INSERT INTO `lk9v6_alumni_main` (`id`, `user_id`, `approved`) VALUES (236974, 236974, 1);
INSERT INTO `lk9v6_alumni_data` (`alumni_id`, `graduation_year`, `fid`, `job`, `address`, `city`, `country`, `phone`, `gid`, `mobile`, `nationalnumber`, `department`, `division`, `with_honor`) VALUES (236974, 2011, '23', '', '', '', '', '', '', '', '', 'موسيقى', '', '');
INSERT INTO `lk9v6_users` (`name`, `email`, `usertype`) VALUES ('ايمان محمود السيد عطية ', '', 'الخريجين');
INSERT INTO `lk9v6_alumni_main` (`id`, `user_id`, `approved`) VALUES (236975, 236975, 1);
INSERT INTO `lk9v6_alumni_data` (`alumni_id`, `graduation_year`, `fid`, `job`, `address`, `city`, `country`, `phone`, `gid`, `mobile`, `nationalnumber`, `department`, `division`, `with_honor`) VALUES (236975, 2011, '23', '', '', '', '', '', '', '', '', 'موسيقى', '', '');
INSERT INTO `lk9v6_users` (`name`, `email`, `usertype`) VALUES ('سماح حمد الله حسان احمد ', '', 'الخريجين');
INSERT INTO `lk9v6_alumni_main` (`id`, `user_id`, `approved`) VALUES (236976, 236976, 1);
INSERT INTO `lk9v6_alumni_data` (`alumni_id`, `graduation_year`, `fid`, `job`, `address`, `city`, `country`, `phone`, `gid`, `mobile`, `nationalnumber`, `department`, `division`, `with_honor`) VALUES (236976, 2011, '23', '', '', '', '', '', '', '', '', 'موسيقى', '', '');
INSERT INTO `lk9v6_users` (`name`, `email`, `usertype`) VALUES ('عمرو وحيد رشاد امين حلمى', '', 'الخريجين');
INSERT INTO `lk9v6_alumni_main` (`id`, `user_id`, `approved`) VALUES (236977, 236977, 1);
INSERT INTO `lk9v6_alumni_data` (`alumni_id`, `graduation_year`, `fid`, `job`, `address`, `city`, `country`, `phone`, `gid`, `mobile`, `nationalnumber`, `department`, `division`, `with_honor`) VALUES (236977, 2011, '23', '', '', '', '', '', '', '', '', 'موسيقى', '', '');
INSERT INTO `lk9v6_users` (`name`, `email`, `usertype`) VALUES ('امل توفيق انيس حسين الياسين ', '', 'الخريجين');
INSERT INTO `lk9v6_alumni_main` (`id`, `user_id`, `approved`) VALUES (236978, 236978, 1);
INSERT INTO `lk9v6_alumni_data` (`alumni_id`, `graduation_year`, `fid`, `job`, `address`, `city`, `country`, `phone`, `gid`, `mobile`, `nationalnumber`, `department`, `division`, `with_honor`) VALUES (236978, 2011, '23', '', '', '', '', '', '', '', '', 'موسيقى', '', '');
INSERT INTO `lk9v6_users` (`name`, `email`, `usertype`) VALUES ('سوزى احمد سيد حسن خليل ', '', 'الخريجين');
INSERT INTO `lk9v6_alumni_main` (`id`, `user_id`, `approved`) VALUES (236979, 236979, 1);
INSERT INTO `lk9v6_alumni_data` (`alumni_id`, `graduation_year`, `fid`, `job`, `address`, `city`, `country`, `phone`, `gid`, `mobile`, `nationalnumber`, `department`, `division`, `with_honor`) VALUES (236979, 2011, '23', '', '', '', '', '', '', '', '', 'موسيقى', '', '');
INSERT INTO `lk9v6_users` (`name`, `email`, `usertype`) VALUES ('نهى عبدالله عبدالمعز عبدالله عبدالحليم', '', 'الخريجين');
INSERT INTO `lk9v6_alumni_main` (`id`, `user_id`, `approved`) VALUES (236980, 236980, 1);
INSERT INTO `lk9v6_alumni_data` (`alumni_id`, `graduation_year`, `fid`, `job`, `address`, `city`, `country`, `phone`, `gid`, `mobile`, `nationalnumber`, `department`, `division`, `with_honor`) VALUES (236980, 2011, '23', '', '', '', '', '', '', '', '', 'موسيقى', '', '');
INSERT INTO `lk9v6_users` (`name`, `email`, `usertype`) VALUES ('انهار عبدالعزيز عبدالحليم يوسف', '', 'الخريجين');
INSERT INTO `lk9v6_alumni_main` (`id`, `user_id`, `approved`) VALUES (236981, 236981, 1);
INSERT INTO `lk9v6_alumni_data` (`alumni_id`, `graduation_year`, `fid`, `job`, `address`, `city`, `country`, `phone`, `gid`, `mobile`, `nationalnumber`, `department`, `division`, `with_honor`) VALUES (236981, 2011, '23', '', '', '', '', '', '', '', '', 'موسيقى', '', '');
INSERT INTO `lk9v6_users` (`name`, `email`, `usertype`) VALUES ('رامى وجدى محمد فوزى', '', 'الخريجين');
INSERT INTO `lk9v6_alumni_main` (`id`, `user_id`, `approved`) VALUES (236982, 236982, 1);
INSERT INTO `lk9v6_alumni_data` (`alumni_id`, `graduation_year`, `fid`, `job`, `address`, `city`, `country`, `phone`, `gid`, `mobile`, `nationalnumber`, `department`, `division`, `with_honor`) VALUES (236982, 2011, '23', '', '', '', '', '', '', '', '', 'موسيقى', '', '');
INSERT INTO `lk9v6_users` (`name`, `email`, `usertype`) VALUES ('منى احمد محمد القبارى ', '', 'الخريجين');
INSERT INTO `lk9v6_alumni_main` (`id`, `user_id`, `approved`) VALUES (236983, 236983, 1);
INSERT INTO `lk9v6_alumni_data` (`alumni_id`, `graduation_year`, `fid`, `job`, `address`, `city`, `country`, `phone`, `gid`, `mobile`, `nationalnumber`, `department`, `division`, `with_honor`) VALUES (236983, 2011, '23', '', '', '', '', '', '', '', '', 'موسيقى', '', '');
INSERT INTO `lk9v6_users` (`name`, `email`, `usertype`) VALUES ('احمد عابدين حسين عابدين ميزو ', '', 'الخريجين');
INSERT INTO `lk9v6_alumni_main` (`id`, `user_id`, `approved`) VALUES (236984, 236984, 1);
INSERT INTO `lk9v6_alumni_data` (`alumni_id`, `graduation_year`, `fid`, `job`, `address`, `city`, `country`, `phone`, `gid`, `mobile`, `nationalnumber`, `department`, `division`, `with_honor`) VALUES (236984, 2011, '23', '', '', '', '', '', '', '', '', 'فنون ', '', '');
INSERT INTO `lk9v6_users` (`name`, `email`, `usertype`) VALUES ('احمد محروس احمد مقلد ', '', 'الخريجين');
INSERT INTO `lk9v6_alumni_main` (`id`, `user_id`, `approved`) VALUES (236985, 236985, 1);
INSERT INTO `lk9v6_alumni_data` (`alumni_id`, `graduation_year`, `fid`, `job`, `address`, `city`, `country`, `phone`, `gid`, `mobile`, `nationalnumber`, `department`, `division`, `with_honor`) VALUES (236985, 2011, '23', '', '', '', '', '', '', '', '', 'فنون ', '', '');
INSERT INTO `lk9v6_users` (`name`, `email`, `usertype`) VALUES ('اسراء سعد احمد عبدالله ', '', 'الخريجين');
INSERT INTO `lk9v6_alumni_main` (`id`, `user_id`, `approved`) VALUES (236986, 236986, 1);
INSERT INTO `lk9v6_alumni_data` (`alumni_id`, `graduation_year`, `fid`, `job`, `address`, `city`, `country`, `phone`, `gid`, `mobile`, `nationalnumber`, `department`, `division`, `with_honor`) VALUES (236986, 2011, '23', '', '', '', '', '', '', '', '', 'فنون ', '', '');
INSERT INTO `lk9v6_users` (`name`, `email`, `usertype`) VALUES ('اسماء السيد ابراهيم يوسف ', '', 'الخريجين');
INSERT INTO `lk9v6_alumni_main` (`id`, `user_id`, `approved`) VALUES (236987, 236987, 1);
INSERT INTO `lk9v6_alumni_data` (`alumni_id`, `graduation_year`, `fid`, `job`, `address`, `city`, `country`, `phone`, `gid`, `mobile`, `nationalnumber`, `department`, `division`, `with_honor`) VALUES (236987, 2011, '23', '', '', '', '', '', '', '', '', 'فنون ', '', '');
INSERT INTO `lk9v6_users` (`name`, `email`, `usertype`) VALUES ('اسماء الفتيانى عبد المنعم يونس', '', 'الخريجين');
INSERT INTO `lk9v6_alumni_main` (`id`, `user_id`, `approved`) VALUES (236988, 236988, 1);
INSERT INTO `lk9v6_alumni_data` (`alumni_id`, `graduation_year`, `fid`, `job`, `address`, `city`, `country`, `phone`, `gid`, `mobile`, `nationalnumber`, `department`, `division`, `with_honor`) VALUES (236988, 2011, '23', '', '', '', '', '', '', '', '', 'فنون ', '', '');
INSERT INTO `lk9v6_users` (`name`, `email`, `usertype`) VALUES ('اسماء حسنى احمد الشرنوبي ', '', 'الخريجين');
INSERT INTO `lk9v6_alumni_main` (`id`, `user_id`, `approved`) VALUES (236989, 236989, 1);
INSERT INTO `lk9v6_alumni_data` (`alumni_id`, `graduation_year`, `fid`, `job`, `address`, `city`, `country`, `phone`, `gid`, `mobile`, `nationalnumber`, `department`, `division`, `with_honor`) VALUES (236989, 2011, '23', '', '', '', '', '', '', '', '', 'فنون ', '', '');
INSERT INTO `lk9v6_users` (`name`, `email`, `usertype`) VALUES ('اسماء سامى احمد الدقلة ', '', 'الخريجين');
INSERT INTO `lk9v6_alumni_main` (`id`, `user_id`, `approved`) VALUES (236990, 236990, 1);
INSERT INTO `lk9v6_alumni_data` (`alumni_id`, `graduation_year`, `fid`, `job`, `address`, `city`, `country`, `phone`, `gid`, `mobile`, `nationalnumber`, `department`, `division`, `with_honor`) VALUES (236990, 2011, '23', '', '', '', '', '', '', '', '', 'فنون ', '', '');
INSERT INTO `lk9v6_users` (`name`, `email`, `usertype`) VALUES ('اسماء عبدالرحمن احمد عبدالخالق ', '', 'الخريجين');
INSERT INTO `lk9v6_alumni_main` (`id`, `user_id`, `approved`) VALUES (236991, 236991, 1);
INSERT INTO `lk9v6_alumni_data` (`alumni_id`, `graduation_year`, `fid`, `job`, `address`, `city`, `country`, `phone`, `gid`, `mobile`, `nationalnumber`, `department`, `division`, `with_honor`) VALUES (236991, 2011, '23', '', '', '', '', '', '', '', '', 'فنون ', '', '');
INSERT INTO `lk9v6_users` (`name`, `email`, `usertype`) VALUES ('اسماء فتحى السيد على رزق', '', 'الخريجين');
INSERT INTO `lk9v6_alumni_main` (`id`, `user_id`, `approved`) VALUES (236992, 236992, 1);
INSERT INTO `lk9v6_alumni_data` (`alumni_id`, `graduation_year`, `fid`, `job`, `address`, `city`, `country`, `phone`, `gid`, `mobile`, `nationalnumber`, `department`, `division`, `with_honor`) VALUES (236992, 2011, '23', '', '', '', '', '', '', '', '', 'فنون ', '', '');
INSERT INTO `lk9v6_users` (`name`, `email`, `usertype`) VALUES ('اسماء محمد محمد عمارة ', '', 'الخريجين');
INSERT INTO `lk9v6_alumni_main` (`id`, `user_id`, `approved`) VALUES (236993, 236993, 1);
INSERT INTO `lk9v6_alumni_data` (`alumni_id`, `graduation_year`, `fid`, `job`, `address`, `city`, `country`, `phone`, `gid`, `mobile`, `nationalnumber`, `department`, `division`, `with_honor`) VALUES (236993, 2011, '23', '', '', '', '', '', '', '', '', 'فنون', '', '');
INSERT INTO `lk9v6_users` (`name`, `email`, `usertype`) VALUES ('الاء محمد ابراهيم محمد على', '', 'الخريجين');
INSERT INTO `lk9v6_alumni_main` (`id`, `user_id`, `approved`) VALUES (236994, 236994, 1);
INSERT INTO `lk9v6_alumni_data` (`alumni_id`, `graduation_year`, `fid`, `job`, `address`, `city`, `country`, `phone`, `gid`, `mobile`, `nationalnumber`, `department`, `division`, `with_honor`) VALUES (236994, 2011, '23', '', '', '', '', '', '', '', '', 'فنون', '', '');
INSERT INTO `lk9v6_users` (`name`, `email`, `usertype`) VALUES ('امانى حمدى بشير مصطفى الصفتى ', '', 'الخريجين');
INSERT INTO `lk9v6_alumni_main` (`id`, `user_id`, `approved`) VALUES (236995, 236995, 1);
INSERT INTO `lk9v6_alumni_data` (`alumni_id`, `graduation_year`, `fid`, `job`, `address`, `city`, `country`, `phone`, `gid`, `mobile`, `nationalnumber`, `department`, `division`, `with_honor`) VALUES (236995, 2011, '23', '', '', '', '', '', '', '', '', 'فنون', '', '');
INSERT INTO `lk9v6_users` (`name`, `email`, `usertype`) VALUES ('امانى سعيد محمد ابراهيم الجوهرى ', '', 'الخريجين');
INSERT INTO `lk9v6_alumni_main` (`id`, `user_id`, `approved`) VALUES (236996, 236996, 1);
INSERT INTO `lk9v6_alumni_data` (`alumni_id`, `graduation_year`, `fid`, `job`, `address`, `city`, `country`, `phone`, `gid`, `mobile`, `nationalnumber`, `department`, `division`, `with_honor`) VALUES (236996, 2011, '23', '', '', '', '', '', '', '', '', 'فنون', '', '');
INSERT INTO `lk9v6_users` (`name`, `email`, `usertype`) VALUES ('امل على غنيم السيد ', '', 'الخريجين');
INSERT INTO `lk9v6_alumni_main` (`id`, `user_id`, `approved`) VALUES (236997, 236997, 1);
INSERT INTO `lk9v6_alumni_data` (`alumni_id`, `graduation_year`, `fid`, `job`, `address`, `city`, `country`, `phone`, `gid`, `mobile`, `nationalnumber`, `department`, `division`, `with_honor`) VALUES (236997, 2011, '23', '', '', '', '', '', '', '', '', 'فنون', '', '');
INSERT INTO `lk9v6_users` (`name`, `email`, `usertype`) VALUES ('اميرة عفيفي اسماعيل عفيفي', '', 'الخريجين');
INSERT INTO `lk9v6_alumni_main` (`id`, `user_id`, `approved`) VALUES (236998, 236998, 1);
INSERT INTO `lk9v6_alumni_data` (`alumni_id`, `graduation_year`, `fid`, `job`, `address`, `city`, `country`, `phone`, `gid`, `mobile`, `nationalnumber`, `department`, `division`, `with_honor`) VALUES (236998, 2011, '23', '', '', '', '', '', '', '', '', 'فنون', '', '');
INSERT INTO `lk9v6_users` (`name`, `email`, `usertype`) VALUES ('اميرة على هاشم على سالم', '', 'الخريجين');
INSERT INTO `lk9v6_alumni_main` (`id`, `user_id`, `approved`) VALUES (236999, 236999, 1);
INSERT INTO `lk9v6_alumni_data` (`alumni_id`, `graduation_year`, `fid`, `job`, `address`, `city`, `country`, `phone`, `gid`, `mobile`, `nationalnumber`, `department`, `division`, `with_honor`) VALUES (236999, 2011, '23', '', '', '', '', '', '', '', '', 'فنون', '', '');
INSERT INTO `lk9v6_users` (`name`, `email`, `usertype`) VALUES ('امنية مصطفى محمود خلف الله', '', 'الخريجين');
INSERT INTO `lk9v6_alumni_main` (`id`, `user_id`, `approved`) VALUES (237000, 237000, 1);
INSERT INTO `lk9v6_alumni_data` (`alumni_id`, `graduation_year`, `fid`, `job`, `address`, `city`, `country`, `phone`, `gid`, `mobile`, `nationalnumber`, `department`, `division`, `with_honor`) VALUES (237000, 2011, '23', '', '', '', '', '', '', '', '', 'فنون', '', '');
INSERT INTO `lk9v6_users` (`name`, `email`, `usertype`) VALUES ('انجى محمد احمد ابوشبانة ', '', 'الخريجين');
INSERT INTO `lk9v6_alumni_main` (`id`, `user_id`, `approved`) VALUES (237001, 237001, 1);
INSERT INTO `lk9v6_alumni_data` (`alumni_id`, `graduation_year`, `fid`, `job`, `address`, `city`, `country`, `phone`, `gid`, `mobile`, `nationalnumber`, `department`, `division`, `with_honor`) VALUES (237001, 2011, '23', '', '', '', '', '', '', '', '', 'فنون', '', '');
INSERT INTO `lk9v6_users` (`name`, `email`, `usertype`) VALUES ('ايه احمد احمد يحيي القيه ', '', 'الخريجين');
INSERT INTO `lk9v6_alumni_main` (`id`, `user_id`, `approved`) VALUES (237002, 237002, 1);
INSERT INTO `lk9v6_alumni_data` (`alumni_id`, `graduation_year`, `fid`, `job`, `address`, `city`, `country`, `phone`, `gid`, `mobile`, `nationalnumber`, `department`, `division`, `with_honor`) VALUES (237002, 2011, '23', '', '', '', '', '', '', '', '', 'فنون ', '', '');
INSERT INTO `lk9v6_users` (`name`, `email`, `usertype`) VALUES ('ايه الله محمد ابراهيم حسن خليل ', '', 'الخريجين');
INSERT INTO `lk9v6_alumni_main` (`id`, `user_id`, `approved`) VALUES (237003, 237003, 1);
INSERT INTO `lk9v6_alumni_data` (`alumni_id`, `graduation_year`, `fid`, `job`, `address`, `city`, `country`, `phone`, `gid`, `mobile`, `nationalnumber`, `department`, `division`, `with_honor`) VALUES (237003, 2011, '23', '', '', '', '', '', '', '', '', 'فنون', '', '');
INSERT INTO `lk9v6_users` (`name`, `email`, `usertype`) VALUES ('ايه محمود محمد فرج ', '', 'الخريجين');
INSERT INTO `lk9v6_alumni_main` (`id`, `user_id`, `approved`) VALUES (237004, 237004, 1);
INSERT INTO `lk9v6_alumni_data` (`alumni_id`, `graduation_year`, `fid`, `job`, `address`, `city`, `country`, `phone`, `gid`, `mobile`, `nationalnumber`, `department`, `division`, `with_honor`) VALUES (237004, 2011, '23', '', '', '', '', '', '', '', '', 'فنون', '', '');
INSERT INTO `lk9v6_users` (`name`, `email`, `usertype`) VALUES ('ايمان ربيع سعد الصابر', '', 'الخريجين');
INSERT INTO `lk9v6_alumni_main` (`id`, `user_id`, `approved`) VALUES (237005, 237005, 1);
INSERT INTO `lk9v6_alumni_data` (`alumni_id`, `graduation_year`, `fid`, `job`, `address`, `city`, `country`, `phone`, `gid`, `mobile`, `nationalnumber`, `department`, `division`, `with_honor`) VALUES (237005, 2011, '23', '', '', '', '', '', '', '', '', 'فنون', '', '');
INSERT INTO `lk9v6_users` (`name`, `email`, `usertype`) VALUES ('ايمان عبدالقادر مسعد على موسي', '', 'الخريجين');
INSERT INTO `lk9v6_alumni_main` (`id`, `user_id`, `approved`) VALUES (237006, 237006, 1);
INSERT INTO `lk9v6_alumni_data` (`alumni_id`, `graduation_year`, `fid`, `job`, `address`, `city`, `country`, `phone`, `gid`, `mobile`, `nationalnumber`, `department`, `division`, `with_honor`) VALUES (237006, 2011, '23', '', '', '', '', '', '', '', '', 'فنون ', '', '');
INSERT INTO `lk9v6_users` (`name`, `email`, `usertype`) VALUES ('ايمان محمد عبده مصطفى شعبان ', '', 'الخريجين');
INSERT INTO `lk9v6_alumni_main` (`id`, `user_id`, `approved`) VALUES (237007, 237007, 1);
INSERT INTO `lk9v6_alumni_data` (`alumni_id`, `graduation_year`, `fid`, `job`, `address`, `city`, `country`, `phone`, `gid`, `mobile`, `nationalnumber`, `department`, `division`, `with_honor`) VALUES (237007, 2011, '23', '', '', '', '', '', '', '', '', 'فنون', '', '');
INSERT INTO `lk9v6_users` (`name`, `email`, `usertype`) VALUES ('باسنت احمد على احمد رمضان ', '', 'الخريجين');
INSERT INTO `lk9v6_alumni_main` (`id`, `user_id`, `approved`) VALUES (237008, 237008, 1);
INSERT INTO `lk9v6_alumni_data` (`alumni_id`, `graduation_year`, `fid`, `job`, `address`, `city`, `country`, `phone`, `gid`, `mobile`, `nationalnumber`, `department`, `division`, `with_honor`) VALUES (237008, 2011, '23', '', '', '', '', '', '', '', '', 'فنون', '', '');
INSERT INTO `lk9v6_users` (`name`, `email`, `usertype`) VALUES ('بسمة طارق محمود عبدالعزيز محمد ', '', 'الخريجين');
INSERT INTO `lk9v6_alumni_main` (`id`, `user_id`, `approved`) VALUES (237009, 237009, 1);
INSERT INTO `lk9v6_alumni_data` (`alumni_id`, `graduation_year`, `fid`, `job`, `address`, `city`, `country`, `phone`, `gid`, `mobile`, `nationalnumber`, `department`, `division`, `with_honor`) VALUES (237009, 2011, '23', '', '', '', '', '', '', '', '', 'فنون ', '', '');
INSERT INTO `lk9v6_users` (`name`, `email`, `usertype`) VALUES ('بسمة عبدالسلام طايع عبد الرحيم عبدالله ', '', 'الخريجين');
INSERT INTO `lk9v6_alumni_main` (`id`, `user_id`, `approved`) VALUES (237010, 237010, 1);
INSERT INTO `lk9v6_alumni_data` (`alumni_id`, `graduation_year`, `fid`, `job`, `address`, `city`, `country`, `phone`, `gid`, `mobile`, `nationalnumber`, `department`, `division`, `with_honor`) VALUES (237010, 2011, '23', '', '', '', '', '', '', '', '', 'فنون ', '', '');
INSERT INTO `lk9v6_users` (`name`, `email`, `usertype`) VALUES ('بسنت هاشم عبدالعزيز حسين محمد ', '', 'الخريجين');
INSERT INTO `lk9v6_alumni_main` (`id`, `user_id`, `approved`) VALUES (237011, 237011, 1);
INSERT INTO `lk9v6_alumni_data` (`alumni_id`, `graduation_year`, `fid`, `job`, `address`, `city`, `country`, `phone`, `gid`, `mobile`, `nationalnumber`, `department`, `division`, `with_honor`) VALUES (237011, 2011, '23', '', '', '', '', '', '', '', '', 'فنون ', '', '');
INSERT INTO `lk9v6_users` (`name`, `email`, `usertype`) VALUES ('تسنيم محمد اسامة محمد صلاح سمك ', '', 'الخريجين');
INSERT INTO `lk9v6_alumni_main` (`id`, `user_id`, `approved`) VALUES (237012, 237012, 1);
INSERT INTO `lk9v6_alumni_data` (`alumni_id`, `graduation_year`, `fid`, `job`, `address`, `city`, `country`, `phone`, `gid`, `mobile`, `nationalnumber`, `department`, `division`, `with_honor`) VALUES (237012, 2011, '23', '', '', '', '', '', '', '', '', 'فنون ', '', '');
INSERT INTO `lk9v6_users` (`name`, `email`, `usertype`) VALUES ('ديرار بدرخان غريب فتحى ', '', 'الخريجين');
INSERT INTO `lk9v6_alumni_main` (`id`, `user_id`, `approved`) VALUES (237013, 237013, 1);
INSERT INTO `lk9v6_alumni_data` (`alumni_id`, `graduation_year`, `fid`, `job`, `address`, `city`, `country`, `phone`, `gid`, `mobile`, `nationalnumber`, `department`, `division`, `with_honor`) VALUES (237013, 2011, '23', '', '', '', '', '', '', '', '', 'فنون ', '', '');
INSERT INTO `lk9v6_users` (`name`, `email`, `usertype`) VALUES ('دينا رمضان ابراهيم حسن ', '', 'الخريجين');
INSERT INTO `lk9v6_alumni_main` (`id`, `user_id`, `approved`) VALUES (237014, 237014, 1);
INSERT INTO `lk9v6_alumni_data` (`alumni_id`, `graduation_year`, `fid`, `job`, `address`, `city`, `country`, `phone`, `gid`, `mobile`, `nationalnumber`, `department`, `division`, `with_honor`) VALUES (237014, 2011, '23', '', '', '', '', '', '', '', '', 'فنون ', '', '');
INSERT INTO `lk9v6_users` (`name`, `email`, `usertype`) VALUES ('راندا محمد فهمى ختمى ', '', 'الخريجين');
INSERT INTO `lk9v6_alumni_main` (`id`, `user_id`, `approved`) VALUES (237015, 237015, 1);
INSERT INTO `lk9v6_alumni_data` (`alumni_id`, `graduation_year`, `fid`, `job`, `address`, `city`, `country`, `phone`, `gid`, `mobile`, `nationalnumber`, `department`, `division`, `with_honor`) VALUES (237015, 2011, '23', '', '', '', '', '', '', '', '', 'فنون ', '', '');
INSERT INTO `lk9v6_users` (`name`, `email`, `usertype`) VALUES ('رحاب علاء الدين حنفى محمود احمد ', '', 'الخريجين');
INSERT INTO `lk9v6_alumni_main` (`id`, `user_id`, `approved`) VALUES (237016, 237016, 1);
INSERT INTO `lk9v6_alumni_data` (`alumni_id`, `graduation_year`, `fid`, `job`, `address`, `city`, `country`, `phone`, `gid`, `mobile`, `nationalnumber`, `department`, `division`, `with_honor`) VALUES (237016, 2011, '23', '', '', '', '', '', '', '', '', 'فنون ', '', '');
INSERT INTO `lk9v6_users` (`name`, `email`, `usertype`) VALUES ('رنا عصام عبدالعزيز مرزوق غنام ', '', 'الخريجين');
INSERT INTO `lk9v6_alumni_main` (`id`, `user_id`, `approved`) VALUES (237017, 237017, 1);
INSERT INTO `lk9v6_alumni_data` (`alumni_id`, `graduation_year`, `fid`, `job`, `address`, `city`, `country`, `phone`, `gid`, `mobile`, `nationalnumber`, `department`, `division`, `with_honor`) VALUES (237017, 2011, '23', '', '', '', '', '', '', '', '', 'فنون ', '', '');
INSERT INTO `lk9v6_users` (`name`, `email`, `usertype`) VALUES ('ريهام عبدالعزيز محمد عبدالعزيز الدفراوى ', '', 'الخريجين');
INSERT INTO `lk9v6_alumni_main` (`id`, `user_id`, `approved`) VALUES (237018, 237018, 1);
INSERT INTO `lk9v6_alumni_data` (`alumni_id`, `graduation_year`, `fid`, `job`, `address`, `city`, `country`, `phone`, `gid`, `mobile`, `nationalnumber`, `department`, `division`, `with_honor`) VALUES (237018, 2011, '23', '', '', '', '', '', '', '', '', 'فنون', '', '');
INSERT INTO `lk9v6_users` (`name`, `email`, `usertype`) VALUES ('ريهام مغربي محمد السيد حسنين ', '', 'الخريجين');
INSERT INTO `lk9v6_alumni_main` (`id`, `user_id`, `approved`) VALUES (237019, 237019, 1);
INSERT INTO `lk9v6_alumni_data` (`alumni_id`, `graduation_year`, `fid`, `job`, `address`, `city`, `country`, `phone`, `gid`, `mobile`, `nationalnumber`, `department`, `division`, `with_honor`) VALUES (237019, 2011, '23', '', '', '', '', '', '', '', '', 'فنون ', '', '');
INSERT INTO `lk9v6_users` (`name`, `email`, `usertype`) VALUES ('سارة جمال الدين مصطفى ', '', 'الخريجين');
INSERT INTO `lk9v6_alumni_main` (`id`, `user_id`, `approved`) VALUES (237020, 237020, 1);
INSERT INTO `lk9v6_alumni_data` (`alumni_id`, `graduation_year`, `fid`, `job`, `address`, `city`, `country`, `phone`, `gid`, `mobile`, `nationalnumber`, `department`, `division`, `with_honor`) VALUES (237020, 2011, '23', '', '', '', '', '', '', '', '', 'فنون ', '', '');
INSERT INTO `lk9v6_users` (`name`, `email`, `usertype`) VALUES ('سارة رضا محمد الكريونى ', '', 'الخريجين');
INSERT INTO `lk9v6_alumni_main` (`id`, `user_id`, `approved`) VALUES (237021, 237021, 1);
INSERT INTO `lk9v6_alumni_data` (`alumni_id`, `graduation_year`, `fid`, `job`, `address`, `city`, `country`, `phone`, `gid`, `mobile`, `nationalnumber`, `department`, `division`, `with_honor`) VALUES (237021, 2011, '23', '', '', '', '', '', '', '', '', 'فنون ', '', '');
INSERT INTO `lk9v6_users` (`name`, `email`, `usertype`) VALUES ('سارة سعيد محمد محمد ابو خواجة ', '', 'الخريجين');
INSERT INTO `lk9v6_alumni_main` (`id`, `user_id`, `approved`) VALUES (237022, 237022, 1);
INSERT INTO `lk9v6_alumni_data` (`alumni_id`, `graduation_year`, `fid`, `job`, `address`, `city`, `country`, `phone`, `gid`, `mobile`, `nationalnumber`, `department`, `division`, `with_honor`) VALUES (237022, 2011, '23', '', '', '', '', '', '', '', '', 'فنون ', '', '');
INSERT INTO `lk9v6_users` (`name`, `email`, `usertype`) VALUES ('سارة محمد السيد خميس ', '', 'الخريجين');
INSERT INTO `lk9v6_alumni_main` (`id`, `user_id`, `approved`) VALUES (237023, 237023, 1);
INSERT INTO `lk9v6_alumni_data` (`alumni_id`, `graduation_year`, `fid`, `job`, `address`, `city`, `country`, `phone`, `gid`, `mobile`, `nationalnumber`, `department`, `division`, `with_honor`) VALUES (237023, 2011, '23', '', '', '', '', '', '', '', '', 'فنون ', '', '');
INSERT INTO `lk9v6_users` (`name`, `email`, `usertype`) VALUES ('سلمى الامين عبدالسلام احمد ', '', 'الخريجين');
INSERT INTO `lk9v6_alumni_main` (`id`, `user_id`, `approved`) VALUES (237024, 237024, 1);
INSERT INTO `lk9v6_alumni_data` (`alumni_id`, `graduation_year`, `fid`, `job`, `address`, `city`, `country`, `phone`, `gid`, `mobile`, `nationalnumber`, `department`, `division`, `with_honor`) VALUES (237024, 2011, '23', '', '', '', '', '', '', '', '', 'فنون ', '', '');
INSERT INTO `lk9v6_users` (`name`, `email`, `usertype`) VALUES ('سلمى محمد عبدالمنعم عبد المطلب ', '', 'الخريجين');
INSERT INTO `lk9v6_alumni_main` (`id`, `user_id`, `approved`) VALUES (237025, 237025, 1);
INSERT INTO `lk9v6_alumni_data` (`alumni_id`, `graduation_year`, `fid`, `job`, `address`, `city`, `country`, `phone`, `gid`, `mobile`, `nationalnumber`, `department`, `division`, `with_honor`) VALUES (237025, 2011, '23', '', '', '', '', '', '', '', '', 'فنون ', '', '');
INSERT INTO `lk9v6_users` (`name`, `email`, `usertype`) VALUES ('سمر صلاح الدين صابر محمد ابراهيم ', '', 'الخريجين');
INSERT INTO `lk9v6_alumni_main` (`id`, `user_id`, `approved`) VALUES (237026, 237026, 1);
INSERT INTO `lk9v6_alumni_data` (`alumni_id`, `graduation_year`, `fid`, `job`, `address`, `city`, `country`, `phone`, `gid`, `mobile`, `nationalnumber`, `department`, `division`, `with_honor`) VALUES (237026, 2011, '23', '', '', '', '', '', '', '', '', 'فنون ', '', '');
INSERT INTO `lk9v6_users` (`name`, `email`, `usertype`) VALUES ('سمر عطية محمود عبدالله جبريل ', '', 'الخريجين');
INSERT INTO `lk9v6_alumni_main` (`id`, `user_id`, `approved`) VALUES (237027, 237027, 1);
INSERT INTO `lk9v6_alumni_data` (`alumni_id`, `graduation_year`, `fid`, `job`, `address`, `city`, `country`, `phone`, `gid`, `mobile`, `nationalnumber`, `department`, `division`, `with_honor`) VALUES (237027, 2011, '23', '', '', '', '', '', '', '', '', 'فنون ', '', '');
INSERT INTO `lk9v6_users` (`name`, `email`, `usertype`) VALUES ('سها سامى احمد محمد ابوعمرة', '', 'الخريجين');
INSERT INTO `lk9v6_alumni_main` (`id`, `user_id`, `approved`) VALUES (237028, 237028, 1);
INSERT INTO `lk9v6_alumni_data` (`alumni_id`, `graduation_year`, `fid`, `job`, `address`, `city`, `country`, `phone`, `gid`, `mobile`, `nationalnumber`, `department`, `division`, `with_honor`) VALUES (237028, 2011, '23', '', '', '', '', '', '', '', '', 'فنون ', '', '');
INSERT INTO `lk9v6_users` (`name`, `email`, `usertype`) VALUES ('سها نشأت محمد على حسن ', '', 'الخريجين');
INSERT INTO `lk9v6_alumni_main` (`id`, `user_id`, `approved`) VALUES (237029, 237029, 1);
INSERT INTO `lk9v6_alumni_data` (`alumni_id`, `graduation_year`, `fid`, `job`, `address`, `city`, `country`, `phone`, `gid`, `mobile`, `nationalnumber`, `department`, `division`, `with_honor`) VALUES (237029, 2011, '23', '', '', '', '', '', '', '', '', 'فنون ', '', '');
INSERT INTO `lk9v6_users` (`name`, `email`, `usertype`) VALUES ('شيرين محمود رؤوف عبداللطيف محمود', '', 'الخريجين');
INSERT INTO `lk9v6_alumni_main` (`id`, `user_id`, `approved`) VALUES (237030, 237030, 1);
INSERT INTO `lk9v6_alumni_data` (`alumni_id`, `graduation_year`, `fid`, `job`, `address`, `city`, `country`, `phone`, `gid`, `mobile`, `nationalnumber`, `department`, `division`, `with_honor`) VALUES (237030, 2011, '23', '', '', '', '', '', '', '', '', 'فنون ', '', '');
INSERT INTO `lk9v6_users` (`name`, `email`, `usertype`) VALUES ('شيماء صلاح محمد السعيد حافظ ', '', 'الخريجين');
INSERT INTO `lk9v6_alumni_main` (`id`, `user_id`, `approved`) VALUES (237031, 237031, 1);
INSERT INTO `lk9v6_alumni_data` (`alumni_id`, `graduation_year`, `fid`, `job`, `address`, `city`, `country`, `phone`, `gid`, `mobile`, `nationalnumber`, `department`, `division`, `with_honor`) VALUES (237031, 2011, '23', '', '', '', '', '', '', '', '', 'فنون ', '', '');
INSERT INTO `lk9v6_users` (`name`, `email`, `usertype`) VALUES ('عبير احمد عطية احمد ماضى', '', 'الخريجين');
INSERT INTO `lk9v6_alumni_main` (`id`, `user_id`, `approved`) VALUES (237032, 237032, 1);
INSERT INTO `lk9v6_alumni_data` (`alumni_id`, `graduation_year`, `fid`, `job`, `address`, `city`, `country`, `phone`, `gid`, `mobile`, `nationalnumber`, `department`, `division`, `with_honor`) VALUES (237032, 2011, '23', '', '', '', '', '', '', '', '', 'فنون ', '', '');
INSERT INTO `lk9v6_users` (`name`, `email`, `usertype`) VALUES ('فاطمة محروس فهيم قطب ', '', 'الخريجين');
INSERT INTO `lk9v6_alumni_main` (`id`, `user_id`, `approved`) VALUES (237033, 237033, 1);
INSERT INTO `lk9v6_alumni_data` (`alumni_id`, `graduation_year`, `fid`, `job`, `address`, `city`, `country`, `phone`, `gid`, `mobile`, `nationalnumber`, `department`, `division`, `with_honor`) VALUES (237033, 2011, '23', '', '', '', '', '', '', '', '', 'فنون ', '', '');
INSERT INTO `lk9v6_users` (`name`, `email`, `usertype`) VALUES ('كاميليا كمال صالح عبد الرحمن محمد ', '', 'الخريجين');
INSERT INTO `lk9v6_alumni_main` (`id`, `user_id`, `approved`) VALUES (237034, 237034, 1);
INSERT INTO `lk9v6_alumni_data` (`alumni_id`, `graduation_year`, `fid`, `job`, `address`, `city`, `country`, `phone`, `gid`, `mobile`, `nationalnumber`, `department`, `division`, `with_honor`) VALUES (237034, 2011, '23', '', '', '', '', '', '', '', '', 'فنون ', '', '');
INSERT INTO `lk9v6_users` (`name`, `email`, `usertype`) VALUES ('ماجى اسعد توفيق فهمى ', '', 'الخريجين');
INSERT INTO `lk9v6_alumni_main` (`id`, `user_id`, `approved`) VALUES (237035, 237035, 1);
INSERT INTO `lk9v6_alumni_data` (`alumni_id`, `graduation_year`, `fid`, `job`, `address`, `city`, `country`, `phone`, `gid`, `mobile`, `nationalnumber`, `department`, `division`, `with_honor`) VALUES (237035, 2011, '23', '', '', '', '', '', '', '', '', 'فنون ', '', '');
INSERT INTO `lk9v6_users` (`name`, `email`, `usertype`) VALUES ('ماجى رومانى عبد المسيح عبدالملاك ', '', 'الخريجين');
INSERT INTO `lk9v6_alumni_main` (`id`, `user_id`, `approved`) VALUES (237036, 237036, 1);
INSERT INTO `lk9v6_alumni_data` (`alumni_id`, `graduation_year`, `fid`, `job`, `address`, `city`, `country`, `phone`, `gid`, `mobile`, `nationalnumber`, `department`, `division`, `with_honor`) VALUES (237036, 2011, '23', '', '', '', '', '', '', '', '', 'فنون ', '', '');
INSERT INTO `lk9v6_users` (`name`, `email`, `usertype`) VALUES ('مارينا اشرف فيروز عبدالملك ', '', 'الخريجين');
INSERT INTO `lk9v6_alumni_main` (`id`, `user_id`, `approved`) VALUES (237037, 237037, 1);
INSERT INTO `lk9v6_alumni_data` (`alumni_id`, `graduation_year`, `fid`, `job`, `address`, `city`, `country`, `phone`, `gid`, `mobile`, `nationalnumber`, `department`, `division`, `with_honor`) VALUES (237037, 2011, '23', '', '', '', '', '', '', '', '', 'فنون ', '', '');
INSERT INTO `lk9v6_users` (`name`, `email`, `usertype`) VALUES ('مروة محمد احمد زيدان ', '', 'الخريجين');
INSERT INTO `lk9v6_alumni_main` (`id`, `user_id`, `approved`) VALUES (237038, 237038, 1);
INSERT INTO `lk9v6_alumni_data` (`alumni_id`, `graduation_year`, `fid`, `job`, `address`, `city`, `country`, `phone`, `gid`, `mobile`, `nationalnumber`, `department`, `division`, `with_honor`) VALUES (237038, 2011, '23', '', '', '', '', '', '', '', '', 'فنون ', '', '');
INSERT INTO `lk9v6_users` (`name`, `email`, `usertype`) VALUES ('مروة محمد عبد الرحمن حسنين ', '', 'الخريجين');
INSERT INTO `lk9v6_alumni_main` (`id`, `user_id`, `approved`) VALUES (237039, 237039, 1);
INSERT INTO `lk9v6_alumni_data` (`alumni_id`, `graduation_year`, `fid`, `job`, `address`, `city`, `country`, `phone`, `gid`, `mobile`, `nationalnumber`, `department`, `division`, `with_honor`) VALUES (237039, 2011, '23', '', '', '', '', '', '', '', '', 'فنون', '', '');
INSERT INTO `lk9v6_users` (`name`, `email`, `usertype`) VALUES ('مروة مصطفى احمد عبدالفتاح ', '', 'الخريجين');
INSERT INTO `lk9v6_alumni_main` (`id`, `user_id`, `approved`) VALUES (237040, 237040, 1);
INSERT INTO `lk9v6_alumni_data` (`alumni_id`, `graduation_year`, `fid`, `job`, `address`, `city`, `country`, `phone`, `gid`, `mobile`, `nationalnumber`, `department`, `division`, `with_honor`) VALUES (237040, 2011, '23', '', '', '', '', '', '', '', '', 'فنون ', '', '');
INSERT INTO `lk9v6_users` (`name`, `email`, `usertype`) VALUES ('منه الله جمال متولى حنفى ', '', 'الخريجين');
INSERT INTO `lk9v6_alumni_main` (`id`, `user_id`, `approved`) VALUES (237041, 237041, 1);
INSERT INTO `lk9v6_alumni_data` (`alumni_id`, `graduation_year`, `fid`, `job`, `address`, `city`, `country`, `phone`, `gid`, `mobile`, `nationalnumber`, `department`, `division`, `with_honor`) VALUES (237041, 2011, '23', '', '', '', '', '', '', '', '', 'فنون ', '', '');
INSERT INTO `lk9v6_users` (`name`, `email`, `usertype`) VALUES ('منه الله عبدالسلام عبدالمنعم خليل ', '', 'الخريجين');
INSERT INTO `lk9v6_alumni_main` (`id`, `user_id`, `approved`) VALUES (237042, 237042, 1);
INSERT INTO `lk9v6_alumni_data` (`alumni_id`, `graduation_year`, `fid`, `job`, `address`, `city`, `country`, `phone`, `gid`, `mobile`, `nationalnumber`, `department`, `division`, `with_honor`) VALUES (237042, 2011, '23', '', '', '', '', '', '', '', '', 'فنون ', '', '');
INSERT INTO `lk9v6_users` (`name`, `email`, `usertype`) VALUES ('مها احمد ابراهيم عبدالمجيد الجندى ', '', 'الخريجين');
INSERT INTO `lk9v6_alumni_main` (`id`, `user_id`, `approved`) VALUES (237043, 237043, 1);
INSERT INTO `lk9v6_alumni_data` (`alumni_id`, `graduation_year`, `fid`, `job`, `address`, `city`, `country`, `phone`, `gid`, `mobile`, `nationalnumber`, `department`, `division`, `with_honor`) VALUES (237043, 2011, '23', '', '', '', '', '', '', '', '', 'فنون ', '', '');
INSERT INTO `lk9v6_users` (`name`, `email`, `usertype`) VALUES ('مها السيد عبده محمد الشرقاوى ', '', 'الخريجين');
INSERT INTO `lk9v6_alumni_main` (`id`, `user_id`, `approved`) VALUES (237044, 237044, 1);
INSERT INTO `lk9v6_alumni_data` (`alumni_id`, `graduation_year`, `fid`, `job`, `address`, `city`, `country`, `phone`, `gid`, `mobile`, `nationalnumber`, `department`, `division`, `with_honor`) VALUES (237044, 2011, '23', '', '', '', '', '', '', '', '', 'فنون ', '', '');
INSERT INTO `lk9v6_users` (`name`, `email`, `usertype`) VALUES ('مى حسام محمد العرابى الصعيدى ', '', 'الخريجين');
INSERT INTO `lk9v6_alumni_main` (`id`, `user_id`, `approved`) VALUES (237045, 237045, 1);
INSERT INTO `lk9v6_alumni_data` (`alumni_id`, `graduation_year`, `fid`, `job`, `address`, `city`, `country`, `phone`, `gid`, `mobile`, `nationalnumber`, `department`, `division`, `with_honor`) VALUES (237045, 2011, '23', '', '', '', '', '', '', '', '', 'فنون ', '', '');
INSERT INTO `lk9v6_users` (`name`, `email`, `usertype`) VALUES ('مى سعيد رجب عبدالغنى صالح ', '', 'الخريجين');
INSERT INTO `lk9v6_alumni_main` (`id`, `user_id`, `approved`) VALUES (237046, 237046, 1);
INSERT INTO `lk9v6_alumni_data` (`alumni_id`, `graduation_year`, `fid`, `job`, `address`, `city`, `country`, `phone`, `gid`, `mobile`, `nationalnumber`, `department`, `division`, `with_honor`) VALUES (237046, 2011, '23', '', '', '', '', '', '', '', '', 'فنون ', '', '');
INSERT INTO `lk9v6_users` (`name`, `email`, `usertype`) VALUES ('مى عبدالغنى محمد عبدالغنى ', '', 'الخريجين');
INSERT INTO `lk9v6_alumni_main` (`id`, `user_id`, `approved`) VALUES (237047, 237047, 1);
INSERT INTO `lk9v6_alumni_data` (`alumni_id`, `graduation_year`, `fid`, `job`, `address`, `city`, `country`, `phone`, `gid`, `mobile`, `nationalnumber`, `department`, `division`, `with_honor`) VALUES (237047, 2011, '23', '', '', '', '', '', '', '', '', 'فنون ', '', '');
INSERT INTO `lk9v6_users` (`name`, `email`, `usertype`) VALUES ('ندا محمد عبدالغنى يوسف', '', 'الخريجين');
INSERT INTO `lk9v6_alumni_main` (`id`, `user_id`, `approved`) VALUES (237048, 237048, 1);
INSERT INTO `lk9v6_alumni_data` (`alumni_id`, `graduation_year`, `fid`, `job`, `address`, `city`, `country`, `phone`, `gid`, `mobile`, `nationalnumber`, `department`, `division`, `with_honor`) VALUES (237048, 2011, '23', '', '', '', '', '', '', '', '', 'فنون ', '', '');
INSERT INTO `lk9v6_users` (`name`, `email`, `usertype`) VALUES ('نسمة حسن محمد ربيع صالح ', '', 'الخريجين');
INSERT INTO `lk9v6_alumni_main` (`id`, `user_id`, `approved`) VALUES (237049, 237049, 1);
INSERT INTO `lk9v6_alumni_data` (`alumni_id`, `graduation_year`, `fid`, `job`, `address`, `city`, `country`, `phone`, `gid`, `mobile`, `nationalnumber`, `department`, `division`, `with_honor`) VALUES (237049, 2011, '23', '', '', '', '', '', '', '', '', 'فنون ', '', '');
INSERT INTO `lk9v6_users` (`name`, `email`, `usertype`) VALUES ('نسمة عامر عبد المنعم احمد مجدى ', '', 'الخريجين');
INSERT INTO `lk9v6_alumni_main` (`id`, `user_id`, `approved`) VALUES (237050, 237050, 1);
INSERT INTO `lk9v6_alumni_data` (`alumni_id`, `graduation_year`, `fid`, `job`, `address`, `city`, `country`, `phone`, `gid`, `mobile`, `nationalnumber`, `department`, `division`, `with_honor`) VALUES (237050, 2011, '23', '', '', '', '', '', '', '', '', 'فنون ', '', '');
INSERT INTO `lk9v6_users` (`name`, `email`, `usertype`) VALUES ('نسمة محمد احمد عبدالحميد المسيري ', '', 'الخريجين');
INSERT INTO `lk9v6_alumni_main` (`id`, `user_id`, `approved`) VALUES (237051, 237051, 1);
INSERT INTO `lk9v6_alumni_data` (`alumni_id`, `graduation_year`, `fid`, `job`, `address`, `city`, `country`, `phone`, `gid`, `mobile`, `nationalnumber`, `department`, `division`, `with_honor`) VALUES (237051, 2011, '23', '', '', '', '', '', '', '', '', 'فنون ', '', '');
INSERT INTO `lk9v6_users` (`name`, `email`, `usertype`) VALUES ('نشوى صبرى عبدالوهاب حسين الحمراوى ', '', 'الخريجين');
INSERT INTO `lk9v6_alumni_main` (`id`, `user_id`, `approved`) VALUES (237052, 237052, 1);
INSERT INTO `lk9v6_alumni_data` (`alumni_id`, `graduation_year`, `fid`, `job`, `address`, `city`, `country`, `phone`, `gid`, `mobile`, `nationalnumber`, `department`, `division`, `with_honor`) VALUES (237052, 2011, '23', '', '', '', '', '', '', '', '', 'فنون ', '', '');
INSERT INTO `lk9v6_users` (`name`, `email`, `usertype`) VALUES ('نشوى محمد عبدالسلام حسن الزيات ', '', 'الخريجين');
INSERT INTO `lk9v6_alumni_main` (`id`, `user_id`, `approved`) VALUES (237053, 237053, 1);
INSERT INTO `lk9v6_alumni_data` (`alumni_id`, `graduation_year`, `fid`, `job`, `address`, `city`, `country`, `phone`, `gid`, `mobile`, `nationalnumber`, `department`, `division`, `with_honor`) VALUES (237053, 2011, '23', '', '', '', '', '', '', '', '', 'فنون ', '', '');
INSERT INTO `lk9v6_users` (`name`, `email`, `usertype`) VALUES ('نعمة يوسف عبدالغنى محمد سليمان ', '', 'الخريجين');
INSERT INTO `lk9v6_alumni_main` (`id`, `user_id`, `approved`) VALUES (237054, 237054, 1);
INSERT INTO `lk9v6_alumni_data` (`alumni_id`, `graduation_year`, `fid`, `job`, `address`, `city`, `country`, `phone`, `gid`, `mobile`, `nationalnumber`, `department`, `division`, `with_honor`) VALUES (237054, 2011, '23', '', '', '', '', '', '', '', '', 'فنون ', '', '');
INSERT INTO `lk9v6_users` (`name`, `email`, `usertype`) VALUES ('نهال شكرى عبدالحميد ماضى ', '', 'الخريجين');
INSERT INTO `lk9v6_alumni_main` (`id`, `user_id`, `approved`) VALUES (237055, 237055, 1);
INSERT INTO `lk9v6_alumni_data` (`alumni_id`, `graduation_year`, `fid`, `job`, `address`, `city`, `country`, `phone`, `gid`, `mobile`, `nationalnumber`, `department`, `division`, `with_honor`) VALUES (237055, 2011, '23', '', '', '', '', '', '', '', '', 'فنون ', '', '');
INSERT INTO `lk9v6_users` (`name`, `email`, `usertype`) VALUES ('نورهان محمد ابراهيم عبدالفتاح الجناينى ', '', 'الخريجين');
INSERT INTO `lk9v6_alumni_main` (`id`, `user_id`, `approved`) VALUES (237056, 237056, 1);
INSERT INTO `lk9v6_alumni_data` (`alumni_id`, `graduation_year`, `fid`, `job`, `address`, `city`, `country`, `phone`, `gid`, `mobile`, `nationalnumber`, `department`, `division`, `with_honor`) VALUES (237056, 2011, '23', '', '', '', '', '', '', '', '', 'فنون ', '', '');
INSERT INTO `lk9v6_users` (`name`, `email`, `usertype`) VALUES ('هالة حسين ياقوت السيد صبره ', '', 'الخريجين');
INSERT INTO `lk9v6_alumni_main` (`id`, `user_id`, `approved`) VALUES (237057, 237057, 1);
INSERT INTO `lk9v6_alumni_data` (`alumni_id`, `graduation_year`, `fid`, `job`, `address`, `city`, `country`, `phone`, `gid`, `mobile`, `nationalnumber`, `department`, `division`, `with_honor`) VALUES (237057, 2011, '23', '', '', '', '', '', '', '', '', 'فنون ', '', '');
INSERT INTO `lk9v6_users` (`name`, `email`, `usertype`) VALUES ('هالة محمد عبدالعال شلبي ', '', 'الخريجين');
INSERT INTO `lk9v6_alumni_main` (`id`, `user_id`, `approved`) VALUES (237058, 237058, 1);
INSERT INTO `lk9v6_alumni_data` (`alumni_id`, `graduation_year`, `fid`, `job`, `address`, `city`, `country`, `phone`, `gid`, `mobile`, `nationalnumber`, `department`, `division`, `with_honor`) VALUES (237058, 2011, '23', '', '', '', '', '', '', '', '', 'فنون ', '', '');
INSERT INTO `lk9v6_users` (`name`, `email`, `usertype`) VALUES ('هانم محمد عبد الرازق خليف ', '', 'الخريجين');
INSERT INTO `lk9v6_alumni_main` (`id`, `user_id`, `approved`) VALUES (237059, 237059, 1);
INSERT INTO `lk9v6_alumni_data` (`alumni_id`, `graduation_year`, `fid`, `job`, `address`, `city`, `country`, `phone`, `gid`, `mobile`, `nationalnumber`, `department`, `division`, `with_honor`) VALUES (237059, 2011, '23', '', '', '', '', '', '', '', '', 'فنون ', '', '');
INSERT INTO `lk9v6_users` (`name`, `email`, `usertype`) VALUES ('هبه احمد مصطفى عودة ', '', 'الخريجين');
INSERT INTO `lk9v6_alumni_main` (`id`, `user_id`, `approved`) VALUES (237060, 237060, 1);
INSERT INTO `lk9v6_alumni_data` (`alumni_id`, `graduation_year`, `fid`, `job`, `address`, `city`, `country`, `phone`, `gid`, `mobile`, `nationalnumber`, `department`, `division`, `with_honor`) VALUES (237060, 2011, '23', '', '', '', '', '', '', '', '', 'فنون ', '', '');
INSERT INTO `lk9v6_users` (`name`, `email`, `usertype`) VALUES ('هبة رمضان عبد الله العلقامى ', '', 'الخريجين');
INSERT INTO `lk9v6_alumni_main` (`id`, `user_id`, `approved`) VALUES (237061, 237061, 1);
INSERT INTO `lk9v6_alumni_data` (`alumni_id`, `graduation_year`, `fid`, `job`, `address`, `city`, `country`, `phone`, `gid`, `mobile`, `nationalnumber`, `department`, `division`, `with_honor`) VALUES (237061, 2011, '23', '', '', '', '', '', '', '', '', 'فنون ', '', '');
INSERT INTO `lk9v6_users` (`name`, `email`, `usertype`) VALUES ('هبة عبدالمنعم صبحى محمد ', '', 'الخريجين');
INSERT INTO `lk9v6_alumni_main` (`id`, `user_id`, `approved`) VALUES (237062, 237062, 1);
INSERT INTO `lk9v6_alumni_data` (`alumni_id`, `graduation_year`, `fid`, `job`, `address`, `city`, `country`, `phone`, `gid`, `mobile`, `nationalnumber`, `department`, `division`, `with_honor`) VALUES (237062, 2011, '23', '', '', '', '', '', '', '', '', 'فنون ', '', '');
INSERT INTO `lk9v6_users` (`name`, `email`, `usertype`) VALUES ('هدى مصطفى محمد محمد مرسى ', '', 'الخريجين');
INSERT INTO `lk9v6_alumni_main` (`id`, `user_id`, `approved`) VALUES (237063, 237063, 1);
INSERT INTO `lk9v6_alumni_data` (`alumni_id`, `graduation_year`, `fid`, `job`, `address`, `city`, `country`, `phone`, `gid`, `mobile`, `nationalnumber`, `department`, `division`, `with_honor`) VALUES (237063, 2011, '23', '', '', '', '', '', '', '', '', 'فنون ', '', '');
INSERT INTO `lk9v6_users` (`name`, `email`, `usertype`) VALUES ('هدير حسن ياقوت عبدالله ', '', 'الخريجين');
INSERT INTO `lk9v6_alumni_main` (`id`, `user_id`, `approved`) VALUES (237064, 237064, 1);
INSERT INTO `lk9v6_alumni_data` (`alumni_id`, `graduation_year`, `fid`, `job`, `address`, `city`, `country`, `phone`, `gid`, `mobile`, `nationalnumber`, `department`, `division`, `with_honor`) VALUES (237064, 2011, '23', '', '', '', '', '', '', '', '', 'فنون ', '', '');
INSERT INTO `lk9v6_users` (`name`, `email`, `usertype`) VALUES ('هند محمود ابراهيم احمد محمد عبد الواحد ', '', 'الخريجين');
INSERT INTO `lk9v6_alumni_main` (`id`, `user_id`, `approved`) VALUES (237065, 237065, 1);
INSERT INTO `lk9v6_alumni_data` (`alumni_id`, `graduation_year`, `fid`, `job`, `address`, `city`, `country`, `phone`, `gid`, `mobile`, `nationalnumber`, `department`, `division`, `with_honor`) VALUES (237065, 2011, '23', '', '', '', '', '', '', '', '', 'فنون ', '', '');
INSERT INTO `lk9v6_users` (`name`, `email`, `usertype`) VALUES ('ولاء احمد السيد احمد محمد محمد سليمان ', '', 'الخريجين');
INSERT INTO `lk9v6_alumni_main` (`id`, `user_id`, `approved`) VALUES (237066, 237066, 1);
INSERT INTO `lk9v6_alumni_data` (`alumni_id`, `graduation_year`, `fid`, `job`, `address`, `city`, `country`, `phone`, `gid`, `mobile`, `nationalnumber`, `department`, `division`, `with_honor`) VALUES (237066, 2011, '23', '', '', '', '', '', '', '', '', 'فنون ', '', '');
INSERT INTO `lk9v6_users` (`name`, `email`, `usertype`) VALUES ('ولاء محمود احمد عيسي ', '', 'الخريجين');
INSERT INTO `lk9v6_alumni_main` (`id`, `user_id`, `approved`) VALUES (237067, 237067, 1);
INSERT INTO `lk9v6_alumni_data` (`alumni_id`, `graduation_year`, `fid`, `job`, `address`, `city`, `country`, `phone`, `gid`, `mobile`, `nationalnumber`, `department`, `division`, `with_honor`) VALUES (237067, 2011, '23', '', '', '', '', '', '', '', '', 'فنون ', '', '');
INSERT INTO `lk9v6_users` (`name`, `email`, `usertype`) VALUES ('ياسمين محمد السيد حسن ابو ريان ', '', 'الخريجين');
INSERT INTO `lk9v6_alumni_main` (`id`, `user_id`, `approved`) VALUES (237068, 237068, 1);
INSERT INTO `lk9v6_alumni_data` (`alumni_id`, `graduation_year`, `fid`, `job`, `address`, `city`, `country`, `phone`, `gid`, `mobile`, `nationalnumber`, `department`, `division`, `with_honor`) VALUES (237068, 2011, '23', '', '', '', '', '', '', '', '', 'فنون ', '', '');
INSERT INTO `lk9v6_users` (`name`, `email`, `usertype`) VALUES ('ياسمين محمد حسن على المقدم ', '', 'الخريجين');
INSERT INTO `lk9v6_alumni_main` (`id`, `user_id`, `approved`) VALUES (237069, 237069, 1);
INSERT INTO `lk9v6_alumni_data` (`alumni_id`, `graduation_year`, `fid`, `job`, `address`, `city`, `country`, `phone`, `gid`, `mobile`, `nationalnumber`, `department`, `division`, `with_honor`) VALUES (237069, 2011, '23', '', '', '', '', '', '', '', '', 'فنون ', '', '');
INSERT INTO `lk9v6_users` (`name`, `email`, `usertype`) VALUES ('ابتسام محمد عطية الجبالى ', '', 'الخريجين');
INSERT INTO `lk9v6_alumni_main` (`id`, `user_id`, `approved`) VALUES (237070, 237070, 1);
INSERT INTO `lk9v6_alumni_data` (`alumni_id`, `graduation_year`, `fid`, `job`, `address`, `city`, `country`, `phone`, `gid`, `mobile`, `nationalnumber`, `department`, `division`, `with_honor`) VALUES (237070, 2011, '23', '', '', '', '', '', '', '', '', 'فنون ', '', '');
INSERT INTO `lk9v6_users` (`name`, `email`, `usertype`) VALUES ('اميرة محمود السيد محمد عويضة ', '', 'الخريجين');
INSERT INTO `lk9v6_alumni_main` (`id`, `user_id`, `approved`) VALUES (237071, 237071, 1);
INSERT INTO `lk9v6_alumni_data` (`alumni_id`, `graduation_year`, `fid`, `job`, `address`, `city`, `country`, `phone`, `gid`, `mobile`, `nationalnumber`, `department`, `division`, `with_honor`) VALUES (237071, 2011, '23', '', '', '', '', '', '', '', '', 'فنون ', '', '');
INSERT INTO `lk9v6_users` (`name`, `email`, `usertype`) VALUES ('محمد ممدوح احمد محمد ', '', 'الخريجين');
INSERT INTO `lk9v6_alumni_main` (`id`, `user_id`, `approved`) VALUES (237072, 237072, 1);
INSERT INTO `lk9v6_alumni_data` (`alumni_id`, `graduation_year`, `fid`, `job`, `address`, `city`, `country`, `phone`, `gid`, `mobile`, `nationalnumber`, `department`, `division`, `with_honor`) VALUES (237072, 2011, '23', '', '', '', '', '', '', '', '', 'فنون ', '', '');
INSERT INTO `lk9v6_users` (`name`, `email`, `usertype`) VALUES ('هبة ابراهيم محمد على حسب النبي ', '', 'الخريجين');
INSERT INTO `lk9v6_alumni_main` (`id`, `user_id`, `approved`) VALUES (237073, 237073, 1);
INSERT INTO `lk9v6_alumni_data` (`alumni_id`, `graduation_year`, `fid`, `job`, `address`, `city`, `country`, `phone`, `gid`, `mobile`, `nationalnumber`, `department`, `division`, `with_honor`) VALUES (237073, 2011, '23', '', '', '', '', '', '', '', '', 'فنون ', '', '');
INSERT INTO `lk9v6_users` (`name`, `email`, `usertype`) VALUES ('محمد ابراهيم محمد ناجى ابراهيم ', '', 'الخريجين');
INSERT INTO `lk9v6_alumni_main` (`id`, `user_id`, `approved`) VALUES (237074, 237074, 1);
INSERT INTO `lk9v6_alumni_data` (`alumni_id`, `graduation_year`, `fid`, `job`, `address`, `city`, `country`, `phone`, `gid`, `mobile`, `nationalnumber`, `department`, `division`, `with_honor`) VALUES (237074, 2011, '23', '', '', '', '', '', '', '', '', 'فنون ', '', '');
INSERT INTO `lk9v6_users` (`name`, `email`, `usertype`) VALUES ('داليا حسن على محمد حسين ', '', 'الخريجين');
INSERT INTO `lk9v6_alumni_main` (`id`, `user_id`, `approved`) VALUES (237075, 237075, 1);
INSERT INTO `lk9v6_alumni_data` (`alumni_id`, `graduation_year`, `fid`, `job`, `address`, `city`, `country`, `phone`, `gid`, `mobile`, `nationalnumber`, `department`, `division`, `with_honor`) VALUES (237075, 2011, '23', '', '', '', '', '', '', '', '', 'فنون ', '', '');
INSERT INTO `lk9v6_users` (`name`, `email`, `usertype`) VALUES ('ياسمين احمد عيسي عيسى قنبر ', '', 'الخريجين');
INSERT INTO `lk9v6_alumni_main` (`id`, `user_id`, `approved`) VALUES (237076, 237076, 1);
INSERT INTO `lk9v6_alumni_data` (`alumni_id`, `graduation_year`, `fid`, `job`, `address`, `city`, `country`, `phone`, `gid`, `mobile`, `nationalnumber`, `department`, `division`, `with_honor`) VALUES (237076, 2011, '23', '', '', '', '', '', '', '', '', 'فنون ', '', '');
INSERT INTO `lk9v6_users` (`name`, `email`, `usertype`) VALUES ('احمد خليل عبد الهادى الحداد ', '', 'الخريجين');
INSERT INTO `lk9v6_alumni_main` (`id`, `user_id`, `approved`) VALUES (237077, 237077, 1);
INSERT INTO `lk9v6_alumni_data` (`alumni_id`, `graduation_year`, `fid`, `job`, `address`, `city`, `country`, `phone`, `gid`, `mobile`, `nationalnumber`, `department`, `division`, `with_honor`) VALUES (237077, 2012, '23', '', '', '', '', '', '', '', '', 'فنون ', '', '');
INSERT INTO `lk9v6_users` (`name`, `email`, `usertype`) VALUES ('احمد محمد سعيد عبد الحميد ', '', 'الخريجين');
INSERT INTO `lk9v6_alumni_main` (`id`, `user_id`, `approved`) VALUES (237078, 237078, 1);
INSERT INTO `lk9v6_alumni_data` (`alumni_id`, `graduation_year`, `fid`, `job`, `address`, `city`, `country`, `phone`, `gid`, `mobile`, `nationalnumber`, `department`, `division`, `with_honor`) VALUES (237078, 2012, '23', '', '', '', '', '', '', '', '', 'فنون ', '', '');
INSERT INTO `lk9v6_users` (`name`, `email`, `usertype`) VALUES ('اريج امين محمد المغربل ', '', 'الخريجين');
INSERT INTO `lk9v6_alumni_main` (`id`, `user_id`, `approved`) VALUES (237079, 237079, 1);
INSERT INTO `lk9v6_alumni_data` (`alumni_id`, `graduation_year`, `fid`, `job`, `address`, `city`, `country`, `phone`, `gid`, `mobile`, `nationalnumber`, `department`, `division`, `with_honor`) VALUES (237079, 2012, '23', '', '', '', '', '', '', '', '', 'فنون ', '', '');
INSERT INTO `lk9v6_users` (`name`, `email`, `usertype`) VALUES ('اسراء السعيد محمود حمدى الركايبى ', '', 'الخريجين');
INSERT INTO `lk9v6_alumni_main` (`id`, `user_id`, `approved`) VALUES (237080, 237080, 1);
INSERT INTO `lk9v6_alumni_data` (`alumni_id`, `graduation_year`, `fid`, `job`, `address`, `city`, `country`, `phone`, `gid`, `mobile`, `nationalnumber`, `department`, `division`, `with_honor`) VALUES (237080, 2012, '23', '', '', '', '', '', '', '', '', 'فنون ', '', '');
INSERT INTO `lk9v6_users` (`name`, `email`, `usertype`) VALUES ('اسراء خالد سعد جمعة ', '', 'الخريجين');
INSERT INTO `lk9v6_alumni_main` (`id`, `user_id`, `approved`) VALUES (237081, 237081, 1);
INSERT INTO `lk9v6_alumni_data` (`alumni_id`, `graduation_year`, `fid`, `job`, `address`, `city`, `country`, `phone`, `gid`, `mobile`, `nationalnumber`, `department`, `division`, `with_honor`) VALUES (237081, 2012, '23', '', '', '', '', '', '', '', '', 'فنون ', '', '');
INSERT INTO `lk9v6_users` (`name`, `email`, `usertype`) VALUES ('اسراء محمد جلال عبدالمنعم ', '', 'الخريجين');
INSERT INTO `lk9v6_alumni_main` (`id`, `user_id`, `approved`) VALUES (237082, 237082, 1);
INSERT INTO `lk9v6_alumni_data` (`alumni_id`, `graduation_year`, `fid`, `job`, `address`, `city`, `country`, `phone`, `gid`, `mobile`, `nationalnumber`, `department`, `division`, `with_honor`) VALUES (237082, 2012, '23', '', '', '', '', '', '', '', '', 'فنون ', '', '');
INSERT INTO `lk9v6_users` (`name`, `email`, `usertype`) VALUES ('اسراء محمود عبدالعال ابراهيم عبدالعال ', '', 'الخريجين');
INSERT INTO `lk9v6_alumni_main` (`id`, `user_id`, `approved`) VALUES (237083, 237083, 1);
INSERT INTO `lk9v6_alumni_data` (`alumni_id`, `graduation_year`, `fid`, `job`, `address`, `city`, `country`, `phone`, `gid`, `mobile`, `nationalnumber`, `department`, `division`, `with_honor`) VALUES (237083, 2012, '23', '', '', '', '', '', '', '', '', 'فنون ', '', '');
INSERT INTO `lk9v6_users` (`name`, `email`, `usertype`) VALUES ('اسماء بسيونى عبد الحليم السيد بسيونى ', '', 'الخريجين');
INSERT INTO `lk9v6_alumni_main` (`id`, `user_id`, `approved`) VALUES (237084, 237084, 1);
INSERT INTO `lk9v6_alumni_data` (`alumni_id`, `graduation_year`, `fid`, `job`, `address`, `city`, `country`, `phone`, `gid`, `mobile`, `nationalnumber`, `department`, `division`, `with_honor`) VALUES (237084, 2012, '23', '', '', '', '', '', '', '', '', 'فنون ', '', '');
INSERT INTO `lk9v6_users` (`name`, `email`, `usertype`) VALUES ('اسماء جمال زكريا الشهاوى ', '', 'الخريجين');
INSERT INTO `lk9v6_alumni_main` (`id`, `user_id`, `approved`) VALUES (237085, 237085, 1);
INSERT INTO `lk9v6_alumni_data` (`alumni_id`, `graduation_year`, `fid`, `job`, `address`, `city`, `country`, `phone`, `gid`, `mobile`, `nationalnumber`, `department`, `division`, `with_honor`) VALUES (237085, 2012, '23', '', '', '', '', '', '', '', '', 'فنون ', '', '');
INSERT INTO `lk9v6_users` (`name`, `email`, `usertype`) VALUES ('اسماء حامد طلبة مرسي حامد ', '', 'الخريجين');
INSERT INTO `lk9v6_alumni_main` (`id`, `user_id`, `approved`) VALUES (237086, 237086, 1);
INSERT INTO `lk9v6_alumni_data` (`alumni_id`, `graduation_year`, `fid`, `job`, `address`, `city`, `country`, `phone`, `gid`, `mobile`, `nationalnumber`, `department`, `division`, `with_honor`) VALUES (237086, 2012, '23', '', '', '', '', '', '', '', '', 'فنون ', '', '');
INSERT INTO `lk9v6_users` (`name`, `email`, `usertype`) VALUES ('اسماء زكى احمد عاشور احمد حرحش ', '', 'الخريجين');
INSERT INTO `lk9v6_alumni_main` (`id`, `user_id`, `approved`) VALUES (237087, 237087, 1);
INSERT INTO `lk9v6_alumni_data` (`alumni_id`, `graduation_year`, `fid`, `job`, `address`, `city`, `country`, `phone`, `gid`, `mobile`, `nationalnumber`, `department`, `division`, `with_honor`) VALUES (237087, 2012, '23', '', '', '', '', '', '', '', '', 'فنون ', '', '');
INSERT INTO `lk9v6_users` (`name`, `email`, `usertype`) VALUES ('اسماء سلامة عبدالعزيز الكومى ', '', 'الخريجين');
INSERT INTO `lk9v6_alumni_main` (`id`, `user_id`, `approved`) VALUES (237088, 237088, 1);
INSERT INTO `lk9v6_alumni_data` (`alumni_id`, `graduation_year`, `fid`, `job`, `address`, `city`, `country`, `phone`, `gid`, `mobile`, `nationalnumber`, `department`, `division`, `with_honor`) VALUES (237088, 2012, '23', '', '', '', '', '', '', '', '', 'فنون ', '', '');
INSERT INTO `lk9v6_users` (`name`, `email`, `usertype`) VALUES ('اسماء عبد الحميد احمد على ', '', 'الخريجين');
INSERT INTO `lk9v6_alumni_main` (`id`, `user_id`, `approved`) VALUES (237089, 237089, 1);
INSERT INTO `lk9v6_alumni_data` (`alumni_id`, `graduation_year`, `fid`, `job`, `address`, `city`, `country`, `phone`, `gid`, `mobile`, `nationalnumber`, `department`, `division`, `with_honor`) VALUES (237089, 2012, '23', '', '', '', '', '', '', '', '', 'فنون ', '', '');
INSERT INTO `lk9v6_users` (`name`, `email`, `usertype`) VALUES ('اسماء محمد خليل مراد ', '', 'الخريجين');
INSERT INTO `lk9v6_alumni_main` (`id`, `user_id`, `approved`) VALUES (237090, 237090, 1);
INSERT INTO `lk9v6_alumni_data` (`alumni_id`, `graduation_year`, `fid`, `job`, `address`, `city`, `country`, `phone`, `gid`, `mobile`, `nationalnumber`, `department`, `division`, `with_honor`) VALUES (237090, 2012, '23', '', '', '', '', '', '', '', '', 'فنون ', '', '');
INSERT INTO `lk9v6_users` (`name`, `email`, `usertype`) VALUES ('اسماء محمد محمد معروف ', '', 'الخريجين');
INSERT INTO `lk9v6_alumni_main` (`id`, `user_id`, `approved`) VALUES (237091, 237091, 1);
INSERT INTO `lk9v6_alumni_data` (`alumni_id`, `graduation_year`, `fid`, `job`, `address`, `city`, `country`, `phone`, `gid`, `mobile`, `nationalnumber`, `department`, `division`, `with_honor`) VALUES (237091, 2012, '23', '', '', '', '', '', '', '', '', 'فنون ', '', '');
INSERT INTO `lk9v6_users` (`name`, `email`, `usertype`) VALUES ('الاء السيد ابراهيم ابوشنب', '', 'الخريجين');
INSERT INTO `lk9v6_alumni_main` (`id`, `user_id`, `approved`) VALUES (237092, 237092, 1);
INSERT INTO `lk9v6_alumni_data` (`alumni_id`, `graduation_year`, `fid`, `job`, `address`, `city`, `country`, `phone`, `gid`, `mobile`, `nationalnumber`, `department`, `division`, `with_honor`) VALUES (237092, 2012, '23', '', '', '', '', '', '', '', '', 'فنون ', '', '');
INSERT INTO `lk9v6_users` (`name`, `email`, `usertype`) VALUES ('الاء على محمد ربيع ', '', 'الخريجين');
INSERT INTO `lk9v6_alumni_main` (`id`, `user_id`, `approved`) VALUES (237093, 237093, 1);
INSERT INTO `lk9v6_alumni_data` (`alumni_id`, `graduation_year`, `fid`, `job`, `address`, `city`, `country`, `phone`, `gid`, `mobile`, `nationalnumber`, `department`, `division`, `with_honor`) VALUES (237093, 2012, '23', '', '', '', '', '', '', '', '', 'فنون ', '', '');
INSERT INTO `lk9v6_users` (`name`, `email`, `usertype`) VALUES ('الهام عاطف محمد محارب ', '', 'الخريجين');
INSERT INTO `lk9v6_alumni_main` (`id`, `user_id`, `approved`) VALUES (237094, 237094, 1);
INSERT INTO `lk9v6_alumni_data` (`alumni_id`, `graduation_year`, `fid`, `job`, `address`, `city`, `country`, `phone`, `gid`, `mobile`, `nationalnumber`, `department`, `division`, `with_honor`) VALUES (237094, 2012, '23', '', '', '', '', '', '', '', '', 'فنون ', '', '');
INSERT INTO `lk9v6_users` (`name`, `email`, `usertype`) VALUES ('امانى على شحاتة ابراهيم شحاتة ', '', 'الخريجين');
INSERT INTO `lk9v6_alumni_main` (`id`, `user_id`, `approved`) VALUES (237095, 237095, 1);
INSERT INTO `lk9v6_alumni_data` (`alumni_id`, `graduation_year`, `fid`, `job`, `address`, `city`, `country`, `phone`, `gid`, `mobile`, `nationalnumber`, `department`, `division`, `with_honor`) VALUES (237095, 2012, '23', '', '', '', '', '', '', '', '', 'فنون ', '', '');
INSERT INTO `lk9v6_users` (`name`, `email`, `usertype`) VALUES ('امل ابراهيم ابوشبانة هندى ', '', 'الخريجين');
INSERT INTO `lk9v6_alumni_main` (`id`, `user_id`, `approved`) VALUES (237096, 237096, 1);
INSERT INTO `lk9v6_alumni_data` (`alumni_id`, `graduation_year`, `fid`, `job`, `address`, `city`, `country`, `phone`, `gid`, `mobile`, `nationalnumber`, `department`, `division`, `with_honor`) VALUES (237096, 2012, '23', '', '', '', '', '', '', '', '', 'فنون ', '', '');
INSERT INTO `lk9v6_users` (`name`, `email`, `usertype`) VALUES ('امل عبداللطيف محمد فتحى بكير ', '', 'الخريجين');
INSERT INTO `lk9v6_alumni_main` (`id`, `user_id`, `approved`) VALUES (237097, 237097, 1);
INSERT INTO `lk9v6_alumni_data` (`alumni_id`, `graduation_year`, `fid`, `job`, `address`, `city`, `country`, `phone`, `gid`, `mobile`, `nationalnumber`, `department`, `division`, `with_honor`) VALUES (237097, 2012, '23', '', '', '', '', '', '', '', '', 'فنون ', '', '');
INSERT INTO `lk9v6_users` (`name`, `email`, `usertype`) VALUES ('امنية ابراهيم حسين حسن ', '', 'الخريجين');
INSERT INTO `lk9v6_alumni_main` (`id`, `user_id`, `approved`) VALUES (237098, 237098, 1);
INSERT INTO `lk9v6_alumni_data` (`alumni_id`, `graduation_year`, `fid`, `job`, `address`, `city`, `country`, `phone`, `gid`, `mobile`, `nationalnumber`, `department`, `division`, `with_honor`) VALUES (237098, 2012, '23', '', '', '', '', '', '', '', '', 'فنون ', '', '');
INSERT INTO `lk9v6_users` (`name`, `email`, `usertype`) VALUES ('امنية محمد احمد ابوطالب ', '', 'الخريجين');
INSERT INTO `lk9v6_alumni_main` (`id`, `user_id`, `approved`) VALUES (237099, 237099, 1);
INSERT INTO `lk9v6_alumni_data` (`alumni_id`, `graduation_year`, `fid`, `job`, `address`, `city`, `country`, `phone`, `gid`, `mobile`, `nationalnumber`, `department`, `division`, `with_honor`) VALUES (237099, 2012, '23', '', '', '', '', '', '', '', '', 'فنون ', '', '');
INSERT INTO `lk9v6_users` (`name`, `email`, `usertype`) VALUES ('امنية محمد يوسف الحوفى ', '', 'الخريجين');
INSERT INTO `lk9v6_alumni_main` (`id`, `user_id`, `approved`) VALUES (237100, 237100, 1);
INSERT INTO `lk9v6_alumni_data` (`alumni_id`, `graduation_year`, `fid`, `job`, `address`, `city`, `country`, `phone`, `gid`, `mobile`, `nationalnumber`, `department`, `division`, `with_honor`) VALUES (237100, 2012, '23', '', '', '', '', '', '', '', '', 'فنون ', '', '');
INSERT INTO `lk9v6_users` (`name`, `email`, `usertype`) VALUES ('اميرة طلعت زكريا عمار ', '', 'الخريجين');
INSERT INTO `lk9v6_alumni_main` (`id`, `user_id`, `approved`) VALUES (237101, 237101, 1);
INSERT INTO `lk9v6_alumni_data` (`alumni_id`, `graduation_year`, `fid`, `job`, `address`, `city`, `country`, `phone`, `gid`, `mobile`, `nationalnumber`, `department`, `division`, `with_honor`) VALUES (237101, 2012, '23', '', '', '', '', '', '', '', '', 'فنون ', '', '');
INSERT INTO `lk9v6_users` (`name`, `email`, `usertype`) VALUES ('اميرة يحيي عبدالباسط زينون ', '', 'الخريجين');
INSERT INTO `lk9v6_alumni_main` (`id`, `user_id`, `approved`) VALUES (237102, 237102, 1);
INSERT INTO `lk9v6_alumni_data` (`alumni_id`, `graduation_year`, `fid`, `job`, `address`, `city`, `country`, `phone`, `gid`, `mobile`, `nationalnumber`, `department`, `division`, `with_honor`) VALUES (237102, 2012, '23', '', '', '', '', '', '', '', '', 'فنون ', '', '');
INSERT INTO `lk9v6_users` (`name`, `email`, `usertype`) VALUES ('انغام عبد المنعم احمد حشيش ', '', 'الخريجين');
INSERT INTO `lk9v6_alumni_main` (`id`, `user_id`, `approved`) VALUES (237103, 237103, 1);
INSERT INTO `lk9v6_alumni_data` (`alumni_id`, `graduation_year`, `fid`, `job`, `address`, `city`, `country`, `phone`, `gid`, `mobile`, `nationalnumber`, `department`, `division`, `with_honor`) VALUES (237103, 2012, '23', '', '', '', '', '', '', '', '', 'فنون ', '', '');
INSERT INTO `lk9v6_users` (`name`, `email`, `usertype`) VALUES ('ايمان الشحات رزق منصور ', '', 'الخريجين');
INSERT INTO `lk9v6_alumni_main` (`id`, `user_id`, `approved`) VALUES (237104, 237104, 1);
INSERT INTO `lk9v6_alumni_data` (`alumni_id`, `graduation_year`, `fid`, `job`, `address`, `city`, `country`, `phone`, `gid`, `mobile`, `nationalnumber`, `department`, `division`, `with_honor`) VALUES (237104, 2012, '23', '', '', '', '', '', '', '', '', 'فنون ', '', '');
INSERT INTO `lk9v6_users` (`name`, `email`, `usertype`) VALUES ('ايمان انور عبدالرزاق شعبان الخطيب ', '', 'الخريجين');
INSERT INTO `lk9v6_alumni_main` (`id`, `user_id`, `approved`) VALUES (237105, 237105, 1);
INSERT INTO `lk9v6_alumni_data` (`alumni_id`, `graduation_year`, `fid`, `job`, `address`, `city`, `country`, `phone`, `gid`, `mobile`, `nationalnumber`, `department`, `division`, `with_honor`) VALUES (237105, 2012, '23', '', '', '', '', '', '', '', '', 'فنون ', '', '');
INSERT INTO `lk9v6_users` (`name`, `email`, `usertype`) VALUES ('ايمان خلف ابراهيم درويش ', '', 'الخريجين');
INSERT INTO `lk9v6_alumni_main` (`id`, `user_id`, `approved`) VALUES (237106, 237106, 1);
INSERT INTO `lk9v6_alumni_data` (`alumni_id`, `graduation_year`, `fid`, `job`, `address`, `city`, `country`, `phone`, `gid`, `mobile`, `nationalnumber`, `department`, `division`, `with_honor`) VALUES (237106, 2012, '23', '', '', '', '', '', '', '', '', 'فنون ', '', '');
INSERT INTO `lk9v6_users` (`name`, `email`, `usertype`) VALUES ('ايمان عوض عاصى زهران ', '', 'الخريجين');
INSERT INTO `lk9v6_alumni_main` (`id`, `user_id`, `approved`) VALUES (237107, 237107, 1);
INSERT INTO `lk9v6_alumni_data` (`alumni_id`, `graduation_year`, `fid`, `job`, `address`, `city`, `country`, `phone`, `gid`, `mobile`, `nationalnumber`, `department`, `division`, `with_honor`) VALUES (237107, 2012, '23', '', '', '', '', '', '', '', '', 'فنون ', '', '');
INSERT INTO `lk9v6_users` (`name`, `email`, `usertype`) VALUES ('ايمان صبرى مختار القط ', '', 'الخريجين');
INSERT INTO `lk9v6_alumni_main` (`id`, `user_id`, `approved`) VALUES (237108, 237108, 1);
INSERT INTO `lk9v6_alumni_data` (`alumni_id`, `graduation_year`, `fid`, `job`, `address`, `city`, `country`, `phone`, `gid`, `mobile`, `nationalnumber`, `department`, `division`, `with_honor`) VALUES (237108, 2012, '23', '', '', '', '', '', '', '', '', 'فنون ', '', '');
INSERT INTO `lk9v6_users` (`name`, `email`, `usertype`) VALUES ('ايه عبدالمنعم فتح الله عبدالعاطى ', '', 'الخريجين');
INSERT INTO `lk9v6_alumni_main` (`id`, `user_id`, `approved`) VALUES (237109, 237109, 1);
INSERT INTO `lk9v6_alumni_data` (`alumni_id`, `graduation_year`, `fid`, `job`, `address`, `city`, `country`, `phone`, `gid`, `mobile`, `nationalnumber`, `department`, `division`, `with_honor`) VALUES (237109, 2012, '23', '', '', '', '', '', '', '', '', 'فنون ', '', '');
INSERT INTO `lk9v6_users` (`name`, `email`, `usertype`) VALUES ('ايه على سيد احمد هلال عبيد ', '', 'الخريجين');
INSERT INTO `lk9v6_alumni_main` (`id`, `user_id`, `approved`) VALUES (237110, 237110, 1);
INSERT INTO `lk9v6_alumni_data` (`alumni_id`, `graduation_year`, `fid`, `job`, `address`, `city`, `country`, `phone`, `gid`, `mobile`, `nationalnumber`, `department`, `division`, `with_honor`) VALUES (237110, 2012, '23', '', '', '', '', '', '', '', '', 'فنون ', '', '');
INSERT INTO `lk9v6_users` (`name`, `email`, `usertype`) VALUES ('ايه عمرو محمد احمد عشرة ', '', 'الخريجين');
INSERT INTO `lk9v6_alumni_main` (`id`, `user_id`, `approved`) VALUES (237111, 237111, 1);
INSERT INTO `lk9v6_alumni_data` (`alumni_id`, `graduation_year`, `fid`, `job`, `address`, `city`, `country`, `phone`, `gid`, `mobile`, `nationalnumber`, `department`, `division`, `with_honor`) VALUES (237111, 2012, '23', '', '', '', '', '', '', '', '', 'فنون ', '', '');
INSERT INTO `lk9v6_users` (`name`, `email`, `usertype`) VALUES ('بسنت محمد عبدالحفيظ احمد ', '', 'الخريجين');
INSERT INTO `lk9v6_alumni_main` (`id`, `user_id`, `approved`) VALUES (237112, 237112, 1);
INSERT INTO `lk9v6_alumni_data` (`alumni_id`, `graduation_year`, `fid`, `job`, `address`, `city`, `country`, `phone`, `gid`, `mobile`, `nationalnumber`, `department`, `division`, `with_honor`) VALUES (237112, 2012, '23', '', '', '', '', '', '', '', '', 'فنون ', '', '');
INSERT INTO `lk9v6_users` (`name`, `email`, `usertype`) VALUES ('تغريد احمد على عينو ', '', 'الخريجين');
INSERT INTO `lk9v6_alumni_main` (`id`, `user_id`, `approved`) VALUES (237113, 237113, 1);
INSERT INTO `lk9v6_alumni_data` (`alumni_id`, `graduation_year`, `fid`, `job`, `address`, `city`, `country`, `phone`, `gid`, `mobile`, `nationalnumber`, `department`, `division`, `with_honor`) VALUES (237113, 2012, '23', '', '', '', '', '', '', '', '', 'فنون ', '', '');
INSERT INTO `lk9v6_users` (`name`, `email`, `usertype`) VALUES ('داليا عبدالمنعم محمد محمود ', '', 'الخريجين');
INSERT INTO `lk9v6_alumni_main` (`id`, `user_id`, `approved`) VALUES (237114, 237114, 1);
INSERT INTO `lk9v6_alumni_data` (`alumni_id`, `graduation_year`, `fid`, `job`, `address`, `city`, `country`, `phone`, `gid`, `mobile`, `nationalnumber`, `department`, `division`, `with_honor`) VALUES (237114, 2012, '23', '', '', '', '', '', '', '', '', 'فنون ', '', '');
INSERT INTO `lk9v6_users` (`name`, `email`, `usertype`) VALUES ('دنيا عبدالستار محمد احمد حسن ', '', 'الخريجين');
INSERT INTO `lk9v6_alumni_main` (`id`, `user_id`, `approved`) VALUES (237115, 237115, 1);
INSERT INTO `lk9v6_alumni_data` (`alumni_id`, `graduation_year`, `fid`, `job`, `address`, `city`, `country`, `phone`, `gid`, `mobile`, `nationalnumber`, `department`, `division`, `with_honor`) VALUES (237115, 2012, '23', '', '', '', '', '', '', '', '', 'فنون ', '', '');
INSERT INTO `lk9v6_users` (`name`, `email`, `usertype`) VALUES ('دنيا رمزى قرياقص عوض جرجس', '', 'الخريجين');
INSERT INTO `lk9v6_alumni_main` (`id`, `user_id`, `approved`) VALUES (237116, 237116, 1);
INSERT INTO `lk9v6_alumni_data` (`alumni_id`, `graduation_year`, `fid`, `job`, `address`, `city`, `country`, `phone`, `gid`, `mobile`, `nationalnumber`, `department`, `division`, `with_honor`) VALUES (237116, 2012, '23', '', '', '', '', '', '', '', '', 'فنون ', '', '');
INSERT INTO `lk9v6_users` (`name`, `email`, `usertype`) VALUES ('رانيا عاطف عبدالعزيز ابو داوود ', '', 'الخريجين');
INSERT INTO `lk9v6_alumni_main` (`id`, `user_id`, `approved`) VALUES (237117, 237117, 1);
INSERT INTO `lk9v6_alumni_data` (`alumni_id`, `graduation_year`, `fid`, `job`, `address`, `city`, `country`, `phone`, `gid`, `mobile`, `nationalnumber`, `department`, `division`, `with_honor`) VALUES (237117, 2012, '23', '', '', '', '', '', '', '', '', 'فنون ', '', '');
INSERT INTO `lk9v6_users` (`name`, `email`, `usertype`) VALUES ('رانيا على شحاتة جنيدي', '', 'الخريجين');
INSERT INTO `lk9v6_alumni_main` (`id`, `user_id`, `approved`) VALUES (237118, 237118, 1);
INSERT INTO `lk9v6_alumni_data` (`alumni_id`, `graduation_year`, `fid`, `job`, `address`, `city`, `country`, `phone`, `gid`, `mobile`, `nationalnumber`, `department`, `division`, `with_honor`) VALUES (237118, 2012, '23', '', '', '', '', '', '', '', '', 'فنون ', '', '');
INSERT INTO `lk9v6_users` (`name`, `email`, `usertype`) VALUES ('رحاب احمد كامل يوسف رجب ', '', 'الخريجين');
INSERT INTO `lk9v6_alumni_main` (`id`, `user_id`, `approved`) VALUES (237119, 237119, 1);
INSERT INTO `lk9v6_alumni_data` (`alumni_id`, `graduation_year`, `fid`, `job`, `address`, `city`, `country`, `phone`, `gid`, `mobile`, `nationalnumber`, `department`, `division`, `with_honor`) VALUES (237119, 2012, '23', '', '', '', '', '', '', '', '', 'فنون ', '', '');
INSERT INTO `lk9v6_users` (`name`, `email`, `usertype`) VALUES ('رغده احمد محمد احمد مخيمر ', '', 'الخريجين');
INSERT INTO `lk9v6_alumni_main` (`id`, `user_id`, `approved`) VALUES (237120, 237120, 1);
INSERT INTO `lk9v6_alumni_data` (`alumni_id`, `graduation_year`, `fid`, `job`, `address`, `city`, `country`, `phone`, `gid`, `mobile`, `nationalnumber`, `department`, `division`, `with_honor`) VALUES (237120, 2012, '23', '', '', '', '', '', '', '', '', 'فنون ', '', '');
INSERT INTO `lk9v6_users` (`name`, `email`, `usertype`) VALUES ('رنا احمد عزت عبدالمنعم عبدالمطلب ', '', 'الخريجين');
INSERT INTO `lk9v6_alumni_main` (`id`, `user_id`, `approved`) VALUES (237121, 237121, 1);
INSERT INTO `lk9v6_alumni_data` (`alumni_id`, `graduation_year`, `fid`, `job`, `address`, `city`, `country`, `phone`, `gid`, `mobile`, `nationalnumber`, `department`, `division`, `with_honor`) VALUES (237121, 2012, '23', '', '', '', '', '', '', '', '', 'فنون ', '', '');
INSERT INTO `lk9v6_users` (`name`, `email`, `usertype`) VALUES ('زينب مهاب عبدالمنعم محمود موافى', '', 'الخريجين');
INSERT INTO `lk9v6_alumni_main` (`id`, `user_id`, `approved`) VALUES (237122, 237122, 1);
INSERT INTO `lk9v6_alumni_data` (`alumni_id`, `graduation_year`, `fid`, `job`, `address`, `city`, `country`, `phone`, `gid`, `mobile`, `nationalnumber`, `department`, `division`, `with_honor`) VALUES (237122, 2012, '23', '', '', '', '', '', '', '', '', 'فنون ', '', '');
INSERT INTO `lk9v6_users` (`name`, `email`, `usertype`) VALUES ('سارة ابراهيم محمد ابراهيم خيري ', '', 'الخريجين');
INSERT INTO `lk9v6_alumni_main` (`id`, `user_id`, `approved`) VALUES (237123, 237123, 1);
INSERT INTO `lk9v6_alumni_data` (`alumni_id`, `graduation_year`, `fid`, `job`, `address`, `city`, `country`, `phone`, `gid`, `mobile`, `nationalnumber`, `department`, `division`, `with_honor`) VALUES (237123, 2012, '23', '', '', '', '', '', '', '', '', 'فنون ', '', '');
INSERT INTO `lk9v6_users` (`name`, `email`, `usertype`) VALUES ('سارة رمضان عبدالحميد محمد عبده ', '', 'الخريجين');
INSERT INTO `lk9v6_alumni_main` (`id`, `user_id`, `approved`) VALUES (237124, 237124, 1);
INSERT INTO `lk9v6_alumni_data` (`alumni_id`, `graduation_year`, `fid`, `job`, `address`, `city`, `country`, `phone`, `gid`, `mobile`, `nationalnumber`, `department`, `division`, `with_honor`) VALUES (237124, 2012, '23', '', '', '', '', '', '', '', '', 'فنون ', '', '');
INSERT INTO `lk9v6_users` (`name`, `email`, `usertype`) VALUES ('سارة سعيد محمد صالح ابو صوار ', '', 'الخريجين');
INSERT INTO `lk9v6_alumni_main` (`id`, `user_id`, `approved`) VALUES (237125, 237125, 1);
INSERT INTO `lk9v6_alumni_data` (`alumni_id`, `graduation_year`, `fid`, `job`, `address`, `city`, `country`, `phone`, `gid`, `mobile`, `nationalnumber`, `department`, `division`, `with_honor`) VALUES (237125, 2012, '23', '', '', '', '', '', '', '', '', 'فنون ', '', '');
INSERT INTO `lk9v6_users` (`name`, `email`, `usertype`) VALUES ('سارة محمد عبدالفتاح على المعلاوى ', '', 'الخريجين');
INSERT INTO `lk9v6_alumni_main` (`id`, `user_id`, `approved`) VALUES (237126, 237126, 1);
INSERT INTO `lk9v6_alumni_data` (`alumni_id`, `graduation_year`, `fid`, `job`, `address`, `city`, `country`, `phone`, `gid`, `mobile`, `nationalnumber`, `department`, `division`, `with_honor`) VALUES (237126, 2012, '23', '', '', '', '', '', '', '', '', 'فنون ', '', '');
INSERT INTO `lk9v6_users` (`name`, `email`, `usertype`) VALUES ('سعاد محمد عبدالسلام سيد احمد ', '', 'الخريجين');
INSERT INTO `lk9v6_alumni_main` (`id`, `user_id`, `approved`) VALUES (237127, 237127, 1);
INSERT INTO `lk9v6_alumni_data` (`alumni_id`, `graduation_year`, `fid`, `job`, `address`, `city`, `country`, `phone`, `gid`, `mobile`, `nationalnumber`, `department`, `division`, `with_honor`) VALUES (237127, 2012, '23', '', '', '', '', '', '', '', '', 'فنون ', '', '');
INSERT INTO `lk9v6_users` (`name`, `email`, `usertype`) VALUES ('سمر جمال عبدالمولى ابراهيم', '', 'الخريجين');
INSERT INTO `lk9v6_alumni_main` (`id`, `user_id`, `approved`) VALUES (237128, 237128, 1);
INSERT INTO `lk9v6_alumni_data` (`alumni_id`, `graduation_year`, `fid`, `job`, `address`, `city`, `country`, `phone`, `gid`, `mobile`, `nationalnumber`, `department`, `division`, `with_honor`) VALUES (237128, 2012, '23', '', '', '', '', '', '', '', '', 'فنون ', '', '');
INSERT INTO `lk9v6_users` (`name`, `email`, `usertype`) VALUES ('سناء محمد محمد صبره ', '', 'الخريجين');
INSERT INTO `lk9v6_alumni_main` (`id`, `user_id`, `approved`) VALUES (237129, 237129, 1);
INSERT INTO `lk9v6_alumni_data` (`alumni_id`, `graduation_year`, `fid`, `job`, `address`, `city`, `country`, `phone`, `gid`, `mobile`, `nationalnumber`, `department`, `division`, `with_honor`) VALUES (237129, 2012, '23', '', '', '', '', '', '', '', '', 'فنون ', '', '');
INSERT INTO `lk9v6_users` (`name`, `email`, `usertype`) VALUES ('شزى عاصم عبدالستار قرنى نصر ', '', 'الخريجين');
INSERT INTO `lk9v6_alumni_main` (`id`, `user_id`, `approved`) VALUES (237130, 237130, 1);
INSERT INTO `lk9v6_alumni_data` (`alumni_id`, `graduation_year`, `fid`, `job`, `address`, `city`, `country`, `phone`, `gid`, `mobile`, `nationalnumber`, `department`, `division`, `with_honor`) VALUES (237130, 2012, '23', '', '', '', '', '', '', '', '', 'فنون ', '', '');
INSERT INTO `lk9v6_users` (`name`, `email`, `usertype`) VALUES ('شيماء حسن حسنى على حموده ', '', 'الخريجين');
INSERT INTO `lk9v6_alumni_main` (`id`, `user_id`, `approved`) VALUES (237131, 237131, 1);
INSERT INTO `lk9v6_alumni_data` (`alumni_id`, `graduation_year`, `fid`, `job`, `address`, `city`, `country`, `phone`, `gid`, `mobile`, `nationalnumber`, `department`, `division`, `with_honor`) VALUES (237131, 2012, '23', '', '', '', '', '', '', '', '', 'فنون ', '', '');
INSERT INTO `lk9v6_users` (`name`, `email`, `usertype`) VALUES ('شيماء محمد عبدالحميد مصطفى عثمان ', '', 'الخريجين');
INSERT INTO `lk9v6_alumni_main` (`id`, `user_id`, `approved`) VALUES (237132, 237132, 1);
INSERT INTO `lk9v6_alumni_data` (`alumni_id`, `graduation_year`, `fid`, `job`, `address`, `city`, `country`, `phone`, `gid`, `mobile`, `nationalnumber`, `department`, `division`, `with_honor`) VALUES (237132, 2012, '23', '', '', '', '', '', '', '', '', 'فنون ', '', '');
INSERT INTO `lk9v6_users` (`name`, `email`, `usertype`) VALUES ('صفاء ايمن على محمد احمد صالح ', '', 'الخريجين');
INSERT INTO `lk9v6_alumni_main` (`id`, `user_id`, `approved`) VALUES (237133, 237133, 1);
INSERT INTO `lk9v6_alumni_data` (`alumni_id`, `graduation_year`, `fid`, `job`, `address`, `city`, `country`, `phone`, `gid`, `mobile`, `nationalnumber`, `department`, `division`, `with_honor`) VALUES (237133, 2012, '23', '', '', '', '', '', '', '', '', 'فنون ', '', '');
INSERT INTO `lk9v6_users` (`name`, `email`, `usertype`) VALUES ('ضحى محمد حسن ابراهيم ابوالفتح ', '', 'الخريجين');
INSERT INTO `lk9v6_alumni_main` (`id`, `user_id`, `approved`) VALUES (237134, 237134, 1);
INSERT INTO `lk9v6_alumni_data` (`alumni_id`, `graduation_year`, `fid`, `job`, `address`, `city`, `country`, `phone`, `gid`, `mobile`, `nationalnumber`, `department`, `division`, `with_honor`) VALUES (237134, 2012, '23', '', '', '', '', '', '', '', '', 'فنون ', '', '');
INSERT INTO `lk9v6_users` (`name`, `email`, `usertype`) VALUES ('عبدالرحمن عادل عبدالله محمد عبدالله ', '', 'الخريجين');
INSERT INTO `lk9v6_alumni_main` (`id`, `user_id`, `approved`) VALUES (237135, 237135, 1);
INSERT INTO `lk9v6_alumni_data` (`alumni_id`, `graduation_year`, `fid`, `job`, `address`, `city`, `country`, `phone`, `gid`, `mobile`, `nationalnumber`, `department`, `division`, `with_honor`) VALUES (237135, 2012, '23', '', '', '', '', '', '', '', '', 'فنون ', '', '');
INSERT INTO `lk9v6_users` (`name`, `email`, `usertype`) VALUES ('عزه حسن سالم محمد سالم ', '', 'الخريجين');
INSERT INTO `lk9v6_alumni_main` (`id`, `user_id`, `approved`) VALUES (237136, 237136, 1);
INSERT INTO `lk9v6_alumni_data` (`alumni_id`, `graduation_year`, `fid`, `job`, `address`, `city`, `country`, `phone`, `gid`, `mobile`, `nationalnumber`, `department`, `division`, `with_honor`) VALUES (237136, 2012, '23', '', '', '', '', '', '', '', '', 'فنون ', '', '');
INSERT INTO `lk9v6_users` (`name`, `email`, `usertype`) VALUES ('علياء عبدالمحسن عبداللطيف قاسم ', '', 'الخريجين');
INSERT INTO `lk9v6_alumni_main` (`id`, `user_id`, `approved`) VALUES (237137, 237137, 1);
INSERT INTO `lk9v6_alumni_data` (`alumni_id`, `graduation_year`, `fid`, `job`, `address`, `city`, `country`, `phone`, `gid`, `mobile`, `nationalnumber`, `department`, `division`, `with_honor`) VALUES (237137, 2012, '23', '', '', '', '', '', '', '', '', 'فنون ', '', '');
INSERT INTO `lk9v6_users` (`name`, `email`, `usertype`) VALUES ('فاطمة سنهورى صالح عبده ابوراس', '', 'الخريجين');
INSERT INTO `lk9v6_alumni_main` (`id`, `user_id`, `approved`) VALUES (237138, 237138, 1);
INSERT INTO `lk9v6_alumni_data` (`alumni_id`, `graduation_year`, `fid`, `job`, `address`, `city`, `country`, `phone`, `gid`, `mobile`, `nationalnumber`, `department`, `division`, `with_honor`) VALUES (237138, 2012, '23', '', '', '', '', '', '', '', '', 'فنون ', '', '');
INSERT INTO `lk9v6_users` (`name`, `email`, `usertype`) VALUES ('كارلا نبيل ولس تادرس روفائيل ', '', 'الخريجين');
INSERT INTO `lk9v6_alumni_main` (`id`, `user_id`, `approved`) VALUES (237139, 237139, 1);
INSERT INTO `lk9v6_alumni_data` (`alumni_id`, `graduation_year`, `fid`, `job`, `address`, `city`, `country`, `phone`, `gid`, `mobile`, `nationalnumber`, `department`, `division`, `with_honor`) VALUES (237139, 2012, '23', '', '', '', '', '', '', '', '', 'فنون ', '', '');
INSERT INTO `lk9v6_users` (`name`, `email`, `usertype`) VALUES ('كيرلس سمير كامل خليل ', '', 'الخريجين');
INSERT INTO `lk9v6_alumni_main` (`id`, `user_id`, `approved`) VALUES (237140, 237140, 1);
INSERT INTO `lk9v6_alumni_data` (`alumni_id`, `graduation_year`, `fid`, `job`, `address`, `city`, `country`, `phone`, `gid`, `mobile`, `nationalnumber`, `department`, `division`, `with_honor`) VALUES (237140, 2012, '23', '', '', '', '', '', '', '', '', 'فنون ', '', '');
INSERT INTO `lk9v6_users` (`name`, `email`, `usertype`) VALUES ('ماجى ابهج ناجى لويس ', '', 'الخريجين');
INSERT INTO `lk9v6_alumni_main` (`id`, `user_id`, `approved`) VALUES (237141, 237141, 1);
INSERT INTO `lk9v6_alumni_data` (`alumni_id`, `graduation_year`, `fid`, `job`, `address`, `city`, `country`, `phone`, `gid`, `mobile`, `nationalnumber`, `department`, `division`, `with_honor`) VALUES (237141, 2012, '23', '', '', '', '', '', '', '', '', 'فنون ', '', '');
INSERT INTO `lk9v6_users` (`name`, `email`, `usertype`) VALUES ('مارو حليم ابراهيم شنوده عوض', '', 'الخريجين');
INSERT INTO `lk9v6_alumni_main` (`id`, `user_id`, `approved`) VALUES (237142, 237142, 1);
INSERT INTO `lk9v6_alumni_data` (`alumni_id`, `graduation_year`, `fid`, `job`, `address`, `city`, `country`, `phone`, `gid`, `mobile`, `nationalnumber`, `department`, `division`, `with_honor`) VALUES (237142, 2012, '23', '', '', '', '', '', '', '', '', 'فنون ', '', '');
INSERT INTO `lk9v6_users` (`name`, `email`, `usertype`) VALUES ('مروة احمد صالح على ', '', 'الخريجين');
INSERT INTO `lk9v6_alumni_main` (`id`, `user_id`, `approved`) VALUES (237143, 237143, 1);
INSERT INTO `lk9v6_alumni_data` (`alumni_id`, `graduation_year`, `fid`, `job`, `address`, `city`, `country`, `phone`, `gid`, `mobile`, `nationalnumber`, `department`, `division`, `with_honor`) VALUES (237143, 2012, '23', '', '', '', '', '', '', '', '', 'فنون ', '', '');
INSERT INTO `lk9v6_users` (`name`, `email`, `usertype`) VALUES ('مروة مصطفى محمد سعد ابراهيم ', '', 'الخريجين');
INSERT INTO `lk9v6_alumni_main` (`id`, `user_id`, `approved`) VALUES (237144, 237144, 1);
INSERT INTO `lk9v6_alumni_data` (`alumni_id`, `graduation_year`, `fid`, `job`, `address`, `city`, `country`, `phone`, `gid`, `mobile`, `nationalnumber`, `department`, `division`, `with_honor`) VALUES (237144, 2012, '23', '', '', '', '', '', '', '', '', 'فنون ', '', '');
INSERT INTO `lk9v6_users` (`name`, `email`, `usertype`) VALUES ('مروة مظهر محمد محمود', '', 'الخريجين');
INSERT INTO `lk9v6_alumni_main` (`id`, `user_id`, `approved`) VALUES (237145, 237145, 1);
INSERT INTO `lk9v6_alumni_data` (`alumni_id`, `graduation_year`, `fid`, `job`, `address`, `city`, `country`, `phone`, `gid`, `mobile`, `nationalnumber`, `department`, `division`, `with_honor`) VALUES (237145, 2012, '23', '', '', '', '', '', '', '', '', 'فنون ', '', '');
INSERT INTO `lk9v6_users` (`name`, `email`, `usertype`) VALUES ('مريم محمد محمد توفيق الفجال', '', 'الخريجين');
INSERT INTO `lk9v6_alumni_main` (`id`, `user_id`, `approved`) VALUES (237146, 237146, 1);
INSERT INTO `lk9v6_alumni_data` (`alumni_id`, `graduation_year`, `fid`, `job`, `address`, `city`, `country`, `phone`, `gid`, `mobile`, `nationalnumber`, `department`, `division`, `with_honor`) VALUES (237146, 2012, '23', '', '', '', '', '', '', '', '', 'فنون ', '', '');
INSERT INTO `lk9v6_users` (`name`, `email`, `usertype`) VALUES ('منال اسماعيل محمد حبيب ', '', 'الخريجين');
INSERT INTO `lk9v6_alumni_main` (`id`, `user_id`, `approved`) VALUES (237147, 237147, 1);
INSERT INTO `lk9v6_alumni_data` (`alumni_id`, `graduation_year`, `fid`, `job`, `address`, `city`, `country`, `phone`, `gid`, `mobile`, `nationalnumber`, `department`, `division`, `with_honor`) VALUES (237147, 2012, '23', '', '', '', '', '', '', '', '', 'فنون ', '', '');
INSERT INTO `lk9v6_users` (`name`, `email`, `usertype`) VALUES ('منه الله رمضان رمضان ابراهيم ', '', 'الخريجين');
INSERT INTO `lk9v6_alumni_main` (`id`, `user_id`, `approved`) VALUES (237148, 237148, 1);
INSERT INTO `lk9v6_alumni_data` (`alumni_id`, `graduation_year`, `fid`, `job`, `address`, `city`, `country`, `phone`, `gid`, `mobile`, `nationalnumber`, `department`, `division`, `with_honor`) VALUES (237148, 2012, '23', '', '', '', '', '', '', '', '', 'فنون ', '', '');
INSERT INTO `lk9v6_users` (`name`, `email`, `usertype`) VALUES ('منى حسن محمد عبدالهادى السيد رمضان ', '', 'الخريجين');
INSERT INTO `lk9v6_alumni_main` (`id`, `user_id`, `approved`) VALUES (237149, 237149, 1);
INSERT INTO `lk9v6_alumni_data` (`alumni_id`, `graduation_year`, `fid`, `job`, `address`, `city`, `country`, `phone`, `gid`, `mobile`, `nationalnumber`, `department`, `division`, `with_honor`) VALUES (237149, 2012, '23', '', '', '', '', '', '', '', '', 'فنون ', '', '');
INSERT INTO `lk9v6_users` (`name`, `email`, `usertype`) VALUES ('منى محمد عبد المعطى اما السيد ', '', 'الخريجين');
INSERT INTO `lk9v6_alumni_main` (`id`, `user_id`, `approved`) VALUES (237150, 237150, 1);
INSERT INTO `lk9v6_alumni_data` (`alumni_id`, `graduation_year`, `fid`, `job`, `address`, `city`, `country`, `phone`, `gid`, `mobile`, `nationalnumber`, `department`, `division`, `with_honor`) VALUES (237150, 2012, '23', '', '', '', '', '', '', '', '', 'فنون ', '', '');
INSERT INTO `lk9v6_users` (`name`, `email`, `usertype`) VALUES ('مها عبدالفتاحمحمد ابراهيم زيتون ', '', 'الخريجين');
INSERT INTO `lk9v6_alumni_main` (`id`, `user_id`, `approved`) VALUES (237151, 237151, 1);
INSERT INTO `lk9v6_alumni_data` (`alumni_id`, `graduation_year`, `fid`, `job`, `address`, `city`, `country`, `phone`, `gid`, `mobile`, `nationalnumber`, `department`, `division`, `with_honor`) VALUES (237151, 2012, '23', '', '', '', '', '', '', '', '', 'فنون ', '', '');
INSERT INTO `lk9v6_users` (`name`, `email`, `usertype`) VALUES ('مها محمد جابر جمعة ', '', 'الخريجين');
INSERT INTO `lk9v6_alumni_main` (`id`, `user_id`, `approved`) VALUES (237152, 237152, 1);
INSERT INTO `lk9v6_alumni_data` (`alumni_id`, `graduation_year`, `fid`, `job`, `address`, `city`, `country`, `phone`, `gid`, `mobile`, `nationalnumber`, `department`, `division`, `with_honor`) VALUES (237152, 2012, '23', '', '', '', '', '', '', '', '', 'فنون ', '', '');
INSERT INTO `lk9v6_users` (`name`, `email`, `usertype`) VALUES ('مى احمد عبدالمعطى احمد خميس ', '', 'الخريجين');
INSERT INTO `lk9v6_alumni_main` (`id`, `user_id`, `approved`) VALUES (237153, 237153, 1);
INSERT INTO `lk9v6_alumni_data` (`alumni_id`, `graduation_year`, `fid`, `job`, `address`, `city`, `country`, `phone`, `gid`, `mobile`, `nationalnumber`, `department`, `division`, `with_honor`) VALUES (237153, 2012, '23', '', '', '', '', '', '', '', '', 'فنون ', '', '');
INSERT INTO `lk9v6_users` (`name`, `email`, `usertype`) VALUES ('مى مجدى رشا طه مصطفى ', '', 'الخريجين');
INSERT INTO `lk9v6_alumni_main` (`id`, `user_id`, `approved`) VALUES (237154, 237154, 1);
INSERT INTO `lk9v6_alumni_data` (`alumni_id`, `graduation_year`, `fid`, `job`, `address`, `city`, `country`, `phone`, `gid`, `mobile`, `nationalnumber`, `department`, `division`, `with_honor`) VALUES (237154, 2012, '23', '', '', '', '', '', '', '', '', 'فنون ', '', '');
INSERT INTO `lk9v6_users` (`name`, `email`, `usertype`) VALUES ('مى محمد ابراهيم محمود حماد ', '', 'الخريجين');
INSERT INTO `lk9v6_alumni_main` (`id`, `user_id`, `approved`) VALUES (237155, 237155, 1);
INSERT INTO `lk9v6_alumni_data` (`alumni_id`, `graduation_year`, `fid`, `job`, `address`, `city`, `country`, `phone`, `gid`, `mobile`, `nationalnumber`, `department`, `division`, `with_honor`) VALUES (237155, 2012, '23', '', '', '', '', '', '', '', '', 'فنون ', '', '');
INSERT INTO `lk9v6_users` (`name`, `email`, `usertype`) VALUES ('نرمين مدحت بهجت عبدالحميد على', '', 'الخريجين');
INSERT INTO `lk9v6_alumni_main` (`id`, `user_id`, `approved`) VALUES (237156, 237156, 1);
INSERT INTO `lk9v6_alumni_data` (`alumni_id`, `graduation_year`, `fid`, `job`, `address`, `city`, `country`, `phone`, `gid`, `mobile`, `nationalnumber`, `department`, `division`, `with_honor`) VALUES (237156, 2012, '23', '', '', '', '', '', '', '', '', 'فنون ', '', '');
INSERT INTO `lk9v6_users` (`name`, `email`, `usertype`) VALUES ('نرمين مصطفى محمد امين ', '', 'الخريجين');
INSERT INTO `lk9v6_alumni_main` (`id`, `user_id`, `approved`) VALUES (237157, 237157, 1);
INSERT INTO `lk9v6_alumni_data` (`alumni_id`, `graduation_year`, `fid`, `job`, `address`, `city`, `country`, `phone`, `gid`, `mobile`, `nationalnumber`, `department`, `division`, `with_honor`) VALUES (237157, 2012, '23', '', '', '', '', '', '', '', '', 'فنون ', '', '');
INSERT INTO `lk9v6_users` (`name`, `email`, `usertype`) VALUES ('نهال خليل عبد الرحمن ابراهيم ', '', 'الخريجين');
INSERT INTO `lk9v6_alumni_main` (`id`, `user_id`, `approved`) VALUES (237158, 237158, 1);
INSERT INTO `lk9v6_alumni_data` (`alumni_id`, `graduation_year`, `fid`, `job`, `address`, `city`, `country`, `phone`, `gid`, `mobile`, `nationalnumber`, `department`, `division`, `with_honor`) VALUES (237158, 2012, '23', '', '', '', '', '', '', '', '', 'فنون ', '', '');
INSERT INTO `lk9v6_users` (`name`, `email`, `usertype`) VALUES ('نهال سعيد ابراهيم محمد عبدالخالق ', '', 'الخريجين');
INSERT INTO `lk9v6_alumni_main` (`id`, `user_id`, `approved`) VALUES (237159, 237159, 1);
INSERT INTO `lk9v6_alumni_data` (`alumni_id`, `graduation_year`, `fid`, `job`, `address`, `city`, `country`, `phone`, `gid`, `mobile`, `nationalnumber`, `department`, `division`, `with_honor`) VALUES (237159, 2012, '23', '', '', '', '', '', '', '', '', 'فنون ', '', '');
INSERT INTO `lk9v6_users` (`name`, `email`, `usertype`) VALUES ('نهى يحيي جمعة محمد احمد ', '', 'الخريجين');
INSERT INTO `lk9v6_alumni_main` (`id`, `user_id`, `approved`) VALUES (237160, 237160, 1);
INSERT INTO `lk9v6_alumni_data` (`alumni_id`, `graduation_year`, `fid`, `job`, `address`, `city`, `country`, `phone`, `gid`, `mobile`, `nationalnumber`, `department`, `division`, `with_honor`) VALUES (237160, 2012, '23', '', '', '', '', '', '', '', '', 'فنون ', '', '');
INSERT INTO `lk9v6_users` (`name`, `email`, `usertype`) VALUES ('نور الهدى فتح الله عبدالغنى فتح الله ', '', 'الخريجين');
INSERT INTO `lk9v6_alumni_main` (`id`, `user_id`, `approved`) VALUES (237161, 237161, 1);
INSERT INTO `lk9v6_alumni_data` (`alumni_id`, `graduation_year`, `fid`, `job`, `address`, `city`, `country`, `phone`, `gid`, `mobile`, `nationalnumber`, `department`, `division`, `with_honor`) VALUES (237161, 2012, '23', '', '', '', '', '', '', '', '', 'فنون ', '', '');
INSERT INTO `lk9v6_users` (`name`, `email`, `usertype`) VALUES ('نورهان وجيه عبدالحميد عبده ', '', 'الخريجين');
INSERT INTO `lk9v6_alumni_main` (`id`, `user_id`, `approved`) VALUES (237162, 237162, 1);
INSERT INTO `lk9v6_alumni_data` (`alumni_id`, `graduation_year`, `fid`, `job`, `address`, `city`, `country`, `phone`, `gid`, `mobile`, `nationalnumber`, `department`, `division`, `with_honor`) VALUES (237162, 2012, '23', '', '', '', '', '', '', '', '', 'فنون ', '', '');
INSERT INTO `lk9v6_users` (`name`, `email`, `usertype`) VALUES ('هبه الله محمد محمد احمد عبدالنبي ', '', 'الخريجين');
INSERT INTO `lk9v6_alumni_main` (`id`, `user_id`, `approved`) VALUES (237163, 237163, 1);
INSERT INTO `lk9v6_alumni_data` (`alumni_id`, `graduation_year`, `fid`, `job`, `address`, `city`, `country`, `phone`, `gid`, `mobile`, `nationalnumber`, `department`, `division`, `with_honor`) VALUES (237163, 2012, '23', '', '', '', '', '', '', '', '', 'فنون ', '', '');
INSERT INTO `lk9v6_users` (`name`, `email`, `usertype`) VALUES ('هدير احمد خميس حمورى ', '', 'الخريجين');
INSERT INTO `lk9v6_alumni_main` (`id`, `user_id`, `approved`) VALUES (237164, 237164, 1);
INSERT INTO `lk9v6_alumni_data` (`alumni_id`, `graduation_year`, `fid`, `job`, `address`, `city`, `country`, `phone`, `gid`, `mobile`, `nationalnumber`, `department`, `division`, `with_honor`) VALUES (237164, 2012, '23', '', '', '', '', '', '', '', '', 'فنون ', '', '');
INSERT INTO `lk9v6_users` (`name`, `email`, `usertype`) VALUES ('وفاء طارق احمد اليرقار ', '', 'الخريجين');
INSERT INTO `lk9v6_alumni_main` (`id`, `user_id`, `approved`) VALUES (237165, 237165, 1);
INSERT INTO `lk9v6_alumni_data` (`alumni_id`, `graduation_year`, `fid`, `job`, `address`, `city`, `country`, `phone`, `gid`, `mobile`, `nationalnumber`, `department`, `division`, `with_honor`) VALUES (237165, 2012, '23', '', '', '', '', '', '', '', '', 'فنون ', '', '');
INSERT INTO `lk9v6_users` (`name`, `email`, `usertype`) VALUES ('ياسمين محمد فتحى سالم مصطفى ', '', 'الخريجين');
INSERT INTO `lk9v6_alumni_main` (`id`, `user_id`, `approved`) VALUES (237166, 237166, 1);
INSERT INTO `lk9v6_alumni_data` (`alumni_id`, `graduation_year`, `fid`, `job`, `address`, `city`, `country`, `phone`, `gid`, `mobile`, `nationalnumber`, `department`, `division`, `with_honor`) VALUES (237166, 2012, '23', '', '', '', '', '', '', '', '', 'فنون ', '', '');
INSERT INTO `lk9v6_users` (`name`, `email`, `usertype`) VALUES ('ياسمين مسعد محمود عبدالعاطى غريب ', '', 'الخريجين');
INSERT INTO `lk9v6_alumni_main` (`id`, `user_id`, `approved`) VALUES (237167, 237167, 1);
INSERT INTO `lk9v6_alumni_data` (`alumni_id`, `graduation_year`, `fid`, `job`, `address`, `city`, `country`, `phone`, `gid`, `mobile`, `nationalnumber`, `department`, `division`, `with_honor`) VALUES (237167, 2012, '23', '', '', '', '', '', '', '', '', 'فنون ', '', '');
INSERT INTO `lk9v6_users` (`name`, `email`, `usertype`) VALUES ('يمنى محمد ايهاب ابراهيم محمد درويش ', '', 'الخريجين');
INSERT INTO `lk9v6_alumni_main` (`id`, `user_id`, `approved`) VALUES (237168, 237168, 1);
INSERT INTO `lk9v6_alumni_data` (`alumni_id`, `graduation_year`, `fid`, `job`, `address`, `city`, `country`, `phone`, `gid`, `mobile`, `nationalnumber`, `department`, `division`, `with_honor`) VALUES (237168, 2012, '23', '', '', '', '', '', '', '', '', 'فنون ', '', '');
INSERT INTO `lk9v6_users` (`name`, `email`, `usertype`) VALUES ('داليا حسن على محمد حسنين ', '', 'الخريجين');
INSERT INTO `lk9v6_alumni_main` (`id`, `user_id`, `approved`) VALUES (237169, 237169, 1);
INSERT INTO `lk9v6_alumni_data` (`alumni_id`, `graduation_year`, `fid`, `job`, `address`, `city`, `country`, `phone`, `gid`, `mobile`, `nationalnumber`, `department`, `division`, `with_honor`) VALUES (237169, 2012, '23', '', '', '', '', '', '', '', '', 'فنون ', '', '');
INSERT INTO `lk9v6_users` (`name`, `email`, `usertype`) VALUES ('هيام عاشور اسماعيل محمد ', '', 'الخريجين');
INSERT INTO `lk9v6_alumni_main` (`id`, `user_id`, `approved`) VALUES (237170, 237170, 1);
INSERT INTO `lk9v6_alumni_data` (`alumni_id`, `graduation_year`, `fid`, `job`, `address`, `city`, `country`, `phone`, `gid`, `mobile`, `nationalnumber`, `department`, `division`, `with_honor`) VALUES (237170, 2012, '23', '', '', '', '', '', '', '', '', 'فنون ', '', '');
INSERT INTO `lk9v6_users` (`name`, `email`, `usertype`) VALUES ('ياسمين احمد عيسي عيسي قنبر ', '', 'الخريجين');
INSERT INTO `lk9v6_alumni_main` (`id`, `user_id`, `approved`) VALUES (237171, 237171, 1);
INSERT INTO `lk9v6_alumni_data` (`alumni_id`, `graduation_year`, `fid`, `job`, `address`, `city`, `country`, `phone`, `gid`, `mobile`, `nationalnumber`, `department`, `division`, `with_honor`) VALUES (237171, 2012, '23', '', '', '', '', '', '', '', '', 'فنون ', '', '');
INSERT INTO `lk9v6_users` (`name`, `email`, `usertype`) VALUES ('الاء السيد عبد الفتاح ابراهيم متولى ', '', 'الخريجين');
INSERT INTO `lk9v6_alumni_main` (`id`, `user_id`, `approved`) VALUES (237172, 237172, 1);
INSERT INTO `lk9v6_alumni_data` (`alumni_id`, `graduation_year`, `fid`, `job`, `address`, `city`, `country`, `phone`, `gid`, `mobile`, `nationalnumber`, `department`, `division`, `with_honor`) VALUES (237172, 2012, '23', '', '', '', '', '', '', '', '', 'موسيقى ', '', '');
INSERT INTO `lk9v6_users` (`name`, `email`, `usertype`) VALUES ('امانى عبدالله على حموده ', '', 'الخريجين');
INSERT INTO `lk9v6_alumni_main` (`id`, `user_id`, `approved`) VALUES (237173, 237173, 1);
INSERT INTO `lk9v6_alumni_data` (`alumni_id`, `graduation_year`, `fid`, `job`, `address`, `city`, `country`, `phone`, `gid`, `mobile`, `nationalnumber`, `department`, `division`, `with_honor`) VALUES (237173, 2012, '23', '', '', '', '', '', '', '', '', 'موسيقى ', '', '');
INSERT INTO `lk9v6_users` (`name`, `email`, `usertype`) VALUES ('امنية يوسف محمد يوسف ', '', 'الخريجين');
INSERT INTO `lk9v6_alumni_main` (`id`, `user_id`, `approved`) VALUES (237174, 237174, 1);
INSERT INTO `lk9v6_alumni_data` (`alumni_id`, `graduation_year`, `fid`, `job`, `address`, `city`, `country`, `phone`, `gid`, `mobile`, `nationalnumber`, `department`, `division`, `with_honor`) VALUES (237174, 2012, '23', '', '', '', '', '', '', '', '', 'موسيقى ', '', '');
INSERT INTO `lk9v6_users` (`name`, `email`, `usertype`) VALUES ('ايمان جمال عبدالفتاح موسي عبيد ', '', 'الخريجين');
INSERT INTO `lk9v6_alumni_main` (`id`, `user_id`, `approved`) VALUES (237175, 237175, 1);
INSERT INTO `lk9v6_alumni_data` (`alumni_id`, `graduation_year`, `fid`, `job`, `address`, `city`, `country`, `phone`, `gid`, `mobile`, `nationalnumber`, `department`, `division`, `with_honor`) VALUES (237175, 2012, '23', '', '', '', '', '', '', '', '', 'موسيقى ', '', '');
INSERT INTO `lk9v6_users` (`name`, `email`, `usertype`) VALUES ('بسمة صالح مسعود محمد ', '', 'الخريجين');
INSERT INTO `lk9v6_alumni_main` (`id`, `user_id`, `approved`) VALUES (237176, 237176, 1);
INSERT INTO `lk9v6_alumni_data` (`alumni_id`, `graduation_year`, `fid`, `job`, `address`, `city`, `country`, `phone`, `gid`, `mobile`, `nationalnumber`, `department`, `division`, `with_honor`) VALUES (237176, 2012, '23', '', '', '', '', '', '', '', '', 'موسيقى ', '', '');
INSERT INTO `lk9v6_users` (`name`, `email`, `usertype`) VALUES ('رامى احمد السيد محمد سمك ', '', 'الخريجين');
INSERT INTO `lk9v6_alumni_main` (`id`, `user_id`, `approved`) VALUES (237177, 237177, 1);
INSERT INTO `lk9v6_alumni_data` (`alumni_id`, `graduation_year`, `fid`, `job`, `address`, `city`, `country`, `phone`, `gid`, `mobile`, `nationalnumber`, `department`, `division`, `with_honor`) VALUES (237177, 2012, '23', '', '', '', '', '', '', '', '', 'موسيقى ', '', '');
INSERT INTO `lk9v6_users` (`name`, `email`, `usertype`) VALUES ('ريهام محمد حسن عبدالله ', '', 'الخريجين');
INSERT INTO `lk9v6_alumni_main` (`id`, `user_id`, `approved`) VALUES (237178, 237178, 1);
INSERT INTO `lk9v6_alumni_data` (`alumni_id`, `graduation_year`, `fid`, `job`, `address`, `city`, `country`, `phone`, `gid`, `mobile`, `nationalnumber`, `department`, `division`, `with_honor`) VALUES (237178, 2012, '23', '', '', '', '', '', '', '', '', 'موسيقى ', '', '');
INSERT INTO `lk9v6_users` (`name`, `email`, `usertype`) VALUES ('سلفيا سامح سمير سعد ', '', 'الخريجين');
INSERT INTO `lk9v6_alumni_main` (`id`, `user_id`, `approved`) VALUES (237179, 237179, 1);
INSERT INTO `lk9v6_alumni_data` (`alumni_id`, `graduation_year`, `fid`, `job`, `address`, `city`, `country`, `phone`, `gid`, `mobile`, `nationalnumber`, `department`, `division`, `with_honor`) VALUES (237179, 2012, '23', '', '', '', '', '', '', '', '', 'موسيقى ', '', '');
INSERT INTO `lk9v6_users` (`name`, `email`, `usertype`) VALUES ('سمر محمود ععبده عبدالعال سنكل ', '', 'الخريجين');
INSERT INTO `lk9v6_alumni_main` (`id`, `user_id`, `approved`) VALUES (237180, 237180, 1);
INSERT INTO `lk9v6_alumni_data` (`alumni_id`, `graduation_year`, `fid`, `job`, `address`, `city`, `country`, `phone`, `gid`, `mobile`, `nationalnumber`, `department`, `division`, `with_honor`) VALUES (237180, 2012, '23', '', '', '', '', '', '', '', '', 'موسيقى ', '', '');
INSERT INTO `lk9v6_users` (`name`, `email`, `usertype`) VALUES ('شروق احمد ابوالوفا عبدالله سعيد ', '', 'الخريجين');
INSERT INTO `lk9v6_alumni_main` (`id`, `user_id`, `approved`) VALUES (237181, 237181, 1);
INSERT INTO `lk9v6_alumni_data` (`alumni_id`, `graduation_year`, `fid`, `job`, `address`, `city`, `country`, `phone`, `gid`, `mobile`, `nationalnumber`, `department`, `division`, `with_honor`) VALUES (237181, 2012, '23', '', '', '', '', '', '', '', '', 'موسيقى ', '', '');
INSERT INTO `lk9v6_users` (`name`, `email`, `usertype`) VALUES ('شروق حسن ابراهيم احمد الجارحى ', '', 'الخريجين');
INSERT INTO `lk9v6_alumni_main` (`id`, `user_id`, `approved`) VALUES (237182, 237182, 1);
INSERT INTO `lk9v6_alumni_data` (`alumni_id`, `graduation_year`, `fid`, `job`, `address`, `city`, `country`, `phone`, `gid`, `mobile`, `nationalnumber`, `department`, `division`, `with_honor`) VALUES (237182, 2012, '23', '', '', '', '', '', '', '', '', 'موسيقى ', '', '');
INSERT INTO `lk9v6_users` (`name`, `email`, `usertype`) VALUES ('شيماء محمد محمد عبدالكريم ', '', 'الخريجين');
INSERT INTO `lk9v6_alumni_main` (`id`, `user_id`, `approved`) VALUES (237183, 237183, 1);
INSERT INTO `lk9v6_alumni_data` (`alumni_id`, `graduation_year`, `fid`, `job`, `address`, `city`, `country`, `phone`, `gid`, `mobile`, `nationalnumber`, `department`, `division`, `with_honor`) VALUES (237183, 2012, '23', '', '', '', '', '', '', '', '', 'موسيقى ', '', '');
INSERT INTO `lk9v6_users` (`name`, `email`, `usertype`) VALUES ('مارينا نشأت تميز راغب حنا ', '', 'الخريجين');
INSERT INTO `lk9v6_alumni_main` (`id`, `user_id`, `approved`) VALUES (237184, 237184, 1);
INSERT INTO `lk9v6_alumni_data` (`alumni_id`, `graduation_year`, `fid`, `job`, `address`, `city`, `country`, `phone`, `gid`, `mobile`, `nationalnumber`, `department`, `division`, `with_honor`) VALUES (237184, 2012, '23', '', '', '', '', '', '', '', '', 'موسيقى ', '', '');
INSERT INTO `lk9v6_users` (`name`, `email`, `usertype`) VALUES ('منه الله حسن محمد على عيسي ', '', 'الخريجين');
INSERT INTO `lk9v6_alumni_main` (`id`, `user_id`, `approved`) VALUES (237185, 237185, 1);
INSERT INTO `lk9v6_alumni_data` (`alumni_id`, `graduation_year`, `fid`, `job`, `address`, `city`, `country`, `phone`, `gid`, `mobile`, `nationalnumber`, `department`, `division`, `with_honor`) VALUES (237185, 2012, '23', '', '', '', '', '', '', '', '', 'موسيقى ', '', '');
INSERT INTO `lk9v6_users` (`name`, `email`, `usertype`) VALUES ('نرمين اسامة امام عبدالمجيد ', '', 'الخريجين');
INSERT INTO `lk9v6_alumni_main` (`id`, `user_id`, `approved`) VALUES (237186, 237186, 1);
INSERT INTO `lk9v6_alumni_data` (`alumni_id`, `graduation_year`, `fid`, `job`, `address`, `city`, `country`, `phone`, `gid`, `mobile`, `nationalnumber`, `department`, `division`, `with_honor`) VALUES (237186, 2012, '23', '', '', '', '', '', '', '', '', 'موسيقى ', '', '');
INSERT INTO `lk9v6_users` (`name`, `email`, `usertype`) VALUES ('نهى عبده ابراهيم عبده ', '', 'الخريجين');
INSERT INTO `lk9v6_alumni_main` (`id`, `user_id`, `approved`) VALUES (237187, 237187, 1);
INSERT INTO `lk9v6_alumni_data` (`alumni_id`, `graduation_year`, `fid`, `job`, `address`, `city`, `country`, `phone`, `gid`, `mobile`, `nationalnumber`, `department`, `division`, `with_honor`) VALUES (237187, 2012, '23', '', '', '', '', '', '', '', '', 'موسيقى ', '', '');
INSERT INTO `lk9v6_users` (`name`, `email`, `usertype`) VALUES ('هاجر عبدالعزيز محمد قلقيله ', '', 'الخريجين');
INSERT INTO `lk9v6_alumni_main` (`id`, `user_id`, `approved`) VALUES (237188, 237188, 1);
INSERT INTO `lk9v6_alumni_data` (`alumni_id`, `graduation_year`, `fid`, `job`, `address`, `city`, `country`, `phone`, `gid`, `mobile`, `nationalnumber`, `department`, `division`, `with_honor`) VALUES (237188, 2012, '23', '', '', '', '', '', '', '', '', 'موسيقى ', '', '');
INSERT INTO `lk9v6_users` (`name`, `email`, `usertype`) VALUES ('هدير جلال احمد متولى الحو ', '', 'الخريجين');
INSERT INTO `lk9v6_alumni_main` (`id`, `user_id`, `approved`) VALUES (237189, 237189, 1);
INSERT INTO `lk9v6_alumni_data` (`alumni_id`, `graduation_year`, `fid`, `job`, `address`, `city`, `country`, `phone`, `gid`, `mobile`, `nationalnumber`, `department`, `division`, `with_honor`) VALUES (237189, 2012, '23', '', '', '', '', '', '', '', '', 'موسيقى ', '', '');
INSERT INTO `lk9v6_users` (`name`, `email`, `usertype`) VALUES ('هدير حمدى ابراهيم عيسي سيد احمد ', '', 'الخريجين');
INSERT INTO `lk9v6_alumni_main` (`id`, `user_id`, `approved`) VALUES (237190, 237190, 1);
INSERT INTO `lk9v6_alumni_data` (`alumni_id`, `graduation_year`, `fid`, `job`, `address`, `city`, `country`, `phone`, `gid`, `mobile`, `nationalnumber`, `department`, `division`, `with_honor`) VALUES (237190, 2012, '23', '', '', '', '', '', '', '', '', 'موسيقى ', '', '');
INSERT INTO `lk9v6_users` (`name`, `email`, `usertype`) VALUES ('هدير عبدالله عبدالرحمن صالح ', '', 'الخريجين');
INSERT INTO `lk9v6_alumni_main` (`id`, `user_id`, `approved`) VALUES (237191, 237191, 1);
INSERT INTO `lk9v6_alumni_data` (`alumni_id`, `graduation_year`, `fid`, `job`, `address`, `city`, `country`, `phone`, `gid`, `mobile`, `nationalnumber`, `department`, `division`, `with_honor`) VALUES (237191, 2012, '23', '', '', '', '', '', '', '', '', 'موسيقى ', '', '');
INSERT INTO `lk9v6_users` (`name`, `email`, `usertype`) VALUES ('امل توفيق انيس حسين ', '', 'الخريجين');
INSERT INTO `lk9v6_alumni_main` (`id`, `user_id`, `approved`) VALUES (237192, 237192, 1);
INSERT INTO `lk9v6_alumni_data` (`alumni_id`, `graduation_year`, `fid`, `job`, `address`, `city`, `country`, `phone`, `gid`, `mobile`, `nationalnumber`, `department`, `division`, `with_honor`) VALUES (237192, 2012, '23', '', '', '', '', '', '', '', '', 'موسيقى ', '', '');
INSERT INTO `lk9v6_users` (`name`, `email`, `usertype`) VALUES ('امنية رضا ابراهيم حسن ', '', 'الخريجين');
INSERT INTO `lk9v6_alumni_main` (`id`, `user_id`, `approved`) VALUES (237193, 237193, 1);
INSERT INTO `lk9v6_alumni_data` (`alumni_id`, `graduation_year`, `fid`, `job`, `address`, `city`, `country`, `phone`, `gid`, `mobile`, `nationalnumber`, `department`, `division`, `with_honor`) VALUES (237193, 2012, '23', '', '', '', '', '', '', '', '', 'اقتصاد منزلى ', '', '');
INSERT INTO `lk9v6_users` (`name`, `email`, `usertype`) VALUES ('اميرة جمعة محمد البيشبيشى ', '', 'الخريجين');
INSERT INTO `lk9v6_alumni_main` (`id`, `user_id`, `approved`) VALUES (237194, 237194, 1);
INSERT INTO `lk9v6_alumni_data` (`alumni_id`, `graduation_year`, `fid`, `job`, `address`, `city`, `country`, `phone`, `gid`, `mobile`, `nationalnumber`, `department`, `division`, `with_honor`) VALUES (237194, 2012, '23', '', '', '', '', '', '', '', '', 'اقتصاد منزلى ', '', '');
INSERT INTO `lk9v6_users` (`name`, `email`, `usertype`) VALUES ('اميرة صبرى احمد رسلان عمر', '', 'الخريجين');
INSERT INTO `lk9v6_alumni_main` (`id`, `user_id`, `approved`) VALUES (237195, 237195, 1);
INSERT INTO `lk9v6_alumni_data` (`alumni_id`, `graduation_year`, `fid`, `job`, `address`, `city`, `country`, `phone`, `gid`, `mobile`, `nationalnumber`, `department`, `division`, `with_honor`) VALUES (237195, 2012, '23', '', '', '', '', '', '', '', '', 'اقتصاد منزلى ', '', '');
INSERT INTO `lk9v6_users` (`name`, `email`, `usertype`) VALUES ('ايمان احمد شعبان محمد مصطفى ', '', 'الخريجين');
INSERT INTO `lk9v6_alumni_main` (`id`, `user_id`, `approved`) VALUES (237196, 237196, 1);
INSERT INTO `lk9v6_alumni_data` (`alumni_id`, `graduation_year`, `fid`, `job`, `address`, `city`, `country`, `phone`, `gid`, `mobile`, `nationalnumber`, `department`, `division`, `with_honor`) VALUES (237196, 2012, '23', '', '', '', '', '', '', '', '', 'اقتصاد منزلى ', '', '');
INSERT INTO `lk9v6_users` (`name`, `email`, `usertype`) VALUES ('بسمة عبدالحى محمد عبدالرؤوف عبدالله ', '', 'الخريجين');
INSERT INTO `lk9v6_alumni_main` (`id`, `user_id`, `approved`) VALUES (237197, 237197, 1);
INSERT INTO `lk9v6_alumni_data` (`alumni_id`, `graduation_year`, `fid`, `job`, `address`, `city`, `country`, `phone`, `gid`, `mobile`, `nationalnumber`, `department`, `division`, `with_honor`) VALUES (237197, 2012, '23', '', '', '', '', '', '', '', '', 'اقتصاد منزلى ', '', '');
INSERT INTO `lk9v6_users` (`name`, `email`, `usertype`) VALUES ('روضة محيي الدين محمد فاضلى ', '', 'الخريجين');
INSERT INTO `lk9v6_alumni_main` (`id`, `user_id`, `approved`) VALUES (237198, 237198, 1);
INSERT INTO `lk9v6_alumni_data` (`alumni_id`, `graduation_year`, `fid`, `job`, `address`, `city`, `country`, `phone`, `gid`, `mobile`, `nationalnumber`, `department`, `division`, `with_honor`) VALUES (237198, 2012, '23', '', '', '', '', '', '', '', '', 'اقتصاد منزلى ', '', '');
INSERT INTO `lk9v6_users` (`name`, `email`, `usertype`) VALUES ('صباح سعد سعد ابوبيه ', '', 'الخريجين');
INSERT INTO `lk9v6_alumni_main` (`id`, `user_id`, `approved`) VALUES (237199, 237199, 1);
INSERT INTO `lk9v6_alumni_data` (`alumni_id`, `graduation_year`, `fid`, `job`, `address`, `city`, `country`, `phone`, `gid`, `mobile`, `nationalnumber`, `department`, `division`, `with_honor`) VALUES (237199, 2012, '23', '', '', '', '', '', '', '', '', 'اقتصاد منزلى ', '', '');
INSERT INTO `lk9v6_users` (`name`, `email`, `usertype`) VALUES ('فاطمة محمد عبدالحليم عبدالمولى حسن ', '', 'الخريجين');
INSERT INTO `lk9v6_alumni_main` (`id`, `user_id`, `approved`) VALUES (237200, 237200, 1);
INSERT INTO `lk9v6_alumni_data` (`alumni_id`, `graduation_year`, `fid`, `job`, `address`, `city`, `country`, `phone`, `gid`, `mobile`, `nationalnumber`, `department`, `division`, `with_honor`) VALUES (237200, 2012, '23', '', '', '', '', '', '', '', '', 'اقتصاد منزلى ', '', '');
INSERT INTO `lk9v6_users` (`name`, `email`, `usertype`) VALUES ('نشوة محمود يونس عبده يونس عبدالله ', '', 'الخريجين');
INSERT INTO `lk9v6_alumni_main` (`id`, `user_id`, `approved`) VALUES (237201, 237201, 1);
INSERT INTO `lk9v6_alumni_data` (`alumni_id`, `graduation_year`, `fid`, `job`, `address`, `city`, `country`, `phone`, `gid`, `mobile`, `nationalnumber`, `department`, `division`, `with_honor`) VALUES (237201, 2012, '23', '', '', '', '', '', '', '', '', 'اقتصاد منزلى ', '', '');
INSERT INTO `lk9v6_users` (`name`, `email`, `usertype`) VALUES ('هبه محمد اسماعيل احمد عمارة ', '', 'الخريجين');
INSERT INTO `lk9v6_alumni_main` (`id`, `user_id`, `approved`) VALUES (237202, 237202, 1);
INSERT INTO `lk9v6_alumni_data` (`alumni_id`, `graduation_year`, `fid`, `job`, `address`, `city`, `country`, `phone`, `gid`, `mobile`, `nationalnumber`, `department`, `division`, `with_honor`) VALUES (237202, 2012, '23', '', '', '', '', '', '', '', '', 'اقتصاد منزلى ', '', '');
INSERT INTO `lk9v6_users` (`name`, `email`, `usertype`) VALUES ('احمد محمد محسن الروبى ', '', 'الخريجين');
INSERT INTO `lk9v6_alumni_main` (`id`, `user_id`, `approved`) VALUES (237203, 237203, 1);
INSERT INTO `lk9v6_alumni_data` (`alumni_id`, `graduation_year`, `fid`, `job`, `address`, `city`, `country`, `phone`, `gid`, `mobile`, `nationalnumber`, `department`, `division`, `with_honor`) VALUES (237203, 2013, '23', '', '', '', '', '', '', '', '', 'فنون ', '', '');
INSERT INTO `lk9v6_users` (`name`, `email`, `usertype`) VALUES ('اسراء ابراهيم موسى محمد حمدان فرج ', '', 'الخريجين');
INSERT INTO `lk9v6_alumni_main` (`id`, `user_id`, `approved`) VALUES (237204, 237204, 1);
INSERT INTO `lk9v6_alumni_data` (`alumni_id`, `graduation_year`, `fid`, `job`, `address`, `city`, `country`, `phone`, `gid`, `mobile`, `nationalnumber`, `department`, `division`, `with_honor`) VALUES (237204, 2013, '23', '', '', '', '', '', '', '', '', 'فنون ', '', '');
INSERT INTO `lk9v6_users` (`name`, `email`, `usertype`) VALUES ('اسراء سعيد عبدالمنعم احمد على', '', 'الخريجين');
INSERT INTO `lk9v6_alumni_main` (`id`, `user_id`, `approved`) VALUES (237205, 237205, 1);
INSERT INTO `lk9v6_alumni_data` (`alumni_id`, `graduation_year`, `fid`, `job`, `address`, `city`, `country`, `phone`, `gid`, `mobile`, `nationalnumber`, `department`, `division`, `with_honor`) VALUES (237205, 2013, '23', '', '', '', '', '', '', '', '', 'فنون ', '', '');
INSERT INTO `lk9v6_users` (`name`, `email`, `usertype`) VALUES ('اسراء عبدالبديع عبدالرحمن موسي', '', 'الخريجين');
INSERT INTO `lk9v6_alumni_main` (`id`, `user_id`, `approved`) VALUES (237206, 237206, 1);
INSERT INTO `lk9v6_alumni_data` (`alumni_id`, `graduation_year`, `fid`, `job`, `address`, `city`, `country`, `phone`, `gid`, `mobile`, `nationalnumber`, `department`, `division`, `with_honor`) VALUES (237206, 2013, '23', '', '', '', '', '', '', '', '', 'فنون ', '', '');
INSERT INTO `lk9v6_users` (`name`, `email`, `usertype`) VALUES ('اسراء محيي الدين محمد محمود ', '', 'الخريجين');
INSERT INTO `lk9v6_alumni_main` (`id`, `user_id`, `approved`) VALUES (237207, 237207, 1);
INSERT INTO `lk9v6_alumni_data` (`alumni_id`, `graduation_year`, `fid`, `job`, `address`, `city`, `country`, `phone`, `gid`, `mobile`, `nationalnumber`, `department`, `division`, `with_honor`) VALUES (237207, 2013, '23', '', '', '', '', '', '', '', '', 'فنون ', '', '');
INSERT INTO `lk9v6_users` (`name`, `email`, `usertype`) VALUES ('اسره محمد احمد عبدالمولى عثمان ', '', 'الخريجين');
INSERT INTO `lk9v6_alumni_main` (`id`, `user_id`, `approved`) VALUES (237208, 237208, 1);
INSERT INTO `lk9v6_alumni_data` (`alumni_id`, `graduation_year`, `fid`, `job`, `address`, `city`, `country`, `phone`, `gid`, `mobile`, `nationalnumber`, `department`, `division`, `with_honor`) VALUES (237208, 2013, '23', '', '', '', '', '', '', '', '', 'فنون ', '', '');
INSERT INTO `lk9v6_users` (`name`, `email`, `usertype`) VALUES ('اسماء عادل عبداللطيف احمد ', '', 'الخريجين');
INSERT INTO `lk9v6_alumni_main` (`id`, `user_id`, `approved`) VALUES (237209, 237209, 1);
INSERT INTO `lk9v6_alumni_data` (`alumni_id`, `graduation_year`, `fid`, `job`, `address`, `city`, `country`, `phone`, `gid`, `mobile`, `nationalnumber`, `department`, `division`, `with_honor`) VALUES (237209, 2013, '23', '', '', '', '', '', '', '', '', 'فنون ', '', '');
INSERT INTO `lk9v6_users` (`name`, `email`, `usertype`) VALUES ('الاء ابراهيم احمد حسوبة ', '', 'الخريجين');
INSERT INTO `lk9v6_alumni_main` (`id`, `user_id`, `approved`) VALUES (237210, 237210, 1);
INSERT INTO `lk9v6_alumni_data` (`alumni_id`, `graduation_year`, `fid`, `job`, `address`, `city`, `country`, `phone`, `gid`, `mobile`, `nationalnumber`, `department`, `division`, `with_honor`) VALUES (237210, 2013, '23', '', '', '', '', '', '', '', '', 'فنون ', '', '');
INSERT INTO `lk9v6_users` (`name`, `email`, `usertype`) VALUES ('الاء جمال محمود اسماعيل ', '', 'الخريجين');
INSERT INTO `lk9v6_alumni_main` (`id`, `user_id`, `approved`) VALUES (237211, 237211, 1);
INSERT INTO `lk9v6_alumni_data` (`alumni_id`, `graduation_year`, `fid`, `job`, `address`, `city`, `country`, `phone`, `gid`, `mobile`, `nationalnumber`, `department`, `division`, `with_honor`) VALUES (237211, 2013, '23', '', '', '', '', '', '', '', '', 'فنون ', '', '');
INSERT INTO `lk9v6_users` (`name`, `email`, `usertype`) VALUES ('امل حسن عبدالرحيم الدغيدى ', '', 'الخريجين');
INSERT INTO `lk9v6_alumni_main` (`id`, `user_id`, `approved`) VALUES (237212, 237212, 1);
INSERT INTO `lk9v6_alumni_data` (`alumni_id`, `graduation_year`, `fid`, `job`, `address`, `city`, `country`, `phone`, `gid`, `mobile`, `nationalnumber`, `department`, `division`, `with_honor`) VALUES (237212, 2013, '23', '', '', '', '', '', '', '', '', 'فنون ', '', '');
INSERT INTO `lk9v6_users` (`name`, `email`, `usertype`) VALUES ('امنية عبد السيد عبدالخير عبدالسيد ', '', 'الخريجين');
INSERT INTO `lk9v6_alumni_main` (`id`, `user_id`, `approved`) VALUES (237213, 237213, 1);
INSERT INTO `lk9v6_alumni_data` (`alumni_id`, `graduation_year`, `fid`, `job`, `address`, `city`, `country`, `phone`, `gid`, `mobile`, `nationalnumber`, `department`, `division`, `with_honor`) VALUES (237213, 2013, '23', '', '', '', '', '', '', '', '', 'فنون ', '', '');
INSERT INTO `lk9v6_users` (`name`, `email`, `usertype`) VALUES ('امنية محمد اشرف ابراهيم ', '', 'الخريجين');
INSERT INTO `lk9v6_alumni_main` (`id`, `user_id`, `approved`) VALUES (237214, 237214, 1);
INSERT INTO `lk9v6_alumni_data` (`alumni_id`, `graduation_year`, `fid`, `job`, `address`, `city`, `country`, `phone`, `gid`, `mobile`, `nationalnumber`, `department`, `division`, `with_honor`) VALUES (237214, 2013, '23', '', '', '', '', '', '', '', '', 'فنون ', '', '');
INSERT INTO `lk9v6_users` (`name`, `email`, `usertype`) VALUES ('اميرة سمير عبدالمهيمن سالم ', '', 'الخريجين');
INSERT INTO `lk9v6_alumni_main` (`id`, `user_id`, `approved`) VALUES (237215, 237215, 1);
INSERT INTO `lk9v6_alumni_data` (`alumni_id`, `graduation_year`, `fid`, `job`, `address`, `city`, `country`, `phone`, `gid`, `mobile`, `nationalnumber`, `department`, `division`, `with_honor`) VALUES (237215, 2013, '23', '', '', '', '', '', '', '', '', 'فنون ', '', '');
INSERT INTO `lk9v6_users` (`name`, `email`, `usertype`) VALUES ('ايناس عبداللطيف مكرم ', '', 'الخريجين');
INSERT INTO `lk9v6_alumni_main` (`id`, `user_id`, `approved`) VALUES (237216, 237216, 1);
INSERT INTO `lk9v6_alumni_data` (`alumni_id`, `graduation_year`, `fid`, `job`, `address`, `city`, `country`, `phone`, `gid`, `mobile`, `nationalnumber`, `department`, `division`, `with_honor`) VALUES (237216, 2013, '23', '', '', '', '', '', '', '', '', 'فنون ', '', '');
INSERT INTO `lk9v6_users` (`name`, `email`, `usertype`) VALUES ('ايناس يحيي زكريا احمد صالح البنا ', '', 'الخريجين');
INSERT INTO `lk9v6_alumni_main` (`id`, `user_id`, `approved`) VALUES (237217, 237217, 1);
INSERT INTO `lk9v6_alumni_data` (`alumni_id`, `graduation_year`, `fid`, `job`, `address`, `city`, `country`, `phone`, `gid`, `mobile`, `nationalnumber`, `department`, `division`, `with_honor`) VALUES (237217, 2013, '23', '', '', '', '', '', '', '', '', 'فنون ', '', '');
INSERT INTO `lk9v6_users` (`name`, `email`, `usertype`) VALUES ('ايه عمران احمد عمران جودة ', '', 'الخريجين');
INSERT INTO `lk9v6_alumni_main` (`id`, `user_id`, `approved`) VALUES (237218, 237218, 1);
INSERT INTO `lk9v6_alumni_data` (`alumni_id`, `graduation_year`, `fid`, `job`, `address`, `city`, `country`, `phone`, `gid`, `mobile`, `nationalnumber`, `department`, `division`, `with_honor`) VALUES (237218, 2013, '23', '', '', '', '', '', '', '', '', 'فنون ', '', '');
INSERT INTO `lk9v6_users` (`name`, `email`, `usertype`) VALUES ('ايه محمود صالح عبدالله ', '', 'الخريجين');
INSERT INTO `lk9v6_alumni_main` (`id`, `user_id`, `approved`) VALUES (237219, 237219, 1);
INSERT INTO `lk9v6_alumni_data` (`alumni_id`, `graduation_year`, `fid`, `job`, `address`, `city`, `country`, `phone`, `gid`, `mobile`, `nationalnumber`, `department`, `division`, `with_honor`) VALUES (237219, 2013, '23', '', '', '', '', '', '', '', '', 'فنون ', '', '');
INSERT INTO `lk9v6_users` (`name`, `email`, `usertype`) VALUES ('بسمة محمود محمد احمد زكى ', '', 'الخريجين');
INSERT INTO `lk9v6_alumni_main` (`id`, `user_id`, `approved`) VALUES (237220, 237220, 1);
INSERT INTO `lk9v6_alumni_data` (`alumni_id`, `graduation_year`, `fid`, `job`, `address`, `city`, `country`, `phone`, `gid`, `mobile`, `nationalnumber`, `department`, `division`, `with_honor`) VALUES (237220, 2013, '23', '', '', '', '', '', '', '', '', 'فنون ', '', '');
INSERT INTO `lk9v6_users` (`name`, `email`, `usertype`) VALUES ('بسنت محمد عبداللطيف محمد ', '', 'الخريجين');
INSERT INTO `lk9v6_alumni_main` (`id`, `user_id`, `approved`) VALUES (237221, 237221, 1);
INSERT INTO `lk9v6_alumni_data` (`alumni_id`, `graduation_year`, `fid`, `job`, `address`, `city`, `country`, `phone`, `gid`, `mobile`, `nationalnumber`, `department`, `division`, `with_honor`) VALUES (237221, 2013, '23', '', '', '', '', '', '', '', '', 'فنون ', '', '');
INSERT INTO `lk9v6_users` (`name`, `email`, `usertype`) VALUES ('جوسيان نور شحاتة زكى عبدالسيد ', '', 'الخريجين');
INSERT INTO `lk9v6_alumni_main` (`id`, `user_id`, `approved`) VALUES (237222, 237222, 1);
INSERT INTO `lk9v6_alumni_data` (`alumni_id`, `graduation_year`, `fid`, `job`, `address`, `city`, `country`, `phone`, `gid`, `mobile`, `nationalnumber`, `department`, `division`, `with_honor`) VALUES (237222, 2013, '23', '', '', '', '', '', '', '', '', 'فنون ', '', '');
INSERT INTO `lk9v6_users` (`name`, `email`, `usertype`) VALUES ('حسام محمد عبدالعزيز خليفة ', '', 'الخريجين');
INSERT INTO `lk9v6_alumni_main` (`id`, `user_id`, `approved`) VALUES (237223, 237223, 1);
INSERT INTO `lk9v6_alumni_data` (`alumni_id`, `graduation_year`, `fid`, `job`, `address`, `city`, `country`, `phone`, `gid`, `mobile`, `nationalnumber`, `department`, `division`, `with_honor`) VALUES (237223, 2013, '23', '', '', '', '', '', '', '', '', 'فنون ', '', '');
INSERT INTO `lk9v6_users` (`name`, `email`, `usertype`) VALUES ('حنان عبدالمجيد محمود عنان ', '', 'الخريجين');
INSERT INTO `lk9v6_alumni_main` (`id`, `user_id`, `approved`) VALUES (237224, 237224, 1);
INSERT INTO `lk9v6_alumni_data` (`alumni_id`, `graduation_year`, `fid`, `job`, `address`, `city`, `country`, `phone`, `gid`, `mobile`, `nationalnumber`, `department`, `division`, `with_honor`) VALUES (237224, 2013, '23', '', '', '', '', '', '', '', '', 'فنون ', '', '');
INSERT INTO `lk9v6_users` (`name`, `email`, `usertype`) VALUES ('دنيا اسامة محمد محمد حسن ', '', 'الخريجين');
INSERT INTO `lk9v6_alumni_main` (`id`, `user_id`, `approved`) VALUES (237225, 237225, 1);
INSERT INTO `lk9v6_alumni_data` (`alumni_id`, `graduation_year`, `fid`, `job`, `address`, `city`, `country`, `phone`, `gid`, `mobile`, `nationalnumber`, `department`, `division`, `with_honor`) VALUES (237225, 2013, '23', '', '', '', '', '', '', '', '', 'فنون ', '', '');
INSERT INTO `lk9v6_users` (`name`, `email`, `usertype`) VALUES ('رانيا محمد محمد الراوندى ', '', 'الخريجين');
INSERT INTO `lk9v6_alumni_main` (`id`, `user_id`, `approved`) VALUES (237226, 237226, 1);
INSERT INTO `lk9v6_alumni_data` (`alumni_id`, `graduation_year`, `fid`, `job`, `address`, `city`, `country`, `phone`, `gid`, `mobile`, `nationalnumber`, `department`, `division`, `with_honor`) VALUES (237226, 2013, '23', '', '', '', '', '', '', '', '', 'فنون ', '', '');
INSERT INTO `lk9v6_users` (`name`, `email`, `usertype`) VALUES ('روميساء عادل عبد المنعم سليمان ', '', 'الخريجين');
INSERT INTO `lk9v6_alumni_main` (`id`, `user_id`, `approved`) VALUES (237227, 237227, 1);
INSERT INTO `lk9v6_alumni_data` (`alumni_id`, `graduation_year`, `fid`, `job`, `address`, `city`, `country`, `phone`, `gid`, `mobile`, `nationalnumber`, `department`, `division`, `with_honor`) VALUES (237227, 2013, '23', '', '', '', '', '', '', '', '', 'فنون ', '', '');
INSERT INTO `lk9v6_users` (`name`, `email`, `usertype`) VALUES ('زينب عبدالعزيز محمود عبد العزيز ', '', 'الخريجين');
INSERT INTO `lk9v6_alumni_main` (`id`, `user_id`, `approved`) VALUES (237228, 237228, 1);
INSERT INTO `lk9v6_alumni_data` (`alumni_id`, `graduation_year`, `fid`, `job`, `address`, `city`, `country`, `phone`, `gid`, `mobile`, `nationalnumber`, `department`, `division`, `with_honor`) VALUES (237228, 2013, '23', '', '', '', '', '', '', '', '', 'فنون ', '', '');
INSERT INTO `lk9v6_users` (`name`, `email`, `usertype`) VALUES ('سارة محمد جنيدى محمد حسن ', '', 'الخريجين');
INSERT INTO `lk9v6_alumni_main` (`id`, `user_id`, `approved`) VALUES (237229, 237229, 1);
INSERT INTO `lk9v6_alumni_data` (`alumni_id`, `graduation_year`, `fid`, `job`, `address`, `city`, `country`, `phone`, `gid`, `mobile`, `nationalnumber`, `department`, `division`, `with_honor`) VALUES (237229, 2013, '23', '', '', '', '', '', '', '', '', 'فنون ', '', '');
INSERT INTO `lk9v6_users` (`name`, `email`, `usertype`) VALUES ('سامية محمد عبدالله يوسف جمعة ', '', 'الخريجين');
INSERT INTO `lk9v6_alumni_main` (`id`, `user_id`, `approved`) VALUES (237230, 237230, 1);
INSERT INTO `lk9v6_alumni_data` (`alumni_id`, `graduation_year`, `fid`, `job`, `address`, `city`, `country`, `phone`, `gid`, `mobile`, `nationalnumber`, `department`, `division`, `with_honor`) VALUES (237230, 2013, '23', '', '', '', '', '', '', '', '', 'فنون ', '', '');
INSERT INTO `lk9v6_users` (`name`, `email`, `usertype`) VALUES ('سلمى محمد بكرى عبدالعاطى ', '', 'الخريجين');
INSERT INTO `lk9v6_alumni_main` (`id`, `user_id`, `approved`) VALUES (237231, 237231, 1);
INSERT INTO `lk9v6_alumni_data` (`alumni_id`, `graduation_year`, `fid`, `job`, `address`, `city`, `country`, `phone`, `gid`, `mobile`, `nationalnumber`, `department`, `division`, `with_honor`) VALUES (237231, 2013, '23', '', '', '', '', '', '', '', '', 'فنون ', '', '');
INSERT INTO `lk9v6_users` (`name`, `email`, `usertype`) VALUES ('سماح عبدالغنى محمد الزغبى', '', 'الخريجين');
INSERT INTO `lk9v6_alumni_main` (`id`, `user_id`, `approved`) VALUES (237232, 237232, 1);
INSERT INTO `lk9v6_alumni_data` (`alumni_id`, `graduation_year`, `fid`, `job`, `address`, `city`, `country`, `phone`, `gid`, `mobile`, `nationalnumber`, `department`, `division`, `with_honor`) VALUES (237232, 2013, '23', '', '', '', '', '', '', '', '', 'فنون ', '', '');
INSERT INTO `lk9v6_users` (`name`, `email`, `usertype`) VALUES ('سميحة عبدالرافع عبدالمنعم ', '', 'الخريجين');
INSERT INTO `lk9v6_alumni_main` (`id`, `user_id`, `approved`) VALUES (237233, 237233, 1);
INSERT INTO `lk9v6_alumni_data` (`alumni_id`, `graduation_year`, `fid`, `job`, `address`, `city`, `country`, `phone`, `gid`, `mobile`, `nationalnumber`, `department`, `division`, `with_honor`) VALUES (237233, 2013, '23', '', '', '', '', '', '', '', '', 'فنون ', '', '');
INSERT INTO `lk9v6_users` (`name`, `email`, `usertype`) VALUES ('سوزت رؤوف توفيق صليب', '', 'الخريجين');
INSERT INTO `lk9v6_alumni_main` (`id`, `user_id`, `approved`) VALUES (237234, 237234, 1);
INSERT INTO `lk9v6_alumni_data` (`alumni_id`, `graduation_year`, `fid`, `job`, `address`, `city`, `country`, `phone`, `gid`, `mobile`, `nationalnumber`, `department`, `division`, `with_honor`) VALUES (237234, 2013, '23', '', '', '', '', '', '', '', '', 'فنون ', '', '');
INSERT INTO `lk9v6_users` (`name`, `email`, `usertype`) VALUES ('شاهنده مجدى محمد يحيي شتا ', '', 'الخريجين');
INSERT INTO `lk9v6_alumni_main` (`id`, `user_id`, `approved`) VALUES (237235, 237235, 1);
INSERT INTO `lk9v6_alumni_data` (`alumni_id`, `graduation_year`, `fid`, `job`, `address`, `city`, `country`, `phone`, `gid`, `mobile`, `nationalnumber`, `department`, `division`, `with_honor`) VALUES (237235, 2013, '23', '', '', '', '', '', '', '', '', 'فنون ', '', '');
INSERT INTO `lk9v6_users` (`name`, `email`, `usertype`) VALUES ('شاهيناز محمد عبدالله عبدالكريم السيد ', '', 'الخريجين');
INSERT INTO `lk9v6_alumni_main` (`id`, `user_id`, `approved`) VALUES (237236, 237236, 1);
INSERT INTO `lk9v6_alumni_data` (`alumni_id`, `graduation_year`, `fid`, `job`, `address`, `city`, `country`, `phone`, `gid`, `mobile`, `nationalnumber`, `department`, `division`, `with_honor`) VALUES (237236, 2013, '23', '', '', '', '', '', '', '', '', 'فنون ', '', '');
INSERT INTO `lk9v6_users` (`name`, `email`, `usertype`) VALUES ('شيماء فاروز محمد ابراهيم محمد ', '', 'الخريجين');
INSERT INTO `lk9v6_alumni_main` (`id`, `user_id`, `approved`) VALUES (237237, 237237, 1);
INSERT INTO `lk9v6_alumni_data` (`alumni_id`, `graduation_year`, `fid`, `job`, `address`, `city`, `country`, `phone`, `gid`, `mobile`, `nationalnumber`, `department`, `division`, `with_honor`) VALUES (237237, 2013, '23', '', '', '', '', '', '', '', '', 'فنون ', '', '');
INSERT INTO `lk9v6_users` (`name`, `email`, `usertype`) VALUES ('شيماء محمد عبدالعظيم محمد يوسف ', '', 'الخريجين');
INSERT INTO `lk9v6_alumni_main` (`id`, `user_id`, `approved`) VALUES (237238, 237238, 1);
INSERT INTO `lk9v6_alumni_data` (`alumni_id`, `graduation_year`, `fid`, `job`, `address`, `city`, `country`, `phone`, `gid`, `mobile`, `nationalnumber`, `department`, `division`, `with_honor`) VALUES (237238, 2013, '23', '', '', '', '', '', '', '', '', 'فنون ', '', '');
INSERT INTO `lk9v6_users` (`name`, `email`, `usertype`) VALUES ('فاطمة الزهراء جلال اسماعيل النجار ', '', 'الخريجين');
INSERT INTO `lk9v6_alumni_main` (`id`, `user_id`, `approved`) VALUES (237239, 237239, 1);
INSERT INTO `lk9v6_alumni_data` (`alumni_id`, `graduation_year`, `fid`, `job`, `address`, `city`, `country`, `phone`, `gid`, `mobile`, `nationalnumber`, `department`, `division`, `with_honor`) VALUES (237239, 2013, '23', '', '', '', '', '', '', '', '', 'فنون ', '', '');
INSERT INTO `lk9v6_users` (`name`, `email`, `usertype`) VALUES ('كريستينا رزق انطوان جورجى يعقوب ', '', 'الخريجين');
INSERT INTO `lk9v6_alumni_main` (`id`, `user_id`, `approved`) VALUES (237240, 237240, 1);
INSERT INTO `lk9v6_alumni_data` (`alumni_id`, `graduation_year`, `fid`, `job`, `address`, `city`, `country`, `phone`, `gid`, `mobile`, `nationalnumber`, `department`, `division`, `with_honor`) VALUES (237240, 2013, '23', '', '', '', '', '', '', '', '', 'فنون ', '', '');
INSERT INTO `lk9v6_users` (`name`, `email`, `usertype`) VALUES ('لبنى فخرى محمود صالح جمعة ', '', 'الخريجين');
INSERT INTO `lk9v6_alumni_main` (`id`, `user_id`, `approved`) VALUES (237241, 237241, 1);
INSERT INTO `lk9v6_alumni_data` (`alumni_id`, `graduation_year`, `fid`, `job`, `address`, `city`, `country`, `phone`, `gid`, `mobile`, `nationalnumber`, `department`, `division`, `with_honor`) VALUES (237241, 2013, '23', '', '', '', '', '', '', '', '', 'فنون ', '', '');
INSERT INTO `lk9v6_users` (`name`, `email`, `usertype`) VALUES ('لطافة ناجى على خليفة ', '', 'الخريجين');
INSERT INTO `lk9v6_alumni_main` (`id`, `user_id`, `approved`) VALUES (237242, 237242, 1);
INSERT INTO `lk9v6_alumni_data` (`alumni_id`, `graduation_year`, `fid`, `job`, `address`, `city`, `country`, `phone`, `gid`, `mobile`, `nationalnumber`, `department`, `division`, `with_honor`) VALUES (237242, 2013, '23', '', '', '', '', '', '', '', '', 'فنون ', '', '');
INSERT INTO `lk9v6_users` (`name`, `email`, `usertype`) VALUES ('مروة عدلى عبدالعظيم المحرقاوى ', '', 'الخريجين');
INSERT INTO `lk9v6_alumni_main` (`id`, `user_id`, `approved`) VALUES (237243, 237243, 1);
INSERT INTO `lk9v6_alumni_data` (`alumni_id`, `graduation_year`, `fid`, `job`, `address`, `city`, `country`, `phone`, `gid`, `mobile`, `nationalnumber`, `department`, `division`, `with_honor`) VALUES (237243, 2013, '23', '', '', '', '', '', '', '', '', 'فنون ', '', '');
INSERT INTO `lk9v6_users` (`name`, `email`, `usertype`) VALUES ('مروة فوزى عبدالرحمن الفيل ', '', 'الخريجين');
INSERT INTO `lk9v6_alumni_main` (`id`, `user_id`, `approved`) VALUES (237244, 237244, 1);
INSERT INTO `lk9v6_alumni_data` (`alumni_id`, `graduation_year`, `fid`, `job`, `address`, `city`, `country`, `phone`, `gid`, `mobile`, `nationalnumber`, `department`, `division`, `with_honor`) VALUES (237244, 2013, '23', '', '', '', '', '', '', '', '', 'فنون ', '', '');
INSERT INTO `lk9v6_users` (`name`, `email`, `usertype`) VALUES ('مروة محمد عوض عبدالحليم ', '', 'الخريجين');
INSERT INTO `lk9v6_alumni_main` (`id`, `user_id`, `approved`) VALUES (237245, 237245, 1);
INSERT INTO `lk9v6_alumni_data` (`alumni_id`, `graduation_year`, `fid`, `job`, `address`, `city`, `country`, `phone`, `gid`, `mobile`, `nationalnumber`, `department`, `division`, `with_honor`) VALUES (237245, 2013, '23', '', '', '', '', '', '', '', '', 'فنون ', '', '');
INSERT INTO `lk9v6_users` (`name`, `email`, `usertype`) VALUES ('مريم محمد حسن عبدالنعيم محمد ', '', 'الخريجين');
INSERT INTO `lk9v6_alumni_main` (`id`, `user_id`, `approved`) VALUES (237246, 237246, 1);
INSERT INTO `lk9v6_alumni_data` (`alumni_id`, `graduation_year`, `fid`, `job`, `address`, `city`, `country`, `phone`, `gid`, `mobile`, `nationalnumber`, `department`, `division`, `with_honor`) VALUES (237246, 2013, '23', '', '', '', '', '', '', '', '', 'فنون ', '', '');
INSERT INTO `lk9v6_users` (`name`, `email`, `usertype`) VALUES ('مصطفى جابر محمد عبدالنبي', '', 'الخريجين');
INSERT INTO `lk9v6_alumni_main` (`id`, `user_id`, `approved`) VALUES (237247, 237247, 1);
INSERT INTO `lk9v6_alumni_data` (`alumni_id`, `graduation_year`, `fid`, `job`, `address`, `city`, `country`, `phone`, `gid`, `mobile`, `nationalnumber`, `department`, `division`, `with_honor`) VALUES (237247, 2013, '23', '', '', '', '', '', '', '', '', ' فنون ', '', '');
INSERT INTO `lk9v6_users` (`name`, `email`, `usertype`) VALUES ('منار احمد عبدالحميد محمد اللوى ', '', 'الخريجين');
INSERT INTO `lk9v6_alumni_main` (`id`, `user_id`, `approved`) VALUES (237248, 237248, 1);
INSERT INTO `lk9v6_alumni_data` (`alumni_id`, `graduation_year`, `fid`, `job`, `address`, `city`, `country`, `phone`, `gid`, `mobile`, `nationalnumber`, `department`, `division`, `with_honor`) VALUES (237248, 2013, '23', '', '', '', '', '', '', '', '', 'فنون ', '', '');
INSERT INTO `lk9v6_users` (`name`, `email`, `usertype`) VALUES ('منه الله محمد حسن امام عياد ', '', 'الخريجين');
INSERT INTO `lk9v6_alumni_main` (`id`, `user_id`, `approved`) VALUES (237249, 237249, 1);
INSERT INTO `lk9v6_alumni_data` (`alumni_id`, `graduation_year`, `fid`, `job`, `address`, `city`, `country`, `phone`, `gid`, `mobile`, `nationalnumber`, `department`, `division`, `with_honor`) VALUES (237249, 2013, '23', '', '', '', '', '', '', '', '', 'فنون ', '', '');
INSERT INTO `lk9v6_users` (`name`, `email`, `usertype`) VALUES ('منه الله مجدى محمد محمود عطية ', '', 'الخريجين');
INSERT INTO `lk9v6_alumni_main` (`id`, `user_id`, `approved`) VALUES (237250, 237250, 1);
INSERT INTO `lk9v6_alumni_data` (`alumni_id`, `graduation_year`, `fid`, `job`, `address`, `city`, `country`, `phone`, `gid`, `mobile`, `nationalnumber`, `department`, `division`, `with_honor`) VALUES (237250, 2013, '23', '', '', '', '', '', '', '', '', 'فنون ', '', '');
INSERT INTO `lk9v6_users` (`name`, `email`, `usertype`) VALUES ('مها على عيد الجوهرى ', '', 'الخريجين');
INSERT INTO `lk9v6_alumni_main` (`id`, `user_id`, `approved`) VALUES (237251, 237251, 1);
INSERT INTO `lk9v6_alumni_data` (`alumni_id`, `graduation_year`, `fid`, `job`, `address`, `city`, `country`, `phone`, `gid`, `mobile`, `nationalnumber`, `department`, `division`, `with_honor`) VALUES (237251, 2013, '23', '', '', '', '', '', '', '', '', 'فنون ', '', '');
INSERT INTO `lk9v6_users` (`name`, `email`, `usertype`) VALUES ('مى مصطفى عبدالوهاب السيد ', '', 'الخريجين');
INSERT INTO `lk9v6_alumni_main` (`id`, `user_id`, `approved`) VALUES (237252, 237252, 1);
INSERT INTO `lk9v6_alumni_data` (`alumni_id`, `graduation_year`, `fid`, `job`, `address`, `city`, `country`, `phone`, `gid`, `mobile`, `nationalnumber`, `department`, `division`, `with_honor`) VALUES (237252, 2013, '23', '', '', '', '', '', '', '', '', 'فنون ', '', '');
INSERT INTO `lk9v6_users` (`name`, `email`, `usertype`) VALUES ('ميادة محمد نجيب ابوالريش ', '', 'الخريجين');
INSERT INTO `lk9v6_alumni_main` (`id`, `user_id`, `approved`) VALUES (237253, 237253, 1);
INSERT INTO `lk9v6_alumni_data` (`alumni_id`, `graduation_year`, `fid`, `job`, `address`, `city`, `country`, `phone`, `gid`, `mobile`, `nationalnumber`, `department`, `division`, `with_honor`) VALUES (237253, 2013, '23', '', '', '', '', '', '', '', '', 'فنون ', '', '');
INSERT INTO `lk9v6_users` (`name`, `email`, `usertype`) VALUES ('ندى زكريا صديق عبدالحليم ', '', 'الخريجين');
INSERT INTO `lk9v6_alumni_main` (`id`, `user_id`, `approved`) VALUES (237254, 237254, 1);
INSERT INTO `lk9v6_alumni_data` (`alumni_id`, `graduation_year`, `fid`, `job`, `address`, `city`, `country`, `phone`, `gid`, `mobile`, `nationalnumber`, `department`, `division`, `with_honor`) VALUES (237254, 2013, '23', '', '', '', '', '', '', '', '', 'فنون ', '', '');
INSERT INTO `lk9v6_users` (`name`, `email`, `usertype`) VALUES ('ندى سعيد محمد حسين ابوشنب ', '', 'الخريجين');
INSERT INTO `lk9v6_alumni_main` (`id`, `user_id`, `approved`) VALUES (237255, 237255, 1);
INSERT INTO `lk9v6_alumni_data` (`alumni_id`, `graduation_year`, `fid`, `job`, `address`, `city`, `country`, `phone`, `gid`, `mobile`, `nationalnumber`, `department`, `division`, `with_honor`) VALUES (237255, 2013, '23', '', '', '', '', '', '', '', '', 'فنون ', '', '');
INSERT INTO `lk9v6_users` (`name`, `email`, `usertype`) VALUES ('ندى محمد على سلامة على ', '', 'الخريجين');
INSERT INTO `lk9v6_alumni_main` (`id`, `user_id`, `approved`) VALUES (237256, 237256, 1);
INSERT INTO `lk9v6_alumni_data` (`alumni_id`, `graduation_year`, `fid`, `job`, `address`, `city`, `country`, `phone`, `gid`, `mobile`, `nationalnumber`, `department`, `division`, `with_honor`) VALUES (237256, 2013, '23', '', '', '', '', '', '', '', '', 'فنون ', '', '');
INSERT INTO `lk9v6_users` (`name`, `email`, `usertype`) VALUES ('ندى محمود فؤاد الفايش ', '', 'الخريجين');
INSERT INTO `lk9v6_alumni_main` (`id`, `user_id`, `approved`) VALUES (237257, 237257, 1);
INSERT INTO `lk9v6_alumni_data` (`alumni_id`, `graduation_year`, `fid`, `job`, `address`, `city`, `country`, `phone`, `gid`, `mobile`, `nationalnumber`, `department`, `division`, `with_honor`) VALUES (237257, 2013, '23', '', '', '', '', '', '', '', '', 'فنون ', '', '');
INSERT INTO `lk9v6_users` (`name`, `email`, `usertype`) VALUES ('نسمة نبيل محسن عبدالحميد مصباح ', '', 'الخريجين');
INSERT INTO `lk9v6_alumni_main` (`id`, `user_id`, `approved`) VALUES (237258, 237258, 1);
INSERT INTO `lk9v6_alumni_data` (`alumni_id`, `graduation_year`, `fid`, `job`, `address`, `city`, `country`, `phone`, `gid`, `mobile`, `nationalnumber`, `department`, `division`, `with_honor`) VALUES (237258, 2013, '23', '', '', '', '', '', '', '', '', 'فنون ', '', '');
INSERT INTO `lk9v6_users` (`name`, `email`, `usertype`) VALUES ('نورهان سامى عبدالحفيظ عبدالقوى ', '', 'الخريجين');
INSERT INTO `lk9v6_alumni_main` (`id`, `user_id`, `approved`) VALUES (237259, 237259, 1);
INSERT INTO `lk9v6_alumni_data` (`alumni_id`, `graduation_year`, `fid`, `job`, `address`, `city`, `country`, `phone`, `gid`, `mobile`, `nationalnumber`, `department`, `division`, `with_honor`) VALUES (237259, 2013, '23', '', '', '', '', '', '', '', '', 'فنون ', '', '');
INSERT INTO `lk9v6_users` (`name`, `email`, `usertype`) VALUES ('هاجر السيد السيد العقيلى ', '', 'الخريجين');
INSERT INTO `lk9v6_alumni_main` (`id`, `user_id`, `approved`) VALUES (237260, 237260, 1);
INSERT INTO `lk9v6_alumni_data` (`alumni_id`, `graduation_year`, `fid`, `job`, `address`, `city`, `country`, `phone`, `gid`, `mobile`, `nationalnumber`, `department`, `division`, `with_honor`) VALUES (237260, 2013, '23', '', '', '', '', '', '', '', '', 'فنون ', '', '');
INSERT INTO `lk9v6_users` (`name`, `email`, `usertype`) VALUES ('هاجر محمد عبدالرؤوف السيد متولى ', '', 'الخريجين');
INSERT INTO `lk9v6_alumni_main` (`id`, `user_id`, `approved`) VALUES (237261, 237261, 1);
INSERT INTO `lk9v6_alumni_data` (`alumni_id`, `graduation_year`, `fid`, `job`, `address`, `city`, `country`, `phone`, `gid`, `mobile`, `nationalnumber`, `department`, `division`, `with_honor`) VALUES (237261, 2013, '23', '', '', '', '', '', '', '', '', 'فنون ', '', '');
INSERT INTO `lk9v6_users` (`name`, `email`, `usertype`) VALUES ('هبه حمدى عبدالسلام عبدالعاطى زايد ', '', 'الخريجين');
INSERT INTO `lk9v6_alumni_main` (`id`, `user_id`, `approved`) VALUES (237262, 237262, 1);
INSERT INTO `lk9v6_alumni_data` (`alumni_id`, `graduation_year`, `fid`, `job`, `address`, `city`, `country`, `phone`, `gid`, `mobile`, `nationalnumber`, `department`, `division`, `with_honor`) VALUES (237262, 2013, '23', '', '', '', '', '', '', '', '', 'فنون ', '', '');
INSERT INTO `lk9v6_users` (`name`, `email`, `usertype`) VALUES ('هبه على سعد على زهران ', '', 'الخريجين');
INSERT INTO `lk9v6_alumni_main` (`id`, `user_id`, `approved`) VALUES (237263, 237263, 1);
INSERT INTO `lk9v6_alumni_data` (`alumni_id`, `graduation_year`, `fid`, `job`, `address`, `city`, `country`, `phone`, `gid`, `mobile`, `nationalnumber`, `department`, `division`, `with_honor`) VALUES (237263, 2013, '23', '', '', '', '', '', '', '', '', 'فنون ', '', '');
INSERT INTO `lk9v6_users` (`name`, `email`, `usertype`) VALUES ('هبه عبدالناصر محمود محمد ', '', 'الخريجين');
INSERT INTO `lk9v6_alumni_main` (`id`, `user_id`, `approved`) VALUES (237264, 237264, 1);
INSERT INTO `lk9v6_alumni_data` (`alumni_id`, `graduation_year`, `fid`, `job`, `address`, `city`, `country`, `phone`, `gid`, `mobile`, `nationalnumber`, `department`, `division`, `with_honor`) VALUES (237264, 2013, '23', '', '', '', '', '', '', '', '', 'فنون ', '', '');
INSERT INTO `lk9v6_users` (`name`, `email`, `usertype`) VALUES ('هدى محمد عوض فتح اللهه سويد ', '', 'الخريجين');
INSERT INTO `lk9v6_alumni_main` (`id`, `user_id`, `approved`) VALUES (237265, 237265, 1);
INSERT INTO `lk9v6_alumni_data` (`alumni_id`, `graduation_year`, `fid`, `job`, `address`, `city`, `country`, `phone`, `gid`, `mobile`, `nationalnumber`, `department`, `division`, `with_honor`) VALUES (237265, 2013, '23', '', '', '', '', '', '', '', '', 'فنون ', '', '');
INSERT INTO `lk9v6_users` (`name`, `email`, `usertype`) VALUES ('هيام احمد عبدالحميد ابوالفضل ', '', 'الخريجين');
INSERT INTO `lk9v6_alumni_main` (`id`, `user_id`, `approved`) VALUES (237266, 237266, 1);
INSERT INTO `lk9v6_alumni_data` (`alumni_id`, `graduation_year`, `fid`, `job`, `address`, `city`, `country`, `phone`, `gid`, `mobile`, `nationalnumber`, `department`, `division`, `with_honor`) VALUES (237266, 2013, '23', '', '', '', '', '', '', '', '', 'فنون ', '', '');
INSERT INTO `lk9v6_users` (`name`, `email`, `usertype`) VALUES ('وسام متولى يوسف حسن محمد', '', 'الخريجين');
INSERT INTO `lk9v6_alumni_main` (`id`, `user_id`, `approved`) VALUES (237267, 237267, 1);
INSERT INTO `lk9v6_alumni_data` (`alumni_id`, `graduation_year`, `fid`, `job`, `address`, `city`, `country`, `phone`, `gid`, `mobile`, `nationalnumber`, `department`, `division`, `with_honor`) VALUES (237267, 2013, '23', '', '', '', '', '', '', '', '', 'فنون ', '', '');
INSERT INTO `lk9v6_users` (`name`, `email`, `usertype`) VALUES ('وفاء السيد عبدالعليم احمد ', '', 'الخريجين');
INSERT INTO `lk9v6_alumni_main` (`id`, `user_id`, `approved`) VALUES (237268, 237268, 1);
INSERT INTO `lk9v6_alumni_data` (`alumni_id`, `graduation_year`, `fid`, `job`, `address`, `city`, `country`, `phone`, `gid`, `mobile`, `nationalnumber`, `department`, `division`, `with_honor`) VALUES (237268, 2013, '23', '', '', '', '', '', '', '', '', 'فنون ', '', '');
INSERT INTO `lk9v6_users` (`name`, `email`, `usertype`) VALUES ('ياسمين اشرف فؤاد مرسي محمد ', '', 'الخريجين');
INSERT INTO `lk9v6_alumni_main` (`id`, `user_id`, `approved`) VALUES (237269, 237269, 1);
INSERT INTO `lk9v6_alumni_data` (`alumni_id`, `graduation_year`, `fid`, `job`, `address`, `city`, `country`, `phone`, `gid`, `mobile`, `nationalnumber`, `department`, `division`, `with_honor`) VALUES (237269, 2013, '23', '', '', '', '', '', '', '', '', 'فنون ', '', '');
INSERT INTO `lk9v6_users` (`name`, `email`, `usertype`) VALUES ('ياسمين السيد محمد السيد ابراهيم ', '', 'الخريجين');
INSERT INTO `lk9v6_alumni_main` (`id`, `user_id`, `approved`) VALUES (237270, 237270, 1);
INSERT INTO `lk9v6_alumni_data` (`alumni_id`, `graduation_year`, `fid`, `job`, `address`, `city`, `country`, `phone`, `gid`, `mobile`, `nationalnumber`, `department`, `division`, `with_honor`) VALUES (237270, 2013, '23', '', '', '', '', '', '', '', '', 'فنون ', '', '');
INSERT INTO `lk9v6_users` (`name`, `email`, `usertype`) VALUES ('داليا حسن على حسنين ', '', 'الخريجين');
INSERT INTO `lk9v6_alumni_main` (`id`, `user_id`, `approved`) VALUES (237271, 237271, 1);
INSERT INTO `lk9v6_alumni_data` (`alumni_id`, `graduation_year`, `fid`, `job`, `address`, `city`, `country`, `phone`, `gid`, `mobile`, `nationalnumber`, `department`, `division`, `with_honor`) VALUES (237271, 2013, '23', '', '', '', '', '', '', '', '', 'فنون ', '', '');
INSERT INTO `lk9v6_users` (`name`, `email`, `usertype`) VALUES ('هبه ابراهيم على حسب النبي ', '', 'الخريجين');
INSERT INTO `lk9v6_alumni_main` (`id`, `user_id`, `approved`) VALUES (237272, 237272, 1);
INSERT INTO `lk9v6_alumni_data` (`alumni_id`, `graduation_year`, `fid`, `job`, `address`, `city`, `country`, `phone`, `gid`, `mobile`, `nationalnumber`, `department`, `division`, `with_honor`) VALUES (237272, 2013, '23', '', '', '', '', '', '', '', '', 'فنون ', '', '');
INSERT INTO `lk9v6_users` (`name`, `email`, `usertype`) VALUES ('امانى على عبدالراضى محمود ', '', 'الخريجين');
INSERT INTO `lk9v6_alumni_main` (`id`, `user_id`, `approved`) VALUES (237273, 237273, 1);
INSERT INTO `lk9v6_alumni_data` (`alumni_id`, `graduation_year`, `fid`, `job`, `address`, `city`, `country`, `phone`, `gid`, `mobile`, `nationalnumber`, `department`, `division`, `with_honor`) VALUES (237273, 2013, '23', '', '', '', '', '', '', '', '', 'موسيقى', '', '');
INSERT INTO `lk9v6_users` (`name`, `email`, `usertype`) VALUES ('اميرة عصام رشوان توفيق عبدالحميد', '', 'الخريجين');
INSERT INTO `lk9v6_alumni_main` (`id`, `user_id`, `approved`) VALUES (237274, 237274, 1);
INSERT INTO `lk9v6_alumni_data` (`alumni_id`, `graduation_year`, `fid`, `job`, `address`, `city`, `country`, `phone`, `gid`, `mobile`, `nationalnumber`, `department`, `division`, `with_honor`) VALUES (237274, 2013, '23', '', '', '', '', '', '', '', '', 'موسيقى', '', '');
INSERT INTO `lk9v6_users` (`name`, `email`, `usertype`) VALUES ('ايه مجد الاحمدى محمد ', '', 'الخريجين');
INSERT INTO `lk9v6_alumni_main` (`id`, `user_id`, `approved`) VALUES (237275, 237275, 1);
INSERT INTO `lk9v6_alumni_data` (`alumni_id`, `graduation_year`, `fid`, `job`, `address`, `city`, `country`, `phone`, `gid`, `mobile`, `nationalnumber`, `department`, `division`, `with_honor`) VALUES (237275, 2013, '23', '', '', '', '', '', '', '', '', 'موسيقى', '', '');
INSERT INTO `lk9v6_users` (`name`, `email`, `usertype`) VALUES ('ايه عبدالحافظ صادق مجاهد ', '', 'الخريجين');
INSERT INTO `lk9v6_alumni_main` (`id`, `user_id`, `approved`) VALUES (237276, 237276, 1);
INSERT INTO `lk9v6_alumni_data` (`alumni_id`, `graduation_year`, `fid`, `job`, `address`, `city`, `country`, `phone`, `gid`, `mobile`, `nationalnumber`, `department`, `division`, `with_honor`) VALUES (237276, 2013, '23', '', '', '', '', '', '', '', '', 'موسيقى', '', '');
INSERT INTO `lk9v6_users` (`name`, `email`, `usertype`) VALUES ('ايه سعد رفاعى امين سليمان', '', 'الخريجين');
INSERT INTO `lk9v6_alumni_main` (`id`, `user_id`, `approved`) VALUES (237277, 237277, 1);
INSERT INTO `lk9v6_alumni_data` (`alumni_id`, `graduation_year`, `fid`, `job`, `address`, `city`, `country`, `phone`, `gid`, `mobile`, `nationalnumber`, `department`, `division`, `with_honor`) VALUES (237277, 2013, '23', '', '', '', '', '', '', '', '', 'موسيقى', '', '');
INSERT INTO `lk9v6_users` (`name`, `email`, `usertype`) VALUES ('ايمان احمد زكى عبدالعال ', '', 'الخريجين');
INSERT INTO `lk9v6_alumni_main` (`id`, `user_id`, `approved`) VALUES (237278, 237278, 1);
INSERT INTO `lk9v6_alumni_data` (`alumni_id`, `graduation_year`, `fid`, `job`, `address`, `city`, `country`, `phone`, `gid`, `mobile`, `nationalnumber`, `department`, `division`, `with_honor`) VALUES (237278, 2013, '23', '', '', '', '', '', '', '', '', 'موسيقى', '', '');
INSERT INTO `lk9v6_users` (`name`, `email`, `usertype`) VALUES ('دميانة ادوار انيس حيران ', '', 'الخريجين');
INSERT INTO `lk9v6_alumni_main` (`id`, `user_id`, `approved`) VALUES (237279, 237279, 1);
INSERT INTO `lk9v6_alumni_data` (`alumni_id`, `graduation_year`, `fid`, `job`, `address`, `city`, `country`, `phone`, `gid`, `mobile`, `nationalnumber`, `department`, `division`, `with_honor`) VALUES (237279, 2013, '23', '', '', '', '', '', '', '', '', 'موسيقى', '', '');
INSERT INTO `lk9v6_users` (`name`, `email`, `usertype`) VALUES ('سارة مجدى مرسي عبدالعال ', '', 'الخريجين');
INSERT INTO `lk9v6_alumni_main` (`id`, `user_id`, `approved`) VALUES (237280, 237280, 1);
INSERT INTO `lk9v6_alumni_data` (`alumni_id`, `graduation_year`, `fid`, `job`, `address`, `city`, `country`, `phone`, `gid`, `mobile`, `nationalnumber`, `department`, `division`, `with_honor`) VALUES (237280, 2013, '23', '', '', '', '', '', '', '', '', 'موسيقى', '', '');
INSERT INTO `lk9v6_users` (`name`, `email`, `usertype`) VALUES ('شيرين شاكر محمد محمد ابوموسي ', '', 'الخريجين');
INSERT INTO `lk9v6_alumni_main` (`id`, `user_id`, `approved`) VALUES (237281, 237281, 1);
INSERT INTO `lk9v6_alumni_data` (`alumni_id`, `graduation_year`, `fid`, `job`, `address`, `city`, `country`, `phone`, `gid`, `mobile`, `nationalnumber`, `department`, `division`, `with_honor`) VALUES (237281, 2013, '23', '', '', '', '', '', '', '', '', 'موسيقى', '', '');
INSERT INTO `lk9v6_users` (`name`, `email`, `usertype`) VALUES ('مارينا منيرشاكر جرجس', '', 'الخريجين');
INSERT INTO `lk9v6_alumni_main` (`id`, `user_id`, `approved`) VALUES (237282, 237282, 1);
INSERT INTO `lk9v6_alumni_data` (`alumni_id`, `graduation_year`, `fid`, `job`, `address`, `city`, `country`, `phone`, `gid`, `mobile`, `nationalnumber`, `department`, `division`, `with_honor`) VALUES (237282, 2013, '23', '', '', '', '', '', '', '', '', 'موسيقى', '', '');
INSERT INTO `lk9v6_users` (`name`, `email`, `usertype`) VALUES ('مرهان السيد عبدالمنعم محمد داوود ', '', 'الخريجين');
INSERT INTO `lk9v6_alumni_main` (`id`, `user_id`, `approved`) VALUES (237283, 237283, 1);
INSERT INTO `lk9v6_alumni_data` (`alumni_id`, `graduation_year`, `fid`, `job`, `address`, `city`, `country`, `phone`, `gid`, `mobile`, `nationalnumber`, `department`, `division`, `with_honor`) VALUES (237283, 2013, '23', '', '', '', '', '', '', '', '', 'موسيقى', '', '');
INSERT INTO `lk9v6_users` (`name`, `email`, `usertype`) VALUES ('مروة رجب ابراهيم رجب', '', 'الخريجين');
INSERT INTO `lk9v6_alumni_main` (`id`, `user_id`, `approved`) VALUES (237284, 237284, 1);
INSERT INTO `lk9v6_alumni_data` (`alumni_id`, `graduation_year`, `fid`, `job`, `address`, `city`, `country`, `phone`, `gid`, `mobile`, `nationalnumber`, `department`, `division`, `with_honor`) VALUES (237284, 2013, '23', '', '', '', '', '', '', '', '', 'موسيقى', '', '');
INSERT INTO `lk9v6_users` (`name`, `email`, `usertype`) VALUES ('مى محمود على عبدالمقصود محجوب ', '', 'الخريجين');
INSERT INTO `lk9v6_alumni_main` (`id`, `user_id`, `approved`) VALUES (237285, 237285, 1);
INSERT INTO `lk9v6_alumni_data` (`alumni_id`, `graduation_year`, `fid`, `job`, `address`, `city`, `country`, `phone`, `gid`, `mobile`, `nationalnumber`, `department`, `division`, `with_honor`) VALUES (237285, 2013, '23', '', '', '', '', '', '', '', '', 'موسيقى', '', '');
INSERT INTO `lk9v6_users` (`name`, `email`, `usertype`) VALUES ('نسمة محمد عبدالصمد محمد النمر ', '', 'الخريجين');
INSERT INTO `lk9v6_alumni_main` (`id`, `user_id`, `approved`) VALUES (237286, 237286, 1);
INSERT INTO `lk9v6_alumni_data` (`alumni_id`, `graduation_year`, `fid`, `job`, `address`, `city`, `country`, `phone`, `gid`, `mobile`, `nationalnumber`, `department`, `division`, `with_honor`) VALUES (237286, 2013, '23', '', '', '', '', '', '', '', '', 'موسيقى', '', '');
INSERT INTO `lk9v6_users` (`name`, `email`, `usertype`) VALUES ('نورهان رمضان عبدالمعطى مرسي', '', 'الخريجين');
INSERT INTO `lk9v6_alumni_main` (`id`, `user_id`, `approved`) VALUES (237287, 237287, 1);
INSERT INTO `lk9v6_alumni_data` (`alumni_id`, `graduation_year`, `fid`, `job`, `address`, `city`, `country`, `phone`, `gid`, `mobile`, `nationalnumber`, `department`, `division`, `with_honor`) VALUES (237287, 2013, '23', '', '', '', '', '', '', '', '', 'موسيقى', '', '');
INSERT INTO `lk9v6_users` (`name`, `email`, `usertype`) VALUES ('نورهان عاطف محمد عبدالقوى محجوب', '', 'الخريجين');
INSERT INTO `lk9v6_alumni_main` (`id`, `user_id`, `approved`) VALUES (237288, 237288, 1);
INSERT INTO `lk9v6_alumni_data` (`alumni_id`, `graduation_year`, `fid`, `job`, `address`, `city`, `country`, `phone`, `gid`, `mobile`, `nationalnumber`, `department`, `division`, `with_honor`) VALUES (237288, 2013, '23', '', '', '', '', '', '', '', '', 'موسيقى', '', '');
INSERT INTO `lk9v6_users` (`name`, `email`, `usertype`) VALUES ('هدير اشرف محمد السيد حسان ', '', 'الخريجين');
INSERT INTO `lk9v6_alumni_main` (`id`, `user_id`, `approved`) VALUES (237289, 237289, 1);
INSERT INTO `lk9v6_alumni_data` (`alumni_id`, `graduation_year`, `fid`, `job`, `address`, `city`, `country`, `phone`, `gid`, `mobile`, `nationalnumber`, `department`, `division`, `with_honor`) VALUES (237289, 2013, '23', '', '', '', '', '', '', '', '', 'موسيقى', '', '');
INSERT INTO `lk9v6_users` (`name`, `email`, `usertype`) VALUES ('يارة هانى محمد محمد عوض ', '', 'الخريجين');
INSERT INTO `lk9v6_alumni_main` (`id`, `user_id`, `approved`) VALUES (237290, 237290, 1);
INSERT INTO `lk9v6_alumni_data` (`alumni_id`, `graduation_year`, `fid`, `job`, `address`, `city`, `country`, `phone`, `gid`, `mobile`, `nationalnumber`, `department`, `division`, `with_honor`) VALUES (237290, 2013, '23', '', '', '', '', '', '', '', '', 'موسيقى', '', '');
INSERT INTO `lk9v6_users` (`name`, `email`, `usertype`) VALUES ('اسماء احمد عبدالوهاب ابراهيم ', '', 'الخريجين');
INSERT INTO `lk9v6_alumni_main` (`id`, `user_id`, `approved`) VALUES (237291, 237291, 1);
INSERT INTO `lk9v6_alumni_data` (`alumni_id`, `graduation_year`, `fid`, `job`, `address`, `city`, `country`, `phone`, `gid`, `mobile`, `nationalnumber`, `department`, `division`, `with_honor`) VALUES (237291, 2013, '23', '', '', '', '', '', '', '', '', 'اقتصاد منزلى ', '', '');
INSERT INTO `lk9v6_users` (`name`, `email`, `usertype`) VALUES ('اسماء الحنفى احمد الحنفى الشامى ', '', 'الخريجين');
INSERT INTO `lk9v6_alumni_main` (`id`, `user_id`, `approved`) VALUES (237292, 237292, 1);
INSERT INTO `lk9v6_alumni_data` (`alumni_id`, `graduation_year`, `fid`, `job`, `address`, `city`, `country`, `phone`, `gid`, `mobile`, `nationalnumber`, `department`, `division`, `with_honor`) VALUES (237292, 2013, '23', '', '', '', '', '', '', '', '', 'اقتصاد منزلى ', '', '');
INSERT INTO `lk9v6_users` (`name`, `email`, `usertype`) VALUES ('اسماء فرج الله سعد عمار ', '', 'الخريجين');
INSERT INTO `lk9v6_alumni_main` (`id`, `user_id`, `approved`) VALUES (237293, 237293, 1);
INSERT INTO `lk9v6_alumni_data` (`alumni_id`, `graduation_year`, `fid`, `job`, `address`, `city`, `country`, `phone`, `gid`, `mobile`, `nationalnumber`, `department`, `division`, `with_honor`) VALUES (237293, 2013, '23', '', '', '', '', '', '', '', '', 'اقتصاد منزلى ', '', '');
INSERT INTO `lk9v6_users` (`name`, `email`, `usertype`) VALUES ('امانى عماد السيد محروس الرفاعى ', '', 'الخريجين');
INSERT INTO `lk9v6_alumni_main` (`id`, `user_id`, `approved`) VALUES (237294, 237294, 1);
INSERT INTO `lk9v6_alumni_data` (`alumni_id`, `graduation_year`, `fid`, `job`, `address`, `city`, `country`, `phone`, `gid`, `mobile`, `nationalnumber`, `department`, `division`, `with_honor`) VALUES (237294, 2013, '23', '', '', '', '', '', '', '', '', 'اقتصاد منزلى ', '', '');
INSERT INTO `lk9v6_users` (`name`, `email`, `usertype`) VALUES ('اميرة سالم ابراهيم صقر ', '', 'الخريجين');
INSERT INTO `lk9v6_alumni_main` (`id`, `user_id`, `approved`) VALUES (237295, 237295, 1);
INSERT INTO `lk9v6_alumni_data` (`alumni_id`, `graduation_year`, `fid`, `job`, `address`, `city`, `country`, `phone`, `gid`, `mobile`, `nationalnumber`, `department`, `division`, `with_honor`) VALUES (237295, 2013, '23', '', '', '', '', '', '', '', '', 'اقتصاد منزلى ', '', '');
INSERT INTO `lk9v6_users` (`name`, `email`, `usertype`) VALUES ('انغام ابراهيم ابراهيم ابو الايد ', '', 'الخريجين');
INSERT INTO `lk9v6_alumni_main` (`id`, `user_id`, `approved`) VALUES (237296, 237296, 1);
INSERT INTO `lk9v6_alumni_data` (`alumni_id`, `graduation_year`, `fid`, `job`, `address`, `city`, `country`, `phone`, `gid`, `mobile`, `nationalnumber`, `department`, `division`, `with_honor`) VALUES (237296, 2013, '23', '', '', '', '', '', '', '', '', 'اقتصاد منزلى ', '', '');
INSERT INTO `lk9v6_users` (`name`, `email`, `usertype`) VALUES ('بسمة جابر عبدالحميد عبد الدايم فودة ', '', 'الخريجين');
INSERT INTO `lk9v6_alumni_main` (`id`, `user_id`, `approved`) VALUES (237297, 237297, 1);
INSERT INTO `lk9v6_alumni_data` (`alumni_id`, `graduation_year`, `fid`, `job`, `address`, `city`, `country`, `phone`, `gid`, `mobile`, `nationalnumber`, `department`, `division`, `with_honor`) VALUES (237297, 2013, '23', '', '', '', '', '', '', '', '', 'اقتصاد منزلى ', '', '');
INSERT INTO `lk9v6_users` (`name`, `email`, `usertype`) VALUES ('رميساء لطف الله عبدالرحمن ابراهيم ', '', 'الخريجين');
INSERT INTO `lk9v6_alumni_main` (`id`, `user_id`, `approved`) VALUES (237298, 237298, 1);
INSERT INTO `lk9v6_alumni_data` (`alumni_id`, `graduation_year`, `fid`, `job`, `address`, `city`, `country`, `phone`, `gid`, `mobile`, `nationalnumber`, `department`, `division`, `with_honor`) VALUES (237298, 2013, '23', '', '', '', '', '', '', '', '', 'اقتصاد منزلى ', '', '');
INSERT INTO `lk9v6_users` (`name`, `email`, `usertype`) VALUES ('سميحة حامد السيد عطية حفنى ', '', 'الخريجين');
INSERT INTO `lk9v6_alumni_main` (`id`, `user_id`, `approved`) VALUES (237299, 237299, 1);
INSERT INTO `lk9v6_alumni_data` (`alumni_id`, `graduation_year`, `fid`, `job`, `address`, `city`, `country`, `phone`, `gid`, `mobile`, `nationalnumber`, `department`, `division`, `with_honor`) VALUES (237299, 2013, '23', '', '', '', '', '', '', '', '', 'اقتصاد منزلى ', '', '');
INSERT INTO `lk9v6_users` (`name`, `email`, `usertype`) VALUES ('شيماء محمد حسين محمد ', '', 'الخريجين');
INSERT INTO `lk9v6_alumni_main` (`id`, `user_id`, `approved`) VALUES (237300, 237300, 1);
INSERT INTO `lk9v6_alumni_data` (`alumni_id`, `graduation_year`, `fid`, `job`, `address`, `city`, `country`, `phone`, `gid`, `mobile`, `nationalnumber`, `department`, `division`, `with_honor`) VALUES (237300, 2013, '23', '', '', '', '', '', '', '', '', 'اقتصاد منزلى ', '', '');
INSERT INTO `lk9v6_users` (`name`, `email`, `usertype`) VALUES ('عزه عبدالعظيم محمود شريف  ', '', 'الخريجين');
INSERT INTO `lk9v6_alumni_main` (`id`, `user_id`, `approved`) VALUES (237301, 237301, 1);
INSERT INTO `lk9v6_alumni_data` (`alumni_id`, `graduation_year`, `fid`, `job`, `address`, `city`, `country`, `phone`, `gid`, `mobile`, `nationalnumber`, `department`, `division`, `with_honor`) VALUES (237301, 2013, '23', '', '', '', '', '', '', '', '', 'اقتصاد منزلى ', '', '');
INSERT INTO `lk9v6_users` (`name`, `email`, `usertype`) VALUES ('مى محمد حامد مصطفى العتام ', '', 'الخريجين');
INSERT INTO `lk9v6_alumni_main` (`id`, `user_id`, `approved`) VALUES (237302, 237302, 1);
INSERT INTO `lk9v6_alumni_data` (`alumni_id`, `graduation_year`, `fid`, `job`, `address`, `city`, `country`, `phone`, `gid`, `mobile`, `nationalnumber`, `department`, `division`, `with_honor`) VALUES (237302, 2013, '23', '', '', '', '', '', '', '', '', 'اقتصاد منزلى ', '', '');
INSERT INTO `lk9v6_users` (`name`, `email`, `usertype`) VALUES ('هالة محمد عبد ربه عبد العزيز حجازى ', '', 'الخريجين');
INSERT INTO `lk9v6_alumni_main` (`id`, `user_id`, `approved`) VALUES (237303, 237303, 1);
INSERT INTO `lk9v6_alumni_data` (`alumni_id`, `graduation_year`, `fid`, `job`, `address`, `city`, `country`, `phone`, `gid`, `mobile`, `nationalnumber`, `department`, `division`, `with_honor`) VALUES (237303, 2013, '23', '', '', '', '', '', '', '', '', 'اقتصاد منزلى ', '', '');
INSERT INTO `lk9v6_users` (`name`, `email`, `usertype`) VALUES ('ايمان شعبان عبد القادر ابو عرب', '', 'الخريجين');
INSERT INTO `lk9v6_alumni_main` (`id`, `user_id`, `approved`) VALUES (237304, 237304, 1);
INSERT INTO `lk9v6_alumni_data` (`alumni_id`, `graduation_year`, `fid`, `job`, `address`, `city`, `country`, `phone`, `gid`, `mobile`, `nationalnumber`, `department`, `division`, `with_honor`) VALUES (237304, 2008, '23', '', '', '', '', '', '', '', '', 'الاقتصاد المنزلى ', '', '');
INSERT INTO `lk9v6_users` (`name`, `email`, `usertype`) VALUES ('هاجر على عبدالفتاح مصطفى النادى', '', 'الخريجين');
INSERT INTO `lk9v6_alumni_main` (`id`, `user_id`, `approved`) VALUES (237305, 237305, 1);
INSERT INTO `lk9v6_alumni_data` (`alumni_id`, `graduation_year`, `fid`, `job`, `address`, `city`, `country`, `phone`, `gid`, `mobile`, `nationalnumber`, `department`, `division`, `with_honor`) VALUES (237305, 2008, '23', '', '', '', '', '', '', '', '', 'الاقتصاد المنزلى ', '', '');
INSERT INTO `lk9v6_users` (`name`, `email`, `usertype`) VALUES ('اسراء محمد نبيل عبد الحميد ابو العيش', '', 'الخريجين');
INSERT INTO `lk9v6_alumni_main` (`id`, `user_id`, `approved`) VALUES (237306, 237306, 1);
INSERT INTO `lk9v6_alumni_data` (`alumni_id`, `graduation_year`, `fid`, `job`, `address`, `city`, `country`, `phone`, `gid`, `mobile`, `nationalnumber`, `department`, `division`, `with_honor`) VALUES (237306, 2008, '23', '', '', '', '', '', '', '', '', 'الاقتصاد المنزلى ', '', '');
INSERT INTO `lk9v6_users` (`name`, `email`, `usertype`) VALUES ('الشيماء ابراهيم سعد رشوان', '', 'الخريجين');
INSERT INTO `lk9v6_alumni_main` (`id`, `user_id`, `approved`) VALUES (237307, 237307, 1);
INSERT INTO `lk9v6_alumni_data` (`alumni_id`, `graduation_year`, `fid`, `job`, `address`, `city`, `country`, `phone`, `gid`, `mobile`, `nationalnumber`, `department`, `division`, `with_honor`) VALUES (237307, 2008, '23', '', '', '', '', '', '', '', '', 'الاقتصاد المنزلى ', '', '');
INSERT INTO `lk9v6_users` (`name`, `email`, `usertype`) VALUES ('امانى عصام محمد اسماعيل درويش', '', 'الخريجين');
INSERT INTO `lk9v6_alumni_main` (`id`, `user_id`, `approved`) VALUES (237308, 237308, 1);
INSERT INTO `lk9v6_alumni_data` (`alumni_id`, `graduation_year`, `fid`, `job`, `address`, `city`, `country`, `phone`, `gid`, `mobile`, `nationalnumber`, `department`, `division`, `with_honor`) VALUES (237308, 2008, '23', '', '', '', '', '', '', '', '', 'الاقتصاد المنزلى ', '', '');
INSERT INTO `lk9v6_users` (`name`, `email`, `usertype`) VALUES ('امل السيد عبد السميع الزهرى', '', 'الخريجين');
INSERT INTO `lk9v6_alumni_main` (`id`, `user_id`, `approved`) VALUES (237309, 237309, 1);
INSERT INTO `lk9v6_alumni_data` (`alumni_id`, `graduation_year`, `fid`, `job`, `address`, `city`, `country`, `phone`, `gid`, `mobile`, `nationalnumber`, `department`, `division`, `with_honor`) VALUES (237309, 2008, '23', '', '', '', '', '', '', '', '', 'الاقتصاد المنزلى ', '', '');
INSERT INTO `lk9v6_users` (`name`, `email`, `usertype`) VALUES ('اميرة حمزة محمد محمد الشربتلى', '', 'الخريجين');
INSERT INTO `lk9v6_alumni_main` (`id`, `user_id`, `approved`) VALUES (237310, 237310, 1);
INSERT INTO `lk9v6_alumni_data` (`alumni_id`, `graduation_year`, `fid`, `job`, `address`, `city`, `country`, `phone`, `gid`, `mobile`, `nationalnumber`, `department`, `division`, `with_honor`) VALUES (237310, 2008, '23', '', '', '', '', '', '', '', '', 'الاقتصاد المنزلى ', '', '');
INSERT INTO `lk9v6_users` (`name`, `email`, `usertype`) VALUES ('ايمان محمد احمد قطب الصعيدى', '', 'الخريجين');
INSERT INTO `lk9v6_alumni_main` (`id`, `user_id`, `approved`) VALUES (237311, 237311, 1);
INSERT INTO `lk9v6_alumni_data` (`alumni_id`, `graduation_year`, `fid`, `job`, `address`, `city`, `country`, `phone`, `gid`, `mobile`, `nationalnumber`, `department`, `division`, `with_honor`) VALUES (237311, 2008, '23', '', '', '', '', '', '', '', '', 'الاقتصاد المنزلى ', '', '');
INSERT INTO `lk9v6_users` (`name`, `email`, `usertype`) VALUES ('ايمان محمود امين عطا الله', '', 'الخريجين');
INSERT INTO `lk9v6_alumni_main` (`id`, `user_id`, `approved`) VALUES (237312, 237312, 1);
INSERT INTO `lk9v6_alumni_data` (`alumni_id`, `graduation_year`, `fid`, `job`, `address`, `city`, `country`, `phone`, `gid`, `mobile`, `nationalnumber`, `department`, `division`, `with_honor`) VALUES (237312, 2008, '23', '', '', '', '', '', '', '', '', 'الاقتصاد المنزلى ', '', '');
INSERT INTO `lk9v6_users` (`name`, `email`, `usertype`) VALUES ('جاكلين حسنى فهيم عوض الله', '', 'الخريجين');
INSERT INTO `lk9v6_alumni_main` (`id`, `user_id`, `approved`) VALUES (237313, 237313, 1);
INSERT INTO `lk9v6_alumni_data` (`alumni_id`, `graduation_year`, `fid`, `job`, `address`, `city`, `country`, `phone`, `gid`, `mobile`, `nationalnumber`, `department`, `division`, `with_honor`) VALUES (237313, 2008, '23', '', '', '', '', '', '', '', '', 'الاقتصاد المنزلى ', '', '');
INSERT INTO `lk9v6_users` (`name`, `email`, `usertype`) VALUES ('سارة رجب عطية خضراوى', '', 'الخريجين');
INSERT INTO `lk9v6_alumni_main` (`id`, `user_id`, `approved`) VALUES (237314, 237314, 1);
INSERT INTO `lk9v6_alumni_data` (`alumni_id`, `graduation_year`, `fid`, `job`, `address`, `city`, `country`, `phone`, `gid`, `mobile`, `nationalnumber`, `department`, `division`, `with_honor`) VALUES (237314, 2008, '23', '', '', '', '', '', '', '', '', 'الاقتصاد المنزلى ', '', '');
INSERT INTO `lk9v6_users` (`name`, `email`, `usertype`) VALUES ('سارة رجب فكرى احمد دردير', '', 'الخريجين');
INSERT INTO `lk9v6_alumni_main` (`id`, `user_id`, `approved`) VALUES (237315, 237315, 1);
INSERT INTO `lk9v6_alumni_data` (`alumni_id`, `graduation_year`, `fid`, `job`, `address`, `city`, `country`, `phone`, `gid`, `mobile`, `nationalnumber`, `department`, `division`, `with_honor`) VALUES (237315, 2008, '23', '', '', '', '', '', '', '', '', 'الاقتصاد المنزلى ', '', '');
INSERT INTO `lk9v6_users` (`name`, `email`, `usertype`) VALUES ('سمر حسام احمد محمود ', '', 'الخريجين');
INSERT INTO `lk9v6_alumni_main` (`id`, `user_id`, `approved`) VALUES (237316, 237316, 1);
INSERT INTO `lk9v6_alumni_data` (`alumni_id`, `graduation_year`, `fid`, `job`, `address`, `city`, `country`, `phone`, `gid`, `mobile`, `nationalnumber`, `department`, `division`, `with_honor`) VALUES (237316, 2008, '23', '', '', '', '', '', '', '', '', 'الاقتصاد المنزلى ', '', '');
INSERT INTO `lk9v6_users` (`name`, `email`, `usertype`) VALUES ('صفا حمادة عبدالرؤوف حمادة ندا', '', 'الخريجين');
INSERT INTO `lk9v6_alumni_main` (`id`, `user_id`, `approved`) VALUES (237317, 237317, 1);
INSERT INTO `lk9v6_alumni_data` (`alumni_id`, `graduation_year`, `fid`, `job`, `address`, `city`, `country`, `phone`, `gid`, `mobile`, `nationalnumber`, `department`, `division`, `with_honor`) VALUES (237317, 2008, '23', '', '', '', '', '', '', '', '', 'الاقتصاد المنزلى ', '', '');
INSERT INTO `lk9v6_users` (`name`, `email`, `usertype`) VALUES ('عبير حمدى احمد عبدالمجيد', '', 'الخريجين');
INSERT INTO `lk9v6_alumni_main` (`id`, `user_id`, `approved`) VALUES (237318, 237318, 1);
INSERT INTO `lk9v6_alumni_data` (`alumni_id`, `graduation_year`, `fid`, `job`, `address`, `city`, `country`, `phone`, `gid`, `mobile`, `nationalnumber`, `department`, `division`, `with_honor`) VALUES (237318, 2008, '23', '', '', '', '', '', '', '', '', 'الاقتصاد المنزلى ', '', '');
INSERT INTO `lk9v6_users` (`name`, `email`, `usertype`) VALUES ('علياء عبد المحسن رحيم بخيت ', '', 'الخريجين');
INSERT INTO `lk9v6_alumni_main` (`id`, `user_id`, `approved`) VALUES (237319, 237319, 1);
INSERT INTO `lk9v6_alumni_data` (`alumni_id`, `graduation_year`, `fid`, `job`, `address`, `city`, `country`, `phone`, `gid`, `mobile`, `nationalnumber`, `department`, `division`, `with_honor`) VALUES (237319, 2008, '23', '', '', '', '', '', '', '', '', 'الاقتصاد المنزلى ', '', '');
INSERT INTO `lk9v6_users` (`name`, `email`, `usertype`) VALUES ('غدير سعيد ابراهيم محمد يوسف', '', 'الخريجين');
INSERT INTO `lk9v6_alumni_main` (`id`, `user_id`, `approved`) VALUES (237320, 237320, 1);
INSERT INTO `lk9v6_alumni_data` (`alumni_id`, `graduation_year`, `fid`, `job`, `address`, `city`, `country`, `phone`, `gid`, `mobile`, `nationalnumber`, `department`, `division`, `with_honor`) VALUES (237320, 2008, '23', '', '', '', '', '', '', '', '', 'الاقتصاد المنزلى ', '', '');
INSERT INTO `lk9v6_users` (`name`, `email`, `usertype`) VALUES ('مريم بشرى لبيب عبده ', '', 'الخريجين');
INSERT INTO `lk9v6_alumni_main` (`id`, `user_id`, `approved`) VALUES (237321, 237321, 1);
INSERT INTO `lk9v6_alumni_data` (`alumni_id`, `graduation_year`, `fid`, `job`, `address`, `city`, `country`, `phone`, `gid`, `mobile`, `nationalnumber`, `department`, `division`, `with_honor`) VALUES (237321, 2008, '23', '', '', '', '', '', '', '', '', 'الاقتصاد المنزلى ', '', '');
INSERT INTO `lk9v6_users` (`name`, `email`, `usertype`) VALUES ('مريم زكريا حسن سليمان حسن', '', 'الخريجين');
INSERT INTO `lk9v6_alumni_main` (`id`, `user_id`, `approved`) VALUES (237322, 237322, 1);
INSERT INTO `lk9v6_alumni_data` (`alumni_id`, `graduation_year`, `fid`, `job`, `address`, `city`, `country`, `phone`, `gid`, `mobile`, `nationalnumber`, `department`, `division`, `with_honor`) VALUES (237322, 2008, '23', '', '', '', '', '', '', '', '', 'الاقتصاد المنزلى ', '', '');
INSERT INTO `lk9v6_users` (`name`, `email`, `usertype`) VALUES ('مريم على الصافى الجمل', '', 'الخريجين');
INSERT INTO `lk9v6_alumni_main` (`id`, `user_id`, `approved`) VALUES (237323, 237323, 1);
INSERT INTO `lk9v6_alumni_data` (`alumni_id`, `graduation_year`, `fid`, `job`, `address`, `city`, `country`, `phone`, `gid`, `mobile`, `nationalnumber`, `department`, `division`, `with_honor`) VALUES (237323, 2008, '23', '', '', '', '', '', '', '', '', 'الاقتصاد المنزلى ', '', '');
INSERT INTO `lk9v6_users` (`name`, `email`, `usertype`) VALUES ('منى شعبان عبد العاطى عبد الرحيم', '', 'الخريجين');
INSERT INTO `lk9v6_alumni_main` (`id`, `user_id`, `approved`) VALUES (237324, 237324, 1);
INSERT INTO `lk9v6_alumni_data` (`alumni_id`, `graduation_year`, `fid`, `job`, `address`, `city`, `country`, `phone`, `gid`, `mobile`, `nationalnumber`, `department`, `division`, `with_honor`) VALUES (237324, 2008, '23', '', '', '', '', '', '', '', '', 'الاقتصاد المنزلى ', '', '');
INSERT INTO `lk9v6_users` (`name`, `email`, `usertype`) VALUES ('مى حمدى عبد العزيز سعادة', '', 'الخريجين');
INSERT INTO `lk9v6_alumni_main` (`id`, `user_id`, `approved`) VALUES (237325, 237325, 1);
INSERT INTO `lk9v6_alumni_data` (`alumni_id`, `graduation_year`, `fid`, `job`, `address`, `city`, `country`, `phone`, `gid`, `mobile`, `nationalnumber`, `department`, `division`, `with_honor`) VALUES (237325, 2008, '23', '', '', '', '', '', '', '', '', 'الاقتصاد المنزلى ', '', '');
INSERT INTO `lk9v6_users` (`name`, `email`, `usertype`) VALUES ('ناهد احمد محمد الرفاعى', '', 'الخريجين');
INSERT INTO `lk9v6_alumni_main` (`id`, `user_id`, `approved`) VALUES (237326, 237326, 1);
INSERT INTO `lk9v6_alumni_data` (`alumni_id`, `graduation_year`, `fid`, `job`, `address`, `city`, `country`, `phone`, `gid`, `mobile`, `nationalnumber`, `department`, `division`, `with_honor`) VALUES (237326, 2008, '23', '', '', '', '', '', '', '', '', 'الاقتصاد المنزلى ', '', '');
INSERT INTO `lk9v6_users` (`name`, `email`, `usertype`) VALUES ('نسمة مرسى تهامى محمد عشيبة', '', 'الخريجين');
INSERT INTO `lk9v6_alumni_main` (`id`, `user_id`, `approved`) VALUES (237327, 237327, 1);
INSERT INTO `lk9v6_alumni_data` (`alumni_id`, `graduation_year`, `fid`, `job`, `address`, `city`, `country`, `phone`, `gid`, `mobile`, `nationalnumber`, `department`, `division`, `with_honor`) VALUES (237327, 2008, '23', '', '', '', '', '', '', '', '', 'الاقتصاد المنزلى ', '', '');
INSERT INTO `lk9v6_users` (`name`, `email`, `usertype`) VALUES ('هدى عبداللطيف احمد جنيدى ', '', 'الخريجين');
INSERT INTO `lk9v6_alumni_main` (`id`, `user_id`, `approved`) VALUES (237328, 237328, 1);
INSERT INTO `lk9v6_alumni_data` (`alumni_id`, `graduation_year`, `fid`, `job`, `address`, `city`, `country`, `phone`, `gid`, `mobile`, `nationalnumber`, `department`, `division`, `with_honor`) VALUES (237328, 2008, '23', '', '', '', '', '', '', '', '', 'الاقتصاد المنزلى ', '', '');
INSERT INTO `lk9v6_users` (`name`, `email`, `usertype`) VALUES ('الهام محمد محمود جويلى ', '', 'الخريجين');
INSERT INTO `lk9v6_alumni_main` (`id`, `user_id`, `approved`) VALUES (237329, 237329, 1);
INSERT INTO `lk9v6_alumni_data` (`alumni_id`, `graduation_year`, `fid`, `job`, `address`, `city`, `country`, `phone`, `gid`, `mobile`, `nationalnumber`, `department`, `division`, `with_honor`) VALUES (237329, 2008, '23', '', '', '', '', '', '', '', '', 'الاقتصاد المنزلى ', '', '');
INSERT INTO `lk9v6_users` (`name`, `email`, `usertype`) VALUES ('امنية السيد محمود الفرماوى ', '', 'الخريجين');
INSERT INTO `lk9v6_alumni_main` (`id`, `user_id`, `approved`) VALUES (237330, 237330, 1);
INSERT INTO `lk9v6_alumni_data` (`alumni_id`, `graduation_year`, `fid`, `job`, `address`, `city`, `country`, `phone`, `gid`, `mobile`, `nationalnumber`, `department`, `division`, `with_honor`) VALUES (237330, 2008, '23', '', '', '', '', '', '', '', '', 'الاقتصاد المنزلى ', '', '');
INSERT INTO `lk9v6_users` (`name`, `email`, `usertype`) VALUES ('ايمان عبد الرحمن محمد الجمال', '', 'الخريجين');
INSERT INTO `lk9v6_alumni_main` (`id`, `user_id`, `approved`) VALUES (237331, 237331, 1);
INSERT INTO `lk9v6_alumni_data` (`alumni_id`, `graduation_year`, `fid`, `job`, `address`, `city`, `country`, `phone`, `gid`, `mobile`, `nationalnumber`, `department`, `division`, `with_honor`) VALUES (237331, 2008, '23', '', '', '', '', '', '', '', '', 'الاقتصاد المنزلى ', '', '');
INSERT INTO `lk9v6_users` (`name`, `email`, `usertype`) VALUES ('ايمان عبد العظيم الرفاعى احمد نصر', '', 'الخريجين');
INSERT INTO `lk9v6_alumni_main` (`id`, `user_id`, `approved`) VALUES (237332, 237332, 1);
INSERT INTO `lk9v6_alumni_data` (`alumni_id`, `graduation_year`, `fid`, `job`, `address`, `city`, `country`, `phone`, `gid`, `mobile`, `nationalnumber`, `department`, `division`, `with_honor`) VALUES (237332, 2008, '23', '', '', '', '', '', '', '', '', 'الاقتصاد المنزلى ', '', '');
INSERT INTO `lk9v6_users` (`name`, `email`, `usertype`) VALUES ('ايمان على حسن على القنجة ', '', 'الخريجين');
INSERT INTO `lk9v6_alumni_main` (`id`, `user_id`, `approved`) VALUES (237333, 237333, 1);
INSERT INTO `lk9v6_alumni_data` (`alumni_id`, `graduation_year`, `fid`, `job`, `address`, `city`, `country`, `phone`, `gid`, `mobile`, `nationalnumber`, `department`, `division`, `with_honor`) VALUES (237333, 2008, '23', '', '', '', '', '', '', '', '', 'الاقتصاد المنزلى ', '', '');
INSERT INTO `lk9v6_users` (`name`, `email`, `usertype`) VALUES ('ايمان مبروك خلفة خلفة الشرقاوى', '', 'الخريجين');
INSERT INTO `lk9v6_alumni_main` (`id`, `user_id`, `approved`) VALUES (237334, 237334, 1);
INSERT INTO `lk9v6_alumni_data` (`alumni_id`, `graduation_year`, `fid`, `job`, `address`, `city`, `country`, `phone`, `gid`, `mobile`, `nationalnumber`, `department`, `division`, `with_honor`) VALUES (237334, 2008, '23', '', '', '', '', '', '', '', '', 'الاقتصاد المنزلى ', '', '');
INSERT INTO `lk9v6_users` (`name`, `email`, `usertype`) VALUES ('بسنت صبحى ابراهيم المصرى ', '', 'الخريجين');
INSERT INTO `lk9v6_alumni_main` (`id`, `user_id`, `approved`) VALUES (237335, 237335, 1);
INSERT INTO `lk9v6_alumni_data` (`alumni_id`, `graduation_year`, `fid`, `job`, `address`, `city`, `country`, `phone`, `gid`, `mobile`, `nationalnumber`, `department`, `division`, `with_honor`) VALUES (237335, 2008, '23', '', '', '', '', '', '', '', '', 'الاقتصاد المنزلى ', '', '');
INSERT INTO `lk9v6_users` (`name`, `email`, `usertype`) VALUES ('رحمة فؤاد السيد على الجيشى', '', 'الخريجين');
INSERT INTO `lk9v6_alumni_main` (`id`, `user_id`, `approved`) VALUES (237336, 237336, 1);
INSERT INTO `lk9v6_alumni_data` (`alumni_id`, `graduation_year`, `fid`, `job`, `address`, `city`, `country`, `phone`, `gid`, `mobile`, `nationalnumber`, `department`, `division`, `with_honor`) VALUES (237336, 2008, '23', '', '', '', '', '', '', '', '', 'الاقتصاد المنزلى ', '', '');
INSERT INTO `lk9v6_users` (`name`, `email`, `usertype`) VALUES ('رشا محمد عبد الكريم ابوعيسي', '', 'الخريجين');
INSERT INTO `lk9v6_alumni_main` (`id`, `user_id`, `approved`) VALUES (237337, 237337, 1);
INSERT INTO `lk9v6_alumni_data` (`alumni_id`, `graduation_year`, `fid`, `job`, `address`, `city`, `country`, `phone`, `gid`, `mobile`, `nationalnumber`, `department`, `division`, `with_honor`) VALUES (237337, 2008, '23', '', '', '', '', '', '', '', '', 'الاقتصاد المنزلى ', '', '');
INSERT INTO `lk9v6_users` (`name`, `email`, `usertype`) VALUES ('رضا جوده محمد جودة ', '', 'الخريجين');
INSERT INTO `lk9v6_alumni_main` (`id`, `user_id`, `approved`) VALUES (237338, 237338, 1);
INSERT INTO `lk9v6_alumni_data` (`alumni_id`, `graduation_year`, `fid`, `job`, `address`, `city`, `country`, `phone`, `gid`, `mobile`, `nationalnumber`, `department`, `division`, `with_honor`) VALUES (237338, 2008, '23', '', '', '', '', '', '', '', '', 'الاقتصاد المنزلى ', '', '');
INSERT INTO `lk9v6_users` (`name`, `email`, `usertype`) VALUES ('رضا محمد الكومى محمد البريمى', '', 'الخريجين');
INSERT INTO `lk9v6_alumni_main` (`id`, `user_id`, `approved`) VALUES (237339, 237339, 1);
INSERT INTO `lk9v6_alumni_data` (`alumni_id`, `graduation_year`, `fid`, `job`, `address`, `city`, `country`, `phone`, `gid`, `mobile`, `nationalnumber`, `department`, `division`, `with_honor`) VALUES (237339, 2008, '23', '', '', '', '', '', '', '', '', 'الاقتصاد المنزلى ', '', '');
INSERT INTO `lk9v6_users` (`name`, `email`, `usertype`) VALUES ('سارة طاهر عبد القادر السيد عبد القادر', '', 'الخريجين');
INSERT INTO `lk9v6_alumni_main` (`id`, `user_id`, `approved`) VALUES (237340, 237340, 1);
INSERT INTO `lk9v6_alumni_data` (`alumni_id`, `graduation_year`, `fid`, `job`, `address`, `city`, `country`, `phone`, `gid`, `mobile`, `nationalnumber`, `department`, `division`, `with_honor`) VALUES (237340, 2008, '23', '', '', '', '', '', '', '', '', 'الاقتصاد المنزلى ', '', '');
INSERT INTO `lk9v6_users` (`name`, `email`, `usertype`) VALUES ('كرسيتين ايميل سليمان حنا', '', 'الخريجين');
INSERT INTO `lk9v6_alumni_main` (`id`, `user_id`, `approved`) VALUES (237341, 237341, 1);
INSERT INTO `lk9v6_alumni_data` (`alumni_id`, `graduation_year`, `fid`, `job`, `address`, `city`, `country`, `phone`, `gid`, `mobile`, `nationalnumber`, `department`, `division`, `with_honor`) VALUES (237341, 2008, '23', '', '', '', '', '', '', '', '', 'الاقتصاد المنزلى ', '', '');
INSERT INTO `lk9v6_users` (`name`, `email`, `usertype`) VALUES ('مروة حمادة عبد الرؤوف حمادة ندى ', '', 'الخريجين');
INSERT INTO `lk9v6_alumni_main` (`id`, `user_id`, `approved`) VALUES (237342, 237342, 1);
INSERT INTO `lk9v6_alumni_data` (`alumni_id`, `graduation_year`, `fid`, `job`, `address`, `city`, `country`, `phone`, `gid`, `mobile`, `nationalnumber`, `department`, `division`, `with_honor`) VALUES (237342, 2008, '23', '', '', '', '', '', '', '', '', 'الاقتصاد المنزلى ', '', '');
INSERT INTO `lk9v6_users` (`name`, `email`, `usertype`) VALUES ('مروة كمال عبد ربه كامل عبد ربه', '', 'الخريجين');
INSERT INTO `lk9v6_alumni_main` (`id`, `user_id`, `approved`) VALUES (237343, 237343, 1);
INSERT INTO `lk9v6_alumni_data` (`alumni_id`, `graduation_year`, `fid`, `job`, `address`, `city`, `country`, `phone`, `gid`, `mobile`, `nationalnumber`, `department`, `division`, `with_honor`) VALUES (237343, 2008, '23', '', '', '', '', '', '', '', '', 'الاقتصاد المنزلى ', '', '');
INSERT INTO `lk9v6_users` (`name`, `email`, `usertype`) VALUES ('مشيرة محمود محمد محمد عبدالفتاح', '', 'الخريجين');
INSERT INTO `lk9v6_alumni_main` (`id`, `user_id`, `approved`) VALUES (237344, 237344, 1);
INSERT INTO `lk9v6_alumni_data` (`alumni_id`, `graduation_year`, `fid`, `job`, `address`, `city`, `country`, `phone`, `gid`, `mobile`, `nationalnumber`, `department`, `division`, `with_honor`) VALUES (237344, 2008, '23', '', '', '', '', '', '', '', '', 'الاقتصاد المنزلى ', '', '');
INSERT INTO `lk9v6_users` (`name`, `email`, `usertype`) VALUES ('مها محمود محمود الشرقاوى', '', 'الخريجين');
INSERT INTO `lk9v6_alumni_main` (`id`, `user_id`, `approved`) VALUES (237345, 237345, 1);
INSERT INTO `lk9v6_alumni_data` (`alumni_id`, `graduation_year`, `fid`, `job`, `address`, `city`, `country`, `phone`, `gid`, `mobile`, `nationalnumber`, `department`, `division`, `with_honor`) VALUES (237345, 2008, '23', '', '', '', '', '', '', '', '', 'الاقتصاد المنزلى ', '', '');
INSERT INTO `lk9v6_users` (`name`, `email`, `usertype`) VALUES ('مى حسنى السيد على التونى', '', 'الخريجين');
INSERT INTO `lk9v6_alumni_main` (`id`, `user_id`, `approved`) VALUES (237346, 237346, 1);
INSERT INTO `lk9v6_alumni_data` (`alumni_id`, `graduation_year`, `fid`, `job`, `address`, `city`, `country`, `phone`, `gid`, `mobile`, `nationalnumber`, `department`, `division`, `with_honor`) VALUES (237346, 2008, '23', '', '', '', '', '', '', '', '', 'الاقتصاد المنزلى ', '', '');
INSERT INTO `lk9v6_users` (`name`, `email`, `usertype`) VALUES ('هبه حمدى محمد عطية ', '', 'الخريجين');
INSERT INTO `lk9v6_alumni_main` (`id`, `user_id`, `approved`) VALUES (237347, 237347, 1);
INSERT INTO `lk9v6_alumni_data` (`alumni_id`, `graduation_year`, `fid`, `job`, `address`, `city`, `country`, `phone`, `gid`, `mobile`, `nationalnumber`, `department`, `division`, `with_honor`) VALUES (237347, 2008, '23', '', '', '', '', '', '', '', '', 'الاقتصاد المنزلى ', '', '');
INSERT INTO `lk9v6_users` (`name`, `email`, `usertype`) VALUES ('هبه عبد الحميد محمود محمد الصاوى', '', 'الخريجين');
INSERT INTO `lk9v6_alumni_main` (`id`, `user_id`, `approved`) VALUES (237348, 237348, 1);
INSERT INTO `lk9v6_alumni_data` (`alumni_id`, `graduation_year`, `fid`, `job`, `address`, `city`, `country`, `phone`, `gid`, `mobile`, `nationalnumber`, `department`, `division`, `with_honor`) VALUES (237348, 2008, '23', '', '', '', '', '', '', '', '', 'الاقتصاد المنزلى ', '', '');
INSERT INTO `lk9v6_users` (`name`, `email`, `usertype`) VALUES ('هيام عاطف عبد الفتاح حسن ', '', 'الخريجين');
INSERT INTO `lk9v6_alumni_main` (`id`, `user_id`, `approved`) VALUES (237349, 237349, 1);
INSERT INTO `lk9v6_alumni_data` (`alumni_id`, `graduation_year`, `fid`, `job`, `address`, `city`, `country`, `phone`, `gid`, `mobile`, `nationalnumber`, `department`, `division`, `with_honor`) VALUES (237349, 2008, '23', '', '', '', '', '', '', '', '', 'الاقتصاد المنزلى ', '', '');
INSERT INTO `lk9v6_users` (`name`, `email`, `usertype`) VALUES ('ياسمين عبدالرؤوف عبدالمنعم شعبان ', '', 'الخريجين');
INSERT INTO `lk9v6_alumni_main` (`id`, `user_id`, `approved`) VALUES (237350, 237350, 1);
INSERT INTO `lk9v6_alumni_data` (`alumni_id`, `graduation_year`, `fid`, `job`, `address`, `city`, `country`, `phone`, `gid`, `mobile`, `nationalnumber`, `department`, `division`, `with_honor`) VALUES (237350, 2008, '23', '', '', '', '', '', '', '', '', 'الاقتصاد المنزلى ', '', '');
INSERT INTO `lk9v6_users` (`name`, `email`, `usertype`) VALUES ('عزة عباس مرسي السيد القاضى', '', 'الخريجين');
INSERT INTO `lk9v6_alumni_main` (`id`, `user_id`, `approved`) VALUES (237351, 237351, 1);
INSERT INTO `lk9v6_alumni_data` (`alumni_id`, `graduation_year`, `fid`, `job`, `address`, `city`, `country`, `phone`, `gid`, `mobile`, `nationalnumber`, `department`, `division`, `with_honor`) VALUES (237351, 'لائحة قديمة 2008', '23', '', '', '', '', '', '', '', '', 'الاقتصاد المنزلى ', '', '');
INSERT INTO `lk9v6_users` (`name`, `email`, `usertype`) VALUES ('منى كاشف كامل محمد القوصنى', '', 'الخريجين');
INSERT INTO `lk9v6_alumni_main` (`id`, `user_id`, `approved`) VALUES (237352, 237352, 1);
INSERT INTO `lk9v6_alumni_data` (`alumni_id`, `graduation_year`, `fid`, `job`, `address`, `city`, `country`, `phone`, `gid`, `mobile`, `nationalnumber`, `department`, `division`, `with_honor`) VALUES (237352, 'لائحة قديمة 2008', '23', '', '', '', '', '', '', '', '', 'الاقتصاد المنزلى ', '', '');
INSERT INTO `lk9v6_users` (`name`, `email`, `usertype`) VALUES ('نهلة عبد الرؤوف راغب مشالى ', '', 'الخريجين');
INSERT INTO `lk9v6_alumni_main` (`id`, `user_id`, `approved`) VALUES (237353, 237353, 1);
INSERT INTO `lk9v6_alumni_data` (`alumni_id`, `graduation_year`, `fid`, `job`, `address`, `city`, `country`, `phone`, `gid`, `mobile`, `nationalnumber`, `department`, `division`, `with_honor`) VALUES (237353, 'لائحة قديمة 2008', '23', '', '', '', '', '', '', '', '', 'الاقتصاد المنزلى ', '', '');
INSERT INTO `lk9v6_users` (`name`, `email`, `usertype`) VALUES ('دينا خليل عثمان التركى ', '', 'الخريجين');
INSERT INTO `lk9v6_alumni_main` (`id`, `user_id`, `approved`) VALUES (237354, 237354, 1);
INSERT INTO `lk9v6_alumni_data` (`alumni_id`, `graduation_year`, `fid`, `job`, `address`, `city`, `country`, `phone`, `gid`, `mobile`, `nationalnumber`, `department`, `division`, `with_honor`) VALUES (237354, 2008, '23', '', '', '', '', '', '', '', '', 'التربية الموسيقية ', '', '');
INSERT INTO `lk9v6_users` (`name`, `email`, `usertype`) VALUES ('سارة ابراهيم ابراهيم زغلولة', '', 'الخريجين');
INSERT INTO `lk9v6_alumni_main` (`id`, `user_id`, `approved`) VALUES (237355, 237355, 1);
INSERT INTO `lk9v6_alumni_data` (`alumni_id`, `graduation_year`, `fid`, `job`, `address`, `city`, `country`, `phone`, `gid`, `mobile`, `nationalnumber`, `department`, `division`, `with_honor`) VALUES (237355, 2008, '23', '', '', '', '', '', '', '', '', 'التربية الموسيقية ', '', '');
INSERT INTO `lk9v6_users` (`name`, `email`, `usertype`) VALUES ('امجد يوسف تادرس يعقوب ', '', 'الخريجين');
INSERT INTO `lk9v6_alumni_main` (`id`, `user_id`, `approved`) VALUES (237356, 237356, 1);
INSERT INTO `lk9v6_alumni_data` (`alumni_id`, `graduation_year`, `fid`, `job`, `address`, `city`, `country`, `phone`, `gid`, `mobile`, `nationalnumber`, `department`, `division`, `with_honor`) VALUES (237356, 2008, '23', '', '', '', '', '', '', '', '', 'التربية الموسيقية ', '', '');
INSERT INTO `lk9v6_users` (`name`, `email`, `usertype`) VALUES ('امنية عادل درويش مصطفى يونس', '', 'الخريجين');
INSERT INTO `lk9v6_alumni_main` (`id`, `user_id`, `approved`) VALUES (237357, 237357, 1);
INSERT INTO `lk9v6_alumni_data` (`alumni_id`, `graduation_year`, `fid`, `job`, `address`, `city`, `country`, `phone`, `gid`, `mobile`, `nationalnumber`, `department`, `division`, `with_honor`) VALUES (237357, 2008, '23', '', '', '', '', '', '', '', '', 'التربية الموسيقية ', '', '');
INSERT INTO `lk9v6_users` (`name`, `email`, `usertype`) VALUES ('اميرة ثروت ثابت عيسي', '', 'الخريجين');
INSERT INTO `lk9v6_alumni_main` (`id`, `user_id`, `approved`) VALUES (237358, 237358, 1);
INSERT INTO `lk9v6_alumni_data` (`alumni_id`, `graduation_year`, `fid`, `job`, `address`, `city`, `country`, `phone`, `gid`, `mobile`, `nationalnumber`, `department`, `division`, `with_honor`) VALUES (237358, 2008, '23', '', '', '', '', '', '', '', '', 'التربية الموسيقية ', '', '');
INSERT INTO `lk9v6_users` (`name`, `email`, `usertype`) VALUES ('دعاء فتحى السيد البربرى ', '', 'الخريجين');
INSERT INTO `lk9v6_alumni_main` (`id`, `user_id`, `approved`) VALUES (237359, 237359, 1);
INSERT INTO `lk9v6_alumni_data` (`alumni_id`, `graduation_year`, `fid`, `job`, `address`, `city`, `country`, `phone`, `gid`, `mobile`, `nationalnumber`, `department`, `division`, `with_honor`) VALUES (237359, 2008, '23', '', '', '', '', '', '', '', '', 'التربية الموسيقية ', '', '');
INSERT INTO `lk9v6_users` (`name`, `email`, `usertype`) VALUES ('سمر مجدى السيد سويدان', '', 'الخريجين');
INSERT INTO `lk9v6_alumni_main` (`id`, `user_id`, `approved`) VALUES (237360, 237360, 1);
INSERT INTO `lk9v6_alumni_data` (`alumni_id`, `graduation_year`, `fid`, `job`, `address`, `city`, `country`, `phone`, `gid`, `mobile`, `nationalnumber`, `department`, `division`, `with_honor`) VALUES (237360, 2008, '23', '', '', '', '', '', '', '', '', 'التربية الموسيقية ', '', '');
INSERT INTO `lk9v6_users` (`name`, `email`, `usertype`) VALUES ('لؤى محمد حسن عبدالله ', '', 'الخريجين');
INSERT INTO `lk9v6_alumni_main` (`id`, `user_id`, `approved`) VALUES (237361, 237361, 1);
INSERT INTO `lk9v6_alumni_data` (`alumni_id`, `graduation_year`, `fid`, `job`, `address`, `city`, `country`, `phone`, `gid`, `mobile`, `nationalnumber`, `department`, `division`, `with_honor`) VALUES (237361, 2008, '23', '', '', '', '', '', '', '', '', 'التربية الموسيقية ', '', '');
INSERT INTO `lk9v6_users` (`name`, `email`, `usertype`) VALUES ('منال حسين احمد حسين ', '', 'الخريجين');
INSERT INTO `lk9v6_alumni_main` (`id`, `user_id`, `approved`) VALUES (237362, 237362, 1);
INSERT INTO `lk9v6_alumni_data` (`alumni_id`, `graduation_year`, `fid`, `job`, `address`, `city`, `country`, `phone`, `gid`, `mobile`, `nationalnumber`, `department`, `division`, `with_honor`) VALUES (237362, 2008, '23', '', '', '', '', '', '', '', '', 'التربية الموسيقية ', '', '');
INSERT INTO `lk9v6_users` (`name`, `email`, `usertype`) VALUES ('احمد ابراهيم محمد عامر ', '', 'الخريجين');
INSERT INTO `lk9v6_alumni_main` (`id`, `user_id`, `approved`) VALUES (237363, 237363, 1);
INSERT INTO `lk9v6_alumni_data` (`alumni_id`, `graduation_year`, `fid`, `job`, `address`, `city`, `country`, `phone`, `gid`, `mobile`, `nationalnumber`, `department`, `division`, `with_honor`) VALUES (237363, 2008, '23', '', '', '', '', '', '', '', '', 'التربية الموسيقية ', '', '');
INSERT INTO `lk9v6_users` (`name`, `email`, `usertype`) VALUES ('الزهراء عبده السيد عبده محمد ', '', 'الخريجين');
INSERT INTO `lk9v6_alumni_main` (`id`, `user_id`, `approved`) VALUES (237364, 237364, 1);
INSERT INTO `lk9v6_alumni_data` (`alumni_id`, `graduation_year`, `fid`, `job`, `address`, `city`, `country`, `phone`, `gid`, `mobile`, `nationalnumber`, `department`, `division`, `with_honor`) VALUES (237364, 2008, '23', '', '', '', '', '', '', '', '', 'التربية الموسيقية ', '', '');
INSERT INTO `lk9v6_users` (`name`, `email`, `usertype`) VALUES ('بسمة كامل اسماعيل عبد ربه ابو راجح ', '', 'الخريجين');
INSERT INTO `lk9v6_alumni_main` (`id`, `user_id`, `approved`) VALUES (237365, 237365, 1);
INSERT INTO `lk9v6_alumni_data` (`alumni_id`, `graduation_year`, `fid`, `job`, `address`, `city`, `country`, `phone`, `gid`, `mobile`, `nationalnumber`, `department`, `division`, `with_honor`) VALUES (237365, 2008, '23', '', '', '', '', '', '', '', '', 'التربية الموسيقية ', '', '');
INSERT INTO `lk9v6_users` (`name`, `email`, `usertype`) VALUES ('داليا محمد خيرى محمد خليف ', '', 'الخريجين');
INSERT INTO `lk9v6_alumni_main` (`id`, `user_id`, `approved`) VALUES (237366, 237366, 1);
INSERT INTO `lk9v6_alumni_data` (`alumni_id`, `graduation_year`, `fid`, `job`, `address`, `city`, `country`, `phone`, `gid`, `mobile`, `nationalnumber`, `department`, `division`, `with_honor`) VALUES (237366, 2008, '23', '', '', '', '', '', '', '', '', 'التربية الموسيقية ', '', '');
INSERT INTO `lk9v6_users` (`name`, `email`, `usertype`) VALUES ('دعاء احمد عبد العزيز عبدالواحد ', '', 'الخريجين');
INSERT INTO `lk9v6_alumni_main` (`id`, `user_id`, `approved`) VALUES (237367, 237367, 1);
INSERT INTO `lk9v6_alumni_data` (`alumni_id`, `graduation_year`, `fid`, `job`, `address`, `city`, `country`, `phone`, `gid`, `mobile`, `nationalnumber`, `department`, `division`, `with_honor`) VALUES (237367, 2008, '23', '', '', '', '', '', '', '', '', 'التربية الموسيقية ', '', '');
INSERT INTO `lk9v6_users` (`name`, `email`, `usertype`) VALUES ('ريموندا محمد محمد عبدالحكيم سلامة ', '', 'الخريجين');
INSERT INTO `lk9v6_alumni_main` (`id`, `user_id`, `approved`) VALUES (237368, 237368, 1);
INSERT INTO `lk9v6_alumni_data` (`alumni_id`, `graduation_year`, `fid`, `job`, `address`, `city`, `country`, `phone`, `gid`, `mobile`, `nationalnumber`, `department`, `division`, `with_honor`) VALUES (237368, 2008, '23', '', '', '', '', '', '', '', '', 'التربية الموسيقية ', '', '');
INSERT INTO `lk9v6_users` (`name`, `email`, `usertype`) VALUES ('سارة محمد احمد فضل', '', 'الخريجين');
INSERT INTO `lk9v6_alumni_main` (`id`, `user_id`, `approved`) VALUES (237369, 237369, 1);
INSERT INTO `lk9v6_alumni_data` (`alumni_id`, `graduation_year`, `fid`, `job`, `address`, `city`, `country`, `phone`, `gid`, `mobile`, `nationalnumber`, `department`, `division`, `with_honor`) VALUES (237369, 2008, '23', '', '', '', '', '', '', '', '', 'التربية الموسيقية ', '', '');
INSERT INTO `lk9v6_users` (`name`, `email`, `usertype`) VALUES ('سالى احمد السيد محمد يوسف', '', 'الخريجين');
INSERT INTO `lk9v6_alumni_main` (`id`, `user_id`, `approved`) VALUES (237370, 237370, 1);
INSERT INTO `lk9v6_alumni_data` (`alumni_id`, `graduation_year`, `fid`, `job`, `address`, `city`, `country`, `phone`, `gid`, `mobile`, `nationalnumber`, `department`, `division`, `with_honor`) VALUES (237370, 2008, '23', '', '', '', '', '', '', '', '', 'التربية الموسيقية ', '', '');
INSERT INTO `lk9v6_users` (`name`, `email`, `usertype`) VALUES ('سامر محمود احمد على فهيم', '', 'الخريجين');
INSERT INTO `lk9v6_alumni_main` (`id`, `user_id`, `approved`) VALUES (237371, 237371, 1);
INSERT INTO `lk9v6_alumni_data` (`alumni_id`, `graduation_year`, `fid`, `job`, `address`, `city`, `country`, `phone`, `gid`, `mobile`, `nationalnumber`, `department`, `division`, `with_honor`) VALUES (237371, 2008, '23', '', '', '', '', '', '', '', '', 'التربية الموسيقية ', '', '');
INSERT INTO `lk9v6_users` (`name`, `email`, `usertype`) VALUES ('سوزان يسرى محمود محمد مصطفى ', '', 'الخريجين');
INSERT INTO `lk9v6_alumni_main` (`id`, `user_id`, `approved`) VALUES (237372, 237372, 1);
INSERT INTO `lk9v6_alumni_data` (`alumni_id`, `graduation_year`, `fid`, `job`, `address`, `city`, `country`, `phone`, `gid`, `mobile`, `nationalnumber`, `department`, `division`, `with_honor`) VALUES (237372, 2008, '23', '', '', '', '', '', '', '', '', 'التربية الموسيقية ', '', '');
INSERT INTO `lk9v6_users` (`name`, `email`, `usertype`) VALUES ('شيماء عبدالهادى احمد صقر ', '', 'الخريجين');
INSERT INTO `lk9v6_alumni_main` (`id`, `user_id`, `approved`) VALUES (237373, 237373, 1);
INSERT INTO `lk9v6_alumni_data` (`alumni_id`, `graduation_year`, `fid`, `job`, `address`, `city`, `country`, `phone`, `gid`, `mobile`, `nationalnumber`, `department`, `division`, `with_honor`) VALUES (237373, 2008, '23', '', '', '', '', '', '', '', '', 'التربية الموسيقية ', '', '');
INSERT INTO `lk9v6_users` (`name`, `email`, `usertype`) VALUES ('علاء نبوى مصطفى الرملاوى ', '', 'الخريجين');
INSERT INTO `lk9v6_alumni_main` (`id`, `user_id`, `approved`) VALUES (237374, 237374, 1);
INSERT INTO `lk9v6_alumni_data` (`alumni_id`, `graduation_year`, `fid`, `job`, `address`, `city`, `country`, `phone`, `gid`, `mobile`, `nationalnumber`, `department`, `division`, `with_honor`) VALUES (237374, 2008, '23', '', '', '', '', '', '', '', '', 'التربية الموسيقية ', '', '');
INSERT INTO `lk9v6_users` (`name`, `email`, `usertype`) VALUES ('ماريز محسن مفيد بخيت عوض', '', 'الخريجين');
INSERT INTO `lk9v6_alumni_main` (`id`, `user_id`, `approved`) VALUES (237375, 237375, 1);
INSERT INTO `lk9v6_alumni_data` (`alumni_id`, `graduation_year`, `fid`, `job`, `address`, `city`, `country`, `phone`, `gid`, `mobile`, `nationalnumber`, `department`, `division`, `with_honor`) VALUES (237375, 2008, '23', '', '', '', '', '', '', '', '', 'التربية الموسيقية ', '', '');
INSERT INTO `lk9v6_users` (`name`, `email`, `usertype`) VALUES ('مارينا زكريا وليم تامر سعيد ', '', 'الخريجين');
INSERT INTO `lk9v6_alumni_main` (`id`, `user_id`, `approved`) VALUES (237376, 237376, 1);
INSERT INTO `lk9v6_alumni_data` (`alumni_id`, `graduation_year`, `fid`, `job`, `address`, `city`, `country`, `phone`, `gid`, `mobile`, `nationalnumber`, `department`, `division`, `with_honor`) VALUES (237376, 2008, '23', '', '', '', '', '', '', '', '', 'التربية الموسيقية ', '', '');
INSERT INTO `lk9v6_users` (`name`, `email`, `usertype`) VALUES ('محمد احمد محمد عبد الحميد جاويش', '', 'الخريجين');
INSERT INTO `lk9v6_alumni_main` (`id`, `user_id`, `approved`) VALUES (237377, 237377, 1);
INSERT INTO `lk9v6_alumni_data` (`alumni_id`, `graduation_year`, `fid`, `job`, `address`, `city`, `country`, `phone`, `gid`, `mobile`, `nationalnumber`, `department`, `division`, `with_honor`) VALUES (237377, 2008, '23', '', '', '', '', '', '', '', '', 'التربية الموسيقية ', '', '');
INSERT INTO `lk9v6_users` (`name`, `email`, `usertype`) VALUES ('نبيلة مجدى حنفى محمود السكرى ', '', 'الخريجين');
INSERT INTO `lk9v6_alumni_main` (`id`, `user_id`, `approved`) VALUES (237378, 237378, 1);
INSERT INTO `lk9v6_alumni_data` (`alumni_id`, `graduation_year`, `fid`, `job`, `address`, `city`, `country`, `phone`, `gid`, `mobile`, `nationalnumber`, `department`, `division`, `with_honor`) VALUES (237378, 2008, '23', '', '', '', '', '', '', '', '', 'التربية الموسيقية ', '', '');
INSERT INTO `lk9v6_users` (`name`, `email`, `usertype`) VALUES ('ندا سعد خاطر السيد حسن ', '', 'الخريجين');
INSERT INTO `lk9v6_alumni_main` (`id`, `user_id`, `approved`) VALUES (237379, 237379, 1);
INSERT INTO `lk9v6_alumni_data` (`alumni_id`, `graduation_year`, `fid`, `job`, `address`, `city`, `country`, `phone`, `gid`, `mobile`, `nationalnumber`, `department`, `division`, `with_honor`) VALUES (237379, 2008, '23', '', '', '', '', '', '', '', '', 'التربية الموسيقية ', '', '');
INSERT INTO `lk9v6_users` (`name`, `email`, `usertype`) VALUES ('ولاء عبدالفتاح عبد ربه احمد ', '', 'الخريجين');
INSERT INTO `lk9v6_alumni_main` (`id`, `user_id`, `approved`) VALUES (237380, 237380, 1);
INSERT INTO `lk9v6_alumni_data` (`alumni_id`, `graduation_year`, `fid`, `job`, `address`, `city`, `country`, `phone`, `gid`, `mobile`, `nationalnumber`, `department`, `division`, `with_honor`) VALUES (237380, 2008, '23', '', '', '', '', '', '', '', '', 'التربية الموسيقية ', '', '');
INSERT INTO `lk9v6_users` (`name`, `email`, `usertype`) VALUES ('ولاء فتحى الصاوى امير النحاس', '', 'الخريجين');
INSERT INTO `lk9v6_alumni_main` (`id`, `user_id`, `approved`) VALUES (237381, 237381, 1);
INSERT INTO `lk9v6_alumni_data` (`alumni_id`, `graduation_year`, `fid`, `job`, `address`, `city`, `country`, `phone`, `gid`, `mobile`, `nationalnumber`, `department`, `division`, `with_honor`) VALUES (237381, 2008, '23', '', '', '', '', '', '', '', '', 'التربية الموسيقية ', '', '');
INSERT INTO `lk9v6_users` (`name`, `email`, `usertype`) VALUES ('يوستينا مجدى عوض عبدالمسيح ', '', 'الخريجين');
INSERT INTO `lk9v6_alumni_main` (`id`, `user_id`, `approved`) VALUES (237382, 237382, 1);
INSERT INTO `lk9v6_alumni_data` (`alumni_id`, `graduation_year`, `fid`, `job`, `address`, `city`, `country`, `phone`, `gid`, `mobile`, `nationalnumber`, `department`, `division`, `with_honor`) VALUES (237382, 2008, '23', '', '', '', '', '', '', '', '', 'التربية الموسيقية ', '', '');
INSERT INTO `lk9v6_users` (`name`, `email`, `usertype`) VALUES ('بولا نبيل جرجس عوض الله', '', 'الخريجين');
INSERT INTO `lk9v6_alumni_main` (`id`, `user_id`, `approved`) VALUES (237383, 237383, 1);
INSERT INTO `lk9v6_alumni_data` (`alumni_id`, `graduation_year`, `fid`, `job`, `address`, `city`, `country`, `phone`, `gid`, `mobile`, `nationalnumber`, `department`, `division`, `with_honor`) VALUES (237383, 2008, '23', '', '', '', '', '', '', '', '', 'التربية الموسيقية ', '', '');
INSERT INTO `lk9v6_users` (`name`, `email`, `usertype`) VALUES ('ميرت رؤوف توفيق شحاتة ', '', 'الخريجين');
INSERT INTO `lk9v6_alumni_main` (`id`, `user_id`, `approved`) VALUES (237384, 237384, 1);
INSERT INTO `lk9v6_alumni_data` (`alumni_id`, `graduation_year`, `fid`, `job`, `address`, `city`, `country`, `phone`, `gid`, `mobile`, `nationalnumber`, `department`, `division`, `with_honor`) VALUES (237384, 2008, '23', '', '', '', '', '', '', '', '', 'التربية الموسيقية ', '', '');
INSERT INTO `lk9v6_users` (`name`, `email`, `usertype`) VALUES ('دميانة شوقى جرس عبدالملاك ', '', 'الخريجين');
INSERT INTO `lk9v6_alumni_main` (`id`, `user_id`, `approved`) VALUES (237385, 237385, 1);
INSERT INTO `lk9v6_alumni_data` (`alumni_id`, `graduation_year`, `fid`, `job`, `address`, `city`, `country`, `phone`, `gid`, `mobile`, `nationalnumber`, `department`, `division`, `with_honor`) VALUES (237385, 2008, '23', '', '', '', '', '', '', '', '', 'التربية الموسيقية ', '', '');
INSERT INTO `lk9v6_users` (`name`, `email`, `usertype`) VALUES ('محمد احمد ابراهيم خليفة عثمان ', '', 'الخريجين');
INSERT INTO `lk9v6_alumni_main` (`id`, `user_id`, `approved`) VALUES (237386, 237386, 1);
INSERT INTO `lk9v6_alumni_data` (`alumni_id`, `graduation_year`, `fid`, `job`, `address`, `city`, `country`, `phone`, `gid`, `mobile`, `nationalnumber`, `department`, `division`, `with_honor`) VALUES (237386, 2008, '23', '', '', '', '', '', '', '', '', 'التربية الموسيقية ', '', '');
INSERT INTO `lk9v6_users` (`name`, `email`, `usertype`) VALUES ('بهاء شاكر محمد محمد ابو موسي ', '', 'الخريجين');
INSERT INTO `lk9v6_alumni_main` (`id`, `user_id`, `approved`) VALUES (237387, 237387, 1);
INSERT INTO `lk9v6_alumni_data` (`alumni_id`, `graduation_year`, `fid`, `job`, `address`, `city`, `country`, `phone`, `gid`, `mobile`, `nationalnumber`, `department`, `division`, `with_honor`) VALUES (237387, 2008, '23', '', '', '', '', '', '', '', '', 'التربية الموسيقية ', '', '');
INSERT INTO `lk9v6_users` (`name`, `email`, `usertype`) VALUES ('ياسمينا رأفت محمد رفعت علوى ', '', 'الخريجين');
INSERT INTO `lk9v6_alumni_main` (`id`, `user_id`, `approved`) VALUES (237388, 237388, 1);
INSERT INTO `lk9v6_alumni_data` (`alumni_id`, `graduation_year`, `fid`, `job`, `address`, `city`, `country`, `phone`, `gid`, `mobile`, `nationalnumber`, `department`, `division`, `with_honor`) VALUES (237388, 2008, '23', '', '', '', '', '', '', '', '', 'التربية الموسيقية ', '', '');
INSERT INTO `lk9v6_users` (`name`, `email`, `usertype`) VALUES ('احمد محمد سيد السمان محمد ', '', 'الخريجين');
INSERT INTO `lk9v6_alumni_main` (`id`, `user_id`, `approved`) VALUES (237389, 237389, 1);
INSERT INTO `lk9v6_alumni_data` (`alumni_id`, `graduation_year`, `fid`, `job`, `address`, `city`, `country`, `phone`, `gid`, `mobile`, `nationalnumber`, `department`, `division`, `with_honor`) VALUES (237389, 'لائحة قديمة 2008', '23', '', '', '', '', '', '', '', '', 'التربية الموسيقية ', '', '');
INSERT INTO `lk9v6_users` (`name`, `email`, `usertype`) VALUES ('ايمان اسماعيل عبدالمقصود محمد زايد ', '', 'الخريجين');
INSERT INTO `lk9v6_alumni_main` (`id`, `user_id`, `approved`) VALUES (237390, 237390, 1);
INSERT INTO `lk9v6_alumni_data` (`alumni_id`, `graduation_year`, `fid`, `job`, `address`, `city`, `country`, `phone`, `gid`, `mobile`, `nationalnumber`, `department`, `division`, `with_honor`) VALUES (237390, 'لائحة قديمة 2008', '23', '', '', '', '', '', '', '', '', 'التربية الموسيقية ', '', '');
INSERT INTO `lk9v6_users` (`name`, `email`, `usertype`) VALUES ('سلمى محمد عبدالحكيم خضر', '', 'الخريجين');
INSERT INTO `lk9v6_alumni_main` (`id`, `user_id`, `approved`) VALUES (237391, 237391, 1);
INSERT INTO `lk9v6_alumni_data` (`alumni_id`, `graduation_year`, `fid`, `job`, `address`, `city`, `country`, `phone`, `gid`, `mobile`, `nationalnumber`, `department`, `division`, `with_honor`) VALUES (237391, 'لائحة قديمة 2008', '23', '', '', '', '', '', '', '', '', 'التربية الموسيقية ', '', '');
INSERT INTO `lk9v6_users` (`name`, `email`, `usertype`) VALUES ('عماد عبدالحميد على عبدالحميد ', '', 'الخريجين');
INSERT INTO `lk9v6_alumni_main` (`id`, `user_id`, `approved`) VALUES (237392, 237392, 1);
INSERT INTO `lk9v6_alumni_data` (`alumni_id`, `graduation_year`, `fid`, `job`, `address`, `city`, `country`, `phone`, `gid`, `mobile`, `nationalnumber`, `department`, `division`, `with_honor`) VALUES (237392, 'لائحة قديمة 2008', '23', '', '', '', '', '', '', '', '', 'التربية الموسيقية ', '', '');
INSERT INTO `lk9v6_users` (`name`, `email`, `usertype`) VALUES ('ميادة محمد عبداللطيف على محمد الشوكى ', '', 'الخريجين');
INSERT INTO `lk9v6_alumni_main` (`id`, `user_id`, `approved`) VALUES (237393, 237393, 1);
INSERT INTO `lk9v6_alumni_data` (`alumni_id`, `graduation_year`, `fid`, `job`, `address`, `city`, `country`, `phone`, `gid`, `mobile`, `nationalnumber`, `department`, `division`, `with_honor`) VALUES (237393, 'لائحة قديمة 2008', '23', '', '', '', '', '', '', '', '', 'التربية الموسيقية ', '', '');
INSERT INTO `lk9v6_users` (`name`, `email`, `usertype`) VALUES ('هديل سامى السيد مرسي السيد ', '', 'الخريجين');
INSERT INTO `lk9v6_alumni_main` (`id`, `user_id`, `approved`) VALUES (237394, 237394, 1);
INSERT INTO `lk9v6_alumni_data` (`alumni_id`, `graduation_year`, `fid`, `job`, `address`, `city`, `country`, `phone`, `gid`, `mobile`, `nationalnumber`, `department`, `division`, `with_honor`) VALUES (237394, 'لائحة قديمة 2008', '23', '', '', '', '', '', '', '', '', 'التربية الموسيقية ', '', '');
INSERT INTO `lk9v6_users` (`name`, `email`, `usertype`) VALUES ('بسمة ماجد خليل انور بركات ', '', 'الخريجين');
INSERT INTO `lk9v6_alumni_main` (`id`, `user_id`, `approved`) VALUES (237395, 237395, 1);
INSERT INTO `lk9v6_alumni_data` (`alumni_id`, `graduation_year`, `fid`, `job`, `address`, `city`, `country`, `phone`, `gid`, `mobile`, `nationalnumber`, `department`, `division`, `with_honor`) VALUES (237395, 'لائحة قديمة 2008', '23', '', '', '', '', '', '', '', '', 'التربية الموسيقية ', '', '');
INSERT INTO `lk9v6_users` (`name`, `email`, `usertype`) VALUES ('اسراء مصطفى ابراهيم احمد ابو العلا ', '', 'الخريجين');
INSERT INTO `lk9v6_alumni_main` (`id`, `user_id`, `approved`) VALUES (237396, 237396, 1);
INSERT INTO `lk9v6_alumni_data` (`alumni_id`, `graduation_year`, `fid`, `job`, `address`, `city`, `country`, `phone`, `gid`, `mobile`, `nationalnumber`, `department`, `division`, `with_honor`) VALUES (237396, 2008, '23', '', '', '', '', '', '', '', '', 'التربية الفنية ', '', '');
INSERT INTO `lk9v6_users` (`name`, `email`, `usertype`) VALUES ('اسماء محمد ابراهيم عبدالعزيز ', '', 'الخريجين');
INSERT INTO `lk9v6_alumni_main` (`id`, `user_id`, `approved`) VALUES (237397, 237397, 1);
INSERT INTO `lk9v6_alumni_data` (`alumni_id`, `graduation_year`, `fid`, `job`, `address`, `city`, `country`, `phone`, `gid`, `mobile`, `nationalnumber`, `department`, `division`, `with_honor`) VALUES (237397, 2008, '23', '', '', '', '', '', '', '', '', 'التربية الفنية ', '', '');
INSERT INTO `lk9v6_users` (`name`, `email`, `usertype`) VALUES ('الاء امين محمد بدرة ', '', 'الخريجين');
INSERT INTO `lk9v6_alumni_main` (`id`, `user_id`, `approved`) VALUES (237398, 237398, 1);
INSERT INTO `lk9v6_alumni_data` (`alumni_id`, `graduation_year`, `fid`, `job`, `address`, `city`, `country`, `phone`, `gid`, `mobile`, `nationalnumber`, `department`, `division`, `with_honor`) VALUES (237398, 2008, '23', '', '', '', '', '', '', '', '', 'التربية الفنية ', '', '');
INSERT INTO `lk9v6_users` (`name`, `email`, `usertype`) VALUES ('اميرة السيد فتحى احمد عمر ', '', 'الخريجين');
INSERT INTO `lk9v6_alumni_main` (`id`, `user_id`, `approved`) VALUES (237399, 237399, 1);
INSERT INTO `lk9v6_alumni_data` (`alumni_id`, `graduation_year`, `fid`, `job`, `address`, `city`, `country`, `phone`, `gid`, `mobile`, `nationalnumber`, `department`, `division`, `with_honor`) VALUES (237399, 2008, '23', '', '', '', '', '', '', '', '', 'التربية الفنية ', '', '');
INSERT INTO `lk9v6_users` (`name`, `email`, `usertype`) VALUES ('ايفا محب فهمى سعد ', '', 'الخريجين');
INSERT INTO `lk9v6_alumni_main` (`id`, `user_id`, `approved`) VALUES (237400, 237400, 1);
INSERT INTO `lk9v6_alumni_data` (`alumni_id`, `graduation_year`, `fid`, `job`, `address`, `city`, `country`, `phone`, `gid`, `mobile`, `nationalnumber`, `department`, `division`, `with_honor`) VALUES (237400, 2008, '23', '', '', '', '', '', '', '', '', 'التربية الفنية ', '', '');
INSERT INTO `lk9v6_users` (`name`, `email`, `usertype`) VALUES ('ايفيلين عادل حنا ابراهيم روفائيل ', '', 'الخريجين');
INSERT INTO `lk9v6_alumni_main` (`id`, `user_id`, `approved`) VALUES (237401, 237401, 1);
INSERT INTO `lk9v6_alumni_data` (`alumni_id`, `graduation_year`, `fid`, `job`, `address`, `city`, `country`, `phone`, `gid`, `mobile`, `nationalnumber`, `department`, `division`, `with_honor`) VALUES (237401, 2008, '23', '', '', '', '', '', '', '', '', 'التربية الفنية ', '', '');
INSERT INTO `lk9v6_users` (`name`, `email`, `usertype`) VALUES ('ايمان صبحى سعد عثمان ', '', 'الخريجين');
INSERT INTO `lk9v6_alumni_main` (`id`, `user_id`, `approved`) VALUES (237402, 237402, 1);
INSERT INTO `lk9v6_alumni_data` (`alumni_id`, `graduation_year`, `fid`, `job`, `address`, `city`, `country`, `phone`, `gid`, `mobile`, `nationalnumber`, `department`, `division`, `with_honor`) VALUES (237402, 2008, '23', '', '', '', '', '', '', '', '', 'التربية الفنية ', '', '');
INSERT INTO `lk9v6_users` (`name`, `email`, `usertype`) VALUES ('بسمة على محمد عبدالنبي محمد ', '', 'الخريجين');
INSERT INTO `lk9v6_alumni_main` (`id`, `user_id`, `approved`) VALUES (237403, 237403, 1);
INSERT INTO `lk9v6_alumni_data` (`alumni_id`, `graduation_year`, `fid`, `job`, `address`, `city`, `country`, `phone`, `gid`, `mobile`, `nationalnumber`, `department`, `division`, `with_honor`) VALUES (237403, 2008, '23', '', '', '', '', '', '', '', '', 'التربية الفنية ', '', '');
INSERT INTO `lk9v6_users` (`name`, `email`, `usertype`) VALUES ('بسمة محمد عبد المنعم محمد ', '', 'الخريجين');
INSERT INTO `lk9v6_alumni_main` (`id`, `user_id`, `approved`) VALUES (237404, 237404, 1);
INSERT INTO `lk9v6_alumni_data` (`alumni_id`, `graduation_year`, `fid`, `job`, `address`, `city`, `country`, `phone`, `gid`, `mobile`, `nationalnumber`, `department`, `division`, `with_honor`) VALUES (237404, 2008, '23', '', '', '', '', '', '', '', '', 'التربية الفنية ', '', '');
INSERT INTO `lk9v6_users` (`name`, `email`, `usertype`) VALUES ('دينا على مصطفى على حسن ', '', 'الخريجين');
INSERT INTO `lk9v6_alumni_main` (`id`, `user_id`, `approved`) VALUES (237405, 237405, 1);
INSERT INTO `lk9v6_alumni_data` (`alumni_id`, `graduation_year`, `fid`, `job`, `address`, `city`, `country`, `phone`, `gid`, `mobile`, `nationalnumber`, `department`, `division`, `with_honor`) VALUES (237405, 2008, '23', '', '', '', '', '', '', '', '', 'التربية الفنية ', '', '');
INSERT INTO `lk9v6_users` (`name`, `email`, `usertype`) VALUES ('رانيا حسن محمد عبدالقادر يوسف ', '', 'الخريجين');
INSERT INTO `lk9v6_alumni_main` (`id`, `user_id`, `approved`) VALUES (237406, 237406, 1);
INSERT INTO `lk9v6_alumni_data` (`alumni_id`, `graduation_year`, `fid`, `job`, `address`, `city`, `country`, `phone`, `gid`, `mobile`, `nationalnumber`, `department`, `division`, `with_honor`) VALUES (237406, 2008, '23', '', '', '', '', '', '', '', '', 'التربية الفنية ', '', '');
INSERT INTO `lk9v6_users` (`name`, `email`, `usertype`) VALUES ('رباب سمير محمد المعاملى ', '', 'الخريجين');
INSERT INTO `lk9v6_alumni_main` (`id`, `user_id`, `approved`) VALUES (237407, 237407, 1);
INSERT INTO `lk9v6_alumni_data` (`alumni_id`, `graduation_year`, `fid`, `job`, `address`, `city`, `country`, `phone`, `gid`, `mobile`, `nationalnumber`, `department`, `division`, `with_honor`) VALUES (237407, 2008, '23', '', '', '', '', '', '', '', '', 'التربية الفنية ', '', '');
INSERT INTO `lk9v6_users` (`name`, `email`, `usertype`) VALUES ('رشا على عبد المنعم عبدالله ', '', 'الخريجين');
INSERT INTO `lk9v6_alumni_main` (`id`, `user_id`, `approved`) VALUES (237408, 237408, 1);
INSERT INTO `lk9v6_alumni_data` (`alumni_id`, `graduation_year`, `fid`, `job`, `address`, `city`, `country`, `phone`, `gid`, `mobile`, `nationalnumber`, `department`, `division`, `with_honor`) VALUES (237408, 2008, '23', '', '', '', '', '', '', '', '', 'التربية الفنية ', '', '');
INSERT INTO `lk9v6_users` (`name`, `email`, `usertype`) VALUES ('روجينا ميشيل مرقص عبدالمسيح ', '', 'الخريجين');
INSERT INTO `lk9v6_alumni_main` (`id`, `user_id`, `approved`) VALUES (237409, 237409, 1);
INSERT INTO `lk9v6_alumni_data` (`alumni_id`, `graduation_year`, `fid`, `job`, `address`, `city`, `country`, `phone`, `gid`, `mobile`, `nationalnumber`, `department`, `division`, `with_honor`) VALUES (237409, 2008, '23', '', '', '', '', '', '', '', '', 'التربية الفنية ', '', '');
INSERT INTO `lk9v6_users` (`name`, `email`, `usertype`) VALUES ('ريم عبدالسلام السيد محمد بدوى ', '', 'الخريجين');
INSERT INTO `lk9v6_alumni_main` (`id`, `user_id`, `approved`) VALUES (237410, 237410, 1);
INSERT INTO `lk9v6_alumni_data` (`alumni_id`, `graduation_year`, `fid`, `job`, `address`, `city`, `country`, `phone`, `gid`, `mobile`, `nationalnumber`, `department`, `division`, `with_honor`) VALUES (237410, 2008, '23', '', '', '', '', '', '', '', '', 'التربية الفنية ', '', '');
INSERT INTO `lk9v6_users` (`name`, `email`, `usertype`) VALUES ('سارة محمد ابراهيم على بعدالحميد ', '', 'الخريجين');
INSERT INTO `lk9v6_alumni_main` (`id`, `user_id`, `approved`) VALUES (237411, 237411, 1);
INSERT INTO `lk9v6_alumni_data` (`alumni_id`, `graduation_year`, `fid`, `job`, `address`, `city`, `country`, `phone`, `gid`, `mobile`, `nationalnumber`, `department`, `division`, `with_honor`) VALUES (237411, 2008, '23', '', '', '', '', '', '', '', '', 'التربية الفنية ', '', '');
INSERT INTO `lk9v6_users` (`name`, `email`, `usertype`) VALUES ('سماء ابراهيم على فرج مصطفى', '', 'الخريجين');
INSERT INTO `lk9v6_alumni_main` (`id`, `user_id`, `approved`) VALUES (237412, 237412, 1);
INSERT INTO `lk9v6_alumni_data` (`alumni_id`, `graduation_year`, `fid`, `job`, `address`, `city`, `country`, `phone`, `gid`, `mobile`, `nationalnumber`, `department`, `division`, `with_honor`) VALUES (237412, 2008, '23', '', '', '', '', '', '', '', '', 'التربية الفنية ', '', '');
INSERT INTO `lk9v6_users` (`name`, `email`, `usertype`) VALUES ('صفية ابراهيم محمد غازى ', '', 'الخريجين');
INSERT INTO `lk9v6_alumni_main` (`id`, `user_id`, `approved`) VALUES (237413, 237413, 1);
INSERT INTO `lk9v6_alumni_data` (`alumni_id`, `graduation_year`, `fid`, `job`, `address`, `city`, `country`, `phone`, `gid`, `mobile`, `nationalnumber`, `department`, `division`, `with_honor`) VALUES (237413, 2008, '23', '', '', '', '', '', '', '', '', 'التربية الفنية ', '', '');
INSERT INTO `lk9v6_users` (`name`, `email`, `usertype`) VALUES ('عبير عنتر شحاتة سعد ', '', 'الخريجين');
INSERT INTO `lk9v6_alumni_main` (`id`, `user_id`, `approved`) VALUES (237414, 237414, 1);
INSERT INTO `lk9v6_alumni_data` (`alumni_id`, `graduation_year`, `fid`, `job`, `address`, `city`, `country`, `phone`, `gid`, `mobile`, `nationalnumber`, `department`, `division`, `with_honor`) VALUES (237414, 2008, '23', '', '', '', '', '', '', '', '', 'التربية الفنية ', '', '');
INSERT INTO `lk9v6_users` (`name`, `email`, `usertype`) VALUES ('على سعد الله على محمد المجيجي ', '', 'الخريجين');
INSERT INTO `lk9v6_alumni_main` (`id`, `user_id`, `approved`) VALUES (237415, 237415, 1);
INSERT INTO `lk9v6_alumni_data` (`alumni_id`, `graduation_year`, `fid`, `job`, `address`, `city`, `country`, `phone`, `gid`, `mobile`, `nationalnumber`, `department`, `division`, `with_honor`) VALUES (237415, 2008, '23', '', '', '', '', '', '', '', '', 'التربية الفنية ', '', '');
INSERT INTO `lk9v6_users` (`name`, `email`, `usertype`) VALUES ('فتحية محمد محمد رشاد الاحمر', '', 'الخريجين');
INSERT INTO `lk9v6_alumni_main` (`id`, `user_id`, `approved`) VALUES (237416, 237416, 1);
INSERT INTO `lk9v6_alumni_data` (`alumni_id`, `graduation_year`, `fid`, `job`, `address`, `city`, `country`, `phone`, `gid`, `mobile`, `nationalnumber`, `department`, `division`, `with_honor`) VALUES (237416, 2008, '23', '', '', '', '', '', '', '', '', 'التربية الفنية ', '', '');
INSERT INTO `lk9v6_users` (`name`, `email`, `usertype`) VALUES ('محمد فوزى السيد غبينة ', '', 'الخريجين');
INSERT INTO `lk9v6_alumni_main` (`id`, `user_id`, `approved`) VALUES (237417, 237417, 1);
INSERT INTO `lk9v6_alumni_data` (`alumni_id`, `graduation_year`, `fid`, `job`, `address`, `city`, `country`, `phone`, `gid`, `mobile`, `nationalnumber`, `department`, `division`, `with_honor`) VALUES (237417, 2008, '23', '', '', '', '', '', '', '', '', 'التربية الفنية ', '', '');
INSERT INTO `lk9v6_users` (`name`, `email`, `usertype`) VALUES ('مروة صالح محمد ابوالخير ', '', 'الخريجين');
INSERT INTO `lk9v6_alumni_main` (`id`, `user_id`, `approved`) VALUES (237418, 237418, 1);
INSERT INTO `lk9v6_alumni_data` (`alumni_id`, `graduation_year`, `fid`, `job`, `address`, `city`, `country`, `phone`, `gid`, `mobile`, `nationalnumber`, `department`, `division`, `with_honor`) VALUES (237418, 2008, '23', '', '', '', '', '', '', '', '', 'التربية الفنية ', '', '');
INSERT INTO `lk9v6_users` (`name`, `email`, `usertype`) VALUES ('منى السيد عبدالعزيز هندى ', '', 'الخريجين');
INSERT INTO `lk9v6_alumni_main` (`id`, `user_id`, `approved`) VALUES (237419, 237419, 1);
INSERT INTO `lk9v6_alumni_data` (`alumni_id`, `graduation_year`, `fid`, `job`, `address`, `city`, `country`, `phone`, `gid`, `mobile`, `nationalnumber`, `department`, `division`, `with_honor`) VALUES (237419, 2008, '23', '', '', '', '', '', '', '', '', 'التربية الفنية ', '', '');
INSERT INTO `lk9v6_users` (`name`, `email`, `usertype`) VALUES ('مها عبدالعزيز محمد رافت عبدالعزيز ', '', 'الخريجين');
INSERT INTO `lk9v6_alumni_main` (`id`, `user_id`, `approved`) VALUES (237420, 237420, 1);
INSERT INTO `lk9v6_alumni_data` (`alumni_id`, `graduation_year`, `fid`, `job`, `address`, `city`, `country`, `phone`, `gid`, `mobile`, `nationalnumber`, `department`, `division`, `with_honor`) VALUES (237420, 2008, '23', '', '', '', '', '', '', '', '', 'التربية الفنية ', '', '');
INSERT INTO `lk9v6_users` (`name`, `email`, `usertype`) VALUES ('نسمة هشام احمد عبده عبد الحليم ', '', 'الخريجين');
INSERT INTO `lk9v6_alumni_main` (`id`, `user_id`, `approved`) VALUES (237421, 237421, 1);
INSERT INTO `lk9v6_alumni_data` (`alumni_id`, `graduation_year`, `fid`, `job`, `address`, `city`, `country`, `phone`, `gid`, `mobile`, `nationalnumber`, `department`, `division`, `with_honor`) VALUES (237421, 2008, '23', '', '', '', '', '', '', '', '', 'التربية الفنية ', '', '');
INSERT INTO `lk9v6_users` (`name`, `email`, `usertype`) VALUES ('نورة احمد محمد على رزق ', '', 'الخريجين');
INSERT INTO `lk9v6_alumni_main` (`id`, `user_id`, `approved`) VALUES (237422, 237422, 1);
INSERT INTO `lk9v6_alumni_data` (`alumni_id`, `graduation_year`, `fid`, `job`, `address`, `city`, `country`, `phone`, `gid`, `mobile`, `nationalnumber`, `department`, `division`, `with_honor`) VALUES (237422, 2008, '23', '', '', '', '', '', '', '', '', 'التربية الفنية ', '', '');
INSERT INTO `lk9v6_users` (`name`, `email`, `usertype`) VALUES ('هالة رمضان حنفى احمد حنفى اللبان ', '', 'الخريجين');
INSERT INTO `lk9v6_alumni_main` (`id`, `user_id`, `approved`) VALUES (237423, 237423, 1);
INSERT INTO `lk9v6_alumni_data` (`alumni_id`, `graduation_year`, `fid`, `job`, `address`, `city`, `country`, `phone`, `gid`, `mobile`, `nationalnumber`, `department`, `division`, `with_honor`) VALUES (237423, 2008, '23', '', '', '', '', '', '', '', '', 'التربية الفنية ', '', '');
INSERT INTO `lk9v6_users` (`name`, `email`, `usertype`) VALUES ('هبه فؤاد محمد ابراهيم ابوعاصى ', '', 'الخريجين');
INSERT INTO `lk9v6_alumni_main` (`id`, `user_id`, `approved`) VALUES (237424, 237424, 1);
INSERT INTO `lk9v6_alumni_data` (`alumni_id`, `graduation_year`, `fid`, `job`, `address`, `city`, `country`, `phone`, `gid`, `mobile`, `nationalnumber`, `department`, `division`, `with_honor`) VALUES (237424, 2008, '23', '', '', '', '', '', '', '', '', 'التربية الفنية ', '', '');
INSERT INTO `lk9v6_users` (`name`, `email`, `usertype`) VALUES ('هند البدرى عزاز عبدالرحيم ', '', 'الخريجين');
INSERT INTO `lk9v6_alumni_main` (`id`, `user_id`, `approved`) VALUES (237425, 237425, 1);
INSERT INTO `lk9v6_alumni_data` (`alumni_id`, `graduation_year`, `fid`, `job`, `address`, `city`, `country`, `phone`, `gid`, `mobile`, `nationalnumber`, `department`, `division`, `with_honor`) VALUES (237425, 2008, '23', '', '', '', '', '', '', '', '', 'التربية الفنية ', '', '');
INSERT INTO `lk9v6_users` (`name`, `email`, `usertype`) VALUES ('وفاء المحسن سعيد احمد ', '', 'الخريجين');
INSERT INTO `lk9v6_alumni_main` (`id`, `user_id`, `approved`) VALUES (237426, 237426, 1);
INSERT INTO `lk9v6_alumni_data` (`alumni_id`, `graduation_year`, `fid`, `job`, `address`, `city`, `country`, `phone`, `gid`, `mobile`, `nationalnumber`, `department`, `division`, `with_honor`) VALUES (237426, 2008, '23', '', '', '', '', '', '', '', '', 'التربية الفنية ', '', '');
INSERT INTO `lk9v6_users` (`name`, `email`, `usertype`) VALUES ('اسراء حمدى حلمى محمد عبدالكريم ', '', 'الخريجين');
INSERT INTO `lk9v6_alumni_main` (`id`, `user_id`, `approved`) VALUES (237427, 237427, 1);
INSERT INTO `lk9v6_alumni_data` (`alumni_id`, `graduation_year`, `fid`, `job`, `address`, `city`, `country`, `phone`, `gid`, `mobile`, `nationalnumber`, `department`, `division`, `with_honor`) VALUES (237427, 2008, '23', '', '', '', '', '', '', '', '', 'التربية الفنية ', '', '');
INSERT INTO `lk9v6_users` (`name`, `email`, `usertype`) VALUES ('اسماء احمد عبدالهادى محمد محمود ', '', 'الخريجين');
INSERT INTO `lk9v6_alumni_main` (`id`, `user_id`, `approved`) VALUES (237428, 237428, 1);
INSERT INTO `lk9v6_alumni_data` (`alumni_id`, `graduation_year`, `fid`, `job`, `address`, `city`, `country`, `phone`, `gid`, `mobile`, `nationalnumber`, `department`, `division`, `with_honor`) VALUES (237428, 2008, '23', '', '', '', '', '', '', '', '', 'التربية الفنية ', '', '');
INSERT INTO `lk9v6_users` (`name`, `email`, `usertype`) VALUES ('اسماء ايهاب مختار ابوالنصر ', '', 'الخريجين');
INSERT INTO `lk9v6_alumni_main` (`id`, `user_id`, `approved`) VALUES (237429, 237429, 1);
INSERT INTO `lk9v6_alumni_data` (`alumni_id`, `graduation_year`, `fid`, `job`, `address`, `city`, `country`, `phone`, `gid`, `mobile`, `nationalnumber`, `department`, `division`, `with_honor`) VALUES (237429, 2008, '23', '', '', '', '', '', '', '', '', 'التربية الفنية ', '', '');
INSERT INTO `lk9v6_users` (`name`, `email`, `usertype`) VALUES ('اسماء حمدى حافظ محمد الديب ', '', 'الخريجين');
INSERT INTO `lk9v6_alumni_main` (`id`, `user_id`, `approved`) VALUES (237430, 237430, 1);
INSERT INTO `lk9v6_alumni_data` (`alumni_id`, `graduation_year`, `fid`, `job`, `address`, `city`, `country`, `phone`, `gid`, `mobile`, `nationalnumber`, `department`, `division`, `with_honor`) VALUES (237430, 2008, '23', '', '', '', '', '', '', '', '', 'التربية الفنية ', '', '');
INSERT INTO `lk9v6_users` (`name`, `email`, `usertype`) VALUES ('اسماء ربيع امين ابوالقاسم ', '', 'الخريجين');
INSERT INTO `lk9v6_alumni_main` (`id`, `user_id`, `approved`) VALUES (237431, 237431, 1);
INSERT INTO `lk9v6_alumni_data` (`alumni_id`, `graduation_year`, `fid`, `job`, `address`, `city`, `country`, `phone`, `gid`, `mobile`, `nationalnumber`, `department`, `division`, `with_honor`) VALUES (237431, 2008, '23', '', '', '', '', '', '', '', '', 'التربية الفنية ', '', '');
INSERT INTO `lk9v6_users` (`name`, `email`, `usertype`) VALUES ('اسماء عاشور محمود على عاشور', '', 'الخريجين');
INSERT INTO `lk9v6_alumni_main` (`id`, `user_id`, `approved`) VALUES (237432, 237432, 1);
INSERT INTO `lk9v6_alumni_data` (`alumni_id`, `graduation_year`, `fid`, `job`, `address`, `city`, `country`, `phone`, `gid`, `mobile`, `nationalnumber`, `department`, `division`, `with_honor`) VALUES (237432, 2008, '23', '', '', '', '', '', '', '', '', 'التربية الفنية ', '', '');
INSERT INTO `lk9v6_users` (`name`, `email`, `usertype`) VALUES ('اسماء عبدالمنصف محمد ابوسمرة ', '', 'الخريجين');
INSERT INTO `lk9v6_alumni_main` (`id`, `user_id`, `approved`) VALUES (237433, 237433, 1);
INSERT INTO `lk9v6_alumni_data` (`alumni_id`, `graduation_year`, `fid`, `job`, `address`, `city`, `country`, `phone`, `gid`, `mobile`, `nationalnumber`, `department`, `division`, `with_honor`) VALUES (237433, 2008, '23', '', '', '', '', '', '', '', '', 'التربية الفنية ', '', '');
INSERT INTO `lk9v6_users` (`name`, `email`, `usertype`) VALUES ('اسماء محمد على محمود الجوهرى ', '', 'الخريجين');
INSERT INTO `lk9v6_alumni_main` (`id`, `user_id`, `approved`) VALUES (237434, 237434, 1);
INSERT INTO `lk9v6_alumni_data` (`alumni_id`, `graduation_year`, `fid`, `job`, `address`, `city`, `country`, `phone`, `gid`, `mobile`, `nationalnumber`, `department`, `division`, `with_honor`) VALUES (237434, 2008, '23', '', '', '', '', '', '', '', '', 'التربية الفنية ', '', '');
INSERT INTO `lk9v6_users` (`name`, `email`, `usertype`) VALUES ('اسماء محمد محمود مصطفى ', '', 'الخريجين');
INSERT INTO `lk9v6_alumni_main` (`id`, `user_id`, `approved`) VALUES (237435, 237435, 1);
INSERT INTO `lk9v6_alumni_data` (`alumni_id`, `graduation_year`, `fid`, `job`, `address`, `city`, `country`, `phone`, `gid`, `mobile`, `nationalnumber`, `department`, `division`, `with_honor`) VALUES (237435, 2008, '23', '', '', '', '', '', '', '', '', 'التربية الفنية ', '', '');
INSERT INTO `lk9v6_users` (`name`, `email`, `usertype`) VALUES ('الاء حسن مسعد محمد محمود ', '', 'الخريجين');
INSERT INTO `lk9v6_alumni_main` (`id`, `user_id`, `approved`) VALUES (237436, 237436, 1);
INSERT INTO `lk9v6_alumni_data` (`alumni_id`, `graduation_year`, `fid`, `job`, `address`, `city`, `country`, `phone`, `gid`, `mobile`, `nationalnumber`, `department`, `division`, `with_honor`) VALUES (237436, 2008, '23', '', '', '', '', '', '', '', '', 'التربية الفنية ', '', '');
INSERT INTO `lk9v6_users` (`name`, `email`, `usertype`) VALUES ('امانى سامى عبدالمنعم محمد احمد ', '', 'الخريجين');
INSERT INTO `lk9v6_alumni_main` (`id`, `user_id`, `approved`) VALUES (237437, 237437, 1);
INSERT INTO `lk9v6_alumni_data` (`alumni_id`, `graduation_year`, `fid`, `job`, `address`, `city`, `country`, `phone`, `gid`, `mobile`, `nationalnumber`, `department`, `division`, `with_honor`) VALUES (237437, 2008, '23', '', '', '', '', '', '', '', '', 'التربية الفنية ', '', '');
INSERT INTO `lk9v6_users` (`name`, `email`, `usertype`) VALUES ('امل ثراء جلال الدين خليل شكرى ', '', 'الخريجين');
INSERT INTO `lk9v6_alumni_main` (`id`, `user_id`, `approved`) VALUES (237438, 237438, 1);
INSERT INTO `lk9v6_alumni_data` (`alumni_id`, `graduation_year`, `fid`, `job`, `address`, `city`, `country`, `phone`, `gid`, `mobile`, `nationalnumber`, `department`, `division`, `with_honor`) VALUES (237438, 2008, '23', '', '', '', '', '', '', '', '', 'التربية الفنية ', '', '');
INSERT INTO `lk9v6_users` (`name`, `email`, `usertype`) VALUES ('امل صبرى محمد حسين علام ', '', 'الخريجين');
INSERT INTO `lk9v6_alumni_main` (`id`, `user_id`, `approved`) VALUES (237439, 237439, 1);
INSERT INTO `lk9v6_alumni_data` (`alumni_id`, `graduation_year`, `fid`, `job`, `address`, `city`, `country`, `phone`, `gid`, `mobile`, `nationalnumber`, `department`, `division`, `with_honor`) VALUES (237439, 2008, '23', '', '', '', '', '', '', '', '', 'التربية الفنية ', '', '');
INSERT INTO `lk9v6_users` (`name`, `email`, `usertype`) VALUES ('امل مختار احمد عبدالله الساخى', '', 'الخريجين');
INSERT INTO `lk9v6_alumni_main` (`id`, `user_id`, `approved`) VALUES (237440, 237440, 1);
INSERT INTO `lk9v6_alumni_data` (`alumni_id`, `graduation_year`, `fid`, `job`, `address`, `city`, `country`, `phone`, `gid`, `mobile`, `nationalnumber`, `department`, `division`, `with_honor`) VALUES (237440, 2008, '23', '', '', '', '', '', '', '', '', 'التربية الفنية ', '', '');
INSERT INTO `lk9v6_users` (`name`, `email`, `usertype`) VALUES ('امنية كامل على فهمى ', '', 'الخريجين');
INSERT INTO `lk9v6_alumni_main` (`id`, `user_id`, `approved`) VALUES (237441, 237441, 1);
INSERT INTO `lk9v6_alumni_data` (`alumni_id`, `graduation_year`, `fid`, `job`, `address`, `city`, `country`, `phone`, `gid`, `mobile`, `nationalnumber`, `department`, `division`, `with_honor`) VALUES (237441, 2008, '23', '', '', '', '', '', '', '', '', 'التربية الفنية ', '', '');
INSERT INTO `lk9v6_users` (`name`, `email`, `usertype`) VALUES ('امنية مجدى فوزى محمد على ', '', 'الخريجين');
INSERT INTO `lk9v6_alumni_main` (`id`, `user_id`, `approved`) VALUES (237442, 237442, 1);
INSERT INTO `lk9v6_alumni_data` (`alumni_id`, `graduation_year`, `fid`, `job`, `address`, `city`, `country`, `phone`, `gid`, `mobile`, `nationalnumber`, `department`, `division`, `with_honor`) VALUES (237442, 2008, '23', '', '', '', '', '', '', '', '', 'التربية الفنية ', '', '');
INSERT INTO `lk9v6_users` (`name`, `email`, `usertype`) VALUES ('امنية نصر احمد احمد بلبع ', '', 'الخريجين');
INSERT INTO `lk9v6_alumni_main` (`id`, `user_id`, `approved`) VALUES (237443, 237443, 1);
INSERT INTO `lk9v6_alumni_data` (`alumni_id`, `graduation_year`, `fid`, `job`, `address`, `city`, `country`, `phone`, `gid`, `mobile`, `nationalnumber`, `department`, `division`, `with_honor`) VALUES (237443, 2008, '23', '', '', '', '', '', '', '', '', 'التربية الفنية ', '', '');
INSERT INTO `lk9v6_users` (`name`, `email`, `usertype`) VALUES ('اميرة زين العابدين ابوالفتح عبده ', '', 'الخريجين');
INSERT INTO `lk9v6_alumni_main` (`id`, `user_id`, `approved`) VALUES (237444, 237444, 1);
INSERT INTO `lk9v6_alumni_data` (`alumni_id`, `graduation_year`, `fid`, `job`, `address`, `city`, `country`, `phone`, `gid`, `mobile`, `nationalnumber`, `department`, `division`, `with_honor`) VALUES (237444, 2008, '23', '', '', '', '', '', '', '', '', 'التربية الفنية ', '', '');
INSERT INTO `lk9v6_users` (`name`, `email`, `usertype`) VALUES ('اميرة سعد مرسي على حسن ', '', 'الخريجين');
INSERT INTO `lk9v6_alumni_main` (`id`, `user_id`, `approved`) VALUES (237445, 237445, 1);
INSERT INTO `lk9v6_alumni_data` (`alumni_id`, `graduation_year`, `fid`, `job`, `address`, `city`, `country`, `phone`, `gid`, `mobile`, `nationalnumber`, `department`, `division`, `with_honor`) VALUES (237445, 2008, '23', '', '', '', '', '', '', '', '', 'التربية الفنية ', '', '');
INSERT INTO `lk9v6_users` (`name`, `email`, `usertype`) VALUES ('اميرة عطا محمد على كامل ', '', 'الخريجين');
INSERT INTO `lk9v6_alumni_main` (`id`, `user_id`, `approved`) VALUES (237446, 237446, 1);
INSERT INTO `lk9v6_alumni_data` (`alumni_id`, `graduation_year`, `fid`, `job`, `address`, `city`, `country`, `phone`, `gid`, `mobile`, `nationalnumber`, `department`, `division`, `with_honor`) VALUES (237446, 2008, '23', '', '', '', '', '', '', '', '', 'التربية الفنية ', '', '');
INSERT INTO `lk9v6_users` (`name`, `email`, `usertype`) VALUES ('اميرة فوزى عبدالرحمن الحوفى ', '', 'الخريجين');
INSERT INTO `lk9v6_alumni_main` (`id`, `user_id`, `approved`) VALUES (237447, 237447, 1);
INSERT INTO `lk9v6_alumni_data` (`alumni_id`, `graduation_year`, `fid`, `job`, `address`, `city`, `country`, `phone`, `gid`, `mobile`, `nationalnumber`, `department`, `division`, `with_honor`) VALUES (237447, 2008, '23', '', '', '', '', '', '', '', '', 'التربية الفنية ', '', '');
INSERT INTO `lk9v6_users` (`name`, `email`, `usertype`) VALUES ('اميرة محمود محمد محمود حسن ', '', 'الخريجين');
INSERT INTO `lk9v6_alumni_main` (`id`, `user_id`, `approved`) VALUES (237448, 237448, 1);
INSERT INTO `lk9v6_alumni_data` (`alumni_id`, `graduation_year`, `fid`, `job`, `address`, `city`, `country`, `phone`, `gid`, `mobile`, `nationalnumber`, `department`, `division`, `with_honor`) VALUES (237448, 2008, '23', '', '', '', '', '', '', '', '', 'التربية الفنية ', '', '');
INSERT INTO `lk9v6_users` (`name`, `email`, `usertype`) VALUES ('اميمة صلاح السيد عطوه ', '', 'الخريجين');
INSERT INTO `lk9v6_alumni_main` (`id`, `user_id`, `approved`) VALUES (237449, 237449, 1);
INSERT INTO `lk9v6_alumni_data` (`alumni_id`, `graduation_year`, `fid`, `job`, `address`, `city`, `country`, `phone`, `gid`, `mobile`, `nationalnumber`, `department`, `division`, `with_honor`) VALUES (237449, 2008, '23', '', '', '', '', '', '', '', '', 'التربية الفنية ', '', '');
INSERT INTO `lk9v6_users` (`name`, `email`, `usertype`) VALUES ('انجى محسن محمد اسماعيل الخولى ', '', 'الخريجين');
INSERT INTO `lk9v6_alumni_main` (`id`, `user_id`, `approved`) VALUES (237450, 237450, 1);
INSERT INTO `lk9v6_alumni_data` (`alumni_id`, `graduation_year`, `fid`, `job`, `address`, `city`, `country`, `phone`, `gid`, `mobile`, `nationalnumber`, `department`, `division`, `with_honor`) VALUES (237450, 2008, '23', '', '', '', '', '', '', '', '', 'التربية الفنية ', '', '');
INSERT INTO `lk9v6_users` (`name`, `email`, `usertype`) VALUES ('ايمان السيد احمد السيد زعلوك ', '', 'الخريجين');
INSERT INTO `lk9v6_alumni_main` (`id`, `user_id`, `approved`) VALUES (237451, 237451, 1);
INSERT INTO `lk9v6_alumni_data` (`alumni_id`, `graduation_year`, `fid`, `job`, `address`, `city`, `country`, `phone`, `gid`, `mobile`, `nationalnumber`, `department`, `division`, `with_honor`) VALUES (237451, 2008, '23', '', '', '', '', '', '', '', '', 'التربية الفنية ', '', '');
INSERT INTO `lk9v6_users` (`name`, `email`, `usertype`) VALUES ('ايمان عبدالغنى محمد رجب', '', 'الخريجين');
INSERT INTO `lk9v6_alumni_main` (`id`, `user_id`, `approved`) VALUES (237452, 237452, 1);
INSERT INTO `lk9v6_alumni_data` (`alumni_id`, `graduation_year`, `fid`, `job`, `address`, `city`, `country`, `phone`, `gid`, `mobile`, `nationalnumber`, `department`, `division`, `with_honor`) VALUES (237452, 2008, '23', '', '', '', '', '', '', '', '', 'التربية الفنية ', '', '');
INSERT INTO `lk9v6_users` (`name`, `email`, `usertype`) VALUES ('ايمان عبد الفتاح ثابت عبدالفتاح ', '', 'الخريجين');
INSERT INTO `lk9v6_alumni_main` (`id`, `user_id`, `approved`) VALUES (237453, 237453, 1);
INSERT INTO `lk9v6_alumni_data` (`alumni_id`, `graduation_year`, `fid`, `job`, `address`, `city`, `country`, `phone`, `gid`, `mobile`, `nationalnumber`, `department`, `division`, `with_honor`) VALUES (237453, 2008, '23', '', '', '', '', '', '', '', '', 'التربية الفنية ', '', '');
INSERT INTO `lk9v6_users` (`name`, `email`, `usertype`) VALUES ('ايمان عبدالفتاح محمود حسن ابوالغيط ', '', 'الخريجين');
INSERT INTO `lk9v6_alumni_main` (`id`, `user_id`, `approved`) VALUES (237454, 237454, 1);
INSERT INTO `lk9v6_alumni_data` (`alumni_id`, `graduation_year`, `fid`, `job`, `address`, `city`, `country`, `phone`, `gid`, `mobile`, `nationalnumber`, `department`, `division`, `with_honor`) VALUES (237454, 2008, '23', '', '', '', '', '', '', '', '', 'التربية الفنية ', '', '');
INSERT INTO `lk9v6_users` (`name`, `email`, `usertype`) VALUES ('ايمان عبدالناصر زكى محمود سعد ', '', 'الخريجين');
INSERT INTO `lk9v6_alumni_main` (`id`, `user_id`, `approved`) VALUES (237455, 237455, 1);
INSERT INTO `lk9v6_alumni_data` (`alumni_id`, `graduation_year`, `fid`, `job`, `address`, `city`, `country`, `phone`, `gid`, `mobile`, `nationalnumber`, `department`, `division`, `with_honor`) VALUES (237455, 2008, '23', '', '', '', '', '', '', '', '', 'التربية الفنية ', '', '');
INSERT INTO `lk9v6_users` (`name`, `email`, `usertype`) VALUES ('ايمان عمر سلامة جبر ', '', 'الخريجين');
INSERT INTO `lk9v6_alumni_main` (`id`, `user_id`, `approved`) VALUES (237456, 237456, 1);
INSERT INTO `lk9v6_alumni_data` (`alumni_id`, `graduation_year`, `fid`, `job`, `address`, `city`, `country`, `phone`, `gid`, `mobile`, `nationalnumber`, `department`, `division`, `with_honor`) VALUES (237456, 2008, '23', '', '', '', '', '', '', '', '', 'التربية الفنية ', '', '');
INSERT INTO `lk9v6_users` (`name`, `email`, `usertype`) VALUES ('ايمان فتحى احمد بدر ', '', 'الخريجين');
INSERT INTO `lk9v6_alumni_main` (`id`, `user_id`, `approved`) VALUES (237457, 237457, 1);
INSERT INTO `lk9v6_alumni_data` (`alumni_id`, `graduation_year`, `fid`, `job`, `address`, `city`, `country`, `phone`, `gid`, `mobile`, `nationalnumber`, `department`, `division`, `with_honor`) VALUES (237457, 2008, '23', '', '', '', '', '', '', '', '', 'التربية الفنية ', '', '');
INSERT INTO `lk9v6_users` (`name`, `email`, `usertype`) VALUES ('ايمان يحيي عبدالحميد عبد العزيز ', '', 'الخريجين');
INSERT INTO `lk9v6_alumni_main` (`id`, `user_id`, `approved`) VALUES (237458, 237458, 1);
INSERT INTO `lk9v6_alumni_data` (`alumni_id`, `graduation_year`, `fid`, `job`, `address`, `city`, `country`, `phone`, `gid`, `mobile`, `nationalnumber`, `department`, `division`, `with_honor`) VALUES (237458, 2008, '23', '', '', '', '', '', '', '', '', 'التربية الفنية ', '', '');
INSERT INTO `lk9v6_users` (`name`, `email`, `usertype`) VALUES ('ايه محمد صابر احمد موسي ', '', 'الخريجين');
INSERT INTO `lk9v6_alumni_main` (`id`, `user_id`, `approved`) VALUES (237459, 237459, 1);
INSERT INTO `lk9v6_alumni_data` (`alumni_id`, `graduation_year`, `fid`, `job`, `address`, `city`, `country`, `phone`, `gid`, `mobile`, `nationalnumber`, `department`, `division`, `with_honor`) VALUES (237459, 2008, '23', '', '', '', '', '', '', '', '', 'التربية الفنية ', '', '');
INSERT INTO `lk9v6_users` (`name`, `email`, `usertype`) VALUES ('بسنت علاء الدين محمود دراج ', '', 'الخريجين');
INSERT INTO `lk9v6_alumni_main` (`id`, `user_id`, `approved`) VALUES (237460, 237460, 1);
INSERT INTO `lk9v6_alumni_data` (`alumni_id`, `graduation_year`, `fid`, `job`, `address`, `city`, `country`, `phone`, `gid`, `mobile`, `nationalnumber`, `department`, `division`, `with_honor`) VALUES (237460, 2008, '23', '', '', '', '', '', '', '', '', 'التربية الفنية ', '', '');
INSERT INTO `lk9v6_users` (`name`, `email`, `usertype`) VALUES ('تغريد احمد عبد الهادى قمبر', '', 'الخريجين');
INSERT INTO `lk9v6_alumni_main` (`id`, `user_id`, `approved`) VALUES (237461, 237461, 1);
INSERT INTO `lk9v6_alumni_data` (`alumni_id`, `graduation_year`, `fid`, `job`, `address`, `city`, `country`, `phone`, `gid`, `mobile`, `nationalnumber`, `department`, `division`, `with_honor`) VALUES (237461, 2008, '23', '', '', '', '', '', '', '', '', 'التربية الفنية ', '', '');
INSERT INTO `lk9v6_users` (`name`, `email`, `usertype`) VALUES ('جيزيل جورج جيد يوسف', '', 'الخريجين');
INSERT INTO `lk9v6_alumni_main` (`id`, `user_id`, `approved`) VALUES (237462, 237462, 1);
INSERT INTO `lk9v6_alumni_data` (`alumni_id`, `graduation_year`, `fid`, `job`, `address`, `city`, `country`, `phone`, `gid`, `mobile`, `nationalnumber`, `department`, `division`, `with_honor`) VALUES (237462, 2008, '23', '', '', '', '', '', '', '', '', 'التربية الفنية ', '', '');
INSERT INTO `lk9v6_users` (`name`, `email`, `usertype`) VALUES ('حنان احمد عبد المنعم بدر', '', 'الخريجين');
INSERT INTO `lk9v6_alumni_main` (`id`, `user_id`, `approved`) VALUES (237463, 237463, 1);
INSERT INTO `lk9v6_alumni_data` (`alumni_id`, `graduation_year`, `fid`, `job`, `address`, `city`, `country`, `phone`, `gid`, `mobile`, `nationalnumber`, `department`, `division`, `with_honor`) VALUES (237463, 2008, '23', '', '', '', '', '', '', '', '', 'التربية الفنية ', '', '');
INSERT INTO `lk9v6_users` (`name`, `email`, `usertype`) VALUES ('داليا محمود ابراهيم محمود عبدالمجيد ', '', 'الخريجين');
INSERT INTO `lk9v6_alumni_main` (`id`, `user_id`, `approved`) VALUES (237464, 237464, 1);
INSERT INTO `lk9v6_alumni_data` (`alumni_id`, `graduation_year`, `fid`, `job`, `address`, `city`, `country`, `phone`, `gid`, `mobile`, `nationalnumber`, `department`, `division`, `with_honor`) VALUES (237464, 2008, '23', '', '', '', '', '', '', '', '', 'التربية الفنية ', '', '');
INSERT INTO `lk9v6_users` (`name`, `email`, `usertype`) VALUES ('دعاء محمد عبد الوهاب عبد الوهاب', '', 'الخريجين');
INSERT INTO `lk9v6_alumni_main` (`id`, `user_id`, `approved`) VALUES (237465, 237465, 1);
INSERT INTO `lk9v6_alumni_data` (`alumni_id`, `graduation_year`, `fid`, `job`, `address`, `city`, `country`, `phone`, `gid`, `mobile`, `nationalnumber`, `department`, `division`, `with_honor`) VALUES (237465, 2008, '23', '', '', '', '', '', '', '', '', 'التربية الفنية ', '', '');
INSERT INTO `lk9v6_users` (`name`, `email`, `usertype`) VALUES ('دينا انور ابوضيف احمد ', '', 'الخريجين');
INSERT INTO `lk9v6_alumni_main` (`id`, `user_id`, `approved`) VALUES (237466, 237466, 1);
INSERT INTO `lk9v6_alumni_data` (`alumni_id`, `graduation_year`, `fid`, `job`, `address`, `city`, `country`, `phone`, `gid`, `mobile`, `nationalnumber`, `department`, `division`, `with_honor`) VALUES (237466, 2008, '23', '', '', '', '', '', '', '', '', 'التربية الفنية ', '', '');
INSERT INTO `lk9v6_users` (`name`, `email`, `usertype`) VALUES ('دينا محمد ابو المجد محمود ابراهيم ', '', 'الخريجين');
INSERT INTO `lk9v6_alumni_main` (`id`, `user_id`, `approved`) VALUES (237467, 237467, 1);
INSERT INTO `lk9v6_alumni_data` (`alumni_id`, `graduation_year`, `fid`, `job`, `address`, `city`, `country`, `phone`, `gid`, `mobile`, `nationalnumber`, `department`, `division`, `with_honor`) VALUES (237467, 2008, '23', '', '', '', '', '', '', '', '', 'التربية الفنية ', '', '');
INSERT INTO `lk9v6_users` (`name`, `email`, `usertype`) VALUES ('راغب شعبان راغب جودة ', '', 'الخريجين');
INSERT INTO `lk9v6_alumni_main` (`id`, `user_id`, `approved`) VALUES (237468, 237468, 1);
INSERT INTO `lk9v6_alumni_data` (`alumni_id`, `graduation_year`, `fid`, `job`, `address`, `city`, `country`, `phone`, `gid`, `mobile`, `nationalnumber`, `department`, `division`, `with_honor`) VALUES (237468, 2008, '23', '', '', '', '', '', '', '', '', 'التربية الفنية ', '', '');
INSERT INTO `lk9v6_users` (`name`, `email`, `usertype`) VALUES ('ربا سامى محمد سعيد محمود سليمان ', '', 'الخريجين');
INSERT INTO `lk9v6_alumni_main` (`id`, `user_id`, `approved`) VALUES (237469, 237469, 1);
INSERT INTO `lk9v6_alumni_data` (`alumni_id`, `graduation_year`, `fid`, `job`, `address`, `city`, `country`, `phone`, `gid`, `mobile`, `nationalnumber`, `department`, `division`, `with_honor`) VALUES (237469, 2008, '23', '', '', '', '', '', '', '', '', 'التربية الفنية ', '', '');
INSERT INTO `lk9v6_users` (`name`, `email`, `usertype`) VALUES ('رحاب علاء الدين عبدالباسط محمد ', '', 'الخريجين');
INSERT INTO `lk9v6_alumni_main` (`id`, `user_id`, `approved`) VALUES (237470, 237470, 1);
INSERT INTO `lk9v6_alumni_data` (`alumni_id`, `graduation_year`, `fid`, `job`, `address`, `city`, `country`, `phone`, `gid`, `mobile`, `nationalnumber`, `department`, `division`, `with_honor`) VALUES (237470, 2008, '23', '', '', '', '', '', '', '', '', 'التربية الفنية ', '', '');
INSERT INTO `lk9v6_users` (`name`, `email`, `usertype`) VALUES ('رضوى حسنى محمد سليم ', '', 'الخريجين');
INSERT INTO `lk9v6_alumni_main` (`id`, `user_id`, `approved`) VALUES (237471, 237471, 1);
INSERT INTO `lk9v6_alumni_data` (`alumni_id`, `graduation_year`, `fid`, `job`, `address`, `city`, `country`, `phone`, `gid`, `mobile`, `nationalnumber`, `department`, `division`, `with_honor`) VALUES (237471, 2008, '23', '', '', '', '', '', '', '', '', 'التربية الفنية ', '', '');
INSERT INTO `lk9v6_users` (`name`, `email`, `usertype`) VALUES ('رضوى صبحى صابر الدمرداش ', '', 'الخريجين');
INSERT INTO `lk9v6_alumni_main` (`id`, `user_id`, `approved`) VALUES (237472, 237472, 1);
INSERT INTO `lk9v6_alumni_data` (`alumni_id`, `graduation_year`, `fid`, `job`, `address`, `city`, `country`, `phone`, `gid`, `mobile`, `nationalnumber`, `department`, `division`, `with_honor`) VALUES (237472, 2008, '23', '', '', '', '', '', '', '', '', 'التربية الفنية ', '', '');
INSERT INTO `lk9v6_users` (`name`, `email`, `usertype`) VALUES ('ريهام ابراهيم خليل عبدالقادر', '', 'الخريجين');
INSERT INTO `lk9v6_alumni_main` (`id`, `user_id`, `approved`) VALUES (237473, 237473, 1);
INSERT INTO `lk9v6_alumni_data` (`alumni_id`, `graduation_year`, `fid`, `job`, `address`, `city`, `country`, `phone`, `gid`, `mobile`, `nationalnumber`, `department`, `division`, `with_honor`) VALUES (237473, 2008, '23', '', '', '', '', '', '', '', '', 'التربية الفنية ', '', '');
INSERT INTO `lk9v6_users` (`name`, `email`, `usertype`) VALUES ('ريهام السيد مرسي محمد موصلى ', '', 'الخريجين');
INSERT INTO `lk9v6_alumni_main` (`id`, `user_id`, `approved`) VALUES (237474, 237474, 1);
INSERT INTO `lk9v6_alumni_data` (`alumni_id`, `graduation_year`, `fid`, `job`, `address`, `city`, `country`, `phone`, `gid`, `mobile`, `nationalnumber`, `department`, `division`, `with_honor`) VALUES (237474, 2008, '23', '', '', '', '', '', '', '', '', 'التربية الفنية ', '', '');
INSERT INTO `lk9v6_users` (`name`, `email`, `usertype`) VALUES ('ريهام القويرى خميس ابراهيم سلامة ', '', 'الخريجين');
INSERT INTO `lk9v6_alumni_main` (`id`, `user_id`, `approved`) VALUES (237475, 237475, 1);
INSERT INTO `lk9v6_alumni_data` (`alumni_id`, `graduation_year`, `fid`, `job`, `address`, `city`, `country`, `phone`, `gid`, `mobile`, `nationalnumber`, `department`, `division`, `with_honor`) VALUES (237475, 2008, '23', '', '', '', '', '', '', '', '', 'التربية الفنية ', '', '');
INSERT INTO `lk9v6_users` (`name`, `email`, `usertype`) VALUES ('ريهام حسن على احمد', '', 'الخريجين');
INSERT INTO `lk9v6_alumni_main` (`id`, `user_id`, `approved`) VALUES (237476, 237476, 1);
INSERT INTO `lk9v6_alumni_data` (`alumni_id`, `graduation_year`, `fid`, `job`, `address`, `city`, `country`, `phone`, `gid`, `mobile`, `nationalnumber`, `department`, `division`, `with_honor`) VALUES (237476, 2008, '23', '', '', '', '', '', '', '', '', 'التربية الفنية ', '', '');
INSERT INTO `lk9v6_users` (`name`, `email`, `usertype`) VALUES ('ريهام محمد ناجى عبدالكريم محمد عبدالفتاح ', '', 'الخريجين');
INSERT INTO `lk9v6_alumni_main` (`id`, `user_id`, `approved`) VALUES (237477, 237477, 1);
INSERT INTO `lk9v6_alumni_data` (`alumni_id`, `graduation_year`, `fid`, `job`, `address`, `city`, `country`, `phone`, `gid`, `mobile`, `nationalnumber`, `department`, `division`, `with_honor`) VALUES (237477, 2008, '23', '', '', '', '', '', '', '', '', 'التربية الفنية ', '', '');
INSERT INTO `lk9v6_users` (`name`, `email`, `usertype`) VALUES ('ريهام سعد مرسي سعد الوحش', '', 'الخريجين');
INSERT INTO `lk9v6_alumni_main` (`id`, `user_id`, `approved`) VALUES (237478, 237478, 1);
INSERT INTO `lk9v6_alumni_data` (`alumni_id`, `graduation_year`, `fid`, `job`, `address`, `city`, `country`, `phone`, `gid`, `mobile`, `nationalnumber`, `department`, `division`, `with_honor`) VALUES (237478, 2008, '23', '', '', '', '', '', '', '', '', 'التربية الفنية ', '', '');
INSERT INTO `lk9v6_users` (`name`, `email`, `usertype`) VALUES ('سارة احمد محمد عبدالحميد ', '', 'الخريجين');
INSERT INTO `lk9v6_alumni_main` (`id`, `user_id`, `approved`) VALUES (237479, 237479, 1);
INSERT INTO `lk9v6_alumni_data` (`alumni_id`, `graduation_year`, `fid`, `job`, `address`, `city`, `country`, `phone`, `gid`, `mobile`, `nationalnumber`, `department`, `division`, `with_honor`) VALUES (237479, 2008, '23', '', '', '', '', '', '', '', '', 'التربية الفنية ', '', '');
INSERT INTO `lk9v6_users` (`name`, `email`, `usertype`) VALUES ('سارة جابر السعيد الدغيدى ', '', 'الخريجين');
INSERT INTO `lk9v6_alumni_main` (`id`, `user_id`, `approved`) VALUES (237480, 237480, 1);
INSERT INTO `lk9v6_alumni_data` (`alumni_id`, `graduation_year`, `fid`, `job`, `address`, `city`, `country`, `phone`, `gid`, `mobile`, `nationalnumber`, `department`, `division`, `with_honor`) VALUES (237480, 2008, '23', '', '', '', '', '', '', '', '', 'التربية الفنية ', '', '');
INSERT INTO `lk9v6_users` (`name`, `email`, `usertype`) VALUES ('سارة على عيد محمد مختار ', '', 'الخريجين');
INSERT INTO `lk9v6_alumni_main` (`id`, `user_id`, `approved`) VALUES (237481, 237481, 1);
INSERT INTO `lk9v6_alumni_data` (`alumni_id`, `graduation_year`, `fid`, `job`, `address`, `city`, `country`, `phone`, `gid`, `mobile`, `nationalnumber`, `department`, `division`, `with_honor`) VALUES (237481, 2008, '23', '', '', '', '', '', '', '', '', 'التربية الفنية ', '', '');
INSERT INTO `lk9v6_users` (`name`, `email`, `usertype`) VALUES ('سالى احمد مصطفى المشطاوى ', '', 'الخريجين');
INSERT INTO `lk9v6_alumni_main` (`id`, `user_id`, `approved`) VALUES (237482, 237482, 1);
INSERT INTO `lk9v6_alumni_data` (`alumni_id`, `graduation_year`, `fid`, `job`, `address`, `city`, `country`, `phone`, `gid`, `mobile`, `nationalnumber`, `department`, `division`, `with_honor`) VALUES (237482, 2008, '23', '', '', '', '', '', '', '', '', 'التربية الفنية ', '', '');
INSERT INTO `lk9v6_users` (`name`, `email`, `usertype`) VALUES ('سالى سامى محمد محمود فؤاد ', '', 'الخريجين');
INSERT INTO `lk9v6_alumni_main` (`id`, `user_id`, `approved`) VALUES (237483, 237483, 1);
INSERT INTO `lk9v6_alumni_data` (`alumni_id`, `graduation_year`, `fid`, `job`, `address`, `city`, `country`, `phone`, `gid`, `mobile`, `nationalnumber`, `department`, `division`, `with_honor`) VALUES (237483, 2008, '23', '', '', '', '', '', '', '', '', 'التربية الفنية ', '', '');
INSERT INTO `lk9v6_users` (`name`, `email`, `usertype`) VALUES ('سلمى مجدى محمد علاء الدين رشيد ', '', 'الخريجين');
INSERT INTO `lk9v6_alumni_main` (`id`, `user_id`, `approved`) VALUES (237484, 237484, 1);
INSERT INTO `lk9v6_alumni_data` (`alumni_id`, `graduation_year`, `fid`, `job`, `address`, `city`, `country`, `phone`, `gid`, `mobile`, `nationalnumber`, `department`, `division`, `with_honor`) VALUES (237484, 2008, '23', '', '', '', '', '', '', '', '', 'التربية الفنية ', '', '');
INSERT INTO `lk9v6_users` (`name`, `email`, `usertype`) VALUES ('سماح انور عبدالعزيز خضر', '', 'الخريجين');
INSERT INTO `lk9v6_alumni_main` (`id`, `user_id`, `approved`) VALUES (237485, 237485, 1);
INSERT INTO `lk9v6_alumni_data` (`alumni_id`, `graduation_year`, `fid`, `job`, `address`, `city`, `country`, `phone`, `gid`, `mobile`, `nationalnumber`, `department`, `division`, `with_honor`) VALUES (237485, 2008, '23', '', '', '', '', '', '', '', '', 'التربية الفنية ', '', '');
INSERT INTO `lk9v6_users` (`name`, `email`, `usertype`) VALUES ('سمية سعيد الننى سيد احمد ', '', 'الخريجين');
INSERT INTO `lk9v6_alumni_main` (`id`, `user_id`, `approved`) VALUES (237486, 237486, 1);
INSERT INTO `lk9v6_alumni_data` (`alumni_id`, `graduation_year`, `fid`, `job`, `address`, `city`, `country`, `phone`, `gid`, `mobile`, `nationalnumber`, `department`, `division`, `with_honor`) VALUES (237486, 2008, '23', '', '', '', '', '', '', '', '', 'التربية الفنية ', '', '');
INSERT INTO `lk9v6_users` (`name`, `email`, `usertype`) VALUES ('سهى محمد قبارى محمد ', '', 'الخريجين');
INSERT INTO `lk9v6_alumni_main` (`id`, `user_id`, `approved`) VALUES (237487, 237487, 1);
INSERT INTO `lk9v6_alumni_data` (`alumni_id`, `graduation_year`, `fid`, `job`, `address`, `city`, `country`, `phone`, `gid`, `mobile`, `nationalnumber`, `department`, `division`, `with_honor`) VALUES (237487, 2008, '23', '', '', '', '', '', '', '', '', 'التربية الفنية ', '', '');
INSERT INTO `lk9v6_users` (`name`, `email`, `usertype`) VALUES ('سهير خيرى محمد لبيب الزمرانى ', '', 'الخريجين');
INSERT INTO `lk9v6_alumni_main` (`id`, `user_id`, `approved`) VALUES (237488, 237488, 1);
INSERT INTO `lk9v6_alumni_data` (`alumni_id`, `graduation_year`, `fid`, `job`, `address`, `city`, `country`, `phone`, `gid`, `mobile`, `nationalnumber`, `department`, `division`, `with_honor`) VALUES (237488, 2008, '23', '', '', '', '', '', '', '', '', 'التربية الفنية ', '', '');
INSERT INTO `lk9v6_users` (`name`, `email`, `usertype`) VALUES ('شاهندا يوسف محمد عبدالواحد احمد', '', 'الخريجين');
INSERT INTO `lk9v6_alumni_main` (`id`, `user_id`, `approved`) VALUES (237489, 237489, 1);
INSERT INTO `lk9v6_alumni_data` (`alumni_id`, `graduation_year`, `fid`, `job`, `address`, `city`, `country`, `phone`, `gid`, `mobile`, `nationalnumber`, `department`, `division`, `with_honor`) VALUES (237489, 2008, '23', '', '', '', '', '', '', '', '', 'التربية الفنية ', '', '');
INSERT INTO `lk9v6_users` (`name`, `email`, `usertype`) VALUES ('شروق سعيد مبروك السيد ', '', 'الخريجين');
INSERT INTO `lk9v6_alumni_main` (`id`, `user_id`, `approved`) VALUES (237490, 237490, 1);
INSERT INTO `lk9v6_alumni_data` (`alumni_id`, `graduation_year`, `fid`, `job`, `address`, `city`, `country`, `phone`, `gid`, `mobile`, `nationalnumber`, `department`, `division`, `with_honor`) VALUES (237490, 2008, '23', '', '', '', '', '', '', '', '', 'التربية الفنية ', '', '');
INSERT INTO `lk9v6_users` (`name`, `email`, `usertype`) VALUES ('سرين ناصر على محمد جادالله ', '', 'الخريجين');
INSERT INTO `lk9v6_alumni_main` (`id`, `user_id`, `approved`) VALUES (237491, 237491, 1);
INSERT INTO `lk9v6_alumni_data` (`alumni_id`, `graduation_year`, `fid`, `job`, `address`, `city`, `country`, `phone`, `gid`, `mobile`, `nationalnumber`, `department`, `division`, `with_honor`) VALUES (237491, 2008, '23', '', '', '', '', '', '', '', '', 'التربية الفنية ', '', '');
INSERT INTO `lk9v6_users` (`name`, `email`, `usertype`) VALUES ('شيماء جابر احمد محمد زايد ', '', 'الخريجين');
INSERT INTO `lk9v6_alumni_main` (`id`, `user_id`, `approved`) VALUES (237492, 237492, 1);
INSERT INTO `lk9v6_alumni_data` (`alumni_id`, `graduation_year`, `fid`, `job`, `address`, `city`, `country`, `phone`, `gid`, `mobile`, `nationalnumber`, `department`, `division`, `with_honor`) VALUES (237492, 2008, '23', '', '', '', '', '', '', '', '', 'التربية الفنية ', '', '');
INSERT INTO `lk9v6_users` (`name`, `email`, `usertype`) VALUES ('شيماء سيد ابراهيم فراج ', '', 'الخريجين');
INSERT INTO `lk9v6_alumni_main` (`id`, `user_id`, `approved`) VALUES (237493, 237493, 1);
INSERT INTO `lk9v6_alumni_data` (`alumni_id`, `graduation_year`, `fid`, `job`, `address`, `city`, `country`, `phone`, `gid`, `mobile`, `nationalnumber`, `department`, `division`, `with_honor`) VALUES (237493, 2008, '23', '', '', '', '', '', '', '', '', 'التربية الفنية ', '', '');
INSERT INTO `lk9v6_users` (`name`, `email`, `usertype`) VALUES ('شيماء صالح محمد حسن ابو بكر ', '', 'الخريجين');
INSERT INTO `lk9v6_alumni_main` (`id`, `user_id`, `approved`) VALUES (237494, 237494, 1);
INSERT INTO `lk9v6_alumni_data` (`alumni_id`, `graduation_year`, `fid`, `job`, `address`, `city`, `country`, `phone`, `gid`, `mobile`, `nationalnumber`, `department`, `division`, `with_honor`) VALUES (237494, 2008, '23', '', '', '', '', '', '', '', '', 'التربية الفنية ', '', '');
INSERT INTO `lk9v6_users` (`name`, `email`, `usertype`) VALUES ('شيماء فتحى سعد احمد موسي', '', 'الخريجين');
INSERT INTO `lk9v6_alumni_main` (`id`, `user_id`, `approved`) VALUES (237495, 237495, 1);
INSERT INTO `lk9v6_alumni_data` (`alumni_id`, `graduation_year`, `fid`, `job`, `address`, `city`, `country`, `phone`, `gid`, `mobile`, `nationalnumber`, `department`, `division`, `with_honor`) VALUES (237495, 2008, '23', '', '', '', '', '', '', '', '', 'التربية الفنية ', '', '');
INSERT INTO `lk9v6_users` (`name`, `email`, `usertype`) VALUES ('شيماء محمد احمد ياقوت ', '', 'الخريجين');
INSERT INTO `lk9v6_alumni_main` (`id`, `user_id`, `approved`) VALUES (237496, 237496, 1);
INSERT INTO `lk9v6_alumni_data` (`alumni_id`, `graduation_year`, `fid`, `job`, `address`, `city`, `country`, `phone`, `gid`, `mobile`, `nationalnumber`, `department`, `division`, `with_honor`) VALUES (237496, 2008, '23', '', '', '', '', '', '', '', '', 'التربية الفنية ', '', '');
INSERT INTO `lk9v6_users` (`name`, `email`, `usertype`) VALUES ('علا فتحى قطب محمد فيالة', '', 'الخريجين');
INSERT INTO `lk9v6_alumni_main` (`id`, `user_id`, `approved`) VALUES (237497, 237497, 1);
INSERT INTO `lk9v6_alumni_data` (`alumni_id`, `graduation_year`, `fid`, `job`, `address`, `city`, `country`, `phone`, `gid`, `mobile`, `nationalnumber`, `department`, `division`, `with_honor`) VALUES (237497, 2008, '23', '', '', '', '', '', '', '', '', 'التربية الفنية ', '', '');
INSERT INTO `lk9v6_users` (`name`, `email`, `usertype`) VALUES ('علا مجدى محمد ابوالمجد راجح ', '', 'الخريجين');
INSERT INTO `lk9v6_alumni_main` (`id`, `user_id`, `approved`) VALUES (237498, 237498, 1);
INSERT INTO `lk9v6_alumni_data` (`alumni_id`, `graduation_year`, `fid`, `job`, `address`, `city`, `country`, `phone`, `gid`, `mobile`, `nationalnumber`, `department`, `division`, `with_honor`) VALUES (237498, 2008, '23', '', '', '', '', '', '', '', '', 'التربية الفنية ', '', '');
INSERT INTO `lk9v6_users` (`name`, `email`, `usertype`) VALUES ('عماد محمد محمد يس صقر ', '', 'الخريجين');
INSERT INTO `lk9v6_alumni_main` (`id`, `user_id`, `approved`) VALUES (237499, 237499, 1);
INSERT INTO `lk9v6_alumni_data` (`alumni_id`, `graduation_year`, `fid`, `job`, `address`, `city`, `country`, `phone`, `gid`, `mobile`, `nationalnumber`, `department`, `division`, `with_honor`) VALUES (237499, 2008, '23', '', '', '', '', '', '', '', '', 'التربية الفنية ', '', '');
INSERT INTO `lk9v6_users` (`name`, `email`, `usertype`) VALUES ('فاتن محمد يسرى مصطفى محمد ', '', 'الخريجين');
INSERT INTO `lk9v6_alumni_main` (`id`, `user_id`, `approved`) VALUES (237500, 237500, 1);
INSERT INTO `lk9v6_alumni_data` (`alumni_id`, `graduation_year`, `fid`, `job`, `address`, `city`, `country`, `phone`, `gid`, `mobile`, `nationalnumber`, `department`, `division`, `with_honor`) VALUES (237500, 2008, '23', '', '', '', '', '', '', '', '', 'التربية الفنية ', '', '');
INSERT INTO `lk9v6_users` (`name`, `email`, `usertype`) VALUES ('فاطمة محمد نجيب مصطفى رمضان ', '', 'الخريجين');
INSERT INTO `lk9v6_alumni_main` (`id`, `user_id`, `approved`) VALUES (237501, 237501, 1);
INSERT INTO `lk9v6_alumni_data` (`alumni_id`, `graduation_year`, `fid`, `job`, `address`, `city`, `country`, `phone`, `gid`, `mobile`, `nationalnumber`, `department`, `division`, `with_honor`) VALUES (237501, 2008, '23', '', '', '', '', '', '', '', '', 'التربية الفنية ', '', '');
INSERT INTO `lk9v6_users` (`name`, `email`, `usertype`) VALUES ('فيفيان طلعت حنا هنرى سعيد ', '', 'الخريجين');
INSERT INTO `lk9v6_alumni_main` (`id`, `user_id`, `approved`) VALUES (237502, 237502, 1);
INSERT INTO `lk9v6_alumni_data` (`alumni_id`, `graduation_year`, `fid`, `job`, `address`, `city`, `country`, `phone`, `gid`, `mobile`, `nationalnumber`, `department`, `division`, `with_honor`) VALUES (237502, 2008, '23', '', '', '', '', '', '', '', '', 'التربية الفنية ', '', '');
INSERT INTO `lk9v6_users` (`name`, `email`, `usertype`) VALUES ('لمياء اسماعيل مجدى محمود فؤاد شيمى ', '', 'الخريجين');
INSERT INTO `lk9v6_alumni_main` (`id`, `user_id`, `approved`) VALUES (237503, 237503, 1);
INSERT INTO `lk9v6_alumni_data` (`alumni_id`, `graduation_year`, `fid`, `job`, `address`, `city`, `country`, `phone`, `gid`, `mobile`, `nationalnumber`, `department`, `division`, `with_honor`) VALUES (237503, 2008, '23', '', '', '', '', '', '', '', '', 'التربية الفنية ', '', '');
INSERT INTO `lk9v6_users` (`name`, `email`, `usertype`) VALUES ('لميس على حسن شوشان ', '', 'الخريجين');
INSERT INTO `lk9v6_alumni_main` (`id`, `user_id`, `approved`) VALUES (237504, 237504, 1);
INSERT INTO `lk9v6_alumni_data` (`alumni_id`, `graduation_year`, `fid`, `job`, `address`, `city`, `country`, `phone`, `gid`, `mobile`, `nationalnumber`, `department`, `division`, `with_honor`) VALUES (237504, 2008, '23', '', '', '', '', '', '', '', '', 'التربية الفنية ', '', '');
INSERT INTO `lk9v6_users` (`name`, `email`, `usertype`) VALUES ('ماجدة حسين ابراهيم حسين منسي', '', 'الخريجين');
INSERT INTO `lk9v6_alumni_main` (`id`, `user_id`, `approved`) VALUES (237505, 237505, 1);
INSERT INTO `lk9v6_alumni_data` (`alumni_id`, `graduation_year`, `fid`, `job`, `address`, `city`, `country`, `phone`, `gid`, `mobile`, `nationalnumber`, `department`, `division`, `with_honor`) VALUES (237505, 2008, '23', '', '', '', '', '', '', '', '', 'التربية الفنية ', '', '');
INSERT INTO `lk9v6_users` (`name`, `email`, `usertype`) VALUES ('محمد حسن على خميس منصور', '', 'الخريجين');
INSERT INTO `lk9v6_alumni_main` (`id`, `user_id`, `approved`) VALUES (237506, 237506, 1);
INSERT INTO `lk9v6_alumni_data` (`alumni_id`, `graduation_year`, `fid`, `job`, `address`, `city`, `country`, `phone`, `gid`, `mobile`, `nationalnumber`, `department`, `division`, `with_honor`) VALUES (237506, 2008, '23', '', '', '', '', '', '', '', '', 'التربية الفنية ', '', '');
INSERT INTO `lk9v6_users` (`name`, `email`, `usertype`) VALUES ('محمد عبدالنبي على حسن القاضى', '', 'الخريجين');
INSERT INTO `lk9v6_alumni_main` (`id`, `user_id`, `approved`) VALUES (237507, 237507, 1);
INSERT INTO `lk9v6_alumni_data` (`alumni_id`, `graduation_year`, `fid`, `job`, `address`, `city`, `country`, `phone`, `gid`, `mobile`, `nationalnumber`, `department`, `division`, `with_honor`) VALUES (237507, 2008, '23', '', '', '', '', '', '', '', '', 'التربية الفنية ', '', '');
INSERT INTO `lk9v6_users` (`name`, `email`, `usertype`) VALUES ('محمد محمود محمد احمد غنيم ', '', 'الخريجين');
INSERT INTO `lk9v6_alumni_main` (`id`, `user_id`, `approved`) VALUES (237508, 237508, 1);
INSERT INTO `lk9v6_alumni_data` (`alumni_id`, `graduation_year`, `fid`, `job`, `address`, `city`, `country`, `phone`, `gid`, `mobile`, `nationalnumber`, `department`, `division`, `with_honor`) VALUES (237508, 2008, '23', '', '', '', '', '', '', '', '', 'التربية الفنية ', '', '');
INSERT INTO `lk9v6_users` (`name`, `email`, `usertype`) VALUES ('محمود السيد حنفى محمود محمدين ', '', 'الخريجين');
INSERT INTO `lk9v6_alumni_main` (`id`, `user_id`, `approved`) VALUES (237509, 237509, 1);
INSERT INTO `lk9v6_alumni_data` (`alumni_id`, `graduation_year`, `fid`, `job`, `address`, `city`, `country`, `phone`, `gid`, `mobile`, `nationalnumber`, `department`, `division`, `with_honor`) VALUES (237509, 2008, '23', '', '', '', '', '', '', '', '', 'التربية الفنية ', '', '');
INSERT INTO `lk9v6_users` (`name`, `email`, `usertype`) VALUES ('مرفت محمد احمد محمد سردينة ', '', 'الخريجين');
INSERT INTO `lk9v6_alumni_main` (`id`, `user_id`, `approved`) VALUES (237510, 237510, 1);
INSERT INTO `lk9v6_alumni_data` (`alumni_id`, `graduation_year`, `fid`, `job`, `address`, `city`, `country`, `phone`, `gid`, `mobile`, `nationalnumber`, `department`, `division`, `with_honor`) VALUES (237510, 2008, '23', '', '', '', '', '', '', '', '', 'التربية الفنية ', '', '');
INSERT INTO `lk9v6_users` (`name`, `email`, `usertype`) VALUES ('مروة احمد محمد محمود غباشى ', '', 'الخريجين');
INSERT INTO `lk9v6_alumni_main` (`id`, `user_id`, `approved`) VALUES (237511, 237511, 1);
INSERT INTO `lk9v6_alumni_data` (`alumni_id`, `graduation_year`, `fid`, `job`, `address`, `city`, `country`, `phone`, `gid`, `mobile`, `nationalnumber`, `department`, `division`, `with_honor`) VALUES (237511, 2008, '23', '', '', '', '', '', '', '', '', 'التربية الفنية ', '', '');
INSERT INTO `lk9v6_users` (`name`, `email`, `usertype`) VALUES ('مروة رمضان خليل حسن خليل ', '', 'الخريجين');
INSERT INTO `lk9v6_alumni_main` (`id`, `user_id`, `approved`) VALUES (237512, 237512, 1);
INSERT INTO `lk9v6_alumni_data` (`alumni_id`, `graduation_year`, `fid`, `job`, `address`, `city`, `country`, `phone`, `gid`, `mobile`, `nationalnumber`, `department`, `division`, `with_honor`) VALUES (237512, 2008, '23', '', '', '', '', '', '', '', '', 'التربية الفنية ', '', '');
INSERT INTO `lk9v6_users` (`name`, `email`, `usertype`) VALUES ('مروة عيسي على رجب شعبان ', '', 'الخريجين');
INSERT INTO `lk9v6_alumni_main` (`id`, `user_id`, `approved`) VALUES (237513, 237513, 1);
INSERT INTO `lk9v6_alumni_data` (`alumni_id`, `graduation_year`, `fid`, `job`, `address`, `city`, `country`, `phone`, `gid`, `mobile`, `nationalnumber`, `department`, `division`, `with_honor`) VALUES (237513, 2008, '23', '', '', '', '', '', '', '', '', 'التربية الفنية ', '', '');
INSERT INTO `lk9v6_users` (`name`, `email`, `usertype`) VALUES ('مروة يوسف عبدالمنعم عبدالعظيم ', '', 'الخريجين');
INSERT INTO `lk9v6_alumni_main` (`id`, `user_id`, `approved`) VALUES (237514, 237514, 1);
INSERT INTO `lk9v6_alumni_data` (`alumni_id`, `graduation_year`, `fid`, `job`, `address`, `city`, `country`, `phone`, `gid`, `mobile`, `nationalnumber`, `department`, `division`, `with_honor`) VALUES (237514, 2008, '23', '', '', '', '', '', '', '', '', 'التربية الفنية ', '', '');
INSERT INTO `lk9v6_users` (`name`, `email`, `usertype`) VALUES ('مصطفى السيد احمد ابراهيم مرسال ', '', 'الخريجين');
INSERT INTO `lk9v6_alumni_main` (`id`, `user_id`, `approved`) VALUES (237515, 237515, 1);
INSERT INTO `lk9v6_alumni_data` (`alumni_id`, `graduation_year`, `fid`, `job`, `address`, `city`, `country`, `phone`, `gid`, `mobile`, `nationalnumber`, `department`, `division`, `with_honor`) VALUES (237515, 2008, '23', '', '', '', '', '', '', '', '', 'التربية الفنية ', '', '');
INSERT INTO `lk9v6_users` (`name`, `email`, `usertype`) VALUES ('منار محمد بيومى محمد ', '', 'الخريجين');
INSERT INTO `lk9v6_alumni_main` (`id`, `user_id`, `approved`) VALUES (237516, 237516, 1);
INSERT INTO `lk9v6_alumni_data` (`alumni_id`, `graduation_year`, `fid`, `job`, `address`, `city`, `country`, `phone`, `gid`, `mobile`, `nationalnumber`, `department`, `division`, `with_honor`) VALUES (237516, 2008, '23', '', '', '', '', '', '', '', '', 'التربية الفنية ', '', '');
INSERT INTO `lk9v6_users` (`name`, `email`, `usertype`) VALUES ('منه الله محمد محمد على عمار ', '', 'الخريجين');
INSERT INTO `lk9v6_alumni_main` (`id`, `user_id`, `approved`) VALUES (237517, 237517, 1);
INSERT INTO `lk9v6_alumni_data` (`alumni_id`, `graduation_year`, `fid`, `job`, `address`, `city`, `country`, `phone`, `gid`, `mobile`, `nationalnumber`, `department`, `division`, `with_honor`) VALUES (237517, 2008, '23', '', '', '', '', '', '', '', '', 'التربية الفنية ', '', '');
INSERT INTO `lk9v6_users` (`name`, `email`, `usertype`) VALUES ('منى جاد محمد حربي ', '', 'الخريجين');
INSERT INTO `lk9v6_alumni_main` (`id`, `user_id`, `approved`) VALUES (237518, 237518, 1);
INSERT INTO `lk9v6_alumni_data` (`alumni_id`, `graduation_year`, `fid`, `job`, `address`, `city`, `country`, `phone`, `gid`, `mobile`, `nationalnumber`, `department`, `division`, `with_honor`) VALUES (237518, 2008, '23', '', '', '', '', '', '', '', '', 'التربية الفنية ', '', '');
INSERT INTO `lk9v6_users` (`name`, `email`, `usertype`) VALUES ('منى طه عامر ابراهيم ', '', 'الخريجين');
INSERT INTO `lk9v6_alumni_main` (`id`, `user_id`, `approved`) VALUES (237519, 237519, 1);
INSERT INTO `lk9v6_alumni_data` (`alumni_id`, `graduation_year`, `fid`, `job`, `address`, `city`, `country`, `phone`, `gid`, `mobile`, `nationalnumber`, `department`, `division`, `with_honor`) VALUES (237519, 2008, '23', '', '', '', '', '', '', '', '', 'التربية الفنية ', '', '');
INSERT INTO `lk9v6_users` (`name`, `email`, `usertype`) VALUES ('مها صابر السيد احمد عبدالحميد ', '', 'الخريجين');
INSERT INTO `lk9v6_alumni_main` (`id`, `user_id`, `approved`) VALUES (237520, 237520, 1);
INSERT INTO `lk9v6_alumni_data` (`alumni_id`, `graduation_year`, `fid`, `job`, `address`, `city`, `country`, `phone`, `gid`, `mobile`, `nationalnumber`, `department`, `division`, `with_honor`) VALUES (237520, 2008, '23', '', '', '', '', '', '', '', '', 'التربية الفنية ', '', '');
INSERT INTO `lk9v6_users` (`name`, `email`, `usertype`) VALUES ('مها يحيي زكريا غنيم سالم ', '', 'الخريجين');
INSERT INTO `lk9v6_alumni_main` (`id`, `user_id`, `approved`) VALUES (237521, 237521, 1);
INSERT INTO `lk9v6_alumni_data` (`alumni_id`, `graduation_year`, `fid`, `job`, `address`, `city`, `country`, `phone`, `gid`, `mobile`, `nationalnumber`, `department`, `division`, `with_honor`) VALUES (237521, 2008, '23', '', '', '', '', '', '', '', '', 'التربية الفنية ', '', '');
INSERT INTO `lk9v6_users` (`name`, `email`, `usertype`) VALUES ('مى حمدى احمد السيد حمودة ', '', 'الخريجين');
INSERT INTO `lk9v6_alumni_main` (`id`, `user_id`, `approved`) VALUES (237522, 237522, 1);
INSERT INTO `lk9v6_alumni_data` (`alumni_id`, `graduation_year`, `fid`, `job`, `address`, `city`, `country`, `phone`, `gid`, `mobile`, `nationalnumber`, `department`, `division`, `with_honor`) VALUES (237522, 2008, '23', '', '', '', '', '', '', '', '', 'التربية الفنية ', '', '');
INSERT INTO `lk9v6_users` (`name`, `email`, `usertype`) VALUES ('مى لطفى احمد موسي الشازلى ', '', 'الخريجين');
INSERT INTO `lk9v6_alumni_main` (`id`, `user_id`, `approved`) VALUES (237523, 237523, 1);
INSERT INTO `lk9v6_alumni_data` (`alumni_id`, `graduation_year`, `fid`, `job`, `address`, `city`, `country`, `phone`, `gid`, `mobile`, `nationalnumber`, `department`, `division`, `with_honor`) VALUES (237523, 2008, '23', '', '', '', '', '', '', '', '', 'التربية الفنية ', '', '');
INSERT INTO `lk9v6_users` (`name`, `email`, `usertype`) VALUES ('مينا جورج حليم يعقوب ', '', 'الخريجين');
INSERT INTO `lk9v6_alumni_main` (`id`, `user_id`, `approved`) VALUES (237524, 237524, 1);
INSERT INTO `lk9v6_alumni_data` (`alumni_id`, `graduation_year`, `fid`, `job`, `address`, `city`, `country`, `phone`, `gid`, `mobile`, `nationalnumber`, `department`, `division`, `with_honor`) VALUES (237524, 2008, '23', '', '', '', '', '', '', '', '', 'التربية الفنية ', '', '');
INSERT INTO `lk9v6_users` (`name`, `email`, `usertype`) VALUES ('نجوى فتحى توفيق رمضان طايل ', '', 'الخريجين');
INSERT INTO `lk9v6_alumni_main` (`id`, `user_id`, `approved`) VALUES (237525, 237525, 1);
INSERT INTO `lk9v6_alumni_data` (`alumni_id`, `graduation_year`, `fid`, `job`, `address`, `city`, `country`, `phone`, `gid`, `mobile`, `nationalnumber`, `department`, `division`, `with_honor`) VALUES (237525, 2008, '23', '', '', '', '', '', '', '', '', 'التربية الفنية ', '', '');
INSERT INTO `lk9v6_users` (`name`, `email`, `usertype`) VALUES ('ندا صلاح صبحى الحلوانى', '', 'الخريجين');
INSERT INTO `lk9v6_alumni_main` (`id`, `user_id`, `approved`) VALUES (237526, 237526, 1);
INSERT INTO `lk9v6_alumni_data` (`alumni_id`, `graduation_year`, `fid`, `job`, `address`, `city`, `country`, `phone`, `gid`, `mobile`, `nationalnumber`, `department`, `division`, `with_honor`) VALUES (237526, 2008, '23', '', '', '', '', '', '', '', '', 'التربية الفنية ', '', '');
INSERT INTO `lk9v6_users` (`name`, `email`, `usertype`) VALUES ('نسمة سمير محمد ابراهيم ', '', 'الخريجين');
INSERT INTO `lk9v6_alumni_main` (`id`, `user_id`, `approved`) VALUES (237527, 237527, 1);
INSERT INTO `lk9v6_alumni_data` (`alumni_id`, `graduation_year`, `fid`, `job`, `address`, `city`, `country`, `phone`, `gid`, `mobile`, `nationalnumber`, `department`, `division`, `with_honor`) VALUES (237527, 2008, '23', '', '', '', '', '', '', '', '', 'التربية الفنية ', '', '');
INSERT INTO `lk9v6_users` (`name`, `email`, `usertype`) VALUES ('نعمة محمد السيد محمد مسعود ', '', 'الخريجين');
INSERT INTO `lk9v6_alumni_main` (`id`, `user_id`, `approved`) VALUES (237528, 237528, 1);
INSERT INTO `lk9v6_alumni_data` (`alumni_id`, `graduation_year`, `fid`, `job`, `address`, `city`, `country`, `phone`, `gid`, `mobile`, `nationalnumber`, `department`, `division`, `with_honor`) VALUES (237528, 2008, '23', '', '', '', '', '', '', '', '', 'التربية الفنية ', '', '');
INSERT INTO `lk9v6_users` (`name`, `email`, `usertype`) VALUES ('نهال محمد عبدالمجيد عثمان عمار ', '', 'الخريجين');
INSERT INTO `lk9v6_alumni_main` (`id`, `user_id`, `approved`) VALUES (237529, 237529, 1);
INSERT INTO `lk9v6_alumni_data` (`alumni_id`, `graduation_year`, `fid`, `job`, `address`, `city`, `country`, `phone`, `gid`, `mobile`, `nationalnumber`, `department`, `division`, `with_honor`) VALUES (237529, 2008, '23', '', '', '', '', '', '', '', '', 'التربية الفنية ', '', '');
INSERT INTO `lk9v6_users` (`name`, `email`, `usertype`) VALUES ('نهلة ابراهيم عبدالحليم على عيد ', '', 'الخريجين');
INSERT INTO `lk9v6_alumni_main` (`id`, `user_id`, `approved`) VALUES (237530, 237530, 1);
INSERT INTO `lk9v6_alumni_data` (`alumni_id`, `graduation_year`, `fid`, `job`, `address`, `city`, `country`, `phone`, `gid`, `mobile`, `nationalnumber`, `department`, `division`, `with_honor`) VALUES (237530, 2008, '23', '', '', '', '', '', '', '', '', 'التربية الفنية ', '', '');
INSERT INTO `lk9v6_users` (`name`, `email`, `usertype`) VALUES ('نهى شبل محمد درغام ', '', 'الخريجين');
INSERT INTO `lk9v6_alumni_main` (`id`, `user_id`, `approved`) VALUES (237531, 237531, 1);
INSERT INTO `lk9v6_alumni_data` (`alumni_id`, `graduation_year`, `fid`, `job`, `address`, `city`, `country`, `phone`, `gid`, `mobile`, `nationalnumber`, `department`, `division`, `with_honor`) VALUES (237531, 2008, '23', '', '', '', '', '', '', '', '', 'التربية الفنية ', '', '');
INSERT INTO `lk9v6_users` (`name`, `email`, `usertype`) VALUES ('نورهان عزالدين محمود مصطفى ', '', 'الخريجين');
INSERT INTO `lk9v6_alumni_main` (`id`, `user_id`, `approved`) VALUES (237532, 237532, 1);
INSERT INTO `lk9v6_alumni_data` (`alumni_id`, `graduation_year`, `fid`, `job`, `address`, `city`, `country`, `phone`, `gid`, `mobile`, `nationalnumber`, `department`, `division`, `with_honor`) VALUES (237532, 2008, '23', '', '', '', '', '', '', '', '', 'التربية الفنية ', '', '');
INSERT INTO `lk9v6_users` (`name`, `email`, `usertype`) VALUES ('هالة مصطفى عبداللطيف على حسنين ', '', 'الخريجين');
INSERT INTO `lk9v6_alumni_main` (`id`, `user_id`, `approved`) VALUES (237533, 237533, 1);
INSERT INTO `lk9v6_alumni_data` (`alumni_id`, `graduation_year`, `fid`, `job`, `address`, `city`, `country`, `phone`, `gid`, `mobile`, `nationalnumber`, `department`, `division`, `with_honor`) VALUES (237533, 2008, '23', '', '', '', '', '', '', '', '', 'التربية الفنية ', '', '');
INSERT INTO `lk9v6_users` (`name`, `email`, `usertype`) VALUES ('هايدى السيد فرج فليفل ', '', 'الخريجين');
INSERT INTO `lk9v6_alumni_main` (`id`, `user_id`, `approved`) VALUES (237534, 237534, 1);
INSERT INTO `lk9v6_alumni_data` (`alumni_id`, `graduation_year`, `fid`, `job`, `address`, `city`, `country`, `phone`, `gid`, `mobile`, `nationalnumber`, `department`, `division`, `with_honor`) VALUES (237534, 2008, '23', '', '', '', '', '', '', '', '', 'التربية الفنية ', '', '');
INSERT INTO `lk9v6_users` (`name`, `email`, `usertype`) VALUES ('هدير محمود محمد محمود الشريف ', '', 'الخريجين');
INSERT INTO `lk9v6_alumni_main` (`id`, `user_id`, `approved`) VALUES (237535, 237535, 1);
INSERT INTO `lk9v6_alumni_data` (`alumni_id`, `graduation_year`, `fid`, `job`, `address`, `city`, `country`, `phone`, `gid`, `mobile`, `nationalnumber`, `department`, `division`, `with_honor`) VALUES (237535, 2008, '23', '', '', '', '', '', '', '', '', 'التربية الفنية ', '', '');
INSERT INTO `lk9v6_users` (`name`, `email`, `usertype`) VALUES ('هبه الله رزق جابر رزق محمد ', '', 'الخريجين');
INSERT INTO `lk9v6_alumni_main` (`id`, `user_id`, `approved`) VALUES (237536, 237536, 1);
INSERT INTO `lk9v6_alumni_data` (`alumni_id`, `graduation_year`, `fid`, `job`, `address`, `city`, `country`, `phone`, `gid`, `mobile`, `nationalnumber`, `department`, `division`, `with_honor`) VALUES (237536, 2008, '23', '', '', '', '', '', '', '', '', 'التربية الفنية ', '', '');
INSERT INTO `lk9v6_users` (`name`, `email`, `usertype`) VALUES ('هبة سلامة على محمد ', '', 'الخريجين');
INSERT INTO `lk9v6_alumni_main` (`id`, `user_id`, `approved`) VALUES (237537, 237537, 1);
INSERT INTO `lk9v6_alumni_data` (`alumni_id`, `graduation_year`, `fid`, `job`, `address`, `city`, `country`, `phone`, `gid`, `mobile`, `nationalnumber`, `department`, `division`, `with_honor`) VALUES (237537, 2008, '23', '', '', '', '', '', '', '', '', 'التربية الفنية ', '', '');
INSERT INTO `lk9v6_users` (`name`, `email`, `usertype`) VALUES ('هبة عبدالعزيز محمود محمد ريحان ', '', 'الخريجين');
INSERT INTO `lk9v6_alumni_main` (`id`, `user_id`, `approved`) VALUES (237538, 237538, 1);
INSERT INTO `lk9v6_alumni_data` (`alumni_id`, `graduation_year`, `fid`, `job`, `address`, `city`, `country`, `phone`, `gid`, `mobile`, `nationalnumber`, `department`, `division`, `with_honor`) VALUES (237538, 2008, '23', '', '', '', '', '', '', '', '', 'التربية الفنية ', '', '');
INSERT INTO `lk9v6_users` (`name`, `email`, `usertype`) VALUES ('هبة على محمد على عبادة ', '', 'الخريجين');
INSERT INTO `lk9v6_alumni_main` (`id`, `user_id`, `approved`) VALUES (237539, 237539, 1);
INSERT INTO `lk9v6_alumni_data` (`alumni_id`, `graduation_year`, `fid`, `job`, `address`, `city`, `country`, `phone`, `gid`, `mobile`, `nationalnumber`, `department`, `division`, `with_honor`) VALUES (237539, 2008, '23', '', '', '', '', '', '', '', '', 'التربية الفنية ', '', '');
INSERT INTO `lk9v6_users` (`name`, `email`, `usertype`) VALUES ('هبة محمود على عويضة ', '', 'الخريجين');
INSERT INTO `lk9v6_alumni_main` (`id`, `user_id`, `approved`) VALUES (237540, 237540, 1);
INSERT INTO `lk9v6_alumni_data` (`alumni_id`, `graduation_year`, `fid`, `job`, `address`, `city`, `country`, `phone`, `gid`, `mobile`, `nationalnumber`, `department`, `division`, `with_honor`) VALUES (237540, 2008, '23', '', '', '', '', '', '', '', '', 'التربية الفنية ', '', '');
INSERT INTO `lk9v6_users` (`name`, `email`, `usertype`) VALUES ('هند على محمد سلامة ', '', 'الخريجين');
INSERT INTO `lk9v6_alumni_main` (`id`, `user_id`, `approved`) VALUES (237541, 237541, 1);
INSERT INTO `lk9v6_alumni_data` (`alumni_id`, `graduation_year`, `fid`, `job`, `address`, `city`, `country`, `phone`, `gid`, `mobile`, `nationalnumber`, `department`, `division`, `with_honor`) VALUES (237541, 2008, '23', '', '', '', '', '', '', '', '', 'التربية الفنية ', '', '');
INSERT INTO `lk9v6_users` (`name`, `email`, `usertype`) VALUES ('هوايدا ابراهيم محمود محمد العجيزى ', '', 'الخريجين');
INSERT INTO `lk9v6_alumni_main` (`id`, `user_id`, `approved`) VALUES (237542, 237542, 1);
INSERT INTO `lk9v6_alumni_data` (`alumni_id`, `graduation_year`, `fid`, `job`, `address`, `city`, `country`, `phone`, `gid`, `mobile`, `nationalnumber`, `department`, `division`, `with_honor`) VALUES (237542, 2008, '23', '', '', '', '', '', '', '', '', 'التربية الفنية ', '', '');
INSERT INTO `lk9v6_users` (`name`, `email`, `usertype`) VALUES ('ياسمين نبيل حسن على الكيلانى ', '', 'الخريجين');
INSERT INTO `lk9v6_alumni_main` (`id`, `user_id`, `approved`) VALUES (237543, 237543, 1);
INSERT INTO `lk9v6_alumni_data` (`alumni_id`, `graduation_year`, `fid`, `job`, `address`, `city`, `country`, `phone`, `gid`, `mobile`, `nationalnumber`, `department`, `division`, `with_honor`) VALUES (237543, 2008, '23', '', '', '', '', '', '', '', '', 'التربية الفنية ', '', '');
INSERT INTO `lk9v6_users` (`name`, `email`, `usertype`) VALUES ('يسرا عبد السميع عبد الماجد محمد تور ', '', 'الخريجين');
INSERT INTO `lk9v6_alumni_main` (`id`, `user_id`, `approved`) VALUES (237544, 237544, 1);
INSERT INTO `lk9v6_alumni_data` (`alumni_id`, `graduation_year`, `fid`, `job`, `address`, `city`, `country`, `phone`, `gid`, `mobile`, `nationalnumber`, `department`, `division`, `with_honor`) VALUES (237544, 2008, '23', '', '', '', '', '', '', '', '', 'التربية الفنية ', '', '');
INSERT INTO `lk9v6_users` (`name`, `email`, `usertype`) VALUES ('يسرا منصور عبدالسلام راشد ', '', 'الخريجين');
INSERT INTO `lk9v6_alumni_main` (`id`, `user_id`, `approved`) VALUES (237545, 237545, 1);
INSERT INTO `lk9v6_alumni_data` (`alumni_id`, `graduation_year`, `fid`, `job`, `address`, `city`, `country`, `phone`, `gid`, `mobile`, `nationalnumber`, `department`, `division`, `with_honor`) VALUES (237545, 2008, '23', '', '', '', '', '', '', '', '', 'التربية الفنية ', '', '');
INSERT INTO `lk9v6_users` (`name`, `email`, `usertype`) VALUES ('اسماء محمد مصطفى السيد ابراهيم ', '', 'الخريجين');
INSERT INTO `lk9v6_alumni_main` (`id`, `user_id`, `approved`) VALUES (237546, 237546, 1);
INSERT INTO `lk9v6_alumni_data` (`alumni_id`, `graduation_year`, `fid`, `job`, `address`, `city`, `country`, `phone`, `gid`, `mobile`, `nationalnumber`, `department`, `division`, `with_honor`) VALUES (237546, 2008, '23', '', '', '', '', '', '', '', '', 'التربية الفنية ', '', '');
INSERT INTO `lk9v6_users` (`name`, `email`, `usertype`) VALUES ('امنية زين العابدين على محمد عبدالعال', '', 'الخريجين');
INSERT INTO `lk9v6_alumni_main` (`id`, `user_id`, `approved`) VALUES (237547, 237547, 1);
INSERT INTO `lk9v6_alumni_data` (`alumni_id`, `graduation_year`, `fid`, `job`, `address`, `city`, `country`, `phone`, `gid`, `mobile`, `nationalnumber`, `department`, `division`, `with_honor`) VALUES (237547, 2008, '23', '', '', '', '', '', '', '', '', 'التربية الفنية ', '', '');
INSERT INTO `lk9v6_users` (`name`, `email`, `usertype`) VALUES ('جيلان مصطفى مصطفى الخياط ', '', 'الخريجين');
INSERT INTO `lk9v6_alumni_main` (`id`, `user_id`, `approved`) VALUES (237548, 237548, 1);
INSERT INTO `lk9v6_alumni_data` (`alumni_id`, `graduation_year`, `fid`, `job`, `address`, `city`, `country`, `phone`, `gid`, `mobile`, `nationalnumber`, `department`, `division`, `with_honor`) VALUES (237548, 2008, '23', '', '', '', '', '', '', '', '', 'التربية الفنية ', '', '');
INSERT INTO `lk9v6_users` (`name`, `email`, `usertype`) VALUES ('خلود محمد سمير احمد ترابيس ', '', 'الخريجين');
INSERT INTO `lk9v6_alumni_main` (`id`, `user_id`, `approved`) VALUES (237549, 237549, 1);
INSERT INTO `lk9v6_alumni_data` (`alumni_id`, `graduation_year`, `fid`, `job`, `address`, `city`, `country`, `phone`, `gid`, `mobile`, `nationalnumber`, `department`, `division`, `with_honor`) VALUES (237549, 2008, '23', '', '', '', '', '', '', '', '', 'التربية الفنية ', '', '');
INSERT INTO `lk9v6_users` (`name`, `email`, `usertype`) VALUES ('سارة حبيب عبد الجواد حبيب محمد ', '', 'الخريجين');
INSERT INTO `lk9v6_alumni_main` (`id`, `user_id`, `approved`) VALUES (237550, 237550, 1);
INSERT INTO `lk9v6_alumni_data` (`alumni_id`, `graduation_year`, `fid`, `job`, `address`, `city`, `country`, `phone`, `gid`, `mobile`, `nationalnumber`, `department`, `division`, `with_honor`) VALUES (237550, 2008, '23', '', '', '', '', '', '', '', '', 'التربية الفنية ', '', '');
INSERT INTO `lk9v6_users` (`name`, `email`, `usertype`) VALUES ('سالى محمد محمد احمد على ', '', 'الخريجين');
INSERT INTO `lk9v6_alumni_main` (`id`, `user_id`, `approved`) VALUES (237551, 237551, 1);
INSERT INTO `lk9v6_alumni_data` (`alumni_id`, `graduation_year`, `fid`, `job`, `address`, `city`, `country`, `phone`, `gid`, `mobile`, `nationalnumber`, `department`, `division`, `with_honor`) VALUES (237551, 2008, '23', '', '', '', '', '', '', '', '', 'التربية الفنية ', '', '');
INSERT INTO `lk9v6_users` (`name`, `email`, `usertype`) VALUES ('كريم صالح حسين  حسين مصطفى ', '', 'الخريجين');
INSERT INTO `lk9v6_alumni_main` (`id`, `user_id`, `approved`) VALUES (237552, 237552, 1);
INSERT INTO `lk9v6_alumni_data` (`alumni_id`, `graduation_year`, `fid`, `job`, `address`, `city`, `country`, `phone`, `gid`, `mobile`, `nationalnumber`, `department`, `division`, `with_honor`) VALUES (237552, 2008, '23', '', '', '', '', '', '', '', '', 'التربية الفنية ', '', '');
INSERT INTO `lk9v6_users` (`name`, `email`, `usertype`) VALUES ('منه الله خالد ابراهيم عبد الحى ابراهيم ', '', 'الخريجين');
INSERT INTO `lk9v6_alumni_main` (`id`, `user_id`, `approved`) VALUES (237553, 237553, 1);
INSERT INTO `lk9v6_alumni_data` (`alumni_id`, `graduation_year`, `fid`, `job`, `address`, `city`, `country`, `phone`, `gid`, `mobile`, `nationalnumber`, `department`, `division`, `with_honor`) VALUES (237553, 2008, '23', '', '', '', '', '', '', '', '', 'التربية الفنية ', '', '');
INSERT INTO `lk9v6_users` (`name`, `email`, `usertype`) VALUES ('مى محمود محمد صبحى ', '', 'الخريجين');
INSERT INTO `lk9v6_alumni_main` (`id`, `user_id`, `approved`) VALUES (237554, 237554, 1);
INSERT INTO `lk9v6_alumni_data` (`alumni_id`, `graduation_year`, `fid`, `job`, `address`, `city`, `country`, `phone`, `gid`, `mobile`, `nationalnumber`, `department`, `division`, `with_honor`) VALUES (237554, 2008, '23', '', '', '', '', '', '', '', '', 'التربية الفنية ', '', '');
INSERT INTO `lk9v6_users` (`name`, `email`, `usertype`) VALUES ('نورهان مجدى محمد اسماعيل ', '', 'الخريجين');
INSERT INTO `lk9v6_alumni_main` (`id`, `user_id`, `approved`) VALUES (237555, 237555, 1);
INSERT INTO `lk9v6_alumni_data` (`alumni_id`, `graduation_year`, `fid`, `job`, `address`, `city`, `country`, `phone`, `gid`, `mobile`, `nationalnumber`, `department`, `division`, `with_honor`) VALUES (237555, 2008, '23', '', '', '', '', '', '', '', '', 'التربية الفنية ', '', '');
INSERT INTO `lk9v6_users` (`name`, `email`, `usertype`) VALUES ('نيرة معوض عبد المعز معوض', '', 'الخريجين');
INSERT INTO `lk9v6_alumni_main` (`id`, `user_id`, `approved`) VALUES (237556, 237556, 1);
INSERT INTO `lk9v6_alumni_data` (`alumni_id`, `graduation_year`, `fid`, `job`, `address`, `city`, `country`, `phone`, `gid`, `mobile`, `nationalnumber`, `department`, `division`, `with_honor`) VALUES (237556, 2008, '23', '', '', '', '', '', '', '', '', 'التربية الفنية ', '', '');
INSERT INTO `lk9v6_users` (`name`, `email`, `usertype`) VALUES ('هايدى عدلى ابراهيم احمد محفوظ ', '', 'الخريجين');
INSERT INTO `lk9v6_alumni_main` (`id`, `user_id`, `approved`) VALUES (237557, 237557, 1);
INSERT INTO `lk9v6_alumni_data` (`alumni_id`, `graduation_year`, `fid`, `job`, `address`, `city`, `country`, `phone`, `gid`, `mobile`, `nationalnumber`, `department`, `division`, `with_honor`) VALUES (237557, 2008, '23', '', '', '', '', '', '', '', '', 'التربية الفنية ', '', '');
INSERT INTO `lk9v6_users` (`name`, `email`, `usertype`) VALUES ('هبه مصطفى صديق حسين ', '', 'الخريجين');
INSERT INTO `lk9v6_alumni_main` (`id`, `user_id`, `approved`) VALUES (237558, 237558, 1);
INSERT INTO `lk9v6_alumni_data` (`alumni_id`, `graduation_year`, `fid`, `job`, `address`, `city`, `country`, `phone`, `gid`, `mobile`, `nationalnumber`, `department`, `division`, `with_honor`) VALUES (237558, 2008, '23', '', '', '', '', '', '', '', '', 'التربية الفنية ', '', '');
INSERT INTO `lk9v6_users` (`name`, `email`, `usertype`) VALUES ('هيثم محمود على حامد ', '', 'الخريجين');
INSERT INTO `lk9v6_alumni_main` (`id`, `user_id`, `approved`) VALUES (237559, 237559, 1);
INSERT INTO `lk9v6_alumni_data` (`alumni_id`, `graduation_year`, `fid`, `job`, `address`, `city`, `country`, `phone`, `gid`, `mobile`, `nationalnumber`, `department`, `division`, `with_honor`) VALUES (237559, 2008, '23', '', '', '', '', '', '', '', '', 'التربية الفنية ', '', '');
INSERT INTO `lk9v6_users` (`name`, `email`, `usertype`) VALUES ('نهال احمد عطية محمد ', '', 'الخريجين');
INSERT INTO `lk9v6_alumni_main` (`id`, `user_id`, `approved`) VALUES (237560, 237560, 1);
INSERT INTO `lk9v6_alumni_data` (`alumni_id`, `graduation_year`, `fid`, `job`, `address`, `city`, `country`, `phone`, `gid`, `mobile`, `nationalnumber`, `department`, `division`, `with_honor`) VALUES (237560, 2008, '23', '', '', '', '', '', '', '', '', 'التربية الفنية ', '', '');
INSERT INTO `lk9v6_users` (`name`, `email`, `usertype`) VALUES ('اسماء حسين محمد حسين حسوبة ', '', 'الخريجين');
INSERT INTO `lk9v6_alumni_main` (`id`, `user_id`, `approved`) VALUES (237561, 237561, 1);
INSERT INTO `lk9v6_alumni_data` (`alumni_id`, `graduation_year`, `fid`, `job`, `address`, `city`, `country`, `phone`, `gid`, `mobile`, `nationalnumber`, `department`, `division`, `with_honor`) VALUES (237561, 2008, '23', '', '', '', '', '', '', '', '', 'التربية الفنية ', '', '');
INSERT INTO `lk9v6_users` (`name`, `email`, `usertype`) VALUES ('اميرة بهى الدين بهجت ابوالسعد ', '', 'الخريجين');
INSERT INTO `lk9v6_alumni_main` (`id`, `user_id`, `approved`) VALUES (237562, 237562, 1);
INSERT INTO `lk9v6_alumni_data` (`alumni_id`, `graduation_year`, `fid`, `job`, `address`, `city`, `country`, `phone`, `gid`, `mobile`, `nationalnumber`, `department`, `division`, `with_honor`) VALUES (237562, 2008, '23', '', '', '', '', '', '', '', '', 'التربية الفنية ', '', '');
INSERT INTO `lk9v6_users` (`name`, `email`, `usertype`) VALUES ('خالد محمد احمد خليل ', '', 'الخريجين');
INSERT INTO `lk9v6_alumni_main` (`id`, `user_id`, `approved`) VALUES (237563, 237563, 1);
INSERT INTO `lk9v6_alumni_data` (`alumni_id`, `graduation_year`, `fid`, `job`, `address`, `city`, `country`, `phone`, `gid`, `mobile`, `nationalnumber`, `department`, `division`, `with_honor`) VALUES (237563, 2008, '23', '', '', '', '', '', '', '', '', 'التربية الفنية ', '', '');
INSERT INTO `lk9v6_users` (`name`, `email`, `usertype`) VALUES ('دينا صابر سعيد محمد ', '', 'الخريجين');
INSERT INTO `lk9v6_alumni_main` (`id`, `user_id`, `approved`) VALUES (237564, 237564, 1);
INSERT INTO `lk9v6_alumni_data` (`alumni_id`, `graduation_year`, `fid`, `job`, `address`, `city`, `country`, `phone`, `gid`, `mobile`, `nationalnumber`, `department`, `division`, `with_honor`) VALUES (237564, 2008, '23', '', '', '', '', '', '', '', '', 'التربية الفنية ', '', '');
INSERT INTO `lk9v6_users` (`name`, `email`, `usertype`) VALUES ('رشا نبوى هاشم عبدالرحمن الفار', '', 'الخريجين');
INSERT INTO `lk9v6_alumni_main` (`id`, `user_id`, `approved`) VALUES (237565, 237565, 1);
INSERT INTO `lk9v6_alumni_data` (`alumni_id`, `graduation_year`, `fid`, `job`, `address`, `city`, `country`, `phone`, `gid`, `mobile`, `nationalnumber`, `department`, `division`, `with_honor`) VALUES (237565, 2008, '23', '', '', '', '', '', '', '', '', 'التربية الفنية ', '', '');
INSERT INTO `lk9v6_users` (`name`, `email`, `usertype`) VALUES ('غيداء عبد الفتاح محمد محمد الرشيدى ', '', 'الخريجين');
INSERT INTO `lk9v6_alumni_main` (`id`, `user_id`, `approved`) VALUES (237566, 237566, 1);
INSERT INTO `lk9v6_alumni_data` (`alumni_id`, `graduation_year`, `fid`, `job`, `address`, `city`, `country`, `phone`, `gid`, `mobile`, `nationalnumber`, `department`, `division`, `with_honor`) VALUES (237566, 2008, '23', '', '', '', '', '', '', '', '', 'التربية الفنية ', '', '');
INSERT INTO `lk9v6_users` (`name`, `email`, `usertype`) VALUES ('مايسة محمود رجب محمود طه ', '', 'الخريجين');
INSERT INTO `lk9v6_alumni_main` (`id`, `user_id`, `approved`) VALUES (237567, 237567, 1);
INSERT INTO `lk9v6_alumni_data` (`alumni_id`, `graduation_year`, `fid`, `job`, `address`, `city`, `country`, `phone`, `gid`, `mobile`, `nationalnumber`, `department`, `division`, `with_honor`) VALUES (237567, 2008, '23', '', '', '', '', '', '', '', '', 'التربية الفنية ', '', '');
INSERT INTO `lk9v6_users` (`name`, `email`, `usertype`) VALUES ('مروة اسماعيل عبد العزيز محمد ', '', 'الخريجين');
INSERT INTO `lk9v6_alumni_main` (`id`, `user_id`, `approved`) VALUES (237568, 237568, 1);
INSERT INTO `lk9v6_alumni_data` (`alumni_id`, `graduation_year`, `fid`, `job`, `address`, `city`, `country`, `phone`, `gid`, `mobile`, `nationalnumber`, `department`, `division`, `with_honor`) VALUES (237568, 2008, '23', '', '', '', '', '', '', '', '', 'التربية الفنية ', '', '');
INSERT INTO `lk9v6_users` (`name`, `email`, `usertype`) VALUES ('ميادة احمد حلمى  مصطفى الحناوى ', '', 'الخريجين');
INSERT INTO `lk9v6_alumni_main` (`id`, `user_id`, `approved`) VALUES (237569, 237569, 1);
INSERT INTO `lk9v6_alumni_data` (`alumni_id`, `graduation_year`, `fid`, `job`, `address`, `city`, `country`, `phone`, `gid`, `mobile`, `nationalnumber`, `department`, `division`, `with_honor`) VALUES (237569, 2008, '23', '', '', '', '', '', '', '', '', 'التربية الفنية ', '', '');
INSERT INTO `lk9v6_users` (`name`, `email`, `usertype`) VALUES ('هبة يونس ابراهيم حسن ', '', 'الخريجين');
INSERT INTO `lk9v6_alumni_main` (`id`, `user_id`, `approved`) VALUES (237570, 237570, 1);
INSERT INTO `lk9v6_alumni_data` (`alumni_id`, `graduation_year`, `fid`, `job`, `address`, `city`, `country`, `phone`, `gid`, `mobile`, `nationalnumber`, `department`, `division`, `with_honor`) VALUES (237570, 2008, '23', '', '', '', '', '', '', '', '', 'التربية الفنية ', '', '');
INSERT INTO `lk9v6_users` (`name`, `email`, `usertype`) VALUES ('هدير عبدالحميد محمد عبد الحميد ابراهيم ', '', 'الخريجين');
INSERT INTO `lk9v6_alumni_main` (`id`, `user_id`, `approved`) VALUES (237571, 237571, 1);
INSERT INTO `lk9v6_alumni_data` (`alumni_id`, `graduation_year`, `fid`, `job`, `address`, `city`, `country`, `phone`, `gid`, `mobile`, `nationalnumber`, `department`, `division`, `with_honor`) VALUES (237571, 2008, '23', '', '', '', '', '', '', '', '', 'التربية الفنية ', '', '');
INSERT INTO `lk9v6_users` (`name`, `email`, `usertype`) VALUES ('الاء نشأت احمد عبد الغنى النقراشى ', '', 'الخريجين');
INSERT INTO `lk9v6_alumni_main` (`id`, `user_id`, `approved`) VALUES (237572, 237572, 1);
INSERT INTO `lk9v6_alumni_data` (`alumni_id`, `graduation_year`, `fid`, `job`, `address`, `city`, `country`, `phone`, `gid`, `mobile`, `nationalnumber`, `department`, `division`, `with_honor`) VALUES (237572, 2009, '23', '', '', '', '', '', '', '', '', 'الاقتصاد المنزلى ', '', '');
INSERT INTO `lk9v6_users` (`name`, `email`, `usertype`) VALUES ('ايمان ابراهيم محمد النوام ', '', 'الخريجين');
INSERT INTO `lk9v6_alumni_main` (`id`, `user_id`, `approved`) VALUES (237573, 237573, 1);
INSERT INTO `lk9v6_alumni_data` (`alumni_id`, `graduation_year`, `fid`, `job`, `address`, `city`, `country`, `phone`, `gid`, `mobile`, `nationalnumber`, `department`, `division`, `with_honor`) VALUES (237573, 2009, '23', '', '', '', '', '', '', '', '', 'الاقتصاد المنزلى ', '', '');
INSERT INTO `lk9v6_users` (`name`, `email`, `usertype`) VALUES ('تريزا اميل شكرى انيس', '', 'الخريجين');
INSERT INTO `lk9v6_alumni_main` (`id`, `user_id`, `approved`) VALUES (237574, 237574, 1);
INSERT INTO `lk9v6_alumni_data` (`alumni_id`, `graduation_year`, `fid`, `job`, `address`, `city`, `country`, `phone`, `gid`, `mobile`, `nationalnumber`, `department`, `division`, `with_honor`) VALUES (237574, 2009, '23', '', '', '', '', '', '', '', '', 'الاقتصاد المنزلى ', '', '');
INSERT INTO `lk9v6_users` (`name`, `email`, `usertype`) VALUES ('جيهان جوزيف يعقوب حنا الله', '', 'الخريجين');
INSERT INTO `lk9v6_alumni_main` (`id`, `user_id`, `approved`) VALUES (237575, 237575, 1);
INSERT INTO `lk9v6_alumni_data` (`alumni_id`, `graduation_year`, `fid`, `job`, `address`, `city`, `country`, `phone`, `gid`, `mobile`, `nationalnumber`, `department`, `division`, `with_honor`) VALUES (237575, 2009, '23', '', '', '', '', '', '', '', '', 'الاقتصاد المنزلى ', '', '');
INSERT INTO `lk9v6_users` (`name`, `email`, `usertype`) VALUES ('رانيا حامد ابراهيم حامد عثمان ', '', 'الخريجين');
INSERT INTO `lk9v6_alumni_main` (`id`, `user_id`, `approved`) VALUES (237576, 237576, 1);
INSERT INTO `lk9v6_alumni_data` (`alumni_id`, `graduation_year`, `fid`, `job`, `address`, `city`, `country`, `phone`, `gid`, `mobile`, `nationalnumber`, `department`, `division`, `with_honor`) VALUES (237576, 2009, '23', '', '', '', '', '', '', '', '', 'الاقتصاد المنزلى ', '', '');
INSERT INTO `lk9v6_users` (`name`, `email`, `usertype`) VALUES ('صافيناز سالم محمد محمد الزنارى ', '', 'الخريجين');
INSERT INTO `lk9v6_alumni_main` (`id`, `user_id`, `approved`) VALUES (237577, 237577, 1);
INSERT INTO `lk9v6_alumni_data` (`alumni_id`, `graduation_year`, `fid`, `job`, `address`, `city`, `country`, `phone`, `gid`, `mobile`, `nationalnumber`, `department`, `division`, `with_honor`) VALUES (237577, 2009, '23', '', '', '', '', '', '', '', '', 'الاقتصاد المنزلى ', '', '');
INSERT INTO `lk9v6_users` (`name`, `email`, `usertype`) VALUES ('مروة على عبدالنبي على السيد ', '', 'الخريجين');
INSERT INTO `lk9v6_alumni_main` (`id`, `user_id`, `approved`) VALUES (237578, 237578, 1);
INSERT INTO `lk9v6_alumni_data` (`alumni_id`, `graduation_year`, `fid`, `job`, `address`, `city`, `country`, `phone`, `gid`, `mobile`, `nationalnumber`, `department`, `division`, `with_honor`) VALUES (237578, 2009, '23', '', '', '', '', '', '', '', '', 'الاقتصاد المنزلى ', '', '');
INSERT INTO `lk9v6_users` (`name`, `email`, `usertype`) VALUES ('نرمين سمير عابدين عبدالرحمن سليمان ', '', 'الخريجين');
INSERT INTO `lk9v6_alumni_main` (`id`, `user_id`, `approved`) VALUES (237579, 237579, 1);
INSERT INTO `lk9v6_alumni_data` (`alumni_id`, `graduation_year`, `fid`, `job`, `address`, `city`, `country`, `phone`, `gid`, `mobile`, `nationalnumber`, `department`, `division`, `with_honor`) VALUES (237579, 2009, '23', '', '', '', '', '', '', '', '', 'الاقتصاد المنزلى ', '', '');
INSERT INTO `lk9v6_users` (`name`, `email`, `usertype`) VALUES ('نهلة كمال حسن على ', '', 'الخريجين');
INSERT INTO `lk9v6_alumni_main` (`id`, `user_id`, `approved`) VALUES (237580, 237580, 1);
INSERT INTO `lk9v6_alumni_data` (`alumni_id`, `graduation_year`, `fid`, `job`, `address`, `city`, `country`, `phone`, `gid`, `mobile`, `nationalnumber`, `department`, `division`, `with_honor`) VALUES (237580, 2009, '23', '', '', '', '', '', '', '', '', 'الاقتصاد المنزلى ', '', '');
INSERT INTO `lk9v6_users` (`name`, `email`, `usertype`) VALUES ('هدى عبدالرحمن يوسف عبدالله شعلان ', '', 'الخريجين');
INSERT INTO `lk9v6_alumni_main` (`id`, `user_id`, `approved`) VALUES (237581, 237581, 1);
INSERT INTO `lk9v6_alumni_data` (`alumni_id`, `graduation_year`, `fid`, `job`, `address`, `city`, `country`, `phone`, `gid`, `mobile`, `nationalnumber`, `department`, `division`, `with_honor`) VALUES (237581, 2009, '23', '', '', '', '', '', '', '', '', 'الاقتصاد المنزلى ', '', '');
INSERT INTO `lk9v6_users` (`name`, `email`, `usertype`) VALUES ('هند عبدالله السيد بسيونى خضر', '', 'الخريجين');
INSERT INTO `lk9v6_alumni_main` (`id`, `user_id`, `approved`) VALUES (237582, 237582, 1);
INSERT INTO `lk9v6_alumni_data` (`alumni_id`, `graduation_year`, `fid`, `job`, `address`, `city`, `country`, `phone`, `gid`, `mobile`, `nationalnumber`, `department`, `division`, `with_honor`) VALUES (237582, 2009, '23', '', '', '', '', '', '', '', '', 'الاقتصاد المنزلى ', '', '');
INSERT INTO `lk9v6_users` (`name`, `email`, `usertype`) VALUES ('هند مصطفى احمد كامل عصمت ', '', 'الخريجين');
INSERT INTO `lk9v6_alumni_main` (`id`, `user_id`, `approved`) VALUES (237583, 237583, 1);
INSERT INTO `lk9v6_alumni_data` (`alumni_id`, `graduation_year`, `fid`, `job`, `address`, `city`, `country`, `phone`, `gid`, `mobile`, `nationalnumber`, `department`, `division`, `with_honor`) VALUES (237583, 2009, '23', '', '', '', '', '', '', '', '', 'الاقتصاد المنزلى ', '', '');
INSERT INTO `lk9v6_users` (`name`, `email`, `usertype`) VALUES ('وسام ابراهيم منسوب عبدالعزيز الخولى ', '', 'الخريجين');
INSERT INTO `lk9v6_alumni_main` (`id`, `user_id`, `approved`) VALUES (237584, 237584, 1);
INSERT INTO `lk9v6_alumni_data` (`alumni_id`, `graduation_year`, `fid`, `job`, `address`, `city`, `country`, `phone`, `gid`, `mobile`, `nationalnumber`, `department`, `division`, `with_honor`) VALUES (237584, 2009, '23', '', '', '', '', '', '', '', '', 'الاقتصاد المنزلى ', '', '');
INSERT INTO `lk9v6_users` (`name`, `email`, `usertype`) VALUES ('اثار عبدالحكيم محمد عوض طايل ', '', 'الخريجين');
INSERT INTO `lk9v6_alumni_main` (`id`, `user_id`, `approved`) VALUES (237585, 237585, 1);
INSERT INTO `lk9v6_alumni_data` (`alumni_id`, `graduation_year`, `fid`, `job`, `address`, `city`, `country`, `phone`, `gid`, `mobile`, `nationalnumber`, `department`, `division`, `with_honor`) VALUES (237585, 2009, '23', '', '', '', '', '', '', '', '', 'الاقتصاد المنزلى ', '', '');
INSERT INTO `lk9v6_users` (`name`, `email`, `usertype`) VALUES ('اسماء احمد محمد محمد رخا', '', 'الخريجين');
INSERT INTO `lk9v6_alumni_main` (`id`, `user_id`, `approved`) VALUES (237586, 237586, 1);
INSERT INTO `lk9v6_alumni_data` (`alumni_id`, `graduation_year`, `fid`, `job`, `address`, `city`, `country`, `phone`, `gid`, `mobile`, `nationalnumber`, `department`, `division`, `with_honor`) VALUES (237586, 2009, '23', '', '', '', '', '', '', '', '', 'الاقتصاد المنزلى ', '', '');
INSERT INTO `lk9v6_users` (`name`, `email`, `usertype`) VALUES ('اسماء صلاح احمد حسين حجاج', '', 'الخريجين');
INSERT INTO `lk9v6_alumni_main` (`id`, `user_id`, `approved`) VALUES (237587, 237587, 1);
INSERT INTO `lk9v6_alumni_data` (`alumni_id`, `graduation_year`, `fid`, `job`, `address`, `city`, `country`, `phone`, `gid`, `mobile`, `nationalnumber`, `department`, `division`, `with_honor`) VALUES (237587, 2009, '23', '', '', '', '', '', '', '', '', 'الاقتصاد المنزلى ', '', '');
INSERT INTO `lk9v6_users` (`name`, `email`, `usertype`) VALUES ('اسماء طارق محمد سليمان الشريف', '', 'الخريجين');
INSERT INTO `lk9v6_alumni_main` (`id`, `user_id`, `approved`) VALUES (237588, 237588, 1);
INSERT INTO `lk9v6_alumni_data` (`alumni_id`, `graduation_year`, `fid`, `job`, `address`, `city`, `country`, `phone`, `gid`, `mobile`, `nationalnumber`, `department`, `division`, `with_honor`) VALUES (237588, 2009, '23', '', '', '', '', '', '', '', '', 'الاقتصاد المنزلى ', '', '');
INSERT INTO `lk9v6_users` (`name`, `email`, `usertype`) VALUES ('ايمان السيد سالم محمد على ', '', 'الخريجين');
INSERT INTO `lk9v6_alumni_main` (`id`, `user_id`, `approved`) VALUES (237589, 237589, 1);
INSERT INTO `lk9v6_alumni_data` (`alumni_id`, `graduation_year`, `fid`, `job`, `address`, `city`, `country`, `phone`, `gid`, `mobile`, `nationalnumber`, `department`, `division`, `with_honor`) VALUES (237589, 2009, '23', '', '', '', '', '', '', '', '', 'الاقتصاد المنزلى ', '', '');
INSERT INTO `lk9v6_users` (`name`, `email`, `usertype`) VALUES ('راقية جمعة احمد اسماعيل ', '', 'الخريجين');
INSERT INTO `lk9v6_alumni_main` (`id`, `user_id`, `approved`) VALUES (237590, 237590, 1);
INSERT INTO `lk9v6_alumni_data` (`alumni_id`, `graduation_year`, `fid`, `job`, `address`, `city`, `country`, `phone`, `gid`, `mobile`, `nationalnumber`, `department`, `division`, `with_honor`) VALUES (237590, 2009, '23', '', '', '', '', '', '', '', '', 'الاقتصاد المنزلى ', '', '');
INSERT INTO `lk9v6_users` (`name`, `email`, `usertype`) VALUES ('شيماء سيد احمد عبدالرحمن السيد ', '', 'الخريجين');
INSERT INTO `lk9v6_alumni_main` (`id`, `user_id`, `approved`) VALUES (237591, 237591, 1);
INSERT INTO `lk9v6_alumni_data` (`alumni_id`, `graduation_year`, `fid`, `job`, `address`, `city`, `country`, `phone`, `gid`, `mobile`, `nationalnumber`, `department`, `division`, `with_honor`) VALUES (237591, 2009, '23', '', '', '', '', '', '', '', '', 'الاقتصاد المنزلى ', '', '');
INSERT INTO `lk9v6_users` (`name`, `email`, `usertype`) VALUES ('منار محمد عبدالحكيم جمعة الزرباوى ', '', 'الخريجين');
INSERT INTO `lk9v6_alumni_main` (`id`, `user_id`, `approved`) VALUES (237592, 237592, 1);
INSERT INTO `lk9v6_alumni_data` (`alumni_id`, `graduation_year`, `fid`, `job`, `address`, `city`, `country`, `phone`, `gid`, `mobile`, `nationalnumber`, `department`, `division`, `with_honor`) VALUES (237592, 2009, '23', '', '', '', '', '', '', '', '', 'الاقتصاد المنزلى ', '', '');
INSERT INTO `lk9v6_users` (`name`, `email`, `usertype`) VALUES ('منى محمود السيد عز العرب', '', 'الخريجين');
INSERT INTO `lk9v6_alumni_main` (`id`, `user_id`, `approved`) VALUES (237593, 237593, 1);
INSERT INTO `lk9v6_alumni_data` (`alumni_id`, `graduation_year`, `fid`, `job`, `address`, `city`, `country`, `phone`, `gid`, `mobile`, `nationalnumber`, `department`, `division`, `with_honor`) VALUES (237593, 2009, '23', '', '', '', '', '', '', '', '', 'الاقتصاد المنزلى ', '', '');
INSERT INTO `lk9v6_users` (`name`, `email`, `usertype`) VALUES ('ولاء محمد بهجت حسن السيد ', '', 'الخريجين');
INSERT INTO `lk9v6_alumni_main` (`id`, `user_id`, `approved`) VALUES (237594, 237594, 1);
INSERT INTO `lk9v6_alumni_data` (`alumni_id`, `graduation_year`, `fid`, `job`, `address`, `city`, `country`, `phone`, `gid`, `mobile`, `nationalnumber`, `department`, `division`, `with_honor`) VALUES (237594, 2009, '23', '', '', '', '', '', '', '', '', 'الاقتصاد المنزلى ', '', '');
INSERT INTO `lk9v6_users` (`name`, `email`, `usertype`) VALUES ('اسماء محمد عبدالقيوم محمد عبدالوهاب', '', 'الخريجين');
INSERT INTO `lk9v6_alumni_main` (`id`, `user_id`, `approved`) VALUES (237595, 237595, 1);
INSERT INTO `lk9v6_alumni_data` (`alumni_id`, `graduation_year`, `fid`, `job`, `address`, `city`, `country`, `phone`, `gid`, `mobile`, `nationalnumber`, `department`, `division`, `with_honor`) VALUES (237595, 2009, '23', '', '', '', '', '', '', '', '', 'الاقتصاد المنزلى ', '', '');
INSERT INTO `lk9v6_users` (`name`, `email`, `usertype`) VALUES ('خلود محمد عبدالمنعم عبدالحميد', '', 'الخريجين');
INSERT INTO `lk9v6_alumni_main` (`id`, `user_id`, `approved`) VALUES (237596, 237596, 1);
INSERT INTO `lk9v6_alumni_data` (`alumni_id`, `graduation_year`, `fid`, `job`, `address`, `city`, `country`, `phone`, `gid`, `mobile`, `nationalnumber`, `department`, `division`, `with_honor`) VALUES (237596, 2009, '23', '', '', '', '', '', '', '', '', 'الاقتصاد المنزلى ', '', '');
INSERT INTO `lk9v6_users` (`name`, `email`, `usertype`) VALUES ('يوليانة جرجس حنا خليل', '', 'الخريجين');
INSERT INTO `lk9v6_alumni_main` (`id`, `user_id`, `approved`) VALUES (237597, 237597, 1);
INSERT INTO `lk9v6_alumni_data` (`alumni_id`, `graduation_year`, `fid`, `job`, `address`, `city`, `country`, `phone`, `gid`, `mobile`, `nationalnumber`, `department`, `division`, `with_honor`) VALUES (237597, 2009, '23', '', '', '', '', '', '', '', '', 'الاقتصاد المنزلى ', '', '');
INSERT INTO `lk9v6_users` (`name`, `email`, `usertype`) VALUES ('ايمان احمد خميس محمد كريم ', '', 'الخريجين');
INSERT INTO `lk9v6_alumni_main` (`id`, `user_id`, `approved`) VALUES (237598, 237598, 1);
INSERT INTO `lk9v6_alumni_data` (`alumni_id`, `graduation_year`, `fid`, `job`, `address`, `city`, `country`, `phone`, `gid`, `mobile`, `nationalnumber`, `department`, `division`, `with_honor`) VALUES (237598, 2009, '23', '', '', '', '', '', '', '', '', 'التربية الموسيقية ', '', '');
INSERT INTO `lk9v6_users` (`name`, `email`, `usertype`) VALUES ('ايمان عيسوى عبدالفتاح احمد محمد ', '', 'الخريجين');
INSERT INTO `lk9v6_alumni_main` (`id`, `user_id`, `approved`) VALUES (237599, 237599, 1);
INSERT INTO `lk9v6_alumni_data` (`alumni_id`, `graduation_year`, `fid`, `job`, `address`, `city`, `country`, `phone`, `gid`, `mobile`, `nationalnumber`, `department`, `division`, `with_honor`) VALUES (237599, 2009, '23', '', '', '', '', '', '', '', '', 'التربية الموسيقية ', '', '');
INSERT INTO `lk9v6_users` (`name`, `email`, `usertype`) VALUES ('على محمود على خبيرى ', '', 'الخريجين');
INSERT INTO `lk9v6_alumni_main` (`id`, `user_id`, `approved`) VALUES (237600, 237600, 1);
INSERT INTO `lk9v6_alumni_data` (`alumni_id`, `graduation_year`, `fid`, `job`, `address`, `city`, `country`, `phone`, `gid`, `mobile`, `nationalnumber`, `department`, `division`, `with_honor`) VALUES (237600, 2009, '23', '', '', '', '', '', '', '', '', 'التربية الموسيقية ', '', '');
INSERT INTO `lk9v6_users` (`name`, `email`, `usertype`) VALUES ('امنية زكريا توفيق احمد ', '', 'الخريجين');
INSERT INTO `lk9v6_alumni_main` (`id`, `user_id`, `approved`) VALUES (237601, 237601, 1);
INSERT INTO `lk9v6_alumni_data` (`alumni_id`, `graduation_year`, `fid`, `job`, `address`, `city`, `country`, `phone`, `gid`, `mobile`, `nationalnumber`, `department`, `division`, `with_honor`) VALUES (237601, 2009, '23', '', '', '', '', '', '', '', '', 'التربية الموسيقية ', '', '');
INSERT INTO `lk9v6_users` (`name`, `email`, `usertype`) VALUES ('اميرة عبدالمنعم محمود رزق على ', '', 'الخريجين');
INSERT INTO `lk9v6_alumni_main` (`id`, `user_id`, `approved`) VALUES (237602, 237602, 1);
INSERT INTO `lk9v6_alumni_data` (`alumni_id`, `graduation_year`, `fid`, `job`, `address`, `city`, `country`, `phone`, `gid`, `mobile`, `nationalnumber`, `department`, `division`, `with_honor`) VALUES (237602, 2009, '23', '', '', '', '', '', '', '', '', 'التربية الموسيقية ', '', '');
INSERT INTO `lk9v6_users` (`name`, `email`, `usertype`) VALUES ('ايمان الفريد فكرى حبيب ', '', 'الخريجين');
INSERT INTO `lk9v6_alumni_main` (`id`, `user_id`, `approved`) VALUES (237603, 237603, 1);
INSERT INTO `lk9v6_alumni_data` (`alumni_id`, `graduation_year`, `fid`, `job`, `address`, `city`, `country`, `phone`, `gid`, `mobile`, `nationalnumber`, `department`, `division`, `with_honor`) VALUES (237603, 2009, '23', '', '', '', '', '', '', '', '', 'التربية الموسيقية ', '', '');
INSERT INTO `lk9v6_users` (`name`, `email`, `usertype`) VALUES ('ايمان محمد لطفى امام محمد ', '', 'الخريجين');
INSERT INTO `lk9v6_alumni_main` (`id`, `user_id`, `approved`) VALUES (237604, 237604, 1);
INSERT INTO `lk9v6_alumni_data` (`alumni_id`, `graduation_year`, `fid`, `job`, `address`, `city`, `country`, `phone`, `gid`, `mobile`, `nationalnumber`, `department`, `division`, `with_honor`) VALUES (237604, 2009, '23', '', '', '', '', '', '', '', '', 'التربية الموسيقية ', '', '');
INSERT INTO `lk9v6_users` (`name`, `email`, `usertype`) VALUES ('باسنت محمود حسن على حسن ', '', 'الخريجين');
INSERT INTO `lk9v6_alumni_main` (`id`, `user_id`, `approved`) VALUES (237605, 237605, 1);
INSERT INTO `lk9v6_alumni_data` (`alumni_id`, `graduation_year`, `fid`, `job`, `address`, `city`, `country`, `phone`, `gid`, `mobile`, `nationalnumber`, `department`, `division`, `with_honor`) VALUES (237605, 2009, '23', '', '', '', '', '', '', '', '', 'التربية الموسيقية ', '', '');
INSERT INTO `lk9v6_users` (`name`, `email`, `usertype`) VALUES ('جيلان محمد هانى عبدالمجيد محمد بدران ', '', 'الخريجين');
INSERT INTO `lk9v6_alumni_main` (`id`, `user_id`, `approved`) VALUES (237606, 237606, 1);
INSERT INTO `lk9v6_alumni_data` (`alumni_id`, `graduation_year`, `fid`, `job`, `address`, `city`, `country`, `phone`, `gid`, `mobile`, `nationalnumber`, `department`, `division`, `with_honor`) VALUES (237606, 2009, '23', '', '', '', '', '', '', '', '', 'التربية الموسيقية ', '', '');
INSERT INTO `lk9v6_users` (`name`, `email`, `usertype`) VALUES ('حنان حسنى محمد على البدرى ', '', 'الخريجين');
INSERT INTO `lk9v6_alumni_main` (`id`, `user_id`, `approved`) VALUES (237607, 237607, 1);
INSERT INTO `lk9v6_alumni_data` (`alumni_id`, `graduation_year`, `fid`, `job`, `address`, `city`, `country`, `phone`, `gid`, `mobile`, `nationalnumber`, `department`, `division`, `with_honor`) VALUES (237607, 2009, '23', '', '', '', '', '', '', '', '', 'التربية الموسيقية ', '', '');
INSERT INTO `lk9v6_users` (`name`, `email`, `usertype`) VALUES ('داليا احمد ابراهيم محمود السيد ', '', 'الخريجين');
INSERT INTO `lk9v6_alumni_main` (`id`, `user_id`, `approved`) VALUES (237608, 237608, 1);
INSERT INTO `lk9v6_alumni_data` (`alumni_id`, `graduation_year`, `fid`, `job`, `address`, `city`, `country`, `phone`, `gid`, `mobile`, `nationalnumber`, `department`, `division`, `with_honor`) VALUES (237608, 2009, '23', '', '', '', '', '', '', '', '', 'التربية الموسيقية ', '', '');
INSERT INTO `lk9v6_users` (`name`, `email`, `usertype`) VALUES ('دينا صفوت عبدالمنعم عبدالسلام ', '', 'الخريجين');
INSERT INTO `lk9v6_alumni_main` (`id`, `user_id`, `approved`) VALUES (237609, 237609, 1);
INSERT INTO `lk9v6_alumni_data` (`alumni_id`, `graduation_year`, `fid`, `job`, `address`, `city`, `country`, `phone`, `gid`, `mobile`, `nationalnumber`, `department`, `division`, `with_honor`) VALUES (237609, 2009, '23', '', '', '', '', '', '', '', '', 'التربية الموسيقية ', '', '');
INSERT INTO `lk9v6_users` (`name`, `email`, `usertype`) VALUES ('رغدة على حسن على مصطفى الرشيدي ', '', 'الخريجين');
INSERT INTO `lk9v6_alumni_main` (`id`, `user_id`, `approved`) VALUES (237610, 237610, 1);
INSERT INTO `lk9v6_alumni_data` (`alumni_id`, `graduation_year`, `fid`, `job`, `address`, `city`, `country`, `phone`, `gid`, `mobile`, `nationalnumber`, `department`, `division`, `with_honor`) VALUES (237610, 2009, '23', '', '', '', '', '', '', '', '', 'التربية الموسيقية ', '', '');
INSERT INTO `lk9v6_users` (`name`, `email`, `usertype`) VALUES ('روايدا محمد حسن غريب حسن ', '', 'الخريجين');
INSERT INTO `lk9v6_alumni_main` (`id`, `user_id`, `approved`) VALUES (237611, 237611, 1);
INSERT INTO `lk9v6_alumni_data` (`alumni_id`, `graduation_year`, `fid`, `job`, `address`, `city`, `country`, `phone`, `gid`, `mobile`, `nationalnumber`, `department`, `division`, `with_honor`) VALUES (237611, 2009, '23', '', '', '', '', '', '', '', '', 'التربية الموسيقية ', '', '');
INSERT INTO `lk9v6_users` (`name`, `email`, `usertype`) VALUES ('ريم عادل احمد على احمد اسماعيل ', '', 'الخريجين');
INSERT INTO `lk9v6_alumni_main` (`id`, `user_id`, `approved`) VALUES (237612, 237612, 1);
INSERT INTO `lk9v6_alumni_data` (`alumni_id`, `graduation_year`, `fid`, `job`, `address`, `city`, `country`, `phone`, `gid`, `mobile`, `nationalnumber`, `department`, `division`, `with_honor`) VALUES (237612, 2009, '23', '', '', '', '', '', '', '', '', 'التربية الموسيقية ', '', '');
INSERT INTO `lk9v6_users` (`name`, `email`, `usertype`) VALUES ('ريهام جمال محمد السيد حسن ', '', 'الخريجين');
INSERT INTO `lk9v6_alumni_main` (`id`, `user_id`, `approved`) VALUES (237613, 237613, 1);
INSERT INTO `lk9v6_alumni_data` (`alumni_id`, `graduation_year`, `fid`, `job`, `address`, `city`, `country`, `phone`, `gid`, `mobile`, `nationalnumber`, `department`, `division`, `with_honor`) VALUES (237613, 2009, '23', '', '', '', '', '', '', '', '', 'التربية الموسيقية ', '', '');
INSERT INTO `lk9v6_users` (`name`, `email`, `usertype`) VALUES ('سالى محمد احمد فضل ', '', 'الخريجين');
INSERT INTO `lk9v6_alumni_main` (`id`, `user_id`, `approved`) VALUES (237614, 237614, 1);
INSERT INTO `lk9v6_alumni_data` (`alumni_id`, `graduation_year`, `fid`, `job`, `address`, `city`, `country`, `phone`, `gid`, `mobile`, `nationalnumber`, `department`, `division`, `with_honor`) VALUES (237614, 2009, '23', '', '', '', '', '', '', '', '', 'التربية الموسيقية ', '', '');
INSERT INTO `lk9v6_users` (`name`, `email`, `usertype`) VALUES ('منى محمد ابراهيم خليل ابراهيم ', '', 'الخريجين');
INSERT INTO `lk9v6_alumni_main` (`id`, `user_id`, `approved`) VALUES (237615, 237615, 1);
INSERT INTO `lk9v6_alumni_data` (`alumni_id`, `graduation_year`, `fid`, `job`, `address`, `city`, `country`, `phone`, `gid`, `mobile`, `nationalnumber`, `department`, `division`, `with_honor`) VALUES (237615, 2009, '23', '', '', '', '', '', '', '', '', 'التربية الموسيقية ', '', '');
INSERT INTO `lk9v6_users` (`name`, `email`, `usertype`) VALUES ('نسمة محمد على عبدالسميع خطاب ', '', 'الخريجين');
INSERT INTO `lk9v6_alumni_main` (`id`, `user_id`, `approved`) VALUES (237616, 237616, 1);
INSERT INTO `lk9v6_alumni_data` (`alumni_id`, `graduation_year`, `fid`, `job`, `address`, `city`, `country`, `phone`, `gid`, `mobile`, `nationalnumber`, `department`, `division`, `with_honor`) VALUES (237616, 2009, '23', '', '', '', '', '', '', '', '', 'التربية الموسيقية ', '', '');
INSERT INTO `lk9v6_users` (`name`, `email`, `usertype`) VALUES ('نور الهدى احمد مجد الدين محمد على خليفة ', '', 'الخريجين');
INSERT INTO `lk9v6_alumni_main` (`id`, `user_id`, `approved`) VALUES (237617, 237617, 1);
INSERT INTO `lk9v6_alumni_data` (`alumni_id`, `graduation_year`, `fid`, `job`, `address`, `city`, `country`, `phone`, `gid`, `mobile`, `nationalnumber`, `department`, `division`, `with_honor`) VALUES (237617, 2009, '23', '', '', '', '', '', '', '', '', 'التربية الموسيقية ', '', '');
INSERT INTO `lk9v6_users` (`name`, `email`, `usertype`) VALUES ('هبه خلف موسى فرحات ', '', 'الخريجين');
INSERT INTO `lk9v6_alumni_main` (`id`, `user_id`, `approved`) VALUES (237618, 237618, 1);
INSERT INTO `lk9v6_alumni_data` (`alumni_id`, `graduation_year`, `fid`, `job`, `address`, `city`, `country`, `phone`, `gid`, `mobile`, `nationalnumber`, `department`, `division`, `with_honor`) VALUES (237618, 2009, '23', '', '', '', '', '', '', '', '', 'التربية الموسيقية ', '', '');
INSERT INTO `lk9v6_users` (`name`, `email`, `usertype`) VALUES ('هدير عادل عبدالمحسن امين ', '', 'الخريجين');
INSERT INTO `lk9v6_alumni_main` (`id`, `user_id`, `approved`) VALUES (237619, 237619, 1);
INSERT INTO `lk9v6_alumni_data` (`alumni_id`, `graduation_year`, `fid`, `job`, `address`, `city`, `country`, `phone`, `gid`, `mobile`, `nationalnumber`, `department`, `division`, `with_honor`) VALUES (237619, 2009, '23', '', '', '', '', '', '', '', '', 'التربية الموسيقية ', '', '');
INSERT INTO `lk9v6_users` (`name`, `email`, `usertype`) VALUES ('وسام ثابت محمد ثابت موسي', '', 'الخريجين');
INSERT INTO `lk9v6_alumni_main` (`id`, `user_id`, `approved`) VALUES (237620, 237620, 1);
INSERT INTO `lk9v6_alumni_data` (`alumni_id`, `graduation_year`, `fid`, `job`, `address`, `city`, `country`, `phone`, `gid`, `mobile`, `nationalnumber`, `department`, `division`, `with_honor`) VALUES (237620, 2009, '23', '', '', '', '', '', '', '', '', 'التربية الموسيقية ', '', '');
INSERT INTO `lk9v6_users` (`name`, `email`, `usertype`) VALUES ('يارا جوزيف مكارى جرجس حنا ', '', 'الخريجين');
INSERT INTO `lk9v6_alumni_main` (`id`, `user_id`, `approved`) VALUES (237621, 237621, 1);
INSERT INTO `lk9v6_alumni_data` (`alumni_id`, `graduation_year`, `fid`, `job`, `address`, `city`, `country`, `phone`, `gid`, `mobile`, `nationalnumber`, `department`, `division`, `with_honor`) VALUES (237621, 2009, '23', '', '', '', '', '', '', '', '', 'التربية الموسيقية ', '', '');
INSERT INTO `lk9v6_users` (`name`, `email`, `usertype`) VALUES ('احسان عبدالرؤوف حسن زايد', '', 'الخريجين');
INSERT INTO `lk9v6_alumni_main` (`id`, `user_id`, `approved`) VALUES (237622, 237622, 1);
INSERT INTO `lk9v6_alumni_data` (`alumni_id`, `graduation_year`, `fid`, `job`, `address`, `city`, `country`, `phone`, `gid`, `mobile`, `nationalnumber`, `department`, `division`, `with_honor`) VALUES (237622, 2009, '23', '', '', '', '', '', '', '', '', 'التربية الموسيقية ', '', '');
INSERT INTO `lk9v6_users` (`name`, `email`, `usertype`) VALUES ('اسراء مبروك احمد مبروك ', '', 'الخريجين');
INSERT INTO `lk9v6_alumni_main` (`id`, `user_id`, `approved`) VALUES (237623, 237623, 1);
INSERT INTO `lk9v6_alumni_data` (`alumni_id`, `graduation_year`, `fid`, `job`, `address`, `city`, `country`, `phone`, `gid`, `mobile`, `nationalnumber`, `department`, `division`, `with_honor`) VALUES (237623, 2009, '23', '', '', '', '', '', '', '', '', 'التربية الموسيقية ', '', '');
INSERT INTO `lk9v6_users` (`name`, `email`, `usertype`) VALUES ('ايمان عبدالمغنى عبدالمغنى عبدالمعطى دردير', '', 'الخريجين');
INSERT INTO `lk9v6_alumni_main` (`id`, `user_id`, `approved`) VALUES (237624, 237624, 1);
INSERT INTO `lk9v6_alumni_data` (`alumni_id`, `graduation_year`, `fid`, `job`, `address`, `city`, `country`, `phone`, `gid`, `mobile`, `nationalnumber`, `department`, `division`, `with_honor`) VALUES (237624, 2009, '23', '', '', '', '', '', '', '', '', 'التربية الموسيقية ', '', '');
INSERT INTO `lk9v6_users` (`name`, `email`, `usertype`) VALUES ('ايمان مرسي حسن مرسى', '', 'الخريجين');
INSERT INTO `lk9v6_alumni_main` (`id`, `user_id`, `approved`) VALUES (237625, 237625, 1);
INSERT INTO `lk9v6_alumni_data` (`alumni_id`, `graduation_year`, `fid`, `job`, `address`, `city`, `country`, `phone`, `gid`, `mobile`, `nationalnumber`, `department`, `division`, `with_honor`) VALUES (237625, 2009, '23', '', '', '', '', '', '', '', '', 'التربية الموسيقية ', '', '');
INSERT INTO `lk9v6_users` (`name`, `email`, `usertype`) VALUES ('دعاء عبدالغنى عبدالغنى الصماد ', '', 'الخريجين');
INSERT INTO `lk9v6_alumni_main` (`id`, `user_id`, `approved`) VALUES (237626, 237626, 1);
INSERT INTO `lk9v6_alumni_data` (`alumni_id`, `graduation_year`, `fid`, `job`, `address`, `city`, `country`, `phone`, `gid`, `mobile`, `nationalnumber`, `department`, `division`, `with_honor`) VALUES (237626, 2009, '23', '', '', '', '', '', '', '', '', 'التربية الموسيقية ', '', '');
INSERT INTO `lk9v6_users` (`name`, `email`, `usertype`) VALUES ('رانيا احمد عبدالوهاب محمد الخويسكى ', '', 'الخريجين');
INSERT INTO `lk9v6_alumni_main` (`id`, `user_id`, `approved`) VALUES (237627, 237627, 1);
INSERT INTO `lk9v6_alumni_data` (`alumni_id`, `graduation_year`, `fid`, `job`, `address`, `city`, `country`, `phone`, `gid`, `mobile`, `nationalnumber`, `department`, `division`, `with_honor`) VALUES (237627, 2009, '23', '', '', '', '', '', '', '', '', 'التربية الموسيقية ', '', '');
INSERT INTO `lk9v6_users` (`name`, `email`, `usertype`) VALUES ('ريهام محمد على ماشاءالله حسن حسين كريم', '', 'الخريجين');
INSERT INTO `lk9v6_alumni_main` (`id`, `user_id`, `approved`) VALUES (237628, 237628, 1);
INSERT INTO `lk9v6_alumni_data` (`alumni_id`, `graduation_year`, `fid`, `job`, `address`, `city`, `country`, `phone`, `gid`, `mobile`, `nationalnumber`, `department`, `division`, `with_honor`) VALUES (237628, 2009, '23', '', '', '', '', '', '', '', '', 'التربية الموسيقية ', '', '');
INSERT INTO `lk9v6_users` (`name`, `email`, `usertype`) VALUES ('كمال عصام كمال مرسي', '', 'الخريجين');
INSERT INTO `lk9v6_alumni_main` (`id`, `user_id`, `approved`) VALUES (237629, 237629, 1);
INSERT INTO `lk9v6_alumni_data` (`alumni_id`, `graduation_year`, `fid`, `job`, `address`, `city`, `country`, `phone`, `gid`, `mobile`, `nationalnumber`, `department`, `division`, `with_honor`) VALUES (237629, 2009, '23', '', '', '', '', '', '', '', '', 'التربية الموسيقية ', '', '');
INSERT INTO `lk9v6_users` (`name`, `email`, `usertype`) VALUES ('مارتينا حلمى كامل بولص', '', 'الخريجين');
INSERT INTO `lk9v6_alumni_main` (`id`, `user_id`, `approved`) VALUES (237630, 237630, 1);
INSERT INTO `lk9v6_alumni_data` (`alumni_id`, `graduation_year`, `fid`, `job`, `address`, `city`, `country`, `phone`, `gid`, `mobile`, `nationalnumber`, `department`, `division`, `with_honor`) VALUES (237630, 2009, '23', '', '', '', '', '', '', '', '', 'التربية الموسيقية ', '', '');
INSERT INTO `lk9v6_users` (`name`, `email`, `usertype`) VALUES ('مروة محمود عبدالموجود محمد الاشول ', '', 'الخريجين');
INSERT INTO `lk9v6_alumni_main` (`id`, `user_id`, `approved`) VALUES (237631, 237631, 1);
INSERT INTO `lk9v6_alumni_data` (`alumni_id`, `graduation_year`, `fid`, `job`, `address`, `city`, `country`, `phone`, `gid`, `mobile`, `nationalnumber`, `department`, `division`, `with_honor`) VALUES (237631, 2009, '23', '', '', '', '', '', '', '', '', 'التربية الموسيقية ', '', '');
INSERT INTO `lk9v6_users` (`name`, `email`, `usertype`) VALUES ('نجلاء اسماعيل عبادة اسماعيل ابو زيد', '', 'الخريجين');
INSERT INTO `lk9v6_alumni_main` (`id`, `user_id`, `approved`) VALUES (237632, 237632, 1);
INSERT INTO `lk9v6_alumni_data` (`alumni_id`, `graduation_year`, `fid`, `job`, `address`, `city`, `country`, `phone`, `gid`, `mobile`, `nationalnumber`, `department`, `division`, `with_honor`) VALUES (237632, 2009, '23', '', '', '', '', '', '', '', '', 'التربية الموسيقية ', '', '');
INSERT INTO `lk9v6_users` (`name`, `email`, `usertype`) VALUES ('نهلة عواد محروس عمارة بحيرى ', '', 'الخريجين');
INSERT INTO `lk9v6_alumni_main` (`id`, `user_id`, `approved`) VALUES (237633, 237633, 1);
INSERT INTO `lk9v6_alumni_data` (`alumni_id`, `graduation_year`, `fid`, `job`, `address`, `city`, `country`, `phone`, `gid`, `mobile`, `nationalnumber`, `department`, `division`, `with_honor`) VALUES (237633, 2009, '23', '', '', '', '', '', '', '', '', 'التربية الموسيقية ', '', '');
INSERT INTO `lk9v6_users` (`name`, `email`, `usertype`) VALUES ('هاجر ايوب عبدالرؤوف التلت ', '', 'الخريجين');
INSERT INTO `lk9v6_alumni_main` (`id`, `user_id`, `approved`) VALUES (237634, 237634, 1);
INSERT INTO `lk9v6_alumni_data` (`alumni_id`, `graduation_year`, `fid`, `job`, `address`, `city`, `country`, `phone`, `gid`, `mobile`, `nationalnumber`, `department`, `division`, `with_honor`) VALUES (237634, 2009, '23', '', '', '', '', '', '', '', '', 'التربية الموسيقية ', '', '');
INSERT INTO `lk9v6_users` (`name`, `email`, `usertype`) VALUES ('سعاد احمد فؤاد احمد على مناع ', '', 'الخريجين');
INSERT INTO `lk9v6_alumni_main` (`id`, `user_id`, `approved`) VALUES (237635, 237635, 1);
INSERT INTO `lk9v6_alumni_data` (`alumni_id`, `graduation_year`, `fid`, `job`, `address`, `city`, `country`, `phone`, `gid`, `mobile`, `nationalnumber`, `department`, `division`, `with_honor`) VALUES (237635, 2009, '23', '', '', '', '', '', '', '', '', 'التربية الموسيقية ', '', '');
INSERT INTO `lk9v6_users` (`name`, `email`, `usertype`) VALUES ('سمر محمد يوسف السيد قنصوة ', '', 'الخريجين');
INSERT INTO `lk9v6_alumni_main` (`id`, `user_id`, `approved`) VALUES (237636, 237636, 1);
INSERT INTO `lk9v6_alumni_data` (`alumni_id`, `graduation_year`, `fid`, `job`, `address`, `city`, `country`, `phone`, `gid`, `mobile`, `nationalnumber`, `department`, `division`, `with_honor`) VALUES (237636, 2009, '23', '', '', '', '', '', '', '', '', 'التربية الموسيقية ', '', '');
INSERT INTO `lk9v6_users` (`name`, `email`, `usertype`) VALUES ('ياسمين خالد مصطفى ميبر ', '', 'الخريجين');
INSERT INTO `lk9v6_alumni_main` (`id`, `user_id`, `approved`) VALUES (237637, 237637, 1);
INSERT INTO `lk9v6_alumni_data` (`alumni_id`, `graduation_year`, `fid`, `job`, `address`, `city`, `country`, `phone`, `gid`, `mobile`, `nationalnumber`, `department`, `division`, `with_honor`) VALUES (237637, 2009, '23', '', '', '', '', '', '', '', '', 'التربية الموسيقية ', '', '');
INSERT INTO `lk9v6_users` (`name`, `email`, `usertype`) VALUES ('بسنت محمد عبدالمنعم عايد ', '', 'الخريجين');
INSERT INTO `lk9v6_alumni_main` (`id`, `user_id`, `approved`) VALUES (237638, 237638, 1);
INSERT INTO `lk9v6_alumni_data` (`alumni_id`, `graduation_year`, `fid`, `job`, `address`, `city`, `country`, `phone`, `gid`, `mobile`, `nationalnumber`, `department`, `division`, `with_honor`) VALUES (237638, 2009, '23', '', '', '', '', '', '', '', '', 'التربية الموسيقية ', '', '');
INSERT INTO `lk9v6_users` (`name`, `email`, `usertype`) VALUES ('سارة سعيد موسي محمد نور ', '', 'الخريجين');
INSERT INTO `lk9v6_alumni_main` (`id`, `user_id`, `approved`) VALUES (237639, 237639, 1);
INSERT INTO `lk9v6_alumni_data` (`alumni_id`, `graduation_year`, `fid`, `job`, `address`, `city`, `country`, `phone`, `gid`, `mobile`, `nationalnumber`, `department`, `division`, `with_honor`) VALUES (237639, 2009, '23', '', '', '', '', '', '', '', '', 'التربية الموسيقية ', '', '');
INSERT INTO `lk9v6_users` (`name`, `email`, `usertype`) VALUES ('سها ابراهيم هوارى عبدالسلام الهوارى ', '', 'الخريجين');
INSERT INTO `lk9v6_alumni_main` (`id`, `user_id`, `approved`) VALUES (237640, 237640, 1);
INSERT INTO `lk9v6_alumni_data` (`alumni_id`, `graduation_year`, `fid`, `job`, `address`, `city`, `country`, `phone`, `gid`, `mobile`, `nationalnumber`, `department`, `division`, `with_honor`) VALUES (237640, 2009, '23', '', '', '', '', '', '', '', '', 'التربية الموسيقية ', '', '');
INSERT INTO `lk9v6_users` (`name`, `email`, `usertype`) VALUES ('عبدالله حسن عبدالعظيم حسن ', '', 'الخريجين');
INSERT INTO `lk9v6_alumni_main` (`id`, `user_id`, `approved`) VALUES (237641, 237641, 1);
INSERT INTO `lk9v6_alumni_data` (`alumni_id`, `graduation_year`, `fid`, `job`, `address`, `city`, `country`, `phone`, `gid`, `mobile`, `nationalnumber`, `department`, `division`, `with_honor`) VALUES (237641, 2009, '23', '', '', '', '', '', '', '', '', 'التربية الموسيقية ', '', '');
INSERT INTO `lk9v6_users` (`name`, `email`, `usertype`) VALUES ('عمرو السيد حامد عمر الشوربجى ', '', 'الخريجين');
INSERT INTO `lk9v6_alumni_main` (`id`, `user_id`, `approved`) VALUES (237642, 237642, 1);
INSERT INTO `lk9v6_alumni_data` (`alumni_id`, `graduation_year`, `fid`, `job`, `address`, `city`, `country`, `phone`, `gid`, `mobile`, `nationalnumber`, `department`, `division`, `with_honor`) VALUES (237642, 2009, '23', '', '', '', '', '', '', '', '', 'التربية الموسيقية ', '', '');
INSERT INTO `lk9v6_users` (`name`, `email`, `usertype`) VALUES ('كريم شريف ابراهيم صبرى مسعود ', '', 'الخريجين');
INSERT INTO `lk9v6_alumni_main` (`id`, `user_id`, `approved`) VALUES (237643, 237643, 1);
INSERT INTO `lk9v6_alumni_data` (`alumni_id`, `graduation_year`, `fid`, `job`, `address`, `city`, `country`, `phone`, `gid`, `mobile`, `nationalnumber`, `department`, `division`, `with_honor`) VALUES (237643, 2009, '23', '', '', '', '', '', '', '', '', 'التربية الموسيقية ', '', '');
INSERT INTO `lk9v6_users` (`name`, `email`, `usertype`) VALUES ('مجدى محمد عبدالله عبدالكريم السيد ', '', 'الخريجين');
INSERT INTO `lk9v6_alumni_main` (`id`, `user_id`, `approved`) VALUES (237644, 237644, 1);
INSERT INTO `lk9v6_alumni_data` (`alumni_id`, `graduation_year`, `fid`, `job`, `address`, `city`, `country`, `phone`, `gid`, `mobile`, `nationalnumber`, `department`, `division`, `with_honor`) VALUES (237644, 2009, '23', '', '', '', '', '', '', '', '', 'التربية الموسيقية ', '', '');
INSERT INTO `lk9v6_users` (`name`, `email`, `usertype`) VALUES ('مينا صفوت فؤاد ينى ', '', 'الخريجين');
INSERT INTO `lk9v6_alumni_main` (`id`, `user_id`, `approved`) VALUES (237645, 237645, 1);
INSERT INTO `lk9v6_alumni_data` (`alumni_id`, `graduation_year`, `fid`, `job`, `address`, `city`, `country`, `phone`, `gid`, `mobile`, `nationalnumber`, `department`, `division`, `with_honor`) VALUES (237645, 2009, '23', '', '', '', '', '', '', '', '', 'التربية الموسيقية ', '', '');
INSERT INTO `lk9v6_users` (`name`, `email`, `usertype`) VALUES ('نانسي جورج لطفى جبران ', '', 'الخريجين');
INSERT INTO `lk9v6_alumni_main` (`id`, `user_id`, `approved`) VALUES (237646, 237646, 1);
INSERT INTO `lk9v6_alumni_data` (`alumni_id`, `graduation_year`, `fid`, `job`, `address`, `city`, `country`, `phone`, `gid`, `mobile`, `nationalnumber`, `department`, `division`, `with_honor`) VALUES (237646, 2009, '23', '', '', '', '', '', '', '', '', 'التربية الموسيقية ', '', '');
INSERT INTO `lk9v6_users` (`name`, `email`, `usertype`) VALUES ('هند عبدالعزيز يوسف بدران ', '', 'الخريجين');
INSERT INTO `lk9v6_alumni_main` (`id`, `user_id`, `approved`) VALUES (237647, 237647, 1);
INSERT INTO `lk9v6_alumni_data` (`alumni_id`, `graduation_year`, `fid`, `job`, `address`, `city`, `country`, `phone`, `gid`, `mobile`, `nationalnumber`, `department`, `division`, `with_honor`) VALUES (237647, 2009, '23', '', '', '', '', '', '', '', '', 'التربية الموسيقية ', '', '');
INSERT INTO `lk9v6_users` (`name`, `email`, `usertype`) VALUES ('اميرة محمد ابراهيم هلول ', '', 'الخريجين');
INSERT INTO `lk9v6_alumni_main` (`id`, `user_id`, `approved`) VALUES (237648, 237648, 1);
INSERT INTO `lk9v6_alumni_data` (`alumni_id`, `graduation_year`, `fid`, `job`, `address`, `city`, `country`, `phone`, `gid`, `mobile`, `nationalnumber`, `department`, `division`, `with_honor`) VALUES (237648, 2009, '23', '', '', '', '', '', '', '', '', 'التربية الفنية ', '', '');
INSERT INTO `lk9v6_users` (`name`, `email`, `usertype`) VALUES ('فاتن عبد الملك محمد محمد الحاج ', '', 'الخريجين');
INSERT INTO `lk9v6_alumni_main` (`id`, `user_id`, `approved`) VALUES (237649, 237649, 1);
INSERT INTO `lk9v6_alumni_data` (`alumni_id`, `graduation_year`, `fid`, `job`, `address`, `city`, `country`, `phone`, `gid`, `mobile`, `nationalnumber`, `department`, `division`, `with_honor`) VALUES (237649, 2009, '23', '', '', '', '', '', '', '', '', 'التربية الفنية ', '', '');
INSERT INTO `lk9v6_users` (`name`, `email`, `usertype`) VALUES ('احسان فؤاد احمد رمضان ', '', 'الخريجين');
INSERT INTO `lk9v6_alumni_main` (`id`, `user_id`, `approved`) VALUES (237650, 237650, 1);
INSERT INTO `lk9v6_alumni_data` (`alumni_id`, `graduation_year`, `fid`, `job`, `address`, `city`, `country`, `phone`, `gid`, `mobile`, `nationalnumber`, `department`, `division`, `with_honor`) VALUES (237650, 2009, '23', '', '', '', '', '', '', '', '', 'التربية الفنية ', '', '');
INSERT INTO `lk9v6_users` (`name`, `email`, `usertype`) VALUES ('اسماء ابراهيم حنفى ابو خديجة ', '', 'الخريجين');
INSERT INTO `lk9v6_alumni_main` (`id`, `user_id`, `approved`) VALUES (237651, 237651, 1);
INSERT INTO `lk9v6_alumni_data` (`alumni_id`, `graduation_year`, `fid`, `job`, `address`, `city`, `country`, `phone`, `gid`, `mobile`, `nationalnumber`, `department`, `division`, `with_honor`) VALUES (237651, 2009, '23', '', '', '', '', '', '', '', '', 'التربية الفنية ', '', '');
INSERT INTO `lk9v6_users` (`name`, `email`, `usertype`) VALUES ('اسماء محمد خلف احمد محمد ', '', 'الخريجين');
INSERT INTO `lk9v6_alumni_main` (`id`, `user_id`, `approved`) VALUES (237652, 237652, 1);
INSERT INTO `lk9v6_alumni_data` (`alumni_id`, `graduation_year`, `fid`, `job`, `address`, `city`, `country`, `phone`, `gid`, `mobile`, `nationalnumber`, `department`, `division`, `with_honor`) VALUES (237652, 2009, '23', '', '', '', '', '', '', '', '', 'التربية الفنية ', '', '');
INSERT INTO `lk9v6_users` (`name`, `email`, `usertype`) VALUES ('الاء حسين عبدالعظيم حسن حسين ', '', 'الخريجين');
INSERT INTO `lk9v6_alumni_main` (`id`, `user_id`, `approved`) VALUES (237653, 237653, 1);
INSERT INTO `lk9v6_alumni_data` (`alumni_id`, `graduation_year`, `fid`, `job`, `address`, `city`, `country`, `phone`, `gid`, `mobile`, `nationalnumber`, `department`, `division`, `with_honor`) VALUES (237653, 2009, '23', '', '', '', '', '', '', '', '', 'التربية الفنية ', '', '');
INSERT INTO `lk9v6_users` (`name`, `email`, `usertype`) VALUES ('الزهراء السورى محمد محمد عباس ', '', 'الخريجين');
INSERT INTO `lk9v6_alumni_main` (`id`, `user_id`, `approved`) VALUES (237654, 237654, 1);
INSERT INTO `lk9v6_alumni_data` (`alumni_id`, `graduation_year`, `fid`, `job`, `address`, `city`, `country`, `phone`, `gid`, `mobile`, `nationalnumber`, `department`, `division`, `with_honor`) VALUES (237654, 2009, '23', '', '', '', '', '', '', '', '', 'التربية الفنية ', '', '');
INSERT INTO `lk9v6_users` (`name`, `email`, `usertype`) VALUES ('امانى جمال عبدالمولى الصاوى سالم ', '', 'الخريجين');
INSERT INTO `lk9v6_alumni_main` (`id`, `user_id`, `approved`) VALUES (237655, 237655, 1);
INSERT INTO `lk9v6_alumni_data` (`alumni_id`, `graduation_year`, `fid`, `job`, `address`, `city`, `country`, `phone`, `gid`, `mobile`, `nationalnumber`, `department`, `division`, `with_honor`) VALUES (237655, 2009, '23', '', '', '', '', '', '', '', '', 'التربية الفنية ', '', '');
INSERT INTO `lk9v6_users` (`name`, `email`, `usertype`) VALUES ('امانى عبدالفتاح عبدالمجيد الجندى ', '', 'الخريجين');
INSERT INTO `lk9v6_alumni_main` (`id`, `user_id`, `approved`) VALUES (237656, 237656, 1);
INSERT INTO `lk9v6_alumni_data` (`alumni_id`, `graduation_year`, `fid`, `job`, `address`, `city`, `country`, `phone`, `gid`, `mobile`, `nationalnumber`, `department`, `division`, `with_honor`) VALUES (237656, 2009, '23', '', '', '', '', '', '', '', '', 'التربية الفنية ', '', '');
INSERT INTO `lk9v6_users` (`name`, `email`, `usertype`) VALUES ('امانى على عبدالمجيد على عبد النبي', '', 'الخريجين');
INSERT INTO `lk9v6_alumni_main` (`id`, `user_id`, `approved`) VALUES (237657, 237657, 1);
INSERT INTO `lk9v6_alumni_data` (`alumni_id`, `graduation_year`, `fid`, `job`, `address`, `city`, `country`, `phone`, `gid`, `mobile`, `nationalnumber`, `department`, `division`, `with_honor`) VALUES (237657, 2009, '23', '', '', '', '', '', '', '', '', 'التربية الفنية ', '', '');
INSERT INTO `lk9v6_users` (`name`, `email`, `usertype`) VALUES ('امانى محمد عبدالفتاح جاب الله ', '', 'الخريجين');
INSERT INTO `lk9v6_alumni_main` (`id`, `user_id`, `approved`) VALUES (237658, 237658, 1);
INSERT INTO `lk9v6_alumni_data` (`alumni_id`, `graduation_year`, `fid`, `job`, `address`, `city`, `country`, `phone`, `gid`, `mobile`, `nationalnumber`, `department`, `division`, `with_honor`) VALUES (237658, 2009, '23', '', '', '', '', '', '', '', '', 'التربية الفنية ', '', '');
INSERT INTO `lk9v6_users` (`name`, `email`, `usertype`) VALUES ('امل احمد عبدالمنعم محمد حماد ', '', 'الخريجين');
INSERT INTO `lk9v6_alumni_main` (`id`, `user_id`, `approved`) VALUES (237659, 237659, 1);
INSERT INTO `lk9v6_alumni_data` (`alumni_id`, `graduation_year`, `fid`, `job`, `address`, `city`, `country`, `phone`, `gid`, `mobile`, `nationalnumber`, `department`, `division`, `with_honor`) VALUES (237659, 2009, '23', '', '', '', '', '', '', '', '', 'التربية الفنية ', '', '');
INSERT INTO `lk9v6_users` (`name`, `email`, `usertype`) VALUES ('امنية فرج حافظ محمد حافظ ', '', 'الخريجين');
INSERT INTO `lk9v6_alumni_main` (`id`, `user_id`, `approved`) VALUES (237660, 237660, 1);
INSERT INTO `lk9v6_alumni_data` (`alumni_id`, `graduation_year`, `fid`, `job`, `address`, `city`, `country`, `phone`, `gid`, `mobile`, `nationalnumber`, `department`, `division`, `with_honor`) VALUES (237660, 2009, '23', '', '', '', '', '', '', '', '', 'التربية الفنية ', '', '');
INSERT INTO `lk9v6_users` (`name`, `email`, `usertype`) VALUES ('امنية محمد حافظ على احمد ', '', 'الخريجين');
INSERT INTO `lk9v6_alumni_main` (`id`, `user_id`, `approved`) VALUES (237661, 237661, 1);
INSERT INTO `lk9v6_alumni_data` (`alumni_id`, `graduation_year`, `fid`, `job`, `address`, `city`, `country`, `phone`, `gid`, `mobile`, `nationalnumber`, `department`, `division`, `with_honor`) VALUES (237661, 2009, '23', '', '', '', '', '', '', '', '', 'التربية الفنية ', '', '');
INSERT INTO `lk9v6_users` (`name`, `email`, `usertype`) VALUES ('امنية محمد عبدالعاطى على الشيخ ', '', 'الخريجين');
INSERT INTO `lk9v6_alumni_main` (`id`, `user_id`, `approved`) VALUES (237662, 237662, 1);
INSERT INTO `lk9v6_alumni_data` (`alumni_id`, `graduation_year`, `fid`, `job`, `address`, `city`, `country`, `phone`, `gid`, `mobile`, `nationalnumber`, `department`, `division`, `with_honor`) VALUES (237662, 2009, '23', '', '', '', '', '', '', '', '', 'التربية الفنية ', '', '');
INSERT INTO `lk9v6_users` (`name`, `email`, `usertype`) VALUES ('اميرة عطية احمد على عثمان ', '', 'الخريجين');
INSERT INTO `lk9v6_alumni_main` (`id`, `user_id`, `approved`) VALUES (237663, 237663, 1);
INSERT INTO `lk9v6_alumni_data` (`alumni_id`, `graduation_year`, `fid`, `job`, `address`, `city`, `country`, `phone`, `gid`, `mobile`, `nationalnumber`, `department`, `division`, `with_honor`) VALUES (237663, 2009, '23', '', '', '', '', '', '', '', '', 'التربية الفنية ', '', '');
INSERT INTO `lk9v6_users` (`name`, `email`, `usertype`) VALUES ('انجى محمد محمود على الحلوة ', '', 'الخريجين');
INSERT INTO `lk9v6_alumni_main` (`id`, `user_id`, `approved`) VALUES (237664, 237664, 1);
INSERT INTO `lk9v6_alumni_data` (`alumni_id`, `graduation_year`, `fid`, `job`, `address`, `city`, `country`, `phone`, `gid`, `mobile`, `nationalnumber`, `department`, `division`, `with_honor`) VALUES (237664, 2009, '23', '', '', '', '', '', '', '', '', 'التربية الفنية ', '', '');
INSERT INTO `lk9v6_users` (`name`, `email`, `usertype`) VALUES ('ايه صلاح الدين ابراهيم عبدالله ', '', 'الخريجين');
INSERT INTO `lk9v6_alumni_main` (`id`, `user_id`, `approved`) VALUES (237665, 237665, 1);
INSERT INTO `lk9v6_alumni_data` (`alumni_id`, `graduation_year`, `fid`, `job`, `address`, `city`, `country`, `phone`, `gid`, `mobile`, `nationalnumber`, `department`, `division`, `with_honor`) VALUES (237665, 2009, '23', '', '', '', '', '', '', '', '', 'التربية الفنية ', '', '');
INSERT INTO `lk9v6_users` (`name`, `email`, `usertype`) VALUES ('ايمان احمد عادل فتحى عبدالغنى زغلول', '', 'الخريجين');
INSERT INTO `lk9v6_alumni_main` (`id`, `user_id`, `approved`) VALUES (237666, 237666, 1);
INSERT INTO `lk9v6_alumni_data` (`alumni_id`, `graduation_year`, `fid`, `job`, `address`, `city`, `country`, `phone`, `gid`, `mobile`, `nationalnumber`, `department`, `division`, `with_honor`) VALUES (237666, 2009, '23', '', '', '', '', '', '', '', '', 'التربية الفنية ', '', '');
INSERT INTO `lk9v6_users` (`name`, `email`, `usertype`) VALUES ('ايمان احمد محمد زكى طه خضر ', '', 'الخريجين');
INSERT INTO `lk9v6_alumni_main` (`id`, `user_id`, `approved`) VALUES (237667, 237667, 1);
INSERT INTO `lk9v6_alumni_data` (`alumni_id`, `graduation_year`, `fid`, `job`, `address`, `city`, `country`, `phone`, `gid`, `mobile`, `nationalnumber`, `department`, `division`, `with_honor`) VALUES (237667, 2009, '23', '', '', '', '', '', '', '', '', 'التربية الفنية ', '', '');
INSERT INTO `lk9v6_users` (`name`, `email`, `usertype`) VALUES ('ايمان ربيع انور عبدالحليم زيد ', '', 'الخريجين');
INSERT INTO `lk9v6_alumni_main` (`id`, `user_id`, `approved`) VALUES (237668, 237668, 1);
INSERT INTO `lk9v6_alumni_data` (`alumni_id`, `graduation_year`, `fid`, `job`, `address`, `city`, `country`, `phone`, `gid`, `mobile`, `nationalnumber`, `department`, `division`, `with_honor`) VALUES (237668, 2009, '23', '', '', '', '', '', '', '', '', 'التربية الفنية ', '', '');
INSERT INTO `lk9v6_users` (`name`, `email`, `usertype`) VALUES ('ايمان سامى عبدالله جيه ', '', 'الخريجين');
INSERT INTO `lk9v6_alumni_main` (`id`, `user_id`, `approved`) VALUES (237669, 237669, 1);
INSERT INTO `lk9v6_alumni_data` (`alumni_id`, `graduation_year`, `fid`, `job`, `address`, `city`, `country`, `phone`, `gid`, `mobile`, `nationalnumber`, `department`, `division`, `with_honor`) VALUES (237669, 2009, '23', '', '', '', '', '', '', '', '', 'التربية الفنية ', '', '');
INSERT INTO `lk9v6_users` (`name`, `email`, `usertype`) VALUES ('ايمان محمد خليفة على ابوالعلا ', '', 'الخريجين');
INSERT INTO `lk9v6_alumni_main` (`id`, `user_id`, `approved`) VALUES (237670, 237670, 1);
INSERT INTO `lk9v6_alumni_data` (`alumni_id`, `graduation_year`, `fid`, `job`, `address`, `city`, `country`, `phone`, `gid`, `mobile`, `nationalnumber`, `department`, `division`, `with_honor`) VALUES (237670, 2009, '23', '', '', '', '', '', '', '', '', 'التربية الفنية ', '', '');
INSERT INTO `lk9v6_users` (`name`, `email`, `usertype`) VALUES ('ايمان محمد عبدالقادر السيد بدوى ', '', 'الخريجين');
INSERT INTO `lk9v6_alumni_main` (`id`, `user_id`, `approved`) VALUES (237671, 237671, 1);
INSERT INTO `lk9v6_alumni_data` (`alumni_id`, `graduation_year`, `fid`, `job`, `address`, `city`, `country`, `phone`, `gid`, `mobile`, `nationalnumber`, `department`, `division`, `with_honor`) VALUES (237671, 2009, '23', '', '', '', '', '', '', '', '', 'التربية الفنية ', '', '');
INSERT INTO `lk9v6_users` (`name`, `email`, `usertype`) VALUES ('جاكلين ماهر ابراهيم فرج ', '', 'الخريجين');
INSERT INTO `lk9v6_alumni_main` (`id`, `user_id`, `approved`) VALUES (237672, 237672, 1);
INSERT INTO `lk9v6_alumni_data` (`alumni_id`, `graduation_year`, `fid`, `job`, `address`, `city`, `country`, `phone`, `gid`, `mobile`, `nationalnumber`, `department`, `division`, `with_honor`) VALUES (237672, 2009, '23', '', '', '', '', '', '', '', '', 'التربية الفنية ', '', '');
INSERT INTO `lk9v6_users` (`name`, `email`, `usertype`) VALUES ('جهاد محمد نجيب محمد انور عزى ', '', 'الخريجين');
INSERT INTO `lk9v6_alumni_main` (`id`, `user_id`, `approved`) VALUES (237673, 237673, 1);
INSERT INTO `lk9v6_alumni_data` (`alumni_id`, `graduation_year`, `fid`, `job`, `address`, `city`, `country`, `phone`, `gid`, `mobile`, `nationalnumber`, `department`, `division`, `with_honor`) VALUES (237673, 2009, '23', '', '', '', '', '', '', '', '', 'التربية الفنية ', '', '');
INSERT INTO `lk9v6_users` (`name`, `email`, `usertype`) VALUES ('جوزيف عوض غالى عوض ', '', 'الخريجين');
INSERT INTO `lk9v6_alumni_main` (`id`, `user_id`, `approved`) VALUES (237674, 237674, 1);
INSERT INTO `lk9v6_alumni_data` (`alumni_id`, `graduation_year`, `fid`, `job`, `address`, `city`, `country`, `phone`, `gid`, `mobile`, `nationalnumber`, `department`, `division`, `with_honor`) VALUES (237674, 2009, '23', '', '', '', '', '', '', '', '', 'التربية الفنية ', '', '');
INSERT INTO `lk9v6_users` (`name`, `email`, `usertype`) VALUES ('داليا احمد محمد السيد عبده ', '', 'الخريجين');
INSERT INTO `lk9v6_alumni_main` (`id`, `user_id`, `approved`) VALUES (237675, 237675, 1);
INSERT INTO `lk9v6_alumni_data` (`alumni_id`, `graduation_year`, `fid`, `job`, `address`, `city`, `country`, `phone`, `gid`, `mobile`, `nationalnumber`, `department`, `division`, `with_honor`) VALUES (237675, 2009, '23', '', '', '', '', '', '', '', '', 'التربية الفنية ', '', '');
INSERT INTO `lk9v6_users` (`name`, `email`, `usertype`) VALUES ('دعاء عزت محمد مصطفى ابوليلة ', '', 'الخريجين');
INSERT INTO `lk9v6_alumni_main` (`id`, `user_id`, `approved`) VALUES (237676, 237676, 1);
INSERT INTO `lk9v6_alumni_data` (`alumni_id`, `graduation_year`, `fid`, `job`, `address`, `city`, `country`, `phone`, `gid`, `mobile`, `nationalnumber`, `department`, `division`, `with_honor`) VALUES (237676, 2009, '23', '', '', '', '', '', '', '', '', 'التربية الفنية ', '', '');
INSERT INTO `lk9v6_users` (`name`, `email`, `usertype`) VALUES ('دعاء مشرف مشرف محمد حسين ', '', 'الخريجين');
INSERT INTO `lk9v6_alumni_main` (`id`, `user_id`, `approved`) VALUES (237677, 237677, 1);
INSERT INTO `lk9v6_alumni_data` (`alumni_id`, `graduation_year`, `fid`, `job`, `address`, `city`, `country`, `phone`, `gid`, `mobile`, `nationalnumber`, `department`, `division`, `with_honor`) VALUES (237677, 2009, '23', '', '', '', '', '', '', '', '', 'التربية الفنية ', '', '');
INSERT INTO `lk9v6_users` (`name`, `email`, `usertype`) VALUES ('دينا محمد سعد غديرى ', '', 'الخريجين');
INSERT INTO `lk9v6_alumni_main` (`id`, `user_id`, `approved`) VALUES (237678, 237678, 1);
INSERT INTO `lk9v6_alumni_data` (`alumni_id`, `graduation_year`, `fid`, `job`, `address`, `city`, `country`, `phone`, `gid`, `mobile`, `nationalnumber`, `department`, `division`, `with_honor`) VALUES (237678, 2009, '23', '', '', '', '', '', '', '', '', 'التربية الفنية ', '', '');
INSERT INTO `lk9v6_users` (`name`, `email`, `usertype`) VALUES ('رانيا على محروس على ابو هيكل ', '', 'الخريجين');
INSERT INTO `lk9v6_alumni_main` (`id`, `user_id`, `approved`) VALUES (237679, 237679, 1);
INSERT INTO `lk9v6_alumni_data` (`alumni_id`, `graduation_year`, `fid`, `job`, `address`, `city`, `country`, `phone`, `gid`, `mobile`, `nationalnumber`, `department`, `division`, `with_honor`) VALUES (237679, 2009, '23', '', '', '', '', '', '', '', '', 'التربية الفنية ', '', '');
INSERT INTO `lk9v6_users` (`name`, `email`, `usertype`) VALUES ('رزان محمد يوسف محمود حمزه ', '', 'الخريجين');
INSERT INTO `lk9v6_alumni_main` (`id`, `user_id`, `approved`) VALUES (237680, 237680, 1);
INSERT INTO `lk9v6_alumni_data` (`alumni_id`, `graduation_year`, `fid`, `job`, `address`, `city`, `country`, `phone`, `gid`, `mobile`, `nationalnumber`, `department`, `division`, `with_honor`) VALUES (237680, 2009, '23', '', '', '', '', '', '', '', '', 'التربية الفنية ', '', '');
INSERT INTO `lk9v6_users` (`name`, `email`, `usertype`) VALUES ('ريهام العربي السيد احمد الرشيدي ', '', 'الخريجين');
INSERT INTO `lk9v6_alumni_main` (`id`, `user_id`, `approved`) VALUES (237681, 237681, 1);
INSERT INTO `lk9v6_alumni_data` (`alumni_id`, `graduation_year`, `fid`, `job`, `address`, `city`, `country`, `phone`, `gid`, `mobile`, `nationalnumber`, `department`, `division`, `with_honor`) VALUES (237681, 2009, '23', '', '', '', '', '', '', '', '', 'التربية الفنية ', '', '');
INSERT INTO `lk9v6_users` (`name`, `email`, `usertype`) VALUES ('ريهام محمود محمد محمد خليل ', '', 'الخريجين');
INSERT INTO `lk9v6_alumni_main` (`id`, `user_id`, `approved`) VALUES (237682, 237682, 1);
INSERT INTO `lk9v6_alumni_data` (`alumni_id`, `graduation_year`, `fid`, `job`, `address`, `city`, `country`, `phone`, `gid`, `mobile`, `nationalnumber`, `department`, `division`, `with_honor`) VALUES (237682, 2009, '23', '', '', '', '', '', '', '', '', 'التربية الفنية ', '', '');
INSERT INTO `lk9v6_users` (`name`, `email`, `usertype`) VALUES ('زينب بشير عبدالعاطى اسماعيل ', '', 'الخريجين');
INSERT INTO `lk9v6_alumni_main` (`id`, `user_id`, `approved`) VALUES (237683, 237683, 1);
INSERT INTO `lk9v6_alumni_data` (`alumni_id`, `graduation_year`, `fid`, `job`, `address`, `city`, `country`, `phone`, `gid`, `mobile`, `nationalnumber`, `department`, `division`, `with_honor`) VALUES (237683, 2009, '23', '', '', '', '', '', '', '', '', 'التربية الفنية ', '', '');
INSERT INTO `lk9v6_users` (`name`, `email`, `usertype`) VALUES ('سارة ابوالعز فهمى عبدالعزيز محمد ', '', 'الخريجين');
INSERT INTO `lk9v6_alumni_main` (`id`, `user_id`, `approved`) VALUES (237684, 237684, 1);
INSERT INTO `lk9v6_alumni_data` (`alumni_id`, `graduation_year`, `fid`, `job`, `address`, `city`, `country`, `phone`, `gid`, `mobile`, `nationalnumber`, `department`, `division`, `with_honor`) VALUES (237684, 2009, '23', '', '', '', '', '', '', '', '', 'التربية الفنية ', '', '');
INSERT INTO `lk9v6_users` (`name`, `email`, `usertype`) VALUES ('سارة محمد فتحى قطب سليم ', '', 'الخريجين');
INSERT INTO `lk9v6_alumni_main` (`id`, `user_id`, `approved`) VALUES (237685, 237685, 1);
INSERT INTO `lk9v6_alumni_data` (`alumni_id`, `graduation_year`, `fid`, `job`, `address`, `city`, `country`, `phone`, `gid`, `mobile`, `nationalnumber`, `department`, `division`, `with_honor`) VALUES (237685, 2009, '23', '', '', '', '', '', '', '', '', 'التربية الفنية ', '', '');
INSERT INTO `lk9v6_users` (`name`, `email`, `usertype`) VALUES ('سماح عز الدين شريف سعد ', '', 'الخريجين');
INSERT INTO `lk9v6_alumni_main` (`id`, `user_id`, `approved`) VALUES (237686, 237686, 1);
INSERT INTO `lk9v6_alumni_data` (`alumni_id`, `graduation_year`, `fid`, `job`, `address`, `city`, `country`, `phone`, `gid`, `mobile`, `nationalnumber`, `department`, `division`, `with_honor`) VALUES (237686, 2009, '23', '', '', '', '', '', '', '', '', 'التربية الفنية ', '', '');
INSERT INTO `lk9v6_users` (`name`, `email`, `usertype`) VALUES ('سمر ناصر حسنى الغول ', '', 'الخريجين');
INSERT INTO `lk9v6_alumni_main` (`id`, `user_id`, `approved`) VALUES (237687, 237687, 1);
INSERT INTO `lk9v6_alumni_data` (`alumni_id`, `graduation_year`, `fid`, `job`, `address`, `city`, `country`, `phone`, `gid`, `mobile`, `nationalnumber`, `department`, `division`, `with_honor`) VALUES (237687, 2009, '23', '', '', '', '', '', '', '', '', 'التربية الفنية ', '', '');
INSERT INTO `lk9v6_users` (`name`, `email`, `usertype`) VALUES ('سميرة ممدوح عبدالمقصود شعبان ', '', 'الخريجين');
INSERT INTO `lk9v6_alumni_main` (`id`, `user_id`, `approved`) VALUES (237688, 237688, 1);
INSERT INTO `lk9v6_alumni_data` (`alumni_id`, `graduation_year`, `fid`, `job`, `address`, `city`, `country`, `phone`, `gid`, `mobile`, `nationalnumber`, `department`, `division`, `with_honor`) VALUES (237688, 2009, '23', '', '', '', '', '', '', '', '', 'التربية الفنية ', '', '');
INSERT INTO `lk9v6_users` (`name`, `email`, `usertype`) VALUES ('شيماء محروس بسطاوى على ', '', 'الخريجين');
INSERT INTO `lk9v6_alumni_main` (`id`, `user_id`, `approved`) VALUES (237689, 237689, 1);
INSERT INTO `lk9v6_alumni_data` (`alumni_id`, `graduation_year`, `fid`, `job`, `address`, `city`, `country`, `phone`, `gid`, `mobile`, `nationalnumber`, `department`, `division`, `with_honor`) VALUES (237689, 2009, '23', '', '', '', '', '', '', '', '', 'التربية الفنية ', '', '');
INSERT INTO `lk9v6_users` (`name`, `email`, `usertype`) VALUES ('شيماء وجدى محمد قبارى محمد ', '', 'الخريجين');
INSERT INTO `lk9v6_alumni_main` (`id`, `user_id`, `approved`) VALUES (237690, 237690, 1);
INSERT INTO `lk9v6_alumni_data` (`alumni_id`, `graduation_year`, `fid`, `job`, `address`, `city`, `country`, `phone`, `gid`, `mobile`, `nationalnumber`, `department`, `division`, `with_honor`) VALUES (237690, 2009, '23', '', '', '', '', '', '', '', '', 'التربية الفنية ', '', '');
INSERT INTO `lk9v6_users` (`name`, `email`, `usertype`) VALUES ('فاطمة احمد محمد على رمضان ', '', 'الخريجين');
INSERT INTO `lk9v6_alumni_main` (`id`, `user_id`, `approved`) VALUES (237691, 237691, 1);
INSERT INTO `lk9v6_alumni_data` (`alumni_id`, `graduation_year`, `fid`, `job`, `address`, `city`, `country`, `phone`, `gid`, `mobile`, `nationalnumber`, `department`, `division`, `with_honor`) VALUES (237691, 2009, '23', '', '', '', '', '', '', '', '', 'التربية الفنية ', '', '');
INSERT INTO `lk9v6_users` (`name`, `email`, `usertype`) VALUES ('فوزية مرسي رجب عبدالله مرسي', '', 'الخريجين');
INSERT INTO `lk9v6_alumni_main` (`id`, `user_id`, `approved`) VALUES (237692, 237692, 1);
INSERT INTO `lk9v6_alumni_data` (`alumni_id`, `graduation_year`, `fid`, `job`, `address`, `city`, `country`, `phone`, `gid`, `mobile`, `nationalnumber`, `department`, `division`, `with_honor`) VALUES (237692, 2009, '23', '', '', '', '', '', '', '', '', 'التربية الفنية ', '', '');
INSERT INTO `lk9v6_users` (`name`, `email`, `usertype`) VALUES ('مروة اسماعيل زايد خضر ', '', 'الخريجين');
INSERT INTO `lk9v6_alumni_main` (`id`, `user_id`, `approved`) VALUES (237693, 237693, 1);
INSERT INTO `lk9v6_alumni_data` (`alumni_id`, `graduation_year`, `fid`, `job`, `address`, `city`, `country`, `phone`, `gid`, `mobile`, `nationalnumber`, `department`, `division`, `with_honor`) VALUES (237693, 2009, '23', '', '', '', '', '', '', '', '', 'التربية الفنية ', '', '');
INSERT INTO `lk9v6_users` (`name`, `email`, `usertype`) VALUES ('مروة محمد السمان احمد محمد احمد ', '', 'الخريجين');
INSERT INTO `lk9v6_alumni_main` (`id`, `user_id`, `approved`) VALUES (237694, 237694, 1);
INSERT INTO `lk9v6_alumni_data` (`alumni_id`, `graduation_year`, `fid`, `job`, `address`, `city`, `country`, `phone`, `gid`, `mobile`, `nationalnumber`, `department`, `division`, `with_honor`) VALUES (237694, 2009, '23', '', '', '', '', '', '', '', '', 'التربية الفنية ', '', '');
INSERT INTO `lk9v6_users` (`name`, `email`, `usertype`) VALUES ('مريم شريف محمد السيد فاضل ', '', 'الخريجين');
INSERT INTO `lk9v6_alumni_main` (`id`, `user_id`, `approved`) VALUES (237695, 237695, 1);
INSERT INTO `lk9v6_alumni_data` (`alumni_id`, `graduation_year`, `fid`, `job`, `address`, `city`, `country`, `phone`, `gid`, `mobile`, `nationalnumber`, `department`, `division`, `with_honor`) VALUES (237695, 2009, '23', '', '', '', '', '', '', '', '', 'التربية الفنية ', '', '');
INSERT INTO `lk9v6_users` (`name`, `email`, `usertype`) VALUES ('منار محمود سعد محمود ', '', 'الخريجين');
INSERT INTO `lk9v6_alumni_main` (`id`, `user_id`, `approved`) VALUES (237696, 237696, 1);
INSERT INTO `lk9v6_alumni_data` (`alumni_id`, `graduation_year`, `fid`, `job`, `address`, `city`, `country`, `phone`, `gid`, `mobile`, `nationalnumber`, `department`, `division`, `with_honor`) VALUES (237696, 2009, '23', '', '', '', '', '', '', '', '', 'التربية الفنية ', '', '');
INSERT INTO `lk9v6_users` (`name`, `email`, `usertype`) VALUES ('منال صبحى عبد اللاه نوفل ', '', 'الخريجين');
INSERT INTO `lk9v6_alumni_main` (`id`, `user_id`, `approved`) VALUES (237697, 237697, 1);
INSERT INTO `lk9v6_alumni_data` (`alumni_id`, `graduation_year`, `fid`, `job`, `address`, `city`, `country`, `phone`, `gid`, `mobile`, `nationalnumber`, `department`, `division`, `with_honor`) VALUES (237697, 2009, '23', '', '', '', '', '', '', '', '', 'التربية الفنية ', '', '');
INSERT INTO `lk9v6_users` (`name`, `email`, `usertype`) VALUES ('منال عبدالمنعم عبدالعاطى عبدالعزيز ', '', 'الخريجين');
INSERT INTO `lk9v6_alumni_main` (`id`, `user_id`, `approved`) VALUES (237698, 237698, 1);
INSERT INTO `lk9v6_alumni_data` (`alumni_id`, `graduation_year`, `fid`, `job`, `address`, `city`, `country`, `phone`, `gid`, `mobile`, `nationalnumber`, `department`, `division`, `with_honor`) VALUES (237698, 2009, '23', '', '', '', '', '', '', '', '', 'التربية الفنية ', '', '');
INSERT INTO `lk9v6_users` (`name`, `email`, `usertype`) VALUES ('مناى احمد عبدالحميد احمد منصور ', '', 'الخريجين');
INSERT INTO `lk9v6_alumni_main` (`id`, `user_id`, `approved`) VALUES (237699, 237699, 1);
INSERT INTO `lk9v6_alumni_data` (`alumni_id`, `graduation_year`, `fid`, `job`, `address`, `city`, `country`, `phone`, `gid`, `mobile`, `nationalnumber`, `department`, `division`, `with_honor`) VALUES (237699, 2009, '23', '', '', '', '', '', '', '', '', 'التربية الفنية ', '', '');
INSERT INTO `lk9v6_users` (`name`, `email`, `usertype`) VALUES ('منى حسنى المليجي السروى ', '', 'الخريجين');
INSERT INTO `lk9v6_alumni_main` (`id`, `user_id`, `approved`) VALUES (237700, 237700, 1);
INSERT INTO `lk9v6_alumni_data` (`alumni_id`, `graduation_year`, `fid`, `job`, `address`, `city`, `country`, `phone`, `gid`, `mobile`, `nationalnumber`, `department`, `division`, `with_honor`) VALUES (237700, 2009, '23', '', '', '', '', '', '', '', '', 'التربية الفنية ', '', '');
INSERT INTO `lk9v6_users` (`name`, `email`, `usertype`) VALUES ('منى على محمد ابوشرابية ', '', 'الخريجين');
INSERT INTO `lk9v6_alumni_main` (`id`, `user_id`, `approved`) VALUES (237701, 237701, 1);
INSERT INTO `lk9v6_alumni_data` (`alumni_id`, `graduation_year`, `fid`, `job`, `address`, `city`, `country`, `phone`, `gid`, `mobile`, `nationalnumber`, `department`, `division`, `with_honor`) VALUES (237701, 2009, '23', '', '', '', '', '', '', '', '', 'التربية الفنية ', '', '');
INSERT INTO `lk9v6_users` (`name`, `email`, `usertype`) VALUES ('منى على محمد شحات متولى ', '', 'الخريجين');
INSERT INTO `lk9v6_alumni_main` (`id`, `user_id`, `approved`) VALUES (237702, 237702, 1);
INSERT INTO `lk9v6_alumni_data` (`alumni_id`, `graduation_year`, `fid`, `job`, `address`, `city`, `country`, `phone`, `gid`, `mobile`, `nationalnumber`, `department`, `division`, `with_honor`) VALUES (237702, 2009, '23', '', '', '', '', '', '', '', '', 'التربية الفنية ', '', '');
INSERT INTO `lk9v6_users` (`name`, `email`, `usertype`) VALUES ('مها عبد الفتاح عبد الغفار شبانة ', '', 'الخريجين');
INSERT INTO `lk9v6_alumni_main` (`id`, `user_id`, `approved`) VALUES (237703, 237703, 1);
INSERT INTO `lk9v6_alumni_data` (`alumni_id`, `graduation_year`, `fid`, `job`, `address`, `city`, `country`, `phone`, `gid`, `mobile`, `nationalnumber`, `department`, `division`, `with_honor`) VALUES (237703, 2009, '23', '', '', '', '', '', '', '', '', 'التربية الفنية ', '', '');
INSERT INTO `lk9v6_users` (`name`, `email`, `usertype`) VALUES ('مى ممدوح ابراهيم جابر ابراهيم ', '', 'الخريجين');
INSERT INTO `lk9v6_alumni_main` (`id`, `user_id`, `approved`) VALUES (237704, 237704, 1);
INSERT INTO `lk9v6_alumni_data` (`alumni_id`, `graduation_year`, `fid`, `job`, `address`, `city`, `country`, `phone`, `gid`, `mobile`, `nationalnumber`, `department`, `division`, `with_honor`) VALUES (237704, 2009, '23', '', '', '', '', '', '', '', '', 'التربية الفنية ', '', '');
INSERT INTO `lk9v6_users` (`name`, `email`, `usertype`) VALUES ('نانسى محمد حسن محمد حسن حسنين ', '', 'الخريجين');
INSERT INTO `lk9v6_alumni_main` (`id`, `user_id`, `approved`) VALUES (237705, 237705, 1);
INSERT INTO `lk9v6_alumni_data` (`alumni_id`, `graduation_year`, `fid`, `job`, `address`, `city`, `country`, `phone`, `gid`, `mobile`, `nationalnumber`, `department`, `division`, `with_honor`) VALUES (237705, 2009, '23', '', '', '', '', '', '', '', '', 'التربية الفنية ', '', '');
INSERT INTO `lk9v6_users` (`name`, `email`, `usertype`) VALUES ('نانسي ناجى حافظ محمود على سلطان ', '', 'الخريجين');
INSERT INTO `lk9v6_alumni_main` (`id`, `user_id`, `approved`) VALUES (237706, 237706, 1);
INSERT INTO `lk9v6_alumni_data` (`alumni_id`, `graduation_year`, `fid`, `job`, `address`, `city`, `country`, `phone`, `gid`, `mobile`, `nationalnumber`, `department`, `division`, `with_honor`) VALUES (237706, 2009, '23', '', '', '', '', '', '', '', '', 'التربية الفنية ', '', '');
INSERT INTO `lk9v6_users` (`name`, `email`, `usertype`) VALUES ('ناهد محمد فتح الله على فصاد ', '', 'الخريجين');
INSERT INTO `lk9v6_alumni_main` (`id`, `user_id`, `approved`) VALUES (237707, 237707, 1);
INSERT INTO `lk9v6_alumni_data` (`alumni_id`, `graduation_year`, `fid`, `job`, `address`, `city`, `country`, `phone`, `gid`, `mobile`, `nationalnumber`, `department`, `division`, `with_honor`) VALUES (237707, 2009, '23', '', '', '', '', '', '', '', '', 'التربية الفنية ', '', '');
INSERT INTO `lk9v6_users` (`name`, `email`, `usertype`) VALUES ('نشوى حسن ابراهيم محمد القيم ', '', 'الخريجين');
INSERT INTO `lk9v6_alumni_main` (`id`, `user_id`, `approved`) VALUES (237708, 237708, 1);
INSERT INTO `lk9v6_alumni_data` (`alumni_id`, `graduation_year`, `fid`, `job`, `address`, `city`, `country`, `phone`, `gid`, `mobile`, `nationalnumber`, `department`, `division`, `with_honor`) VALUES (237708, 2009, '23', '', '', '', '', '', '', '', '', 'التربية الفنية ', '', '');
INSERT INTO `lk9v6_users` (`name`, `email`, `usertype`) VALUES ('نهلة خميس سلامة محمد عبادى ', '', 'الخريجين');
INSERT INTO `lk9v6_alumni_main` (`id`, `user_id`, `approved`) VALUES (237709, 237709, 1);
INSERT INTO `lk9v6_alumni_data` (`alumni_id`, `graduation_year`, `fid`, `job`, `address`, `city`, `country`, `phone`, `gid`, `mobile`, `nationalnumber`, `department`, `division`, `with_honor`) VALUES (237709, 2009, '23', '', '', '', '', '', '', '', '', 'التربية الفنية ', '', '');
INSERT INTO `lk9v6_users` (`name`, `email`, `usertype`) VALUES ('نهلة عمرو عبدالجواد بيومى عبدالمجيد ', '', 'الخريجين');
INSERT INTO `lk9v6_alumni_main` (`id`, `user_id`, `approved`) VALUES (237710, 237710, 1);
INSERT INTO `lk9v6_alumni_data` (`alumni_id`, `graduation_year`, `fid`, `job`, `address`, `city`, `country`, `phone`, `gid`, `mobile`, `nationalnumber`, `department`, `division`, `with_honor`) VALUES (237710, 2009, '23', '', '', '', '', '', '', '', '', 'التربية الفنية ', '', '');
INSERT INTO `lk9v6_users` (`name`, `email`, `usertype`) VALUES ('نورهان صلاح الدين محمد على اسماعيل ', '', 'الخريجين');
INSERT INTO `lk9v6_alumni_main` (`id`, `user_id`, `approved`) VALUES (237711, 237711, 1);
INSERT INTO `lk9v6_alumni_data` (`alumni_id`, `graduation_year`, `fid`, `job`, `address`, `city`, `country`, `phone`, `gid`, `mobile`, `nationalnumber`, `department`, `division`, `with_honor`) VALUES (237711, 2009, '23', '', '', '', '', '', '', '', '', 'التربية الفنية ', '', '');
INSERT INTO `lk9v6_users` (`name`, `email`, `usertype`) VALUES ('نورهان فوزى محمد عبدالمجيد ابراهيم ', '', 'الخريجين');
INSERT INTO `lk9v6_alumni_main` (`id`, `user_id`, `approved`) VALUES (237712, 237712, 1);
INSERT INTO `lk9v6_alumni_data` (`alumni_id`, `graduation_year`, `fid`, `job`, `address`, `city`, `country`, `phone`, `gid`, `mobile`, `nationalnumber`, `department`, `division`, `with_honor`) VALUES (237712, 2009, '23', '', '', '', '', '', '', '', '', 'التربية الفنية ', '', '');
INSERT INTO `lk9v6_users` (`name`, `email`, `usertype`) VALUES ('هاجر انور السيد محمد السوسى ', '', 'الخريجين');
INSERT INTO `lk9v6_alumni_main` (`id`, `user_id`, `approved`) VALUES (237713, 237713, 1);
INSERT INTO `lk9v6_alumni_data` (`alumni_id`, `graduation_year`, `fid`, `job`, `address`, `city`, `country`, `phone`, `gid`, `mobile`, `nationalnumber`, `department`, `division`, `with_honor`) VALUES (237713, 2009, '23', '', '', '', '', '', '', '', '', 'التربية الفنية ', '', '');
INSERT INTO `lk9v6_users` (`name`, `email`, `usertype`) VALUES ('هالة السيد العزب مصطفى درويش ', '', 'الخريجين');
INSERT INTO `lk9v6_alumni_main` (`id`, `user_id`, `approved`) VALUES (237714, 237714, 1);
INSERT INTO `lk9v6_alumni_data` (`alumni_id`, `graduation_year`, `fid`, `job`, `address`, `city`, `country`, `phone`, `gid`, `mobile`, `nationalnumber`, `department`, `division`, `with_honor`) VALUES (237714, 2009, '23', '', '', '', '', '', '', '', '', 'التربية الفنية ', '', '');
INSERT INTO `lk9v6_users` (`name`, `email`, `usertype`) VALUES ('هبه طارق الصاوى تمراز ', '', 'الخريجين');
INSERT INTO `lk9v6_alumni_main` (`id`, `user_id`, `approved`) VALUES (237715, 237715, 1);
INSERT INTO `lk9v6_alumni_data` (`alumni_id`, `graduation_year`, `fid`, `job`, `address`, `city`, `country`, `phone`, `gid`, `mobile`, `nationalnumber`, `department`, `division`, `with_honor`) VALUES (237715, 2009, '23', '', '', '', '', '', '', '', '', 'التربية الفنية ', '', '');
INSERT INTO `lk9v6_users` (`name`, `email`, `usertype`) VALUES ('هبه كمال محمد احمد ', '', 'الخريجين');
INSERT INTO `lk9v6_alumni_main` (`id`, `user_id`, `approved`) VALUES (237716, 237716, 1);
INSERT INTO `lk9v6_alumni_data` (`alumni_id`, `graduation_year`, `fid`, `job`, `address`, `city`, `country`, `phone`, `gid`, `mobile`, `nationalnumber`, `department`, `division`, `with_honor`) VALUES (237716, 2009, '23', '', '', '', '', '', '', '', '', 'التربية الفنية ', '', '');
INSERT INTO `lk9v6_users` (`name`, `email`, `usertype`) VALUES ('هبه محمد عبدالسلام ابراهيم العمراوى ', '', 'الخريجين');
INSERT INTO `lk9v6_alumni_main` (`id`, `user_id`, `approved`) VALUES (237717, 237717, 1);
INSERT INTO `lk9v6_alumni_data` (`alumni_id`, `graduation_year`, `fid`, `job`, `address`, `city`, `country`, `phone`, `gid`, `mobile`, `nationalnumber`, `department`, `division`, `with_honor`) VALUES (237717, 2009, '23', '', '', '', '', '', '', '', '', 'التربية الفنية ', '', '');
INSERT INTO `lk9v6_users` (`name`, `email`, `usertype`) VALUES ('هبه محمد عزت عبد المنعم احمد الفقى ', '', 'الخريجين');
INSERT INTO `lk9v6_alumni_main` (`id`, `user_id`, `approved`) VALUES (237718, 237718, 1);
INSERT INTO `lk9v6_alumni_data` (`alumni_id`, `graduation_year`, `fid`, `job`, `address`, `city`, `country`, `phone`, `gid`, `mobile`, `nationalnumber`, `department`, `division`, `with_honor`) VALUES (237718, 2009, '23', '', '', '', '', '', '', '', '', 'التربية الفنية ', '', '');
INSERT INTO `lk9v6_users` (`name`, `email`, `usertype`) VALUES ('هبة يسرى مصطفى كتات', '', 'الخريجين');
INSERT INTO `lk9v6_alumni_main` (`id`, `user_id`, `approved`) VALUES (237719, 237719, 1);
INSERT INTO `lk9v6_alumni_data` (`alumni_id`, `graduation_year`, `fid`, `job`, `address`, `city`, `country`, `phone`, `gid`, `mobile`, `nationalnumber`, `department`, `division`, `with_honor`) VALUES (237719, 2009, '23', '', '', '', '', '', '', '', '', 'التربية الفنية ', '', '');
INSERT INTO `lk9v6_users` (`name`, `email`, `usertype`) VALUES ('هدير سعيد محمد مختار البيومى ', '', 'الخريجين');
INSERT INTO `lk9v6_alumni_main` (`id`, `user_id`, `approved`) VALUES (237720, 237720, 1);
INSERT INTO `lk9v6_alumni_data` (`alumni_id`, `graduation_year`, `fid`, `job`, `address`, `city`, `country`, `phone`, `gid`, `mobile`, `nationalnumber`, `department`, `division`, `with_honor`) VALUES (237720, 2009, '23', '', '', '', '', '', '', '', '', 'التربية الفنية ', '', '');
INSERT INTO `lk9v6_users` (`name`, `email`, `usertype`) VALUES ('هناء ناصر على محمد ', '', 'الخريجين');
INSERT INTO `lk9v6_alumni_main` (`id`, `user_id`, `approved`) VALUES (237721, 237721, 1);
INSERT INTO `lk9v6_alumni_data` (`alumni_id`, `graduation_year`, `fid`, `job`, `address`, `city`, `country`, `phone`, `gid`, `mobile`, `nationalnumber`, `department`, `division`, `with_honor`) VALUES (237721, 2009, '23', '', '', '', '', '', '', '', '', 'التربية الفنية ', '', '');
INSERT INTO `lk9v6_users` (`name`, `email`, `usertype`) VALUES ('هند جابر عبدالمحسن الاعصر', '', 'الخريجين');
INSERT INTO `lk9v6_alumni_main` (`id`, `user_id`, `approved`) VALUES (237722, 237722, 1);
INSERT INTO `lk9v6_alumni_data` (`alumni_id`, `graduation_year`, `fid`, `job`, `address`, `city`, `country`, `phone`, `gid`, `mobile`, `nationalnumber`, `department`, `division`, `with_honor`) VALUES (237722, 2009, '23', '', '', '', '', '', '', '', '', 'التربية الفنية ', '', '');
INSERT INTO `lk9v6_users` (`name`, `email`, `usertype`) VALUES ('ولاء محمد محروس عبدالمقصود الشابورى ', '', 'الخريجين');
INSERT INTO `lk9v6_alumni_main` (`id`, `user_id`, `approved`) VALUES (237723, 237723, 1);
INSERT INTO `lk9v6_alumni_data` (`alumni_id`, `graduation_year`, `fid`, `job`, `address`, `city`, `country`, `phone`, `gid`, `mobile`, `nationalnumber`, `department`, `division`, `with_honor`) VALUES (237723, 2009, '23', '', '', '', '', '', '', '', '', 'التربية الفنية ', '', '');
INSERT INTO `lk9v6_users` (`name`, `email`, `usertype`) VALUES ('ياسمينا سعد محمد محمد سعد', '', 'الخريجين');
INSERT INTO `lk9v6_alumni_main` (`id`, `user_id`, `approved`) VALUES (237724, 237724, 1);
INSERT INTO `lk9v6_alumni_data` (`alumni_id`, `graduation_year`, `fid`, `job`, `address`, `city`, `country`, `phone`, `gid`, `mobile`, `nationalnumber`, `department`, `division`, `with_honor`) VALUES (237724, 2009, '23', '', '', '', '', '', '', '', '', 'التربية الفنية ', '', '');
INSERT INTO `lk9v6_users` (`name`, `email`, `usertype`) VALUES ('ابتهال مجدى عبدالرحمن عباس', '', 'الخريجين');
INSERT INTO `lk9v6_alumni_main` (`id`, `user_id`, `approved`) VALUES (237725, 237725, 1);
INSERT INTO `lk9v6_alumni_data` (`alumni_id`, `graduation_year`, `fid`, `job`, `address`, `city`, `country`, `phone`, `gid`, `mobile`, `nationalnumber`, `department`, `division`, `with_honor`) VALUES (237725, 2009, '23', '', '', '', '', '', '', '', '', 'التربية الفنية ', '', '');
INSERT INTO `lk9v6_users` (`name`, `email`, `usertype`) VALUES ('اريج محمد ابراهيم على ', '', 'الخريجين');
INSERT INTO `lk9v6_alumni_main` (`id`, `user_id`, `approved`) VALUES (237726, 237726, 1);
INSERT INTO `lk9v6_alumni_data` (`alumni_id`, `graduation_year`, `fid`, `job`, `address`, `city`, `country`, `phone`, `gid`, `mobile`, `nationalnumber`, `department`, `division`, `with_honor`) VALUES (237726, 2009, '23', '', '', '', '', '', '', '', '', 'التربية الفنية ', '', '');
INSERT INTO `lk9v6_users` (`name`, `email`, `usertype`) VALUES ('اسراء ابراهيم عبدالمنعم محمود الريس', '', 'الخريجين');
INSERT INTO `lk9v6_alumni_main` (`id`, `user_id`, `approved`) VALUES (237727, 237727, 1);
INSERT INTO `lk9v6_alumni_data` (`alumni_id`, `graduation_year`, `fid`, `job`, `address`, `city`, `country`, `phone`, `gid`, `mobile`, `nationalnumber`, `department`, `division`, `with_honor`) VALUES (237727, 2009, '23', '', '', '', '', '', '', '', '', 'التربية الفنية ', '', '');
INSERT INTO `lk9v6_users` (`name`, `email`, `usertype`) VALUES ('اسراء حفظى محمد محمد حسين', '', 'الخريجين');
INSERT INTO `lk9v6_alumni_main` (`id`, `user_id`, `approved`) VALUES (237728, 237728, 1);
INSERT INTO `lk9v6_alumni_data` (`alumni_id`, `graduation_year`, `fid`, `job`, `address`, `city`, `country`, `phone`, `gid`, `mobile`, `nationalnumber`, `department`, `division`, `with_honor`) VALUES (237728, 2009, '23', '', '', '', '', '', '', '', '', 'التربية الفنية ', '', '');
INSERT INTO `lk9v6_users` (`name`, `email`, `usertype`) VALUES ('اسلام رجب محمد عبدالحميد ', '', 'الخريجين');
INSERT INTO `lk9v6_alumni_main` (`id`, `user_id`, `approved`) VALUES (237729, 237729, 1);
INSERT INTO `lk9v6_alumni_data` (`alumni_id`, `graduation_year`, `fid`, `job`, `address`, `city`, `country`, `phone`, `gid`, `mobile`, `nationalnumber`, `department`, `division`, `with_honor`) VALUES (237729, 2009, '23', '', '', '', '', '', '', '', '', 'التربية الفنية ', '', '');
INSERT INTO `lk9v6_users` (`name`, `email`, `usertype`) VALUES ('اسماء حسن حسين محمد حسين ', '', 'الخريجين');
INSERT INTO `lk9v6_alumni_main` (`id`, `user_id`, `approved`) VALUES (237730, 237730, 1);
INSERT INTO `lk9v6_alumni_data` (`alumni_id`, `graduation_year`, `fid`, `job`, `address`, `city`, `country`, `phone`, `gid`, `mobile`, `nationalnumber`, `department`, `division`, `with_honor`) VALUES (237730, 2009, '23', '', '', '', '', '', '', '', '', 'التربية الفنية ', '', '');
INSERT INTO `lk9v6_users` (`name`, `email`, `usertype`) VALUES ('اسماء عبد العظيم حسن محمد ', '', 'الخريجين');
INSERT INTO `lk9v6_alumni_main` (`id`, `user_id`, `approved`) VALUES (237731, 237731, 1);
INSERT INTO `lk9v6_alumni_data` (`alumni_id`, `graduation_year`, `fid`, `job`, `address`, `city`, `country`, `phone`, `gid`, `mobile`, `nationalnumber`, `department`, `division`, `with_honor`) VALUES (237731, 2009, '23', '', '', '', '', '', '', '', '', 'التربية الفنية ', '', '');
INSERT INTO `lk9v6_users` (`name`, `email`, `usertype`) VALUES ('اسماء لطفى محمد محمود ', '', 'الخريجين');
INSERT INTO `lk9v6_alumni_main` (`id`, `user_id`, `approved`) VALUES (237732, 237732, 1);
INSERT INTO `lk9v6_alumni_data` (`alumni_id`, `graduation_year`, `fid`, `job`, `address`, `city`, `country`, `phone`, `gid`, `mobile`, `nationalnumber`, `department`, `division`, `with_honor`) VALUES (237732, 2009, '23', '', '', '', '', '', '', '', '', 'التربية الفنية ', '', '');
INSERT INTO `lk9v6_users` (`name`, `email`, `usertype`) VALUES ('اسماء محمد عبدالمنعم احمد السكرى', '', 'الخريجين');
INSERT INTO `lk9v6_alumni_main` (`id`, `user_id`, `approved`) VALUES (237733, 237733, 1);
INSERT INTO `lk9v6_alumni_data` (`alumni_id`, `graduation_year`, `fid`, `job`, `address`, `city`, `country`, `phone`, `gid`, `mobile`, `nationalnumber`, `department`, `division`, `with_honor`) VALUES (237733, 2009, '23', '', '', '', '', '', '', '', '', 'التربية الفنية ', '', '');
INSERT INTO `lk9v6_users` (`name`, `email`, `usertype`) VALUES ('اسماء محمد مبروك شرف ', '', 'الخريجين');
INSERT INTO `lk9v6_alumni_main` (`id`, `user_id`, `approved`) VALUES (237734, 237734, 1);
INSERT INTO `lk9v6_alumni_data` (`alumni_id`, `graduation_year`, `fid`, `job`, `address`, `city`, `country`, `phone`, `gid`, `mobile`, `nationalnumber`, `department`, `division`, `with_honor`) VALUES (237734, 2009, '23', '', '', '', '', '', '', '', '', 'التربية الفنية ', '', '');
INSERT INTO `lk9v6_users` (`name`, `email`, `usertype`) VALUES ('اسماء منجود عبدالحميد ابراهيم ', '', 'الخريجين');
INSERT INTO `lk9v6_alumni_main` (`id`, `user_id`, `approved`) VALUES (237735, 237735, 1);
INSERT INTO `lk9v6_alumni_data` (`alumni_id`, `graduation_year`, `fid`, `job`, `address`, `city`, `country`, `phone`, `gid`, `mobile`, `nationalnumber`, `department`, `division`, `with_honor`) VALUES (237735, 2009, '23', '', '', '', '', '', '', '', '', 'التربية الفنية ', '', '');
INSERT INTO `lk9v6_users` (`name`, `email`, `usertype`) VALUES ('اسماء ناجى على حسن خطاب', '', 'الخريجين');
INSERT INTO `lk9v6_alumni_main` (`id`, `user_id`, `approved`) VALUES (237736, 237736, 1);
INSERT INTO `lk9v6_alumni_data` (`alumni_id`, `graduation_year`, `fid`, `job`, `address`, `city`, `country`, `phone`, `gid`, `mobile`, `nationalnumber`, `department`, `division`, `with_honor`) VALUES (237736, 2009, '23', '', '', '', '', '', '', '', '', 'التربية الفنية ', '', '');
INSERT INTO `lk9v6_users` (`name`, `email`, `usertype`) VALUES ('اسماء هشام عبدالمنعم السيد', '', 'الخريجين');
INSERT INTO `lk9v6_alumni_main` (`id`, `user_id`, `approved`) VALUES (237737, 237737, 1);
INSERT INTO `lk9v6_alumni_data` (`alumni_id`, `graduation_year`, `fid`, `job`, `address`, `city`, `country`, `phone`, `gid`, `mobile`, `nationalnumber`, `department`, `division`, `with_honor`) VALUES (237737, 2009, '23', '', '', '', '', '', '', '', '', 'التربية الفنية ', '', '');
INSERT INTO `lk9v6_users` (`name`, `email`, `usertype`) VALUES ('امانى احمد حسن خليل محمد ', '', 'الخريجين');
INSERT INTO `lk9v6_alumni_main` (`id`, `user_id`, `approved`) VALUES (237738, 237738, 1);
INSERT INTO `lk9v6_alumni_data` (`alumni_id`, `graduation_year`, `fid`, `job`, `address`, `city`, `country`, `phone`, `gid`, `mobile`, `nationalnumber`, `department`, `division`, `with_honor`) VALUES (237738, 2009, '23', '', '', '', '', '', '', '', '', 'التربية الفنية ', '', '');
INSERT INTO `lk9v6_users` (`name`, `email`, `usertype`) VALUES ('امانى جابر عبدالمقصود يوسف ', '', 'الخريجين');
INSERT INTO `lk9v6_alumni_main` (`id`, `user_id`, `approved`) VALUES (237739, 237739, 1);
INSERT INTO `lk9v6_alumni_data` (`alumni_id`, `graduation_year`, `fid`, `job`, `address`, `city`, `country`, `phone`, `gid`, `mobile`, `nationalnumber`, `department`, `division`, `with_honor`) VALUES (237739, 2009, '23', '', '', '', '', '', '', '', '', 'التربية الفنية ', '', '');
INSERT INTO `lk9v6_users` (`name`, `email`, `usertype`) VALUES ('امانى محمد توفيق محمد خضر', '', 'الخريجين');
INSERT INTO `lk9v6_alumni_main` (`id`, `user_id`, `approved`) VALUES (237740, 237740, 1);
INSERT INTO `lk9v6_alumni_data` (`alumni_id`, `graduation_year`, `fid`, `job`, `address`, `city`, `country`, `phone`, `gid`, `mobile`, `nationalnumber`, `department`, `division`, `with_honor`) VALUES (237740, 2009, '23', '', '', '', '', '', '', '', '', 'التربية الفنية ', '', '');
INSERT INTO `lk9v6_users` (`name`, `email`, `usertype`) VALUES ('امل ابراهيم فتحى ابراهيم محفوظ', '', 'الخريجين');
INSERT INTO `lk9v6_alumni_main` (`id`, `user_id`, `approved`) VALUES (237741, 237741, 1);
INSERT INTO `lk9v6_alumni_data` (`alumni_id`, `graduation_year`, `fid`, `job`, `address`, `city`, `country`, `phone`, `gid`, `mobile`, `nationalnumber`, `department`, `division`, `with_honor`) VALUES (237741, 2009, '23', '', '', '', '', '', '', '', '', 'التربية الفنية ', '', '');
INSERT INTO `lk9v6_users` (`name`, `email`, `usertype`) VALUES ('امنية اسامة سامى عبدالحميد خليل', '', 'الخريجين');
INSERT INTO `lk9v6_alumni_main` (`id`, `user_id`, `approved`) VALUES (237742, 237742, 1);
INSERT INTO `lk9v6_alumni_data` (`alumni_id`, `graduation_year`, `fid`, `job`, `address`, `city`, `country`, `phone`, `gid`, `mobile`, `nationalnumber`, `department`, `division`, `with_honor`) VALUES (237742, 2009, '23', '', '', '', '', '', '', '', '', 'التربية الفنية ', '', '');
INSERT INTO `lk9v6_users` (`name`, `email`, `usertype`) VALUES ('اميرة رجب محمد بارم', '', 'الخريجين');
INSERT INTO `lk9v6_alumni_main` (`id`, `user_id`, `approved`) VALUES (237743, 237743, 1);
INSERT INTO `lk9v6_alumni_data` (`alumni_id`, `graduation_year`, `fid`, `job`, `address`, `city`, `country`, `phone`, `gid`, `mobile`, `nationalnumber`, `department`, `division`, `with_honor`) VALUES (237743, 2009, '23', '', '', '', '', '', '', '', '', 'التربية الفنية ', '', '');
INSERT INTO `lk9v6_users` (`name`, `email`, `usertype`) VALUES ('اميرة عادل عباس الدرش', '', 'الخريجين');
INSERT INTO `lk9v6_alumni_main` (`id`, `user_id`, `approved`) VALUES (237744, 237744, 1);
INSERT INTO `lk9v6_alumni_data` (`alumni_id`, `graduation_year`, `fid`, `job`, `address`, `city`, `country`, `phone`, `gid`, `mobile`, `nationalnumber`, `department`, `division`, `with_honor`) VALUES (237744, 2009, '23', '', '', '', '', '', '', '', '', 'التربية الفنية ', '', '');
INSERT INTO `lk9v6_users` (`name`, `email`, `usertype`) VALUES ('اميرة محمد ابراهيم عبدالله ', '', 'الخريجين');
INSERT INTO `lk9v6_alumni_main` (`id`, `user_id`, `approved`) VALUES (237745, 237745, 1);
INSERT INTO `lk9v6_alumni_data` (`alumni_id`, `graduation_year`, `fid`, `job`, `address`, `city`, `country`, `phone`, `gid`, `mobile`, `nationalnumber`, `department`, `division`, `with_honor`) VALUES (237745, 2009, '23', '', '', '', '', '', '', '', '', 'التربية الفنية ', '', '');
INSERT INTO `lk9v6_users` (`name`, `email`, `usertype`) VALUES ('اميرة محمد عبدالمنعم عبدالعظيم سعد', '', 'الخريجين');
INSERT INTO `lk9v6_alumni_main` (`id`, `user_id`, `approved`) VALUES (237746, 237746, 1);
INSERT INTO `lk9v6_alumni_data` (`alumni_id`, `graduation_year`, `fid`, `job`, `address`, `city`, `country`, `phone`, `gid`, `mobile`, `nationalnumber`, `department`, `division`, `with_honor`) VALUES (237746, 2009, '23', '', '', '', '', '', '', '', '', 'التربية الفنية ', '', '');
INSERT INTO `lk9v6_users` (`name`, `email`, `usertype`) VALUES ('ايات عبدالفتاح طلعت عبدالفتاح', '', 'الخريجين');
INSERT INTO `lk9v6_alumni_main` (`id`, `user_id`, `approved`) VALUES (237747, 237747, 1);
INSERT INTO `lk9v6_alumni_data` (`alumni_id`, `graduation_year`, `fid`, `job`, `address`, `city`, `country`, `phone`, `gid`, `mobile`, `nationalnumber`, `department`, `division`, `with_honor`) VALUES (237747, 2009, '23', '', '', '', '', '', '', '', '', 'التربية الفنية ', '', '');
INSERT INTO `lk9v6_users` (`name`, `email`, `usertype`) VALUES ('ايه احمد عبدالرحمن محمد عبدالله ', '', 'الخريجين');
INSERT INTO `lk9v6_alumni_main` (`id`, `user_id`, `approved`) VALUES (237748, 237748, 1);
INSERT INTO `lk9v6_alumni_data` (`alumni_id`, `graduation_year`, `fid`, `job`, `address`, `city`, `country`, `phone`, `gid`, `mobile`, `nationalnumber`, `department`, `division`, `with_honor`) VALUES (237748, 2009, '23', '', '', '', '', '', '', '', '', 'التربية الفنية ', '', '');
INSERT INTO `lk9v6_users` (`name`, `email`, `usertype`) VALUES ('ايرينى حلمى يوسف سعد', '', 'الخريجين');
INSERT INTO `lk9v6_alumni_main` (`id`, `user_id`, `approved`) VALUES (237749, 237749, 1);
INSERT INTO `lk9v6_alumni_data` (`alumni_id`, `graduation_year`, `fid`, `job`, `address`, `city`, `country`, `phone`, `gid`, `mobile`, `nationalnumber`, `department`, `division`, `with_honor`) VALUES (237749, 2009, '23', '', '', '', '', '', '', '', '', 'التربية الفنية ', '', '');
INSERT INTO `lk9v6_users` (`name`, `email`, `usertype`) VALUES ('ايمان صلاح الدين محمود صباح', '', 'الخريجين');
INSERT INTO `lk9v6_alumni_main` (`id`, `user_id`, `approved`) VALUES (237750, 237750, 1);
INSERT INTO `lk9v6_alumni_data` (`alumni_id`, `graduation_year`, `fid`, `job`, `address`, `city`, `country`, `phone`, `gid`, `mobile`, `nationalnumber`, `department`, `division`, `with_honor`) VALUES (237750, 2009, '23', '', '', '', '', '', '', '', '', 'التربية الفنية ', '', '');
INSERT INTO `lk9v6_users` (`name`, `email`, `usertype`) VALUES ('ايمان على حجاج محمد قنديل ', '', 'الخريجين');
INSERT INTO `lk9v6_alumni_main` (`id`, `user_id`, `approved`) VALUES (237751, 237751, 1);
INSERT INTO `lk9v6_alumni_data` (`alumni_id`, `graduation_year`, `fid`, `job`, `address`, `city`, `country`, `phone`, `gid`, `mobile`, `nationalnumber`, `department`, `division`, `with_honor`) VALUES (237751, 2009, '23', '', '', '', '', '', '', '', '', 'التربية الفنية ', '', '');
INSERT INTO `lk9v6_users` (`name`, `email`, `usertype`) VALUES ('ايمان فتحى عبداللاه يحيي عيسي', '', 'الخريجين');
INSERT INTO `lk9v6_alumni_main` (`id`, `user_id`, `approved`) VALUES (237752, 237752, 1);
INSERT INTO `lk9v6_alumni_data` (`alumni_id`, `graduation_year`, `fid`, `job`, `address`, `city`, `country`, `phone`, `gid`, `mobile`, `nationalnumber`, `department`, `division`, `with_honor`) VALUES (237752, 2009, '23', '', '', '', '', '', '', '', '', 'التربية الفنية ', '', '');
INSERT INTO `lk9v6_users` (`name`, `email`, `usertype`) VALUES ('ايمان محمد رجب ابراهيم حسين ', '', 'الخريجين');
INSERT INTO `lk9v6_alumni_main` (`id`, `user_id`, `approved`) VALUES (237753, 237753, 1);
INSERT INTO `lk9v6_alumni_data` (`alumni_id`, `graduation_year`, `fid`, `job`, `address`, `city`, `country`, `phone`, `gid`, `mobile`, `nationalnumber`, `department`, `division`, `with_honor`) VALUES (237753, 2009, '23', '', '', '', '', '', '', '', '', 'التربية الفنية ', '', '');
INSERT INTO `lk9v6_users` (`name`, `email`, `usertype`) VALUES ('ايمان محمد محمد سنجق', '', 'الخريجين');
INSERT INTO `lk9v6_alumni_main` (`id`, `user_id`, `approved`) VALUES (237754, 237754, 1);
INSERT INTO `lk9v6_alumni_data` (`alumni_id`, `graduation_year`, `fid`, `job`, `address`, `city`, `country`, `phone`, `gid`, `mobile`, `nationalnumber`, `department`, `division`, `with_honor`) VALUES (237754, 2009, '23', '', '', '', '', '', '', '', '', 'التربية الفنية ', '', '');
INSERT INTO `lk9v6_users` (`name`, `email`, `usertype`) VALUES ('بسمة احمد خميس عوض حنفى ', '', 'الخريجين');
INSERT INTO `lk9v6_alumni_main` (`id`, `user_id`, `approved`) VALUES (237755, 237755, 1);
INSERT INTO `lk9v6_alumni_data` (`alumni_id`, `graduation_year`, `fid`, `job`, `address`, `city`, `country`, `phone`, `gid`, `mobile`, `nationalnumber`, `department`, `division`, `with_honor`) VALUES (237755, 2009, '23', '', '', '', '', '', '', '', '', 'التربية الفنية ', '', '');
INSERT INTO `lk9v6_users` (`name`, `email`, `usertype`) VALUES ('بيشوى سمير حلمى حماية حنا ', '', 'الخريجين');
INSERT INTO `lk9v6_alumni_main` (`id`, `user_id`, `approved`) VALUES (237756, 237756, 1);
INSERT INTO `lk9v6_alumni_data` (`alumni_id`, `graduation_year`, `fid`, `job`, `address`, `city`, `country`, `phone`, `gid`, `mobile`, `nationalnumber`, `department`, `division`, `with_honor`) VALUES (237756, 2009, '23', '', '', '', '', '', '', '', '', 'التربية الفنية ', '', '');
INSERT INTO `lk9v6_users` (`name`, `email`, `usertype`) VALUES ('تريفينا زغلول نسيم حنا ', '', 'الخريجين');
INSERT INTO `lk9v6_alumni_main` (`id`, `user_id`, `approved`) VALUES (237757, 237757, 1);
INSERT INTO `lk9v6_alumni_data` (`alumni_id`, `graduation_year`, `fid`, `job`, `address`, `city`, `country`, `phone`, `gid`, `mobile`, `nationalnumber`, `department`, `division`, `with_honor`) VALUES (237757, 2009, '23', '', '', '', '', '', '', '', '', 'التربية الفنية ', '', '');
INSERT INTO `lk9v6_users` (`name`, `email`, `usertype`) VALUES ('جاكلين سعيد وليم حنا ', '', 'الخريجين');
INSERT INTO `lk9v6_alumni_main` (`id`, `user_id`, `approved`) VALUES (237758, 237758, 1);
INSERT INTO `lk9v6_alumni_data` (`alumni_id`, `graduation_year`, `fid`, `job`, `address`, `city`, `country`, `phone`, `gid`, `mobile`, `nationalnumber`, `department`, `division`, `with_honor`) VALUES (237758, 2009, '23', '', '', '', '', '', '', '', '', 'التربية الفنية ', '', '');
INSERT INTO `lk9v6_users` (`name`, `email`, `usertype`) VALUES ('جهاد السورى محمد محمد عباس ', '', 'الخريجين');
INSERT INTO `lk9v6_alumni_main` (`id`, `user_id`, `approved`) VALUES (237759, 237759, 1);
INSERT INTO `lk9v6_alumni_data` (`alumni_id`, `graduation_year`, `fid`, `job`, `address`, `city`, `country`, `phone`, `gid`, `mobile`, `nationalnumber`, `department`, `division`, `with_honor`) VALUES (237759, 2009, '23', '', '', '', '', '', '', '', '', 'التربية الفنية ', '', '');
INSERT INTO `lk9v6_users` (`name`, `email`, `usertype`) VALUES ('جهاد محمد انور عبدالعزيز ابراهيم ', '', 'الخريجين');
INSERT INTO `lk9v6_alumni_main` (`id`, `user_id`, `approved`) VALUES (237760, 237760, 1);
INSERT INTO `lk9v6_alumni_data` (`alumni_id`, `graduation_year`, `fid`, `job`, `address`, `city`, `country`, `phone`, `gid`, `mobile`, `nationalnumber`, `department`, `division`, `with_honor`) VALUES (237760, 2009, '23', '', '', '', '', '', '', '', '', 'التربية الفنية ', '', '');
INSERT INTO `lk9v6_users` (`name`, `email`, `usertype`) VALUES ('حنان كامل محمد كامل السواحلى ', '', 'الخريجين');
INSERT INTO `lk9v6_alumni_main` (`id`, `user_id`, `approved`) VALUES (237761, 237761, 1);
INSERT INTO `lk9v6_alumni_data` (`alumni_id`, `graduation_year`, `fid`, `job`, `address`, `city`, `country`, `phone`, `gid`, `mobile`, `nationalnumber`, `department`, `division`, `with_honor`) VALUES (237761, 2009, '23', '', '', '', '', '', '', '', '', 'التربية الفنية ', '', '');
INSERT INTO `lk9v6_users` (`name`, `email`, `usertype`) VALUES ('خلود محمد محمود عوض حسن ', '', 'الخريجين');
INSERT INTO `lk9v6_alumni_main` (`id`, `user_id`, `approved`) VALUES (237762, 237762, 1);
INSERT INTO `lk9v6_alumni_data` (`alumni_id`, `graduation_year`, `fid`, `job`, `address`, `city`, `country`, `phone`, `gid`, `mobile`, `nationalnumber`, `department`, `division`, `with_honor`) VALUES (237762, 2009, '23', '', '', '', '', '', '', '', '', 'التربية الفنية ', '', '');
INSERT INTO `lk9v6_users` (`name`, `email`, `usertype`) VALUES ('داليا انور احمد المغربي', '', 'الخريجين');
INSERT INTO `lk9v6_alumni_main` (`id`, `user_id`, `approved`) VALUES (237763, 237763, 1);
INSERT INTO `lk9v6_alumni_data` (`alumni_id`, `graduation_year`, `fid`, `job`, `address`, `city`, `country`, `phone`, `gid`, `mobile`, `nationalnumber`, `department`, `division`, `with_honor`) VALUES (237763, 2009, '23', '', '', '', '', '', '', '', '', 'التربية الفنية ', '', '');
INSERT INTO `lk9v6_users` (`name`, `email`, `usertype`) VALUES ('داليا محمد عبدالعزيز عبده بدر', '', 'الخريجين');
INSERT INTO `lk9v6_alumni_main` (`id`, `user_id`, `approved`) VALUES (237764, 237764, 1);
INSERT INTO `lk9v6_alumni_data` (`alumni_id`, `graduation_year`, `fid`, `job`, `address`, `city`, `country`, `phone`, `gid`, `mobile`, `nationalnumber`, `department`, `division`, `with_honor`) VALUES (237764, 2009, '23', '', '', '', '', '', '', '', '', 'التربية الفنية ', '', '');
INSERT INTO `lk9v6_users` (`name`, `email`, `usertype`) VALUES ('رباب ابراهيم احمد محمود الوردانى', '', 'الخريجين');
INSERT INTO `lk9v6_alumni_main` (`id`, `user_id`, `approved`) VALUES (237765, 237765, 1);
INSERT INTO `lk9v6_alumni_data` (`alumni_id`, `graduation_year`, `fid`, `job`, `address`, `city`, `country`, `phone`, `gid`, `mobile`, `nationalnumber`, `department`, `division`, `with_honor`) VALUES (237765, 2009, '23', '', '', '', '', '', '', '', '', 'التربية الفنية ', '', '');
INSERT INTO `lk9v6_users` (`name`, `email`, `usertype`) VALUES ('رنا محمد هشام احمد محمد عثمان', '', 'الخريجين');
INSERT INTO `lk9v6_alumni_main` (`id`, `user_id`, `approved`) VALUES (237766, 237766, 1);
INSERT INTO `lk9v6_alumni_data` (`alumni_id`, `graduation_year`, `fid`, `job`, `address`, `city`, `country`, `phone`, `gid`, `mobile`, `nationalnumber`, `department`, `division`, `with_honor`) VALUES (237766, 2009, '23', '', '', '', '', '', '', '', '', 'التربية الفنية ', '', '');
INSERT INTO `lk9v6_users` (`name`, `email`, `usertype`) VALUES ('ريهام سعيد عبدالعزيز عبدالعظيم ', '', 'الخريجين');
INSERT INTO `lk9v6_alumni_main` (`id`, `user_id`, `approved`) VALUES (237767, 237767, 1);
INSERT INTO `lk9v6_alumni_data` (`alumni_id`, `graduation_year`, `fid`, `job`, `address`, `city`, `country`, `phone`, `gid`, `mobile`, `nationalnumber`, `department`, `division`, `with_honor`) VALUES (237767, 2009, '23', '', '', '', '', '', '', '', '', 'التربية الفنية ', '', '');
INSERT INTO `lk9v6_users` (`name`, `email`, `usertype`) VALUES ('ريهام عبدالمنعم محمد الشرقاوى ', '', 'الخريجين');
INSERT INTO `lk9v6_alumni_main` (`id`, `user_id`, `approved`) VALUES (237768, 237768, 1);
INSERT INTO `lk9v6_alumni_data` (`alumni_id`, `graduation_year`, `fid`, `job`, `address`, `city`, `country`, `phone`, `gid`, `mobile`, `nationalnumber`, `department`, `division`, `with_honor`) VALUES (237768, 2009, '23', '', '', '', '', '', '', '', '', 'التربية الفنية ', '', '');
INSERT INTO `lk9v6_users` (`name`, `email`, `usertype`) VALUES ('ريهام محمد محمود يوسف القزاز ', '', 'الخريجين');
INSERT INTO `lk9v6_alumni_main` (`id`, `user_id`, `approved`) VALUES (237769, 237769, 1);
INSERT INTO `lk9v6_alumni_data` (`alumni_id`, `graduation_year`, `fid`, `job`, `address`, `city`, `country`, `phone`, `gid`, `mobile`, `nationalnumber`, `department`, `division`, `with_honor`) VALUES (237769, 2009, '23', '', '', '', '', '', '', '', '', 'التربية الفنية ', '', '');
INSERT INTO `lk9v6_users` (`name`, `email`, `usertype`) VALUES ('زينب ابراهيم احمد محمود الاعصر ', '', 'الخريجين');
INSERT INTO `lk9v6_alumni_main` (`id`, `user_id`, `approved`) VALUES (237770, 237770, 1);
INSERT INTO `lk9v6_alumni_data` (`alumni_id`, `graduation_year`, `fid`, `job`, `address`, `city`, `country`, `phone`, `gid`, `mobile`, `nationalnumber`, `department`, `division`, `with_honor`) VALUES (237770, 2009, '23', '', '', '', '', '', '', '', '', 'التربية الفنية ', '', '');
INSERT INTO `lk9v6_users` (`name`, `email`, `usertype`) VALUES ('سارة صلاح محمد محمد ابو الخير ', '', 'الخريجين');
INSERT INTO `lk9v6_alumni_main` (`id`, `user_id`, `approved`) VALUES (237771, 237771, 1);
INSERT INTO `lk9v6_alumni_data` (`alumni_id`, `graduation_year`, `fid`, `job`, `address`, `city`, `country`, `phone`, `gid`, `mobile`, `nationalnumber`, `department`, `division`, `with_honor`) VALUES (237771, 2009, '23', '', '', '', '', '', '', '', '', 'التربية الفنية ', '', '');
INSERT INTO `lk9v6_users` (`name`, `email`, `usertype`) VALUES ('سارة عادل محمد شحاتة العوام ', '', 'الخريجين');
INSERT INTO `lk9v6_alumni_main` (`id`, `user_id`, `approved`) VALUES (237772, 237772, 1);
INSERT INTO `lk9v6_alumni_data` (`alumni_id`, `graduation_year`, `fid`, `job`, `address`, `city`, `country`, `phone`, `gid`, `mobile`, `nationalnumber`, `department`, `division`, `with_honor`) VALUES (237772, 2009, '23', '', '', '', '', '', '', '', '', 'التربية الفنية ', '', '');
INSERT INTO `lk9v6_users` (`name`, `email`, `usertype`) VALUES ('سارة نبيل محمد حافظ محمد ', '', 'الخريجين');
INSERT INTO `lk9v6_alumni_main` (`id`, `user_id`, `approved`) VALUES (237773, 237773, 1);
INSERT INTO `lk9v6_alumni_data` (`alumni_id`, `graduation_year`, `fid`, `job`, `address`, `city`, `country`, `phone`, `gid`, `mobile`, `nationalnumber`, `department`, `division`, `with_honor`) VALUES (237773, 2009, '23', '', '', '', '', '', '', '', '', 'التربية الفنية ', '', '');
INSERT INTO `lk9v6_users` (`name`, `email`, `usertype`) VALUES ('سالى سمير نصر الله بشاى ', '', 'الخريجين');
INSERT INTO `lk9v6_alumni_main` (`id`, `user_id`, `approved`) VALUES (237774, 237774, 1);
INSERT INTO `lk9v6_alumni_data` (`alumni_id`, `graduation_year`, `fid`, `job`, `address`, `city`, `country`, `phone`, `gid`, `mobile`, `nationalnumber`, `department`, `division`, `with_honor`) VALUES (237774, 2009, '23', '', '', '', '', '', '', '', '', 'التربية الفنية ', '', '');
INSERT INTO `lk9v6_users` (`name`, `email`, `usertype`) VALUES ('سالى محمد عبدالسلام حسن', '', 'الخريجين');
INSERT INTO `lk9v6_alumni_main` (`id`, `user_id`, `approved`) VALUES (237775, 237775, 1);
INSERT INTO `lk9v6_alumni_data` (`alumni_id`, `graduation_year`, `fid`, `job`, `address`, `city`, `country`, `phone`, `gid`, `mobile`, `nationalnumber`, `department`, `division`, `with_honor`) VALUES (237775, 2009, '23', '', '', '', '', '', '', '', '', 'التربية الفنية ', '', '');
INSERT INTO `lk9v6_users` (`name`, `email`, `usertype`) VALUES ('سلوى محمد عبدالله الاحول', '', 'الخريجين');
INSERT INTO `lk9v6_alumni_main` (`id`, `user_id`, `approved`) VALUES (237776, 237776, 1);
INSERT INTO `lk9v6_alumni_data` (`alumni_id`, `graduation_year`, `fid`, `job`, `address`, `city`, `country`, `phone`, `gid`, `mobile`, `nationalnumber`, `department`, `division`, `with_honor`) VALUES (237776, 2009, '23', '', '', '', '', '', '', '', '', 'التربية الفنية ', '', '');
INSERT INTO `lk9v6_users` (`name`, `email`, `usertype`) VALUES ('سلوى محمد ممدوح عبدالعزيز الموجى ', '', 'الخريجين');
INSERT INTO `lk9v6_alumni_main` (`id`, `user_id`, `approved`) VALUES (237777, 237777, 1);
INSERT INTO `lk9v6_alumni_data` (`alumni_id`, `graduation_year`, `fid`, `job`, `address`, `city`, `country`, `phone`, `gid`, `mobile`, `nationalnumber`, `department`, `division`, `with_honor`) VALUES (237777, 2009, '23', '', '', '', '', '', '', '', '', 'التربية الفنية ', '', '');
INSERT INTO `lk9v6_users` (`name`, `email`, `usertype`) VALUES ('سوزان عبدالشافى امام الاقطش', '', 'الخريجين');
INSERT INTO `lk9v6_alumni_main` (`id`, `user_id`, `approved`) VALUES (237778, 237778, 1);
INSERT INTO `lk9v6_alumni_data` (`alumni_id`, `graduation_year`, `fid`, `job`, `address`, `city`, `country`, `phone`, `gid`, `mobile`, `nationalnumber`, `department`, `division`, `with_honor`) VALUES (237778, 2009, '23', '', '', '', '', '', '', '', '', 'التربية الفنية ', '', '');
INSERT INTO `lk9v6_users` (`name`, `email`, `usertype`) VALUES ('شروق صفاء الدين حسن الزنارى', '', 'الخريجين');
INSERT INTO `lk9v6_alumni_main` (`id`, `user_id`, `approved`) VALUES (237779, 237779, 1);
INSERT INTO `lk9v6_alumni_data` (`alumni_id`, `graduation_year`, `fid`, `job`, `address`, `city`, `country`, `phone`, `gid`, `mobile`, `nationalnumber`, `department`, `division`, `with_honor`) VALUES (237779, 2009, '23', '', '', '', '', '', '', '', '', 'التربية الفنية ', '', '');
INSERT INTO `lk9v6_users` (`name`, `email`, `usertype`) VALUES ('شيرين احمد محمد عبدالله السعدنى ', '', 'الخريجين');
INSERT INTO `lk9v6_alumni_main` (`id`, `user_id`, `approved`) VALUES (237780, 237780, 1);
INSERT INTO `lk9v6_alumni_data` (`alumni_id`, `graduation_year`, `fid`, `job`, `address`, `city`, `country`, `phone`, `gid`, `mobile`, `nationalnumber`, `department`, `division`, `with_honor`) VALUES (237780, 2009, '23', '', '', '', '', '', '', '', '', 'التربية الفنية ', '', '');
INSERT INTO `lk9v6_users` (`name`, `email`, `usertype`) VALUES ('شيماء احمد رجب حسونة ', '', 'الخريجين');
INSERT INTO `lk9v6_alumni_main` (`id`, `user_id`, `approved`) VALUES (237781, 237781, 1);
INSERT INTO `lk9v6_alumni_data` (`alumni_id`, `graduation_year`, `fid`, `job`, `address`, `city`, `country`, `phone`, `gid`, `mobile`, `nationalnumber`, `department`, `division`, `with_honor`) VALUES (237781, 2009, '23', '', '', '', '', '', '', '', '', 'التربية الفنية ', '', '');
INSERT INTO `lk9v6_users` (`name`, `email`, `usertype`) VALUES ('شيماء صلاح الدين محمد عبدالغفار', '', 'الخريجين');
INSERT INTO `lk9v6_alumni_main` (`id`, `user_id`, `approved`) VALUES (237782, 237782, 1);
INSERT INTO `lk9v6_alumni_data` (`alumni_id`, `graduation_year`, `fid`, `job`, `address`, `city`, `country`, `phone`, `gid`, `mobile`, `nationalnumber`, `department`, `division`, `with_honor`) VALUES (237782, 2009, '23', '', '', '', '', '', '', '', '', 'التربية الفنية ', '', '');
INSERT INTO `lk9v6_users` (`name`, `email`, `usertype`) VALUES ('صفاء جمعة محمد حسن العرينى', '', 'الخريجين');
INSERT INTO `lk9v6_alumni_main` (`id`, `user_id`, `approved`) VALUES (237783, 237783, 1);
INSERT INTO `lk9v6_alumni_data` (`alumni_id`, `graduation_year`, `fid`, `job`, `address`, `city`, `country`, `phone`, `gid`, `mobile`, `nationalnumber`, `department`, `division`, `with_honor`) VALUES (237783, 2009, '23', '', '', '', '', '', '', '', '', 'التربية الفنية ', '', '');
INSERT INTO `lk9v6_users` (`name`, `email`, `usertype`) VALUES ('عبير محمود السيد عبدالنبي', '', 'الخريجين');
INSERT INTO `lk9v6_alumni_main` (`id`, `user_id`, `approved`) VALUES (237784, 237784, 1);
INSERT INTO `lk9v6_alumni_data` (`alumni_id`, `graduation_year`, `fid`, `job`, `address`, `city`, `country`, `phone`, `gid`, `mobile`, `nationalnumber`, `department`, `division`, `with_honor`) VALUES (237784, 2009, '23', '', '', '', '', '', '', '', '', 'التربية الفنية ', '', '');
INSERT INTO `lk9v6_users` (`name`, `email`, `usertype`) VALUES ('علا مصطفى عبدالرحمن حسن ابوقنديل', '', 'الخريجين');
INSERT INTO `lk9v6_alumni_main` (`id`, `user_id`, `approved`) VALUES (237785, 237785, 1);
INSERT INTO `lk9v6_alumni_data` (`alumni_id`, `graduation_year`, `fid`, `job`, `address`, `city`, `country`, `phone`, `gid`, `mobile`, `nationalnumber`, `department`, `division`, `with_honor`) VALUES (237785, 2009, '23', '', '', '', '', '', '', '', '', 'التربية الفنية ', '', '');
INSERT INTO `lk9v6_users` (`name`, `email`, `usertype`) VALUES ('علياء فتحى عبدالمقصود على مكى ', '', 'الخريجين');
INSERT INTO `lk9v6_alumni_main` (`id`, `user_id`, `approved`) VALUES (237786, 237786, 1);
INSERT INTO `lk9v6_alumni_data` (`alumni_id`, `graduation_year`, `fid`, `job`, `address`, `city`, `country`, `phone`, `gid`, `mobile`, `nationalnumber`, `department`, `division`, `with_honor`) VALUES (237786, 2009, '23', '', '', '', '', '', '', '', '', 'التربية الفنية ', '', '');
INSERT INTO `lk9v6_users` (`name`, `email`, `usertype`) VALUES ('غادة على شحاتة البرادعى', '', 'الخريجين');
INSERT INTO `lk9v6_alumni_main` (`id`, `user_id`, `approved`) VALUES (237787, 237787, 1);
INSERT INTO `lk9v6_alumni_data` (`alumni_id`, `graduation_year`, `fid`, `job`, `address`, `city`, `country`, `phone`, `gid`, `mobile`, `nationalnumber`, `department`, `division`, `with_honor`) VALUES (237787, 2009, '23', '', '', '', '', '', '', '', '', 'التربية الفنية ', '', '');
INSERT INTO `lk9v6_users` (`name`, `email`, `usertype`) VALUES ('غادة محمد رضا على محمد ', '', 'الخريجين');
INSERT INTO `lk9v6_alumni_main` (`id`, `user_id`, `approved`) VALUES (237788, 237788, 1);
INSERT INTO `lk9v6_alumni_data` (`alumni_id`, `graduation_year`, `fid`, `job`, `address`, `city`, `country`, `phone`, `gid`, `mobile`, `nationalnumber`, `department`, `division`, `with_honor`) VALUES (237788, 2009, '23', '', '', '', '', '', '', '', '', 'التربية الفنية ', '', '');
INSERT INTO `lk9v6_users` (`name`, `email`, `usertype`) VALUES ('فرنا فيكتور بولس تادرس', '', 'الخريجين');
INSERT INTO `lk9v6_alumni_main` (`id`, `user_id`, `approved`) VALUES (237789, 237789, 1);
INSERT INTO `lk9v6_alumni_data` (`alumni_id`, `graduation_year`, `fid`, `job`, `address`, `city`, `country`, `phone`, `gid`, `mobile`, `nationalnumber`, `department`, `division`, `with_honor`) VALUES (237789, 2009, '23', '', '', '', '', '', '', '', '', 'التربية الفنية ', '', '');
INSERT INTO `lk9v6_users` (`name`, `email`, `usertype`) VALUES ('كرستينا مكرم فريد ابراهيم ', '', 'الخريجين');
INSERT INTO `lk9v6_alumni_main` (`id`, `user_id`, `approved`) VALUES (237790, 237790, 1);
INSERT INTO `lk9v6_alumni_data` (`alumni_id`, `graduation_year`, `fid`, `job`, `address`, `city`, `country`, `phone`, `gid`, `mobile`, `nationalnumber`, `department`, `division`, `with_honor`) VALUES (237790, 2009, '23', '', '', '', '', '', '', '', '', 'التربية الفنية ', '', '');
INSERT INTO `lk9v6_users` (`name`, `email`, `usertype`) VALUES ('لمياء مجاهد محمد مجاهد ', '', 'الخريجين');
INSERT INTO `lk9v6_alumni_main` (`id`, `user_id`, `approved`) VALUES (237791, 237791, 1);
INSERT INTO `lk9v6_alumni_data` (`alumni_id`, `graduation_year`, `fid`, `job`, `address`, `city`, `country`, `phone`, `gid`, `mobile`, `nationalnumber`, `department`, `division`, `with_honor`) VALUES (237791, 2009, '23', '', '', '', '', '', '', '', '', 'التربية الفنية ', '', '');
INSERT INTO `lk9v6_users` (`name`, `email`, `usertype`) VALUES ('لورين رشدى مترى عبدالسيد خليل', '', 'الخريجين');
INSERT INTO `lk9v6_alumni_main` (`id`, `user_id`, `approved`) VALUES (237792, 237792, 1);
INSERT INTO `lk9v6_alumni_data` (`alumni_id`, `graduation_year`, `fid`, `job`, `address`, `city`, `country`, `phone`, `gid`, `mobile`, `nationalnumber`, `department`, `division`, `with_honor`) VALUES (237792, 2009, '23', '', '', '', '', '', '', '', '', 'التربية الفنية ', '', '');
INSERT INTO `lk9v6_users` (`name`, `email`, `usertype`) VALUES ('مارفى سامى فرنسيس بشاى ', '', 'الخريجين');
INSERT INTO `lk9v6_alumni_main` (`id`, `user_id`, `approved`) VALUES (237793, 237793, 1);
INSERT INTO `lk9v6_alumni_data` (`alumni_id`, `graduation_year`, `fid`, `job`, `address`, `city`, `country`, `phone`, `gid`, `mobile`, `nationalnumber`, `department`, `division`, `with_honor`) VALUES (237793, 2009, '23', '', '', '', '', '', '', '', '', 'التربية الفنية ', '', '');
INSERT INTO `lk9v6_users` (`name`, `email`, `usertype`) VALUES ('ماريان نصحى عيسي ابوسيف', '', 'الخريجين');
INSERT INTO `lk9v6_alumni_main` (`id`, `user_id`, `approved`) VALUES (237794, 237794, 1);
INSERT INTO `lk9v6_alumni_data` (`alumni_id`, `graduation_year`, `fid`, `job`, `address`, `city`, `country`, `phone`, `gid`, `mobile`, `nationalnumber`, `department`, `division`, `with_honor`) VALUES (237794, 2009, '23', '', '', '', '', '', '', '', '', 'التربية الفنية ', '', '');
INSERT INTO `lk9v6_users` (`name`, `email`, `usertype`) VALUES ('مايسة عبدالفتاح عبدالفتاح مرعى ', '', 'الخريجين');
INSERT INTO `lk9v6_alumni_main` (`id`, `user_id`, `approved`) VALUES (237795, 237795, 1);
INSERT INTO `lk9v6_alumni_data` (`alumni_id`, `graduation_year`, `fid`, `job`, `address`, `city`, `country`, `phone`, `gid`, `mobile`, `nationalnumber`, `department`, `division`, `with_honor`) VALUES (237795, 2009, '23', '', '', '', '', '', '', '', '', 'التربية الفنية ', '', '');
INSERT INTO `lk9v6_users` (`name`, `email`, `usertype`) VALUES ('محمد باهر سرور عواد التهامى', '', 'الخريجين');
INSERT INTO `lk9v6_alumni_main` (`id`, `user_id`, `approved`) VALUES (237796, 237796, 1);
INSERT INTO `lk9v6_alumni_data` (`alumni_id`, `graduation_year`, `fid`, `job`, `address`, `city`, `country`, `phone`, `gid`, `mobile`, `nationalnumber`, `department`, `division`, `with_honor`) VALUES (237796, 2009, '23', '', '', '', '', '', '', '', '', 'التربية الفنية ', '', '');
INSERT INTO `lk9v6_users` (`name`, `email`, `usertype`) VALUES ('محمود عبدالرحمن عبدالرحمن زيدان ', '', 'الخريجين');
INSERT INTO `lk9v6_alumni_main` (`id`, `user_id`, `approved`) VALUES (237797, 237797, 1);
INSERT INTO `lk9v6_alumni_data` (`alumni_id`, `graduation_year`, `fid`, `job`, `address`, `city`, `country`, `phone`, `gid`, `mobile`, `nationalnumber`, `department`, `division`, `with_honor`) VALUES (237797, 2009, '23', '', '', '', '', '', '', '', '', 'التربية الفنية ', '', '');
INSERT INTO `lk9v6_users` (`name`, `email`, `usertype`) VALUES ('مروة محمد صلاح الدين ابواليزيد موسي سعيد', '', 'الخريجين');
INSERT INTO `lk9v6_alumni_main` (`id`, `user_id`, `approved`) VALUES (237798, 237798, 1);
INSERT INTO `lk9v6_alumni_data` (`alumni_id`, `graduation_year`, `fid`, `job`, `address`, `city`, `country`, `phone`, `gid`, `mobile`, `nationalnumber`, `department`, `division`, `with_honor`) VALUES (237798, 2009, '23', '', '', '', '', '', '', '', '', 'التربية الفنية ', '', '');
INSERT INTO `lk9v6_users` (`name`, `email`, `usertype`) VALUES ('مريم مرقص منير ميخائيل جرجس', '', 'الخريجين');
INSERT INTO `lk9v6_alumni_main` (`id`, `user_id`, `approved`) VALUES (237799, 237799, 1);
INSERT INTO `lk9v6_alumni_data` (`alumni_id`, `graduation_year`, `fid`, `job`, `address`, `city`, `country`, `phone`, `gid`, `mobile`, `nationalnumber`, `department`, `division`, `with_honor`) VALUES (237799, 2009, '23', '', '', '', '', '', '', '', '', 'التربية الفنية ', '', '');
INSERT INTO `lk9v6_users` (`name`, `email`, `usertype`) VALUES ('منار مجدى منصور باسيلى ', '', 'الخريجين');
INSERT INTO `lk9v6_alumni_main` (`id`, `user_id`, `approved`) VALUES (237800, 237800, 1);
INSERT INTO `lk9v6_alumni_data` (`alumni_id`, `graduation_year`, `fid`, `job`, `address`, `city`, `country`, `phone`, `gid`, `mobile`, `nationalnumber`, `department`, `division`, `with_honor`) VALUES (237800, 2009, '23', '', '', '', '', '', '', '', '', 'التربية الفنية ', '', '');
INSERT INTO `lk9v6_users` (`name`, `email`, `usertype`) VALUES ('منال مجدى عبدالعاطى محمد ', '', 'الخريجين');
INSERT INTO `lk9v6_alumni_main` (`id`, `user_id`, `approved`) VALUES (237801, 237801, 1);
INSERT INTO `lk9v6_alumni_data` (`alumni_id`, `graduation_year`, `fid`, `job`, `address`, `city`, `country`, `phone`, `gid`, `mobile`, `nationalnumber`, `department`, `division`, `with_honor`) VALUES (237801, 2009, '23', '', '', '', '', '', '', '', '', 'التربية الفنية ', '', '');
INSERT INTO `lk9v6_users` (`name`, `email`, `usertype`) VALUES ('منه الله جمال حافظ احمد شرابية', '', 'الخريجين');
INSERT INTO `lk9v6_alumni_main` (`id`, `user_id`, `approved`) VALUES (237802, 237802, 1);
INSERT INTO `lk9v6_alumni_data` (`alumni_id`, `graduation_year`, `fid`, `job`, `address`, `city`, `country`, `phone`, `gid`, `mobile`, `nationalnumber`, `department`, `division`, `with_honor`) VALUES (237802, 2009, '23', '', '', '', '', '', '', '', '', 'التربية الفنية ', '', '');
INSERT INTO `lk9v6_users` (`name`, `email`, `usertype`) VALUES ('منه الله محمد ابراهيم عبدالعاطى حسن ', '', 'الخريجين');
INSERT INTO `lk9v6_alumni_main` (`id`, `user_id`, `approved`) VALUES (237803, 237803, 1);
INSERT INTO `lk9v6_alumni_data` (`alumni_id`, `graduation_year`, `fid`, `job`, `address`, `city`, `country`, `phone`, `gid`, `mobile`, `nationalnumber`, `department`, `division`, `with_honor`) VALUES (237803, 2009, '23', '', '', '', '', '', '', '', '', 'التربية الفنية ', '', '');
INSERT INTO `lk9v6_users` (`name`, `email`, `usertype`) VALUES ('منه الله مصطفى كامل الكفراوى ', '', 'الخريجين');
INSERT INTO `lk9v6_alumni_main` (`id`, `user_id`, `approved`) VALUES (237804, 237804, 1);
INSERT INTO `lk9v6_alumni_data` (`alumni_id`, `graduation_year`, `fid`, `job`, `address`, `city`, `country`, `phone`, `gid`, `mobile`, `nationalnumber`, `department`, `division`, `with_honor`) VALUES (237804, 2009, '23', '', '', '', '', '', '', '', '', 'التربية الفنية ', '', '');
INSERT INTO `lk9v6_users` (`name`, `email`, `usertype`) VALUES ('منى محمد حافظ دومة ', '', 'الخريجين');
INSERT INTO `lk9v6_alumni_main` (`id`, `user_id`, `approved`) VALUES (237805, 237805, 1);
INSERT INTO `lk9v6_alumni_data` (`alumni_id`, `graduation_year`, `fid`, `job`, `address`, `city`, `country`, `phone`, `gid`, `mobile`, `nationalnumber`, `department`, `division`, `with_honor`) VALUES (237805, 2009, '23', '', '', '', '', '', '', '', '', 'التربية الفنية ', '', '');
INSERT INTO `lk9v6_users` (`name`, `email`, `usertype`) VALUES ('مها السيد صالح خليل المنياوى ', '', 'الخريجين');
INSERT INTO `lk9v6_alumni_main` (`id`, `user_id`, `approved`) VALUES (237806, 237806, 1);
INSERT INTO `lk9v6_alumni_data` (`alumni_id`, `graduation_year`, `fid`, `job`, `address`, `city`, `country`, `phone`, `gid`, `mobile`, `nationalnumber`, `department`, `division`, `with_honor`) VALUES (237806, 2009, '23', '', '', '', '', '', '', '', '', 'التربية الفنية ', '', '');
INSERT INTO `lk9v6_users` (`name`, `email`, `usertype`) VALUES ('مها مصطفى حسنى الفقى', '', 'الخريجين');
INSERT INTO `lk9v6_alumni_main` (`id`, `user_id`, `approved`) VALUES (237807, 237807, 1);
INSERT INTO `lk9v6_alumni_data` (`alumni_id`, `graduation_year`, `fid`, `job`, `address`, `city`, `country`, `phone`, `gid`, `mobile`, `nationalnumber`, `department`, `division`, `with_honor`) VALUES (237807, 2009, '23', '', '', '', '', '', '', '', '', 'التربية الفنية ', '', '');
INSERT INTO `lk9v6_users` (`name`, `email`, `usertype`) VALUES ('مى مجدى السيد احمد السيد ', '', 'الخريجين');
INSERT INTO `lk9v6_alumni_main` (`id`, `user_id`, `approved`) VALUES (237808, 237808, 1);
INSERT INTO `lk9v6_alumni_data` (`alumni_id`, `graduation_year`, `fid`, `job`, `address`, `city`, `country`, `phone`, `gid`, `mobile`, `nationalnumber`, `department`, `division`, `with_honor`) VALUES (237808, 2009, '23', '', '', '', '', '', '', '', '', 'التربية الفنية ', '', '');
INSERT INTO `lk9v6_users` (`name`, `email`, `usertype`) VALUES ('مى محمد احمد محمد عبده ', '', 'الخريجين');
INSERT INTO `lk9v6_alumni_main` (`id`, `user_id`, `approved`) VALUES (237809, 237809, 1);
INSERT INTO `lk9v6_alumni_data` (`alumni_id`, `graduation_year`, `fid`, `job`, `address`, `city`, `country`, `phone`, `gid`, `mobile`, `nationalnumber`, `department`, `division`, `with_honor`) VALUES (237809, 2009, '23', '', '', '', '', '', '', '', '', 'التربية الفنية ', '', '');
INSERT INTO `lk9v6_users` (`name`, `email`, `usertype`) VALUES ('مى محمد عبدالرازق ابراهيم ', '', 'الخريجين');
INSERT INTO `lk9v6_alumni_main` (`id`, `user_id`, `approved`) VALUES (237810, 237810, 1);
INSERT INTO `lk9v6_alumni_data` (`alumni_id`, `graduation_year`, `fid`, `job`, `address`, `city`, `country`, `phone`, `gid`, `mobile`, `nationalnumber`, `department`, `division`, `with_honor`) VALUES (237810, 2009, '23', '', '', '', '', '', '', '', '', 'التربية الفنية ', '', '');
INSERT INTO `lk9v6_users` (`name`, `email`, `usertype`) VALUES ('ميادة احمد مصطفى محمد مصطفى ', '', 'الخريجين');
INSERT INTO `lk9v6_alumni_main` (`id`, `user_id`, `approved`) VALUES (237811, 237811, 1);
INSERT INTO `lk9v6_alumni_data` (`alumni_id`, `graduation_year`, `fid`, `job`, `address`, `city`, `country`, `phone`, `gid`, `mobile`, `nationalnumber`, `department`, `division`, `with_honor`) VALUES (237811, 2009, '23', '', '', '', '', '', '', '', '', 'التربية الفنية ', '', '');
INSERT INTO `lk9v6_users` (`name`, `email`, `usertype`) VALUES ('ميادة مصطفى احمد البرعى ', '', 'الخريجين');
INSERT INTO `lk9v6_alumni_main` (`id`, `user_id`, `approved`) VALUES (237812, 237812, 1);
INSERT INTO `lk9v6_alumni_data` (`alumni_id`, `graduation_year`, `fid`, `job`, `address`, `city`, `country`, `phone`, `gid`, `mobile`, `nationalnumber`, `department`, `division`, `with_honor`) VALUES (237812, 2009, '23', '', '', '', '', '', '', '', '', 'التربية الفنية ', '', '');
INSERT INTO `lk9v6_users` (`name`, `email`, `usertype`) VALUES ('ندى محمد جابر على مطاوع ', '', 'الخريجين');
INSERT INTO `lk9v6_alumni_main` (`id`, `user_id`, `approved`) VALUES (237813, 237813, 1);
INSERT INTO `lk9v6_alumni_data` (`alumni_id`, `graduation_year`, `fid`, `job`, `address`, `city`, `country`, `phone`, `gid`, `mobile`, `nationalnumber`, `department`, `division`, `with_honor`) VALUES (237813, 2009, '23', '', '', '', '', '', '', '', '', 'التربية الفنية ', '', '');
INSERT INTO `lk9v6_users` (`name`, `email`, `usertype`) VALUES ('نها عاطف عبدالمنعم حافظ مصطفى ', '', 'الخريجين');
INSERT INTO `lk9v6_alumni_main` (`id`, `user_id`, `approved`) VALUES (237814, 237814, 1);
INSERT INTO `lk9v6_alumni_data` (`alumni_id`, `graduation_year`, `fid`, `job`, `address`, `city`, `country`, `phone`, `gid`, `mobile`, `nationalnumber`, `department`, `division`, `with_honor`) VALUES (237814, 2009, '23', '', '', '', '', '', '', '', '', 'التربية الفنية ', '', '');
INSERT INTO `lk9v6_users` (`name`, `email`, `usertype`) VALUES ('نهال عبدالله حسين عبدالسلام ', '', 'الخريجين');
INSERT INTO `lk9v6_alumni_main` (`id`, `user_id`, `approved`) VALUES (237815, 237815, 1);
INSERT INTO `lk9v6_alumni_data` (`alumni_id`, `graduation_year`, `fid`, `job`, `address`, `city`, `country`, `phone`, `gid`, `mobile`, `nationalnumber`, `department`, `division`, `with_honor`) VALUES (237815, 2009, '23', '', '', '', '', '', '', '', '', 'التربية الفنية ', '', '');
INSERT INTO `lk9v6_users` (`name`, `email`, `usertype`) VALUES ('نهلة عادل عبدالفتاح عبدالسلام الفرلى ', '', 'الخريجين');
INSERT INTO `lk9v6_alumni_main` (`id`, `user_id`, `approved`) VALUES (237816, 237816, 1);
INSERT INTO `lk9v6_alumni_data` (`alumni_id`, `graduation_year`, `fid`, `job`, `address`, `city`, `country`, `phone`, `gid`, `mobile`, `nationalnumber`, `department`, `division`, `with_honor`) VALUES (237816, 2009, '23', '', '', '', '', '', '', '', '', 'التربية الفنية ', '', '');
INSERT INTO `lk9v6_users` (`name`, `email`, `usertype`) VALUES ('نهى محمد ممدوح عبدالسلام ابراهيم ', '', 'الخريجين');
INSERT INTO `lk9v6_alumni_main` (`id`, `user_id`, `approved`) VALUES (237817, 237817, 1);
INSERT INTO `lk9v6_alumni_data` (`alumni_id`, `graduation_year`, `fid`, `job`, `address`, `city`, `country`, `phone`, `gid`, `mobile`, `nationalnumber`, `department`, `division`, `with_honor`) VALUES (237817, 2009, '23', '', '', '', '', '', '', '', '', 'التربية الفنية ', '', '');
INSERT INTO `lk9v6_users` (`name`, `email`, `usertype`) VALUES ('نهى مدحت بهجت عبدالحميد ', '', 'الخريجين');
INSERT INTO `lk9v6_alumni_main` (`id`, `user_id`, `approved`) VALUES (237818, 237818, 1);
INSERT INTO `lk9v6_alumni_data` (`alumni_id`, `graduation_year`, `fid`, `job`, `address`, `city`, `country`, `phone`, `gid`, `mobile`, `nationalnumber`, `department`, `division`, `with_honor`) VALUES (237818, 2009, '23', '', '', '', '', '', '', '', '', 'التربية الفنية ', '', '');
INSERT INTO `lk9v6_users` (`name`, `email`, `usertype`) VALUES ('الفت محمد السيد على غانم ', '', 'الخريجين');
INSERT INTO `lk9v6_alumni_main` (`id`, `user_id`, `approved`) VALUES (237819, 237819, 1);
INSERT INTO `lk9v6_alumni_data` (`alumni_id`, `graduation_year`, `fid`, `job`, `address`, `city`, `country`, `phone`, `gid`, `mobile`, `nationalnumber`, `department`, `division`, `with_honor`) VALUES (237819, 2009, '23', '', '', '', '', '', '', '', '', 'التربية الفنية ', '', '');
INSERT INTO `lk9v6_users` (`name`, `email`, `usertype`) VALUES ('ايات جمال عبدالمعطى عبدالحافظ', '', 'الخريجين');
INSERT INTO `lk9v6_alumni_main` (`id`, `user_id`, `approved`) VALUES (237820, 237820, 1);
INSERT INTO `lk9v6_alumni_data` (`alumni_id`, `graduation_year`, `fid`, `job`, `address`, `city`, `country`, `phone`, `gid`, `mobile`, `nationalnumber`, `department`, `division`, `with_honor`) VALUES (237820, 2009, '23', '', '', '', '', '', '', '', '', 'التربية الفنية ', '', '');
INSERT INTO `lk9v6_users` (`name`, `email`, `usertype`) VALUES ('ايه محمد بدوى حافظ على', '', 'الخريجين');
INSERT INTO `lk9v6_alumni_main` (`id`, `user_id`, `approved`) VALUES (237821, 237821, 1);
INSERT INTO `lk9v6_alumni_data` (`alumni_id`, `graduation_year`, `fid`, `job`, `address`, `city`, `country`, `phone`, `gid`, `mobile`, `nationalnumber`, `department`, `division`, `with_honor`) VALUES (237821, 2009, '23', '', '', '', '', '', '', '', '', 'التربية الفنية ', '', '');
INSERT INTO `lk9v6_users` (`name`, `email`, `usertype`) VALUES ('ايمان احمد محمد محمد احمد عبادى', '', 'الخريجين');
INSERT INTO `lk9v6_alumni_main` (`id`, `user_id`, `approved`) VALUES (237822, 237822, 1);
INSERT INTO `lk9v6_alumni_data` (`alumni_id`, `graduation_year`, `fid`, `job`, `address`, `city`, `country`, `phone`, `gid`, `mobile`, `nationalnumber`, `department`, `division`, `with_honor`) VALUES (237822, 2009, '23', '', '', '', '', '', '', '', '', 'التربية الفنية ', '', '');
INSERT INTO `lk9v6_users` (`name`, `email`, `usertype`) VALUES ('حنان على توفيق خطاب', '', 'الخريجين');
INSERT INTO `lk9v6_alumni_main` (`id`, `user_id`, `approved`) VALUES (237823, 237823, 1);
INSERT INTO `lk9v6_alumni_data` (`alumni_id`, `graduation_year`, `fid`, `job`, `address`, `city`, `country`, `phone`, `gid`, `mobile`, `nationalnumber`, `department`, `division`, `with_honor`) VALUES (237823, 2009, '23', '', '', '', '', '', '', '', '', 'التربية الفنية ', '', '');
INSERT INTO `lk9v6_users` (`name`, `email`, `usertype`) VALUES ('ريهام عبدالفتاح فؤاد بركات ', '', 'الخريجين');
INSERT INTO `lk9v6_alumni_main` (`id`, `user_id`, `approved`) VALUES (237824, 237824, 1);
INSERT INTO `lk9v6_alumni_data` (`alumni_id`, `graduation_year`, `fid`, `job`, `address`, `city`, `country`, `phone`, `gid`, `mobile`, `nationalnumber`, `department`, `division`, `with_honor`) VALUES (237824, 2009, '23', '', '', '', '', '', '', '', '', 'التربية الفنية ', '', '');
INSERT INTO `lk9v6_users` (`name`, `email`, `usertype`) VALUES ('على صالح على عطية ', '', 'الخريجين');
INSERT INTO `lk9v6_alumni_main` (`id`, `user_id`, `approved`) VALUES (237825, 237825, 1);
INSERT INTO `lk9v6_alumni_data` (`alumni_id`, `graduation_year`, `fid`, `job`, `address`, `city`, `country`, `phone`, `gid`, `mobile`, `nationalnumber`, `department`, `division`, `with_honor`) VALUES (237825, 2009, '23', '', '', '', '', '', '', '', '', 'التربية الفنية ', '', '');
INSERT INTO `lk9v6_users` (`name`, `email`, `usertype`) VALUES ('نسمة عادل على محمود ', '', 'الخريجين');
INSERT INTO `lk9v6_alumni_main` (`id`, `user_id`, `approved`) VALUES (237826, 237826, 1);
INSERT INTO `lk9v6_alumni_data` (`alumni_id`, `graduation_year`, `fid`, `job`, `address`, `city`, `country`, `phone`, `gid`, `mobile`, `nationalnumber`, `department`, `division`, `with_honor`) VALUES (237826, 2009, '23', '', '', '', '', '', '', '', '', 'التربية الفنية ', '', '');
INSERT INTO `lk9v6_users` (`name`, `email`, `usertype`) VALUES ('نهى مصطفى محمد محمود النمر', '', 'الخريجين');
INSERT INTO `lk9v6_alumni_main` (`id`, `user_id`, `approved`) VALUES (237827, 237827, 1);
INSERT INTO `lk9v6_alumni_data` (`alumni_id`, `graduation_year`, `fid`, `job`, `address`, `city`, `country`, `phone`, `gid`, `mobile`, `nationalnumber`, `department`, `division`, `with_honor`) VALUES (237827, 2009, '23', '', '', '', '', '', '', '', '', 'التربية الفنية ', '', '');
INSERT INTO `lk9v6_users` (`name`, `email`, `usertype`) VALUES ('احمد شوقى كمال قضيب', '', 'الخريجين');
INSERT INTO `lk9v6_alumni_main` (`id`, `user_id`, `approved`) VALUES (237828, 237828, 1);
INSERT INTO `lk9v6_alumni_data` (`alumni_id`, `graduation_year`, `fid`, `job`, `address`, `city`, `country`, `phone`, `gid`, `mobile`, `nationalnumber`, `department`, `division`, `with_honor`) VALUES (237828, 2009, '23', '', '', '', '', '', '', '', '', 'التربية الفنية ', '', '');
INSERT INTO `lk9v6_users` (`name`, `email`, `usertype`) VALUES ('اسراء اسماعيل فرغلى اسماعيل فرغلى ', '', 'الخريجين');
INSERT INTO `lk9v6_alumni_main` (`id`, `user_id`, `approved`) VALUES (237829, 237829, 1);
INSERT INTO `lk9v6_alumni_data` (`alumni_id`, `graduation_year`, `fid`, `job`, `address`, `city`, `country`, `phone`, `gid`, `mobile`, `nationalnumber`, `department`, `division`, `with_honor`) VALUES (237829, 2009, '23', '', '', '', '', '', '', '', '', 'التربية الفنية ', '', '');
INSERT INTO `lk9v6_users` (`name`, `email`, `usertype`) VALUES ('اسماء محمد احمد محمود عمر ', '', 'الخريجين');
INSERT INTO `lk9v6_alumni_main` (`id`, `user_id`, `approved`) VALUES (237830, 237830, 1);
INSERT INTO `lk9v6_alumni_data` (`alumni_id`, `graduation_year`, `fid`, `job`, `address`, `city`, `country`, `phone`, `gid`, `mobile`, `nationalnumber`, `department`, `division`, `with_honor`) VALUES (237830, 2009, '23', '', '', '', '', '', '', '', '', 'التربية الفنية ', '', '');
INSERT INTO `lk9v6_users` (`name`, `email`, `usertype`) VALUES ('ايمان شعبان جودة الطوخى ', '', 'الخريجين');
INSERT INTO `lk9v6_alumni_main` (`id`, `user_id`, `approved`) VALUES (237831, 237831, 1);
INSERT INTO `lk9v6_alumni_data` (`alumni_id`, `graduation_year`, `fid`, `job`, `address`, `city`, `country`, `phone`, `gid`, `mobile`, `nationalnumber`, `department`, `division`, `with_honor`) VALUES (237831, 2009, '23', '', '', '', '', '', '', '', '', 'التربية الفنية ', '', '');
INSERT INTO `lk9v6_users` (`name`, `email`, `usertype`) VALUES ('سارة حليم جيد جودة ', '', 'الخريجين');
INSERT INTO `lk9v6_alumni_main` (`id`, `user_id`, `approved`) VALUES (237832, 237832, 1);
INSERT INTO `lk9v6_alumni_data` (`alumni_id`, `graduation_year`, `fid`, `job`, `address`, `city`, `country`, `phone`, `gid`, `mobile`, `nationalnumber`, `department`, `division`, `with_honor`) VALUES (237832, 2009, '23', '', '', '', '', '', '', '', '', 'التربية الفنية ', '', '');
INSERT INTO `lk9v6_users` (`name`, `email`, `usertype`) VALUES ('سارة محمد ابراهيم على الشراب', '', 'الخريجين');
INSERT INTO `lk9v6_alumni_main` (`id`, `user_id`, `approved`) VALUES (237833, 237833, 1);
INSERT INTO `lk9v6_alumni_data` (`alumni_id`, `graduation_year`, `fid`, `job`, `address`, `city`, `country`, `phone`, `gid`, `mobile`, `nationalnumber`, `department`, `division`, `with_honor`) VALUES (237833, 2009, '23', '', '', '', '', '', '', '', '', 'التربية الفنية ', '', '');
INSERT INTO `lk9v6_users` (`name`, `email`, `usertype`) VALUES ('علياء عادل عبدالغنى ابراهيم ابوالسعود ', '', 'الخريجين');
INSERT INTO `lk9v6_alumni_main` (`id`, `user_id`, `approved`) VALUES (237834, 237834, 1);
INSERT INTO `lk9v6_alumni_data` (`alumni_id`, `graduation_year`, `fid`, `job`, `address`, `city`, `country`, `phone`, `gid`, `mobile`, `nationalnumber`, `department`, `division`, `with_honor`) VALUES (237834, 2009, '23', '', '', '', '', '', '', '', '', 'التربية الفنية ', '', '');
INSERT INTO `lk9v6_users` (`name`, `email`, `usertype`) VALUES ('غادة على احمد شحاتة ', '', 'الخريجين');
INSERT INTO `lk9v6_alumni_main` (`id`, `user_id`, `approved`) VALUES (237835, 237835, 1);
INSERT INTO `lk9v6_alumni_data` (`alumni_id`, `graduation_year`, `fid`, `job`, `address`, `city`, `country`, `phone`, `gid`, `mobile`, `nationalnumber`, `department`, `division`, `with_honor`) VALUES (237835, 2009, '23', '', '', '', '', '', '', '', '', 'التربية الفنية ', '', '');
INSERT INTO `lk9v6_users` (`name`, `email`, `usertype`) VALUES ('فاطمة جمال محمود قريطم ', '', 'الخريجين');
INSERT INTO `lk9v6_alumni_main` (`id`, `user_id`, `approved`) VALUES (237836, 237836, 1);
INSERT INTO `lk9v6_alumni_data` (`alumni_id`, `graduation_year`, `fid`, `job`, `address`, `city`, `country`, `phone`, `gid`, `mobile`, `nationalnumber`, `department`, `division`, `with_honor`) VALUES (237836, 2009, '23', '', '', '', '', '', '', '', '', 'التربية الفنية ', '', '');
INSERT INTO `lk9v6_users` (`name`, `email`, `usertype`) VALUES ('منه الله محمد على ربيع رشوان ', '', 'الخريجين');
INSERT INTO `lk9v6_alumni_main` (`id`, `user_id`, `approved`) VALUES (237837, 237837, 1);
INSERT INTO `lk9v6_alumni_data` (`alumni_id`, `graduation_year`, `fid`, `job`, `address`, `city`, `country`, `phone`, `gid`, `mobile`, `nationalnumber`, `department`, `division`, `with_honor`) VALUES (237837, 2009, '23', '', '', '', '', '', '', '', '', 'التربية الفنية ', '', '');
INSERT INTO `lk9v6_users` (`name`, `email`, `usertype`) VALUES ('هالة صفوت محمد ملوخية ', '', 'الخريجين');
INSERT INTO `lk9v6_alumni_main` (`id`, `user_id`, `approved`) VALUES (237838, 237838, 1);
INSERT INTO `lk9v6_alumni_data` (`alumni_id`, `graduation_year`, `fid`, `job`, `address`, `city`, `country`, `phone`, `gid`, `mobile`, `nationalnumber`, `department`, `division`, `with_honor`) VALUES (237838, 2009, '23', '', '', '', '', '', '', '', '', 'التربية الفنية ', '', '');
INSERT INTO `lk9v6_users` (`name`, `email`, `usertype`) VALUES ('احمد عطا محمد احمد اسماعيل ', '', 'الخريجين');
INSERT INTO `lk9v6_alumni_main` (`id`, `user_id`, `approved`) VALUES (237839, 237839, 1);
INSERT INTO `lk9v6_alumni_data` (`alumni_id`, `graduation_year`, `fid`, `job`, `address`, `city`, `country`, `phone`, `gid`, `mobile`, `nationalnumber`, `department`, `division`, `with_honor`) VALUES (237839, 2009, '23', '', '', '', '', '', '', '', '', 'التربية الفنية ', '', '');
INSERT INTO `lk9v6_users` (`name`, `email`, `usertype`) VALUES ('سارة على احمد توفيق الجمال', '', 'الخريجين');
INSERT INTO `lk9v6_alumni_main` (`id`, `user_id`, `approved`) VALUES (237840, 237840, 1);
INSERT INTO `lk9v6_alumni_data` (`alumni_id`, `graduation_year`, `fid`, `job`, `address`, `city`, `country`, `phone`, `gid`, `mobile`, `nationalnumber`, `department`, `division`, `with_honor`) VALUES (237840, 2009, '23', '', '', '', '', '', '', '', '', 'التربية الفنية ', '', '');
INSERT INTO `lk9v6_users` (`name`, `email`, `usertype`) VALUES ('نهلة محمود يسرى محمد عزازى ابوالعنين', '', 'الخريجين');
INSERT INTO `lk9v6_alumni_main` (`id`, `user_id`, `approved`) VALUES (237841, 237841, 1);
INSERT INTO `lk9v6_alumni_data` (`alumni_id`, `graduation_year`, `fid`, `job`, `address`, `city`, `country`, `phone`, `gid`, `mobile`, `nationalnumber`, `department`, `division`, `with_honor`) VALUES (237841, 2009, '23', '', '', '', '', '', '', '', '', 'التربية الفنية ', '', '');
INSERT INTO `lk9v6_users` (`name`, `email`, `usertype`) VALUES ('يمني محمد فوزي أبو ضيف', '', 'الخريجين');
INSERT INTO `lk9v6_alumni_main` (`id`, `user_id`, `approved`) VALUES (237842, 237842, 1);
INSERT INTO `lk9v6_alumni_data` (`alumni_id`, `graduation_year`, `fid`, `job`, `address`, `city`, `country`, `phone`, `gid`, `mobile`, `nationalnumber`, `department`, `division`, `with_honor`) VALUES (237842, 2009, '23', '', '', '', '', '', '', '', '', 'التربية الفنية ', '', '');
INSERT INTO `lk9v6_users` (`name`, `email`, `usertype`) VALUES ('ياسمين ممدوح احمد الشرنوبي ', '', 'الخريجين');
INSERT INTO `lk9v6_alumni_main` (`id`, `user_id`, `approved`) VALUES (237843, 237843, 1);
INSERT INTO `lk9v6_alumni_data` (`alumni_id`, `graduation_year`, `fid`, `job`, `address`, `city`, `country`, `phone`, `gid`, `mobile`, `nationalnumber`, `department`, `division`, `with_honor`) VALUES (237843, 2009, '23', '', '', '', '', '', '', '', '', 'التربية الفنية ', '', '');
INSERT INTO `lk9v6_users` (`name`, `email`, `usertype`) VALUES ('عواطف عبدالقادر فتحى خبيرى ', '', 'الخريجين');
INSERT INTO `lk9v6_alumni_main` (`id`, `user_id`, `approved`) VALUES (237844, 237844, 1);
INSERT INTO `lk9v6_alumni_data` (`alumni_id`, `graduation_year`, `fid`, `job`, `address`, `city`, `country`, `phone`, `gid`, `mobile`, `nationalnumber`, `department`, `division`, `with_honor`) VALUES (237844, 2010, '23', '', '', '', '', '', '', '', '', 'الاقتصاد المنزلى ', '', '');
INSERT INTO `lk9v6_users` (`name`, `email`, `usertype`) VALUES ('وفاء عزت مسعد مصطفى ', '', 'الخريجين');
INSERT INTO `lk9v6_alumni_main` (`id`, `user_id`, `approved`) VALUES (237845, 237845, 1);
INSERT INTO `lk9v6_alumni_data` (`alumni_id`, `graduation_year`, `fid`, `job`, `address`, `city`, `country`, `phone`, `gid`, `mobile`, `nationalnumber`, `department`, `division`, `with_honor`) VALUES (237845, 2010, '23', '', '', '', '', '', '', '', '', 'الاقتصاد المنزلى ', '', '');
INSERT INTO `lk9v6_users` (`name`, `email`, `usertype`) VALUES ('هبه جمال عبدالحليم السيد ', '', 'الخريجين');
INSERT INTO `lk9v6_alumni_main` (`id`, `user_id`, `approved`) VALUES (237846, 237846, 1);
INSERT INTO `lk9v6_alumni_data` (`alumni_id`, `graduation_year`, `fid`, `job`, `address`, `city`, `country`, `phone`, `gid`, `mobile`, `nationalnumber`, `department`, `division`, `with_honor`) VALUES (237846, 2010, '23', '', '', '', '', '', '', '', '', 'الاقتصاد المنزلى ', '', '');
INSERT INTO `lk9v6_users` (`name`, `email`, `usertype`) VALUES ('امانى عبدالمجيد محمد عبدالمجيد العشرى ', '', 'الخريجين');
INSERT INTO `lk9v6_alumni_main` (`id`, `user_id`, `approved`) VALUES (237847, 237847, 1);
INSERT INTO `lk9v6_alumni_data` (`alumni_id`, `graduation_year`, `fid`, `job`, `address`, `city`, `country`, `phone`, `gid`, `mobile`, `nationalnumber`, `department`, `division`, `with_honor`) VALUES (237847, 2010, '23', '', '', '', '', '', '', '', '', 'الاقتصاد المنزلى ', '', '');
INSERT INTO `lk9v6_users` (`name`, `email`, `usertype`) VALUES ('ايمان رفعت عبدالبديع عبدالهادى ', '', 'الخريجين');
INSERT INTO `lk9v6_alumni_main` (`id`, `user_id`, `approved`) VALUES (237848, 237848, 1);
INSERT INTO `lk9v6_alumni_data` (`alumni_id`, `graduation_year`, `fid`, `job`, `address`, `city`, `country`, `phone`, `gid`, `mobile`, `nationalnumber`, `department`, `division`, `with_honor`) VALUES (237848, 2010, '23', '', '', '', '', '', '', '', '', 'الاقتصاد المنزلى ', '', '');
INSERT INTO `lk9v6_users` (`name`, `email`, `usertype`) VALUES ('ايمان محمد عبدالعظيم ابراهيم محجوب', '', 'الخريجين');
INSERT INTO `lk9v6_alumni_main` (`id`, `user_id`, `approved`) VALUES (237849, 237849, 1);
INSERT INTO `lk9v6_alumni_data` (`alumni_id`, `graduation_year`, `fid`, `job`, `address`, `city`, `country`, `phone`, `gid`, `mobile`, `nationalnumber`, `department`, `division`, `with_honor`) VALUES (237849, 2010, '23', '', '', '', '', '', '', '', '', 'الاقتصاد المنزلى ', '', '');
INSERT INTO `lk9v6_users` (`name`, `email`, `usertype`) VALUES ('ريهام سيد عبدالحميد الرشيدى ', '', 'الخريجين');
INSERT INTO `lk9v6_alumni_main` (`id`, `user_id`, `approved`) VALUES (237850, 237850, 1);
INSERT INTO `lk9v6_alumni_data` (`alumni_id`, `graduation_year`, `fid`, `job`, `address`, `city`, `country`, `phone`, `gid`, `mobile`, `nationalnumber`, `department`, `division`, `with_honor`) VALUES (237850, 2010, '23', '', '', '', '', '', '', '', '', 'الاقتصاد المنزلى ', '', '');
INSERT INTO `lk9v6_users` (`name`, `email`, `usertype`) VALUES ('منار محمود عبدالمطلب البنا', '', 'الخريجين');
INSERT INTO `lk9v6_alumni_main` (`id`, `user_id`, `approved`) VALUES (237851, 237851, 1);
INSERT INTO `lk9v6_alumni_data` (`alumni_id`, `graduation_year`, `fid`, `job`, `address`, `city`, `country`, `phone`, `gid`, `mobile`, `nationalnumber`, `department`, `division`, `with_honor`) VALUES (237851, 2010, '23', '', '', '', '', '', '', '', '', 'الاقتصاد المنزلى ', '', '');
INSERT INTO `lk9v6_users` (`name`, `email`, `usertype`) VALUES ('وفاء صالح عبدالرازق منصور ', '', 'الخريجين');
INSERT INTO `lk9v6_alumni_main` (`id`, `user_id`, `approved`) VALUES (237852, 237852, 1);
INSERT INTO `lk9v6_alumni_data` (`alumni_id`, `graduation_year`, `fid`, `job`, `address`, `city`, `country`, `phone`, `gid`, `mobile`, `nationalnumber`, `department`, `division`, `with_honor`) VALUES (237852, 2010, '23', '', '', '', '', '', '', '', '', 'الاقتصاد المنزلى ', '', '');
INSERT INTO `lk9v6_users` (`name`, `email`, `usertype`) VALUES ('ياسمين مصطفى احمد على ', '', 'الخريجين');
INSERT INTO `lk9v6_alumni_main` (`id`, `user_id`, `approved`) VALUES (237853, 237853, 1);
INSERT INTO `lk9v6_alumni_data` (`alumni_id`, `graduation_year`, `fid`, `job`, `address`, `city`, `country`, `phone`, `gid`, `mobile`, `nationalnumber`, `department`, `division`, `with_honor`) VALUES (237853, 2010, '23', '', '', '', '', '', '', '', '', 'الاقتصاد المنزلى ', '', '');
INSERT INTO `lk9v6_users` (`name`, `email`, `usertype`) VALUES ('اسماء سعيد السيد احمد سليم ', '', 'الخريجين');
INSERT INTO `lk9v6_alumni_main` (`id`, `user_id`, `approved`) VALUES (237854, 237854, 1);
INSERT INTO `lk9v6_alumni_data` (`alumni_id`, `graduation_year`, `fid`, `job`, `address`, `city`, `country`, `phone`, `gid`, `mobile`, `nationalnumber`, `department`, `division`, `with_honor`) VALUES (237854, 2010, '23', '', '', '', '', '', '', '', '', 'الاقتصاد المنزلى ', '', '');
INSERT INTO `lk9v6_users` (`name`, `email`, `usertype`) VALUES ('اسماء محمود حسين محمود بهلول ', '', 'الخريجين');
INSERT INTO `lk9v6_alumni_main` (`id`, `user_id`, `approved`) VALUES (237855, 237855, 1);
INSERT INTO `lk9v6_alumni_data` (`alumni_id`, `graduation_year`, `fid`, `job`, `address`, `city`, `country`, `phone`, `gid`, `mobile`, `nationalnumber`, `department`, `division`, `with_honor`) VALUES (237855, 2010, '23', '', '', '', '', '', '', '', '', 'الاقتصاد المنزلى ', '', '');
INSERT INTO `lk9v6_users` (`name`, `email`, `usertype`) VALUES ('الاء سامى محمد عرفان', '', 'الخريجين');
INSERT INTO `lk9v6_alumni_main` (`id`, `user_id`, `approved`) VALUES (237856, 237856, 1);
INSERT INTO `lk9v6_alumni_data` (`alumni_id`, `graduation_year`, `fid`, `job`, `address`, `city`, `country`, `phone`, `gid`, `mobile`, `nationalnumber`, `department`, `division`, `with_honor`) VALUES (237856, 2010, '23', '', '', '', '', '', '', '', '', 'الاقتصاد المنزلى ', '', '');
INSERT INTO `lk9v6_users` (`name`, `email`, `usertype`) VALUES ('اميرة محمد بيومى على ', '', 'الخريجين');
INSERT INTO `lk9v6_alumni_main` (`id`, `user_id`, `approved`) VALUES (237857, 237857, 1);
INSERT INTO `lk9v6_alumni_data` (`alumni_id`, `graduation_year`, `fid`, `job`, `address`, `city`, `country`, `phone`, `gid`, `mobile`, `nationalnumber`, `department`, `division`, `with_honor`) VALUES (237857, 2010, '23', '', '', '', '', '', '', '', '', 'الاقتصاد المنزلى ', '', '');
INSERT INTO `lk9v6_users` (`name`, `email`, `usertype`) VALUES ('جهاد احمد محمود عقده', '', 'الخريجين');
INSERT INTO `lk9v6_alumni_main` (`id`, `user_id`, `approved`) VALUES (237858, 237858, 1);
INSERT INTO `lk9v6_alumni_data` (`alumni_id`, `graduation_year`, `fid`, `job`, `address`, `city`, `country`, `phone`, `gid`, `mobile`, `nationalnumber`, `department`, `division`, `with_honor`) VALUES (237858, 2010, '23', '', '', '', '', '', '', '', '', 'الاقتصاد المنزلى ', '', '');
INSERT INTO `lk9v6_users` (`name`, `email`, `usertype`) VALUES ('سمر صلاح اسماعيل محمد اسماعيل', '', 'الخريجين');
INSERT INTO `lk9v6_alumni_main` (`id`, `user_id`, `approved`) VALUES (237859, 237859, 1);
INSERT INTO `lk9v6_alumni_data` (`alumni_id`, `graduation_year`, `fid`, `job`, `address`, `city`, `country`, `phone`, `gid`, `mobile`, `nationalnumber`, `department`, `division`, `with_honor`) VALUES (237859, 2010, '23', '', '', '', '', '', '', '', '', 'الاقتصاد المنزلى ', '', '');
INSERT INTO `lk9v6_users` (`name`, `email`, `usertype`) VALUES ('مروة محمد عبدالسلام عبدالعزيز', '', 'الخريجين');
INSERT INTO `lk9v6_alumni_main` (`id`, `user_id`, `approved`) VALUES (237860, 237860, 1);
INSERT INTO `lk9v6_alumni_data` (`alumni_id`, `graduation_year`, `fid`, `job`, `address`, `city`, `country`, `phone`, `gid`, `mobile`, `nationalnumber`, `department`, `division`, `with_honor`) VALUES (237860, 2010, '23', '', '', '', '', '', '', '', '', 'الاقتصاد المنزلى ', '', '');
INSERT INTO `lk9v6_users` (`name`, `email`, `usertype`) VALUES ('منار مجدى محمد اسماعيل درويش', '', 'الخريجين');
INSERT INTO `lk9v6_alumni_main` (`id`, `user_id`, `approved`) VALUES (237861, 237861, 1);
INSERT INTO `lk9v6_alumni_data` (`alumni_id`, `graduation_year`, `fid`, `job`, `address`, `city`, `country`, `phone`, `gid`, `mobile`, `nationalnumber`, `department`, `division`, `with_honor`) VALUES (237861, 2010, '23', '', '', '', '', '', '', '', '', 'الاقتصاد المنزلى ', '', '');
INSERT INTO `lk9v6_users` (`name`, `email`, `usertype`) VALUES ('منال محمود محمد ابراهيم ابوعيسي', '', 'الخريجين');
INSERT INTO `lk9v6_alumni_main` (`id`, `user_id`, `approved`) VALUES (237862, 237862, 1);
INSERT INTO `lk9v6_alumni_data` (`alumni_id`, `graduation_year`, `fid`, `job`, `address`, `city`, `country`, `phone`, `gid`, `mobile`, `nationalnumber`, `department`, `division`, `with_honor`) VALUES (237862, 2010, '23', '', '', '', '', '', '', '', '', 'الاقتصاد المنزلى ', '', '');
INSERT INTO `lk9v6_users` (`name`, `email`, `usertype`) VALUES ('اميرة عماد عبدالمنعم داود سليمان ', '', 'الخريجين');
INSERT INTO `lk9v6_alumni_main` (`id`, `user_id`, `approved`) VALUES (237863, 237863, 1);
INSERT INTO `lk9v6_alumni_data` (`alumni_id`, `graduation_year`, `fid`, `job`, `address`, `city`, `country`, `phone`, `gid`, `mobile`, `nationalnumber`, `department`, `division`, `with_honor`) VALUES (237863, 2010, '23', '', '', '', '', '', '', '', '', 'الاقتصاد المنزلى ', '', '');
INSERT INTO `lk9v6_users` (`name`, `email`, `usertype`) VALUES ('احلام على محمد احمد يحيي', '', 'الخريجين');
INSERT INTO `lk9v6_alumni_main` (`id`, `user_id`, `approved`) VALUES (237864, 237864, 1);
INSERT INTO `lk9v6_alumni_data` (`alumni_id`, `graduation_year`, `fid`, `job`, `address`, `city`, `country`, `phone`, `gid`, `mobile`, `nationalnumber`, `department`, `division`, `with_honor`) VALUES (237864, 2010, '23', '', '', '', '', '', '', '', '', 'التربية الموسيقية ', '', '');
INSERT INTO `lk9v6_users` (`name`, `email`, `usertype`) VALUES ('اميرة السيد جمال السيد ', '', 'الخريجين');
INSERT INTO `lk9v6_alumni_main` (`id`, `user_id`, `approved`) VALUES (237865, 237865, 1);
INSERT INTO `lk9v6_alumni_data` (`alumni_id`, `graduation_year`, `fid`, `job`, `address`, `city`, `country`, `phone`, `gid`, `mobile`, `nationalnumber`, `department`, `division`, `with_honor`) VALUES (237865, 2010, '23', '', '', '', '', '', '', '', '', 'التربية الموسيقية ', '', '');
INSERT INTO `lk9v6_users` (`name`, `email`, `usertype`) VALUES ('ايمان وحيد محمد بدوى الحجرى ', '', 'الخريجين');
INSERT INTO `lk9v6_alumni_main` (`id`, `user_id`, `approved`) VALUES (237866, 237866, 1);
INSERT INTO `lk9v6_alumni_data` (`alumni_id`, `graduation_year`, `fid`, `job`, `address`, `city`, `country`, `phone`, `gid`, `mobile`, `nationalnumber`, `department`, `division`, `with_honor`) VALUES (237866, 2010, '23', '', '', '', '', '', '', '', '', 'التربية الموسيقية ', '', '');
INSERT INTO `lk9v6_users` (`name`, `email`, `usertype`) VALUES ('ريهام ضيف الله سيف ضيف الله العربى', '', 'الخريجين');
INSERT INTO `lk9v6_alumni_main` (`id`, `user_id`, `approved`) VALUES (237867, 237867, 1);
INSERT INTO `lk9v6_alumni_data` (`alumni_id`, `graduation_year`, `fid`, `job`, `address`, `city`, `country`, `phone`, `gid`, `mobile`, `nationalnumber`, `department`, `division`, `with_honor`) VALUES (237867, 2010, '23', '', '', '', '', '', '', '', '', 'التربية الموسيقية ', '', '');
INSERT INTO `lk9v6_users` (`name`, `email`, `usertype`) VALUES ('ريهام مصطفى فؤاد السيد ', '', 'الخريجين');
INSERT INTO `lk9v6_alumni_main` (`id`, `user_id`, `approved`) VALUES (237868, 237868, 1);
INSERT INTO `lk9v6_alumni_data` (`alumni_id`, `graduation_year`, `fid`, `job`, `address`, `city`, `country`, `phone`, `gid`, `mobile`, `nationalnumber`, `department`, `division`, `with_honor`) VALUES (237868, 2010, '23', '', '', '', '', '', '', '', '', 'التربية الموسيقية ', '', '');
INSERT INTO `lk9v6_users` (`name`, `email`, `usertype`) VALUES ('سالى سعد محمد احمد ابراهيم ', '', 'الخريجين');
INSERT INTO `lk9v6_alumni_main` (`id`, `user_id`, `approved`) VALUES (237869, 237869, 1);
INSERT INTO `lk9v6_alumni_data` (`alumni_id`, `graduation_year`, `fid`, `job`, `address`, `city`, `country`, `phone`, `gid`, `mobile`, `nationalnumber`, `department`, `division`, `with_honor`) VALUES (237869, 2010, '23', '', '', '', '', '', '', '', '', 'التربية الموسيقية ', '', '');
INSERT INTO `lk9v6_users` (`name`, `email`, `usertype`) VALUES ('ساندى امير انيس اسكندر', '', 'الخريجين');
INSERT INTO `lk9v6_alumni_main` (`id`, `user_id`, `approved`) VALUES (237870, 237870, 1);
INSERT INTO `lk9v6_alumni_data` (`alumni_id`, `graduation_year`, `fid`, `job`, `address`, `city`, `country`, `phone`, `gid`, `mobile`, `nationalnumber`, `department`, `division`, `with_honor`) VALUES (237870, 2010, '23', '', '', '', '', '', '', '', '', 'التربية الموسيقية ', '', '');
INSERT INTO `lk9v6_users` (`name`, `email`, `usertype`) VALUES ('فاتن فايز محمد عباس الرشيدى ', '', 'الخريجين');
INSERT INTO `lk9v6_alumni_main` (`id`, `user_id`, `approved`) VALUES (237871, 237871, 1);
INSERT INTO `lk9v6_alumni_data` (`alumni_id`, `graduation_year`, `fid`, `job`, `address`, `city`, `country`, `phone`, `gid`, `mobile`, `nationalnumber`, `department`, `division`, `with_honor`) VALUES (237871, 2010, '23', '', '', '', '', '', '', '', '', 'التربية الموسيقية ', '', '');
INSERT INTO `lk9v6_users` (`name`, `email`, `usertype`) VALUES ('فيفيان رشدى ابراهيم منقريوس عوض', '', 'الخريجين');
INSERT INTO `lk9v6_alumni_main` (`id`, `user_id`, `approved`) VALUES (237872, 237872, 1);
INSERT INTO `lk9v6_alumni_data` (`alumni_id`, `graduation_year`, `fid`, `job`, `address`, `city`, `country`, `phone`, `gid`, `mobile`, `nationalnumber`, `department`, `division`, `with_honor`) VALUES (237872, 2010, '23', '', '', '', '', '', '', '', '', 'التربية الموسيقية ', '', '');
INSERT INTO `lk9v6_users` (`name`, `email`, `usertype`) VALUES ('ماهيتاب ابراهيم احمد حسن نصر ', '', 'الخريجين');
INSERT INTO `lk9v6_alumni_main` (`id`, `user_id`, `approved`) VALUES (237873, 237873, 1);
INSERT INTO `lk9v6_alumni_data` (`alumni_id`, `graduation_year`, `fid`, `job`, `address`, `city`, `country`, `phone`, `gid`, `mobile`, `nationalnumber`, `department`, `division`, `with_honor`) VALUES (237873, 2010, '23', '', '', '', '', '', '', '', '', 'التربية الموسيقية ', '', '');
INSERT INTO `lk9v6_users` (`name`, `email`, `usertype`) VALUES ('ميادة حمزه عبدالعزيز السيد ', '', 'الخريجين');
INSERT INTO `lk9v6_alumni_main` (`id`, `user_id`, `approved`) VALUES (237874, 237874, 1);
INSERT INTO `lk9v6_alumni_data` (`alumni_id`, `graduation_year`, `fid`, `job`, `address`, `city`, `country`, `phone`, `gid`, `mobile`, `nationalnumber`, `department`, `division`, `with_honor`) VALUES (237874, 2010, '23', '', '', '', '', '', '', '', '', 'التربية الموسيقية ', '', '');
INSERT INTO `lk9v6_users` (`name`, `email`, `usertype`) VALUES ('نيره محمد احمد محمد سلامة غانم', '', 'الخريجين');
INSERT INTO `lk9v6_alumni_main` (`id`, `user_id`, `approved`) VALUES (237875, 237875, 1);
INSERT INTO `lk9v6_alumni_data` (`alumni_id`, `graduation_year`, `fid`, `job`, `address`, `city`, `country`, `phone`, `gid`, `mobile`, `nationalnumber`, `department`, `division`, `with_honor`) VALUES (237875, 2010, '23', '', '', '', '', '', '', '', '', 'التربية الموسيقية ', '', '');
INSERT INTO `lk9v6_users` (`name`, `email`, `usertype`) VALUES ('هند السيد محمد محمد النجار', '', 'الخريجين');
INSERT INTO `lk9v6_alumni_main` (`id`, `user_id`, `approved`) VALUES (237876, 237876, 1);
INSERT INTO `lk9v6_alumni_data` (`alumni_id`, `graduation_year`, `fid`, `job`, `address`, `city`, `country`, `phone`, `gid`, `mobile`, `nationalnumber`, `department`, `division`, `with_honor`) VALUES (237876, 2010, '23', '', '', '', '', '', '', '', '', 'التربية الموسيقية ', '', '');
INSERT INTO `lk9v6_users` (`name`, `email`, `usertype`) VALUES ('ولاء هشام خميس احمد زهنى ', '', 'الخريجين');
INSERT INTO `lk9v6_alumni_main` (`id`, `user_id`, `approved`) VALUES (237877, 237877, 1);
INSERT INTO `lk9v6_alumni_data` (`alumni_id`, `graduation_year`, `fid`, `job`, `address`, `city`, `country`, `phone`, `gid`, `mobile`, `nationalnumber`, `department`, `division`, `with_honor`) VALUES (237877, 2010, '23', '', '', '', '', '', '', '', '', 'التربية الموسيقية ', '', '');
INSERT INTO `lk9v6_users` (`name`, `email`, `usertype`) VALUES ('مصطفى رمضان احمد مصطفى', '', 'الخريجين');
INSERT INTO `lk9v6_alumni_main` (`id`, `user_id`, `approved`) VALUES (237878, 237878, 1);
INSERT INTO `lk9v6_alumni_data` (`alumni_id`, `graduation_year`, `fid`, `job`, `address`, `city`, `country`, `phone`, `gid`, `mobile`, `nationalnumber`, `department`, `division`, `with_honor`) VALUES (237878, 2010, '23', '', '', '', '', '', '', '', '', 'التربية الموسيقية ', '', '');
INSERT INTO `lk9v6_users` (`name`, `email`, `usertype`) VALUES ('رنا عاطف عبدالعزيز عبدالقادر', '', 'الخريجين');
INSERT INTO `lk9v6_alumni_main` (`id`, `user_id`, `approved`) VALUES (237879, 237879, 1);
INSERT INTO `lk9v6_alumni_data` (`alumni_id`, `graduation_year`, `fid`, `job`, `address`, `city`, `country`, `phone`, `gid`, `mobile`, `nationalnumber`, `department`, `division`, `with_honor`) VALUES (237879, 2010, '23', '', '', '', '', '', '', '', '', 'التربية الموسيقية ', '', '');
INSERT INTO `lk9v6_users` (`name`, `email`, `usertype`) VALUES ('منى مصطفى عبدالرازق ابراهيم ', '', 'الخريجين');
INSERT INTO `lk9v6_alumni_main` (`id`, `user_id`, `approved`) VALUES (237880, 237880, 1);
INSERT INTO `lk9v6_alumni_data` (`alumni_id`, `graduation_year`, `fid`, `job`, `address`, `city`, `country`, `phone`, `gid`, `mobile`, `nationalnumber`, `department`, `division`, `with_honor`) VALUES (237880, 2010, '23', '', '', '', '', '', '', '', '', 'التربية الموسيقية ', '', '');
INSERT INTO `lk9v6_users` (`name`, `email`, `usertype`) VALUES ('انجى على صالح اسماعيل ابوشال ', '', 'الخريجين');
INSERT INTO `lk9v6_alumni_main` (`id`, `user_id`, `approved`) VALUES (237881, 237881, 1);
INSERT INTO `lk9v6_alumni_data` (`alumni_id`, `graduation_year`, `fid`, `job`, `address`, `city`, `country`, `phone`, `gid`, `mobile`, `nationalnumber`, `department`, `division`, `with_honor`) VALUES (237881, 2010, '23', '', '', '', '', '', '', '', '', 'التربية الموسيقية ', '', '');
INSERT INTO `lk9v6_users` (`name`, `email`, `usertype`) VALUES ('ايفا اسحق بطرس نجيب غبريال ', '', 'الخريجين');
INSERT INTO `lk9v6_alumni_main` (`id`, `user_id`, `approved`) VALUES (237882, 237882, 1);
INSERT INTO `lk9v6_alumni_data` (`alumni_id`, `graduation_year`, `fid`, `job`, `address`, `city`, `country`, `phone`, `gid`, `mobile`, `nationalnumber`, `department`, `division`, `with_honor`) VALUES (237882, 2010, '23', '', '', '', '', '', '', '', '', 'التربية الموسيقية ', '', '');
INSERT INTO `lk9v6_users` (`name`, `email`, `usertype`) VALUES ('ايمان محمد عبدالعال احمد محمد ', '', 'الخريجين');
INSERT INTO `lk9v6_alumni_main` (`id`, `user_id`, `approved`) VALUES (237883, 237883, 1);
INSERT INTO `lk9v6_alumni_data` (`alumni_id`, `graduation_year`, `fid`, `job`, `address`, `city`, `country`, `phone`, `gid`, `mobile`, `nationalnumber`, `department`, `division`, `with_honor`) VALUES (237883, 2010, '23', '', '', '', '', '', '', '', '', 'التربية الموسيقية ', '', '');
INSERT INTO `lk9v6_users` (`name`, `email`, `usertype`) VALUES ('بسنت صلاح الدين محمد ابوالعلا ', '', 'الخريجين');
INSERT INTO `lk9v6_alumni_main` (`id`, `user_id`, `approved`) VALUES (237884, 237884, 1);
INSERT INTO `lk9v6_alumni_data` (`alumni_id`, `graduation_year`, `fid`, `job`, `address`, `city`, `country`, `phone`, `gid`, `mobile`, `nationalnumber`, `department`, `division`, `with_honor`) VALUES (237884, 2010, '23', '', '', '', '', '', '', '', '', 'التربية الموسيقية ', '', '');
INSERT INTO `lk9v6_users` (`name`, `email`, `usertype`) VALUES ('دعاء عبدالجواد عبدالرؤوف حسن محمد يوسف', '', 'الخريجين');
INSERT INTO `lk9v6_alumni_main` (`id`, `user_id`, `approved`) VALUES (237885, 237885, 1);
INSERT INTO `lk9v6_alumni_data` (`alumni_id`, `graduation_year`, `fid`, `job`, `address`, `city`, `country`, `phone`, `gid`, `mobile`, `nationalnumber`, `department`, `division`, `with_honor`) VALUES (237885, 2010, '23', '', '', '', '', '', '', '', '', 'التربية الموسيقية ', '', '');
INSERT INTO `lk9v6_users` (`name`, `email`, `usertype`) VALUES ('محمد يسرى يوسف احمد ماضى ', '', 'الخريجين');
INSERT INTO `lk9v6_alumni_main` (`id`, `user_id`, `approved`) VALUES (237886, 237886, 1);
INSERT INTO `lk9v6_alumni_data` (`alumni_id`, `graduation_year`, `fid`, `job`, `address`, `city`, `country`, `phone`, `gid`, `mobile`, `nationalnumber`, `department`, `division`, `with_honor`) VALUES (237886, 2010, '23', '', '', '', '', '', '', '', '', 'التربية الموسيقية ', '', '');
INSERT INTO `lk9v6_users` (`name`, `email`, `usertype`) VALUES ('نشوى محمد الوهاب السيد اسماعيل ', '', 'الخريجين');
INSERT INTO `lk9v6_alumni_main` (`id`, `user_id`, `approved`) VALUES (237887, 237887, 1);
INSERT INTO `lk9v6_alumni_data` (`alumni_id`, `graduation_year`, `fid`, `job`, `address`, `city`, `country`, `phone`, `gid`, `mobile`, `nationalnumber`, `department`, `division`, `with_honor`) VALUES (237887, 2010, '23', '', '', '', '', '', '', '', '', 'التربية الموسيقية ', '', '');
INSERT INTO `lk9v6_users` (`name`, `email`, `usertype`) VALUES ('احمد مصطفى حسنى محمد ', '', 'الخريجين');
INSERT INTO `lk9v6_alumni_main` (`id`, `user_id`, `approved`) VALUES (237888, 237888, 1);
INSERT INTO `lk9v6_alumni_data` (`alumni_id`, `graduation_year`, `fid`, `job`, `address`, `city`, `country`, `phone`, `gid`, `mobile`, `nationalnumber`, `department`, `division`, `with_honor`) VALUES (237888, 2010, '23', '', '', '', '', '', '', '', '', 'التربية الموسيقية ', '', '');
INSERT INTO `lk9v6_users` (`name`, `email`, `usertype`) VALUES ('اسماء عصران محمد على ابوعسل ', '', 'الخريجين');
INSERT INTO `lk9v6_alumni_main` (`id`, `user_id`, `approved`) VALUES (237889, 237889, 1);
INSERT INTO `lk9v6_alumni_data` (`alumni_id`, `graduation_year`, `fid`, `job`, `address`, `city`, `country`, `phone`, `gid`, `mobile`, `nationalnumber`, `department`, `division`, `with_honor`) VALUES (237889, 2010, '23', '', '', '', '', '', '', '', '', 'التربية الموسيقية ', '', '');
INSERT INTO `lk9v6_users` (`name`, `email`, `usertype`) VALUES ('ايمان رفيق محمد محمد ', '', 'الخريجين');
INSERT INTO `lk9v6_alumni_main` (`id`, `user_id`, `approved`) VALUES (237890, 237890, 1);
INSERT INTO `lk9v6_alumni_data` (`alumni_id`, `graduation_year`, `fid`, `job`, `address`, `city`, `country`, `phone`, `gid`, `mobile`, `nationalnumber`, `department`, `division`, `with_honor`) VALUES (237890, 2010, '23', '', '', '', '', '', '', '', '', 'التربية الموسيقية ', '', '');
INSERT INTO `lk9v6_users` (`name`, `email`, `usertype`) VALUES ('رانيا احمد محمد على الملاح ', '', 'الخريجين');
INSERT INTO `lk9v6_alumni_main` (`id`, `user_id`, `approved`) VALUES (237891, 237891, 1);
INSERT INTO `lk9v6_alumni_data` (`alumni_id`, `graduation_year`, `fid`, `job`, `address`, `city`, `country`, `phone`, `gid`, `mobile`, `nationalnumber`, `department`, `division`, `with_honor`) VALUES (237891, 2010, '23', '', '', '', '', '', '', '', '', 'التربية الموسيقية ', '', '');
INSERT INTO `lk9v6_users` (`name`, `email`, `usertype`) VALUES ('شدى طلعت محمد عبدالمنعم حمودة ', '', 'الخريجين');
INSERT INTO `lk9v6_alumni_main` (`id`, `user_id`, `approved`) VALUES (237892, 237892, 1);
INSERT INTO `lk9v6_alumni_data` (`alumni_id`, `graduation_year`, `fid`, `job`, `address`, `city`, `country`, `phone`, `gid`, `mobile`, `nationalnumber`, `department`, `division`, `with_honor`) VALUES (237892, 2010, '23', '', '', '', '', '', '', '', '', 'التربية الموسيقية ', '', '');
INSERT INTO `lk9v6_users` (`name`, `email`, `usertype`) VALUES ('شيماء سعيد حلمى محمد شويرب', '', 'الخريجين');
INSERT INTO `lk9v6_alumni_main` (`id`, `user_id`, `approved`) VALUES (237893, 237893, 1);
INSERT INTO `lk9v6_alumni_data` (`alumni_id`, `graduation_year`, `fid`, `job`, `address`, `city`, `country`, `phone`, `gid`, `mobile`, `nationalnumber`, `department`, `division`, `with_honor`) VALUES (237893, 2010, '23', '', '', '', '', '', '', '', '', 'التربية الموسيقية ', '', '');
INSERT INTO `lk9v6_users` (`name`, `email`, `usertype`) VALUES ('عبدالعظيم محمد عبدالهادى الزهبى ', '', 'الخريجين');
INSERT INTO `lk9v6_alumni_main` (`id`, `user_id`, `approved`) VALUES (237894, 237894, 1);
INSERT INTO `lk9v6_alumni_data` (`alumni_id`, `graduation_year`, `fid`, `job`, `address`, `city`, `country`, `phone`, `gid`, `mobile`, `nationalnumber`, `department`, `division`, `with_honor`) VALUES (237894, 2010, '23', '', '', '', '', '', '', '', '', 'التربية الموسيقية ', '', '');
INSERT INTO `lk9v6_users` (`name`, `email`, `usertype`) VALUES ('عمرو وهبة ابراهيم محمد المصرى ', '', 'الخريجين');
INSERT INTO `lk9v6_alumni_main` (`id`, `user_id`, `approved`) VALUES (237895, 237895, 1);
INSERT INTO `lk9v6_alumni_data` (`alumni_id`, `graduation_year`, `fid`, `job`, `address`, `city`, `country`, `phone`, `gid`, `mobile`, `nationalnumber`, `department`, `division`, `with_honor`) VALUES (237895, 2010, '23', '', '', '', '', '', '', '', '', 'التربية الموسيقية ', '', '');
INSERT INTO `lk9v6_users` (`name`, `email`, `usertype`) VALUES ('مارى ابرام عبدالمسيح دميان ', '', 'الخريجين');
INSERT INTO `lk9v6_alumni_main` (`id`, `user_id`, `approved`) VALUES (237896, 237896, 1);
INSERT INTO `lk9v6_alumni_data` (`alumni_id`, `graduation_year`, `fid`, `job`, `address`, `city`, `country`, `phone`, `gid`, `mobile`, `nationalnumber`, `department`, `division`, `with_honor`) VALUES (237896, 2010, '23', '', '', '', '', '', '', '', '', 'التربية الموسيقية ', '', '');
INSERT INTO `lk9v6_users` (`name`, `email`, `usertype`) VALUES ('محمد احمد عبدالرحمن محمد محمد', '', 'الخريجين');
INSERT INTO `lk9v6_alumni_main` (`id`, `user_id`, `approved`) VALUES (237897, 237897, 1);
INSERT INTO `lk9v6_alumni_data` (`alumni_id`, `graduation_year`, `fid`, `job`, `address`, `city`, `country`, `phone`, `gid`, `mobile`, `nationalnumber`, `department`, `division`, `with_honor`) VALUES (237897, 2010, '23', '', '', '', '', '', '', '', '', 'التربية الموسيقية ', '', '');
INSERT INTO `lk9v6_users` (`name`, `email`, `usertype`) VALUES ('محمد عبدالمنعم على حسن سليمان ', '', 'الخريجين');
INSERT INTO `lk9v6_alumni_main` (`id`, `user_id`, `approved`) VALUES (237898, 237898, 1);
INSERT INTO `lk9v6_alumni_data` (`alumni_id`, `graduation_year`, `fid`, `job`, `address`, `city`, `country`, `phone`, `gid`, `mobile`, `nationalnumber`, `department`, `division`, `with_honor`) VALUES (237898, 2010, '23', '', '', '', '', '', '', '', '', 'التربية الموسيقية ', '', '');
INSERT INTO `lk9v6_users` (`name`, `email`, `usertype`) VALUES ('مريم انيس سليمان عطالله', '', 'الخريجين');
INSERT INTO `lk9v6_alumni_main` (`id`, `user_id`, `approved`) VALUES (237899, 237899, 1);
INSERT INTO `lk9v6_alumni_data` (`alumni_id`, `graduation_year`, `fid`, `job`, `address`, `city`, `country`, `phone`, `gid`, `mobile`, `nationalnumber`, `department`, `division`, `with_honor`) VALUES (237899, 2010, '23', '', '', '', '', '', '', '', '', 'التربية الموسيقية ', '', '');
INSERT INTO `lk9v6_users` (`name`, `email`, `usertype`) VALUES ('مى جمال عبدالغفار محمود ابو الاسعاد مبارك', '', 'الخريجين');
INSERT INTO `lk9v6_alumni_main` (`id`, `user_id`, `approved`) VALUES (237900, 237900, 1);
INSERT INTO `lk9v6_alumni_data` (`alumni_id`, `graduation_year`, `fid`, `job`, `address`, `city`, `country`, `phone`, `gid`, `mobile`, `nationalnumber`, `department`, `division`, `with_honor`) VALUES (237900, 2010, '23', '', '', '', '', '', '', '', '', 'التربية الموسيقية ', '', '');
INSERT INTO `lk9v6_users` (`name`, `email`, `usertype`) VALUES ('هبه شريف شحاتة محمد شحاتة ', '', 'الخريجين');
INSERT INTO `lk9v6_alumni_main` (`id`, `user_id`, `approved`) VALUES (237901, 237901, 1);
INSERT INTO `lk9v6_alumni_data` (`alumni_id`, `graduation_year`, `fid`, `job`, `address`, `city`, `country`, `phone`, `gid`, `mobile`, `nationalnumber`, `department`, `division`, `with_honor`) VALUES (237901, 2010, '23', '', '', '', '', '', '', '', '', 'التربية الموسيقية ', '', '');
INSERT INTO `lk9v6_users` (`name`, `email`, `usertype`) VALUES ('ياسمين عبدالفتاح انور عبدالفتاح ', '', 'الخريجين');
INSERT INTO `lk9v6_alumni_main` (`id`, `user_id`, `approved`) VALUES (237902, 237902, 1);
INSERT INTO `lk9v6_alumni_data` (`alumni_id`, `graduation_year`, `fid`, `job`, `address`, `city`, `country`, `phone`, `gid`, `mobile`, `nationalnumber`, `department`, `division`, `with_honor`) VALUES (237902, 2010, '23', '', '', '', '', '', '', '', '', 'التربية الموسيقية ', '', '');
INSERT INTO `lk9v6_users` (`name`, `email`, `usertype`) VALUES ('اسلام على محمود خليفة ', '', 'الخريجين');
INSERT INTO `lk9v6_alumni_main` (`id`, `user_id`, `approved`) VALUES (237903, 237903, 1);
INSERT INTO `lk9v6_alumni_data` (`alumni_id`, `graduation_year`, `fid`, `job`, `address`, `city`, `country`, `phone`, `gid`, `mobile`, `nationalnumber`, `department`, `division`, `with_honor`) VALUES (237903, 2010, '23', '', '', '', '', '', '', '', '', 'التربية الموسيقية ', '', '');
INSERT INTO `lk9v6_users` (`name`, `email`, `usertype`) VALUES ('اسراء صلاح توفيق حمودة ', '', 'الخريجين');
INSERT INTO `lk9v6_alumni_main` (`id`, `user_id`, `approved`) VALUES (237904, 237904, 1);
INSERT INTO `lk9v6_alumni_data` (`alumni_id`, `graduation_year`, `fid`, `job`, `address`, `city`, `country`, `phone`, `gid`, `mobile`, `nationalnumber`, `department`, `division`, `with_honor`) VALUES (237904, 2010, '23', '', '', '', '', '', '', '', '', 'التربية الفنية ', '', '');
INSERT INTO `lk9v6_users` (`name`, `email`, `usertype`) VALUES ('الشيماء احمد ابراهيم احمد ', '', 'الخريجين');
INSERT INTO `lk9v6_alumni_main` (`id`, `user_id`, `approved`) VALUES (237905, 237905, 1);
INSERT INTO `lk9v6_alumni_data` (`alumni_id`, `graduation_year`, `fid`, `job`, `address`, `city`, `country`, `phone`, `gid`, `mobile`, `nationalnumber`, `department`, `division`, `with_honor`) VALUES (237905, 2010, '23', '', '', '', '', '', '', '', '', 'التربية الفنية ', '', '');
INSERT INTO `lk9v6_users` (`name`, `email`, `usertype`) VALUES ('اميره محمد حامد محمد ', '', 'الخريجين');
INSERT INTO `lk9v6_alumni_main` (`id`, `user_id`, `approved`) VALUES (237906, 237906, 1);
INSERT INTO `lk9v6_alumni_data` (`alumni_id`, `graduation_year`, `fid`, `job`, `address`, `city`, `country`, `phone`, `gid`, `mobile`, `nationalnumber`, `department`, `division`, `with_honor`) VALUES (237906, 2010, '23', '', '', '', '', '', '', '', '', 'التربية الفنية ', '', '');
INSERT INTO `lk9v6_users` (`name`, `email`, `usertype`) VALUES ('ايه ابراهيم محمود عبدالحافظ ', '', 'الخريجين');
INSERT INTO `lk9v6_alumni_main` (`id`, `user_id`, `approved`) VALUES (237907, 237907, 1);
INSERT INTO `lk9v6_alumni_data` (`alumni_id`, `graduation_year`, `fid`, `job`, `address`, `city`, `country`, `phone`, `gid`, `mobile`, `nationalnumber`, `department`, `division`, `with_honor`) VALUES (237907, 2010, '23', '', '', '', '', '', '', '', '', 'التربية الفنية ', '', '');
INSERT INTO `lk9v6_users` (`name`, `email`, `usertype`) VALUES ('فادى فريد سامى نجيب حنا ', '', 'الخريجين');
INSERT INTO `lk9v6_alumni_main` (`id`, `user_id`, `approved`) VALUES (237908, 237908, 1);
INSERT INTO `lk9v6_alumni_data` (`alumni_id`, `graduation_year`, `fid`, `job`, `address`, `city`, `country`, `phone`, `gid`, `mobile`, `nationalnumber`, `department`, `division`, `with_honor`) VALUES (237908, 2010, '23', '', '', '', '', '', '', '', '', 'التربية الفنية ', '', '');
INSERT INTO `lk9v6_users` (`name`, `email`, `usertype`) VALUES ('محمد حسن عبدالله حسن ', '', 'الخريجين');
INSERT INTO `lk9v6_alumni_main` (`id`, `user_id`, `approved`) VALUES (237909, 237909, 1);
INSERT INTO `lk9v6_alumni_data` (`alumni_id`, `graduation_year`, `fid`, `job`, `address`, `city`, `country`, `phone`, `gid`, `mobile`, `nationalnumber`, `department`, `division`, `with_honor`) VALUES (237909, 2010, '23', '', '', '', '', '', '', '', '', 'التربية الفنية ', '', '');
INSERT INTO `lk9v6_users` (`name`, `email`, `usertype`) VALUES ('مها فتح الله محمود الشرنوبى ', '', 'الخريجين');
INSERT INTO `lk9v6_alumni_main` (`id`, `user_id`, `approved`) VALUES (237910, 237910, 1);
INSERT INTO `lk9v6_alumni_data` (`alumni_id`, `graduation_year`, `fid`, `job`, `address`, `city`, `country`, `phone`, `gid`, `mobile`, `nationalnumber`, `department`, `division`, `with_honor`) VALUES (237910, 2010, '23', '', '', '', '', '', '', '', '', 'التربية الفنية ', '', '');
INSERT INTO `lk9v6_users` (`name`, `email`, `usertype`) VALUES ('ياسمين محمد السيد محمد ابراهيم ', '', 'الخريجين');
INSERT INTO `lk9v6_alumni_main` (`id`, `user_id`, `approved`) VALUES (237911, 237911, 1);
INSERT INTO `lk9v6_alumni_data` (`alumni_id`, `graduation_year`, `fid`, `job`, `address`, `city`, `country`, `phone`, `gid`, `mobile`, `nationalnumber`, `department`, `division`, `with_honor`) VALUES (237911, 2010, '23', '', '', '', '', '', '', '', '', 'التربية الفنية ', '', '');
INSERT INTO `lk9v6_users` (`name`, `email`, `usertype`) VALUES ('ابراهيم احمد عبد الرازق ابراهيم الحنطور', '', 'الخريجين');
INSERT INTO `lk9v6_alumni_main` (`id`, `user_id`, `approved`) VALUES (237912, 237912, 1);
INSERT INTO `lk9v6_alumni_data` (`alumni_id`, `graduation_year`, `fid`, `job`, `address`, `city`, `country`, `phone`, `gid`, `mobile`, `nationalnumber`, `department`, `division`, `with_honor`) VALUES (237912, 2010, '23', '', '', '', '', '', '', '', '', 'التربية الفنية ', '', '');
INSERT INTO `lk9v6_users` (`name`, `email`, `usertype`) VALUES ('اكرام صلاح السيد ابراهيم ', '', 'الخريجين');
INSERT INTO `lk9v6_alumni_main` (`id`, `user_id`, `approved`) VALUES (237913, 237913, 1);
INSERT INTO `lk9v6_alumni_data` (`alumni_id`, `graduation_year`, `fid`, `job`, `address`, `city`, `country`, `phone`, `gid`, `mobile`, `nationalnumber`, `department`, `division`, `with_honor`) VALUES (237913, 2010, '23', '', '', '', '', '', '', '', '', 'التربية الفنية ', '', '');
INSERT INTO `lk9v6_users` (`name`, `email`, `usertype`) VALUES ('خالد صلاح محمد مرغنى ', '', 'الخريجين');
INSERT INTO `lk9v6_alumni_main` (`id`, `user_id`, `approved`) VALUES (237914, 237914, 1);
INSERT INTO `lk9v6_alumni_data` (`alumni_id`, `graduation_year`, `fid`, `job`, `address`, `city`, `country`, `phone`, `gid`, `mobile`, `nationalnumber`, `department`, `division`, `with_honor`) VALUES (237914, 2010, '23', '', '', '', '', '', '', '', '', 'التربية الفنية ', '', '');
INSERT INTO `lk9v6_users` (`name`, `email`, `usertype`) VALUES ('مارينا مسعد جيد مسعد ', '', 'الخريجين');
INSERT INTO `lk9v6_alumni_main` (`id`, `user_id`, `approved`) VALUES (237915, 237915, 1);
INSERT INTO `lk9v6_alumni_data` (`alumni_id`, `graduation_year`, `fid`, `job`, `address`, `city`, `country`, `phone`, `gid`, `mobile`, `nationalnumber`, `department`, `division`, `with_honor`) VALUES (237915, 2010, '23', '', '', '', '', '', '', '', '', 'التربية الفنية ', '', '');
INSERT INTO `lk9v6_users` (`name`, `email`, `usertype`) VALUES ('معتز محمد فؤاد الشامى ', '', 'الخريجين');
INSERT INTO `lk9v6_alumni_main` (`id`, `user_id`, `approved`) VALUES (237916, 237916, 1);
INSERT INTO `lk9v6_alumni_data` (`alumni_id`, `graduation_year`, `fid`, `job`, `address`, `city`, `country`, `phone`, `gid`, `mobile`, `nationalnumber`, `department`, `division`, `with_honor`) VALUES (237916, 2010, '23', '', '', '', '', '', '', '', '', 'التربية الفنية ', '', '');
INSERT INTO `lk9v6_users` (`name`, `email`, `usertype`) VALUES ('داليا محمد محمود عبدالجواد شرف', '', 'الخريجين');
INSERT INTO `lk9v6_alumni_main` (`id`, `user_id`, `approved`) VALUES (237917, 237917, 1);
INSERT INTO `lk9v6_alumni_data` (`alumni_id`, `graduation_year`, `fid`, `job`, `address`, `city`, `country`, `phone`, `gid`, `mobile`, `nationalnumber`, `department`, `division`, `with_honor`) VALUES (237917, 2010, '23', '', '', '', '', '', '', '', '', 'التربية الفنية ', '', '');
INSERT INTO `lk9v6_users` (`name`, `email`, `usertype`) VALUES ('هبه احمد حسن رمضان ', '', 'الخريجين');
INSERT INTO `lk9v6_alumni_main` (`id`, `user_id`, `approved`) VALUES (237918, 237918, 1);
INSERT INTO `lk9v6_alumni_data` (`alumni_id`, `graduation_year`, `fid`, `job`, `address`, `city`, `country`, `phone`, `gid`, `mobile`, `nationalnumber`, `department`, `division`, `with_honor`) VALUES (237918, 2010, '23', '', '', '', '', '', '', '', '', 'التربية الفنية ', '', '');
INSERT INTO `lk9v6_users` (`name`, `email`, `usertype`) VALUES ('ابتسام احمد محمد محمد ', '', 'الخريجين');
INSERT INTO `lk9v6_alumni_main` (`id`, `user_id`, `approved`) VALUES (237919, 237919, 1);
INSERT INTO `lk9v6_alumni_data` (`alumni_id`, `graduation_year`, `fid`, `job`, `address`, `city`, `country`, `phone`, `gid`, `mobile`, `nationalnumber`, `department`, `division`, `with_honor`) VALUES (237919, 2010, '23', '', '', '', '', '', '', '', '', 'التربية الفنية ', '', '');
INSERT INTO `lk9v6_users` (`name`, `email`, `usertype`) VALUES ('اسراء رجب رمضان يوسف ', '', 'الخريجين');
INSERT INTO `lk9v6_alumni_main` (`id`, `user_id`, `approved`) VALUES (237920, 237920, 1);
INSERT INTO `lk9v6_alumni_data` (`alumni_id`, `graduation_year`, `fid`, `job`, `address`, `city`, `country`, `phone`, `gid`, `mobile`, `nationalnumber`, `department`, `division`, `with_honor`) VALUES (237920, 2010, '23', '', '', '', '', '', '', '', '', 'التربية الفنية ', '', '');
INSERT INTO `lk9v6_users` (`name`, `email`, `usertype`) VALUES ('اسماء عادل احمد ابراهيم مصطفى ', '', 'الخريجين');
INSERT INTO `lk9v6_alumni_main` (`id`, `user_id`, `approved`) VALUES (237921, 237921, 1);
INSERT INTO `lk9v6_alumni_data` (`alumni_id`, `graduation_year`, `fid`, `job`, `address`, `city`, `country`, `phone`, `gid`, `mobile`, `nationalnumber`, `department`, `division`, `with_honor`) VALUES (237921, 2010, '23', '', '', '', '', '', '', '', '', 'التربية الفنية ', '', '');
INSERT INTO `lk9v6_users` (`name`, `email`, `usertype`) VALUES ('اسماء وحيد عبدالعزيز حسن ', '', 'الخريجين');
INSERT INTO `lk9v6_alumni_main` (`id`, `user_id`, `approved`) VALUES (237922, 237922, 1);
INSERT INTO `lk9v6_alumni_data` (`alumni_id`, `graduation_year`, `fid`, `job`, `address`, `city`, `country`, `phone`, `gid`, `mobile`, `nationalnumber`, `department`, `division`, `with_honor`) VALUES (237922, 2010, '23', '', '', '', '', '', '', '', '', 'التربية الفنية ', '', '');
INSERT INTO `lk9v6_users` (`name`, `email`, `usertype`) VALUES ('الاء مصطفى السيد دميس', '', 'الخريجين');
INSERT INTO `lk9v6_alumni_main` (`id`, `user_id`, `approved`) VALUES (237923, 237923, 1);
INSERT INTO `lk9v6_alumni_data` (`alumni_id`, `graduation_year`, `fid`, `job`, `address`, `city`, `country`, `phone`, `gid`, `mobile`, `nationalnumber`, `department`, `division`, `with_honor`) VALUES (237923, 2010, '23', '', '', '', '', '', '', '', '', 'التربية الفنية ', '', '');
INSERT INTO `lk9v6_users` (`name`, `email`, `usertype`) VALUES ('الزهراء محمد طلبه سليمان عطية ', '', 'الخريجين');
INSERT INTO `lk9v6_alumni_main` (`id`, `user_id`, `approved`) VALUES (237924, 237924, 1);
INSERT INTO `lk9v6_alumni_data` (`alumni_id`, `graduation_year`, `fid`, `job`, `address`, `city`, `country`, `phone`, `gid`, `mobile`, `nationalnumber`, `department`, `division`, `with_honor`) VALUES (237924, 2010, '23', '', '', '', '', '', '', '', '', 'التربية الفنية ', '', '');
INSERT INTO `lk9v6_users` (`name`, `email`, `usertype`) VALUES ('امانى شوقى عبدالستار عبدالرحمن ', '', 'الخريجين');
INSERT INTO `lk9v6_alumni_main` (`id`, `user_id`, `approved`) VALUES (237925, 237925, 1);
INSERT INTO `lk9v6_alumni_data` (`alumni_id`, `graduation_year`, `fid`, `job`, `address`, `city`, `country`, `phone`, `gid`, `mobile`, `nationalnumber`, `department`, `division`, `with_honor`) VALUES (237925, 2010, '23', '', '', '', '', '', '', '', '', 'التربية الفنية ', '', '');
INSERT INTO `lk9v6_users` (`name`, `email`, `usertype`) VALUES ('اميره سعد زكى حسن يوسف ', '', 'الخريجين');
INSERT INTO `lk9v6_alumni_main` (`id`, `user_id`, `approved`) VALUES (237926, 237926, 1);
INSERT INTO `lk9v6_alumni_data` (`alumni_id`, `graduation_year`, `fid`, `job`, `address`, `city`, `country`, `phone`, `gid`, `mobile`, `nationalnumber`, `department`, `division`, `with_honor`) VALUES (237926, 2010, '23', '', '', '', '', '', '', '', '', 'التربية الفنية ', '', '');
INSERT INTO `lk9v6_users` (`name`, `email`, `usertype`) VALUES ('اميره عادل محمد ابراهيم قاسم ', '', 'الخريجين');
INSERT INTO `lk9v6_alumni_main` (`id`, `user_id`, `approved`) VALUES (237927, 237927, 1);
INSERT INTO `lk9v6_alumni_data` (`alumni_id`, `graduation_year`, `fid`, `job`, `address`, `city`, `country`, `phone`, `gid`, `mobile`, `nationalnumber`, `department`, `division`, `with_honor`) VALUES (237927, 2010, '23', '', '', '', '', '', '', '', '', 'التربية الفنية ', '', '');
INSERT INTO `lk9v6_users` (`name`, `email`, `usertype`) VALUES ('ايمان حسن البنا محمد حسن جعدار', '', 'الخريجين');
INSERT INTO `lk9v6_alumni_main` (`id`, `user_id`, `approved`) VALUES (237928, 237928, 1);
INSERT INTO `lk9v6_alumni_data` (`alumni_id`, `graduation_year`, `fid`, `job`, `address`, `city`, `country`, `phone`, `gid`, `mobile`, `nationalnumber`, `department`, `division`, `with_honor`) VALUES (237928, 2010, '23', '', '', '', '', '', '', '', '', 'التربية الفنية ', '', '');
INSERT INTO `lk9v6_users` (`name`, `email`, `usertype`) VALUES ('ايمان حسن على صالح خليفه ', '', 'الخريجين');
INSERT INTO `lk9v6_alumni_main` (`id`, `user_id`, `approved`) VALUES (237929, 237929, 1);
INSERT INTO `lk9v6_alumni_data` (`alumni_id`, `graduation_year`, `fid`, `job`, `address`, `city`, `country`, `phone`, `gid`, `mobile`, `nationalnumber`, `department`, `division`, `with_honor`) VALUES (237929, 2010, '23', '', '', '', '', '', '', '', '', 'التربية الفنية ', '', '');
INSERT INTO `lk9v6_users` (`name`, `email`, `usertype`) VALUES ('ايمان عبدالمنعم محمد البهلول ', '', 'الخريجين');
INSERT INTO `lk9v6_alumni_main` (`id`, `user_id`, `approved`) VALUES (237930, 237930, 1);
INSERT INTO `lk9v6_alumni_data` (`alumni_id`, `graduation_year`, `fid`, `job`, `address`, `city`, `country`, `phone`, `gid`, `mobile`, `nationalnumber`, `department`, `division`, `with_honor`) VALUES (237930, 2010, '23', '', '', '', '', '', '', '', '', 'التربية الفنية ', '', '');
INSERT INTO `lk9v6_users` (`name`, `email`, `usertype`) VALUES ('ايمان محمود محمد احمد عبدالله ', '', 'الخريجين');
INSERT INTO `lk9v6_alumni_main` (`id`, `user_id`, `approved`) VALUES (237931, 237931, 1);
INSERT INTO `lk9v6_alumni_data` (`alumni_id`, `graduation_year`, `fid`, `job`, `address`, `city`, `country`, `phone`, `gid`, `mobile`, `nationalnumber`, `department`, `division`, `with_honor`) VALUES (237931, 2010, '23', '', '', '', '', '', '', '', '', 'التربية الفنية ', '', '');
INSERT INTO `lk9v6_users` (`name`, `email`, `usertype`) VALUES ('ايه السعيد حسن مكى ', '', 'الخريجين');
INSERT INTO `lk9v6_alumni_main` (`id`, `user_id`, `approved`) VALUES (237932, 237932, 1);
INSERT INTO `lk9v6_alumni_data` (`alumni_id`, `graduation_year`, `fid`, `job`, `address`, `city`, `country`, `phone`, `gid`, `mobile`, `nationalnumber`, `department`, `division`, `with_honor`) VALUES (237932, 2010, '23', '', '', '', '', '', '', '', '', 'التربية الفنية ', '', '');
INSERT INTO `lk9v6_users` (`name`, `email`, `usertype`) VALUES ('ايه عادل رياض عبدالخالق الحفناوى', '', 'الخريجين');
INSERT INTO `lk9v6_alumni_main` (`id`, `user_id`, `approved`) VALUES (237933, 237933, 1);
INSERT INTO `lk9v6_alumni_data` (`alumni_id`, `graduation_year`, `fid`, `job`, `address`, `city`, `country`, `phone`, `gid`, `mobile`, `nationalnumber`, `department`, `division`, `with_honor`) VALUES (237933, 2010, '23', '', '', '', '', '', '', '', '', 'التربية الفنية ', '', '');
INSERT INTO `lk9v6_users` (`name`, `email`, `usertype`) VALUES ('بسمة مأمون محمد بليح ', '', 'الخريجين');
INSERT INTO `lk9v6_alumni_main` (`id`, `user_id`, `approved`) VALUES (237934, 237934, 1);
INSERT INTO `lk9v6_alumni_data` (`alumni_id`, `graduation_year`, `fid`, `job`, `address`, `city`, `country`, `phone`, `gid`, `mobile`, `nationalnumber`, `department`, `division`, `with_honor`) VALUES (237934, 2010, '23', '', '', '', '', '', '', '', '', 'التربية الفنية ', '', '');
INSERT INTO `lk9v6_users` (`name`, `email`, `usertype`) VALUES ('خلود محمد اسماعيل عبدالله ', '', 'الخريجين');
INSERT INTO `lk9v6_alumni_main` (`id`, `user_id`, `approved`) VALUES (237935, 237935, 1);
INSERT INTO `lk9v6_alumni_data` (`alumni_id`, `graduation_year`, `fid`, `job`, `address`, `city`, `country`, `phone`, `gid`, `mobile`, `nationalnumber`, `department`, `division`, `with_honor`) VALUES (237935, 2010, '23', '', '', '', '', '', '', '', '', 'التربية الفنية ', '', '');
INSERT INTO `lk9v6_users` (`name`, `email`, `usertype`) VALUES ('رضوى حسام دسوقى طه ', '', 'الخريجين');
INSERT INTO `lk9v6_alumni_main` (`id`, `user_id`, `approved`) VALUES (237936, 237936, 1);
INSERT INTO `lk9v6_alumni_data` (`alumni_id`, `graduation_year`, `fid`, `job`, `address`, `city`, `country`, `phone`, `gid`, `mobile`, `nationalnumber`, `department`, `division`, `with_honor`) VALUES (237936, 2010, '23', '', '', '', '', '', '', '', '', 'التربية الفنية ', '', '');
INSERT INTO `lk9v6_users` (`name`, `email`, `usertype`) VALUES ('رضوى عبدالله محمود عبدالله ', '', 'الخريجين');
INSERT INTO `lk9v6_alumni_main` (`id`, `user_id`, `approved`) VALUES (237937, 237937, 1);
INSERT INTO `lk9v6_alumni_data` (`alumni_id`, `graduation_year`, `fid`, `job`, `address`, `city`, `country`, `phone`, `gid`, `mobile`, `nationalnumber`, `department`, `division`, `with_honor`) VALUES (237937, 2010, '23', '', '', '', '', '', '', '', '', 'التربية الفنية ', '', '');
INSERT INTO `lk9v6_users` (`name`, `email`, `usertype`) VALUES ('رضوى عصام على عباس', '', 'الخريجين');
INSERT INTO `lk9v6_alumni_main` (`id`, `user_id`, `approved`) VALUES (237938, 237938, 1);
INSERT INTO `lk9v6_alumni_data` (`alumni_id`, `graduation_year`, `fid`, `job`, `address`, `city`, `country`, `phone`, `gid`, `mobile`, `nationalnumber`, `department`, `division`, `with_honor`) VALUES (237938, 2010, '23', '', '', '', '', '', '', '', '', 'التربية الفنية ', '', '');
INSERT INTO `lk9v6_users` (`name`, `email`, `usertype`) VALUES ('رغده علاء الدين محمد ابوطالب حموده ', '', 'الخريجين');
INSERT INTO `lk9v6_alumni_main` (`id`, `user_id`, `approved`) VALUES (237939, 237939, 1);
INSERT INTO `lk9v6_alumni_data` (`alumni_id`, `graduation_year`, `fid`, `job`, `address`, `city`, `country`, `phone`, `gid`, `mobile`, `nationalnumber`, `department`, `division`, `with_honor`) VALUES (237939, 2010, '23', '', '', '', '', '', '', '', '', 'التربية الفنية ', '', '');
INSERT INTO `lk9v6_users` (`name`, `email`, `usertype`) VALUES ('زينب خميس خنيزى نصار', '', 'الخريجين');
INSERT INTO `lk9v6_alumni_main` (`id`, `user_id`, `approved`) VALUES (237940, 237940, 1);
INSERT INTO `lk9v6_alumni_data` (`alumni_id`, `graduation_year`, `fid`, `job`, `address`, `city`, `country`, `phone`, `gid`, `mobile`, `nationalnumber`, `department`, `division`, `with_honor`) VALUES (237940, 2010, '23', '', '', '', '', '', '', '', '', 'التربية الفنية ', '', '');
INSERT INTO `lk9v6_users` (`name`, `email`, `usertype`) VALUES ('سارة احمد عبدالحليم عمارة النجار', '', 'الخريجين');
INSERT INTO `lk9v6_alumni_main` (`id`, `user_id`, `approved`) VALUES (237941, 237941, 1);
INSERT INTO `lk9v6_alumni_data` (`alumni_id`, `graduation_year`, `fid`, `job`, `address`, `city`, `country`, `phone`, `gid`, `mobile`, `nationalnumber`, `department`, `division`, `with_honor`) VALUES (237941, 2010, '23', '', '', '', '', '', '', '', '', 'التربية الفنية ', '', '');
INSERT INTO `lk9v6_users` (`name`, `email`, `usertype`) VALUES ('سارة جمال طلب على شحاتة ', '', 'الخريجين');
INSERT INTO `lk9v6_alumni_main` (`id`, `user_id`, `approved`) VALUES (237942, 237942, 1);
INSERT INTO `lk9v6_alumni_data` (`alumni_id`, `graduation_year`, `fid`, `job`, `address`, `city`, `country`, `phone`, `gid`, `mobile`, `nationalnumber`, `department`, `division`, `with_honor`) VALUES (237942, 2010, '23', '', '', '', '', '', '', '', '', 'التربية الفنية ', '', '');
INSERT INTO `lk9v6_users` (`name`, `email`, `usertype`) VALUES ('سارة صلاح الدين ورده على محمد ', '', 'الخريجين');
INSERT INTO `lk9v6_alumni_main` (`id`, `user_id`, `approved`) VALUES (237943, 237943, 1);
INSERT INTO `lk9v6_alumni_data` (`alumni_id`, `graduation_year`, `fid`, `job`, `address`, `city`, `country`, `phone`, `gid`, `mobile`, `nationalnumber`, `department`, `division`, `with_honor`) VALUES (237943, 2010, '23', '', '', '', '', '', '', '', '', 'التربية الفنية ', '', '');
INSERT INTO `lk9v6_users` (`name`, `email`, `usertype`) VALUES ('سارة عبدالفتاح محمد محمد الشريف ', '', 'الخريجين');
INSERT INTO `lk9v6_alumni_main` (`id`, `user_id`, `approved`) VALUES (237944, 237944, 1);
INSERT INTO `lk9v6_alumni_data` (`alumni_id`, `graduation_year`, `fid`, `job`, `address`, `city`, `country`, `phone`, `gid`, `mobile`, `nationalnumber`, `department`, `division`, `with_honor`) VALUES (237944, 2010, '23', '', '', '', '', '', '', '', '', 'التربية الفنية ', '', '');
INSERT INTO `lk9v6_users` (`name`, `email`, `usertype`) VALUES ('سارة مصطفى عبدالهادى ياسين ', '', 'الخريجين');
INSERT INTO `lk9v6_alumni_main` (`id`, `user_id`, `approved`) VALUES (237945, 237945, 1);
INSERT INTO `lk9v6_alumni_data` (`alumni_id`, `graduation_year`, `fid`, `job`, `address`, `city`, `country`, `phone`, `gid`, `mobile`, `nationalnumber`, `department`, `division`, `with_honor`) VALUES (237945, 2010, '23', '', '', '', '', '', '', '', '', 'التربية الفنية ', '', '');
INSERT INTO `lk9v6_users` (`name`, `email`, `usertype`) VALUES ('سحر مجدى محمد فريد اللقائى', '', 'الخريجين');
INSERT INTO `lk9v6_alumni_main` (`id`, `user_id`, `approved`) VALUES (237946, 237946, 1);
INSERT INTO `lk9v6_alumni_data` (`alumni_id`, `graduation_year`, `fid`, `job`, `address`, `city`, `country`, `phone`, `gid`, `mobile`, `nationalnumber`, `department`, `division`, `with_honor`) VALUES (237946, 2010, '23', '', '', '', '', '', '', '', '', 'التربية الفنية ', '', '');
INSERT INTO `lk9v6_users` (`name`, `email`, `usertype`) VALUES ('سحر محمد السيد احمد الشرقاوى', '', 'الخريجين');
INSERT INTO `lk9v6_alumni_main` (`id`, `user_id`, `approved`) VALUES (237947, 237947, 1);
INSERT INTO `lk9v6_alumni_data` (`alumni_id`, `graduation_year`, `fid`, `job`, `address`, `city`, `country`, `phone`, `gid`, `mobile`, `nationalnumber`, `department`, `division`, `with_honor`) VALUES (237947, 2010, '23', '', '', '', '', '', '', '', '', 'التربية الفنية ', '', '');
INSERT INTO `lk9v6_users` (`name`, `email`, `usertype`) VALUES ('سلمى ماجد نورالدين محمد عبده', '', 'الخريجين');
INSERT INTO `lk9v6_alumni_main` (`id`, `user_id`, `approved`) VALUES (237948, 237948, 1);
INSERT INTO `lk9v6_alumni_data` (`alumni_id`, `graduation_year`, `fid`, `job`, `address`, `city`, `country`, `phone`, `gid`, `mobile`, `nationalnumber`, `department`, `division`, `with_honor`) VALUES (237948, 2010, '23', '', '', '', '', '', '', '', '', 'التربية الفنية ', '', '');
INSERT INTO `lk9v6_users` (`name`, `email`, `usertype`) VALUES ('سماح محمد على عبدالنبي الحليسى', '', 'الخريجين');
INSERT INTO `lk9v6_alumni_main` (`id`, `user_id`, `approved`) VALUES (237949, 237949, 1);
INSERT INTO `lk9v6_alumni_data` (`alumni_id`, `graduation_year`, `fid`, `job`, `address`, `city`, `country`, `phone`, `gid`, `mobile`, `nationalnumber`, `department`, `division`, `with_honor`) VALUES (237949, 2010, '23', '', '', '', '', '', '', '', '', 'التربية الفنية ', '', '');
INSERT INTO `lk9v6_users` (`name`, `email`, `usertype`) VALUES ('سمر فوزى محمد سليم عاشور', '', 'الخريجين');
INSERT INTO `lk9v6_alumni_main` (`id`, `user_id`, `approved`) VALUES (237950, 237950, 1);
INSERT INTO `lk9v6_alumni_data` (`alumni_id`, `graduation_year`, `fid`, `job`, `address`, `city`, `country`, `phone`, `gid`, `mobile`, `nationalnumber`, `department`, `division`, `with_honor`) VALUES (237950, 2010, '23', '', '', '', '', '', '', '', '', 'التربية الفنية ', '', '');
INSERT INTO `lk9v6_users` (`name`, `email`, `usertype`) VALUES ('سهى ايمن عبدالعزيز عبدالوهاب الميدانى ', '', 'الخريجين');
INSERT INTO `lk9v6_alumni_main` (`id`, `user_id`, `approved`) VALUES (237951, 237951, 1);
INSERT INTO `lk9v6_alumni_data` (`alumni_id`, `graduation_year`, `fid`, `job`, `address`, `city`, `country`, `phone`, `gid`, `mobile`, `nationalnumber`, `department`, `division`, `with_honor`) VALUES (237951, 2010, '23', '', '', '', '', '', '', '', '', 'التربية الفنية ', '', '');
INSERT INTO `lk9v6_users` (`name`, `email`, `usertype`) VALUES ('شيماء محمد امين محمد حرب ', '', 'الخريجين');
INSERT INTO `lk9v6_alumni_main` (`id`, `user_id`, `approved`) VALUES (237952, 237952, 1);
INSERT INTO `lk9v6_alumni_data` (`alumni_id`, `graduation_year`, `fid`, `job`, `address`, `city`, `country`, `phone`, `gid`, `mobile`, `nationalnumber`, `department`, `division`, `with_honor`) VALUES (237952, 2010, '23', '', '', '', '', '', '', '', '', 'التربية الفنية ', '', '');
INSERT INTO `lk9v6_users` (`name`, `email`, `usertype`) VALUES ('عزه سعد احمد عباس ', '', 'الخريجين');
INSERT INTO `lk9v6_alumni_main` (`id`, `user_id`, `approved`) VALUES (237953, 237953, 1);
INSERT INTO `lk9v6_alumni_data` (`alumni_id`, `graduation_year`, `fid`, `job`, `address`, `city`, `country`, `phone`, `gid`, `mobile`, `nationalnumber`, `department`, `division`, `with_honor`) VALUES (237953, 2010, '23', '', '', '', '', '', '', '', '', 'التربية الفنية ', '', '');
INSERT INTO `lk9v6_users` (`name`, `email`, `usertype`) VALUES ('فاتن عبدالله عبدالعظيم جاد', '', 'الخريجين');
INSERT INTO `lk9v6_alumni_main` (`id`, `user_id`, `approved`) VALUES (237954, 237954, 1);
INSERT INTO `lk9v6_alumni_data` (`alumni_id`, `graduation_year`, `fid`, `job`, `address`, `city`, `country`, `phone`, `gid`, `mobile`, `nationalnumber`, `department`, `division`, `with_honor`) VALUES (237954, 2010, '23', '', '', '', '', '', '', '', '', 'التربية الفنية ', '', '');
INSERT INTO `lk9v6_users` (`name`, `email`, `usertype`) VALUES ('مارى مجدى لوقا بسطا', '', 'الخريجين');
INSERT INTO `lk9v6_alumni_main` (`id`, `user_id`, `approved`) VALUES (237955, 237955, 1);
INSERT INTO `lk9v6_alumni_data` (`alumni_id`, `graduation_year`, `fid`, `job`, `address`, `city`, `country`, `phone`, `gid`, `mobile`, `nationalnumber`, `department`, `division`, `with_honor`) VALUES (237955, 2010, '23', '', '', '', '', '', '', '', '', 'التربية الفنية ', '', '');
INSERT INTO `lk9v6_users` (`name`, `email`, `usertype`) VALUES ('ماريان فارس فايق فيكوس', '', 'الخريجين');
INSERT INTO `lk9v6_alumni_main` (`id`, `user_id`, `approved`) VALUES (237956, 237956, 1);
INSERT INTO `lk9v6_alumni_data` (`alumni_id`, `graduation_year`, `fid`, `job`, `address`, `city`, `country`, `phone`, `gid`, `mobile`, `nationalnumber`, `department`, `division`, `with_honor`) VALUES (237956, 2010, '23', '', '', '', '', '', '', '', '', 'التربية الفنية ', '', '');
INSERT INTO `lk9v6_users` (`name`, `email`, `usertype`) VALUES ('مريم منصور اسماعيل محمد ', '', 'الخريجين');
INSERT INTO `lk9v6_alumni_main` (`id`, `user_id`, `approved`) VALUES (237957, 237957, 1);
INSERT INTO `lk9v6_alumni_data` (`alumni_id`, `graduation_year`, `fid`, `job`, `address`, `city`, `country`, `phone`, `gid`, `mobile`, `nationalnumber`, `department`, `division`, `with_honor`) VALUES (237957, 2010, '23', '', '', '', '', '', '', '', '', 'التربية الفنية ', '', '');
INSERT INTO `lk9v6_users` (`name`, `email`, `usertype`) VALUES ('معالى عباس حسين رمضان عباس', '', 'الخريجين');
INSERT INTO `lk9v6_alumni_main` (`id`, `user_id`, `approved`) VALUES (237958, 237958, 1);
INSERT INTO `lk9v6_alumni_data` (`alumni_id`, `graduation_year`, `fid`, `job`, `address`, `city`, `country`, `phone`, `gid`, `mobile`, `nationalnumber`, `department`, `division`, `with_honor`) VALUES (237958, 2010, '23', '', '', '', '', '', '', '', '', 'التربية الفنية ', '', '');
INSERT INTO `lk9v6_users` (`name`, `email`, `usertype`) VALUES ('منى نعيم عوض نعيم احمد ', '', 'الخريجين');
INSERT INTO `lk9v6_alumni_main` (`id`, `user_id`, `approved`) VALUES (237959, 237959, 1);
INSERT INTO `lk9v6_alumni_data` (`alumni_id`, `graduation_year`, `fid`, `job`, `address`, `city`, `country`, `phone`, `gid`, `mobile`, `nationalnumber`, `department`, `division`, `with_honor`) VALUES (237959, 2010, '23', '', '', '', '', '', '', '', '', 'التربية الفنية ', '', '');
INSERT INTO `lk9v6_users` (`name`, `email`, `usertype`) VALUES ('مها سعيد ابراهيم رمضان جمعة ', '', 'الخريجين');
INSERT INTO `lk9v6_alumni_main` (`id`, `user_id`, `approved`) VALUES (237960, 237960, 1);
INSERT INTO `lk9v6_alumni_data` (`alumni_id`, `graduation_year`, `fid`, `job`, `address`, `city`, `country`, `phone`, `gid`, `mobile`, `nationalnumber`, `department`, `division`, `with_honor`) VALUES (237960, 2010, '23', '', '', '', '', '', '', '', '', 'التربية الفنية ', '', '');
INSERT INTO `lk9v6_users` (`name`, `email`, `usertype`) VALUES ('مى عزيز صبحى شحاتة حنا ', '', 'الخريجين');
INSERT INTO `lk9v6_alumni_main` (`id`, `user_id`, `approved`) VALUES (237961, 237961, 1);
INSERT INTO `lk9v6_alumni_data` (`alumni_id`, `graduation_year`, `fid`, `job`, `address`, `city`, `country`, `phone`, `gid`, `mobile`, `nationalnumber`, `department`, `division`, `with_honor`) VALUES (237961, 2010, '23', '', '', '', '', '', '', '', '', 'التربية الفنية ', '', '');
INSERT INTO `lk9v6_users` (`name`, `email`, `usertype`) VALUES ('مى محمد على محمود ', '', 'الخريجين');
INSERT INTO `lk9v6_alumni_main` (`id`, `user_id`, `approved`) VALUES (237962, 237962, 1);
INSERT INTO `lk9v6_alumni_data` (`alumni_id`, `graduation_year`, `fid`, `job`, `address`, `city`, `country`, `phone`, `gid`, `mobile`, `nationalnumber`, `department`, `division`, `with_honor`) VALUES (237962, 2010, '23', '', '', '', '', '', '', '', '', 'التربية الفنية ', '', '');
INSERT INTO `lk9v6_users` (`name`, `email`, `usertype`) VALUES ('نسمة احمد محمد محمد ابوصبيحة ', '', 'الخريجين');
INSERT INTO `lk9v6_alumni_main` (`id`, `user_id`, `approved`) VALUES (237963, 237963, 1);
INSERT INTO `lk9v6_alumni_data` (`alumni_id`, `graduation_year`, `fid`, `job`, `address`, `city`, `country`, `phone`, `gid`, `mobile`, `nationalnumber`, `department`, `division`, `with_honor`) VALUES (237963, 2010, '23', '', '', '', '', '', '', '', '', 'التربية الفنية ', '', '');
INSERT INTO `lk9v6_users` (`name`, `email`, `usertype`) VALUES ('نسمة بشر توفيق رمضان موسي', '', 'الخريجين');
INSERT INTO `lk9v6_alumni_main` (`id`, `user_id`, `approved`) VALUES (237964, 237964, 1);
INSERT INTO `lk9v6_alumni_data` (`alumni_id`, `graduation_year`, `fid`, `job`, `address`, `city`, `country`, `phone`, `gid`, `mobile`, `nationalnumber`, `department`, `division`, `with_honor`) VALUES (237964, 2010, '23', '', '', '', '', '', '', '', '', 'التربية الفنية ', '', '');
INSERT INTO `lk9v6_users` (`name`, `email`, `usertype`) VALUES ('هاجر عيد عبدالحميد تاج الدين', '', 'الخريجين');
INSERT INTO `lk9v6_alumni_main` (`id`, `user_id`, `approved`) VALUES (237965, 237965, 1);
INSERT INTO `lk9v6_alumni_data` (`alumni_id`, `graduation_year`, `fid`, `job`, `address`, `city`, `country`, `phone`, `gid`, `mobile`, `nationalnumber`, `department`, `division`, `with_honor`) VALUES (237965, 2010, '23', '', '', '', '', '', '', '', '', 'التربية الفنية ', '', '');
INSERT INTO `lk9v6_users` (`name`, `email`, `usertype`) VALUES ('هبه حمدين ابراهيم ابراهيم القطرى', '', 'الخريجين');
INSERT INTO `lk9v6_alumni_main` (`id`, `user_id`, `approved`) VALUES (237966, 237966, 1);
INSERT INTO `lk9v6_alumni_data` (`alumni_id`, `graduation_year`, `fid`, `job`, `address`, `city`, `country`, `phone`, `gid`, `mobile`, `nationalnumber`, `department`, `division`, `with_honor`) VALUES (237966, 2010, '23', '', '', '', '', '', '', '', '', 'التربية الفنية ', '', '');
INSERT INTO `lk9v6_users` (`name`, `email`, `usertype`) VALUES ('هبه سعيد صالح محمد صالح ', '', 'الخريجين');
INSERT INTO `lk9v6_alumni_main` (`id`, `user_id`, `approved`) VALUES (237967, 237967, 1);
INSERT INTO `lk9v6_alumni_data` (`alumni_id`, `graduation_year`, `fid`, `job`, `address`, `city`, `country`, `phone`, `gid`, `mobile`, `nationalnumber`, `department`, `division`, `with_honor`) VALUES (237967, 2010, '23', '', '', '', '', '', '', '', '', 'التربية الفنية ', '', '');
INSERT INTO `lk9v6_users` (`name`, `email`, `usertype`) VALUES ('هدى عبدالحميد ابراهيم الجمسي', '', 'الخريجين');
INSERT INTO `lk9v6_alumni_main` (`id`, `user_id`, `approved`) VALUES (237968, 237968, 1);
INSERT INTO `lk9v6_alumni_data` (`alumni_id`, `graduation_year`, `fid`, `job`, `address`, `city`, `country`, `phone`, `gid`, `mobile`, `nationalnumber`, `department`, `division`, `with_honor`) VALUES (237968, 2010, '23', '', '', '', '', '', '', '', '', 'التربية الفنية ', '', '');
INSERT INTO `lk9v6_users` (`name`, `email`, `usertype`) VALUES ('هديل ماهر احمد عبدالحميد', '', 'الخريجين');
INSERT INTO `lk9v6_alumni_main` (`id`, `user_id`, `approved`) VALUES (237969, 237969, 1);
INSERT INTO `lk9v6_alumni_data` (`alumni_id`, `graduation_year`, `fid`, `job`, `address`, `city`, `country`, `phone`, `gid`, `mobile`, `nationalnumber`, `department`, `division`, `with_honor`) VALUES (237969, 2010, '23', '', '', '', '', '', '', '', '', 'التربية الفنية ', '', '');
INSERT INTO `lk9v6_users` (`name`, `email`, `usertype`) VALUES ('هناء احمد السيد عتعوت', '', 'الخريجين');
INSERT INTO `lk9v6_alumni_main` (`id`, `user_id`, `approved`) VALUES (237970, 237970, 1);
INSERT INTO `lk9v6_alumni_data` (`alumni_id`, `graduation_year`, `fid`, `job`, `address`, `city`, `country`, `phone`, `gid`, `mobile`, `nationalnumber`, `department`, `division`, `with_honor`) VALUES (237970, 2010, '23', '', '', '', '', '', '', '', '', 'التربية الفنية ', '', '');
INSERT INTO `lk9v6_users` (`name`, `email`, `usertype`) VALUES ('هند مجدى السعيد مرعى', '', 'الخريجين');
INSERT INTO `lk9v6_alumni_main` (`id`, `user_id`, `approved`) VALUES (237971, 237971, 1);
INSERT INTO `lk9v6_alumni_data` (`alumni_id`, `graduation_year`, `fid`, `job`, `address`, `city`, `country`, `phone`, `gid`, `mobile`, `nationalnumber`, `department`, `division`, `with_honor`) VALUES (237971, 2010, '23', '', '', '', '', '', '', '', '', 'التربية الفنية ', '', '');
INSERT INTO `lk9v6_users` (`name`, `email`, `usertype`) VALUES ('ولاء محمد الشناوى الجمسي', '', 'الخريجين');
INSERT INTO `lk9v6_alumni_main` (`id`, `user_id`, `approved`) VALUES (237972, 237972, 1);
INSERT INTO `lk9v6_alumni_data` (`alumni_id`, `graduation_year`, `fid`, `job`, `address`, `city`, `country`, `phone`, `gid`, `mobile`, `nationalnumber`, `department`, `division`, `with_honor`) VALUES (237972, 2010, '23', '', '', '', '', '', '', '', '', 'التربية الفنية ', '', '');
INSERT INTO `lk9v6_users` (`name`, `email`, `usertype`) VALUES ('ياسمين مجدى احمد احمد عيسوى ', '', 'الخريجين');
INSERT INTO `lk9v6_alumni_main` (`id`, `user_id`, `approved`) VALUES (237973, 237973, 1);
INSERT INTO `lk9v6_alumni_data` (`alumni_id`, `graduation_year`, `fid`, `job`, `address`, `city`, `country`, `phone`, `gid`, `mobile`, `nationalnumber`, `department`, `division`, `with_honor`) VALUES (237973, 2010, '23', '', '', '', '', '', '', '', '', 'التربية الفنية ', '', '');
INSERT INTO `lk9v6_users` (`name`, `email`, `usertype`) VALUES ('احلام احمد فهمى ابو الحسن امبابى', '', 'الخريجين');
INSERT INTO `lk9v6_alumni_main` (`id`, `user_id`, `approved`) VALUES (237974, 237974, 1);
INSERT INTO `lk9v6_alumni_data` (`alumni_id`, `graduation_year`, `fid`, `job`, `address`, `city`, `country`, `phone`, `gid`, `mobile`, `nationalnumber`, `department`, `division`, `with_honor`) VALUES (237974, 2010, '23', '', '', '', '', '', '', '', '', 'التربية الفنية ', '', '');
INSERT INTO `lk9v6_users` (`name`, `email`, `usertype`) VALUES ('اسماء احمد محمد عبدالنبي', '', 'الخريجين');
INSERT INTO `lk9v6_alumni_main` (`id`, `user_id`, `approved`) VALUES (237975, 237975, 1);
INSERT INTO `lk9v6_alumni_data` (`alumni_id`, `graduation_year`, `fid`, `job`, `address`, `city`, `country`, `phone`, `gid`, `mobile`, `nationalnumber`, `department`, `division`, `with_honor`) VALUES (237975, 2010, '23', '', '', '', '', '', '', '', '', 'التربية الفنية ', '', '');
INSERT INTO `lk9v6_users` (`name`, `email`, `usertype`) VALUES ('اسماء جمال الدين بيومى عطية', '', 'الخريجين');
INSERT INTO `lk9v6_alumni_main` (`id`, `user_id`, `approved`) VALUES (237976, 237976, 1);
INSERT INTO `lk9v6_alumni_data` (`alumni_id`, `graduation_year`, `fid`, `job`, `address`, `city`, `country`, `phone`, `gid`, `mobile`, `nationalnumber`, `department`, `division`, `with_honor`) VALUES (237976, 2010, '23', '', '', '', '', '', '', '', '', 'التربية الفنية ', '', '');
INSERT INTO `lk9v6_users` (`name`, `email`, `usertype`) VALUES ('اسماء عبدالله محمد قاسم ', '', 'الخريجين');
INSERT INTO `lk9v6_alumni_main` (`id`, `user_id`, `approved`) VALUES (237977, 237977, 1);
INSERT INTO `lk9v6_alumni_data` (`alumni_id`, `graduation_year`, `fid`, `job`, `address`, `city`, `country`, `phone`, `gid`, `mobile`, `nationalnumber`, `department`, `division`, `with_honor`) VALUES (237977, 2010, '23', '', '', '', '', '', '', '', '', 'التربية الفنية ', '', '');
INSERT INTO `lk9v6_users` (`name`, `email`, `usertype`) VALUES ('اسماء محمد عبدالعزيز محمد بدوى ', '', 'الخريجين');
INSERT INTO `lk9v6_alumni_main` (`id`, `user_id`, `approved`) VALUES (237978, 237978, 1);
INSERT INTO `lk9v6_alumni_data` (`alumni_id`, `graduation_year`, `fid`, `job`, `address`, `city`, `country`, `phone`, `gid`, `mobile`, `nationalnumber`, `department`, `division`, `with_honor`) VALUES (237978, 2010, '23', '', '', '', '', '', '', '', '', 'التربية الفنية ', '', '');
INSERT INTO `lk9v6_users` (`name`, `email`, `usertype`) VALUES ('اسماء مصطفى محمد احمد الخضرى ', '', 'الخريجين');
INSERT INTO `lk9v6_alumni_main` (`id`, `user_id`, `approved`) VALUES (237979, 237979, 1);
INSERT INTO `lk9v6_alumni_data` (`alumni_id`, `graduation_year`, `fid`, `job`, `address`, `city`, `country`, `phone`, `gid`, `mobile`, `nationalnumber`, `department`, `division`, `with_honor`) VALUES (237979, 2010, '23', '', '', '', '', '', '', '', '', 'التربية الفنية ', '', '');
INSERT INTO `lk9v6_users` (`name`, `email`, `usertype`) VALUES ('امل ابراهيم عبدالغنى محمد السعدى ', '', 'الخريجين');
INSERT INTO `lk9v6_alumni_main` (`id`, `user_id`, `approved`) VALUES (237980, 237980, 1);
INSERT INTO `lk9v6_alumni_data` (`alumni_id`, `graduation_year`, `fid`, `job`, `address`, `city`, `country`, `phone`, `gid`, `mobile`, `nationalnumber`, `department`, `division`, `with_honor`) VALUES (237980, 2010, '23', '', '', '', '', '', '', '', '', 'التربية الفنية ', '', '');
INSERT INTO `lk9v6_users` (`name`, `email`, `usertype`) VALUES ('اميره محمود عبدالعزيز محمد ', '', 'الخريجين');
INSERT INTO `lk9v6_alumni_main` (`id`, `user_id`, `approved`) VALUES (237981, 237981, 1);
INSERT INTO `lk9v6_alumni_data` (`alumni_id`, `graduation_year`, `fid`, `job`, `address`, `city`, `country`, `phone`, `gid`, `mobile`, `nationalnumber`, `department`, `division`, `with_honor`) VALUES (237981, 2010, '23', '', '', '', '', '', '', '', '', 'التربية الفنية ', '', '');
INSERT INTO `lk9v6_users` (`name`, `email`, `usertype`) VALUES ('اوليفيا اسحق ميلاد قسطندى ', '', 'الخريجين');
INSERT INTO `lk9v6_alumni_main` (`id`, `user_id`, `approved`) VALUES (237982, 237982, 1);
INSERT INTO `lk9v6_alumni_data` (`alumni_id`, `graduation_year`, `fid`, `job`, `address`, `city`, `country`, `phone`, `gid`, `mobile`, `nationalnumber`, `department`, `division`, `with_honor`) VALUES (237982, 2010, '23', '', '', '', '', '', '', '', '', 'التربية الفنية ', '', '');
INSERT INTO `lk9v6_users` (`name`, `email`, `usertype`) VALUES ('ايات ابراهيم سعد امين سليم ', '', 'الخريجين');
INSERT INTO `lk9v6_alumni_main` (`id`, `user_id`, `approved`) VALUES (237983, 237983, 1);
INSERT INTO `lk9v6_alumni_data` (`alumni_id`, `graduation_year`, `fid`, `job`, `address`, `city`, `country`, `phone`, `gid`, `mobile`, `nationalnumber`, `department`, `division`, `with_honor`) VALUES (237983, 2010, '23', '', '', '', '', '', '', '', '', 'التربية الفنية ', '', '');
INSERT INTO `lk9v6_users` (`name`, `email`, `usertype`) VALUES ('ايرينى اميل عبدالملك بدوى ', '', 'الخريجين');
INSERT INTO `lk9v6_alumni_main` (`id`, `user_id`, `approved`) VALUES (237984, 237984, 1);
INSERT INTO `lk9v6_alumni_data` (`alumni_id`, `graduation_year`, `fid`, `job`, `address`, `city`, `country`, `phone`, `gid`, `mobile`, `nationalnumber`, `department`, `division`, `with_honor`) VALUES (237984, 2010, '23', '', '', '', '', '', '', '', '', 'التربية الفنية ', '', '');
INSERT INTO `lk9v6_users` (`name`, `email`, `usertype`) VALUES ('ايمن حسن عبدالسلام حسن غزال', '', 'الخريجين');
INSERT INTO `lk9v6_alumni_main` (`id`, `user_id`, `approved`) VALUES (237985, 237985, 1);
INSERT INTO `lk9v6_alumni_data` (`alumni_id`, `graduation_year`, `fid`, `job`, `address`, `city`, `country`, `phone`, `gid`, `mobile`, `nationalnumber`, `department`, `division`, `with_honor`) VALUES (237985, 2010, '23', '', '', '', '', '', '', '', '', 'التربية الفنية ', '', '');
INSERT INTO `lk9v6_users` (`name`, `email`, `usertype`) VALUES ('ايه حسنى محمود رمضان ', '', 'الخريجين');
INSERT INTO `lk9v6_alumni_main` (`id`, `user_id`, `approved`) VALUES (237986, 237986, 1);
INSERT INTO `lk9v6_alumni_data` (`alumni_id`, `graduation_year`, `fid`, `job`, `address`, `city`, `country`, `phone`, `gid`, `mobile`, `nationalnumber`, `department`, `division`, `with_honor`) VALUES (237986, 2010, '23', '', '', '', '', '', '', '', '', 'التربية الفنية ', '', '');
INSERT INTO `lk9v6_users` (`name`, `email`, `usertype`) VALUES ('ثناء عادل عبدالله محمد عبدالله', '', 'الخريجين');
INSERT INTO `lk9v6_alumni_main` (`id`, `user_id`, `approved`) VALUES (237987, 237987, 1);
INSERT INTO `lk9v6_alumni_data` (`alumni_id`, `graduation_year`, `fid`, `job`, `address`, `city`, `country`, `phone`, `gid`, `mobile`, `nationalnumber`, `department`, `division`, `with_honor`) VALUES (237987, 2010, '23', '', '', '', '', '', '', '', '', 'التربية الفنية ', '', '');
INSERT INTO `lk9v6_users` (`name`, `email`, `usertype`) VALUES ('داليا محمد موسي نصار', '', 'الخريجين');
INSERT INTO `lk9v6_alumni_main` (`id`, `user_id`, `approved`) VALUES (237988, 237988, 1);
INSERT INTO `lk9v6_alumni_data` (`alumni_id`, `graduation_year`, `fid`, `job`, `address`, `city`, `country`, `phone`, `gid`, `mobile`, `nationalnumber`, `department`, `division`, `with_honor`) VALUES (237988, 2010, '23', '', '', '', '', '', '', '', '', 'التربية الفنية ', '', '');
INSERT INTO `lk9v6_users` (`name`, `email`, `usertype`) VALUES ('راندا يحيي محمد محمود ', '', 'الخريجين');
INSERT INTO `lk9v6_alumni_main` (`id`, `user_id`, `approved`) VALUES (237989, 237989, 1);
INSERT INTO `lk9v6_alumni_data` (`alumni_id`, `graduation_year`, `fid`, `job`, `address`, `city`, `country`, `phone`, `gid`, `mobile`, `nationalnumber`, `department`, `division`, `with_honor`) VALUES (237989, 2010, '23', '', '', '', '', '', '', '', '', 'التربية الفنية ', '', '');
INSERT INTO `lk9v6_users` (`name`, `email`, `usertype`) VALUES ('رانيا عبداللطيف محمود تمام احمد ', '', 'الخريجين');
INSERT INTO `lk9v6_alumni_main` (`id`, `user_id`, `approved`) VALUES (237990, 237990, 1);
INSERT INTO `lk9v6_alumni_data` (`alumni_id`, `graduation_year`, `fid`, `job`, `address`, `city`, `country`, `phone`, `gid`, `mobile`, `nationalnumber`, `department`, `division`, `with_honor`) VALUES (237990, 2010, '23', '', '', '', '', '', '', '', '', 'التربية الفنية ', '', '');
INSERT INTO `lk9v6_users` (`name`, `email`, `usertype`) VALUES ('رضوه محمد فتحى مصطفى ', '', 'الخريجين');
INSERT INTO `lk9v6_alumni_main` (`id`, `user_id`, `approved`) VALUES (237991, 237991, 1);
INSERT INTO `lk9v6_alumni_data` (`alumni_id`, `graduation_year`, `fid`, `job`, `address`, `city`, `country`, `phone`, `gid`, `mobile`, `nationalnumber`, `department`, `division`, `with_honor`) VALUES (237991, 2010, '23', '', '', '', '', '', '', '', '', 'التربية الفنية ', '', '');
INSERT INTO `lk9v6_users` (`name`, `email`, `usertype`) VALUES ('رضوى احمد حسن خليل محمد', '', 'الخريجين');
INSERT INTO `lk9v6_alumni_main` (`id`, `user_id`, `approved`) VALUES (237992, 237992, 1);
INSERT INTO `lk9v6_alumni_data` (`alumni_id`, `graduation_year`, `fid`, `job`, `address`, `city`, `country`, `phone`, `gid`, `mobile`, `nationalnumber`, `department`, `division`, `with_honor`) VALUES (237992, 2010, '23', '', '', '', '', '', '', '', '', 'التربية الفنية ', '', '');
INSERT INTO `lk9v6_users` (`name`, `email`, `usertype`) VALUES ('ريهام احمد عبدالله حسان ', '', 'الخريجين');
INSERT INTO `lk9v6_alumni_main` (`id`, `user_id`, `approved`) VALUES (237993, 237993, 1);
INSERT INTO `lk9v6_alumni_data` (`alumni_id`, `graduation_year`, `fid`, `job`, `address`, `city`, `country`, `phone`, `gid`, `mobile`, `nationalnumber`, `department`, `division`, `with_honor`) VALUES (237993, 2010, '23', '', '', '', '', '', '', '', '', 'التربية الفنية ', '', '');
INSERT INTO `lk9v6_users` (`name`, `email`, `usertype`) VALUES ('ريهام حسين محمود احمد حسين ', '', 'الخريجين');
INSERT INTO `lk9v6_alumni_main` (`id`, `user_id`, `approved`) VALUES (237994, 237994, 1);
INSERT INTO `lk9v6_alumni_data` (`alumni_id`, `graduation_year`, `fid`, `job`, `address`, `city`, `country`, `phone`, `gid`, `mobile`, `nationalnumber`, `department`, `division`, `with_honor`) VALUES (237994, 2010, '23', '', '', '', '', '', '', '', '', 'التربية الفنية ', '', '');
INSERT INTO `lk9v6_users` (`name`, `email`, `usertype`) VALUES ('سارة عبدالمعطى محمد عبدالمعطى ', '', 'الخريجين');
INSERT INTO `lk9v6_alumni_main` (`id`, `user_id`, `approved`) VALUES (237995, 237995, 1);
INSERT INTO `lk9v6_alumni_data` (`alumni_id`, `graduation_year`, `fid`, `job`, `address`, `city`, `country`, `phone`, `gid`, `mobile`, `nationalnumber`, `department`, `division`, `with_honor`) VALUES (237995, 2010, '23', '', '', '', '', '', '', '', '', 'التربية الفنية ', '', '');
INSERT INTO `lk9v6_users` (`name`, `email`, `usertype`) VALUES ('سارة عربي احمد فرج سعودى ', '', 'الخريجين');
INSERT INTO `lk9v6_alumni_main` (`id`, `user_id`, `approved`) VALUES (237996, 237996, 1);
INSERT INTO `lk9v6_alumni_data` (`alumni_id`, `graduation_year`, `fid`, `job`, `address`, `city`, `country`, `phone`, `gid`, `mobile`, `nationalnumber`, `department`, `division`, `with_honor`) VALUES (237996, 2010, '23', '', '', '', '', '', '', '', '', 'التربية الفنية ', '', '');
INSERT INTO `lk9v6_users` (`name`, `email`, `usertype`) VALUES ('سارة مغاورى عبدالغنى نوار', '', 'الخريجين');
INSERT INTO `lk9v6_alumni_main` (`id`, `user_id`, `approved`) VALUES (237997, 237997, 1);
INSERT INTO `lk9v6_alumni_data` (`alumni_id`, `graduation_year`, `fid`, `job`, `address`, `city`, `country`, `phone`, `gid`, `mobile`, `nationalnumber`, `department`, `division`, `with_honor`) VALUES (237997, 2010, '23', '', '', '', '', '', '', '', '', 'التربية الفنية ', '', '');
INSERT INTO `lk9v6_users` (`name`, `email`, `usertype`) VALUES ('سارة ممدوح عبدالحليم احمد ', '', 'الخريجين');
INSERT INTO `lk9v6_alumni_main` (`id`, `user_id`, `approved`) VALUES (237998, 237998, 1);
INSERT INTO `lk9v6_alumni_data` (`alumni_id`, `graduation_year`, `fid`, `job`, `address`, `city`, `country`, `phone`, `gid`, `mobile`, `nationalnumber`, `department`, `division`, `with_honor`) VALUES (237998, 2010, '23', '', '', '', '', '', '', '', '', 'التربية الفنية ', '', '');
INSERT INTO `lk9v6_users` (`name`, `email`, `usertype`) VALUES ('سالى سلامة محمود السيد سلامة ', '', 'الخريجين');
INSERT INTO `lk9v6_alumni_main` (`id`, `user_id`, `approved`) VALUES (237999, 237999, 1);
INSERT INTO `lk9v6_alumni_data` (`alumni_id`, `graduation_year`, `fid`, `job`, `address`, `city`, `country`, `phone`, `gid`, `mobile`, `nationalnumber`, `department`, `division`, `with_honor`) VALUES (237999, 2010, '23', '', '', '', '', '', '', '', '', 'التربية الفنية ', '', '');
INSERT INTO `lk9v6_users` (`name`, `email`, `usertype`) VALUES ('سالى محمد غانم سالم ابو بكر', '', 'الخريجين');
INSERT INTO `lk9v6_alumni_main` (`id`, `user_id`, `approved`) VALUES (238000, 238000, 1);
INSERT INTO `lk9v6_alumni_data` (`alumni_id`, `graduation_year`, `fid`, `job`, `address`, `city`, `country`, `phone`, `gid`, `mobile`, `nationalnumber`, `department`, `division`, `with_honor`) VALUES (238000, 2010, '23', '', '', '', '', '', '', '', '', 'التربية الفنية ', '', '');
INSERT INTO `lk9v6_users` (`name`, `email`, `usertype`) VALUES ('سلفانا وجدى هلال اميرهم ', '', 'الخريجين');
INSERT INTO `lk9v6_alumni_main` (`id`, `user_id`, `approved`) VALUES (238001, 238001, 1);
INSERT INTO `lk9v6_alumni_data` (`alumni_id`, `graduation_year`, `fid`, `job`, `address`, `city`, `country`, `phone`, `gid`, `mobile`, `nationalnumber`, `department`, `division`, `with_honor`) VALUES (238001, 2010, '23', '', '', '', '', '', '', '', '', 'التربية الفنية ', '', '');
INSERT INTO `lk9v6_users` (`name`, `email`, `usertype`) VALUES ('سلمى على حسن على الجندى ', '', 'الخريجين');
INSERT INTO `lk9v6_alumni_main` (`id`, `user_id`, `approved`) VALUES (238002, 238002, 1);
INSERT INTO `lk9v6_alumni_data` (`alumni_id`, `graduation_year`, `fid`, `job`, `address`, `city`, `country`, `phone`, `gid`, `mobile`, `nationalnumber`, `department`, `division`, `with_honor`) VALUES (238002, 2010, '23', '', '', '', '', '', '', '', '', 'التربية الفنية ', '', '');
INSERT INTO `lk9v6_users` (`name`, `email`, `usertype`) VALUES ('سلمى محمد برهامى عبدالجواد غبور', '', 'الخريجين');
INSERT INTO `lk9v6_alumni_main` (`id`, `user_id`, `approved`) VALUES (238003, 238003, 1);
INSERT INTO `lk9v6_alumni_data` (`alumni_id`, `graduation_year`, `fid`, `job`, `address`, `city`, `country`, `phone`, `gid`, `mobile`, `nationalnumber`, `department`, `division`, `with_honor`) VALUES (238003, 2010, '23', '', '', '', '', '', '', '', '', 'التربية الفنية ', '', '');
INSERT INTO `lk9v6_users` (`name`, `email`, `usertype`) VALUES ('سلمى محمود احمد سيد احمد مسعود', '', 'الخريجين');
INSERT INTO `lk9v6_alumni_main` (`id`, `user_id`, `approved`) VALUES (238004, 238004, 1);
INSERT INTO `lk9v6_alumni_data` (`alumni_id`, `graduation_year`, `fid`, `job`, `address`, `city`, `country`, `phone`, `gid`, `mobile`, `nationalnumber`, `department`, `division`, `with_honor`) VALUES (238004, 2010, '23', '', '', '', '', '', '', '', '', 'التربية الفنية ', '', '');
INSERT INTO `lk9v6_users` (`name`, `email`, `usertype`) VALUES ('سلوى سامى محمد نصر عبدالمجيد الفيتانى ', '', 'الخريجين');
INSERT INTO `lk9v6_alumni_main` (`id`, `user_id`, `approved`) VALUES (238005, 238005, 1);
INSERT INTO `lk9v6_alumni_data` (`alumni_id`, `graduation_year`, `fid`, `job`, `address`, `city`, `country`, `phone`, `gid`, `mobile`, `nationalnumber`, `department`, `division`, `with_honor`) VALUES (238005, 2010, '23', '', '', '', '', '', '', '', '', 'التربية الفنية ', '', '');
INSERT INTO `lk9v6_users` (`name`, `email`, `usertype`) VALUES ('سمر اسماعيل ابراهيم بيومى ', '', 'الخريجين');
INSERT INTO `lk9v6_alumni_main` (`id`, `user_id`, `approved`) VALUES (238006, 238006, 1);
INSERT INTO `lk9v6_alumni_data` (`alumni_id`, `graduation_year`, `fid`, `job`, `address`, `city`, `country`, `phone`, `gid`, `mobile`, `nationalnumber`, `department`, `division`, `with_honor`) VALUES (238006, 2010, '23', '', '', '', '', '', '', '', '', 'التربية الفنية ', '', '');
INSERT INTO `lk9v6_users` (`name`, `email`, `usertype`) VALUES ('سمر حمدى محمد حرفوش', '', 'الخريجين');
INSERT INTO `lk9v6_alumni_main` (`id`, `user_id`, `approved`) VALUES (238007, 238007, 1);
INSERT INTO `lk9v6_alumni_data` (`alumni_id`, `graduation_year`, `fid`, `job`, `address`, `city`, `country`, `phone`, `gid`, `mobile`, `nationalnumber`, `department`, `division`, `with_honor`) VALUES (238007, 2010, '23', '', '', '', '', '', '', '', '', 'التربية الفنية ', '', '');
INSERT INTO `lk9v6_users` (`name`, `email`, `usertype`) VALUES ('سمر زهير عبدالرازق محمد البدرى ', '', 'الخريجين');
INSERT INTO `lk9v6_alumni_main` (`id`, `user_id`, `approved`) VALUES (238008, 238008, 1);
INSERT INTO `lk9v6_alumni_data` (`alumni_id`, `graduation_year`, `fid`, `job`, `address`, `city`, `country`, `phone`, `gid`, `mobile`, `nationalnumber`, `department`, `division`, `with_honor`) VALUES (238008, 2010, '23', '', '', '', '', '', '', '', '', 'التربية الفنية ', '', '');
INSERT INTO `lk9v6_users` (`name`, `email`, `usertype`) VALUES ('سهى عبدالحميد سعد عبدالحميد شحاتة ', '', 'الخريجين');
INSERT INTO `lk9v6_alumni_main` (`id`, `user_id`, `approved`) VALUES (238009, 238009, 1);
INSERT INTO `lk9v6_alumni_data` (`alumni_id`, `graduation_year`, `fid`, `job`, `address`, `city`, `country`, `phone`, `gid`, `mobile`, `nationalnumber`, `department`, `division`, `with_honor`) VALUES (238009, 2010, '23', '', '', '', '', '', '', '', '', 'التربية الفنية ', '', '');
INSERT INTO `lk9v6_users` (`name`, `email`, `usertype`) VALUES ('سوزان محمد ابراهيم عيد ابراهيم ', '', 'الخريجين');
INSERT INTO `lk9v6_alumni_main` (`id`, `user_id`, `approved`) VALUES (238010, 238010, 1);
INSERT INTO `lk9v6_alumni_data` (`alumni_id`, `graduation_year`, `fid`, `job`, `address`, `city`, `country`, `phone`, `gid`, `mobile`, `nationalnumber`, `department`, `division`, `with_honor`) VALUES (238010, 2010, '23', '', '', '', '', '', '', '', '', 'التربية الفنية ', '', '');
INSERT INTO `lk9v6_users` (`name`, `email`, `usertype`) VALUES ('عادل محمد السمان احمد محمد احمد ', '', 'الخريجين');
INSERT INTO `lk9v6_alumni_main` (`id`, `user_id`, `approved`) VALUES (238011, 238011, 1);
INSERT INTO `lk9v6_alumni_data` (`alumni_id`, `graduation_year`, `fid`, `job`, `address`, `city`, `country`, `phone`, `gid`, `mobile`, `nationalnumber`, `department`, `division`, `with_honor`) VALUES (238011, 2010, '23', '', '', '', '', '', '', '', '', 'التربية الفنية ', '', '');
INSERT INTO `lk9v6_users` (`name`, `email`, `usertype`) VALUES ('عبدالله رمضان فريج', '', 'الخريجين');
INSERT INTO `lk9v6_alumni_main` (`id`, `user_id`, `approved`) VALUES (238012, 238012, 1);
INSERT INTO `lk9v6_alumni_data` (`alumni_id`, `graduation_year`, `fid`, `job`, `address`, `city`, `country`, `phone`, `gid`, `mobile`, `nationalnumber`, `department`, `division`, `with_honor`) VALUES (238012, 2010, '23', '', '', '', '', '', '', '', '', 'التربية الفنية ', '', '');
INSERT INTO `lk9v6_users` (`name`, `email`, `usertype`) VALUES ('عبله جمال رزق حسن عياد ', '', 'الخريجين');
INSERT INTO `lk9v6_alumni_main` (`id`, `user_id`, `approved`) VALUES (238013, 238013, 1);
INSERT INTO `lk9v6_alumni_data` (`alumni_id`, `graduation_year`, `fid`, `job`, `address`, `city`, `country`, `phone`, `gid`, `mobile`, `nationalnumber`, `department`, `division`, `with_honor`) VALUES (238013, 2010, '23', '', '', '', '', '', '', '', '', 'التربية الفنية ', '', '');
INSERT INTO `lk9v6_users` (`name`, `email`, `usertype`) VALUES ('عبير مصطفى عبدالرؤوف بهجت ', '', 'الخريجين');
INSERT INTO `lk9v6_alumni_main` (`id`, `user_id`, `approved`) VALUES (238014, 238014, 1);
INSERT INTO `lk9v6_alumni_data` (`alumni_id`, `graduation_year`, `fid`, `job`, `address`, `city`, `country`, `phone`, `gid`, `mobile`, `nationalnumber`, `department`, `division`, `with_honor`) VALUES (238014, 2010, '23', '', '', '', '', '', '', '', '', 'التربية الفنية ', '', '');
INSERT INTO `lk9v6_users` (`name`, `email`, `usertype`) VALUES ('علا احمد احمد باشا', '', 'الخريجين');
INSERT INTO `lk9v6_alumni_main` (`id`, `user_id`, `approved`) VALUES (238015, 238015, 1);
INSERT INTO `lk9v6_alumni_data` (`alumni_id`, `graduation_year`, `fid`, `job`, `address`, `city`, `country`, `phone`, `gid`, `mobile`, `nationalnumber`, `department`, `division`, `with_honor`) VALUES (238015, 2010, '23', '', '', '', '', '', '', '', '', 'التربية الفنية ', '', '');
INSERT INTO `lk9v6_users` (`name`, `email`, `usertype`) VALUES ('فادى عادل حلمى حماية حنا ', '', 'الخريجين');
INSERT INTO `lk9v6_alumni_main` (`id`, `user_id`, `approved`) VALUES (238016, 238016, 1);
INSERT INTO `lk9v6_alumni_data` (`alumni_id`, `graduation_year`, `fid`, `job`, `address`, `city`, `country`, `phone`, `gid`, `mobile`, `nationalnumber`, `department`, `division`, `with_honor`) VALUES (238016, 2010, '23', '', '', '', '', '', '', '', '', 'التربية الفنية ', '', '');
INSERT INTO `lk9v6_users` (`name`, `email`, `usertype`) VALUES ('محمد السيد امين حسن ', '', 'الخريجين');
INSERT INTO `lk9v6_alumni_main` (`id`, `user_id`, `approved`) VALUES (238017, 238017, 1);
INSERT INTO `lk9v6_alumni_data` (`alumni_id`, `graduation_year`, `fid`, `job`, `address`, `city`, `country`, `phone`, `gid`, `mobile`, `nationalnumber`, `department`, `division`, `with_honor`) VALUES (238017, 2010, '23', '', '', '', '', '', '', '', '', 'التربية الفنية ', '', '');
INSERT INTO `lk9v6_users` (`name`, `email`, `usertype`) VALUES ('محمد جابر محمد عبدالنبي', '', 'الخريجين');
INSERT INTO `lk9v6_alumni_main` (`id`, `user_id`, `approved`) VALUES (238018, 238018, 1);
INSERT INTO `lk9v6_alumni_data` (`alumni_id`, `graduation_year`, `fid`, `job`, `address`, `city`, `country`, `phone`, `gid`, `mobile`, `nationalnumber`, `department`, `division`, `with_honor`) VALUES (238018, 2010, '23', '', '', '', '', '', '', '', '', 'التربية الفنية ', '', '');
INSERT INTO `lk9v6_users` (`name`, `email`, `usertype`) VALUES ('محمد جمال عبدالناصر احمد الجمال ', '', 'الخريجين');
INSERT INTO `lk9v6_alumni_main` (`id`, `user_id`, `approved`) VALUES (238019, 238019, 1);
INSERT INTO `lk9v6_alumni_data` (`alumni_id`, `graduation_year`, `fid`, `job`, `address`, `city`, `country`, `phone`, `gid`, `mobile`, `nationalnumber`, `department`, `division`, `with_honor`) VALUES (238019, 2010, '23', '', '', '', '', '', '', '', '', 'التربية الفنية ', '', '');
INSERT INTO `lk9v6_users` (`name`, `email`, `usertype`) VALUES ('محمود سليمان حسن الاسود ', '', 'الخريجين');
INSERT INTO `lk9v6_alumni_main` (`id`, `user_id`, `approved`) VALUES (238020, 238020, 1);
INSERT INTO `lk9v6_alumni_data` (`alumni_id`, `graduation_year`, `fid`, `job`, `address`, `city`, `country`, `phone`, `gid`, `mobile`, `nationalnumber`, `department`, `division`, `with_honor`) VALUES (238020, 2010, '23', '', '', '', '', '', '', '', '', 'التربية الفنية ', '', '');
INSERT INTO `lk9v6_users` (`name`, `email`, `usertype`) VALUES ('مديحة ابراهيم سامى عبدالحميد ', '', 'الخريجين');
INSERT INTO `lk9v6_alumni_main` (`id`, `user_id`, `approved`) VALUES (238021, 238021, 1);
INSERT INTO `lk9v6_alumni_data` (`alumni_id`, `graduation_year`, `fid`, `job`, `address`, `city`, `country`, `phone`, `gid`, `mobile`, `nationalnumber`, `department`, `division`, `with_honor`) VALUES (238021, 2010, '23', '', '', '', '', '', '', '', '', 'التربية الفنية ', '', '');
INSERT INTO `lk9v6_users` (`name`, `email`, `usertype`) VALUES ('مرام محى الدين امين ابوكرم ', '', 'الخريجين');
INSERT INTO `lk9v6_alumni_main` (`id`, `user_id`, `approved`) VALUES (238022, 238022, 1);
INSERT INTO `lk9v6_alumni_data` (`alumni_id`, `graduation_year`, `fid`, `job`, `address`, `city`, `country`, `phone`, `gid`, `mobile`, `nationalnumber`, `department`, `division`, `with_honor`) VALUES (238022, 2010, '23', '', '', '', '', '', '', '', '', 'التربية الفنية ', '', '');
INSERT INTO `lk9v6_users` (`name`, `email`, `usertype`) VALUES ('مروة حسن حسن الحسينى ', '', 'الخريجين');
INSERT INTO `lk9v6_alumni_main` (`id`, `user_id`, `approved`) VALUES (238023, 238023, 1);
INSERT INTO `lk9v6_alumni_data` (`alumni_id`, `graduation_year`, `fid`, `job`, `address`, `city`, `country`, `phone`, `gid`, `mobile`, `nationalnumber`, `department`, `division`, `with_honor`) VALUES (238023, 2010, '23', '', '', '', '', '', '', '', '', 'التربية الفنية ', '', '');
INSERT INTO `lk9v6_users` (`name`, `email`, `usertype`) VALUES ('معالى محسن عبدالرازق الشافعى ', '', 'الخريجين');
INSERT INTO `lk9v6_alumni_main` (`id`, `user_id`, `approved`) VALUES (238024, 238024, 1);
INSERT INTO `lk9v6_alumni_data` (`alumni_id`, `graduation_year`, `fid`, `job`, `address`, `city`, `country`, `phone`, `gid`, `mobile`, `nationalnumber`, `department`, `division`, `with_honor`) VALUES (238024, 2010, '23', '', '', '', '', '', '', '', '', 'التربية الفنية ', '', '');
INSERT INTO `lk9v6_users` (`name`, `email`, `usertype`) VALUES ('منى مدحت احمد محمد عبدالدايم ', '', 'الخريجين');
INSERT INTO `lk9v6_alumni_main` (`id`, `user_id`, `approved`) VALUES (238025, 238025, 1);
INSERT INTO `lk9v6_alumni_data` (`alumni_id`, `graduation_year`, `fid`, `job`, `address`, `city`, `country`, `phone`, `gid`, `mobile`, `nationalnumber`, `department`, `division`, `with_honor`) VALUES (238025, 2010, '23', '', '', '', '', '', '', '', '', 'التربية الفنية ', '', '');
INSERT INTO `lk9v6_users` (`name`, `email`, `usertype`) VALUES ('مها شوقى عبدالغنى الوكيل ', '', 'الخريجين');
INSERT INTO `lk9v6_alumni_main` (`id`, `user_id`, `approved`) VALUES (238026, 238026, 1);
INSERT INTO `lk9v6_alumni_data` (`alumni_id`, `graduation_year`, `fid`, `job`, `address`, `city`, `country`, `phone`, `gid`, `mobile`, `nationalnumber`, `department`, `division`, `with_honor`) VALUES (238026, 2010, '23', '', '', '', '', '', '', '', '', 'التربية الفنية ', '', '');
INSERT INTO `lk9v6_users` (`name`, `email`, `usertype`) VALUES ('مى سعيد فهمى محمد احمد ', '', 'الخريجين');
INSERT INTO `lk9v6_alumni_main` (`id`, `user_id`, `approved`) VALUES (238027, 238027, 1);
INSERT INTO `lk9v6_alumni_data` (`alumni_id`, `graduation_year`, `fid`, `job`, `address`, `city`, `country`, `phone`, `gid`, `mobile`, `nationalnumber`, `department`, `division`, `with_honor`) VALUES (238027, 2010, '23', '', '', '', '', '', '', '', '', 'التربية الفنية ', '', '');
INSERT INTO `lk9v6_users` (`name`, `email`, `usertype`) VALUES ('ندا احمد عبدالعزيز احمد بهنسى ', '', 'الخريجين');
INSERT INTO `lk9v6_alumni_main` (`id`, `user_id`, `approved`) VALUES (238028, 238028, 1);
INSERT INTO `lk9v6_alumni_data` (`alumni_id`, `graduation_year`, `fid`, `job`, `address`, `city`, `country`, `phone`, `gid`, `mobile`, `nationalnumber`, `department`, `division`, `with_honor`) VALUES (238028, 2010, '23', '', '', '', '', '', '', '', '', 'التربية الفنية ', '', '');
INSERT INTO `lk9v6_users` (`name`, `email`, `usertype`) VALUES ('نهال على ابراهيم عوض ', '', 'الخريجين');
INSERT INTO `lk9v6_alumni_main` (`id`, `user_id`, `approved`) VALUES (238029, 238029, 1);
INSERT INTO `lk9v6_alumni_data` (`alumni_id`, `graduation_year`, `fid`, `job`, `address`, `city`, `country`, `phone`, `gid`, `mobile`, `nationalnumber`, `department`, `division`, `with_honor`) VALUES (238029, 2010, '23', '', '', '', '', '', '', '', '', 'التربية الفنية ', '', '');
INSERT INTO `lk9v6_users` (`name`, `email`, `usertype`) VALUES ('نهلة محمد عبدالقوى مبارك ', '', 'الخريجين');
INSERT INTO `lk9v6_alumni_main` (`id`, `user_id`, `approved`) VALUES (238030, 238030, 1);
INSERT INTO `lk9v6_alumni_data` (`alumni_id`, `graduation_year`, `fid`, `job`, `address`, `city`, `country`, `phone`, `gid`, `mobile`, `nationalnumber`, `department`, `division`, `with_honor`) VALUES (238030, 2010, '23', '', '', '', '', '', '', '', '', 'التربية الفنية ', '', '');
INSERT INTO `lk9v6_users` (`name`, `email`, `usertype`) VALUES ('نهى احمد محمد حسن محمد ', '', 'الخريجين');
INSERT INTO `lk9v6_alumni_main` (`id`, `user_id`, `approved`) VALUES (238031, 238031, 1);
INSERT INTO `lk9v6_alumni_data` (`alumni_id`, `graduation_year`, `fid`, `job`, `address`, `city`, `country`, `phone`, `gid`, `mobile`, `nationalnumber`, `department`, `division`, `with_honor`) VALUES (238031, 2010, '23', '', '', '', '', '', '', '', '', 'التربية الفنية ', '', '');
INSERT INTO `lk9v6_users` (`name`, `email`, `usertype`) VALUES ('نهى فتحى عبدالحميد ابراهيم ', '', 'الخريجين');
INSERT INTO `lk9v6_alumni_main` (`id`, `user_id`, `approved`) VALUES (238032, 238032, 1);
INSERT INTO `lk9v6_alumni_data` (`alumni_id`, `graduation_year`, `fid`, `job`, `address`, `city`, `country`, `phone`, `gid`, `mobile`, `nationalnumber`, `department`, `division`, `with_honor`) VALUES (238032, 2010, '23', '', '', '', '', '', '', '', '', 'التربية الفنية ', '', '');
INSERT INTO `lk9v6_users` (`name`, `email`, `usertype`) VALUES ('نورهان عفيفي محمد محمد عفيفى', '', 'الخريجين');
INSERT INTO `lk9v6_alumni_main` (`id`, `user_id`, `approved`) VALUES (238033, 238033, 1);
INSERT INTO `lk9v6_alumni_data` (`alumni_id`, `graduation_year`, `fid`, `job`, `address`, `city`, `country`, `phone`, `gid`, `mobile`, `nationalnumber`, `department`, `division`, `with_honor`) VALUES (238033, 2010, '23', '', '', '', '', '', '', '', '', 'التربية الفنية ', '', '');
INSERT INTO `lk9v6_users` (`name`, `email`, `usertype`) VALUES ('هبه السعيد السيد اسماعيل ', '', 'الخريجين');
INSERT INTO `lk9v6_alumni_main` (`id`, `user_id`, `approved`) VALUES (238034, 238034, 1);
INSERT INTO `lk9v6_alumni_data` (`alumni_id`, `graduation_year`, `fid`, `job`, `address`, `city`, `country`, `phone`, `gid`, `mobile`, `nationalnumber`, `department`, `division`, `with_honor`) VALUES (238034, 2010, '23', '', '', '', '', '', '', '', '', 'التربية الفنية ', '', '');
INSERT INTO `lk9v6_users` (`name`, `email`, `usertype`) VALUES ('هبه الله محمود محمد السيد داود ', '', 'الخريجين');
INSERT INTO `lk9v6_alumni_main` (`id`, `user_id`, `approved`) VALUES (238035, 238035, 1);
INSERT INTO `lk9v6_alumni_data` (`alumni_id`, `graduation_year`, `fid`, `job`, `address`, `city`, `country`, `phone`, `gid`, `mobile`, `nationalnumber`, `department`, `division`, `with_honor`) VALUES (238035, 2010, '23', '', '', '', '', '', '', '', '', 'التربية الفنية ', '', '');
INSERT INTO `lk9v6_users` (`name`, `email`, `usertype`) VALUES ('هبه حسين محروس حسين السيد ', '', 'الخريجين');
INSERT INTO `lk9v6_alumni_main` (`id`, `user_id`, `approved`) VALUES (238036, 238036, 1);
INSERT INTO `lk9v6_alumni_data` (`alumni_id`, `graduation_year`, `fid`, `job`, `address`, `city`, `country`, `phone`, `gid`, `mobile`, `nationalnumber`, `department`, `division`, `with_honor`) VALUES (238036, 2010, '23', '', '', '', '', '', '', '', '', 'التربية الفنية ', '', '');
INSERT INTO `lk9v6_users` (`name`, `email`, `usertype`) VALUES ('هبه نايف عبدالحميد عوض', '', 'الخريجين');
INSERT INTO `lk9v6_alumni_main` (`id`, `user_id`, `approved`) VALUES (238037, 238037, 1);
INSERT INTO `lk9v6_alumni_data` (`alumni_id`, `graduation_year`, `fid`, `job`, `address`, `city`, `country`, `phone`, `gid`, `mobile`, `nationalnumber`, `department`, `division`, `with_honor`) VALUES (238037, 2010, '23', '', '', '', '', '', '', '', '', 'التربية الفنية ', '', '');
INSERT INTO `lk9v6_users` (`name`, `email`, `usertype`) VALUES ('هدير مجدى محمد محمد احمد سعيد ', '', 'الخريجين');
INSERT INTO `lk9v6_alumni_main` (`id`, `user_id`, `approved`) VALUES (238038, 238038, 1);
INSERT INTO `lk9v6_alumni_data` (`alumni_id`, `graduation_year`, `fid`, `job`, `address`, `city`, `country`, `phone`, `gid`, `mobile`, `nationalnumber`, `department`, `division`, `with_honor`) VALUES (238038, 2010, '23', '', '', '', '', '', '', '', '', 'التربية الفنية ', '', '');
INSERT INTO `lk9v6_users` (`name`, `email`, `usertype`) VALUES ('هيام نبيل محمد مشالى', '', 'الخريجين');
INSERT INTO `lk9v6_alumni_main` (`id`, `user_id`, `approved`) VALUES (238039, 238039, 1);
INSERT INTO `lk9v6_alumni_data` (`alumni_id`, `graduation_year`, `fid`, `job`, `address`, `city`, `country`, `phone`, `gid`, `mobile`, `nationalnumber`, `department`, `division`, `with_honor`) VALUES (238039, 2010, '23', '', '', '', '', '', '', '', '', 'التربية الفنية ', '', '');
INSERT INTO `lk9v6_users` (`name`, `email`, `usertype`) VALUES ('ولاء صبرى عبدالعزيز عبدالغنى ', '', 'الخريجين');
INSERT INTO `lk9v6_alumni_main` (`id`, `user_id`, `approved`) VALUES (238040, 238040, 1);
INSERT INTO `lk9v6_alumni_data` (`alumni_id`, `graduation_year`, `fid`, `job`, `address`, `city`, `country`, `phone`, `gid`, `mobile`, `nationalnumber`, `department`, `division`, `with_honor`) VALUES (238040, 2010, '23', '', '', '', '', '', '', '', '', 'التربية الفنية ', '', '');
INSERT INTO `lk9v6_users` (`name`, `email`, `usertype`) VALUES ('ولاء عبدالرؤوف انور علام حسين ', '', 'الخريجين');
INSERT INTO `lk9v6_alumni_main` (`id`, `user_id`, `approved`) VALUES (238041, 238041, 1);
INSERT INTO `lk9v6_alumni_data` (`alumni_id`, `graduation_year`, `fid`, `job`, `address`, `city`, `country`, `phone`, `gid`, `mobile`, `nationalnumber`, `department`, `division`, `with_honor`) VALUES (238041, 2010, '23', '', '', '', '', '', '', '', '', 'التربية الفنية ', '', '');
INSERT INTO `lk9v6_users` (`name`, `email`, `usertype`) VALUES ('يارا محمد عبدالرازق اسماعيل ', '', 'الخريجين');
INSERT INTO `lk9v6_alumni_main` (`id`, `user_id`, `approved`) VALUES (238042, 238042, 1);
INSERT INTO `lk9v6_alumni_data` (`alumni_id`, `graduation_year`, `fid`, `job`, `address`, `city`, `country`, `phone`, `gid`, `mobile`, `nationalnumber`, `department`, `division`, `with_honor`) VALUES (238042, 2010, '23', '', '', '', '', '', '', '', '', 'التربية الفنية ', '', '');
INSERT INTO `lk9v6_users` (`name`, `email`, `usertype`) VALUES ('احمد سعيد فتح الله محمد السقا ', '', 'الخريجين');
INSERT INTO `lk9v6_alumni_main` (`id`, `user_id`, `approved`) VALUES (238043, 238043, 1);
INSERT INTO `lk9v6_alumni_data` (`alumni_id`, `graduation_year`, `fid`, `job`, `address`, `city`, `country`, `phone`, `gid`, `mobile`, `nationalnumber`, `department`, `division`, `with_honor`) VALUES (238043, 2010, '23', '', '', '', '', '', '', '', '', 'التربية الفنية ', '', '');
INSERT INTO `lk9v6_users` (`name`, `email`, `usertype`) VALUES ('اسماء محمود عبدالمنعم مراد سامون ', '', 'الخريجين');
INSERT INTO `lk9v6_alumni_main` (`id`, `user_id`, `approved`) VALUES (238044, 238044, 1);
INSERT INTO `lk9v6_alumni_data` (`alumni_id`, `graduation_year`, `fid`, `job`, `address`, `city`, `country`, `phone`, `gid`, `mobile`, `nationalnumber`, `department`, `division`, `with_honor`) VALUES (238044, 2010, '23', '', '', '', '', '', '', '', '', 'التربية الفنية ', '', '');
INSERT INTO `lk9v6_users` (`name`, `email`, `usertype`) VALUES ('امانى احمد شحاتة محمد الفقى ', '', 'الخريجين');
INSERT INTO `lk9v6_alumni_main` (`id`, `user_id`, `approved`) VALUES (238045, 238045, 1);
INSERT INTO `lk9v6_alumni_data` (`alumni_id`, `graduation_year`, `fid`, `job`, `address`, `city`, `country`, `phone`, `gid`, `mobile`, `nationalnumber`, `department`, `division`, `with_honor`) VALUES (238045, 2010, '23', '', '', '', '', '', '', '', '', 'التربية الفنية ', '', '');
INSERT INTO `lk9v6_users` (`name`, `email`, `usertype`) VALUES ('سارة احمد محمد الجعفرى ', '', 'الخريجين');
INSERT INTO `lk9v6_alumni_main` (`id`, `user_id`, `approved`) VALUES (238046, 238046, 1);
INSERT INTO `lk9v6_alumni_data` (`alumni_id`, `graduation_year`, `fid`, `job`, `address`, `city`, `country`, `phone`, `gid`, `mobile`, `nationalnumber`, `department`, `division`, `with_honor`) VALUES (238046, 2010, '23', '', '', '', '', '', '', '', '', 'التربية الفنية ', '', '');
INSERT INTO `lk9v6_users` (`name`, `email`, `usertype`) VALUES ('سارة محمد عمر محمد ابو بكر', '', 'الخريجين');
INSERT INTO `lk9v6_alumni_main` (`id`, `user_id`, `approved`) VALUES (238047, 238047, 1);
INSERT INTO `lk9v6_alumni_data` (`alumni_id`, `graduation_year`, `fid`, `job`, `address`, `city`, `country`, `phone`, `gid`, `mobile`, `nationalnumber`, `department`, `division`, `with_honor`) VALUES (238047, 2010, '23', '', '', '', '', '', '', '', '', 'التربية الفنية ', '', '');
INSERT INTO `lk9v6_users` (`name`, `email`, `usertype`) VALUES ('سالى ابراهيم سعيد نخلة', '', 'الخريجين');
INSERT INTO `lk9v6_alumni_main` (`id`, `user_id`, `approved`) VALUES (238048, 238048, 1);
INSERT INTO `lk9v6_alumni_data` (`alumni_id`, `graduation_year`, `fid`, `job`, `address`, `city`, `country`, `phone`, `gid`, `mobile`, `nationalnumber`, `department`, `division`, `with_honor`) VALUES (238048, 2010, '23', '', '', '', '', '', '', '', '', 'التربية الفنية ', '', '');
INSERT INTO `lk9v6_users` (`name`, `email`, `usertype`) VALUES ('سالى زكى احمد ابوالفتوح حجازى ', '', 'الخريجين');
INSERT INTO `lk9v6_alumni_main` (`id`, `user_id`, `approved`) VALUES (238049, 238049, 1);
INSERT INTO `lk9v6_alumni_data` (`alumni_id`, `graduation_year`, `fid`, `job`, `address`, `city`, `country`, `phone`, `gid`, `mobile`, `nationalnumber`, `department`, `division`, `with_honor`) VALUES (238049, 2010, '23', '', '', '', '', '', '', '', '', 'التربية الفنية ', '', '');
INSERT INTO `lk9v6_users` (`name`, `email`, `usertype`) VALUES ('سمية فتحى عبدالعزيز مصطفى ', '', 'الخريجين');
INSERT INTO `lk9v6_alumni_main` (`id`, `user_id`, `approved`) VALUES (238050, 238050, 1);
INSERT INTO `lk9v6_alumni_data` (`alumni_id`, `graduation_year`, `fid`, `job`, `address`, `city`, `country`, `phone`, `gid`, `mobile`, `nationalnumber`, `department`, `division`, `with_honor`) VALUES (238050, 2010, '23', '', '', '', '', '', '', '', '', 'التربية الفنية ', '', '');
INSERT INTO `lk9v6_users` (`name`, `email`, `usertype`) VALUES ('عمرو بيومى محمد ربيع جعفر ', '', 'الخريجين');
INSERT INTO `lk9v6_alumni_main` (`id`, `user_id`, `approved`) VALUES (238051, 238051, 1);
INSERT INTO `lk9v6_alumni_data` (`alumni_id`, `graduation_year`, `fid`, `job`, `address`, `city`, `country`, `phone`, `gid`, `mobile`, `nationalnumber`, `department`, `division`, `with_honor`) VALUES (238051, 2010, '23', '', '', '', '', '', '', '', '', 'التربية الفنية ', '', '');
INSERT INTO `lk9v6_users` (`name`, `email`, `usertype`) VALUES ('فادى فهيم يوسف ميخائيل ', '', 'الخريجين');
INSERT INTO `lk9v6_alumni_main` (`id`, `user_id`, `approved`) VALUES (238052, 238052, 1);
INSERT INTO `lk9v6_alumni_data` (`alumni_id`, `graduation_year`, `fid`, `job`, `address`, `city`, `country`, `phone`, `gid`, `mobile`, `nationalnumber`, `department`, `division`, `with_honor`) VALUES (238052, 2010, '23', '', '', '', '', '', '', '', '', 'التربية الفنية ', '', '');
INSERT INTO `lk9v6_users` (`name`, `email`, `usertype`) VALUES ('مى محمد عبدالتواب عبدالباقى', '', 'الخريجين');
INSERT INTO `lk9v6_alumni_main` (`id`, `user_id`, `approved`) VALUES (238053, 238053, 1);
INSERT INTO `lk9v6_alumni_data` (`alumni_id`, `graduation_year`, `fid`, `job`, `address`, `city`, `country`, `phone`, `gid`, `mobile`, `nationalnumber`, `department`, `division`, `with_honor`) VALUES (238053, 2010, '23', '', '', '', '', '', '', '', '', 'التربية الفنية ', '', '');
INSERT INTO `lk9v6_users` (`name`, `email`, `usertype`) VALUES ('رباب ربيع ابوالمجد ', '', 'الخريجين');
INSERT INTO `lk9v6_alumni_main` (`id`, `user_id`, `approved`) VALUES (238054, 238054, 1);
INSERT INTO `lk9v6_alumni_data` (`alumni_id`, `graduation_year`, `fid`, `job`, `address`, `city`, `country`, `phone`, `gid`, `mobile`, `nationalnumber`, `department`, `division`, `with_honor`) VALUES (238054, 2010, '23', '', '', '', '', '', '', '', '', 'التربية الفنية ', '', '');
INSERT INTO `lk9v6_users` (`name`, `email`, `usertype`) VALUES ('امانى احمد عطية عبدالمولى ', '', 'الخريجين');
INSERT INTO `lk9v6_alumni_main` (`id`, `user_id`, `approved`) VALUES (238055, 238055, 1);
INSERT INTO `lk9v6_alumni_data` (`alumni_id`, `graduation_year`, `fid`, `job`, `address`, `city`, `country`, `phone`, `gid`, `mobile`, `nationalnumber`, `department`, `division`, `with_honor`) VALUES (238055, 2010, '23', '', '', '', '', '', '', '', '', 'التربية الفنية ', '', '');
INSERT INTO `lk9v6_users` (`name`, `email`, `usertype`) VALUES ('ندا ناصر محمد احمد محمد ', '', 'الخريجين');
INSERT INTO `lk9v6_alumni_main` (`id`, `user_id`, `approved`) VALUES (238056, 238056, 1);
INSERT INTO `lk9v6_alumni_data` (`alumni_id`, `graduation_year`, `fid`, `job`, `address`, `city`, `country`, `phone`, `gid`, `mobile`, `nationalnumber`, `department`, `division`, `with_honor`) VALUES (238056, 2010, '23', '', '', '', '', '', '', '', '', 'التربية الفنية ', '', '');
INSERT INTO `lk9v6_users` (`name`, `email`, `usertype`) VALUES ('محمود على احمد الهليهلى ', '', 'الخريجين');
INSERT INTO `lk9v6_alumni_main` (`id`, `user_id`, `approved`) VALUES (238057, 238057, 1);
INSERT INTO `lk9v6_alumni_data` (`alumni_id`, `graduation_year`, `fid`, `job`, `address`, `city`, `country`, `phone`, `gid`, `mobile`, `nationalnumber`, `department`, `division`, `with_honor`) VALUES (238057, 2010, '23', '', '', '', '', '', '', '', '', 'التربية الفنية ', '', '');
INSERT INTO `lk9v6_users` (`name`, `email`, `usertype`) VALUES ('هبة محمد سامي مصطفي ', '', 'الخريجين');
INSERT INTO `lk9v6_alumni_main` (`id`, `user_id`, `approved`) VALUES (238058, 238058, 1);
INSERT INTO `lk9v6_alumni_data` (`alumni_id`, `graduation_year`, `fid`, `job`, `address`, `city`, `country`, `phone`, `gid`, `mobile`, `nationalnumber`, `department`, `division`, `with_honor`) VALUES (238058, 2000, '23', '', '', '', '', '', '', '', '', 'التربية الموسيقية ', '', '');
INSERT INTO `lk9v6_users` (`name`, `email`, `usertype`) VALUES ('حنان سمير السيد محمد', '', 'الخريجين');
INSERT INTO `lk9v6_alumni_main` (`id`, `user_id`, `approved`) VALUES (238059, 238059, 1);
INSERT INTO `lk9v6_alumni_data` (`alumni_id`, `graduation_year`, `fid`, `job`, `address`, `city`, `country`, `phone`, `gid`, `mobile`, `nationalnumber`, `department`, `division`, `with_honor`) VALUES (238059, 2000, '23', '', '', '', '', '', '', '', '', 'التربية الموسيقية ', '', '');
INSERT INTO `lk9v6_users` (`name`, `email`, `usertype`) VALUES ('مروة عبد الرؤوف محمود أحمد', '', 'الخريجين');
INSERT INTO `lk9v6_alumni_main` (`id`, `user_id`, `approved`) VALUES (238060, 238060, 1);
INSERT INTO `lk9v6_alumni_data` (`alumni_id`, `graduation_year`, `fid`, `job`, `address`, `city`, `country`, `phone`, `gid`, `mobile`, `nationalnumber`, `department`, `division`, `with_honor`) VALUES (238060, 2000, '23', '', '', '', '', '', '', '', '', 'التربية الموسيقية ', '', '');
INSERT INTO `lk9v6_users` (`name`, `email`, `usertype`) VALUES ('ميادة نبيل محمود الكتاتني ', '', 'الخريجين');
INSERT INTO `lk9v6_alumni_main` (`id`, `user_id`, `approved`) VALUES (238061, 238061, 1);
INSERT INTO `lk9v6_alumni_data` (`alumni_id`, `graduation_year`, `fid`, `job`, `address`, `city`, `country`, `phone`, `gid`, `mobile`, `nationalnumber`, `department`, `division`, `with_honor`) VALUES (238061, 2000, '23', '', '', '', '', '', '', '', '', 'التربية الموسيقية ', '', '');
INSERT INTO `lk9v6_users` (`name`, `email`, `usertype`) VALUES ('وائل محمد أنور عبد الحميد', '', 'الخريجين');
INSERT INTO `lk9v6_alumni_main` (`id`, `user_id`, `approved`) VALUES (238062, 238062, 1);
INSERT INTO `lk9v6_alumni_data` (`alumni_id`, `graduation_year`, `fid`, `job`, `address`, `city`, `country`, `phone`, `gid`, `mobile`, `nationalnumber`, `department`, `division`, `with_honor`) VALUES (238062, 2000, '23', '', '', '', '', '', '', '', '', 'التربية الموسيقية ', '', '');
INSERT INTO `lk9v6_users` (`name`, `email`, `usertype`) VALUES ('يسرا صلاح محمد العلايلي', '', 'الخريجين');
INSERT INTO `lk9v6_alumni_main` (`id`, `user_id`, `approved`) VALUES (238063, 238063, 1);
INSERT INTO `lk9v6_alumni_data` (`alumni_id`, `graduation_year`, `fid`, `job`, `address`, `city`, `country`, `phone`, `gid`, `mobile`, `nationalnumber`, `department`, `division`, `with_honor`) VALUES (238063, 2000, '23', '', '', '', '', '', '', '', '', 'التربية الموسيقية ', '', '');
INSERT INTO `lk9v6_users` (`name`, `email`, `usertype`) VALUES ('أحمد غريب أحمد عبد الهادي', '', 'الخريجين');
INSERT INTO `lk9v6_alumni_main` (`id`, `user_id`, `approved`) VALUES (238064, 238064, 1);
INSERT INTO `lk9v6_alumni_data` (`alumni_id`, `graduation_year`, `fid`, `job`, `address`, `city`, `country`, `phone`, `gid`, `mobile`, `nationalnumber`, `department`, `division`, `with_honor`) VALUES (238064, 2000, '23', '', '', '', '', '', '', '', '', 'التربية الموسيقية ', '', '');
INSERT INTO `lk9v6_users` (`name`, `email`, `usertype`) VALUES ('أميرة فاروق علي سودان', '', 'الخريجين');
INSERT INTO `lk9v6_alumni_main` (`id`, `user_id`, `approved`) VALUES (238065, 238065, 1);
INSERT INTO `lk9v6_alumni_data` (`alumni_id`, `graduation_year`, `fid`, `job`, `address`, `city`, `country`, `phone`, `gid`, `mobile`, `nationalnumber`, `department`, `division`, `with_honor`) VALUES (238065, 2000, '23', '', '', '', '', '', '', '', '', 'التربية الموسيقية ', '', '');
INSERT INTO `lk9v6_users` (`name`, `email`, `usertype`) VALUES ('أوديت كمال كامل مجلع', '', 'الخريجين');
INSERT INTO `lk9v6_alumni_main` (`id`, `user_id`, `approved`) VALUES (238066, 238066, 1);
INSERT INTO `lk9v6_alumni_data` (`alumni_id`, `graduation_year`, `fid`, `job`, `address`, `city`, `country`, `phone`, `gid`, `mobile`, `nationalnumber`, `department`, `division`, `with_honor`) VALUES (238066, 2000, '23', '', '', '', '', '', '', '', '', 'التربية الموسيقية ', '', '');
INSERT INTO `lk9v6_users` (`name`, `email`, `usertype`) VALUES ('أيمن السيد محمد عصفور ', '', 'الخريجين');
INSERT INTO `lk9v6_alumni_main` (`id`, `user_id`, `approved`) VALUES (238067, 238067, 1);
INSERT INTO `lk9v6_alumni_data` (`alumni_id`, `graduation_year`, `fid`, `job`, `address`, `city`, `country`, `phone`, `gid`, `mobile`, `nationalnumber`, `department`, `division`, `with_honor`) VALUES (238067, 2000, '23', '', '', '', '', '', '', '', '', 'التربية الموسيقية ', '', '');
INSERT INTO `lk9v6_users` (`name`, `email`, `usertype`) VALUES ('رباب ابراهيم سليمان محمد', '', 'الخريجين');
INSERT INTO `lk9v6_alumni_main` (`id`, `user_id`, `approved`) VALUES (238068, 238068, 1);
INSERT INTO `lk9v6_alumni_data` (`alumni_id`, `graduation_year`, `fid`, `job`, `address`, `city`, `country`, `phone`, `gid`, `mobile`, `nationalnumber`, `department`, `division`, `with_honor`) VALUES (238068, 2000, '23', '', '', '', '', '', '', '', '', 'التربية الموسيقية ', '', '');
INSERT INTO `lk9v6_users` (`name`, `email`, `usertype`) VALUES ('ريهام رمضان عوض الديب', '', 'الخريجين');
INSERT INTO `lk9v6_alumni_main` (`id`, `user_id`, `approved`) VALUES (238069, 238069, 1);
INSERT INTO `lk9v6_alumni_data` (`alumni_id`, `graduation_year`, `fid`, `job`, `address`, `city`, `country`, `phone`, `gid`, `mobile`, `nationalnumber`, `department`, `division`, `with_honor`) VALUES (238069, 2000, '23', '', '', '', '', '', '', '', '', 'التربية الموسيقية ', '', '');
INSERT INTO `lk9v6_users` (`name`, `email`, `usertype`) VALUES ('سمر خليل ابراهيم السيد', '', 'الخريجين');
INSERT INTO `lk9v6_alumni_main` (`id`, `user_id`, `approved`) VALUES (238070, 238070, 1);
INSERT INTO `lk9v6_alumni_data` (`alumni_id`, `graduation_year`, `fid`, `job`, `address`, `city`, `country`, `phone`, `gid`, `mobile`, `nationalnumber`, `department`, `division`, `with_honor`) VALUES (238070, 2000, '23', '', '', '', '', '', '', '', '', 'التربية الموسيقية ', '', '');
INSERT INTO `lk9v6_users` (`name`, `email`, `usertype`) VALUES ('شرين يعقوب اسحق أرمانيوس', '', 'الخريجين');
INSERT INTO `lk9v6_alumni_main` (`id`, `user_id`, `approved`) VALUES (238071, 238071, 1);
INSERT INTO `lk9v6_alumni_data` (`alumni_id`, `graduation_year`, `fid`, `job`, `address`, `city`, `country`, `phone`, `gid`, `mobile`, `nationalnumber`, `department`, `division`, `with_honor`) VALUES (238071, 2000, '23', '', '', '', '', '', '', '', '', 'التربية الموسيقية ', '', '');
INSERT INTO `lk9v6_users` (`name`, `email`, `usertype`) VALUES ('علياء أحمد مبروك خلف الله', '', 'الخريجين');
INSERT INTO `lk9v6_alumni_main` (`id`, `user_id`, `approved`) VALUES (238072, 238072, 1);
INSERT INTO `lk9v6_alumni_data` (`alumni_id`, `graduation_year`, `fid`, `job`, `address`, `city`, `country`, `phone`, `gid`, `mobile`, `nationalnumber`, `department`, `division`, `with_honor`) VALUES (238072, 2000, '23', '', '', '', '', '', '', '', '', 'التربية الموسيقية ', '', '');
INSERT INTO `lk9v6_users` (`name`, `email`, `usertype`) VALUES ('محمد سعيد السخاوي', '', 'الخريجين');
INSERT INTO `lk9v6_alumni_main` (`id`, `user_id`, `approved`) VALUES (238073, 238073, 1);
INSERT INTO `lk9v6_alumni_data` (`alumni_id`, `graduation_year`, `fid`, `job`, `address`, `city`, `country`, `phone`, `gid`, `mobile`, `nationalnumber`, `department`, `division`, `with_honor`) VALUES (238073, 2000, '23', '', '', '', '', '', '', '', '', 'التربية الموسيقية ', '', '');
INSERT INTO `lk9v6_users` (`name`, `email`, `usertype`) VALUES ('محمد محمود أبو غريبة ', '', 'الخريجين');
INSERT INTO `lk9v6_alumni_main` (`id`, `user_id`, `approved`) VALUES (238074, 238074, 1);
INSERT INTO `lk9v6_alumni_data` (`alumni_id`, `graduation_year`, `fid`, `job`, `address`, `city`, `country`, `phone`, `gid`, `mobile`, `nationalnumber`, `department`, `division`, `with_honor`) VALUES (238074, 2000, '23', '', '', '', '', '', '', '', '', 'التربية الموسيقية ', '', '');
INSERT INTO `lk9v6_users` (`name`, `email`, `usertype`) VALUES ('مينا ميخائيل شاكر سلومة ', '', 'الخريجين');
INSERT INTO `lk9v6_alumni_main` (`id`, `user_id`, `approved`) VALUES (238075, 238075, 1);
INSERT INTO `lk9v6_alumni_data` (`alumni_id`, `graduation_year`, `fid`, `job`, `address`, `city`, `country`, `phone`, `gid`, `mobile`, `nationalnumber`, `department`, `division`, `with_honor`) VALUES (238075, 2000, '23', '', '', '', '', '', '', '', '', 'التربية الموسيقية ', '', '');
INSERT INTO `lk9v6_users` (`name`, `email`, `usertype`) VALUES ('نيفين عاطف مرقص حنا ', '', 'الخريجين');
INSERT INTO `lk9v6_alumni_main` (`id`, `user_id`, `approved`) VALUES (238076, 238076, 1);
INSERT INTO `lk9v6_alumni_data` (`alumni_id`, `graduation_year`, `fid`, `job`, `address`, `city`, `country`, `phone`, `gid`, `mobile`, `nationalnumber`, `department`, `division`, `with_honor`) VALUES (238076, 2000, '23', '', '', '', '', '', '', '', '', 'التربية الموسيقية ', '', '');
INSERT INTO `lk9v6_users` (`name`, `email`, `usertype`) VALUES ('نيفين محمد حسين عبد الفتاح', '', 'الخريجين');
INSERT INTO `lk9v6_alumni_main` (`id`, `user_id`, `approved`) VALUES (238077, 238077, 1);
INSERT INTO `lk9v6_alumni_data` (`alumni_id`, `graduation_year`, `fid`, `job`, `address`, `city`, `country`, `phone`, `gid`, `mobile`, `nationalnumber`, `department`, `division`, `with_honor`) VALUES (238077, 2000, '23', '', '', '', '', '', '', '', '', 'التربية الموسيقية ', '', '');
INSERT INTO `lk9v6_users` (`name`, `email`, `usertype`) VALUES ('ياسمين السيد أحمد محمد', '', 'الخريجين');
INSERT INTO `lk9v6_alumni_main` (`id`, `user_id`, `approved`) VALUES (238078, 238078, 1);
INSERT INTO `lk9v6_alumni_data` (`alumni_id`, `graduation_year`, `fid`, `job`, `address`, `city`, `country`, `phone`, `gid`, `mobile`, `nationalnumber`, `department`, `division`, `with_honor`) VALUES (238078, 2000, '23', '', '', '', '', '', '', '', '', 'التربية الموسيقية ', '', '');
INSERT INTO `lk9v6_users` (`name`, `email`, `usertype`) VALUES ('خالد علي محمد محمد عياد', '', 'الخريجين');
INSERT INTO `lk9v6_alumni_main` (`id`, `user_id`, `approved`) VALUES (238079, 238079, 1);
INSERT INTO `lk9v6_alumni_data` (`alumni_id`, `graduation_year`, `fid`, `job`, `address`, `city`, `country`, `phone`, `gid`, `mobile`, `nationalnumber`, `department`, `division`, `with_honor`) VALUES (238079, 2000, '23', '', '', '', '', '', '', '', '', 'التربية الموسيقية ', '', '');
INSERT INTO `lk9v6_users` (`name`, `email`, `usertype`) VALUES ('ناردين فايز عبد الملك ', '', 'الخريجين');
INSERT INTO `lk9v6_alumni_main` (`id`, `user_id`, `approved`) VALUES (238080, 238080, 1);
INSERT INTO `lk9v6_alumni_data` (`alumni_id`, `graduation_year`, `fid`, `job`, `address`, `city`, `country`, `phone`, `gid`, `mobile`, `nationalnumber`, `department`, `division`, `with_honor`) VALUES (238080, 2000, '23', '', '', '', '', '', '', '', '', 'التربية الموسيقية ', '', '');
INSERT INTO `lk9v6_users` (`name`, `email`, `usertype`) VALUES ('وليد أحمد محمود أحمد', '', 'الخريجين');
INSERT INTO `lk9v6_alumni_main` (`id`, `user_id`, `approved`) VALUES (238081, 238081, 1);
INSERT INTO `lk9v6_alumni_data` (`alumni_id`, `graduation_year`, `fid`, `job`, `address`, `city`, `country`, `phone`, `gid`, `mobile`, `nationalnumber`, `department`, `division`, `with_honor`) VALUES (238081, 2000, '23', '', '', '', '', '', '', '', '', 'التربية الموسيقية ', '', '');
INSERT INTO `lk9v6_users` (`name`, `email`, `usertype`) VALUES ('أماني مجدي عوض أبو المعاطي ', '', 'الخريجين');
INSERT INTO `lk9v6_alumni_main` (`id`, `user_id`, `approved`) VALUES (238082, 238082, 1);
INSERT INTO `lk9v6_alumni_data` (`alumni_id`, `graduation_year`, `fid`, `job`, `address`, `city`, `country`, `phone`, `gid`, `mobile`, `nationalnumber`, `department`, `division`, `with_honor`) VALUES (238082, 2000, '23', '', '', '', '', '', '', '', '', 'التربية الموسيقية ', '', '');
INSERT INTO `lk9v6_users` (`name`, `email`, `usertype`) VALUES ('رانيا سمير عبد العال حسن ', '', 'الخريجين');
INSERT INTO `lk9v6_alumni_main` (`id`, `user_id`, `approved`) VALUES (238083, 238083, 1);
INSERT INTO `lk9v6_alumni_data` (`alumni_id`, `graduation_year`, `fid`, `job`, `address`, `city`, `country`, `phone`, `gid`, `mobile`, `nationalnumber`, `department`, `division`, `with_honor`) VALUES (238083, 2000, '23', '', '', '', '', '', '', '', '', 'التربية الموسيقية ', '', '');
INSERT INTO `lk9v6_users` (`name`, `email`, `usertype`) VALUES ('رانيا عبد المعطي رشاد عبد السيد', '', 'الخريجين');
INSERT INTO `lk9v6_alumni_main` (`id`, `user_id`, `approved`) VALUES (238084, 238084, 1);
INSERT INTO `lk9v6_alumni_data` (`alumni_id`, `graduation_year`, `fid`, `job`, `address`, `city`, `country`, `phone`, `gid`, `mobile`, `nationalnumber`, `department`, `division`, `with_honor`) VALUES (238084, 2000, '23', '', '', '', '', '', '', '', '', 'التربية الموسيقية ', '', '');
INSERT INTO `lk9v6_users` (`name`, `email`, `usertype`) VALUES ('فرنسوا صبحي مسيحه', '', 'الخريجين');
INSERT INTO `lk9v6_alumni_main` (`id`, `user_id`, `approved`) VALUES (238085, 238085, 1);
INSERT INTO `lk9v6_alumni_data` (`alumni_id`, `graduation_year`, `fid`, `job`, `address`, `city`, `country`, `phone`, `gid`, `mobile`, `nationalnumber`, `department`, `division`, `with_honor`) VALUES (238085, 2000, '23', '', '', '', '', '', '', '', '', 'التربية الموسيقية ', '', '');
INSERT INTO `lk9v6_users` (`name`, `email`, `usertype`) VALUES ('ماري صدقي متري ابراهيم ', '', 'الخريجين');
INSERT INTO `lk9v6_alumni_main` (`id`, `user_id`, `approved`) VALUES (238086, 238086, 1);
INSERT INTO `lk9v6_alumni_data` (`alumni_id`, `graduation_year`, `fid`, `job`, `address`, `city`, `country`, `phone`, `gid`, `mobile`, `nationalnumber`, `department`, `division`, `with_honor`) VALUES (238086, 2000, '23', '', '', '', '', '', '', '', '', 'التربية الموسيقية ', '', '');
INSERT INTO `lk9v6_users` (`name`, `email`, `usertype`) VALUES ('وسام عبد السلام عبد الفتاح', '', 'الخريجين');
INSERT INTO `lk9v6_alumni_main` (`id`, `user_id`, `approved`) VALUES (238087, 238087, 1);
INSERT INTO `lk9v6_alumni_data` (`alumni_id`, `graduation_year`, `fid`, `job`, `address`, `city`, `country`, `phone`, `gid`, `mobile`, `nationalnumber`, `department`, `division`, `with_honor`) VALUES (238087, 2000, '23', '', '', '', '', '', '', '', '', 'التربية الموسيقية ', '', '');
INSERT INTO `lk9v6_users` (`name`, `email`, `usertype`) VALUES ('ايمان عبد الحميد عبد الرحمن ', '', 'الخريجين');
INSERT INTO `lk9v6_alumni_main` (`id`, `user_id`, `approved`) VALUES (238088, 238088, 1);
INSERT INTO `lk9v6_alumni_data` (`alumni_id`, `graduation_year`, `fid`, `job`, `address`, `city`, `country`, `phone`, `gid`, `mobile`, `nationalnumber`, `department`, `division`, `with_honor`) VALUES (238088, 2000, '23', '', '', '', '', '', '', '', '', 'التربية الموسيقية ', '', '');
INSERT INTO `lk9v6_users` (`name`, `email`, `usertype`) VALUES ('أحمد كمال أحمد أبو عياشة ', '', 'الخريجين');
INSERT INTO `lk9v6_alumni_main` (`id`, `user_id`, `approved`) VALUES (238089, 238089, 1);
INSERT INTO `lk9v6_alumni_data` (`alumni_id`, `graduation_year`, `fid`, `job`, `address`, `city`, `country`, `phone`, `gid`, `mobile`, `nationalnumber`, `department`, `division`, `with_honor`) VALUES (238089, 2000, '23', '', '', '', '', '', '', '', '', 'التربية الموسيقية ', '', '');
INSERT INTO `lk9v6_users` (`name`, `email`, `usertype`) VALUES ('أحمد محمد مجد الفولي ', '', 'الخريجين');
INSERT INTO `lk9v6_alumni_main` (`id`, `user_id`, `approved`) VALUES (238090, 238090, 1);
INSERT INTO `lk9v6_alumni_data` (`alumni_id`, `graduation_year`, `fid`, `job`, `address`, `city`, `country`, `phone`, `gid`, `mobile`, `nationalnumber`, `department`, `division`, `with_honor`) VALUES (238090, 2000, '23', '', '', '', '', '', '', '', '', 'التربية الموسيقية ', '', '');
INSERT INTO `lk9v6_users` (`name`, `email`, `usertype`) VALUES ('إيفيت عطا الله نقولا ', '', 'الخريجين');
INSERT INTO `lk9v6_alumni_main` (`id`, `user_id`, `approved`) VALUES (238091, 238091, 1);
INSERT INTO `lk9v6_alumni_data` (`alumni_id`, `graduation_year`, `fid`, `job`, `address`, `city`, `country`, `phone`, `gid`, `mobile`, `nationalnumber`, `department`, `division`, `with_honor`) VALUES (238091, 2000, '23', '', '', '', '', '', '', '', '', 'التربية الموسيقية ', '', '');
INSERT INTO `lk9v6_users` (`name`, `email`, `usertype`) VALUES ('إيمان محمد عبد الحافظ أحمد', '', 'الخريجين');
INSERT INTO `lk9v6_alumni_main` (`id`, `user_id`, `approved`) VALUES (238092, 238092, 1);
INSERT INTO `lk9v6_alumni_data` (`alumni_id`, `graduation_year`, `fid`, `job`, `address`, `city`, `country`, `phone`, `gid`, `mobile`, `nationalnumber`, `department`, `division`, `with_honor`) VALUES (238092, 2000, '23', '', '', '', '', '', '', '', '', 'التربية الموسيقية ', '', '');
INSERT INTO `lk9v6_users` (`name`, `email`, `usertype`) VALUES ('داليا أبو اليزيد عبد الجواد علي ', '', 'الخريجين');
INSERT INTO `lk9v6_alumni_main` (`id`, `user_id`, `approved`) VALUES (238093, 238093, 1);
INSERT INTO `lk9v6_alumni_data` (`alumni_id`, `graduation_year`, `fid`, `job`, `address`, `city`, `country`, `phone`, `gid`, `mobile`, `nationalnumber`, `department`, `division`, `with_honor`) VALUES (238093, 2000, '23', '', '', '', '', '', '', '', '', 'التربية الموسيقية ', '', '');
INSERT INTO `lk9v6_users` (`name`, `email`, `usertype`) VALUES ('داليا أحمد محمد الورداني ', '', 'الخريجين');
INSERT INTO `lk9v6_alumni_main` (`id`, `user_id`, `approved`) VALUES (238094, 238094, 1);
INSERT INTO `lk9v6_alumni_data` (`alumni_id`, `graduation_year`, `fid`, `job`, `address`, `city`, `country`, `phone`, `gid`, `mobile`, `nationalnumber`, `department`, `division`, `with_honor`) VALUES (238094, 2000, '23', '', '', '', '', '', '', '', '', 'التربية الموسيقية ', '', '');
INSERT INTO `lk9v6_users` (`name`, `email`, `usertype`) VALUES ('داليا محمد أحمد الليثي ', '', 'الخريجين');
INSERT INTO `lk9v6_alumni_main` (`id`, `user_id`, `approved`) VALUES (238095, 238095, 1);
INSERT INTO `lk9v6_alumni_data` (`alumni_id`, `graduation_year`, `fid`, `job`, `address`, `city`, `country`, `phone`, `gid`, `mobile`, `nationalnumber`, `department`, `division`, `with_honor`) VALUES (238095, 2000, '23', '', '', '', '', '', '', '', '', 'التربية الموسيقية ', '', '');
INSERT INTO `lk9v6_users` (`name`, `email`, `usertype`) VALUES ('دعاء محمود علي راضي النجار ', '', 'الخريجين');
INSERT INTO `lk9v6_alumni_main` (`id`, `user_id`, `approved`) VALUES (238096, 238096, 1);
INSERT INTO `lk9v6_alumni_data` (`alumni_id`, `graduation_year`, `fid`, `job`, `address`, `city`, `country`, `phone`, `gid`, `mobile`, `nationalnumber`, `department`, `division`, `with_honor`) VALUES (238096, 2000, '23', '', '', '', '', '', '', '', '', 'التربية الموسيقية ', '', '');
INSERT INTO `lk9v6_users` (`name`, `email`, `usertype`) VALUES ('رحاب أحمد محمد عبد الخالق ', '', 'الخريجين');
INSERT INTO `lk9v6_alumni_main` (`id`, `user_id`, `approved`) VALUES (238097, 238097, 1);
INSERT INTO `lk9v6_alumni_data` (`alumni_id`, `graduation_year`, `fid`, `job`, `address`, `city`, `country`, `phone`, `gid`, `mobile`, `nationalnumber`, `department`, `division`, `with_honor`) VALUES (238097, 2000, '23', '', '', '', '', '', '', '', '', 'التربية الموسيقية ', '', '');
INSERT INTO `lk9v6_users` (`name`, `email`, `usertype`) VALUES ('شريف محمد عدلي ابراهيم ', '', 'الخريجين');
INSERT INTO `lk9v6_alumni_main` (`id`, `user_id`, `approved`) VALUES (238098, 238098, 1);
INSERT INTO `lk9v6_alumni_data` (`alumni_id`, `graduation_year`, `fid`, `job`, `address`, `city`, `country`, `phone`, `gid`, `mobile`, `nationalnumber`, `department`, `division`, `with_honor`) VALUES (238098, 2000, '23', '', '', '', '', '', '', '', '', 'التربية الموسيقية ', '', '');
INSERT INTO `lk9v6_users` (`name`, `email`, `usertype`) VALUES ('شيماء أحمد فؤاد محمد ', '', 'الخريجين');
INSERT INTO `lk9v6_alumni_main` (`id`, `user_id`, `approved`) VALUES (238099, 238099, 1);
INSERT INTO `lk9v6_alumni_data` (`alumni_id`, `graduation_year`, `fid`, `job`, `address`, `city`, `country`, `phone`, `gid`, `mobile`, `nationalnumber`, `department`, `division`, `with_honor`) VALUES (238099, 2000, '23', '', '', '', '', '', '', '', '', 'التربية الموسيقية ', '', '');
INSERT INTO `lk9v6_users` (`name`, `email`, `usertype`) VALUES ('علاء حسين علي الجيشي ', '', 'الخريجين');
INSERT INTO `lk9v6_alumni_main` (`id`, `user_id`, `approved`) VALUES (238100, 238100, 1);
INSERT INTO `lk9v6_alumni_data` (`alumni_id`, `graduation_year`, `fid`, `job`, `address`, `city`, `country`, `phone`, `gid`, `mobile`, `nationalnumber`, `department`, `division`, `with_honor`) VALUES (238100, 2000, '23', '', '', '', '', '', '', '', '', 'التربية الموسيقية ', '', '');
INSERT INTO `lk9v6_users` (`name`, `email`, `usertype`) VALUES ('عماد الدين عثمان حسن ', '', 'الخريجين');
INSERT INTO `lk9v6_alumni_main` (`id`, `user_id`, `approved`) VALUES (238101, 238101, 1);
INSERT INTO `lk9v6_alumni_data` (`alumni_id`, `graduation_year`, `fid`, `job`, `address`, `city`, `country`, `phone`, `gid`, `mobile`, `nationalnumber`, `department`, `division`, `with_honor`) VALUES (238101, 2000, '23', '', '', '', '', '', '', '', '', 'التربية الموسيقية ', '', '');
INSERT INTO `lk9v6_users` (`name`, `email`, `usertype`) VALUES ('عمرو جابر عبد المجيد ابراهيم ', '', 'الخريجين');
INSERT INTO `lk9v6_alumni_main` (`id`, `user_id`, `approved`) VALUES (238102, 238102, 1);
INSERT INTO `lk9v6_alumni_data` (`alumni_id`, `graduation_year`, `fid`, `job`, `address`, `city`, `country`, `phone`, `gid`, `mobile`, `nationalnumber`, `department`, `division`, `with_honor`) VALUES (238102, 2000, '23', '', '', '', '', '', '', '', '', 'التربية الموسيقية ', '', '');
INSERT INTO `lk9v6_users` (`name`, `email`, `usertype`) VALUES ('فريدة محمد السيد السيد', '', 'الخريجين');
INSERT INTO `lk9v6_alumni_main` (`id`, `user_id`, `approved`) VALUES (238103, 238103, 1);
INSERT INTO `lk9v6_alumni_data` (`alumni_id`, `graduation_year`, `fid`, `job`, `address`, `city`, `country`, `phone`, `gid`, `mobile`, `nationalnumber`, `department`, `division`, `with_honor`) VALUES (238103, 2000, '23', '', '', '', '', '', '', '', '', 'التربية الموسيقية ', '', '');
INSERT INTO `lk9v6_users` (`name`, `email`, `usertype`) VALUES ('مروة سيد عبد الرحمن السيد أحمد', '', 'الخريجين');
INSERT INTO `lk9v6_alumni_main` (`id`, `user_id`, `approved`) VALUES (238104, 238104, 1);
INSERT INTO `lk9v6_alumni_data` (`alumni_id`, `graduation_year`, `fid`, `job`, `address`, `city`, `country`, `phone`, `gid`, `mobile`, `nationalnumber`, `department`, `division`, `with_honor`) VALUES (238104, 2000, '23', '', '', '', '', '', '', '', '', 'التربية الموسيقية ', '', '');
INSERT INTO `lk9v6_users` (`name`, `email`, `usertype`) VALUES ('مينا عزت ميخائيل عبد الملاك', '', 'الخريجين');
INSERT INTO `lk9v6_alumni_main` (`id`, `user_id`, `approved`) VALUES (238105, 238105, 1);
INSERT INTO `lk9v6_alumni_data` (`alumni_id`, `graduation_year`, `fid`, `job`, `address`, `city`, `country`, `phone`, `gid`, `mobile`, `nationalnumber`, `department`, `division`, `with_honor`) VALUES (238105, 2000, '23', '', '', '', '', '', '', '', '', 'التربية الموسيقية ', '', '');
INSERT INTO `lk9v6_users` (`name`, `email`, `usertype`) VALUES ('هيثم محمد عبد المطلب مرسي ', '', 'الخريجين');
INSERT INTO `lk9v6_alumni_main` (`id`, `user_id`, `approved`) VALUES (238106, 238106, 1);
INSERT INTO `lk9v6_alumni_data` (`alumni_id`, `graduation_year`, `fid`, `job`, `address`, `city`, `country`, `phone`, `gid`, `mobile`, `nationalnumber`, `department`, `division`, `with_honor`) VALUES (238106, 2000, '23', '', '', '', '', '', '', '', '', 'التربية الموسيقية ', '', '');
INSERT INTO `lk9v6_users` (`name`, `email`, `usertype`) VALUES ('أحمد اسماعيل حسن محمد', '', 'الخريجين');
INSERT INTO `lk9v6_alumni_main` (`id`, `user_id`, `approved`) VALUES (238107, 238107, 1);
INSERT INTO `lk9v6_alumni_data` (`alumni_id`, `graduation_year`, `fid`, `job`, `address`, `city`, `country`, `phone`, `gid`, `mobile`, `nationalnumber`, `department`, `division`, `with_honor`) VALUES (238107, 2000, '23', '', '', '', '', '', '', '', '', 'التربية الموسيقية ', '', '');
INSERT INTO `lk9v6_users` (`name`, `email`, `usertype`) VALUES ('دعاء سمير مصطفي أحمد', '', 'الخريجين');
INSERT INTO `lk9v6_alumni_main` (`id`, `user_id`, `approved`) VALUES (238108, 238108, 1);
INSERT INTO `lk9v6_alumni_data` (`alumni_id`, `graduation_year`, `fid`, `job`, `address`, `city`, `country`, `phone`, `gid`, `mobile`, `nationalnumber`, `department`, `division`, `with_honor`) VALUES (238108, 2000, '23', '', '', '', '', '', '', '', '', 'التربية الموسيقية ', '', '');
INSERT INTO `lk9v6_users` (`name`, `email`, `usertype`) VALUES ('ايناس رفعت سعد الحفناوي ', '', 'الخريجين');
INSERT INTO `lk9v6_alumni_main` (`id`, `user_id`, `approved`) VALUES (238109, 238109, 1);
INSERT INTO `lk9v6_alumni_data` (`alumni_id`, `graduation_year`, `fid`, `job`, `address`, `city`, `country`, `phone`, `gid`, `mobile`, `nationalnumber`, `department`, `division`, `with_honor`) VALUES (238109, 2000, '23', '', '', '', '', '', '', '', '', 'التربية الموسيقية ', '', '');
INSERT INTO `lk9v6_users` (`name`, `email`, `usertype`) VALUES ('أحمد حسن الغريب ', '', 'الخريجين');
INSERT INTO `lk9v6_alumni_main` (`id`, `user_id`, `approved`) VALUES (238110, 238110, 1);
INSERT INTO `lk9v6_alumni_data` (`alumni_id`, `graduation_year`, `fid`, `job`, `address`, `city`, `country`, `phone`, `gid`, `mobile`, `nationalnumber`, `department`, `division`, `with_honor`) VALUES (238110, 2000, '23', '', '', '', '', '', '', '', '', 'التربية الموسيقية ', '', '');
INSERT INTO `lk9v6_users` (`name`, `email`, `usertype`) VALUES ('معالي كمال عوض مرجان ', '', 'الخريجين');
INSERT INTO `lk9v6_alumni_main` (`id`, `user_id`, `approved`) VALUES (238111, 238111, 1);
INSERT INTO `lk9v6_alumni_data` (`alumni_id`, `graduation_year`, `fid`, `job`, `address`, `city`, `country`, `phone`, `gid`, `mobile`, `nationalnumber`, `department`, `division`, `with_honor`) VALUES (238111, 2000, '23', '', '', '', '', '', '', '', '', 'التربية الموسيقية ', '', '');
INSERT INTO `lk9v6_users` (`name`, `email`, `usertype`) VALUES ('أحمد مسعد السيد مصطفي ', '', 'الخريجين');
INSERT INTO `lk9v6_alumni_main` (`id`, `user_id`, `approved`) VALUES (238112, 238112, 1);
INSERT INTO `lk9v6_alumni_data` (`alumni_id`, `graduation_year`, `fid`, `job`, `address`, `city`, `country`, `phone`, `gid`, `mobile`, `nationalnumber`, `department`, `division`, `with_honor`) VALUES (238112, 2000, '23', '', '', '', '', '', '', '', '', 'التربية الفنية ', '', '');
INSERT INTO `lk9v6_users` (`name`, `email`, `usertype`) VALUES ('أسماء محمود محمد أحمد صالح', '', 'الخريجين');
INSERT INTO `lk9v6_alumni_main` (`id`, `user_id`, `approved`) VALUES (238113, 238113, 1);
INSERT INTO `lk9v6_alumni_data` (`alumni_id`, `graduation_year`, `fid`, `job`, `address`, `city`, `country`, `phone`, `gid`, `mobile`, `nationalnumber`, `department`, `division`, `with_honor`) VALUES (238113, 2000, '23', '', '', '', '', '', '', '', '', 'التربية الفنية ', '', '');
INSERT INTO `lk9v6_users` (`name`, `email`, `usertype`) VALUES ('أمل أحمد لطفي بهجت ', '', 'الخريجين');
INSERT INTO `lk9v6_alumni_main` (`id`, `user_id`, `approved`) VALUES (238114, 238114, 1);
INSERT INTO `lk9v6_alumni_data` (`alumni_id`, `graduation_year`, `fid`, `job`, `address`, `city`, `country`, `phone`, `gid`, `mobile`, `nationalnumber`, `department`, `division`, `with_honor`) VALUES (238114, 2000, '23', '', '', '', '', '', '', '', '', 'التربية الفنية ', '', '');
INSERT INTO `lk9v6_users` (`name`, `email`, `usertype`) VALUES ('أميرة أحمد محمد الهندوم ', '', 'الخريجين');
INSERT INTO `lk9v6_alumni_main` (`id`, `user_id`, `approved`) VALUES (238115, 238115, 1);
INSERT INTO `lk9v6_alumni_data` (`alumni_id`, `graduation_year`, `fid`, `job`, `address`, `city`, `country`, `phone`, `gid`, `mobile`, `nationalnumber`, `department`, `division`, `with_honor`) VALUES (238115, 2000, '23', '', '', '', '', '', '', '', '', 'التربية الفنية ', '', '');
INSERT INTO `lk9v6_users` (`name`, `email`, `usertype`) VALUES ('أميرة أحمد ناجي ابراهيم ', '', 'الخريجين');
INSERT INTO `lk9v6_alumni_main` (`id`, `user_id`, `approved`) VALUES (238116, 238116, 1);
INSERT INTO `lk9v6_alumni_data` (`alumni_id`, `graduation_year`, `fid`, `job`, `address`, `city`, `country`, `phone`, `gid`, `mobile`, `nationalnumber`, `department`, `division`, `with_honor`) VALUES (238116, 2000, '23', '', '', '', '', '', '', '', '', 'التربية الفنية ', '', '');
INSERT INTO `lk9v6_users` (`name`, `email`, `usertype`) VALUES ('أميرة عطية محمد عثمان ', '', 'الخريجين');
INSERT INTO `lk9v6_alumni_main` (`id`, `user_id`, `approved`) VALUES (238117, 238117, 1);
INSERT INTO `lk9v6_alumni_data` (`alumni_id`, `graduation_year`, `fid`, `job`, `address`, `city`, `country`, `phone`, `gid`, `mobile`, `nationalnumber`, `department`, `division`, `with_honor`) VALUES (238117, 2000, '23', '', '', '', '', '', '', '', '', 'التربية الفنية ', '', '');
INSERT INTO `lk9v6_users` (`name`, `email`, `usertype`) VALUES ('رحاب جمال الدين علي الربيعي ', '', 'الخريجين');
INSERT INTO `lk9v6_alumni_main` (`id`, `user_id`, `approved`) VALUES (238118, 238118, 1);
INSERT INTO `lk9v6_alumni_data` (`alumni_id`, `graduation_year`, `fid`, `job`, `address`, `city`, `country`, `phone`, `gid`, `mobile`, `nationalnumber`, `department`, `division`, `with_honor`) VALUES (238118, 2000, '23', '', '', '', '', '', '', '', '', 'التربية الفنية ', '', '');
INSERT INTO `lk9v6_users` (`name`, `email`, `usertype`) VALUES ('رشا محمد محمد حسين نصار ', '', 'الخريجين');
INSERT INTO `lk9v6_alumni_main` (`id`, `user_id`, `approved`) VALUES (238119, 238119, 1);
INSERT INTO `lk9v6_alumni_data` (`alumni_id`, `graduation_year`, `fid`, `job`, `address`, `city`, `country`, `phone`, `gid`, `mobile`, `nationalnumber`, `department`, `division`, `with_honor`) VALUES (238119, 2000, '23', '', '', '', '', '', '', '', '', 'التربية الفنية ', '', '');
INSERT INTO `lk9v6_users` (`name`, `email`, `usertype`) VALUES ('سهام حسين ابراهيم محمد قريحة ', '', 'الخريجين');
INSERT INTO `lk9v6_alumni_main` (`id`, `user_id`, `approved`) VALUES (238120, 238120, 1);
INSERT INTO `lk9v6_alumni_data` (`alumni_id`, `graduation_year`, `fid`, `job`, `address`, `city`, `country`, `phone`, `gid`, `mobile`, `nationalnumber`, `department`, `division`, `with_honor`) VALUES (238120, 2000, '23', '', '', '', '', '', '', '', '', 'التربية الفنية ', '', '');
INSERT INTO `lk9v6_users` (`name`, `email`, `usertype`) VALUES ('شريف مصطفي مصطفي خضر ', '', 'الخريجين');
INSERT INTO `lk9v6_alumni_main` (`id`, `user_id`, `approved`) VALUES (238121, 238121, 1);
INSERT INTO `lk9v6_alumni_data` (`alumni_id`, `graduation_year`, `fid`, `job`, `address`, `city`, `country`, `phone`, `gid`, `mobile`, `nationalnumber`, `department`, `division`, `with_honor`) VALUES (238121, 2000, '23', '', '', '', '', '', '', '', '', 'التربية الفنية ', '', '');
INSERT INTO `lk9v6_users` (`name`, `email`, `usertype`) VALUES ('شيماء محمد سمير مصطفي ', '', 'الخريجين');
INSERT INTO `lk9v6_alumni_main` (`id`, `user_id`, `approved`) VALUES (238122, 238122, 1);
INSERT INTO `lk9v6_alumni_data` (`alumni_id`, `graduation_year`, `fid`, `job`, `address`, `city`, `country`, `phone`, `gid`, `mobile`, `nationalnumber`, `department`, `division`, `with_honor`) VALUES (238122, 2000, '23', '', '', '', '', '', '', '', '', 'التربية الفنية ', '', '');
INSERT INTO `lk9v6_users` (`name`, `email`, `usertype`) VALUES ('عبير خميس محمد حميدة ', '', 'الخريجين');
INSERT INTO `lk9v6_alumni_main` (`id`, `user_id`, `approved`) VALUES (238123, 238123, 1);
INSERT INTO `lk9v6_alumni_data` (`alumni_id`, `graduation_year`, `fid`, `job`, `address`, `city`, `country`, `phone`, `gid`, `mobile`, `nationalnumber`, `department`, `division`, `with_honor`) VALUES (238123, 2000, '23', '', '', '', '', '', '', '', '', 'التربية الفنية ', '', '');
INSERT INTO `lk9v6_users` (`name`, `email`, `usertype`) VALUES ('عزة أحمد عزمي محمد بلال ', '', 'الخريجين');
INSERT INTO `lk9v6_alumni_main` (`id`, `user_id`, `approved`) VALUES (238124, 238124, 1);
INSERT INTO `lk9v6_alumni_data` (`alumni_id`, `graduation_year`, `fid`, `job`, `address`, `city`, `country`, `phone`, `gid`, `mobile`, `nationalnumber`, `department`, `division`, `with_honor`) VALUES (238124, 2000, '23', '', '', '', '', '', '', '', '', 'التربية الفنية ', '', '');
INSERT INTO `lk9v6_users` (`name`, `email`, `usertype`) VALUES ('عصمت علي أحمد مرسي أبو علي ', '', 'الخريجين');
INSERT INTO `lk9v6_alumni_main` (`id`, `user_id`, `approved`) VALUES (238125, 238125, 1);
INSERT INTO `lk9v6_alumni_data` (`alumni_id`, `graduation_year`, `fid`, `job`, `address`, `city`, `country`, `phone`, `gid`, `mobile`, `nationalnumber`, `department`, `division`, `with_honor`) VALUES (238125, 2000, '23', '', '', '', '', '', '', '', '', 'التربية الفنية ', '', '');
INSERT INTO `lk9v6_users` (`name`, `email`, `usertype`) VALUES ('غادة عيد محمود محمد', '', 'الخريجين');
INSERT INTO `lk9v6_alumni_main` (`id`, `user_id`, `approved`) VALUES (238126, 238126, 1);
INSERT INTO `lk9v6_alumni_data` (`alumni_id`, `graduation_year`, `fid`, `job`, `address`, `city`, `country`, `phone`, `gid`, `mobile`, `nationalnumber`, `department`, `division`, `with_honor`) VALUES (238126, 2000, '23', '', '', '', '', '', '', '', '', 'التربية الفنية ', '', '');
INSERT INTO `lk9v6_users` (`name`, `email`, `usertype`) VALUES ('فلورا فائق حنا بسطورس بولي ', '', 'الخريجين');
INSERT INTO `lk9v6_alumni_main` (`id`, `user_id`, `approved`) VALUES (238127, 238127, 1);
INSERT INTO `lk9v6_alumni_data` (`alumni_id`, `graduation_year`, `fid`, `job`, `address`, `city`, `country`, `phone`, `gid`, `mobile`, `nationalnumber`, `department`, `division`, `with_honor`) VALUES (238127, 2000, '23', '', '', '', '', '', '', '', '', 'التربية الفنية ', '', '');
INSERT INTO `lk9v6_users` (`name`, `email`, `usertype`) VALUES ('كريم حليم اسعد خليل ', '', 'الخريجين');
INSERT INTO `lk9v6_alumni_main` (`id`, `user_id`, `approved`) VALUES (238128, 238128, 1);
INSERT INTO `lk9v6_alumni_data` (`alumni_id`, `graduation_year`, `fid`, `job`, `address`, `city`, `country`, `phone`, `gid`, `mobile`, `nationalnumber`, `department`, `division`, `with_honor`) VALUES (238128, 2000, '23', '', '', '', '', '', '', '', '', 'التربية الفنية ', '', '');
INSERT INTO `lk9v6_users` (`name`, `email`, `usertype`) VALUES ('مروة محمد مصطفي قطري ', '', 'الخريجين');
INSERT INTO `lk9v6_alumni_main` (`id`, `user_id`, `approved`) VALUES (238129, 238129, 1);
INSERT INTO `lk9v6_alumni_data` (`alumni_id`, `graduation_year`, `fid`, `job`, `address`, `city`, `country`, `phone`, `gid`, `mobile`, `nationalnumber`, `department`, `division`, `with_honor`) VALUES (238129, 2000, '23', '', '', '', '', '', '', '', '', 'التربية الفنية ', '', '');
INSERT INTO `lk9v6_users` (`name`, `email`, `usertype`) VALUES ('معالي عبد القادر عبد الهادي ', '', 'الخريجين');
INSERT INTO `lk9v6_alumni_main` (`id`, `user_id`, `approved`) VALUES (238130, 238130, 1);
INSERT INTO `lk9v6_alumni_data` (`alumni_id`, `graduation_year`, `fid`, `job`, `address`, `city`, `country`, `phone`, `gid`, `mobile`, `nationalnumber`, `department`, `division`, `with_honor`) VALUES (238130, 2000, '23', '', '', '', '', '', '', '', '', 'التربية الفنية ', '', '');
INSERT INTO `lk9v6_users` (`name`, `email`, `usertype`) VALUES ('نهي محمد ينادي جمال عبد اللطيف ', '', 'الخريجين');
INSERT INTO `lk9v6_alumni_main` (`id`, `user_id`, `approved`) VALUES (238131, 238131, 1);
INSERT INTO `lk9v6_alumni_data` (`alumni_id`, `graduation_year`, `fid`, `job`, `address`, `city`, `country`, `phone`, `gid`, `mobile`, `nationalnumber`, `department`, `division`, `with_honor`) VALUES (238131, 2000, '23', '', '', '', '', '', '', '', '', 'التربية الفنية ', '', '');
INSERT INTO `lk9v6_users` (`name`, `email`, `usertype`) VALUES ('نيفين مصطفي عبد الرحمن ابراهيم ', '', 'الخريجين');
INSERT INTO `lk9v6_alumni_main` (`id`, `user_id`, `approved`) VALUES (238132, 238132, 1);
INSERT INTO `lk9v6_alumni_data` (`alumni_id`, `graduation_year`, `fid`, `job`, `address`, `city`, `country`, `phone`, `gid`, `mobile`, `nationalnumber`, `department`, `division`, `with_honor`) VALUES (238132, 2000, '23', '', '', '', '', '', '', '', '', 'التربية الفنية ', '', '');
INSERT INTO `lk9v6_users` (`name`, `email`, `usertype`) VALUES ('هبة حسن عبدة بشارة ', '', 'الخريجين');
INSERT INTO `lk9v6_alumni_main` (`id`, `user_id`, `approved`) VALUES (238133, 238133, 1);
INSERT INTO `lk9v6_alumni_data` (`alumni_id`, `graduation_year`, `fid`, `job`, `address`, `city`, `country`, `phone`, `gid`, `mobile`, `nationalnumber`, `department`, `division`, `with_honor`) VALUES (238133, 2000, '23', '', '', '', '', '', '', '', '', 'التربية الفنية ', '', '');
INSERT INTO `lk9v6_users` (`name`, `email`, `usertype`) VALUES ('ولاء ابراهيم محمد ابراهيم ', '', 'الخريجين');
INSERT INTO `lk9v6_alumni_main` (`id`, `user_id`, `approved`) VALUES (238134, 238134, 1);
INSERT INTO `lk9v6_alumni_data` (`alumni_id`, `graduation_year`, `fid`, `job`, `address`, `city`, `country`, `phone`, `gid`, `mobile`, `nationalnumber`, `department`, `division`, `with_honor`) VALUES (238134, 2000, '23', '', '', '', '', '', '', '', '', 'التربية الفنية ', '', '');
INSERT INTO `lk9v6_users` (`name`, `email`, `usertype`) VALUES ('ولاء السيد علي النساج ', '', 'الخريجين');
INSERT INTO `lk9v6_alumni_main` (`id`, `user_id`, `approved`) VALUES (238135, 238135, 1);
INSERT INTO `lk9v6_alumni_data` (`alumni_id`, `graduation_year`, `fid`, `job`, `address`, `city`, `country`, `phone`, `gid`, `mobile`, `nationalnumber`, `department`, `division`, `with_honor`) VALUES (238135, 2000, '23', '', '', '', '', '', '', '', '', 'التربية الفنية ', '', '');
INSERT INTO `lk9v6_users` (`name`, `email`, `usertype`) VALUES ('أمنية هشام عبد الحميد صومع', '', 'الخريجين');
INSERT INTO `lk9v6_alumni_main` (`id`, `user_id`, `approved`) VALUES (238136, 238136, 1);
INSERT INTO `lk9v6_alumni_data` (`alumni_id`, `graduation_year`, `fid`, `job`, `address`, `city`, `country`, `phone`, `gid`, `mobile`, `nationalnumber`, `department`, `division`, `with_honor`) VALUES (238136, 2000, '23', '', '', '', '', '', '', '', '', 'التربية الفنية ', '', '');
INSERT INTO `lk9v6_users` (`name`, `email`, `usertype`) VALUES ('أميرة السيد أحمد عبد الفتاح', '', 'الخريجين');
INSERT INTO `lk9v6_alumni_main` (`id`, `user_id`, `approved`) VALUES (238137, 238137, 1);
INSERT INTO `lk9v6_alumni_data` (`alumni_id`, `graduation_year`, `fid`, `job`, `address`, `city`, `country`, `phone`, `gid`, `mobile`, `nationalnumber`, `department`, `division`, `with_honor`) VALUES (238137, 2000, '23', '', '', '', '', '', '', '', '', 'التربية الفنية ', '', '');
INSERT INTO `lk9v6_users` (`name`, `email`, `usertype`) VALUES ('أميرة عبد الغني محمد عبد الغني ', '', 'الخريجين');
INSERT INTO `lk9v6_alumni_main` (`id`, `user_id`, `approved`) VALUES (238138, 238138, 1);
INSERT INTO `lk9v6_alumni_data` (`alumni_id`, `graduation_year`, `fid`, `job`, `address`, `city`, `country`, `phone`, `gid`, `mobile`, `nationalnumber`, `department`, `division`, `with_honor`) VALUES (238138, 2000, '23', '', '', '', '', '', '', '', '', 'التربية الفنية ', '', '');
INSERT INTO `lk9v6_users` (`name`, `email`, `usertype`) VALUES ('أميمة صلاح الدين محمد علي ', '', 'الخريجين');
INSERT INTO `lk9v6_alumni_main` (`id`, `user_id`, `approved`) VALUES (238139, 238139, 1);
INSERT INTO `lk9v6_alumni_data` (`alumni_id`, `graduation_year`, `fid`, `job`, `address`, `city`, `country`, `phone`, `gid`, `mobile`, `nationalnumber`, `department`, `division`, `with_honor`) VALUES (238139, 2000, '23', '', '', '', '', '', '', '', '', 'التربية الفنية ', '', '');
INSERT INTO `lk9v6_users` (`name`, `email`, `usertype`) VALUES ('إنجي محمد سعيد خليل ابراهيم ', '', 'الخريجين');
INSERT INTO `lk9v6_alumni_main` (`id`, `user_id`, `approved`) VALUES (238140, 238140, 1);
INSERT INTO `lk9v6_alumni_data` (`alumni_id`, `graduation_year`, `fid`, `job`, `address`, `city`, `country`, `phone`, `gid`, `mobile`, `nationalnumber`, `department`, `division`, `with_honor`) VALUES (238140, 2000, '23', '', '', '', '', '', '', '', '', 'التربية الفنية ', '', '');
INSERT INTO `lk9v6_users` (`name`, `email`, `usertype`) VALUES ('إنجي محمد ةسمير عرفة خالد', '', 'الخريجين');
INSERT INTO `lk9v6_alumni_main` (`id`, `user_id`, `approved`) VALUES (238141, 238141, 1);
INSERT INTO `lk9v6_alumni_data` (`alumni_id`, `graduation_year`, `fid`, `job`, `address`, `city`, `country`, `phone`, `gid`, `mobile`, `nationalnumber`, `department`, `division`, `with_honor`) VALUES (238141, 2000, '23', '', '', '', '', '', '', '', '', 'التربية الفنية ', '', '');
INSERT INTO `lk9v6_users` (`name`, `email`, `usertype`) VALUES ('ايمان شوقي محمد رمضان', '', 'الخريجين');
INSERT INTO `lk9v6_alumni_main` (`id`, `user_id`, `approved`) VALUES (238142, 238142, 1);
INSERT INTO `lk9v6_alumni_data` (`alumni_id`, `graduation_year`, `fid`, `job`, `address`, `city`, `country`, `phone`, `gid`, `mobile`, `nationalnumber`, `department`, `division`, `with_honor`) VALUES (238142, 2000, '23', '', '', '', '', '', '', '', '', 'التربية الفنية ', '', '');
INSERT INTO `lk9v6_users` (`name`, `email`, `usertype`) VALUES ('ايريني عادل نقولا ابراهيم ', '', 'الخريجين');
INSERT INTO `lk9v6_alumni_main` (`id`, `user_id`, `approved`) VALUES (238143, 238143, 1);
INSERT INTO `lk9v6_alumni_data` (`alumni_id`, `graduation_year`, `fid`, `job`, `address`, `city`, `country`, `phone`, `gid`, `mobile`, `nationalnumber`, `department`, `division`, `with_honor`) VALUES (238143, 2000, '23', '', '', '', '', '', '', '', '', 'التربية الفنية ', '', '');
INSERT INTO `lk9v6_users` (`name`, `email`, `usertype`) VALUES ('بسمة ابراهيم محمود عبد الحميد', '', 'الخريجين');
INSERT INTO `lk9v6_alumni_main` (`id`, `user_id`, `approved`) VALUES (238144, 238144, 1);
INSERT INTO `lk9v6_alumni_data` (`alumni_id`, `graduation_year`, `fid`, `job`, `address`, `city`, `country`, `phone`, `gid`, `mobile`, `nationalnumber`, `department`, `division`, `with_honor`) VALUES (238144, 2000, '23', '', '', '', '', '', '', '', '', 'التربية الفنية ', '', '');
INSERT INTO `lk9v6_users` (`name`, `email`, `usertype`) VALUES ('تامر خيري محمد محمد الحمامي ', '', 'الخريجين');
INSERT INTO `lk9v6_alumni_main` (`id`, `user_id`, `approved`) VALUES (238145, 238145, 1);
INSERT INTO `lk9v6_alumni_data` (`alumni_id`, `graduation_year`, `fid`, `job`, `address`, `city`, `country`, `phone`, `gid`, `mobile`, `nationalnumber`, `department`, `division`, `with_honor`) VALUES (238145, 2000, '23', '', '', '', '', '', '', '', '', 'التربية الفنية ', '', '');
INSERT INTO `lk9v6_users` (`name`, `email`, `usertype`) VALUES ('جيهان فاروق زكي الطباخ', '', 'الخريجين');
INSERT INTO `lk9v6_alumni_main` (`id`, `user_id`, `approved`) VALUES (238146, 238146, 1);
INSERT INTO `lk9v6_alumni_data` (`alumni_id`, `graduation_year`, `fid`, `job`, `address`, `city`, `country`, `phone`, `gid`, `mobile`, `nationalnumber`, `department`, `division`, `with_honor`) VALUES (238146, 2000, '23', '', '', '', '', '', '', '', '', 'التربية الفنية ', '', '');
INSERT INTO `lk9v6_users` (`name`, `email`, `usertype`) VALUES ('حنان عبد الفتاح عبد الجليل جعيص ', '', 'الخريجين');
INSERT INTO `lk9v6_alumni_main` (`id`, `user_id`, `approved`) VALUES (238147, 238147, 1);
INSERT INTO `lk9v6_alumni_data` (`alumni_id`, `graduation_year`, `fid`, `job`, `address`, `city`, `country`, `phone`, `gid`, `mobile`, `nationalnumber`, `department`, `division`, `with_honor`) VALUES (238147, 2000, '23', '', '', '', '', '', '', '', '', 'التربية الفنية ', '', '');
INSERT INTO `lk9v6_users` (`name`, `email`, `usertype`) VALUES ('دعاء أحمد جبر أبو وديع', '', 'الخريجين');
INSERT INTO `lk9v6_alumni_main` (`id`, `user_id`, `approved`) VALUES (238148, 238148, 1);
INSERT INTO `lk9v6_alumni_data` (`alumni_id`, `graduation_year`, `fid`, `job`, `address`, `city`, `country`, `phone`, `gid`, `mobile`, `nationalnumber`, `department`, `division`, `with_honor`) VALUES (238148, 2000, '23', '', '', '', '', '', '', '', '', 'التربية الفنية ', '', '');
INSERT INTO `lk9v6_users` (`name`, `email`, `usertype`) VALUES ('دعاء علي السيد بليغ', '', 'الخريجين');
INSERT INTO `lk9v6_alumni_main` (`id`, `user_id`, `approved`) VALUES (238149, 238149, 1);
INSERT INTO `lk9v6_alumni_data` (`alumni_id`, `graduation_year`, `fid`, `job`, `address`, `city`, `country`, `phone`, `gid`, `mobile`, `nationalnumber`, `department`, `division`, `with_honor`) VALUES (238149, 2000, '23', '', '', '', '', '', '', '', '', 'التربية الفنية ', '', '');
INSERT INTO `lk9v6_users` (`name`, `email`, `usertype`) VALUES ('دعاء سمير عبد المنعم محمد شعبان', '', 'الخريجين');
INSERT INTO `lk9v6_alumni_main` (`id`, `user_id`, `approved`) VALUES (238150, 238150, 1);
INSERT INTO `lk9v6_alumni_data` (`alumni_id`, `graduation_year`, `fid`, `job`, `address`, `city`, `country`, `phone`, `gid`, `mobile`, `nationalnumber`, `department`, `division`, `with_honor`) VALUES (238150, 2000, '23', '', '', '', '', '', '', '', '', 'التربية الفنية ', '', '');
INSERT INTO `lk9v6_users` (`name`, `email`, `usertype`) VALUES ('رانيا عاطف عبد الملاك غبريال', '', 'الخريجين');
INSERT INTO `lk9v6_alumni_main` (`id`, `user_id`, `approved`) VALUES (238151, 238151, 1);
INSERT INTO `lk9v6_alumni_data` (`alumni_id`, `graduation_year`, `fid`, `job`, `address`, `city`, `country`, `phone`, `gid`, `mobile`, `nationalnumber`, `department`, `division`, `with_honor`) VALUES (238151, 2000, '23', '', '', '', '', '', '', '', '', 'التربية الفنية ', '', '');
INSERT INTO `lk9v6_users` (`name`, `email`, `usertype`) VALUES ('رانيا عبد الرازق عبد الخبير محمد', '', 'الخريجين');
INSERT INTO `lk9v6_alumni_main` (`id`, `user_id`, `approved`) VALUES (238152, 238152, 1);
INSERT INTO `lk9v6_alumni_data` (`alumni_id`, `graduation_year`, `fid`, `job`, `address`, `city`, `country`, `phone`, `gid`, `mobile`, `nationalnumber`, `department`, `division`, `with_honor`) VALUES (238152, 2000, '23', '', '', '', '', '', '', '', '', 'التربية الفنية ', '', '');
INSERT INTO `lk9v6_users` (`name`, `email`, `usertype`) VALUES ('رانيا مدحت محمد عزب ', '', 'الخريجين');
INSERT INTO `lk9v6_alumni_main` (`id`, `user_id`, `approved`) VALUES (238153, 238153, 1);
INSERT INTO `lk9v6_alumni_data` (`alumni_id`, `graduation_year`, `fid`, `job`, `address`, `city`, `country`, `phone`, `gid`, `mobile`, `nationalnumber`, `department`, `division`, `with_honor`) VALUES (238153, 2000, '23', '', '', '', '', '', '', '', '', 'التربية الفنية ', '', '');
INSERT INTO `lk9v6_users` (`name`, `email`, `usertype`) VALUES ('رباب رافت السيد نجاتي ', '', 'الخريجين');
INSERT INTO `lk9v6_alumni_main` (`id`, `user_id`, `approved`) VALUES (238154, 238154, 1);
INSERT INTO `lk9v6_alumni_data` (`alumni_id`, `graduation_year`, `fid`, `job`, `address`, `city`, `country`, `phone`, `gid`, `mobile`, `nationalnumber`, `department`, `division`, `with_honor`) VALUES (238154, 2000, '23', '', '', '', '', '', '', '', '', 'التربية الفنية ', '', '');
INSERT INTO `lk9v6_users` (`name`, `email`, `usertype`) VALUES ('رباب صبري أحمد أمين ', '', 'الخريجين');
INSERT INTO `lk9v6_alumni_main` (`id`, `user_id`, `approved`) VALUES (238155, 238155, 1);
INSERT INTO `lk9v6_alumni_data` (`alumni_id`, `graduation_year`, `fid`, `job`, `address`, `city`, `country`, `phone`, `gid`, `mobile`, `nationalnumber`, `department`, `division`, `with_honor`) VALUES (238155, 2000, '23', '', '', '', '', '', '', '', '', 'التربية الفنية ', '', '');
INSERT INTO `lk9v6_users` (`name`, `email`, `usertype`) VALUES ('رباب محمد عبد الجواد', '', 'الخريجين');
INSERT INTO `lk9v6_alumni_main` (`id`, `user_id`, `approved`) VALUES (238156, 238156, 1);
INSERT INTO `lk9v6_alumni_data` (`alumni_id`, `graduation_year`, `fid`, `job`, `address`, `city`, `country`, `phone`, `gid`, `mobile`, `nationalnumber`, `department`, `division`, `with_honor`) VALUES (238156, 2000, '23', '', '', '', '', '', '', '', '', 'التربية الفنية ', '', '');
INSERT INTO `lk9v6_users` (`name`, `email`, `usertype`) VALUES ('رحاب صبري أحمد أمين ', '', 'الخريجين');
INSERT INTO `lk9v6_alumni_main` (`id`, `user_id`, `approved`) VALUES (238157, 238157, 1);
INSERT INTO `lk9v6_alumni_data` (`alumni_id`, `graduation_year`, `fid`, `job`, `address`, `city`, `country`, `phone`, `gid`, `mobile`, `nationalnumber`, `department`, `division`, `with_honor`) VALUES (238157, 2000, '23', '', '', '', '', '', '', '', '', 'التربية الفنية ', '', '');
INSERT INTO `lk9v6_users` (`name`, `email`, `usertype`) VALUES ('رشا شعبان محمد متولي ', '', 'الخريجين');
INSERT INTO `lk9v6_alumni_main` (`id`, `user_id`, `approved`) VALUES (238158, 238158, 1);
INSERT INTO `lk9v6_alumni_data` (`alumni_id`, `graduation_year`, `fid`, `job`, `address`, `city`, `country`, `phone`, `gid`, `mobile`, `nationalnumber`, `department`, `division`, `with_honor`) VALUES (238158, 2000, '23', '', '', '', '', '', '', '', '', 'التربية الفنية ', '', '');
INSERT INTO `lk9v6_users` (`name`, `email`, `usertype`) VALUES ('رشا عبد الحميد محمد كتات', '', 'الخريجين');
INSERT INTO `lk9v6_alumni_main` (`id`, `user_id`, `approved`) VALUES (238159, 238159, 1);
INSERT INTO `lk9v6_alumni_data` (`alumni_id`, `graduation_year`, `fid`, `job`, `address`, `city`, `country`, `phone`, `gid`, `mobile`, `nationalnumber`, `department`, `division`, `with_honor`) VALUES (238159, 2000, '23', '', '', '', '', '', '', '', '', 'التربية الفنية ', '', '');
INSERT INTO `lk9v6_users` (`name`, `email`, `usertype`) VALUES ('رشا محمد يحي عبد المنعم ', '', 'الخريجين');
INSERT INTO `lk9v6_alumni_main` (`id`, `user_id`, `approved`) VALUES (238160, 238160, 1);
INSERT INTO `lk9v6_alumni_data` (`alumni_id`, `graduation_year`, `fid`, `job`, `address`, `city`, `country`, `phone`, `gid`, `mobile`, `nationalnumber`, `department`, `division`, `with_honor`) VALUES (238160, 2000, '23', '', '', '', '', '', '', '', '', 'التربية الفنية ', '', '');
INSERT INTO `lk9v6_users` (`name`, `email`, `usertype`) VALUES ('رويدا مرسي عبد الحميد إمام', '', 'الخريجين');
INSERT INTO `lk9v6_alumni_main` (`id`, `user_id`, `approved`) VALUES (238161, 238161, 1);
INSERT INTO `lk9v6_alumni_data` (`alumni_id`, `graduation_year`, `fid`, `job`, `address`, `city`, `country`, `phone`, `gid`, `mobile`, `nationalnumber`, `department`, `division`, `with_honor`) VALUES (238161, 2000, '23', '', '', '', '', '', '', '', '', 'التربية الفنية ', '', '');
INSERT INTO `lk9v6_users` (`name`, `email`, `usertype`) VALUES ('زينب محمد حسين الشوربجي ', '', 'الخريجين');
INSERT INTO `lk9v6_alumni_main` (`id`, `user_id`, `approved`) VALUES (238162, 238162, 1);
INSERT INTO `lk9v6_alumni_data` (`alumni_id`, `graduation_year`, `fid`, `job`, `address`, `city`, `country`, `phone`, `gid`, `mobile`, `nationalnumber`, `department`, `division`, `with_honor`) VALUES (238162, 2000, '23', '', '', '', '', '', '', '', '', 'التربية الفنية ', '', '');
INSERT INTO `lk9v6_users` (`name`, `email`, `usertype`) VALUES ('سعاد علي محمد علي النمر ', '', 'الخريجين');
INSERT INTO `lk9v6_alumni_main` (`id`, `user_id`, `approved`) VALUES (238163, 238163, 1);
INSERT INTO `lk9v6_alumni_data` (`alumni_id`, `graduation_year`, `fid`, `job`, `address`, `city`, `country`, `phone`, `gid`, `mobile`, `nationalnumber`, `department`, `division`, `with_honor`) VALUES (238163, 2000, '23', '', '', '', '', '', '', '', '', 'التربية الفنية ', '', '');
INSERT INTO `lk9v6_users` (`name`, `email`, `usertype`) VALUES ('سمر محمد عطية محمد عطية ', '', 'الخريجين');
INSERT INTO `lk9v6_alumni_main` (`id`, `user_id`, `approved`) VALUES (238164, 238164, 1);
INSERT INTO `lk9v6_alumni_data` (`alumni_id`, `graduation_year`, `fid`, `job`, `address`, `city`, `country`, `phone`, `gid`, `mobile`, `nationalnumber`, `department`, `division`, `with_honor`) VALUES (238164, 2000, '23', '', '', '', '', '', '', '', '', 'التربية الفنية ', '', '');
INSERT INTO `lk9v6_users` (`name`, `email`, `usertype`) VALUES ('شيرين حسين عبد الباقي علواني ', '', 'الخريجين');
INSERT INTO `lk9v6_alumni_main` (`id`, `user_id`, `approved`) VALUES (238165, 238165, 1);
INSERT INTO `lk9v6_alumni_data` (`alumni_id`, `graduation_year`, `fid`, `job`, `address`, `city`, `country`, `phone`, `gid`, `mobile`, `nationalnumber`, `department`, `division`, `with_honor`) VALUES (238165, 2000, '23', '', '', '', '', '', '', '', '', 'التربية الفنية ', '', '');
INSERT INTO `lk9v6_users` (`name`, `email`, `usertype`) VALUES ('شيماء حسين محمد توفيق عطية ', '', 'الخريجين');
INSERT INTO `lk9v6_alumni_main` (`id`, `user_id`, `approved`) VALUES (238166, 238166, 1);
INSERT INTO `lk9v6_alumni_data` (`alumni_id`, `graduation_year`, `fid`, `job`, `address`, `city`, `country`, `phone`, `gid`, `mobile`, `nationalnumber`, `department`, `division`, `with_honor`) VALUES (238166, 2000, '23', '', '', '', '', '', '', '', '', 'التربية الفنية ', '', '');
INSERT INTO `lk9v6_users` (`name`, `email`, `usertype`) VALUES ('شيماء فتحي محمد قنديل ', '', 'الخريجين');
INSERT INTO `lk9v6_alumni_main` (`id`, `user_id`, `approved`) VALUES (238167, 238167, 1);
INSERT INTO `lk9v6_alumni_data` (`alumni_id`, `graduation_year`, `fid`, `job`, `address`, `city`, `country`, `phone`, `gid`, `mobile`, `nationalnumber`, `department`, `division`, `with_honor`) VALUES (238167, 2000, '23', '', '', '', '', '', '', '', '', 'التربية الفنية ', '', '');
INSERT INTO `lk9v6_users` (`name`, `email`, `usertype`) VALUES ('عبير محروس عبد الفتاح', '', 'الخريجين');
INSERT INTO `lk9v6_alumni_main` (`id`, `user_id`, `approved`) VALUES (238168, 238168, 1);
INSERT INTO `lk9v6_alumni_data` (`alumni_id`, `graduation_year`, `fid`, `job`, `address`, `city`, `country`, `phone`, `gid`, `mobile`, `nationalnumber`, `department`, `division`, `with_honor`) VALUES (238168, 2000, '23', '', '', '', '', '', '', '', '', 'التربية الفنية ', '', '');
INSERT INTO `lk9v6_users` (`name`, `email`, `usertype`) VALUES ('عزة محمد نجيب حسن عوض ', '', 'الخريجين');
INSERT INTO `lk9v6_alumni_main` (`id`, `user_id`, `approved`) VALUES (238169, 238169, 1);
INSERT INTO `lk9v6_alumni_data` (`alumni_id`, `graduation_year`, `fid`, `job`, `address`, `city`, `country`, `phone`, `gid`, `mobile`, `nationalnumber`, `department`, `division`, `with_honor`) VALUES (238169, 2000, '23', '', '', '', '', '', '', '', '', 'التربية الفنية ', '', '');
INSERT INTO `lk9v6_users` (`name`, `email`, `usertype`) VALUES ('علا يوسف علي يوسف ', '', 'الخريجين');
INSERT INTO `lk9v6_alumni_main` (`id`, `user_id`, `approved`) VALUES (238170, 238170, 1);
INSERT INTO `lk9v6_alumni_data` (`alumni_id`, `graduation_year`, `fid`, `job`, `address`, `city`, `country`, `phone`, `gid`, `mobile`, `nationalnumber`, `department`, `division`, `with_honor`) VALUES (238170, 2000, '23', '', '', '', '', '', '', '', '', 'التربية الفنية ', '', '');
INSERT INTO `lk9v6_users` (`name`, `email`, `usertype`) VALUES ('غادة محمد عبد القادر علي ', '', 'الخريجين');
INSERT INTO `lk9v6_alumni_main` (`id`, `user_id`, `approved`) VALUES (238171, 238171, 1);
INSERT INTO `lk9v6_alumni_data` (`alumni_id`, `graduation_year`, `fid`, `job`, `address`, `city`, `country`, `phone`, `gid`, `mobile`, `nationalnumber`, `department`, `division`, `with_honor`) VALUES (238171, 2000, '23', '', '', '', '', '', '', '', '', 'التربية الفنية ', '', '');
INSERT INTO `lk9v6_users` (`name`, `email`, `usertype`) VALUES ('غادة مصطفي أحمد محمد', '', 'الخريجين');
INSERT INTO `lk9v6_alumni_main` (`id`, `user_id`, `approved`) VALUES (238172, 238172, 1);
INSERT INTO `lk9v6_alumni_data` (`alumni_id`, `graduation_year`, `fid`, `job`, `address`, `city`, `country`, `phone`, `gid`, `mobile`, `nationalnumber`, `department`, `division`, `with_honor`) VALUES (238172, 2000, '23', '', '', '', '', '', '', '', '', 'التربية الفنية ', '', '');
INSERT INTO `lk9v6_users` (`name`, `email`, `usertype`) VALUES ('فرنا جرجس نظمي فرج جرجس ', '', 'الخريجين');
INSERT INTO `lk9v6_alumni_main` (`id`, `user_id`, `approved`) VALUES (238173, 238173, 1);
INSERT INTO `lk9v6_alumni_data` (`alumni_id`, `graduation_year`, `fid`, `job`, `address`, `city`, `country`, `phone`, `gid`, `mobile`, `nationalnumber`, `department`, `division`, `with_honor`) VALUES (238173, 2000, '23', '', '', '', '', '', '', '', '', 'التربية الفنية ', '', '');
INSERT INTO `lk9v6_users` (`name`, `email`, `usertype`) VALUES ('كرستين يوسف صديق عبد الشهيد ', '', 'الخريجين');
INSERT INTO `lk9v6_alumni_main` (`id`, `user_id`, `approved`) VALUES (238174, 238174, 1);
INSERT INTO `lk9v6_alumni_data` (`alumni_id`, `graduation_year`, `fid`, `job`, `address`, `city`, `country`, `phone`, `gid`, `mobile`, `nationalnumber`, `department`, `division`, `with_honor`) VALUES (238174, 2000, '23', '', '', '', '', '', '', '', '', 'التربية الفنية ', '', '');
INSERT INTO `lk9v6_users` (`name`, `email`, `usertype`) VALUES ('ماجدة ماهر يعقوب عوض الله', '', 'الخريجين');
INSERT INTO `lk9v6_alumni_main` (`id`, `user_id`, `approved`) VALUES (238175, 238175, 1);
INSERT INTO `lk9v6_alumni_data` (`alumni_id`, `graduation_year`, `fid`, `job`, `address`, `city`, `country`, `phone`, `gid`, `mobile`, `nationalnumber`, `department`, `division`, `with_honor`) VALUES (238175, 2000, '23', '', '', '', '', '', '', '', '', 'التربية الفنية ', '', '');
INSERT INTO `lk9v6_users` (`name`, `email`, `usertype`) VALUES ('محمد صبري محمد مغربي ', '', 'الخريجين');
INSERT INTO `lk9v6_alumni_main` (`id`, `user_id`, `approved`) VALUES (238176, 238176, 1);
INSERT INTO `lk9v6_alumni_data` (`alumni_id`, `graduation_year`, `fid`, `job`, `address`, `city`, `country`, `phone`, `gid`, `mobile`, `nationalnumber`, `department`, `division`, `with_honor`) VALUES (238176, 2000, '23', '', '', '', '', '', '', '', '', 'التربية الفنية ', '', '');
INSERT INTO `lk9v6_users` (`name`, `email`, `usertype`) VALUES ('محمد فاروق محمد أبو السعود', '', 'الخريجين');
INSERT INTO `lk9v6_alumni_main` (`id`, `user_id`, `approved`) VALUES (238177, 238177, 1);
INSERT INTO `lk9v6_alumni_data` (`alumni_id`, `graduation_year`, `fid`, `job`, `address`, `city`, `country`, `phone`, `gid`, `mobile`, `nationalnumber`, `department`, `division`, `with_honor`) VALUES (238177, 2000, '23', '', '', '', '', '', '', '', '', 'التربية الفنية ', '', '');
INSERT INTO `lk9v6_users` (`name`, `email`, `usertype`) VALUES ('محمد محمود سامي الديب ', '', 'الخريجين');
INSERT INTO `lk9v6_alumni_main` (`id`, `user_id`, `approved`) VALUES (238178, 238178, 1);
INSERT INTO `lk9v6_alumni_data` (`alumni_id`, `graduation_year`, `fid`, `job`, `address`, `city`, `country`, `phone`, `gid`, `mobile`, `nationalnumber`, `department`, `division`, `with_honor`) VALUES (238178, 2000, '23', '', '', '', '', '', '', '', '', 'التربية الفنية ', '', '');
INSERT INTO `lk9v6_users` (`name`, `email`, `usertype`) VALUES ('مروة سعيد محمد محمد', '', 'الخريجين');
INSERT INTO `lk9v6_alumni_main` (`id`, `user_id`, `approved`) VALUES (238179, 238179, 1);
INSERT INTO `lk9v6_alumni_data` (`alumni_id`, `graduation_year`, `fid`, `job`, `address`, `city`, `country`, `phone`, `gid`, `mobile`, `nationalnumber`, `department`, `division`, `with_honor`) VALUES (238179, 2000, '23', '', '', '', '', '', '', '', '', 'التربية الفنية ', '', '');
INSERT INTO `lk9v6_users` (`name`, `email`, `usertype`) VALUES ('منار حمدي زايد عبد المحسن ', '', 'الخريجين');
INSERT INTO `lk9v6_alumni_main` (`id`, `user_id`, `approved`) VALUES (238180, 238180, 1);
INSERT INTO `lk9v6_alumni_data` (`alumni_id`, `graduation_year`, `fid`, `job`, `address`, `city`, `country`, `phone`, `gid`, `mobile`, `nationalnumber`, `department`, `division`, `with_honor`) VALUES (238180, 2000, '23', '', '', '', '', '', '', '', '', 'التربية الفنية ', '', '');
INSERT INTO `lk9v6_users` (`name`, `email`, `usertype`) VALUES ('مني عبد الرؤوف عبد اللطيف سويد', '', 'الخريجين');
INSERT INTO `lk9v6_alumni_main` (`id`, `user_id`, `approved`) VALUES (238181, 238181, 1);
INSERT INTO `lk9v6_alumni_data` (`alumni_id`, `graduation_year`, `fid`, `job`, `address`, `city`, `country`, `phone`, `gid`, `mobile`, `nationalnumber`, `department`, `division`, `with_honor`) VALUES (238181, 2000, '23', '', '', '', '', '', '', '', '', 'التربية الفنية ', '', '');
INSERT INTO `lk9v6_users` (`name`, `email`, `usertype`) VALUES ('نجوان أحمد أبو زيد منصور ', '', 'الخريجين');
INSERT INTO `lk9v6_alumni_main` (`id`, `user_id`, `approved`) VALUES (238182, 238182, 1);
INSERT INTO `lk9v6_alumni_data` (`alumni_id`, `graduation_year`, `fid`, `job`, `address`, `city`, `country`, `phone`, `gid`, `mobile`, `nationalnumber`, `department`, `division`, `with_honor`) VALUES (238182, 2000, '23', '', '', '', '', '', '', '', '', 'التربية الفنية ', '', '');
INSERT INTO `lk9v6_users` (`name`, `email`, `usertype`) VALUES ('نسرين حسن محمد أبو العلا ', '', 'الخريجين');
INSERT INTO `lk9v6_alumni_main` (`id`, `user_id`, `approved`) VALUES (238183, 238183, 1);
INSERT INTO `lk9v6_alumni_data` (`alumni_id`, `graduation_year`, `fid`, `job`, `address`, `city`, `country`, `phone`, `gid`, `mobile`, `nationalnumber`, `department`, `division`, `with_honor`) VALUES (238183, 2000, '23', '', '', '', '', '', '', '', '', 'التربية الفنية ', '', '');
INSERT INTO `lk9v6_users` (`name`, `email`, `usertype`) VALUES ('نسرين عاطف حسنين محمود ', '', 'الخريجين');
INSERT INTO `lk9v6_alumni_main` (`id`, `user_id`, `approved`) VALUES (238184, 238184, 1);
INSERT INTO `lk9v6_alumni_data` (`alumni_id`, `graduation_year`, `fid`, `job`, `address`, `city`, `country`, `phone`, `gid`, `mobile`, `nationalnumber`, `department`, `division`, `with_honor`) VALUES (238184, 2000, '23', '', '', '', '', '', '', '', '', 'التربية الفنية ', '', '');
INSERT INTO `lk9v6_users` (`name`, `email`, `usertype`) VALUES ('نسرين محمد عبده ابراهيم ', '', 'الخريجين');
INSERT INTO `lk9v6_alumni_main` (`id`, `user_id`, `approved`) VALUES (238185, 238185, 1);
INSERT INTO `lk9v6_alumni_data` (`alumni_id`, `graduation_year`, `fid`, `job`, `address`, `city`, `country`, `phone`, `gid`, `mobile`, `nationalnumber`, `department`, `division`, `with_honor`) VALUES (238185, 2000, '23', '', '', '', '', '', '', '', '', 'التربية الفنية ', '', '');
INSERT INTO `lk9v6_users` (`name`, `email`, `usertype`) VALUES ('نعمة متولي محمد بدوي ', '', 'الخريجين');
INSERT INTO `lk9v6_alumni_main` (`id`, `user_id`, `approved`) VALUES (238186, 238186, 1);
INSERT INTO `lk9v6_alumni_data` (`alumni_id`, `graduation_year`, `fid`, `job`, `address`, `city`, `country`, `phone`, `gid`, `mobile`, `nationalnumber`, `department`, `division`, `with_honor`) VALUES (238186, 2000, '23', '', '', '', '', '', '', '', '', 'التربية الفنية ', '', '');
INSERT INTO `lk9v6_users` (`name`, `email`, `usertype`) VALUES ('نيفين توفيق رمزي توفيق ', '', 'الخريجين');
INSERT INTO `lk9v6_alumni_main` (`id`, `user_id`, `approved`) VALUES (238187, 238187, 1);
INSERT INTO `lk9v6_alumni_data` (`alumni_id`, `graduation_year`, `fid`, `job`, `address`, `city`, `country`, `phone`, `gid`, `mobile`, `nationalnumber`, `department`, `division`, `with_honor`) VALUES (238187, 2000, '23', '', '', '', '', '', '', '', '', 'التربية الفنية ', '', '');
INSERT INTO `lk9v6_users` (`name`, `email`, `usertype`) VALUES ('هبة صبري السيد العشماوي ', '', 'الخريجين');
INSERT INTO `lk9v6_alumni_main` (`id`, `user_id`, `approved`) VALUES (238188, 238188, 1);
INSERT INTO `lk9v6_alumni_data` (`alumni_id`, `graduation_year`, `fid`, `job`, `address`, `city`, `country`, `phone`, `gid`, `mobile`, `nationalnumber`, `department`, `division`, `with_honor`) VALUES (238188, 2000, '23', '', '', '', '', '', '', '', '', 'التربية الفنية ', '', '');
INSERT INTO `lk9v6_users` (`name`, `email`, `usertype`) VALUES ('هدي حمادة عبد العزيز السيد', '', 'الخريجين');
INSERT INTO `lk9v6_alumni_main` (`id`, `user_id`, `approved`) VALUES (238189, 238189, 1);
INSERT INTO `lk9v6_alumni_data` (`alumni_id`, `graduation_year`, `fid`, `job`, `address`, `city`, `country`, `phone`, `gid`, `mobile`, `nationalnumber`, `department`, `division`, `with_honor`) VALUES (238189, 2000, '23', '', '', '', '', '', '', '', '', 'التربية الفنية ', '', '');
INSERT INTO `lk9v6_users` (`name`, `email`, `usertype`) VALUES ('هناء محمد شفيق حسين ', '', 'الخريجين');
INSERT INTO `lk9v6_alumni_main` (`id`, `user_id`, `approved`) VALUES (238190, 238190, 1);
INSERT INTO `lk9v6_alumni_data` (`alumni_id`, `graduation_year`, `fid`, `job`, `address`, `city`, `country`, `phone`, `gid`, `mobile`, `nationalnumber`, `department`, `division`, `with_honor`) VALUES (238190, 2000, '23', '', '', '', '', '', '', '', '', 'التربية الفنية ', '', '');
INSERT INTO `lk9v6_users` (`name`, `email`, `usertype`) VALUES ('هيام فكري محمد محمد', '', 'الخريجين');
INSERT INTO `lk9v6_alumni_main` (`id`, `user_id`, `approved`) VALUES (238191, 238191, 1);
INSERT INTO `lk9v6_alumni_data` (`alumni_id`, `graduation_year`, `fid`, `job`, `address`, `city`, `country`, `phone`, `gid`, `mobile`, `nationalnumber`, `department`, `division`, `with_honor`) VALUES (238191, 2000, '23', '', '', '', '', '', '', '', '', 'التربية الفنية ', '', '');
INSERT INTO `lk9v6_users` (`name`, `email`, `usertype`) VALUES ('وفاء سعد مرسي ولي الدين ', '', 'الخريجين');
INSERT INTO `lk9v6_alumni_main` (`id`, `user_id`, `approved`) VALUES (238192, 238192, 1);
INSERT INTO `lk9v6_alumni_data` (`alumni_id`, `graduation_year`, `fid`, `job`, `address`, `city`, `country`, `phone`, `gid`, `mobile`, `nationalnumber`, `department`, `division`, `with_honor`) VALUES (238192, 2000, '23', '', '', '', '', '', '', '', '', 'التربية الفنية ', '', '');
INSERT INTO `lk9v6_users` (`name`, `email`, `usertype`) VALUES ('ولاء أحمد حسين عبد الفتاح', '', 'الخريجين');
INSERT INTO `lk9v6_alumni_main` (`id`, `user_id`, `approved`) VALUES (238193, 238193, 1);
INSERT INTO `lk9v6_alumni_data` (`alumni_id`, `graduation_year`, `fid`, `job`, `address`, `city`, `country`, `phone`, `gid`, `mobile`, `nationalnumber`, `department`, `division`, `with_honor`) VALUES (238193, 2000, '23', '', '', '', '', '', '', '', '', 'التربية الفنية ', '', '');
INSERT INTO `lk9v6_users` (`name`, `email`, `usertype`) VALUES ('ولاء طلبة عز الدين طلبة ', '', 'الخريجين');
INSERT INTO `lk9v6_alumni_main` (`id`, `user_id`, `approved`) VALUES (238194, 238194, 1);
INSERT INTO `lk9v6_alumni_data` (`alumni_id`, `graduation_year`, `fid`, `job`, `address`, `city`, `country`, `phone`, `gid`, `mobile`, `nationalnumber`, `department`, `division`, `with_honor`) VALUES (238194, 2000, '23', '', '', '', '', '', '', '', '', 'التربية الفنية ', '', '');
INSERT INTO `lk9v6_users` (`name`, `email`, `usertype`) VALUES ('هاني بديع غبريال غالي ', '', 'الخريجين');
INSERT INTO `lk9v6_alumni_main` (`id`, `user_id`, `approved`) VALUES (238195, 238195, 1);
INSERT INTO `lk9v6_alumni_data` (`alumni_id`, `graduation_year`, `fid`, `job`, `address`, `city`, `country`, `phone`, `gid`, `mobile`, `nationalnumber`, `department`, `division`, `with_honor`) VALUES (238195, 2000, '23', '', '', '', '', '', '', '', '', 'التربية الفنية ', '', '');
INSERT INTO `lk9v6_users` (`name`, `email`, `usertype`) VALUES ('هبة فوزي محمد معروف ', '', 'الخريجين');
INSERT INTO `lk9v6_alumni_main` (`id`, `user_id`, `approved`) VALUES (238196, 238196, 1);
INSERT INTO `lk9v6_alumni_data` (`alumni_id`, `graduation_year`, `fid`, `job`, `address`, `city`, `country`, `phone`, `gid`, `mobile`, `nationalnumber`, `department`, `division`, `with_honor`) VALUES (238196, 2000, '23', '', '', '', '', '', '', '', '', 'التربية الفنية ', '', '');
INSERT INTO `lk9v6_users` (`name`, `email`, `usertype`) VALUES ('اسلام محمد علي حسنين ', '', 'الخريجين');
INSERT INTO `lk9v6_alumni_main` (`id`, `user_id`, `approved`) VALUES (238197, 238197, 1);
INSERT INTO `lk9v6_alumni_data` (`alumni_id`, `graduation_year`, `fid`, `job`, `address`, `city`, `country`, `phone`, `gid`, `mobile`, `nationalnumber`, `department`, `division`, `with_honor`) VALUES (238197, 2000, '23', '', '', '', '', '', '', '', '', 'التربية الفنية ', '', '');
INSERT INTO `lk9v6_users` (`name`, `email`, `usertype`) VALUES ('داليا محمد رفعت عيسي ', '', 'الخريجين');
INSERT INTO `lk9v6_alumni_main` (`id`, `user_id`, `approved`) VALUES (238198, 238198, 1);
INSERT INTO `lk9v6_alumni_data` (`alumni_id`, `graduation_year`, `fid`, `job`, `address`, `city`, `country`, `phone`, `gid`, `mobile`, `nationalnumber`, `department`, `division`, `with_honor`) VALUES (238198, 2000, '23', '', '', '', '', '', '', '', '', 'التربية الفنية ', '', '');
INSERT INTO `lk9v6_users` (`name`, `email`, `usertype`) VALUES ('دعاء خليل حنفي حسن ', '', 'الخريجين');
INSERT INTO `lk9v6_alumni_main` (`id`, `user_id`, `approved`) VALUES (238199, 238199, 1);
INSERT INTO `lk9v6_alumni_data` (`alumni_id`, `graduation_year`, `fid`, `job`, `address`, `city`, `country`, `phone`, `gid`, `mobile`, `nationalnumber`, `department`, `division`, `with_honor`) VALUES (238199, 2000, '23', '', '', '', '', '', '', '', '', 'التربية الفنية ', '', '');
INSERT INTO `lk9v6_users` (`name`, `email`, `usertype`) VALUES ('دعاء رجب محمد البرلس ', '', 'الخريجين');
INSERT INTO `lk9v6_alumni_main` (`id`, `user_id`, `approved`) VALUES (238200, 238200, 1);
INSERT INTO `lk9v6_alumni_data` (`alumni_id`, `graduation_year`, `fid`, `job`, `address`, `city`, `country`, `phone`, `gid`, `mobile`, `nationalnumber`, `department`, `division`, `with_honor`) VALUES (238200, 2000, '23', '', '', '', '', '', '', '', '', 'التربية الفنية ', '', '');
INSERT INTO `lk9v6_users` (`name`, `email`, `usertype`) VALUES ('طارق محمد أسامة أحمد', '', 'الخريجين');
INSERT INTO `lk9v6_alumni_main` (`id`, `user_id`, `approved`) VALUES (238201, 238201, 1);
INSERT INTO `lk9v6_alumni_data` (`alumni_id`, `graduation_year`, `fid`, `job`, `address`, `city`, `country`, `phone`, `gid`, `mobile`, `nationalnumber`, `department`, `division`, `with_honor`) VALUES (238201, 2000, '23', '', '', '', '', '', '', '', '', 'التربية الفنية ', '', '');
INSERT INTO `lk9v6_users` (`name`, `email`, `usertype`) VALUES ('ميريت اسكندر ادوار اسكندر', '', 'الخريجين');
INSERT INTO `lk9v6_alumni_main` (`id`, `user_id`, `approved`) VALUES (238202, 238202, 1);
INSERT INTO `lk9v6_alumni_data` (`alumni_id`, `graduation_year`, `fid`, `job`, `address`, `city`, `country`, `phone`, `gid`, `mobile`, `nationalnumber`, `department`, `division`, `with_honor`) VALUES (238202, 2000, '23', '', '', '', '', '', '', '', '', 'التربية الفنية ', '', '');
INSERT INTO `lk9v6_users` (`name`, `email`, `usertype`) VALUES ('هند فاروق عزيز سليمان ', '', 'الخريجين');
INSERT INTO `lk9v6_alumni_main` (`id`, `user_id`, `approved`) VALUES (238203, 238203, 1);
INSERT INTO `lk9v6_alumni_data` (`alumni_id`, `graduation_year`, `fid`, `job`, `address`, `city`, `country`, `phone`, `gid`, `mobile`, `nationalnumber`, `department`, `division`, `with_honor`) VALUES (238203, 2000, '23', '', '', '', '', '', '', '', '', 'التربية الفنية ', '', '');
INSERT INTO `lk9v6_users` (`name`, `email`, `usertype`) VALUES ('أمل مصطفي ابراهيم الحداد', '', 'الخريجين');
INSERT INTO `lk9v6_alumni_main` (`id`, `user_id`, `approved`) VALUES (238204, 238204, 1);
INSERT INTO `lk9v6_alumni_data` (`alumni_id`, `graduation_year`, `fid`, `job`, `address`, `city`, `country`, `phone`, `gid`, `mobile`, `nationalnumber`, `department`, `division`, `with_honor`) VALUES (238204, 2000, '23', '', '', '', '', '', '', '', '', 'التربية الفنية ', '', '');
INSERT INTO `lk9v6_users` (`name`, `email`, `usertype`) VALUES ('ريهام ابراهيم قباري عبد الخالق ', '', 'الخريجين');
INSERT INTO `lk9v6_alumni_main` (`id`, `user_id`, `approved`) VALUES (238205, 238205, 1);
INSERT INTO `lk9v6_alumni_data` (`alumni_id`, `graduation_year`, `fid`, `job`, `address`, `city`, `country`, `phone`, `gid`, `mobile`, `nationalnumber`, `department`, `division`, `with_honor`) VALUES (238205, 2000, '23', '', '', '', '', '', '', '', '', 'التربية الفنية ', '', '');
INSERT INTO `lk9v6_users` (`name`, `email`, `usertype`) VALUES ('سمية عبد الحميد محمد السيد', '', 'الخريجين');
INSERT INTO `lk9v6_alumni_main` (`id`, `user_id`, `approved`) VALUES (238206, 238206, 1);
INSERT INTO `lk9v6_alumni_data` (`alumni_id`, `graduation_year`, `fid`, `job`, `address`, `city`, `country`, `phone`, `gid`, `mobile`, `nationalnumber`, `department`, `division`, `with_honor`) VALUES (238206, 2000, '23', '', '', '', '', '', '', '', '', 'التربية الفنية ', '', '');
INSERT INTO `lk9v6_users` (`name`, `email`, `usertype`) VALUES ('صفاء محمد كمال عبد الفتاح', '', 'الخريجين');
INSERT INTO `lk9v6_alumni_main` (`id`, `user_id`, `approved`) VALUES (238207, 238207, 1);
INSERT INTO `lk9v6_alumni_data` (`alumni_id`, `graduation_year`, `fid`, `job`, `address`, `city`, `country`, `phone`, `gid`, `mobile`, `nationalnumber`, `department`, `division`, `with_honor`) VALUES (238207, 2000, '23', '', '', '', '', '', '', '', '', 'التربية الفنية ', '', '');
INSERT INTO `lk9v6_users` (`name`, `email`, `usertype`) VALUES ('وفاء محمد غازي الفحام ', '', 'الخريجين');
INSERT INTO `lk9v6_alumni_main` (`id`, `user_id`, `approved`) VALUES (238208, 238208, 1);
INSERT INTO `lk9v6_alumni_data` (`alumni_id`, `graduation_year`, `fid`, `job`, `address`, `city`, `country`, `phone`, `gid`, `mobile`, `nationalnumber`, `department`, `division`, `with_honor`) VALUES (238208, 2000, '23', '', '', '', '', '', '', '', '', 'التربية الفنية ', '', '');
INSERT INTO `lk9v6_users` (`name`, `email`, `usertype`) VALUES ('إحسان ابراهيم بدير ', '', 'الخريجين');
INSERT INTO `lk9v6_alumni_main` (`id`, `user_id`, `approved`) VALUES (238209, 238209, 1);
INSERT INTO `lk9v6_alumni_data` (`alumni_id`, `graduation_year`, `fid`, `job`, `address`, `city`, `country`, `phone`, `gid`, `mobile`, `nationalnumber`, `department`, `division`, `with_honor`) VALUES (238209, 2000, '23', '', '', '', '', '', '', '', '', 'التربية الفنية ', '', '');
INSERT INTO `lk9v6_users` (`name`, `email`, `usertype`) VALUES ('اشرف عبد الهادي عوض السايح', '', 'الخريجين');
INSERT INTO `lk9v6_alumni_main` (`id`, `user_id`, `approved`) VALUES (238210, 238210, 1);
INSERT INTO `lk9v6_alumni_data` (`alumni_id`, `graduation_year`, `fid`, `job`, `address`, `city`, `country`, `phone`, `gid`, `mobile`, `nationalnumber`, `department`, `division`, `with_honor`) VALUES (238210, 2000, '23', '', '', '', '', '', '', '', '', 'التربية الفنية ', '', '');
INSERT INTO `lk9v6_users` (`name`, `email`, `usertype`) VALUES ('رحاب طه حسنين شريدح', '', 'الخريجين');
INSERT INTO `lk9v6_alumni_main` (`id`, `user_id`, `approved`) VALUES (238211, 238211, 1);
INSERT INTO `lk9v6_alumni_data` (`alumni_id`, `graduation_year`, `fid`, `job`, `address`, `city`, `country`, `phone`, `gid`, `mobile`, `nationalnumber`, `department`, `division`, `with_honor`) VALUES (238211, 2000, '23', '', '', '', '', '', '', '', '', 'الأقتصاد المنزلي ', '', '');
INSERT INTO `lk9v6_users` (`name`, `email`, `usertype`) VALUES ('دعاء السيد علي النساج', '', 'الخريجين');
INSERT INTO `lk9v6_alumni_main` (`id`, `user_id`, `approved`) VALUES (238212, 238212, 1);
INSERT INTO `lk9v6_alumni_data` (`alumni_id`, `graduation_year`, `fid`, `job`, `address`, `city`, `country`, `phone`, `gid`, `mobile`, `nationalnumber`, `department`, `division`, `with_honor`) VALUES (238212, 2000, '23', '', '', '', '', '', '', '', '', 'الأقتصاد المنزلي ', '', '');
INSERT INTO `lk9v6_users` (`name`, `email`, `usertype`) VALUES ('رحاب محمود عبد العال اسماعيل ', '', 'الخريجين');
INSERT INTO `lk9v6_alumni_main` (`id`, `user_id`, `approved`) VALUES (238213, 238213, 1);
INSERT INTO `lk9v6_alumni_data` (`alumni_id`, `graduation_year`, `fid`, `job`, `address`, `city`, `country`, `phone`, `gid`, `mobile`, `nationalnumber`, `department`, `division`, `with_honor`) VALUES (238213, 2000, '23', '', '', '', '', '', '', '', '', 'الأقتصاد المنزلي ', '', '');
INSERT INTO `lk9v6_users` (`name`, `email`, `usertype`) VALUES ('شاهندا نفادي عبد الحفيظ مصطفي ', '', 'الخريجين');
INSERT INTO `lk9v6_alumni_main` (`id`, `user_id`, `approved`) VALUES (238214, 238214, 1);
INSERT INTO `lk9v6_alumni_data` (`alumni_id`, `graduation_year`, `fid`, `job`, `address`, `city`, `country`, `phone`, `gid`, `mobile`, `nationalnumber`, `department`, `division`, `with_honor`) VALUES (238214, 2000, '23', '', '', '', '', '', '', '', '', 'الأقتصاد المنزلي ', '', '');
INSERT INTO `lk9v6_users` (`name`, `email`, `usertype`) VALUES ('شرين رشاد علي عبد الفتاح', '', 'الخريجين');
INSERT INTO `lk9v6_alumni_main` (`id`, `user_id`, `approved`) VALUES (238215, 238215, 1);
INSERT INTO `lk9v6_alumni_data` (`alumni_id`, `graduation_year`, `fid`, `job`, `address`, `city`, `country`, `phone`, `gid`, `mobile`, `nationalnumber`, `department`, `division`, `with_honor`) VALUES (238215, 2000, '23', '', '', '', '', '', '', '', '', 'الأقتصاد المنزلي ', '', '');
INSERT INTO `lk9v6_users` (`name`, `email`, `usertype`) VALUES ('عفاف عبد الحميد علي منيسي', '', 'الخريجين');
INSERT INTO `lk9v6_alumni_main` (`id`, `user_id`, `approved`) VALUES (238216, 238216, 1);
INSERT INTO `lk9v6_alumni_data` (`alumni_id`, `graduation_year`, `fid`, `job`, `address`, `city`, `country`, `phone`, `gid`, `mobile`, `nationalnumber`, `department`, `division`, `with_honor`) VALUES (238216, 2000, '23', '', '', '', '', '', '', '', '', 'الأقتصاد المنزلي ', '', '');
INSERT INTO `lk9v6_users` (`name`, `email`, `usertype`) VALUES ('نعمة نعيم عبده رمضان', '', 'الخريجين');
INSERT INTO `lk9v6_alumni_main` (`id`, `user_id`, `approved`) VALUES (238217, 238217, 1);
INSERT INTO `lk9v6_alumni_data` (`alumni_id`, `graduation_year`, `fid`, `job`, `address`, `city`, `country`, `phone`, `gid`, `mobile`, `nationalnumber`, `department`, `division`, `with_honor`) VALUES (238217, 2000, '23', '', '', '', '', '', '', '', '', 'الأقتصاد المنزلي ', '', '');
INSERT INTO `lk9v6_users` (`name`, `email`, `usertype`) VALUES ('نهلة أحمد علي محروس ', '', 'الخريجين');
INSERT INTO `lk9v6_alumni_main` (`id`, `user_id`, `approved`) VALUES (238218, 238218, 1);
INSERT INTO `lk9v6_alumni_data` (`alumni_id`, `graduation_year`, `fid`, `job`, `address`, `city`, `country`, `phone`, `gid`, `mobile`, `nationalnumber`, `department`, `division`, `with_honor`) VALUES (238218, 2000, '23', '', '', '', '', '', '', '', '', 'الأقتصاد المنزلي ', '', '');
INSERT INTO `lk9v6_users` (`name`, `email`, `usertype`) VALUES ('هناء مشرف مشرف حسين', '', 'الخريجين');
INSERT INTO `lk9v6_alumni_main` (`id`, `user_id`, `approved`) VALUES (238219, 238219, 1);
INSERT INTO `lk9v6_alumni_data` (`alumni_id`, `graduation_year`, `fid`, `job`, `address`, `city`, `country`, `phone`, `gid`, `mobile`, `nationalnumber`, `department`, `division`, `with_honor`) VALUES (238219, 2000, '23', '', '', '', '', '', '', '', '', 'الأقتصاد المنزلي ', '', '');
INSERT INTO `lk9v6_users` (`name`, `email`, `usertype`) VALUES ('الشيماء عبد الحميد سعد السيد', '', 'الخريجين');
INSERT INTO `lk9v6_alumni_main` (`id`, `user_id`, `approved`) VALUES (238220, 238220, 1);
INSERT INTO `lk9v6_alumni_data` (`alumni_id`, `graduation_year`, `fid`, `job`, `address`, `city`, `country`, `phone`, `gid`, `mobile`, `nationalnumber`, `department`, `division`, `with_honor`) VALUES (238220, 2000, '23', '', '', '', '', '', '', '', '', 'الأقتصاد المنزلي ', '', '');
INSERT INTO `lk9v6_users` (`name`, `email`, `usertype`) VALUES ('آمال حسني أحمد علي بولس ', '', 'الخريجين');
INSERT INTO `lk9v6_alumni_main` (`id`, `user_id`, `approved`) VALUES (238221, 238221, 1);
INSERT INTO `lk9v6_alumni_data` (`alumni_id`, `graduation_year`, `fid`, `job`, `address`, `city`, `country`, `phone`, `gid`, `mobile`, `nationalnumber`, `department`, `division`, `with_honor`) VALUES (238221, 2000, '23', '', '', '', '', '', '', '', '', 'الأقتصاد المنزلي ', '', '');
INSERT INTO `lk9v6_users` (`name`, `email`, `usertype`) VALUES ('أماني زكريا محمد محمد', '', 'الخريجين');
INSERT INTO `lk9v6_alumni_main` (`id`, `user_id`, `approved`) VALUES (238222, 238222, 1);
INSERT INTO `lk9v6_alumni_data` (`alumni_id`, `graduation_year`, `fid`, `job`, `address`, `city`, `country`, `phone`, `gid`, `mobile`, `nationalnumber`, `department`, `division`, `with_honor`) VALUES (238222, 2000, '23', '', '', '', '', '', '', '', '', 'الأقتصاد المنزلي ', '', '');
INSERT INTO `lk9v6_users` (`name`, `email`, `usertype`) VALUES ('أماني سعيد محمد عيسي ', '', 'الخريجين');
INSERT INTO `lk9v6_alumni_main` (`id`, `user_id`, `approved`) VALUES (238223, 238223, 1);
INSERT INTO `lk9v6_alumni_data` (`alumni_id`, `graduation_year`, `fid`, `job`, `address`, `city`, `country`, `phone`, `gid`, `mobile`, `nationalnumber`, `department`, `division`, `with_honor`) VALUES (238223, 2000, '23', '', '', '', '', '', '', '', '', 'الأقتصاد المنزلي ', '', '');
INSERT INTO `lk9v6_users` (`name`, `email`, `usertype`) VALUES ('أميرة ابراهيم أحمد محمد السعدني ', '', 'الخريجين');
INSERT INTO `lk9v6_alumni_main` (`id`, `user_id`, `approved`) VALUES (238224, 238224, 1);
INSERT INTO `lk9v6_alumni_data` (`alumni_id`, `graduation_year`, `fid`, `job`, `address`, `city`, `country`, `phone`, `gid`, `mobile`, `nationalnumber`, `department`, `division`, `with_honor`) VALUES (238224, 2000, '23', '', '', '', '', '', '', '', '', 'الأقتصاد المنزلي ', '', '');
INSERT INTO `lk9v6_users` (`name`, `email`, `usertype`) VALUES ('آيات أحمد علي النجار ', '', 'الخريجين');
INSERT INTO `lk9v6_alumni_main` (`id`, `user_id`, `approved`) VALUES (238225, 238225, 1);
INSERT INTO `lk9v6_alumni_data` (`alumni_id`, `graduation_year`, `fid`, `job`, `address`, `city`, `country`, `phone`, `gid`, `mobile`, `nationalnumber`, `department`, `division`, `with_honor`) VALUES (238225, 2000, '23', '', '', '', '', '', '', '', '', 'الأقتصاد المنزلي ', '', '');
INSERT INTO `lk9v6_users` (`name`, `email`, `usertype`) VALUES ('ايناس حمدي زيدان', '', 'الخريجين');
INSERT INTO `lk9v6_alumni_main` (`id`, `user_id`, `approved`) VALUES (238226, 238226, 1);
INSERT INTO `lk9v6_alumni_data` (`alumni_id`, `graduation_year`, `fid`, `job`, `address`, `city`, `country`, `phone`, `gid`, `mobile`, `nationalnumber`, `department`, `division`, `with_honor`) VALUES (238226, 2000, '23', '', '', '', '', '', '', '', '', 'الأقتصاد المنزلي ', '', '');
INSERT INTO `lk9v6_users` (`name`, `email`, `usertype`) VALUES ('جوزفين موريس جيد ابراهيم ', '', 'الخريجين');
INSERT INTO `lk9v6_alumni_main` (`id`, `user_id`, `approved`) VALUES (238227, 238227, 1);
INSERT INTO `lk9v6_alumni_data` (`alumni_id`, `graduation_year`, `fid`, `job`, `address`, `city`, `country`, `phone`, `gid`, `mobile`, `nationalnumber`, `department`, `division`, `with_honor`) VALUES (238227, 2000, '23', '', '', '', '', '', '', '', '', 'الأقتصاد المنزلي ', '', '');
INSERT INTO `lk9v6_users` (`name`, `email`, `usertype`) VALUES ('خلود محمد فؤاد السيد', '', 'الخريجين');
INSERT INTO `lk9v6_alumni_main` (`id`, `user_id`, `approved`) VALUES (238228, 238228, 1);
INSERT INTO `lk9v6_alumni_data` (`alumni_id`, `graduation_year`, `fid`, `job`, `address`, `city`, `country`, `phone`, `gid`, `mobile`, `nationalnumber`, `department`, `division`, `with_honor`) VALUES (238228, 2000, '23', '', '', '', '', '', '', '', '', 'الأقتصاد المنزلي ', '', '');
INSERT INTO `lk9v6_users` (`name`, `email`, `usertype`) VALUES ('دعاء محمد عبد الحميد الرركايبي ', '', 'الخريجين');
INSERT INTO `lk9v6_alumni_main` (`id`, `user_id`, `approved`) VALUES (238229, 238229, 1);
INSERT INTO `lk9v6_alumni_data` (`alumni_id`, `graduation_year`, `fid`, `job`, `address`, `city`, `country`, `phone`, `gid`, `mobile`, `nationalnumber`, `department`, `division`, `with_honor`) VALUES (238229, 2000, '23', '', '', '', '', '', '', '', '', 'الأقتصاد المنزلي ', '', '');
INSERT INTO `lk9v6_users` (`name`, `email`, `usertype`) VALUES ('دميانة صدقي صرافيم ', '', 'الخريجين');
INSERT INTO `lk9v6_alumni_main` (`id`, `user_id`, `approved`) VALUES (238230, 238230, 1);
INSERT INTO `lk9v6_alumni_data` (`alumni_id`, `graduation_year`, `fid`, `job`, `address`, `city`, `country`, `phone`, `gid`, `mobile`, `nationalnumber`, `department`, `division`, `with_honor`) VALUES (238230, 2000, '23', '', '', '', '', '', '', '', '', 'الأقتصاد المنزلي ', '', '');
INSERT INTO `lk9v6_users` (`name`, `email`, `usertype`) VALUES ('رجاء السيد ابراهيم بخيت ', '', 'الخريجين');
INSERT INTO `lk9v6_alumni_main` (`id`, `user_id`, `approved`) VALUES (238231, 238231, 1);
INSERT INTO `lk9v6_alumni_data` (`alumni_id`, `graduation_year`, `fid`, `job`, `address`, `city`, `country`, `phone`, `gid`, `mobile`, `nationalnumber`, `department`, `division`, `with_honor`) VALUES (238231, 2000, '23', '', '', '', '', '', '', '', '', 'الأقتصاد المنزلي ', '', '');
INSERT INTO `lk9v6_users` (`name`, `email`, `usertype`) VALUES ('رحاب خيري محمد علي ', '', 'الخريجين');
INSERT INTO `lk9v6_alumni_main` (`id`, `user_id`, `approved`) VALUES (238232, 238232, 1);
INSERT INTO `lk9v6_alumni_data` (`alumni_id`, `graduation_year`, `fid`, `job`, `address`, `city`, `country`, `phone`, `gid`, `mobile`, `nationalnumber`, `department`, `division`, `with_honor`) VALUES (238232, 2000, '23', '', '', '', '', '', '', '', '', 'الأقتصاد المنزلي ', '', '');
INSERT INTO `lk9v6_users` (`name`, `email`, `usertype`) VALUES ('رشا بهيج حسين مرسي ', '', 'الخريجين');
INSERT INTO `lk9v6_alumni_main` (`id`, `user_id`, `approved`) VALUES (238233, 238233, 1);
INSERT INTO `lk9v6_alumni_data` (`alumni_id`, `graduation_year`, `fid`, `job`, `address`, `city`, `country`, `phone`, `gid`, `mobile`, `nationalnumber`, `department`, `division`, `with_honor`) VALUES (238233, 2000, '23', '', '', '', '', '', '', '', '', 'الأقتصاد المنزلي ', '', '');
INSERT INTO `lk9v6_users` (`name`, `email`, `usertype`) VALUES ('ريهام محمود سليمان محمد', '', 'الخريجين');
INSERT INTO `lk9v6_alumni_main` (`id`, `user_id`, `approved`) VALUES (238234, 238234, 1);
INSERT INTO `lk9v6_alumni_data` (`alumni_id`, `graduation_year`, `fid`, `job`, `address`, `city`, `country`, `phone`, `gid`, `mobile`, `nationalnumber`, `department`, `division`, `with_honor`) VALUES (238234, 2000, '23', '', '', '', '', '', '', '', '', 'الأقتصاد المنزلي ', '', '');
INSERT INTO `lk9v6_users` (`name`, `email`, `usertype`) VALUES ('زينب جودة اسماعيل جودة', '', 'الخريجين');
INSERT INTO `lk9v6_alumni_main` (`id`, `user_id`, `approved`) VALUES (238235, 238235, 1);
INSERT INTO `lk9v6_alumni_data` (`alumni_id`, `graduation_year`, `fid`, `job`, `address`, `city`, `country`, `phone`, `gid`, `mobile`, `nationalnumber`, `department`, `division`, `with_honor`) VALUES (238235, 2000, '23', '', '', '', '', '', '', '', '', 'الأقتصاد المنزلي ', '', '');
INSERT INTO `lk9v6_users` (`name`, `email`, `usertype`) VALUES ('سحر ابراهيم علي ', '', 'الخريجين');
INSERT INTO `lk9v6_alumni_main` (`id`, `user_id`, `approved`) VALUES (238236, 238236, 1);
INSERT INTO `lk9v6_alumni_data` (`alumni_id`, `graduation_year`, `fid`, `job`, `address`, `city`, `country`, `phone`, `gid`, `mobile`, `nationalnumber`, `department`, `division`, `with_honor`) VALUES (238236, 2000, '23', '', '', '', '', '', '', '', '', 'الأقتصاد المنزلي ', '', '');
INSERT INTO `lk9v6_users` (`name`, `email`, `usertype`) VALUES ('سحر أحمد البرنس علي السيد', '', 'الخريجين');
INSERT INTO `lk9v6_alumni_main` (`id`, `user_id`, `approved`) VALUES (238237, 238237, 1);
INSERT INTO `lk9v6_alumni_data` (`alumni_id`, `graduation_year`, `fid`, `job`, `address`, `city`, `country`, `phone`, `gid`, `mobile`, `nationalnumber`, `department`, `division`, `with_honor`) VALUES (238237, 2000, '23', '', '', '', '', '', '', '', '', 'الأقتصاد المنزلي ', '', '');
INSERT INTO `lk9v6_users` (`name`, `email`, `usertype`) VALUES ('سماح أحمد عبد الله أحمد', '', 'الخريجين');
INSERT INTO `lk9v6_alumni_main` (`id`, `user_id`, `approved`) VALUES (238238, 238238, 1);
INSERT INTO `lk9v6_alumni_data` (`alumni_id`, `graduation_year`, `fid`, `job`, `address`, `city`, `country`, `phone`, `gid`, `mobile`, `nationalnumber`, `department`, `division`, `with_honor`) VALUES (238238, 2000, '23', '', '', '', '', '', '', '', '', 'الأقتصاد المنزلي ', '', '');
INSERT INTO `lk9v6_users` (`name`, `email`, `usertype`) VALUES ('سماح محمد عبد الحميد علي حسن ', '', 'الخريجين');
INSERT INTO `lk9v6_alumni_main` (`id`, `user_id`, `approved`) VALUES (238239, 238239, 1);
INSERT INTO `lk9v6_alumni_data` (`alumni_id`, `graduation_year`, `fid`, `job`, `address`, `city`, `country`, `phone`, `gid`, `mobile`, `nationalnumber`, `department`, `division`, `with_honor`) VALUES (238239, 2000, '23', '', '', '', '', '', '', '', '', 'الأقتصاد المنزلي ', '', '');
INSERT INTO `lk9v6_users` (`name`, `email`, `usertype`) VALUES ('سوزان حنفي طه محمود', '', 'الخريجين');
INSERT INTO `lk9v6_alumni_main` (`id`, `user_id`, `approved`) VALUES (238240, 238240, 1);
INSERT INTO `lk9v6_alumni_data` (`alumni_id`, `graduation_year`, `fid`, `job`, `address`, `city`, `country`, `phone`, `gid`, `mobile`, `nationalnumber`, `department`, `division`, `with_honor`) VALUES (238240, 2000, '23', '', '', '', '', '', '', '', '', 'الأقتصاد المنزلي ', '', '');
INSERT INTO `lk9v6_users` (`name`, `email`, `usertype`) VALUES ('شيماء عبد الحميد ابراهيم قورة', '', 'الخريجين');
INSERT INTO `lk9v6_alumni_main` (`id`, `user_id`, `approved`) VALUES (238241, 238241, 1);
INSERT INTO `lk9v6_alumni_data` (`alumni_id`, `graduation_year`, `fid`, `job`, `address`, `city`, `country`, `phone`, `gid`, `mobile`, `nationalnumber`, `department`, `division`, `with_honor`) VALUES (238241, 2000, '23', '', '', '', '', '', '', '', '', 'الأقتصاد المنزلي ', '', '');
INSERT INTO `lk9v6_users` (`name`, `email`, `usertype`) VALUES ('عزة مسعود حسن يونس ', '', 'الخريجين');
INSERT INTO `lk9v6_alumni_main` (`id`, `user_id`, `approved`) VALUES (238242, 238242, 1);
INSERT INTO `lk9v6_alumni_data` (`alumni_id`, `graduation_year`, `fid`, `job`, `address`, `city`, `country`, `phone`, `gid`, `mobile`, `nationalnumber`, `department`, `division`, `with_honor`) VALUES (238242, 2000, '23', '', '', '', '', '', '', '', '', 'الأقتصاد المنزلي ', '', '');
INSERT INTO `lk9v6_users` (`name`, `email`, `usertype`) VALUES ('غادة السيد أحمد موسي ', '', 'الخريجين');
INSERT INTO `lk9v6_alumni_main` (`id`, `user_id`, `approved`) VALUES (238243, 238243, 1);
INSERT INTO `lk9v6_alumni_data` (`alumni_id`, `graduation_year`, `fid`, `job`, `address`, `city`, `country`, `phone`, `gid`, `mobile`, `nationalnumber`, `department`, `division`, `with_honor`) VALUES (238243, 2000, '23', '', '', '', '', '', '', '', '', 'الأقتصاد المنزلي ', '', '');
INSERT INTO `lk9v6_users` (`name`, `email`, `usertype`) VALUES ('غادة يسري محمد علي خليل ', '', 'الخريجين');
INSERT INTO `lk9v6_alumni_main` (`id`, `user_id`, `approved`) VALUES (238244, 238244, 1);
INSERT INTO `lk9v6_alumni_data` (`alumni_id`, `graduation_year`, `fid`, `job`, `address`, `city`, `country`, `phone`, `gid`, `mobile`, `nationalnumber`, `department`, `division`, `with_honor`) VALUES (238244, 2000, '23', '', '', '', '', '', '', '', '', 'الأقتصاد المنزلي ', '', '');
INSERT INTO `lk9v6_users` (`name`, `email`, `usertype`) VALUES ('ماريانا عبد المسيح عبد الشهيد خليل ', '', 'الخريجين');
INSERT INTO `lk9v6_alumni_main` (`id`, `user_id`, `approved`) VALUES (238245, 238245, 1);
INSERT INTO `lk9v6_alumni_data` (`alumni_id`, `graduation_year`, `fid`, `job`, `address`, `city`, `country`, `phone`, `gid`, `mobile`, `nationalnumber`, `department`, `division`, `with_honor`) VALUES (238245, 2000, '23', '', '', '', '', '', '', '', '', 'الأقتصاد المنزلي ', '', '');
INSERT INTO `lk9v6_users` (`name`, `email`, `usertype`) VALUES ('منال عبد الرحمن سليمان مصطفي ', '', 'الخريجين');
INSERT INTO `lk9v6_alumni_main` (`id`, `user_id`, `approved`) VALUES (238246, 238246, 1);
INSERT INTO `lk9v6_alumni_data` (`alumni_id`, `graduation_year`, `fid`, `job`, `address`, `city`, `country`, `phone`, `gid`, `mobile`, `nationalnumber`, `department`, `division`, `with_honor`) VALUES (238246, 2000, '23', '', '', '', '', '', '', '', '', 'الأقتصاد المنزلي ', '', '');
INSERT INTO `lk9v6_users` (`name`, `email`, `usertype`) VALUES ('مني عادل حسن حسني ', '', 'الخريجين');
INSERT INTO `lk9v6_alumni_main` (`id`, `user_id`, `approved`) VALUES (238247, 238247, 1);
INSERT INTO `lk9v6_alumni_data` (`alumni_id`, `graduation_year`, `fid`, `job`, `address`, `city`, `country`, `phone`, `gid`, `mobile`, `nationalnumber`, `department`, `division`, `with_honor`) VALUES (238247, 2000, '23', '', '', '', '', '', '', '', '', 'الأقتصاد المنزلي ', '', '');
INSERT INTO `lk9v6_users` (`name`, `email`, `usertype`) VALUES ('مني فاضل محمد عبد الرحمن', '', 'الخريجين');
INSERT INTO `lk9v6_alumni_main` (`id`, `user_id`, `approved`) VALUES (238248, 238248, 1);
INSERT INTO `lk9v6_alumni_data` (`alumni_id`, `graduation_year`, `fid`, `job`, `address`, `city`, `country`, `phone`, `gid`, `mobile`, `nationalnumber`, `department`, `division`, `with_honor`) VALUES (238248, 2000, '23', '', '', '', '', '', '', '', '', 'الأقتصاد المنزلي ', '', '');
INSERT INTO `lk9v6_users` (`name`, `email`, `usertype`) VALUES ('مي محمد ابراهيم الحراشي', '', 'الخريجين');
INSERT INTO `lk9v6_alumni_main` (`id`, `user_id`, `approved`) VALUES (238249, 238249, 1);
INSERT INTO `lk9v6_alumni_data` (`alumni_id`, `graduation_year`, `fid`, `job`, `address`, `city`, `country`, `phone`, `gid`, `mobile`, `nationalnumber`, `department`, `division`, `with_honor`) VALUES (238249, 2000, '23', '', '', '', '', '', '', '', '', 'الأقتصاد المنزلي ', '', '');
INSERT INTO `lk9v6_users` (`name`, `email`, `usertype`) VALUES ('نادية فتحي محمد شلتوت', '', 'الخريجين');
INSERT INTO `lk9v6_alumni_main` (`id`, `user_id`, `approved`) VALUES (238250, 238250, 1);
INSERT INTO `lk9v6_alumni_data` (`alumni_id`, `graduation_year`, `fid`, `job`, `address`, `city`, `country`, `phone`, `gid`, `mobile`, `nationalnumber`, `department`, `division`, `with_honor`) VALUES (238250, 2000, '23', '', '', '', '', '', '', '', '', 'الأقتصاد المنزلي ', '', '');
INSERT INTO `lk9v6_users` (`name`, `email`, `usertype`) VALUES ('نسرين فوزي نجيب حنا ', '', 'الخريجين');
INSERT INTO `lk9v6_alumni_main` (`id`, `user_id`, `approved`) VALUES (238251, 238251, 1);
INSERT INTO `lk9v6_alumni_data` (`alumni_id`, `graduation_year`, `fid`, `job`, `address`, `city`, `country`, `phone`, `gid`, `mobile`, `nationalnumber`, `department`, `division`, `with_honor`) VALUES (238251, 2000, '23', '', '', '', '', '', '', '', '', 'الأقتصاد المنزلي ', '', '');
INSERT INTO `lk9v6_users` (`name`, `email`, `usertype`) VALUES ('نيفين محمد عبد الرزاق فرج ', '', 'الخريجين');
INSERT INTO `lk9v6_alumni_main` (`id`, `user_id`, `approved`) VALUES (238252, 238252, 1);
INSERT INTO `lk9v6_alumni_data` (`alumni_id`, `graduation_year`, `fid`, `job`, `address`, `city`, `country`, `phone`, `gid`, `mobile`, `nationalnumber`, `department`, `division`, `with_honor`) VALUES (238252, 2000, '23', '', '', '', '', '', '', '', '', 'الأقتصاد المنزلي ', '', '');
INSERT INTO `lk9v6_users` (`name`, `email`, `usertype`) VALUES ('هاجر رمضان آدم عثمان', '', 'الخريجين');
INSERT INTO `lk9v6_alumni_main` (`id`, `user_id`, `approved`) VALUES (238253, 238253, 1);
INSERT INTO `lk9v6_alumni_data` (`alumni_id`, `graduation_year`, `fid`, `job`, `address`, `city`, `country`, `phone`, `gid`, `mobile`, `nationalnumber`, `department`, `division`, `with_honor`) VALUES (238253, 2000, '23', '', '', '', '', '', '', '', '', 'الأقتصاد المنزلي ', '', '');
INSERT INTO `lk9v6_users` (`name`, `email`, `usertype`) VALUES ('هاجر علي أحمد علي شعبان', '', 'الخريجين');
INSERT INTO `lk9v6_alumni_main` (`id`, `user_id`, `approved`) VALUES (238254, 238254, 1);
INSERT INTO `lk9v6_alumni_data` (`alumni_id`, `graduation_year`, `fid`, `job`, `address`, `city`, `country`, `phone`, `gid`, `mobile`, `nationalnumber`, `department`, `division`, `with_honor`) VALUES (238254, 2000, '23', '', '', '', '', '', '', '', '', 'الأقتصاد المنزلي ', '', '');
INSERT INTO `lk9v6_users` (`name`, `email`, `usertype`) VALUES ('هناء لبيب أحمد محمد ابراهيم ', '', 'الخريجين');
INSERT INTO `lk9v6_alumni_main` (`id`, `user_id`, `approved`) VALUES (238255, 238255, 1);
INSERT INTO `lk9v6_alumni_data` (`alumni_id`, `graduation_year`, `fid`, `job`, `address`, `city`, `country`, `phone`, `gid`, `mobile`, `nationalnumber`, `department`, `division`, `with_honor`) VALUES (238255, 2000, '23', '', '', '', '', '', '', '', '', 'الأقتصاد المنزلي ', '', '');
INSERT INTO `lk9v6_users` (`name`, `email`, `usertype`) VALUES ('هيام ابراهيم عبد الهادي زغلول', '', 'الخريجين');
INSERT INTO `lk9v6_alumni_main` (`id`, `user_id`, `approved`) VALUES (238256, 238256, 1);
INSERT INTO `lk9v6_alumni_data` (`alumni_id`, `graduation_year`, `fid`, `job`, `address`, `city`, `country`, `phone`, `gid`, `mobile`, `nationalnumber`, `department`, `division`, `with_honor`) VALUES (238256, 2000, '23', '', '', '', '', '', '', '', '', 'الأقتصاد المنزلي ', '', '');
INSERT INTO `lk9v6_users` (`name`, `email`, `usertype`) VALUES ('ولاء فهمي محمد أحمد', '', 'الخريجين');
INSERT INTO `lk9v6_alumni_main` (`id`, `user_id`, `approved`) VALUES (238257, 238257, 1);
INSERT INTO `lk9v6_alumni_data` (`alumni_id`, `graduation_year`, `fid`, `job`, `address`, `city`, `country`, `phone`, `gid`, `mobile`, `nationalnumber`, `department`, `division`, `with_honor`) VALUES (238257, 2000, '23', '', '', '', '', '', '', '', '', 'الأقتصاد المنزلي ', '', '');
INSERT INTO `lk9v6_users` (`name`, `email`, `usertype`) VALUES ('روزة نجيب يوسف رزق ', '', 'الخريجين');
INSERT INTO `lk9v6_alumni_main` (`id`, `user_id`, `approved`) VALUES (238258, 238258, 1);
INSERT INTO `lk9v6_alumni_data` (`alumni_id`, `graduation_year`, `fid`, `job`, `address`, `city`, `country`, `phone`, `gid`, `mobile`, `nationalnumber`, `department`, `division`, `with_honor`) VALUES (238258, 2000, '23', '', '', '', '', '', '', '', '', 'الأقتصاد المنزلي ', '', '');
INSERT INTO `lk9v6_users` (`name`, `email`, `usertype`) VALUES ('أسماء عبد الحميد ابراهيم أحمد', '', 'الخريجين');
INSERT INTO `lk9v6_alumni_main` (`id`, `user_id`, `approved`) VALUES (238259, 238259, 1);
INSERT INTO `lk9v6_alumni_data` (`alumni_id`, `graduation_year`, `fid`, `job`, `address`, `city`, `country`, `phone`, `gid`, `mobile`, `nationalnumber`, `department`, `division`, `with_honor`) VALUES (238259, 2000, '23', '', '', '', '', '', '', '', '', 'الأقتصاد المنزلي ', '', '');
INSERT INTO `lk9v6_users` (`name`, `email`, `usertype`) VALUES ('ايمان عزت راضي فرج', '', 'الخريجين');
INSERT INTO `lk9v6_alumni_main` (`id`, `user_id`, `approved`) VALUES (238260, 238260, 1);
INSERT INTO `lk9v6_alumni_data` (`alumni_id`, `graduation_year`, `fid`, `job`, `address`, `city`, `country`, `phone`, `gid`, `mobile`, `nationalnumber`, `department`, `division`, `with_honor`) VALUES (238260, 2000, '23', '', '', '', '', '', '', '', '', 'الأقتصاد المنزلي ', '', '');
INSERT INTO `lk9v6_users` (`name`, `email`, `usertype`) VALUES ('ايناس عبد الخالق محروس علي ', '', 'الخريجين');
INSERT INTO `lk9v6_alumni_main` (`id`, `user_id`, `approved`) VALUES (238261, 238261, 1);
INSERT INTO `lk9v6_alumni_data` (`alumni_id`, `graduation_year`, `fid`, `job`, `address`, `city`, `country`, `phone`, `gid`, `mobile`, `nationalnumber`, `department`, `division`, `with_honor`) VALUES (238261, 2000, '23', '', '', '', '', '', '', '', '', 'الأقتصاد المنزلي ', '', '');
INSERT INTO `lk9v6_users` (`name`, `email`, `usertype`) VALUES ('بانسية أحمد طاهر محمد', '', 'الخريجين');
INSERT INTO `lk9v6_alumni_main` (`id`, `user_id`, `approved`) VALUES (238262, 238262, 1);
INSERT INTO `lk9v6_alumni_data` (`alumni_id`, `graduation_year`, `fid`, `job`, `address`, `city`, `country`, `phone`, `gid`, `mobile`, `nationalnumber`, `department`, `division`, `with_honor`) VALUES (238262, 2000, '23', '', '', '', '', '', '', '', '', 'الأقتصاد المنزلي ', '', '');
INSERT INTO `lk9v6_users` (`name`, `email`, `usertype`) VALUES ('ثراء علي حسني محمد اسماعيل ', '', 'الخريجين');
INSERT INTO `lk9v6_alumni_main` (`id`, `user_id`, `approved`) VALUES (238263, 238263, 1);
INSERT INTO `lk9v6_alumni_data` (`alumni_id`, `graduation_year`, `fid`, `job`, `address`, `city`, `country`, `phone`, `gid`, `mobile`, `nationalnumber`, `department`, `division`, `with_honor`) VALUES (238263, 2000, '23', '', '', '', '', '', '', '', '', 'الأقتصاد المنزلي ', '', '');
INSERT INTO `lk9v6_users` (`name`, `email`, `usertype`) VALUES ('رشا أبو المكارم شعبان النجار ', '', 'الخريجين');
INSERT INTO `lk9v6_alumni_main` (`id`, `user_id`, `approved`) VALUES (238264, 238264, 1);
INSERT INTO `lk9v6_alumni_data` (`alumni_id`, `graduation_year`, `fid`, `job`, `address`, `city`, `country`, `phone`, `gid`, `mobile`, `nationalnumber`, `department`, `division`, `with_honor`) VALUES (238264, 2000, '23', '', '', '', '', '', '', '', '', 'الأقتصاد المنزلي ', '', '');
INSERT INTO `lk9v6_users` (`name`, `email`, `usertype`) VALUES ('سلوي عبد الرحيم صديق عبد الرحيم ', '', 'الخريجين');
INSERT INTO `lk9v6_alumni_main` (`id`, `user_id`, `approved`) VALUES (238265, 238265, 1);
INSERT INTO `lk9v6_alumni_data` (`alumni_id`, `graduation_year`, `fid`, `job`, `address`, `city`, `country`, `phone`, `gid`, `mobile`, `nationalnumber`, `department`, `division`, `with_honor`) VALUES (238265, 2000, '23', '', '', '', '', '', '', '', '', 'الأقتصاد المنزلي ', '', '');
INSERT INTO `lk9v6_users` (`name`, `email`, `usertype`) VALUES ('عايدة موريس شحاتة عبد النور ', '', 'الخريجين');
INSERT INTO `lk9v6_alumni_main` (`id`, `user_id`, `approved`) VALUES (238266, 238266, 1);
INSERT INTO `lk9v6_alumni_data` (`alumni_id`, `graduation_year`, `fid`, `job`, `address`, `city`, `country`, `phone`, `gid`, `mobile`, `nationalnumber`, `department`, `division`, `with_honor`) VALUES (238266, 2000, '23', '', '', '', '', '', '', '', '', 'الأقتصاد المنزلي ', '', '');
INSERT INTO `lk9v6_users` (`name`, `email`, `usertype`) VALUES ('مريم وديع عوض مكيم غبريال', '', 'الخريجين');
INSERT INTO `lk9v6_alumni_main` (`id`, `user_id`, `approved`) VALUES (238267, 238267, 1);
INSERT INTO `lk9v6_alumni_data` (`alumni_id`, `graduation_year`, `fid`, `job`, `address`, `city`, `country`, `phone`, `gid`, `mobile`, `nationalnumber`, `department`, `division`, `with_honor`) VALUES (238267, 2000, '23', '', '', '', '', '', '', '', '', 'الأقتصاد المنزلي ', '', '');
INSERT INTO `lk9v6_users` (`name`, `email`, `usertype`) VALUES ('نادية غازي عبد الحليم محمد', '', 'الخريجين');
INSERT INTO `lk9v6_alumni_main` (`id`, `user_id`, `approved`) VALUES (238268, 238268, 1);
INSERT INTO `lk9v6_alumni_data` (`alumni_id`, `graduation_year`, `fid`, `job`, `address`, `city`, `country`, `phone`, `gid`, `mobile`, `nationalnumber`, `department`, `division`, `with_honor`) VALUES (238268, 2000, '23', '', '', '', '', '', '', '', '', 'الأقتصاد المنزلي ', '', '');
INSERT INTO `lk9v6_users` (`name`, `email`, `usertype`) VALUES ('هبة حامد أحمد الشبكي ', '', 'الخريجين');
INSERT INTO `lk9v6_alumni_main` (`id`, `user_id`, `approved`) VALUES (238269, 238269, 1);
INSERT INTO `lk9v6_alumni_data` (`alumni_id`, `graduation_year`, `fid`, `job`, `address`, `city`, `country`, `phone`, `gid`, `mobile`, `nationalnumber`, `department`, `division`, `with_honor`) VALUES (238269, 2000, '23', '', '', '', '', '', '', '', '', 'الأقتصاد المنزلي ', '', '');
INSERT INTO `lk9v6_users` (`name`, `email`, `usertype`) VALUES ('ايفون سامي ابراهيم جرجس', '', 'الخريجين');
INSERT INTO `lk9v6_alumni_main` (`id`, `user_id`, `approved`) VALUES (238270, 238270, 1);
INSERT INTO `lk9v6_alumni_data` (`alumni_id`, `graduation_year`, `fid`, `job`, `address`, `city`, `country`, `phone`, `gid`, `mobile`, `nationalnumber`, `department`, `division`, `with_honor`) VALUES (238270, 2000, '23', '', '', '', '', '', '', '', '', 'الأقتصاد المنزلي ', '', '');
INSERT INTO `lk9v6_users` (`name`, `email`, `usertype`) VALUES ('جيهان اسكندر عبد العال عبيد', '', 'الخريجين');
INSERT INTO `lk9v6_alumni_main` (`id`, `user_id`, `approved`) VALUES (238271, 238271, 1);
INSERT INTO `lk9v6_alumni_data` (`alumni_id`, `graduation_year`, `fid`, `job`, `address`, `city`, `country`, `phone`, `gid`, `mobile`, `nationalnumber`, `department`, `division`, `with_honor`) VALUES (238271, 2000, '23', '', '', '', '', '', '', '', '', 'الأقتصاد المنزلي ', '', '');
INSERT INTO `lk9v6_users` (`name`, `email`, `usertype`) VALUES ('حنان عبد المنعم سعد علوي ', '', 'الخريجين');
INSERT INTO `lk9v6_alumni_main` (`id`, `user_id`, `approved`) VALUES (238272, 238272, 1);
INSERT INTO `lk9v6_alumni_data` (`alumni_id`, `graduation_year`, `fid`, `job`, `address`, `city`, `country`, `phone`, `gid`, `mobile`, `nationalnumber`, `department`, `division`, `with_honor`) VALUES (238272, 2000, '23', '', '', '', '', '', '', '', '', 'الأقتصاد المنزلي ', '', '');
INSERT INTO `lk9v6_users` (`name`, `email`, `usertype`) VALUES ('داليا ابراهيم عبد المنعم ابراهم ', '', 'الخريجين');
INSERT INTO `lk9v6_alumni_main` (`id`, `user_id`, `approved`) VALUES (238273, 238273, 1);
INSERT INTO `lk9v6_alumni_data` (`alumni_id`, `graduation_year`, `fid`, `job`, `address`, `city`, `country`, `phone`, `gid`, `mobile`, `nationalnumber`, `department`, `division`, `with_honor`) VALUES (238273, 2000, '23', '', '', '', '', '', '', '', '', 'الأقتصاد المنزلي ', '', '');
INSERT INTO `lk9v6_users` (`name`, `email`, `usertype`) VALUES ('راندا محمد جمال محمد كامل ', '', 'الخريجين');
INSERT INTO `lk9v6_alumni_main` (`id`, `user_id`, `approved`) VALUES (238274, 238274, 1);
INSERT INTO `lk9v6_alumni_data` (`alumni_id`, `graduation_year`, `fid`, `job`, `address`, `city`, `country`, `phone`, `gid`, `mobile`, `nationalnumber`, `department`, `division`, `with_honor`) VALUES (238274, 2000, '23', '', '', '', '', '', '', '', '', 'الأقتصاد المنزلي ', '', '');
INSERT INTO `lk9v6_users` (`name`, `email`, `usertype`) VALUES ('رانيا عاصم عبد الحميد الزفتاوي ', '', 'الخريجين');
INSERT INTO `lk9v6_alumni_main` (`id`, `user_id`, `approved`) VALUES (238275, 238275, 1);
INSERT INTO `lk9v6_alumni_data` (`alumni_id`, `graduation_year`, `fid`, `job`, `address`, `city`, `country`, `phone`, `gid`, `mobile`, `nationalnumber`, `department`, `division`, `with_honor`) VALUES (238275, 2000, '23', '', '', '', '', '', '', '', '', 'الأقتصاد المنزلي ', '', '');
INSERT INTO `lk9v6_users` (`name`, `email`, `usertype`) VALUES ('سنية دسوقي محمد عبد العزيز', '', 'الخريجين');
INSERT INTO `lk9v6_alumni_main` (`id`, `user_id`, `approved`) VALUES (238276, 238276, 1);
INSERT INTO `lk9v6_alumni_data` (`alumni_id`, `graduation_year`, `fid`, `job`, `address`, `city`, `country`, `phone`, `gid`, `mobile`, `nationalnumber`, `department`, `division`, `with_honor`) VALUES (238276, 2000, '23', '', '', '', '', '', '', '', '', 'الأقتصاد المنزلي ', '', '');
INSERT INTO `lk9v6_users` (`name`, `email`, `usertype`) VALUES ('سوزان وليم جاب الله عبد الملاك', '', 'الخريجين');
INSERT INTO `lk9v6_alumni_main` (`id`, `user_id`, `approved`) VALUES (238277, 238277, 1);
INSERT INTO `lk9v6_alumni_data` (`alumni_id`, `graduation_year`, `fid`, `job`, `address`, `city`, `country`, `phone`, `gid`, `mobile`, `nationalnumber`, `department`, `division`, `with_honor`) VALUES (238277, 2000, '23', '', '', '', '', '', '', '', '', 'الأقتصاد المنزلي ', '', '');
INSERT INTO `lk9v6_users` (`name`, `email`, `usertype`) VALUES ('صفاء بسيوني حسن الصعيدي', '', 'الخريجين');
INSERT INTO `lk9v6_alumni_main` (`id`, `user_id`, `approved`) VALUES (238278, 238278, 1);
INSERT INTO `lk9v6_alumni_data` (`alumni_id`, `graduation_year`, `fid`, `job`, `address`, `city`, `country`, `phone`, `gid`, `mobile`, `nationalnumber`, `department`, `division`, `with_honor`) VALUES (238278, 2000, '23', '', '', '', '', '', '', '', '', 'الأقتصاد المنزلي ', '', '');
INSERT INTO `lk9v6_users` (`name`, `email`, `usertype`) VALUES ('نادية لطفي صموئيل سلامة ', '', 'الخريجين');
INSERT INTO `lk9v6_alumni_main` (`id`, `user_id`, `approved`) VALUES (238279, 238279, 1);
INSERT INTO `lk9v6_alumni_data` (`alumni_id`, `graduation_year`, `fid`, `job`, `address`, `city`, `country`, `phone`, `gid`, `mobile`, `nationalnumber`, `department`, `division`, `with_honor`) VALUES (238279, 2000, '23', '', '', '', '', '', '', '', '', 'الأقتصاد المنزلي ', '', '');
INSERT INTO `lk9v6_users` (`name`, `email`, `usertype`) VALUES ('نجلاء عبدالرحمن عبد المطلب ', '', 'الخريجين');
INSERT INTO `lk9v6_alumni_main` (`id`, `user_id`, `approved`) VALUES (238280, 238280, 1);
INSERT INTO `lk9v6_alumni_data` (`alumni_id`, `graduation_year`, `fid`, `job`, `address`, `city`, `country`, `phone`, `gid`, `mobile`, `nationalnumber`, `department`, `division`, `with_honor`) VALUES (238280, 2000, '23', '', '', '', '', '', '', '', '', 'الأقتصاد المنزلي ', '', '');
INSERT INTO `lk9v6_users` (`name`, `email`, `usertype`) VALUES ('هويدا أنور عبد الجواد الحفناوي ', '', 'الخريجين');
INSERT INTO `lk9v6_alumni_main` (`id`, `user_id`, `approved`) VALUES (238281, 238281, 1);
INSERT INTO `lk9v6_alumni_data` (`alumni_id`, `graduation_year`, `fid`, `job`, `address`, `city`, `country`, `phone`, `gid`, `mobile`, `nationalnumber`, `department`, `division`, `with_honor`) VALUES (238281, 2000, '23', '', '', '', '', '', '', '', '', 'الأقتصاد المنزلي ', '', '');
INSERT INTO `lk9v6_users` (`name`, `email`, `usertype`) VALUES ('أماني عيد الياس ميخائيل ', '', 'الخريجين');
INSERT INTO `lk9v6_alumni_main` (`id`, `user_id`, `approved`) VALUES (238282, 238282, 1);
INSERT INTO `lk9v6_alumni_data` (`alumni_id`, `graduation_year`, `fid`, `job`, `address`, `city`, `country`, `phone`, `gid`, `mobile`, `nationalnumber`, `department`, `division`, `with_honor`) VALUES (238282, 2000, '23', '', '', '', '', '', '', '', '', 'الأقتصاد المنزلي ', '', '');
INSERT INTO `lk9v6_users` (`name`, `email`, `usertype`) VALUES ('ايمان كامل سلومة محمد سلومة ', '', 'الخريجين');
INSERT INTO `lk9v6_alumni_main` (`id`, `user_id`, `approved`) VALUES (238283, 238283, 1);
INSERT INTO `lk9v6_alumni_data` (`alumni_id`, `graduation_year`, `fid`, `job`, `address`, `city`, `country`, `phone`, `gid`, `mobile`, `nationalnumber`, `department`, `division`, `with_honor`) VALUES (238283, 2000, '23', '', '', '', '', '', '', '', '', 'الأقتصاد المنزلي ', '', '');
INSERT INTO `lk9v6_users` (`name`, `email`, `usertype`) VALUES ('داليا السيد سعيد السيد علي ', '', 'الخريجين');
INSERT INTO `lk9v6_alumni_main` (`id`, `user_id`, `approved`) VALUES (238284, 238284, 1);
INSERT INTO `lk9v6_alumni_data` (`alumni_id`, `graduation_year`, `fid`, `job`, `address`, `city`, `country`, `phone`, `gid`, `mobile`, `nationalnumber`, `department`, `division`, `with_honor`) VALUES (238284, 2000, '23', '', '', '', '', '', '', '', '', 'الأقتصاد المنزلي ', '', '');
INSERT INTO `lk9v6_users` (`name`, `email`, `usertype`) VALUES ('رحاب محمد فتحي أحمد حسين ', '', 'الخريجين');
INSERT INTO `lk9v6_alumni_main` (`id`, `user_id`, `approved`) VALUES (238285, 238285, 1);
INSERT INTO `lk9v6_alumni_data` (`alumni_id`, `graduation_year`, `fid`, `job`, `address`, `city`, `country`, `phone`, `gid`, `mobile`, `nationalnumber`, `department`, `division`, `with_honor`) VALUES (238285, 2000, '23', '', '', '', '', '', '', '', '', 'الأقتصاد المنزلي ', '', '');
INSERT INTO `lk9v6_users` (`name`, `email`, `usertype`) VALUES ('سماح السيد محمد عبد الحكيم ', '', 'الخريجين');
INSERT INTO `lk9v6_alumni_main` (`id`, `user_id`, `approved`) VALUES (238286, 238286, 1);
INSERT INTO `lk9v6_alumni_data` (`alumni_id`, `graduation_year`, `fid`, `job`, `address`, `city`, `country`, `phone`, `gid`, `mobile`, `nationalnumber`, `department`, `division`, `with_honor`) VALUES (238286, 2000, '23', '', '', '', '', '', '', '', '', 'الأقتصاد المنزلي ', '', '');
INSERT INTO `lk9v6_users` (`name`, `email`, `usertype`) VALUES ('شيرين عبد الفتاح اسماعيل السيد', '', 'الخريجين');
INSERT INTO `lk9v6_alumni_main` (`id`, `user_id`, `approved`) VALUES (238287, 238287, 1);
INSERT INTO `lk9v6_alumni_data` (`alumni_id`, `graduation_year`, `fid`, `job`, `address`, `city`, `country`, `phone`, `gid`, `mobile`, `nationalnumber`, `department`, `division`, `with_honor`) VALUES (238287, 2000, '23', '', '', '', '', '', '', '', '', 'الأقتصاد المنزلي ', '', '');
INSERT INTO `lk9v6_users` (`name`, `email`, `usertype`) VALUES ('شيماء فاروق رشوان الجارحي ', '', 'الخريجين');
INSERT INTO `lk9v6_alumni_main` (`id`, `user_id`, `approved`) VALUES (238288, 238288, 1);
INSERT INTO `lk9v6_alumni_data` (`alumni_id`, `graduation_year`, `fid`, `job`, `address`, `city`, `country`, `phone`, `gid`, `mobile`, `nationalnumber`, `department`, `division`, `with_honor`) VALUES (238288, 2000, '23', '', '', '', '', '', '', '', '', 'الأقتصاد المنزلي ', '', '');
INSERT INTO `lk9v6_users` (`name`, `email`, `usertype`) VALUES ('غادة علي أحمد عبد الحميد', '', 'الخريجين');
INSERT INTO `lk9v6_alumni_main` (`id`, `user_id`, `approved`) VALUES (238289, 238289, 1);
INSERT INTO `lk9v6_alumni_data` (`alumni_id`, `graduation_year`, `fid`, `job`, `address`, `city`, `country`, `phone`, `gid`, `mobile`, `nationalnumber`, `department`, `division`, `with_honor`) VALUES (238289, 2000, '23', '', '', '', '', '', '', '', '', 'الأقتصاد المنزلي ', '', '');
INSERT INTO `lk9v6_users` (`name`, `email`, `usertype`) VALUES ('ماري فايز شفيف اسكندر ', '', 'الخريجين');
INSERT INTO `lk9v6_alumni_main` (`id`, `user_id`, `approved`) VALUES (238290, 238290, 1);
INSERT INTO `lk9v6_alumni_data` (`alumni_id`, `graduation_year`, `fid`, `job`, `address`, `city`, `country`, `phone`, `gid`, `mobile`, `nationalnumber`, `department`, `division`, `with_honor`) VALUES (238290, 2000, '23', '', '', '', '', '', '', '', '', 'الأقتصاد المنزلي ', '', '');
INSERT INTO `lk9v6_users` (`name`, `email`, `usertype`) VALUES ('نورهان حسن أحمد حسن ', '', 'الخريجين');
INSERT INTO `lk9v6_alumni_main` (`id`, `user_id`, `approved`) VALUES (238291, 238291, 1);
INSERT INTO `lk9v6_alumni_data` (`alumni_id`, `graduation_year`, `fid`, `job`, `address`, `city`, `country`, `phone`, `gid`, `mobile`, `nationalnumber`, `department`, `division`, `with_honor`) VALUES (238291, 2000, '23', '', '', '', '', '', '', '', '', 'الأقتصاد المنزلي ', '', '');
INSERT INTO `lk9v6_users` (`name`, `email`, `usertype`) VALUES ('أسماء محمد بدر مصطفي ', '', 'الخريجين');
INSERT INTO `lk9v6_alumni_main` (`id`, `user_id`, `approved`) VALUES (238292, 238292, 1);
INSERT INTO `lk9v6_alumni_data` (`alumni_id`, `graduation_year`, `fid`, `job`, `address`, `city`, `country`, `phone`, `gid`, `mobile`, `nationalnumber`, `department`, `division`, `with_honor`) VALUES (238292, 2000, '23', '', '', '', '', '', '', '', '', 'الأقتصاد المنزلي ', '', '');
INSERT INTO `lk9v6_users` (`name`, `email`, `usertype`) VALUES ('رشا ابراهيم محمد الجندي ', '', 'الخريجين');
INSERT INTO `lk9v6_alumni_main` (`id`, `user_id`, `approved`) VALUES (238293, 238293, 1);
INSERT INTO `lk9v6_alumni_data` (`alumni_id`, `graduation_year`, `fid`, `job`, `address`, `city`, `country`, `phone`, `gid`, `mobile`, `nationalnumber`, `department`, `division`, `with_honor`) VALUES (238293, 2000, '23', '', '', '', '', '', '', '', '', 'الأقتصاد المنزلي ', '', '');
INSERT INTO `lk9v6_users` (`name`, `email`, `usertype`) VALUES ('علا زين العابدين محمد حسن ', '', 'الخريجين');
INSERT INTO `lk9v6_alumni_main` (`id`, `user_id`, `approved`) VALUES (238294, 238294, 1);
INSERT INTO `lk9v6_alumni_data` (`alumni_id`, `graduation_year`, `fid`, `job`, `address`, `city`, `country`, `phone`, `gid`, `mobile`, `nationalnumber`, `department`, `division`, `with_honor`) VALUES (238294, 2001, '23', '', '', '', '', '', '', '', '', 'التربية الفنية ', '', '');
INSERT INTO `lk9v6_users` (`name`, `email`, `usertype`) VALUES ('أحمد محمد محمد السيد ', '', 'الخريجين');
INSERT INTO `lk9v6_alumni_main` (`id`, `user_id`, `approved`) VALUES (238295, 238295, 1);
INSERT INTO `lk9v6_alumni_data` (`alumni_id`, `graduation_year`, `fid`, `job`, `address`, `city`, `country`, `phone`, `gid`, `mobile`, `nationalnumber`, `department`, `division`, `with_honor`) VALUES (238295, 2001, '23', '', '', '', '', '', '', '', '', 'التربية الفنية ', '', '');
INSERT INTO `lk9v6_users` (`name`, `email`, `usertype`) VALUES ('أنجي فوزي محمد سليمان توتو ', '', 'الخريجين');
INSERT INTO `lk9v6_alumni_main` (`id`, `user_id`, `approved`) VALUES (238296, 238296, 1);
INSERT INTO `lk9v6_alumni_data` (`alumni_id`, `graduation_year`, `fid`, `job`, `address`, `city`, `country`, `phone`, `gid`, `mobile`, `nationalnumber`, `department`, `division`, `with_honor`) VALUES (238296, 2001, '23', '', '', '', '', '', '', '', '', 'التربية الفنية ', '', '');
INSERT INTO `lk9v6_users` (`name`, `email`, `usertype`) VALUES ('ايريني وجدي نصيف وجدي ', '', 'الخريجين');
INSERT INTO `lk9v6_alumni_main` (`id`, `user_id`, `approved`) VALUES (238297, 238297, 1);
INSERT INTO `lk9v6_alumni_data` (`alumni_id`, `graduation_year`, `fid`, `job`, `address`, `city`, `country`, `phone`, `gid`, `mobile`, `nationalnumber`, `department`, `division`, `with_honor`) VALUES (238297, 2001, '23', '', '', '', '', '', '', '', '', 'التربية الفنية ', '', '');
INSERT INTO `lk9v6_users` (`name`, `email`, `usertype`) VALUES ('بسنت السعيد محمد سالم ', '', 'الخريجين');
INSERT INTO `lk9v6_alumni_main` (`id`, `user_id`, `approved`) VALUES (238298, 238298, 1);
INSERT INTO `lk9v6_alumni_data` (`alumni_id`, `graduation_year`, `fid`, `job`, `address`, `city`, `country`, `phone`, `gid`, `mobile`, `nationalnumber`, `department`, `division`, `with_honor`) VALUES (238298, 2001, '23', '', '', '', '', '', '', '', '', 'التربية الفنية ', '', '');
INSERT INTO `lk9v6_users` (`name`, `email`, `usertype`) VALUES ('ريهام نبيل عبد القوي رياض ', '', 'الخريجين');
INSERT INTO `lk9v6_alumni_main` (`id`, `user_id`, `approved`) VALUES (238299, 238299, 1);
INSERT INTO `lk9v6_alumni_data` (`alumni_id`, `graduation_year`, `fid`, `job`, `address`, `city`, `country`, `phone`, `gid`, `mobile`, `nationalnumber`, `department`, `division`, `with_honor`) VALUES (238299, 2001, '23', '', '', '', '', '', '', '', '', 'التربية الفنية ', '', '');
INSERT INTO `lk9v6_users` (`name`, `email`, `usertype`) VALUES ('سعاد  حسني أحمد زقزوق ', '', 'الخريجين');
INSERT INTO `lk9v6_alumni_main` (`id`, `user_id`, `approved`) VALUES (238300, 238300, 1);
INSERT INTO `lk9v6_alumni_data` (`alumni_id`, `graduation_year`, `fid`, `job`, `address`, `city`, `country`, `phone`, `gid`, `mobile`, `nationalnumber`, `department`, `division`, `with_honor`) VALUES (238300, 2001, '23', '', '', '', '', '', '', '', '', 'التربية الفنية ', '', '');
INSERT INTO `lk9v6_users` (`name`, `email`, `usertype`) VALUES ('شيماء علي لطفي علي ', '', 'الخريجين');
INSERT INTO `lk9v6_alumni_main` (`id`, `user_id`, `approved`) VALUES (238301, 238301, 1);
INSERT INTO `lk9v6_alumni_data` (`alumni_id`, `graduation_year`, `fid`, `job`, `address`, `city`, `country`, `phone`, `gid`, `mobile`, `nationalnumber`, `department`, `division`, `with_honor`) VALUES (238301, 2001, '23', '', '', '', '', '', '', '', '', 'التربية الفنية ', '', '');
INSERT INTO `lk9v6_users` (`name`, `email`, `usertype`) VALUES ('شيماء محمد سعيد محمد ', '', 'الخريجين');
INSERT INTO `lk9v6_alumni_main` (`id`, `user_id`, `approved`) VALUES (238302, 238302, 1);
INSERT INTO `lk9v6_alumni_data` (`alumni_id`, `graduation_year`, `fid`, `job`, `address`, `city`, `country`, `phone`, `gid`, `mobile`, `nationalnumber`, `department`, `division`, `with_honor`) VALUES (238302, 2001, '23', '', '', '', '', '', '', '', '', 'التربية الفنية ', '', '');
INSERT INTO `lk9v6_users` (`name`, `email`, `usertype`) VALUES ('صابرين صابر عبد الغني نوار ', '', 'الخريجين');
INSERT INTO `lk9v6_alumni_main` (`id`, `user_id`, `approved`) VALUES (238303, 238303, 1);
INSERT INTO `lk9v6_alumni_data` (`alumni_id`, `graduation_year`, `fid`, `job`, `address`, `city`, `country`, `phone`, `gid`, `mobile`, `nationalnumber`, `department`, `division`, `with_honor`) VALUES (238303, 2001, '23', '', '', '', '', '', '', '', '', 'التربية الفنية ', '', '');
INSERT INTO `lk9v6_users` (`name`, `email`, `usertype`) VALUES ('علا شعبان عبد الحميد عامر ', '', 'الخريجين');
INSERT INTO `lk9v6_alumni_main` (`id`, `user_id`, `approved`) VALUES (238304, 238304, 1);
INSERT INTO `lk9v6_alumni_data` (`alumni_id`, `graduation_year`, `fid`, `job`, `address`, `city`, `country`, `phone`, `gid`, `mobile`, `nationalnumber`, `department`, `division`, `with_honor`) VALUES (238304, 2001, '23', '', '', '', '', '', '', '', '', 'التربية الفنية ', '', '');
INSERT INTO `lk9v6_users` (`name`, `email`, `usertype`) VALUES ('علا فؤاد محمد أبو ميرة ', '', 'الخريجين');
INSERT INTO `lk9v6_alumni_main` (`id`, `user_id`, `approved`) VALUES (238305, 238305, 1);
INSERT INTO `lk9v6_alumni_data` (`alumni_id`, `graduation_year`, `fid`, `job`, `address`, `city`, `country`, `phone`, `gid`, `mobile`, `nationalnumber`, `department`, `division`, `with_honor`) VALUES (238305, 2001, '23', '', '', '', '', '', '', '', '', 'التربية الفنية ', '', '');
INSERT INTO `lk9v6_users` (`name`, `email`, `usertype`) VALUES ('غادة ابراهيم السيد عبد الحليم ', '', 'الخريجين');
INSERT INTO `lk9v6_alumni_main` (`id`, `user_id`, `approved`) VALUES (238306, 238306, 1);
INSERT INTO `lk9v6_alumni_data` (`alumni_id`, `graduation_year`, `fid`, `job`, `address`, `city`, `country`, `phone`, `gid`, `mobile`, `nationalnumber`, `department`, `division`, `with_honor`) VALUES (238306, 2001, '23', '', '', '', '', '', '', '', '', 'التربية الفنية ', '', '');
INSERT INTO `lk9v6_users` (`name`, `email`, `usertype`) VALUES ('غادة يسري محمود صوان ', '', 'الخريجين');
INSERT INTO `lk9v6_alumni_main` (`id`, `user_id`, `approved`) VALUES (238307, 238307, 1);
INSERT INTO `lk9v6_alumni_data` (`alumni_id`, `graduation_year`, `fid`, `job`, `address`, `city`, `country`, `phone`, `gid`, `mobile`, `nationalnumber`, `department`, `division`, `with_honor`) VALUES (238307, 2001, '23', '', '', '', '', '', '', '', '', 'التربية الفنية ', '', '');
INSERT INTO `lk9v6_users` (`name`, `email`, `usertype`) VALUES ('غادة ابراهيم محمود عبد العال ', '', 'الخريجين');
INSERT INTO `lk9v6_alumni_main` (`id`, `user_id`, `approved`) VALUES (238308, 238308, 1);
INSERT INTO `lk9v6_alumni_data` (`alumni_id`, `graduation_year`, `fid`, `job`, `address`, `city`, `country`, `phone`, `gid`, `mobile`, `nationalnumber`, `department`, `division`, `with_honor`) VALUES (238308, 2001, '23', '', '', '', '', '', '', '', '', 'التربية الفنية ', '', '');
INSERT INTO `lk9v6_users` (`name`, `email`, `usertype`) VALUES ('فاطمة نور الدين محمد حسن ', '', 'الخريجين');
INSERT INTO `lk9v6_alumni_main` (`id`, `user_id`, `approved`) VALUES (238309, 238309, 1);
INSERT INTO `lk9v6_alumni_data` (`alumni_id`, `graduation_year`, `fid`, `job`, `address`, `city`, `country`, `phone`, `gid`, `mobile`, `nationalnumber`, `department`, `division`, `with_honor`) VALUES (238309, 2001, '23', '', '', '', '', '', '', '', '', 'التربية الفنية ', '', '');
INSERT INTO `lk9v6_users` (`name`, `email`, `usertype`) VALUES ('لوران أحمد محمود علوان ', '', 'الخريجين');
INSERT INTO `lk9v6_alumni_main` (`id`, `user_id`, `approved`) VALUES (238310, 238310, 1);
INSERT INTO `lk9v6_alumni_data` (`alumni_id`, `graduation_year`, `fid`, `job`, `address`, `city`, `country`, `phone`, `gid`, `mobile`, `nationalnumber`, `department`, `division`, `with_honor`) VALUES (238310, 2001, '23', '', '', '', '', '', '', '', '', 'التربية الفنية ', '', '');
INSERT INTO `lk9v6_users` (`name`, `email`, `usertype`) VALUES ('محمد السيد محمد علي ', '', 'الخريجين');
INSERT INTO `lk9v6_alumni_main` (`id`, `user_id`, `approved`) VALUES (238311, 238311, 1);
INSERT INTO `lk9v6_alumni_data` (`alumni_id`, `graduation_year`, `fid`, `job`, `address`, `city`, `country`, `phone`, `gid`, `mobile`, `nationalnumber`, `department`, `division`, `with_honor`) VALUES (238311, 2001, '23', '', '', '', '', '', '', '', '', 'التربية الفنية ', '', '');
INSERT INTO `lk9v6_users` (`name`, `email`, `usertype`) VALUES ('مروة أحمد فتحي المصري ', '', 'الخريجين');
INSERT INTO `lk9v6_alumni_main` (`id`, `user_id`, `approved`) VALUES (238312, 238312, 1);
INSERT INTO `lk9v6_alumni_data` (`alumni_id`, `graduation_year`, `fid`, `job`, `address`, `city`, `country`, `phone`, `gid`, `mobile`, `nationalnumber`, `department`, `division`, `with_honor`) VALUES (238312, 2001, '23', '', '', '', '', '', '', '', '', 'التربية الفنية ', '', '');
INSERT INTO `lk9v6_users` (`name`, `email`, `usertype`) VALUES ('مروة محمد سعيد محمد', '', 'الخريجين');
INSERT INTO `lk9v6_alumni_main` (`id`, `user_id`, `approved`) VALUES (238313, 238313, 1);
INSERT INTO `lk9v6_alumni_data` (`alumni_id`, `graduation_year`, `fid`, `job`, `address`, `city`, `country`, `phone`, `gid`, `mobile`, `nationalnumber`, `department`, `division`, `with_honor`) VALUES (238313, 2001, '23', '', '', '', '', '', '', '', '', 'التربية الفنية ', '', '');
INSERT INTO `lk9v6_users` (`name`, `email`, `usertype`) VALUES ('منار جمال الدين محمد موسي ', '', 'الخريجين');
INSERT INTO `lk9v6_alumni_main` (`id`, `user_id`, `approved`) VALUES (238314, 238314, 1);
INSERT INTO `lk9v6_alumni_data` (`alumni_id`, `graduation_year`, `fid`, `job`, `address`, `city`, `country`, `phone`, `gid`, `mobile`, `nationalnumber`, `department`, `division`, `with_honor`) VALUES (238314, 2001, '23', '', '', '', '', '', '', '', '', 'التربية الفنية ', '', '');
INSERT INTO `lk9v6_users` (`name`, `email`, `usertype`) VALUES ('نيفين عبد الغفار عبد الغفار السيد ', '', 'الخريجين');
INSERT INTO `lk9v6_alumni_main` (`id`, `user_id`, `approved`) VALUES (238315, 238315, 1);
INSERT INTO `lk9v6_alumni_data` (`alumni_id`, `graduation_year`, `fid`, `job`, `address`, `city`, `country`, `phone`, `gid`, `mobile`, `nationalnumber`, `department`, `division`, `with_honor`) VALUES (238315, 2001, '23', '', '', '', '', '', '', '', '', 'التربية الفنية ', '', '');
INSERT INTO `lk9v6_users` (`name`, `email`, `usertype`) VALUES ('نهي سيد محمد سالم ', '', 'الخريجين');
INSERT INTO `lk9v6_alumni_main` (`id`, `user_id`, `approved`) VALUES (238316, 238316, 1);
INSERT INTO `lk9v6_alumni_data` (`alumni_id`, `graduation_year`, `fid`, `job`, `address`, `city`, `country`, `phone`, `gid`, `mobile`, `nationalnumber`, `department`, `division`, `with_honor`) VALUES (238316, 2001, '23', '', '', '', '', '', '', '', '', 'التربية الفنية ', '', '');
INSERT INTO `lk9v6_users` (`name`, `email`, `usertype`) VALUES ('هاجر علي محمد نوفل ', '', 'الخريجين');
INSERT INTO `lk9v6_alumni_main` (`id`, `user_id`, `approved`) VALUES (238317, 238317, 1);
INSERT INTO `lk9v6_alumni_data` (`alumni_id`, `graduation_year`, `fid`, `job`, `address`, `city`, `country`, `phone`, `gid`, `mobile`, `nationalnumber`, `department`, `division`, `with_honor`) VALUES (238317, 2001, '23', '', '', '', '', '', '', '', '', 'التربية الفنية ', '', '');
INSERT INTO `lk9v6_users` (`name`, `email`, `usertype`) VALUES ('هبة أحمد خليل حسن ', '', 'الخريجين');
INSERT INTO `lk9v6_alumni_main` (`id`, `user_id`, `approved`) VALUES (238318, 238318, 1);
INSERT INTO `lk9v6_alumni_data` (`alumni_id`, `graduation_year`, `fid`, `job`, `address`, `city`, `country`, `phone`, `gid`, `mobile`, `nationalnumber`, `department`, `division`, `with_honor`) VALUES (238318, 2001, '23', '', '', '', '', '', '', '', '', 'التربية الفنية ', '', '');
INSERT INTO `lk9v6_users` (`name`, `email`, `usertype`) VALUES ('ولاء محمود السيد الوكيل ', '', 'الخريجين');
INSERT INTO `lk9v6_alumni_main` (`id`, `user_id`, `approved`) VALUES (238319, 238319, 1);
INSERT INTO `lk9v6_alumni_data` (`alumni_id`, `graduation_year`, `fid`, `job`, `address`, `city`, `country`, `phone`, `gid`, `mobile`, `nationalnumber`, `department`, `division`, `with_honor`) VALUES (238319, 2001, '23', '', '', '', '', '', '', '', '', 'التربية الفنية ', '', '');
INSERT INTO `lk9v6_users` (`name`, `email`, `usertype`) VALUES ('أناس زكريا السيد محمد ', '', 'الخريجين');
INSERT INTO `lk9v6_alumni_main` (`id`, `user_id`, `approved`) VALUES (238320, 238320, 1);
INSERT INTO `lk9v6_alumni_data` (`alumni_id`, `graduation_year`, `fid`, `job`, `address`, `city`, `country`, `phone`, `gid`, `mobile`, `nationalnumber`, `department`, `division`, `with_honor`) VALUES (238320, 2001, '23', '', '', '', '', '', '', '', '', 'التربية الفنية ', '', '');
INSERT INTO `lk9v6_users` (`name`, `email`, `usertype`) VALUES ('ايمان محمد عبد الحميد ابراهيم ', '', 'الخريجين');
INSERT INTO `lk9v6_alumni_main` (`id`, `user_id`, `approved`) VALUES (238321, 238321, 1);
INSERT INTO `lk9v6_alumni_data` (`alumni_id`, `graduation_year`, `fid`, `job`, `address`, `city`, `country`, `phone`, `gid`, `mobile`, `nationalnumber`, `department`, `division`, `with_honor`) VALUES (238321, 2001, '23', '', '', '', '', '', '', '', '', 'التربية الفنية ', '', '');
INSERT INTO `lk9v6_users` (`name`, `email`, `usertype`) VALUES ('بسمة صلاح عثمان سيد احمد ', '', 'الخريجين');
INSERT INTO `lk9v6_alumni_main` (`id`, `user_id`, `approved`) VALUES (238322, 238322, 1);
INSERT INTO `lk9v6_alumni_data` (`alumni_id`, `graduation_year`, `fid`, `job`, `address`, `city`, `country`, `phone`, `gid`, `mobile`, `nationalnumber`, `department`, `division`, `with_honor`) VALUES (238322, 2001, '23', '', '', '', '', '', '', '', '', 'التربية الفنية ', '', '');
INSERT INTO `lk9v6_users` (`name`, `email`, `usertype`) VALUES ('تريز عادل نصيف اسحق ', '', 'الخريجين');
INSERT INTO `lk9v6_alumni_main` (`id`, `user_id`, `approved`) VALUES (238323, 238323, 1);
INSERT INTO `lk9v6_alumni_data` (`alumni_id`, `graduation_year`, `fid`, `job`, `address`, `city`, `country`, `phone`, `gid`, `mobile`, `nationalnumber`, `department`, `division`, `with_honor`) VALUES (238323, 2001, '23', '', '', '', '', '', '', '', '', 'التربية الفنية ', '', '');
INSERT INTO `lk9v6_users` (`name`, `email`, `usertype`) VALUES ('داليا عبد العال يحي علي الدين ', '', 'الخريجين');
INSERT INTO `lk9v6_alumni_main` (`id`, `user_id`, `approved`) VALUES (238324, 238324, 1);
INSERT INTO `lk9v6_alumni_data` (`alumni_id`, `graduation_year`, `fid`, `job`, `address`, `city`, `country`, `phone`, `gid`, `mobile`, `nationalnumber`, `department`, `division`, `with_honor`) VALUES (238324, 2001, '23', '', '', '', '', '', '', '', '', 'التربية الفنية ', '', '');
INSERT INTO `lk9v6_users` (`name`, `email`, `usertype`) VALUES ('رانيا ابراهيم محمد صباح', '', 'الخريجين');
INSERT INTO `lk9v6_alumni_main` (`id`, `user_id`, `approved`) VALUES (238325, 238325, 1);
INSERT INTO `lk9v6_alumni_data` (`alumni_id`, `graduation_year`, `fid`, `job`, `address`, `city`, `country`, `phone`, `gid`, `mobile`, `nationalnumber`, `department`, `division`, `with_honor`) VALUES (238325, 2001, '23', '', '', '', '', '', '', '', '', 'التربية الفنية ', '', '');
INSERT INTO `lk9v6_users` (`name`, `email`, `usertype`) VALUES ('رانيا صلاح لطفي الصعيدي ', '', 'الخريجين');
INSERT INTO `lk9v6_alumni_main` (`id`, `user_id`, `approved`) VALUES (238326, 238326, 1);
INSERT INTO `lk9v6_alumni_data` (`alumni_id`, `graduation_year`, `fid`, `job`, `address`, `city`, `country`, `phone`, `gid`, `mobile`, `nationalnumber`, `department`, `division`, `with_honor`) VALUES (238326, 2001, '23', '', '', '', '', '', '', '', '', 'التربية الفنية ', '', '');
INSERT INTO `lk9v6_users` (`name`, `email`, `usertype`) VALUES ('رنيه صابر صوصة ابراهيم ', '', 'الخريجين');
INSERT INTO `lk9v6_alumni_main` (`id`, `user_id`, `approved`) VALUES (238327, 238327, 1);
INSERT INTO `lk9v6_alumni_data` (`alumni_id`, `graduation_year`, `fid`, `job`, `address`, `city`, `country`, `phone`, `gid`, `mobile`, `nationalnumber`, `department`, `division`, `with_honor`) VALUES (238327, 2001, '23', '', '', '', '', '', '', '', '', 'التربية الفنية ', '', '');
INSERT INTO `lk9v6_users` (`name`, `email`, `usertype`) VALUES ('زينب اسماعيل السيد سليم ', '', 'الخريجين');
INSERT INTO `lk9v6_alumni_main` (`id`, `user_id`, `approved`) VALUES (238328, 238328, 1);
INSERT INTO `lk9v6_alumni_data` (`alumni_id`, `graduation_year`, `fid`, `job`, `address`, `city`, `country`, `phone`, `gid`, `mobile`, `nationalnumber`, `department`, `division`, `with_honor`) VALUES (238328, 2001, '23', '', '', '', '', '', '', '', '', 'التربية الفنية ', '', '');
INSERT INTO `lk9v6_users` (`name`, `email`, `usertype`) VALUES ('سارة مصطفي عبد الحميد حسين ', '', 'الخريجين');
INSERT INTO `lk9v6_alumni_main` (`id`, `user_id`, `approved`) VALUES (238329, 238329, 1);
INSERT INTO `lk9v6_alumni_data` (`alumni_id`, `graduation_year`, `fid`, `job`, `address`, `city`, `country`, `phone`, `gid`, `mobile`, `nationalnumber`, `department`, `division`, `with_honor`) VALUES (238329, 2001, '23', '', '', '', '', '', '', '', '', 'التربية الفنية ', '', '');
INSERT INTO `lk9v6_users` (`name`, `email`, `usertype`) VALUES ('سمر جميل نصر سليمان ', '', 'الخريجين');
INSERT INTO `lk9v6_alumni_main` (`id`, `user_id`, `approved`) VALUES (238330, 238330, 1);
INSERT INTO `lk9v6_alumni_data` (`alumni_id`, `graduation_year`, `fid`, `job`, `address`, `city`, `country`, `phone`, `gid`, `mobile`, `nationalnumber`, `department`, `division`, `with_honor`) VALUES (238330, 2001, '23', '', '', '', '', '', '', '', '', 'التربية الفنية ', '', '');
INSERT INTO `lk9v6_users` (`name`, `email`, `usertype`) VALUES ('شيماء أحمد عبد العال السيد ', '', 'الخريجين');
INSERT INTO `lk9v6_alumni_main` (`id`, `user_id`, `approved`) VALUES (238331, 238331, 1);
INSERT INTO `lk9v6_alumni_data` (`alumni_id`, `graduation_year`, `fid`, `job`, `address`, `city`, `country`, `phone`, `gid`, `mobile`, `nationalnumber`, `department`, `division`, `with_honor`) VALUES (238331, 2001, '23', '', '', '', '', '', '', '', '', 'التربية الفنية ', '', '');
INSERT INTO `lk9v6_users` (`name`, `email`, `usertype`) VALUES ('فاتن محمد محمد فرغلي ', '', 'الخريجين');
INSERT INTO `lk9v6_alumni_main` (`id`, `user_id`, `approved`) VALUES (238332, 238332, 1);
INSERT INTO `lk9v6_alumni_data` (`alumni_id`, `graduation_year`, `fid`, `job`, `address`, `city`, `country`, `phone`, `gid`, `mobile`, `nationalnumber`, `department`, `division`, `with_honor`) VALUES (238332, 2001, '23', '', '', '', '', '', '', '', '', 'التربية الفنية ', '', '');
INSERT INTO `lk9v6_users` (`name`, `email`, `usertype`) VALUES ('محمد أحمد شوقي منير علم الدين ', '', 'الخريجين');
INSERT INTO `lk9v6_alumni_main` (`id`, `user_id`, `approved`) VALUES (238333, 238333, 1);
INSERT INTO `lk9v6_alumni_data` (`alumni_id`, `graduation_year`, `fid`, `job`, `address`, `city`, `country`, `phone`, `gid`, `mobile`, `nationalnumber`, `department`, `division`, `with_honor`) VALUES (238333, 2001, '23', '', '', '', '', '', '', '', '', 'التربية الفنية ', '', '');
INSERT INTO `lk9v6_users` (`name`, `email`, `usertype`) VALUES ('مروة رمضان رمضان حسن ', '', 'الخريجين');
INSERT INTO `lk9v6_alumni_main` (`id`, `user_id`, `approved`) VALUES (238334, 238334, 1);
INSERT INTO `lk9v6_alumni_data` (`alumni_id`, `graduation_year`, `fid`, `job`, `address`, `city`, `country`, `phone`, `gid`, `mobile`, `nationalnumber`, `department`, `division`, `with_honor`) VALUES (238334, 2001, '23', '', '', '', '', '', '', '', '', 'التربية الفنية ', '', '');
INSERT INTO `lk9v6_users` (`name`, `email`, `usertype`) VALUES ('مريم مكرم حليم سعيد ', '', 'الخريجين');
INSERT INTO `lk9v6_alumni_main` (`id`, `user_id`, `approved`) VALUES (238335, 238335, 1);
INSERT INTO `lk9v6_alumni_data` (`alumni_id`, `graduation_year`, `fid`, `job`, `address`, `city`, `country`, `phone`, `gid`, `mobile`, `nationalnumber`, `department`, `division`, `with_honor`) VALUES (238335, 2001, '23', '', '', '', '', '', '', '', '', 'التربية الفنية ', '', '');
INSERT INTO `lk9v6_users` (`name`, `email`, `usertype`) VALUES ('نادية محمد عبد الرازق عطية ', '', 'الخريجين');
INSERT INTO `lk9v6_alumni_main` (`id`, `user_id`, `approved`) VALUES (238336, 238336, 1);
INSERT INTO `lk9v6_alumni_data` (`alumni_id`, `graduation_year`, `fid`, `job`, `address`, `city`, `country`, `phone`, `gid`, `mobile`, `nationalnumber`, `department`, `division`, `with_honor`) VALUES (238336, 2001, '23', '', '', '', '', '', '', '', '', 'التربية الفنية ', '', '');
INSERT INTO `lk9v6_users` (`name`, `email`, `usertype`) VALUES ('هبة عباس أحمد عبد اللطيف ', '', 'الخريجين');
INSERT INTO `lk9v6_alumni_main` (`id`, `user_id`, `approved`) VALUES (238337, 238337, 1);
INSERT INTO `lk9v6_alumni_data` (`alumni_id`, `graduation_year`, `fid`, `job`, `address`, `city`, `country`, `phone`, `gid`, `mobile`, `nationalnumber`, `department`, `division`, `with_honor`) VALUES (238337, 2001, '23', '', '', '', '', '', '', '', '', 'التربية الفنية ', '', '');
INSERT INTO `lk9v6_users` (`name`, `email`, `usertype`) VALUES ('ولاء حمدي عبد اللطيف حسن ', '', 'الخريجين');
INSERT INTO `lk9v6_alumni_main` (`id`, `user_id`, `approved`) VALUES (238338, 238338, 1);
INSERT INTO `lk9v6_alumni_data` (`alumni_id`, `graduation_year`, `fid`, `job`, `address`, `city`, `country`, `phone`, `gid`, `mobile`, `nationalnumber`, `department`, `division`, `with_honor`) VALUES (238338, 2001, '23', '', '', '', '', '', '', '', '', 'التربية الفنية ', '', '');
INSERT INTO `lk9v6_users` (`name`, `email`, `usertype`) VALUES ('وسام علي السيد علي ', '', 'الخريجين');
INSERT INTO `lk9v6_alumni_main` (`id`, `user_id`, `approved`) VALUES (238339, 238339, 1);
INSERT INTO `lk9v6_alumni_data` (`alumni_id`, `graduation_year`, `fid`, `job`, `address`, `city`, `country`, `phone`, `gid`, `mobile`, `nationalnumber`, `department`, `division`, `with_honor`) VALUES (238339, 2001, '23', '', '', '', '', '', '', '', '', 'التربية الفنية ', '', '');
INSERT INTO `lk9v6_users` (`name`, `email`, `usertype`) VALUES ('ياسر موريس سوريال حنا ', '', 'الخريجين');
INSERT INTO `lk9v6_alumni_main` (`id`, `user_id`, `approved`) VALUES (238340, 238340, 1);
INSERT INTO `lk9v6_alumni_data` (`alumni_id`, `graduation_year`, `fid`, `job`, `address`, `city`, `country`, `phone`, `gid`, `mobile`, `nationalnumber`, `department`, `division`, `with_honor`) VALUES (238340, 2001, '23', '', '', '', '', '', '', '', '', 'التربية الفنية ', '', '');
INSERT INTO `lk9v6_users` (`name`, `email`, `usertype`) VALUES ('اميرة عادل محمد أمين ', '', 'الخريجين');
INSERT INTO `lk9v6_alumni_main` (`id`, `user_id`, `approved`) VALUES (238341, 238341, 1);
INSERT INTO `lk9v6_alumni_data` (`alumni_id`, `graduation_year`, `fid`, `job`, `address`, `city`, `country`, `phone`, `gid`, `mobile`, `nationalnumber`, `department`, `division`, `with_honor`) VALUES (238341, 2001, '23', '', '', '', '', '', '', '', '', 'التربية الفنية ', '', '');
INSERT INTO `lk9v6_users` (`name`, `email`, `usertype`) VALUES ('أماني سعيد محمد مصطفي ', '', 'الخريجين');
INSERT INTO `lk9v6_alumni_main` (`id`, `user_id`, `approved`) VALUES (238342, 238342, 1);
INSERT INTO `lk9v6_alumni_data` (`alumni_id`, `graduation_year`, `fid`, `job`, `address`, `city`, `country`, `phone`, `gid`, `mobile`, `nationalnumber`, `department`, `division`, `with_honor`) VALUES (238342, 2001, '23', '', '', '', '', '', '', '', '', 'التربية الفنية ', '', '');
INSERT INTO `lk9v6_users` (`name`, `email`, `usertype`) VALUES ('شيرين فؤاد فوزي دقينش ', '', 'الخريجين');
INSERT INTO `lk9v6_alumni_main` (`id`, `user_id`, `approved`) VALUES (238343, 238343, 1);
INSERT INTO `lk9v6_alumni_data` (`alumni_id`, `graduation_year`, `fid`, `job`, `address`, `city`, `country`, `phone`, `gid`, `mobile`, `nationalnumber`, `department`, `division`, `with_honor`) VALUES (238343, 2001, '23', '', '', '', '', '', '', '', '', 'التربية الفنية ', '', '');
INSERT INTO `lk9v6_users` (`name`, `email`, `usertype`) VALUES ('ماجدة أحمد عبدة محمد', '', 'الخريجين');
INSERT INTO `lk9v6_alumni_main` (`id`, `user_id`, `approved`) VALUES (238344, 238344, 1);
INSERT INTO `lk9v6_alumni_data` (`alumni_id`, `graduation_year`, `fid`, `job`, `address`, `city`, `country`, `phone`, `gid`, `mobile`, `nationalnumber`, `department`, `division`, `with_honor`) VALUES (238344, 2001, '23', '', '', '', '', '', '', '', '', 'التربية الفنية ', '', '');
INSERT INTO `lk9v6_users` (`name`, `email`, `usertype`) VALUES ('مروة أحمد حسنين أحمد', '', 'الخريجين');
INSERT INTO `lk9v6_alumni_main` (`id`, `user_id`, `approved`) VALUES (238345, 238345, 1);
INSERT INTO `lk9v6_alumni_data` (`alumni_id`, `graduation_year`, `fid`, `job`, `address`, `city`, `country`, `phone`, `gid`, `mobile`, `nationalnumber`, `department`, `division`, `with_honor`) VALUES (238345, 2001, '23', '', '', '', '', '', '', '', '', 'التربية الفنية ', '', '');
INSERT INTO `lk9v6_users` (`name`, `email`, `usertype`) VALUES ('مروة سعد محمد مصطفي ', '', 'الخريجين');
INSERT INTO `lk9v6_alumni_main` (`id`, `user_id`, `approved`) VALUES (238346, 238346, 1);
INSERT INTO `lk9v6_alumni_data` (`alumni_id`, `graduation_year`, `fid`, `job`, `address`, `city`, `country`, `phone`, `gid`, `mobile`, `nationalnumber`, `department`, `division`, `with_honor`) VALUES (238346, 2001, '23', '', '', '', '', '', '', '', '', 'التربية الفنية ', '', '');
INSERT INTO `lk9v6_users` (`name`, `email`, `usertype`) VALUES ('مروة محمد حسن كمونة ', '', 'الخريجين');
INSERT INTO `lk9v6_alumni_main` (`id`, `user_id`, `approved`) VALUES (238347, 238347, 1);
INSERT INTO `lk9v6_alumni_data` (`alumni_id`, `graduation_year`, `fid`, `job`, `address`, `city`, `country`, `phone`, `gid`, `mobile`, `nationalnumber`, `department`, `division`, `with_honor`) VALUES (238347, 2001, '23', '', '', '', '', '', '', '', '', 'التربية الفنية ', '', '');
INSERT INTO `lk9v6_users` (`name`, `email`, `usertype`) VALUES ('ناهد تاج الدين أبو القاسم ', '', 'الخريجين');
INSERT INTO `lk9v6_alumni_main` (`id`, `user_id`, `approved`) VALUES (238348, 238348, 1);
INSERT INTO `lk9v6_alumni_data` (`alumni_id`, `graduation_year`, `fid`, `job`, `address`, `city`, `country`, `phone`, `gid`, `mobile`, `nationalnumber`, `department`, `division`, `with_honor`) VALUES (238348, 2001, '23', '', '', '', '', '', '', '', '', 'التربية الفنية ', '', '');
INSERT INTO `lk9v6_users` (`name`, `email`, `usertype`) VALUES ('نسرين عبد المنعم السيد سعد', '', 'الخريجين');
INSERT INTO `lk9v6_alumni_main` (`id`, `user_id`, `approved`) VALUES (238349, 238349, 1);
INSERT INTO `lk9v6_alumni_data` (`alumni_id`, `graduation_year`, `fid`, `job`, `address`, `city`, `country`, `phone`, `gid`, `mobile`, `nationalnumber`, `department`, `division`, `with_honor`) VALUES (238349, 2001, '23', '', '', '', '', '', '', '', '', 'التربية الفنية ', '', '');
INSERT INTO `lk9v6_users` (`name`, `email`, `usertype`) VALUES ('أحمد محمد أحمد بسيوني ', '', 'الخريجين');
INSERT INTO `lk9v6_alumni_main` (`id`, `user_id`, `approved`) VALUES (238350, 238350, 1);
INSERT INTO `lk9v6_alumni_data` (`alumni_id`, `graduation_year`, `fid`, `job`, `address`, `city`, `country`, `phone`, `gid`, `mobile`, `nationalnumber`, `department`, `division`, `with_honor`) VALUES (238350, 2001, '23', '', '', '', '', '', '', '', '', 'التربية الموسيقية ', '', '');
INSERT INTO `lk9v6_users` (`name`, `email`, `usertype`) VALUES ('أميرة محمد صلاح الدين محمد', '', 'الخريجين');
INSERT INTO `lk9v6_alumni_main` (`id`, `user_id`, `approved`) VALUES (238351, 238351, 1);
INSERT INTO `lk9v6_alumni_data` (`alumni_id`, `graduation_year`, `fid`, `job`, `address`, `city`, `country`, `phone`, `gid`, `mobile`, `nationalnumber`, `department`, `division`, `with_honor`) VALUES (238351, 2001, '23', '', '', '', '', '', '', '', '', 'التربية الموسيقية ', '', '');
INSERT INTO `lk9v6_users` (`name`, `email`, `usertype`) VALUES ('خالد مكرم زكي ابراهيم ', '', 'الخريجين');
INSERT INTO `lk9v6_alumni_main` (`id`, `user_id`, `approved`) VALUES (238352, 238352, 1);
INSERT INTO `lk9v6_alumni_data` (`alumni_id`, `graduation_year`, `fid`, `job`, `address`, `city`, `country`, `phone`, `gid`, `mobile`, `nationalnumber`, `department`, `division`, `with_honor`) VALUES (238352, 2001, '23', '', '', '', '', '', '', '', '', 'التربية الموسيقية ', '', '');
INSERT INTO `lk9v6_users` (`name`, `email`, `usertype`) VALUES ('داليا السيد البدوي بدر ', '', 'الخريجين');
INSERT INTO `lk9v6_alumni_main` (`id`, `user_id`, `approved`) VALUES (238353, 238353, 1);
INSERT INTO `lk9v6_alumni_data` (`alumni_id`, `graduation_year`, `fid`, `job`, `address`, `city`, `country`, `phone`, `gid`, `mobile`, `nationalnumber`, `department`, `division`, `with_honor`) VALUES (238353, 2001, '23', '', '', '', '', '', '', '', '', 'التربية الموسيقية ', '', '');
INSERT INTO `lk9v6_users` (`name`, `email`, `usertype`) VALUES ('ريهام عبد الحميد عبد الحميد أحمد', '', 'الخريجين');
INSERT INTO `lk9v6_alumni_main` (`id`, `user_id`, `approved`) VALUES (238354, 238354, 1);
INSERT INTO `lk9v6_alumni_data` (`alumni_id`, `graduation_year`, `fid`, `job`, `address`, `city`, `country`, `phone`, `gid`, `mobile`, `nationalnumber`, `department`, `division`, `with_honor`) VALUES (238354, 2001, '23', '', '', '', '', '', '', '', '', 'التربية الموسيقية ', '', '');
INSERT INTO `lk9v6_users` (`name`, `email`, `usertype`) VALUES ('لمياء محمد حسن عبد الله', '', 'الخريجين');
INSERT INTO `lk9v6_alumni_main` (`id`, `user_id`, `approved`) VALUES (238355, 238355, 1);
INSERT INTO `lk9v6_alumni_data` (`alumni_id`, `graduation_year`, `fid`, `job`, `address`, `city`, `country`, `phone`, `gid`, `mobile`, `nationalnumber`, `department`, `division`, `with_honor`) VALUES (238355, 2001, '23', '', '', '', '', '', '', '', '', 'التربية الموسيقية ', '', '');
INSERT INTO `lk9v6_users` (`name`, `email`, `usertype`) VALUES ('نهي أحمد محمد متولي ', '', 'الخريجين');
INSERT INTO `lk9v6_alumni_main` (`id`, `user_id`, `approved`) VALUES (238356, 238356, 1);
INSERT INTO `lk9v6_alumni_data` (`alumni_id`, `graduation_year`, `fid`, `job`, `address`, `city`, `country`, `phone`, `gid`, `mobile`, `nationalnumber`, `department`, `division`, `with_honor`) VALUES (238356, 2001, '23', '', '', '', '', '', '', '', '', 'التربية الموسيقية ', '', '');
INSERT INTO `lk9v6_users` (`name`, `email`, `usertype`) VALUES ('نيفين محمد كمال الدين فتحي ', '', 'الخريجين');
INSERT INTO `lk9v6_alumni_main` (`id`, `user_id`, `approved`) VALUES (238357, 238357, 1);
INSERT INTO `lk9v6_alumni_data` (`alumni_id`, `graduation_year`, `fid`, `job`, `address`, `city`, `country`, `phone`, `gid`, `mobile`, `nationalnumber`, `department`, `division`, `with_honor`) VALUES (238357, 2001, '23', '', '', '', '', '', '', '', '', 'التربية الموسيقية ', '', '');
INSERT INTO `lk9v6_users` (`name`, `email`, `usertype`) VALUES ('هاني عاطف ابراهيم عبد الدايم ', '', 'الخريجين');
INSERT INTO `lk9v6_alumni_main` (`id`, `user_id`, `approved`) VALUES (238358, 238358, 1);
INSERT INTO `lk9v6_alumni_data` (`alumni_id`, `graduation_year`, `fid`, `job`, `address`, `city`, `country`, `phone`, `gid`, `mobile`, `nationalnumber`, `department`, `division`, `with_honor`) VALUES (238358, 2001, '23', '', '', '', '', '', '', '', '', 'التربية الموسيقية ', '', '');
INSERT INTO `lk9v6_users` (`name`, `email`, `usertype`) VALUES ('أحمد سمير يوسف خليل ', '', 'الخريجين');
INSERT INTO `lk9v6_alumni_main` (`id`, `user_id`, `approved`) VALUES (238359, 238359, 1);
INSERT INTO `lk9v6_alumni_data` (`alumni_id`, `graduation_year`, `fid`, `job`, `address`, `city`, `country`, `phone`, `gid`, `mobile`, `nationalnumber`, `department`, `division`, `with_honor`) VALUES (238359, 2001, '23', '', '', '', '', '', '', '', '', 'التربية الموسيقية ', '', '');
INSERT INTO `lk9v6_users` (`name`, `email`, `usertype`) VALUES ('أميرة أحمد عبد العليم زاهر ', '', 'الخريجين');
INSERT INTO `lk9v6_alumni_main` (`id`, `user_id`, `approved`) VALUES (238360, 238360, 1);
INSERT INTO `lk9v6_alumni_data` (`alumni_id`, `graduation_year`, `fid`, `job`, `address`, `city`, `country`, `phone`, `gid`, `mobile`, `nationalnumber`, `department`, `division`, `with_honor`) VALUES (238360, 2001, '23', '', '', '', '', '', '', '', '', 'التربية الموسيقية ', '', '');
INSERT INTO `lk9v6_users` (`name`, `email`, `usertype`) VALUES ('ايمان محجوب علي محجوب ', '', 'الخريجين');
INSERT INTO `lk9v6_alumni_main` (`id`, `user_id`, `approved`) VALUES (238361, 238361, 1);
INSERT INTO `lk9v6_alumni_data` (`alumni_id`, `graduation_year`, `fid`, `job`, `address`, `city`, `country`, `phone`, `gid`, `mobile`, `nationalnumber`, `department`, `division`, `with_honor`) VALUES (238361, 2001, '23', '', '', '', '', '', '', '', '', 'التربية الموسيقية ', '', '');
INSERT INTO `lk9v6_users` (`name`, `email`, `usertype`) VALUES ('ايمان محمد محمد عبد الحميد', '', 'الخريجين');
INSERT INTO `lk9v6_alumni_main` (`id`, `user_id`, `approved`) VALUES (238362, 238362, 1);
INSERT INTO `lk9v6_alumni_data` (`alumni_id`, `graduation_year`, `fid`, `job`, `address`, `city`, `country`, `phone`, `gid`, `mobile`, `nationalnumber`, `department`, `division`, `with_honor`) VALUES (238362, 2001, '23', '', '', '', '', '', '', '', '', 'التربية الموسيقية ', '', '');
INSERT INTO `lk9v6_users` (`name`, `email`, `usertype`) VALUES ('بريهان محمد سعيد خليل ابراهيم ', '', 'الخريجين');
INSERT INTO `lk9v6_alumni_main` (`id`, `user_id`, `approved`) VALUES (238363, 238363, 1);
INSERT INTO `lk9v6_alumni_data` (`alumni_id`, `graduation_year`, `fid`, `job`, `address`, `city`, `country`, `phone`, `gid`, `mobile`, `nationalnumber`, `department`, `division`, `with_honor`) VALUES (238363, 2001, '23', '', '', '', '', '', '', '', '', 'التربية الموسيقية ', '', '');
INSERT INTO `lk9v6_users` (`name`, `email`, `usertype`) VALUES ('رامي محمد عبد الغفار دسوقي ', '', 'الخريجين');
INSERT INTO `lk9v6_alumni_main` (`id`, `user_id`, `approved`) VALUES (238364, 238364, 1);
INSERT INTO `lk9v6_alumni_data` (`alumni_id`, `graduation_year`, `fid`, `job`, `address`, `city`, `country`, `phone`, `gid`, `mobile`, `nationalnumber`, `department`, `division`, `with_honor`) VALUES (238364, 2001, '23', '', '', '', '', '', '', '', '', 'التربية الموسيقية ', '', '');
INSERT INTO `lk9v6_users` (`name`, `email`, `usertype`) VALUES ('ريمون كمال كامل مجلع ', '', 'الخريجين');
INSERT INTO `lk9v6_alumni_main` (`id`, `user_id`, `approved`) VALUES (238365, 238365, 1);
INSERT INTO `lk9v6_alumni_data` (`alumni_id`, `graduation_year`, `fid`, `job`, `address`, `city`, `country`, `phone`, `gid`, `mobile`, `nationalnumber`, `department`, `division`, `with_honor`) VALUES (238365, 2001, '23', '', '', '', '', '', '', '', '', 'التربية الموسيقية ', '', '');
INSERT INTO `lk9v6_users` (`name`, `email`, `usertype`) VALUES ('سحر محمد عبد الرؤوف محمد', '', 'الخريجين');
INSERT INTO `lk9v6_alumni_main` (`id`, `user_id`, `approved`) VALUES (238366, 238366, 1);
INSERT INTO `lk9v6_alumni_data` (`alumni_id`, `graduation_year`, `fid`, `job`, `address`, `city`, `country`, `phone`, `gid`, `mobile`, `nationalnumber`, `department`, `division`, `with_honor`) VALUES (238366, 2001, '23', '', '', '', '', '', '', '', '', 'التربية الموسيقية ', '', '');
INSERT INTO `lk9v6_users` (`name`, `email`, `usertype`) VALUES ('سماء وليم صبحي غالي ', '', 'الخريجين');
INSERT INTO `lk9v6_alumni_main` (`id`, `user_id`, `approved`) VALUES (238367, 238367, 1);
INSERT INTO `lk9v6_alumni_data` (`alumni_id`, `graduation_year`, `fid`, `job`, `address`, `city`, `country`, `phone`, `gid`, `mobile`, `nationalnumber`, `department`, `division`, `with_honor`) VALUES (238367, 2001, '23', '', '', '', '', '', '', '', '', 'التربية الموسيقية ', '', '');
INSERT INTO `lk9v6_users` (`name`, `email`, `usertype`) VALUES ('شادن حسين مصطفي كامل ', '', 'الخريجين');
INSERT INTO `lk9v6_alumni_main` (`id`, `user_id`, `approved`) VALUES (238368, 238368, 1);
INSERT INTO `lk9v6_alumni_data` (`alumni_id`, `graduation_year`, `fid`, `job`, `address`, `city`, `country`, `phone`, `gid`, `mobile`, `nationalnumber`, `department`, `division`, `with_honor`) VALUES (238368, 2001, '23', '', '', '', '', '', '', '', '', 'التربية الموسيقية ', '', '');
INSERT INTO `lk9v6_users` (`name`, `email`, `usertype`) VALUES ('صفاء حسن عثمان حسن محمود', '', 'الخريجين');
INSERT INTO `lk9v6_alumni_main` (`id`, `user_id`, `approved`) VALUES (238369, 238369, 1);
INSERT INTO `lk9v6_alumni_data` (`alumni_id`, `graduation_year`, `fid`, `job`, `address`, `city`, `country`, `phone`, `gid`, `mobile`, `nationalnumber`, `department`, `division`, `with_honor`) VALUES (238369, 2001, '23', '', '', '', '', '', '', '', '', 'التربية الموسيقية ', '', '');
INSERT INTO `lk9v6_users` (`name`, `email`, `usertype`) VALUES ('عيدة جابر أحمد عبد الله', '', 'الخريجين');
INSERT INTO `lk9v6_alumni_main` (`id`, `user_id`, `approved`) VALUES (238370, 238370, 1);
INSERT INTO `lk9v6_alumni_data` (`alumni_id`, `graduation_year`, `fid`, `job`, `address`, `city`, `country`, `phone`, `gid`, `mobile`, `nationalnumber`, `department`, `division`, `with_honor`) VALUES (238370, 2001, '23', '', '', '', '', '', '', '', '', 'التربية الموسيقية ', '', '');
INSERT INTO `lk9v6_users` (`name`, `email`, `usertype`) VALUES ('فاطمة علي محمد علي مرعي ', '', 'الخريجين');
INSERT INTO `lk9v6_alumni_main` (`id`, `user_id`, `approved`) VALUES (238371, 238371, 1);
INSERT INTO `lk9v6_alumni_data` (`alumni_id`, `graduation_year`, `fid`, `job`, `address`, `city`, `country`, `phone`, `gid`, `mobile`, `nationalnumber`, `department`, `division`, `with_honor`) VALUES (238371, 2001, '23', '', '', '', '', '', '', '', '', 'التربية الموسيقية ', '', '');
INSERT INTO `lk9v6_users` (`name`, `email`, `usertype`) VALUES ('لبني عبد السلام عطوة عبد الحليم ', '', 'الخريجين');
INSERT INTO `lk9v6_alumni_main` (`id`, `user_id`, `approved`) VALUES (238372, 238372, 1);
INSERT INTO `lk9v6_alumni_data` (`alumni_id`, `graduation_year`, `fid`, `job`, `address`, `city`, `country`, `phone`, `gid`, `mobile`, `nationalnumber`, `department`, `division`, `with_honor`) VALUES (238372, 2001, '23', '', '', '', '', '', '', '', '', 'التربية الموسيقية ', '', '');
INSERT INTO `lk9v6_users` (`name`, `email`, `usertype`) VALUES ('مي فاروق محمد محمد أحمد', '', 'الخريجين');
INSERT INTO `lk9v6_alumni_main` (`id`, `user_id`, `approved`) VALUES (238373, 238373, 1);
INSERT INTO `lk9v6_alumni_data` (`alumni_id`, `graduation_year`, `fid`, `job`, `address`, `city`, `country`, `phone`, `gid`, `mobile`, `nationalnumber`, `department`, `division`, `with_honor`) VALUES (238373, 2001, '23', '', '', '', '', '', '', '', '', 'التربية الموسيقية ', '', '');
INSERT INTO `lk9v6_users` (`name`, `email`, `usertype`) VALUES ('مني وجدي محمد عبد السلام ', '', 'الخريجين');
INSERT INTO `lk9v6_alumni_main` (`id`, `user_id`, `approved`) VALUES (238374, 238374, 1);
INSERT INTO `lk9v6_alumni_data` (`alumni_id`, `graduation_year`, `fid`, `job`, `address`, `city`, `country`, `phone`, `gid`, `mobile`, `nationalnumber`, `department`, `division`, `with_honor`) VALUES (238374, 2001, '23', '', '', '', '', '', '', '', '', 'التربية الموسيقية ', '', '');
INSERT INTO `lk9v6_users` (`name`, `email`, `usertype`) VALUES ('هبة الله سمير عبد الله جمال ', '', 'الخريجين');
INSERT INTO `lk9v6_alumni_main` (`id`, `user_id`, `approved`) VALUES (238375, 238375, 1);
INSERT INTO `lk9v6_alumni_data` (`alumni_id`, `graduation_year`, `fid`, `job`, `address`, `city`, `country`, `phone`, `gid`, `mobile`, `nationalnumber`, `department`, `division`, `with_honor`) VALUES (238375, 2001, '23', '', '', '', '', '', '', '', '', 'التربية الموسيقية ', '', '');
INSERT INTO `lk9v6_users` (`name`, `email`, `usertype`) VALUES ('هبة جابر عبد الحميد السيد ', '', 'الخريجين');
INSERT INTO `lk9v6_alumni_main` (`id`, `user_id`, `approved`) VALUES (238376, 238376, 1);
INSERT INTO `lk9v6_alumni_data` (`alumni_id`, `graduation_year`, `fid`, `job`, `address`, `city`, `country`, `phone`, `gid`, `mobile`, `nationalnumber`, `department`, `division`, `with_honor`) VALUES (238376, 2001, '23', '', '', '', '', '', '', '', '', 'التربية الموسيقية ', '', '');
INSERT INTO `lk9v6_users` (`name`, `email`, `usertype`) VALUES ('هبة علي عبد القادر عبد الفتاح', '', 'الخريجين');
INSERT INTO `lk9v6_alumni_main` (`id`, `user_id`, `approved`) VALUES (238377, 238377, 1);
INSERT INTO `lk9v6_alumni_data` (`alumni_id`, `graduation_year`, `fid`, `job`, `address`, `city`, `country`, `phone`, `gid`, `mobile`, `nationalnumber`, `department`, `division`, `with_honor`) VALUES (238377, 2001, '23', '', '', '', '', '', '', '', '', 'التربية الموسيقية ', '', '');
INSERT INTO `lk9v6_users` (`name`, `email`, `usertype`) VALUES ('هدير علوي محمد محمد بدر الدين ', '', 'الخريجين');
INSERT INTO `lk9v6_alumni_main` (`id`, `user_id`, `approved`) VALUES (238378, 238378, 1);
INSERT INTO `lk9v6_alumni_data` (`alumni_id`, `graduation_year`, `fid`, `job`, `address`, `city`, `country`, `phone`, `gid`, `mobile`, `nationalnumber`, `department`, `division`, `with_honor`) VALUES (238378, 2001, '23', '', '', '', '', '', '', '', '', 'التربية الموسيقية ', '', '');
INSERT INTO `lk9v6_users` (`name`, `email`, `usertype`) VALUES ('هناء اسماعيل محمد أحمد', '', 'الخريجين');
INSERT INTO `lk9v6_alumni_main` (`id`, `user_id`, `approved`) VALUES (238379, 238379, 1);
INSERT INTO `lk9v6_alumni_data` (`alumni_id`, `graduation_year`, `fid`, `job`, `address`, `city`, `country`, `phone`, `gid`, `mobile`, `nationalnumber`, `department`, `division`, `with_honor`) VALUES (238379, 2001, '23', '', '', '', '', '', '', '', '', 'التربية الموسيقية ', '', '');
INSERT INTO `lk9v6_users` (`name`, `email`, `usertype`) VALUES ('هيثم ابراهيم محمود محمود', '', 'الخريجين');
INSERT INTO `lk9v6_alumni_main` (`id`, `user_id`, `approved`) VALUES (238380, 238380, 1);
INSERT INTO `lk9v6_alumni_data` (`alumni_id`, `graduation_year`, `fid`, `job`, `address`, `city`, `country`, `phone`, `gid`, `mobile`, `nationalnumber`, `department`, `division`, `with_honor`) VALUES (238380, 2001, '23', '', '', '', '', '', '', '', '', 'التربية الموسيقية ', '', '');
INSERT INTO `lk9v6_users` (`name`, `email`, `usertype`) VALUES ('أميرة أحمد جمعه أحمد', '', 'الخريجين');
INSERT INTO `lk9v6_alumni_main` (`id`, `user_id`, `approved`) VALUES (238381, 238381, 1);
INSERT INTO `lk9v6_alumni_data` (`alumni_id`, `graduation_year`, `fid`, `job`, `address`, `city`, `country`, `phone`, `gid`, `mobile`, `nationalnumber`, `department`, `division`, `with_honor`) VALUES (238381, 2001, '23', '', '', '', '', '', '', '', '', 'التربية الموسيقية ', '', '');
INSERT INTO `lk9v6_users` (`name`, `email`, `usertype`) VALUES ('تامر عبد الفتاح رياض ', '', 'الخريجين');
INSERT INTO `lk9v6_alumni_main` (`id`, `user_id`, `approved`) VALUES (238382, 238382, 1);
INSERT INTO `lk9v6_alumni_data` (`alumni_id`, `graduation_year`, `fid`, `job`, `address`, `city`, `country`, `phone`, `gid`, `mobile`, `nationalnumber`, `department`, `division`, `with_honor`) VALUES (238382, 2001, '23', '', '', '', '', '', '', '', '', 'التربية الموسيقية ', '', '');
INSERT INTO `lk9v6_users` (`name`, `email`, `usertype`) VALUES ('شريف أحمد محمد حبيب', '', 'الخريجين');
INSERT INTO `lk9v6_alumni_main` (`id`, `user_id`, `approved`) VALUES (238383, 238383, 1);
INSERT INTO `lk9v6_alumni_data` (`alumni_id`, `graduation_year`, `fid`, `job`, `address`, `city`, `country`, `phone`, `gid`, `mobile`, `nationalnumber`, `department`, `division`, `with_honor`) VALUES (238383, 2001, '23', '', '', '', '', '', '', '', '', 'التربية الموسيقية ', '', '');
INSERT INTO `lk9v6_users` (`name`, `email`, `usertype`) VALUES ('شرين السيد حسن رجب ', '', 'الخريجين');
INSERT INTO `lk9v6_alumni_main` (`id`, `user_id`, `approved`) VALUES (238384, 238384, 1);
INSERT INTO `lk9v6_alumni_data` (`alumni_id`, `graduation_year`, `fid`, `job`, `address`, `city`, `country`, `phone`, `gid`, `mobile`, `nationalnumber`, `department`, `division`, `with_honor`) VALUES (238384, 2001, '23', '', '', '', '', '', '', '', '', 'التربية الموسيقية ', '', '');
INSERT INTO `lk9v6_users` (`name`, `email`, `usertype`) VALUES ('لمياء محمد عبد اللطيف محمد', '', 'الخريجين');
INSERT INTO `lk9v6_alumni_main` (`id`, `user_id`, `approved`) VALUES (238385, 238385, 1);
INSERT INTO `lk9v6_alumni_data` (`alumni_id`, `graduation_year`, `fid`, `job`, `address`, `city`, `country`, `phone`, `gid`, `mobile`, `nationalnumber`, `department`, `division`, `with_honor`) VALUES (238385, 2001, '23', '', '', '', '', '', '', '', '', 'التربية الموسيقية ', '', '');
INSERT INTO `lk9v6_users` (`name`, `email`, `usertype`) VALUES ('رشا محمد شعيب سلام ', '', 'الخريجين');
INSERT INTO `lk9v6_alumni_main` (`id`, `user_id`, `approved`) VALUES (238386, 238386, 1);
INSERT INTO `lk9v6_alumni_data` (`alumni_id`, `graduation_year`, `fid`, `job`, `address`, `city`, `country`, `phone`, `gid`, `mobile`, `nationalnumber`, `department`, `division`, `with_honor`) VALUES (238386, 2001, '23', '', '', '', '', '', '', '', '', 'التربية الموسيقية ', '', '');
INSERT INTO `lk9v6_users` (`name`, `email`, `usertype`) VALUES ('روضة السيد عبد الرسول موسي ', '', 'الخريجين');
INSERT INTO `lk9v6_alumni_main` (`id`, `user_id`, `approved`) VALUES (238387, 238387, 1);
INSERT INTO `lk9v6_alumni_data` (`alumni_id`, `graduation_year`, `fid`, `job`, `address`, `city`, `country`, `phone`, `gid`, `mobile`, `nationalnumber`, `department`, `division`, `with_honor`) VALUES (238387, 2001, '23', '', '', '', '', '', '', '', '', 'التربية الموسيقية ', '', '');
INSERT INTO `lk9v6_users` (`name`, `email`, `usertype`) VALUES ('علي محمد جاب الله علي ', '', 'الخريجين');
INSERT INTO `lk9v6_alumni_main` (`id`, `user_id`, `approved`) VALUES (238388, 238388, 1);
INSERT INTO `lk9v6_alumni_data` (`alumni_id`, `graduation_year`, `fid`, `job`, `address`, `city`, `country`, `phone`, `gid`, `mobile`, `nationalnumber`, `department`, `division`, `with_honor`) VALUES (238388, 2001, '23', '', '', '', '', '', '', '', '', 'التربية الموسيقية ', '', '');
INSERT INTO `lk9v6_users` (`name`, `email`, `usertype`) VALUES ('محمد أحمد يحيي عبد القادر ', '', 'الخريجين');
INSERT INTO `lk9v6_alumni_main` (`id`, `user_id`, `approved`) VALUES (238389, 238389, 1);
INSERT INTO `lk9v6_alumni_data` (`alumni_id`, `graduation_year`, `fid`, `job`, `address`, `city`, `country`, `phone`, `gid`, `mobile`, `nationalnumber`, `department`, `division`, `with_honor`) VALUES (238389, 2001, '23', '', '', '', '', '', '', '', '', 'التربية الموسيقية ', '', '');
INSERT INTO `lk9v6_users` (`name`, `email`, `usertype`) VALUES ('مروة أنور محمد أحمد', '', 'الخريجين');
INSERT INTO `lk9v6_alumni_main` (`id`, `user_id`, `approved`) VALUES (238390, 238390, 1);
INSERT INTO `lk9v6_alumni_data` (`alumni_id`, `graduation_year`, `fid`, `job`, `address`, `city`, `country`, `phone`, `gid`, `mobile`, `nationalnumber`, `department`, `division`, `with_honor`) VALUES (238390, 2001, '23', '', '', '', '', '', '', '', '', 'التربية الموسيقية ', '', '');
INSERT INTO `lk9v6_users` (`name`, `email`, `usertype`) VALUES ('امل محمد السيد محمود الشرقاوي ', '', 'الخريجين');
INSERT INTO `lk9v6_alumni_main` (`id`, `user_id`, `approved`) VALUES (238391, 238391, 1);
INSERT INTO `lk9v6_alumni_data` (`alumni_id`, `graduation_year`, `fid`, `job`, `address`, `city`, `country`, `phone`, `gid`, `mobile`, `nationalnumber`, `department`, `division`, `with_honor`) VALUES (238391, 2001, '23', '', '', '', '', '', '', '', '', 'التربية الموسيقية ', '', '');
INSERT INTO `lk9v6_users` (`name`, `email`, `usertype`) VALUES ('جورجيت سليم ابراهيم جرجس ', '', 'الخريجين');
INSERT INTO `lk9v6_alumni_main` (`id`, `user_id`, `approved`) VALUES (238392, 238392, 1);
INSERT INTO `lk9v6_alumni_data` (`alumni_id`, `graduation_year`, `fid`, `job`, `address`, `city`, `country`, `phone`, `gid`, `mobile`, `nationalnumber`, `department`, `division`, `with_honor`) VALUES (238392, 2001, '23', '', '', '', '', '', '', '', '', 'التربية الموسيقية ', '', '');
INSERT INTO `lk9v6_users` (`name`, `email`, `usertype`) VALUES ('رانيا ضياء الدين أحمد رجب ', '', 'الخريجين');
INSERT INTO `lk9v6_alumni_main` (`id`, `user_id`, `approved`) VALUES (238393, 238393, 1);
INSERT INTO `lk9v6_alumni_data` (`alumni_id`, `graduation_year`, `fid`, `job`, `address`, `city`, `country`, `phone`, `gid`, `mobile`, `nationalnumber`, `department`, `division`, `with_honor`) VALUES (238393, 2001, '23', '', '', '', '', '', '', '', '', 'التربية الموسيقية ', '', '');
INSERT INTO `lk9v6_users` (`name`, `email`, `usertype`) VALUES ('صابرين عبد العزيز محمود حسن ', '', 'الخريجين');
INSERT INTO `lk9v6_alumni_main` (`id`, `user_id`, `approved`) VALUES (238394, 238394, 1);
INSERT INTO `lk9v6_alumni_data` (`alumni_id`, `graduation_year`, `fid`, `job`, `address`, `city`, `country`, `phone`, `gid`, `mobile`, `nationalnumber`, `department`, `division`, `with_honor`) VALUES (238394, 2001, '23', '', '', '', '', '', '', '', '', 'التربية الموسيقية ', '', '');
INSERT INTO `lk9v6_users` (`name`, `email`, `usertype`) VALUES ('عبير بشري عوض حنا ', '', 'الخريجين');
INSERT INTO `lk9v6_alumni_main` (`id`, `user_id`, `approved`) VALUES (238395, 238395, 1);
INSERT INTO `lk9v6_alumni_data` (`alumni_id`, `graduation_year`, `fid`, `job`, `address`, `city`, `country`, `phone`, `gid`, `mobile`, `nationalnumber`, `department`, `division`, `with_honor`) VALUES (238395, 2001, '23', '', '', '', '', '', '', '', '', 'التربية الموسيقية ', '', '');
INSERT INTO `lk9v6_users` (`name`, `email`, `usertype`) VALUES ('مروة أحمد ابراهيم كعبر ', '', 'الخريجين');
INSERT INTO `lk9v6_alumni_main` (`id`, `user_id`, `approved`) VALUES (238396, 238396, 1);
INSERT INTO `lk9v6_alumni_data` (`alumni_id`, `graduation_year`, `fid`, `job`, `address`, `city`, `country`, `phone`, `gid`, `mobile`, `nationalnumber`, `department`, `division`, `with_honor`) VALUES (238396, 2001, '23', '', '', '', '', '', '', '', '', 'التربية الموسيقية ', '', '');
INSERT INTO `lk9v6_users` (`name`, `email`, `usertype`) VALUES ('نيفين حسين أحمد زعربان', '', 'الخريجين');
INSERT INTO `lk9v6_alumni_main` (`id`, `user_id`, `approved`) VALUES (238397, 238397, 1);
INSERT INTO `lk9v6_alumni_data` (`alumni_id`, `graduation_year`, `fid`, `job`, `address`, `city`, `country`, `phone`, `gid`, `mobile`, `nationalnumber`, `department`, `division`, `with_honor`) VALUES (238397, 2001, '23', '', '', '', '', '', '', '', '', 'التربية الموسيقية ', '', '');
INSERT INTO `lk9v6_users` (`name`, `email`, `usertype`) VALUES ('هبة عبد المعطي محمد عبد المعطي ', '', 'الخريجين');
INSERT INTO `lk9v6_alumni_main` (`id`, `user_id`, `approved`) VALUES (238398, 238398, 1);
INSERT INTO `lk9v6_alumni_data` (`alumni_id`, `graduation_year`, `fid`, `job`, `address`, `city`, `country`, `phone`, `gid`, `mobile`, `nationalnumber`, `department`, `division`, `with_honor`) VALUES (238398, 2001, '23', '', '', '', '', '', '', '', '', 'التربية الموسيقية ', '', '');
INSERT INTO `lk9v6_users` (`name`, `email`, `usertype`) VALUES ('يسري محمد صفاء عبد المنعم علي ', '', 'الخريجين');
INSERT INTO `lk9v6_alumni_main` (`id`, `user_id`, `approved`) VALUES (238399, 238399, 1);
INSERT INTO `lk9v6_alumni_data` (`alumni_id`, `graduation_year`, `fid`, `job`, `address`, `city`, `country`, `phone`, `gid`, `mobile`, `nationalnumber`, `department`, `division`, `with_honor`) VALUES (238399, 2001, '23', '', '', '', '', '', '', '', '', 'التربية الموسيقية ', '', '');
INSERT INTO `lk9v6_users` (`name`, `email`, `usertype`) VALUES ('ايناس رفعت سعد', '', 'الخريجين');
INSERT INTO `lk9v6_alumni_main` (`id`, `user_id`, `approved`) VALUES (238400, 238400, 1);
INSERT INTO `lk9v6_alumni_data` (`alumni_id`, `graduation_year`, `fid`, `job`, `address`, `city`, `country`, `phone`, `gid`, `mobile`, `nationalnumber`, `department`, `division`, `with_honor`) VALUES (238400, 2001, '23', '', '', '', '', '', '', '', '', 'التربية الموسيقية ', '', '');
INSERT INTO `lk9v6_users` (`name`, `email`, `usertype`) VALUES ('دعاء سمير مصطفي ', '', 'الخريجين');
INSERT INTO `lk9v6_alumni_main` (`id`, `user_id`, `approved`) VALUES (238401, 238401, 1);
INSERT INTO `lk9v6_alumni_data` (`alumni_id`, `graduation_year`, `fid`, `job`, `address`, `city`, `country`, `phone`, `gid`, `mobile`, `nationalnumber`, `department`, `division`, `with_honor`) VALUES (238401, 2001, '23', '', '', '', '', '', '', '', '', 'التربية الموسيقية ', '', '');
INSERT INTO `lk9v6_users` (`name`, `email`, `usertype`) VALUES ('عمرو جابر عبد الحميد ابراهيم ', '', 'الخريجين');
INSERT INTO `lk9v6_alumni_main` (`id`, `user_id`, `approved`) VALUES (238402, 238402, 1);
INSERT INTO `lk9v6_alumni_data` (`alumni_id`, `graduation_year`, `fid`, `job`, `address`, `city`, `country`, `phone`, `gid`, `mobile`, `nationalnumber`, `department`, `division`, `with_honor`) VALUES (238402, 2001, '23', '', '', '', '', '', '', '', '', 'التربية الموسيقية ', '', '');
INSERT INTO `lk9v6_users` (`name`, `email`, `usertype`) VALUES ('ايمان عبد الحميد عبد الرحمن محمد', '', 'الخريجين');
INSERT INTO `lk9v6_alumni_main` (`id`, `user_id`, `approved`) VALUES (238403, 238403, 1);
INSERT INTO `lk9v6_alumni_data` (`alumni_id`, `graduation_year`, `fid`, `job`, `address`, `city`, `country`, `phone`, `gid`, `mobile`, `nationalnumber`, `department`, `division`, `with_honor`) VALUES (238403, 2001, '23', '', '', '', '', '', '', '', '', 'التربية الموسيقية ', '', '');
INSERT INTO `lk9v6_users` (`name`, `email`, `usertype`) VALUES ('أحمد محمد أحمد مجد الفولي ', '', 'الخريجين');
INSERT INTO `lk9v6_alumni_main` (`id`, `user_id`, `approved`) VALUES (238404, 238404, 1);
INSERT INTO `lk9v6_alumni_data` (`alumni_id`, `graduation_year`, `fid`, `job`, `address`, `city`, `country`, `phone`, `gid`, `mobile`, `nationalnumber`, `department`, `division`, `with_honor`) VALUES (238404, 2001, '23', '', '', '', '', '', '', '', '', 'التربية الموسيقية ', '', '');
INSERT INTO `lk9v6_users` (`name`, `email`, `usertype`) VALUES ('نانسي فاروق ميلاد قلادة ', '', 'الخريجين');
INSERT INTO `lk9v6_alumni_main` (`id`, `user_id`, `approved`) VALUES (238405, 238405, 1);
INSERT INTO `lk9v6_alumni_data` (`alumni_id`, `graduation_year`, `fid`, `job`, `address`, `city`, `country`, `phone`, `gid`, `mobile`, `nationalnumber`, `department`, `division`, `with_honor`) VALUES (238405, 2001, '23', '', '', '', '', '', '', '', '', 'التربية الموسيقية ', '', '');
INSERT INTO `lk9v6_users` (`name`, `email`, `usertype`) VALUES ('رشا مصطفي حمدي الشويكي ', '', 'الخريجين');
INSERT INTO `lk9v6_alumni_main` (`id`, `user_id`, `approved`) VALUES (238406, 238406, 1);
INSERT INTO `lk9v6_alumni_data` (`alumni_id`, `graduation_year`, `fid`, `job`, `address`, `city`, `country`, `phone`, `gid`, `mobile`, `nationalnumber`, `department`, `division`, `with_honor`) VALUES (238406, 2001, '23', '', '', '', '', '', '', '', '', 'الأقتصاد المنزلي ', '', '');
INSERT INTO `lk9v6_users` (`name`, `email`, `usertype`) VALUES ('أميرة محمد السيد محمد حمادة ', '', 'الخريجين');
INSERT INTO `lk9v6_alumni_main` (`id`, `user_id`, `approved`) VALUES (238407, 238407, 1);
INSERT INTO `lk9v6_alumni_data` (`alumni_id`, `graduation_year`, `fid`, `job`, `address`, `city`, `country`, `phone`, `gid`, `mobile`, `nationalnumber`, `department`, `division`, `with_honor`) VALUES (238407, 2001, '23', '', '', '', '', '', '', '', '', 'الأقتصاد المنزلي ', '', '');
INSERT INTO `lk9v6_users` (`name`, `email`, `usertype`) VALUES ('ايمان عبد العال محمد حسين ', '', 'الخريجين');
INSERT INTO `lk9v6_alumni_main` (`id`, `user_id`, `approved`) VALUES (238408, 238408, 1);
INSERT INTO `lk9v6_alumni_data` (`alumni_id`, `graduation_year`, `fid`, `job`, `address`, `city`, `country`, `phone`, `gid`, `mobile`, `nationalnumber`, `department`, `division`, `with_honor`) VALUES (238408, 2001, '23', '', '', '', '', '', '', '', '', 'الأقتصاد المنزلي ', '', '');
INSERT INTO `lk9v6_users` (`name`, `email`, `usertype`) VALUES ('ايمان عبدة محفوظ مصطفي السيد ', '', 'الخريجين');
INSERT INTO `lk9v6_alumni_main` (`id`, `user_id`, `approved`) VALUES (238409, 238409, 1);
INSERT INTO `lk9v6_alumni_data` (`alumni_id`, `graduation_year`, `fid`, `job`, `address`, `city`, `country`, `phone`, `gid`, `mobile`, `nationalnumber`, `department`, `division`, `with_honor`) VALUES (238409, 2001, '23', '', '', '', '', '', '', '', '', 'الأقتصاد المنزلي ', '', '');
INSERT INTO `lk9v6_users` (`name`, `email`, `usertype`) VALUES ('آية الله طارق محمد عبد المنعم ', '', 'الخريجين');
INSERT INTO `lk9v6_alumni_main` (`id`, `user_id`, `approved`) VALUES (238410, 238410, 1);
INSERT INTO `lk9v6_alumni_data` (`alumni_id`, `graduation_year`, `fid`, `job`, `address`, `city`, `country`, `phone`, `gid`, `mobile`, `nationalnumber`, `department`, `division`, `with_honor`) VALUES (238410, 2001, '23', '', '', '', '', '', '', '', '', 'الأقتصاد المنزلي ', '', '');
INSERT INTO `lk9v6_users` (`name`, `email`, `usertype`) VALUES ('حنان محمود عبد الوهاب أمين ', '', 'الخريجين');
INSERT INTO `lk9v6_alumni_main` (`id`, `user_id`, `approved`) VALUES (238411, 238411, 1);
INSERT INTO `lk9v6_alumni_data` (`alumni_id`, `graduation_year`, `fid`, `job`, `address`, `city`, `country`, `phone`, `gid`, `mobile`, `nationalnumber`, `department`, `division`, `with_honor`) VALUES (238411, 2001, '23', '', '', '', '', '', '', '', '', 'الأقتصاد المنزلي ', '', '');
INSERT INTO `lk9v6_users` (`name`, `email`, `usertype`) VALUES ('رانيا عوض أبو العنين علي ', '', 'الخريجين');
INSERT INTO `lk9v6_alumni_main` (`id`, `user_id`, `approved`) VALUES (238412, 238412, 1);
INSERT INTO `lk9v6_alumni_data` (`alumni_id`, `graduation_year`, `fid`, `job`, `address`, `city`, `country`, `phone`, `gid`, `mobile`, `nationalnumber`, `department`, `division`, `with_honor`) VALUES (238412, 2001, '23', '', '', '', '', '', '', '', '', 'الأقتصاد المنزلي ', '', '');
INSERT INTO `lk9v6_users` (`name`, `email`, `usertype`) VALUES ('سماح أحمد عبد المنعم عبد الرحيم ', '', 'الخريجين');
INSERT INTO `lk9v6_alumni_main` (`id`, `user_id`, `approved`) VALUES (238413, 238413, 1);
INSERT INTO `lk9v6_alumni_data` (`alumni_id`, `graduation_year`, `fid`, `job`, `address`, `city`, `country`, `phone`, `gid`, `mobile`, `nationalnumber`, `department`, `division`, `with_honor`) VALUES (238413, 2001, '23', '', '', '', '', '', '', '', '', 'الأقتصاد المنزلي ', '', '');
INSERT INTO `lk9v6_users` (`name`, `email`, `usertype`) VALUES ('شيماء محمد محمد عطية ', '', 'الخريجين');
INSERT INTO `lk9v6_alumni_main` (`id`, `user_id`, `approved`) VALUES (238414, 238414, 1);
INSERT INTO `lk9v6_alumni_data` (`alumni_id`, `graduation_year`, `fid`, `job`, `address`, `city`, `country`, `phone`, `gid`, `mobile`, `nationalnumber`, `department`, `division`, `with_honor`) VALUES (238414, 2001, '23', '', '', '', '', '', '', '', '', 'الأقتصاد المنزلي ', '', '');
INSERT INTO `lk9v6_users` (`name`, `email`, `usertype`) VALUES ('صابرين أحمد عثمان أحمد', '', 'الخريجين');
INSERT INTO `lk9v6_alumni_main` (`id`, `user_id`, `approved`) VALUES (238415, 238415, 1);
INSERT INTO `lk9v6_alumni_data` (`alumni_id`, `graduation_year`, `fid`, `job`, `address`, `city`, `country`, `phone`, `gid`, `mobile`, `nationalnumber`, `department`, `division`, `with_honor`) VALUES (238415, 2001, '23', '', '', '', '', '', '', '', '', 'الأقتصاد المنزلي ', '', '');
INSERT INTO `lk9v6_users` (`name`, `email`, `usertype`) VALUES ('عزة علي سعد عبيد ', '', 'الخريجين');
INSERT INTO `lk9v6_alumni_main` (`id`, `user_id`, `approved`) VALUES (238416, 238416, 1);
INSERT INTO `lk9v6_alumni_data` (`alumni_id`, `graduation_year`, `fid`, `job`, `address`, `city`, `country`, `phone`, `gid`, `mobile`, `nationalnumber`, `department`, `division`, `with_honor`) VALUES (238416, 2001, '23', '', '', '', '', '', '', '', '', 'الأقتصاد المنزلي ', '', '');
INSERT INTO `lk9v6_users` (`name`, `email`, `usertype`) VALUES ('مرفت صالح بكر ابراهيم ', '', 'الخريجين');
INSERT INTO `lk9v6_alumni_main` (`id`, `user_id`, `approved`) VALUES (238417, 238417, 1);
INSERT INTO `lk9v6_alumni_data` (`alumni_id`, `graduation_year`, `fid`, `job`, `address`, `city`, `country`, `phone`, `gid`, `mobile`, `nationalnumber`, `department`, `division`, `with_honor`) VALUES (238417, 2001, '23', '', '', '', '', '', '', '', '', 'الأقتصاد المنزلي ', '', '');
INSERT INTO `lk9v6_users` (`name`, `email`, `usertype`) VALUES ('مشيرة حسن عبد العزيز عبد الله', '', 'الخريجين');
INSERT INTO `lk9v6_alumni_main` (`id`, `user_id`, `approved`) VALUES (238418, 238418, 1);
INSERT INTO `lk9v6_alumni_data` (`alumni_id`, `graduation_year`, `fid`, `job`, `address`, `city`, `country`, `phone`, `gid`, `mobile`, `nationalnumber`, `department`, `division`, `with_honor`) VALUES (238418, 2001, '23', '', '', '', '', '', '', '', '', 'الأقتصاد المنزلي ', '', '');
INSERT INTO `lk9v6_users` (`name`, `email`, `usertype`) VALUES ('مي محمد محمد سعد', '', 'الخريجين');
INSERT INTO `lk9v6_alumni_main` (`id`, `user_id`, `approved`) VALUES (238419, 238419, 1);
INSERT INTO `lk9v6_alumni_data` (`alumni_id`, `graduation_year`, `fid`, `job`, `address`, `city`, `country`, `phone`, `gid`, `mobile`, `nationalnumber`, `department`, `division`, `with_honor`) VALUES (238419, 2001, '23', '', '', '', '', '', '', '', '', 'الأقتصاد المنزلي ', '', '');
INSERT INTO `lk9v6_users` (`name`, `email`, `usertype`) VALUES ('هبة مختار محمد الجمال ', '', 'الخريجين');
INSERT INTO `lk9v6_alumni_main` (`id`, `user_id`, `approved`) VALUES (238420, 238420, 1);
INSERT INTO `lk9v6_alumni_data` (`alumni_id`, `graduation_year`, `fid`, `job`, `address`, `city`, `country`, `phone`, `gid`, `mobile`, `nationalnumber`, `department`, `division`, `with_honor`) VALUES (238420, 2001, '23', '', '', '', '', '', '', '', '', 'الأقتصاد المنزلي ', '', '');
INSERT INTO `lk9v6_users` (`name`, `email`, `usertype`) VALUES ('هناء عبد الله عبد الحليم شعبان ', '', 'الخريجين');
INSERT INTO `lk9v6_alumni_main` (`id`, `user_id`, `approved`) VALUES (238421, 238421, 1);
INSERT INTO `lk9v6_alumni_data` (`alumni_id`, `graduation_year`, `fid`, `job`, `address`, `city`, `country`, `phone`, `gid`, `mobile`, `nationalnumber`, `department`, `division`, `with_honor`) VALUES (238421, 2001, '23', '', '', '', '', '', '', '', '', 'الأقتصاد المنزلي ', '', '');
INSERT INTO `lk9v6_users` (`name`, `email`, `usertype`) VALUES ('ابتسام علي عبد الرحمن بدوي ', '', 'الخريجين');
INSERT INTO `lk9v6_alumni_main` (`id`, `user_id`, `approved`) VALUES (238422, 238422, 1);
INSERT INTO `lk9v6_alumni_data` (`alumni_id`, `graduation_year`, `fid`, `job`, `address`, `city`, `country`, `phone`, `gid`, `mobile`, `nationalnumber`, `department`, `division`, `with_honor`) VALUES (238422, 2001, '23', '', '', '', '', '', '', '', '', 'الأقتصاد المنزلي ', '', '');
INSERT INTO `lk9v6_users` (`name`, `email`, `usertype`) VALUES ('أزهار عبير علي حسن ', '', 'الخريجين');
INSERT INTO `lk9v6_alumni_main` (`id`, `user_id`, `approved`) VALUES (238423, 238423, 1);
INSERT INTO `lk9v6_alumni_data` (`alumni_id`, `graduation_year`, `fid`, `job`, `address`, `city`, `country`, `phone`, `gid`, `mobile`, `nationalnumber`, `department`, `division`, `with_honor`) VALUES (238423, 2001, '23', '', '', '', '', '', '', '', '', 'الأقتصاد المنزلي ', '', '');
INSERT INTO `lk9v6_users` (`name`, `email`, `usertype`) VALUES ('اسلام ابراهيم معوض محمدين ', '', 'الخريجين');
INSERT INTO `lk9v6_alumni_main` (`id`, `user_id`, `approved`) VALUES (238424, 238424, 1);
INSERT INTO `lk9v6_alumni_data` (`alumni_id`, `graduation_year`, `fid`, `job`, `address`, `city`, `country`, `phone`, `gid`, `mobile`, `nationalnumber`, `department`, `division`, `with_honor`) VALUES (238424, 2001, '23', '', '', '', '', '', '', '', '', 'الأقتصاد المنزلي ', '', '');
INSERT INTO `lk9v6_users` (`name`, `email`, `usertype`) VALUES ('ايريني فايز توفيق كراس ', '', 'الخريجين');
INSERT INTO `lk9v6_alumni_main` (`id`, `user_id`, `approved`) VALUES (238425, 238425, 1);
INSERT INTO `lk9v6_alumni_data` (`alumni_id`, `graduation_year`, `fid`, `job`, `address`, `city`, `country`, `phone`, `gid`, `mobile`, `nationalnumber`, `department`, `division`, `with_honor`) VALUES (238425, 2001, '23', '', '', '', '', '', '', '', '', 'الأقتصاد المنزلي ', '', '');
INSERT INTO `lk9v6_users` (`name`, `email`, `usertype`) VALUES ('ايناس محمد محمد مصطفي عبد السلام ', '', 'الخريجين');
INSERT INTO `lk9v6_alumni_main` (`id`, `user_id`, `approved`) VALUES (238426, 238426, 1);
INSERT INTO `lk9v6_alumni_data` (`alumni_id`, `graduation_year`, `fid`, `job`, `address`, `city`, `country`, `phone`, `gid`, `mobile`, `nationalnumber`, `department`, `division`, `with_honor`) VALUES (238426, 2001, '23', '', '', '', '', '', '', '', '', 'الأقتصاد المنزلي ', '', '');
INSERT INTO `lk9v6_users` (`name`, `email`, `usertype`) VALUES ('ايمان محمد شحاتة النوام ', '', 'الخريجين');
INSERT INTO `lk9v6_alumni_main` (`id`, `user_id`, `approved`) VALUES (238427, 238427, 1);
INSERT INTO `lk9v6_alumni_data` (`alumni_id`, `graduation_year`, `fid`, `job`, `address`, `city`, `country`, `phone`, `gid`, `mobile`, `nationalnumber`, `department`, `division`, `with_honor`) VALUES (238427, 2001, '23', '', '', '', '', '', '', '', '', 'الأقتصاد المنزلي ', '', '');
INSERT INTO `lk9v6_users` (`name`, `email`, `usertype`) VALUES ('دنيا نبيل ابراهيم روفائيل ', '', 'الخريجين');
INSERT INTO `lk9v6_alumni_main` (`id`, `user_id`, `approved`) VALUES (238428, 238428, 1);
INSERT INTO `lk9v6_alumni_data` (`alumni_id`, `graduation_year`, `fid`, `job`, `address`, `city`, `country`, `phone`, `gid`, `mobile`, `nationalnumber`, `department`, `division`, `with_honor`) VALUES (238428, 2001, '23', '', '', '', '', '', '', '', '', 'الأقتصاد المنزلي ', '', '');
INSERT INTO `lk9v6_users` (`name`, `email`, `usertype`) VALUES ('رحاب خميس محمد حميدة ', '', 'الخريجين');
INSERT INTO `lk9v6_alumni_main` (`id`, `user_id`, `approved`) VALUES (238429, 238429, 1);
INSERT INTO `lk9v6_alumni_data` (`alumni_id`, `graduation_year`, `fid`, `job`, `address`, `city`, `country`, `phone`, `gid`, `mobile`, `nationalnumber`, `department`, `division`, `with_honor`) VALUES (238429, 2001, '23', '', '', '', '', '', '', '', '', 'الأقتصاد المنزلي ', '', '');
INSERT INTO `lk9v6_users` (`name`, `email`, `usertype`) VALUES ('رودا أمير أخنوخ أبادير ', '', 'الخريجين');
INSERT INTO `lk9v6_alumni_main` (`id`, `user_id`, `approved`) VALUES (238430, 238430, 1);
INSERT INTO `lk9v6_alumni_data` (`alumni_id`, `graduation_year`, `fid`, `job`, `address`, `city`, `country`, `phone`, `gid`, `mobile`, `nationalnumber`, `department`, `division`, `with_honor`) VALUES (238430, 2001, '23', '', '', '', '', '', '', '', '', 'الأقتصاد المنزلي ', '', '');
INSERT INTO `lk9v6_users` (`name`, `email`, `usertype`) VALUES ('شيماء نبيه محمد شريف ', '', 'الخريجين');
INSERT INTO `lk9v6_alumni_main` (`id`, `user_id`, `approved`) VALUES (238431, 238431, 1);
INSERT INTO `lk9v6_alumni_data` (`alumni_id`, `graduation_year`, `fid`, `job`, `address`, `city`, `country`, `phone`, `gid`, `mobile`, `nationalnumber`, `department`, `division`, `with_honor`) VALUES (238431, 2001, '23', '', '', '', '', '', '', '', '', 'الأقتصاد المنزلي ', '', '');
INSERT INTO `lk9v6_users` (`name`, `email`, `usertype`) VALUES ('عزيزة محمود سلامة السيد ', '', 'الخريجين');
INSERT INTO `lk9v6_alumni_main` (`id`, `user_id`, `approved`) VALUES (238432, 238432, 1);
INSERT INTO `lk9v6_alumni_data` (`alumni_id`, `graduation_year`, `fid`, `job`, `address`, `city`, `country`, `phone`, `gid`, `mobile`, `nationalnumber`, `department`, `division`, `with_honor`) VALUES (238432, 2001, '23', '', '', '', '', '', '', '', '', 'الأقتصاد المنزلي ', '', '');
INSERT INTO `lk9v6_users` (`name`, `email`, `usertype`) VALUES ('مني زكريا محمد البسومي ', '', 'الخريجين');
INSERT INTO `lk9v6_alumni_main` (`id`, `user_id`, `approved`) VALUES (238433, 238433, 1);
INSERT INTO `lk9v6_alumni_data` (`alumni_id`, `graduation_year`, `fid`, `job`, `address`, `city`, `country`, `phone`, `gid`, `mobile`, `nationalnumber`, `department`, `division`, `with_honor`) VALUES (238433, 2001, '23', '', '', '', '', '', '', '', '', 'الأقتصاد المنزلي ', '', '');
INSERT INTO `lk9v6_users` (`name`, `email`, `usertype`) VALUES ('نسرين محمود محمد جمعة ', '', 'الخريجين');
INSERT INTO `lk9v6_alumni_main` (`id`, `user_id`, `approved`) VALUES (238434, 238434, 1);
INSERT INTO `lk9v6_alumni_data` (`alumni_id`, `graduation_year`, `fid`, `job`, `address`, `city`, `country`, `phone`, `gid`, `mobile`, `nationalnumber`, `department`, `division`, `with_honor`) VALUES (238434, 2001, '23', '', '', '', '', '', '', '', '', 'الأقتصاد المنزلي ', '', '');
INSERT INTO `lk9v6_users` (`name`, `email`, `usertype`) VALUES ('هبة يوسف عبد الرحيم طبق ', '', 'الخريجين');
INSERT INTO `lk9v6_alumni_main` (`id`, `user_id`, `approved`) VALUES (238435, 238435, 1);
INSERT INTO `lk9v6_alumni_data` (`alumni_id`, `graduation_year`, `fid`, `job`, `address`, `city`, `country`, `phone`, `gid`, `mobile`, `nationalnumber`, `department`, `division`, `with_honor`) VALUES (238435, 2001, '23', '', '', '', '', '', '', '', '', 'الأقتصاد المنزلي ', '', '');
INSERT INTO `lk9v6_users` (`name`, `email`, `usertype`) VALUES ('ولاء حسن سليمان حسن المغربي ', '', 'الخريجين');
INSERT INTO `lk9v6_alumni_main` (`id`, `user_id`, `approved`) VALUES (238436, 238436, 1);
INSERT INTO `lk9v6_alumni_data` (`alumni_id`, `graduation_year`, `fid`, `job`, `address`, `city`, `country`, `phone`, `gid`, `mobile`, `nationalnumber`, `department`, `division`, `with_honor`) VALUES (238436, 2001, '23', '', '', '', '', '', '', '', '', 'الأقتصاد المنزلي ', '', '');
INSERT INTO `lk9v6_users` (`name`, `email`, `usertype`) VALUES ('شيماء عزت محمد كامل ', '', 'الخريجين');
INSERT INTO `lk9v6_alumni_main` (`id`, `user_id`, `approved`) VALUES (238437, 238437, 1);
INSERT INTO `lk9v6_alumni_data` (`alumni_id`, `graduation_year`, `fid`, `job`, `address`, `city`, `country`, `phone`, `gid`, `mobile`, `nationalnumber`, `department`, `division`, `with_honor`) VALUES (238437, 2001, '23', '', '', '', '', '', '', '', '', 'الأقتصاد المنزلي ', '', '');
INSERT INTO `lk9v6_users` (`name`, `email`, `usertype`) VALUES ('نهاد سليمان عبد العزيز', '', 'الخريجين');
INSERT INTO `lk9v6_alumni_main` (`id`, `user_id`, `approved`) VALUES (238438, 238438, 1);
INSERT INTO `lk9v6_alumni_data` (`alumni_id`, `graduation_year`, `fid`, `job`, `address`, `city`, `country`, `phone`, `gid`, `mobile`, `nationalnumber`, `department`, `division`, `with_honor`) VALUES (238438, 2001, '23', '', '', '', '', '', '', '', '', 'الأقتصاد المنزلي ', '', '');
INSERT INTO `lk9v6_users` (`name`, `email`, `usertype`) VALUES ('ماجدة محمدين محمود محمد نصار ', '', 'الخريجين');
INSERT INTO `lk9v6_alumni_main` (`id`, `user_id`, `approved`) VALUES (238439, 238439, 1);
INSERT INTO `lk9v6_alumni_data` (`alumni_id`, `graduation_year`, `fid`, `job`, `address`, `city`, `country`, `phone`, `gid`, `mobile`, `nationalnumber`, `department`, `division`, `with_honor`) VALUES (238439, 2001, '23', '', '', '', '', '', '', '', '', 'الأقتصاد المنزلي ', '', '');
INSERT INTO `lk9v6_users` (`name`, `email`, `usertype`) VALUES ('منال سمير محمد عبد الله ', '', 'الخريجين');
INSERT INTO `lk9v6_alumni_main` (`id`, `user_id`, `approved`) VALUES (238440, 238440, 1);
INSERT INTO `lk9v6_alumni_data` (`alumni_id`, `graduation_year`, `fid`, `job`, `address`, `city`, `country`, `phone`, `gid`, `mobile`, `nationalnumber`, `department`, `division`, `with_honor`) VALUES (238440, 2001, '23', '', '', '', '', '', '', '', '', 'الأقتصاد المنزلي ', '', '');
INSERT INTO `lk9v6_users` (`name`, `email`, `usertype`) VALUES ('اسماء محمد بدر مصطفي ', '', 'الخريجين');
INSERT INTO `lk9v6_alumni_main` (`id`, `user_id`, `approved`) VALUES (238441, 238441, 1);
INSERT INTO `lk9v6_alumni_data` (`alumni_id`, `graduation_year`, `fid`, `job`, `address`, `city`, `country`, `phone`, `gid`, `mobile`, `nationalnumber`, `department`, `division`, `with_honor`) VALUES (238441, 2001, '23', '', '', '', '', '', '', '', '', 'الأقتصاد المنزلي ', '', '');
INSERT INTO `lk9v6_users` (`name`, `email`, `usertype`) VALUES ('حلمي محمد حلمي عبد العزيز', '', 'الخريجين');
INSERT INTO `lk9v6_alumni_main` (`id`, `user_id`, `approved`) VALUES (238442, 238442, 1);
INSERT INTO `lk9v6_alumni_data` (`alumni_id`, `graduation_year`, `fid`, `job`, `address`, `city`, `country`, `phone`, `gid`, `mobile`, `nationalnumber`, `department`, `division`, `with_honor`) VALUES (238442, 2001, '23', '', '', '', '', '', '', '', '', 'تكنولوجيا التعليم ', '', '');
INSERT INTO `lk9v6_users` (`name`, `email`, `usertype`) VALUES ('ابراهيم محمد عبد المجيد الشيخ', '', 'الخريجين');
INSERT INTO `lk9v6_alumni_main` (`id`, `user_id`, `approved`) VALUES (238443, 238443, 1);
INSERT INTO `lk9v6_alumni_data` (`alumni_id`, `graduation_year`, `fid`, `job`, `address`, `city`, `country`, `phone`, `gid`, `mobile`, `nationalnumber`, `department`, `division`, `with_honor`) VALUES (238443, 2001, '23', '', '', '', '', '', '', '', '', 'تكنولوجيا التعليم ', '', '');
INSERT INTO `lk9v6_users` (`name`, `email`, `usertype`) VALUES ('بليغ محمد صبري عبد الحميد النجار ', '', 'الخريجين');
INSERT INTO `lk9v6_alumni_main` (`id`, `user_id`, `approved`) VALUES (238444, 238444, 1);
INSERT INTO `lk9v6_alumni_data` (`alumni_id`, `graduation_year`, `fid`, `job`, `address`, `city`, `country`, `phone`, `gid`, `mobile`, `nationalnumber`, `department`, `division`, `with_honor`) VALUES (238444, 2001, '23', '', '', '', '', '', '', '', '', 'تكنولوجيا التعليم ', '', '');
INSERT INTO `lk9v6_users` (`name`, `email`, `usertype`) VALUES ('تهاني السيد ابراهيم عبد الجواد', '', 'الخريجين');
INSERT INTO `lk9v6_alumni_main` (`id`, `user_id`, `approved`) VALUES (238445, 238445, 1);
INSERT INTO `lk9v6_alumni_data` (`alumni_id`, `graduation_year`, `fid`, `job`, `address`, `city`, `country`, `phone`, `gid`, `mobile`, `nationalnumber`, `department`, `division`, `with_honor`) VALUES (238445, 2001, '23', '', '', '', '', '', '', '', '', 'تكنولوجيا التعليم ', '', '');
INSERT INTO `lk9v6_users` (`name`, `email`, `usertype`) VALUES ('حازم كامل عبد الرحمن سليمان ', '', 'الخريجين');
INSERT INTO `lk9v6_alumni_main` (`id`, `user_id`, `approved`) VALUES (238446, 238446, 1);
INSERT INTO `lk9v6_alumni_data` (`alumni_id`, `graduation_year`, `fid`, `job`, `address`, `city`, `country`, `phone`, `gid`, `mobile`, `nationalnumber`, `department`, `division`, `with_honor`) VALUES (238446, 2001, '23', '', '', '', '', '', '', '', '', 'تكنولوجيا التعليم ', '', '');
INSERT INTO `lk9v6_users` (`name`, `email`, `usertype`) VALUES ('داليا أحمد جابر الغديوي ', '', 'الخريجين');
INSERT INTO `lk9v6_alumni_main` (`id`, `user_id`, `approved`) VALUES (238447, 238447, 1);
INSERT INTO `lk9v6_alumni_data` (`alumni_id`, `graduation_year`, `fid`, `job`, `address`, `city`, `country`, `phone`, `gid`, `mobile`, `nationalnumber`, `department`, `division`, `with_honor`) VALUES (238447, 2001, '23', '', '', '', '', '', '', '', '', 'تكنولوجيا التعليم ', '', '');
INSERT INTO `lk9v6_users` (`name`, `email`, `usertype`) VALUES ('سامح سعد أحمد عبد الله فايد', '', 'الخريجين');
INSERT INTO `lk9v6_alumni_main` (`id`, `user_id`, `approved`) VALUES (238448, 238448, 1);
INSERT INTO `lk9v6_alumni_data` (`alumni_id`, `graduation_year`, `fid`, `job`, `address`, `city`, `country`, `phone`, `gid`, `mobile`, `nationalnumber`, `department`, `division`, `with_honor`) VALUES (238448, 2001, '23', '', '', '', '', '', '', '', '', 'تكنولوجيا التعليم ', '', '');
INSERT INTO `lk9v6_users` (`name`, `email`, `usertype`) VALUES ('سحر صبحي عبد العزيز القاضي ', '', 'الخريجين');
INSERT INTO `lk9v6_alumni_main` (`id`, `user_id`, `approved`) VALUES (238449, 238449, 1);
INSERT INTO `lk9v6_alumni_data` (`alumni_id`, `graduation_year`, `fid`, `job`, `address`, `city`, `country`, `phone`, `gid`, `mobile`, `nationalnumber`, `department`, `division`, `with_honor`) VALUES (238449, 2001, '23', '', '', '', '', '', '', '', '', 'تكنولوجيا التعليم ', '', '');
INSERT INTO `lk9v6_users` (`name`, `email`, `usertype`) VALUES ('شريف عبد المنعم اسماعيل محمد', '', 'الخريجين');
INSERT INTO `lk9v6_alumni_main` (`id`, `user_id`, `approved`) VALUES (238450, 238450, 1);
INSERT INTO `lk9v6_alumni_data` (`alumni_id`, `graduation_year`, `fid`, `job`, `address`, `city`, `country`, `phone`, `gid`, `mobile`, `nationalnumber`, `department`, `division`, `with_honor`) VALUES (238450, 2001, '23', '', '', '', '', '', '', '', '', 'تكنولوجيا التعليم ', '', '');
INSERT INTO `lk9v6_users` (`name`, `email`, `usertype`) VALUES ('عزة مبروك اسماعيل محمد', '', 'الخريجين');
INSERT INTO `lk9v6_alumni_main` (`id`, `user_id`, `approved`) VALUES (238451, 238451, 1);
INSERT INTO `lk9v6_alumni_data` (`alumni_id`, `graduation_year`, `fid`, `job`, `address`, `city`, `country`, `phone`, `gid`, `mobile`, `nationalnumber`, `department`, `division`, `with_honor`) VALUES (238451, 2001, '23', '', '', '', '', '', '', '', '', 'تكنولوجيا التعليم ', '', '');
INSERT INTO `lk9v6_users` (`name`, `email`, `usertype`) VALUES ('فاطمة الزهراء حمدي عبد المنعم محمد', '', 'الخريجين');
INSERT INTO `lk9v6_alumni_main` (`id`, `user_id`, `approved`) VALUES (238452, 238452, 1);
INSERT INTO `lk9v6_alumni_data` (`alumni_id`, `graduation_year`, `fid`, `job`, `address`, `city`, `country`, `phone`, `gid`, `mobile`, `nationalnumber`, `department`, `division`, `with_honor`) VALUES (238452, 2001, '23', '', '', '', '', '', '', '', '', 'تكنولوجيا التعليم ', '', '');
INSERT INTO `lk9v6_users` (`name`, `email`, `usertype`) VALUES ('كامل بدوي كامل أحمد علي ', '', 'الخريجين');
INSERT INTO `lk9v6_alumni_main` (`id`, `user_id`, `approved`) VALUES (238453, 238453, 1);
INSERT INTO `lk9v6_alumni_data` (`alumni_id`, `graduation_year`, `fid`, `job`, `address`, `city`, `country`, `phone`, `gid`, `mobile`, `nationalnumber`, `department`, `division`, `with_honor`) VALUES (238453, 2001, '23', '', '', '', '', '', '', '', '', 'تكنولوجيا التعليم ', '', '');
INSERT INTO `lk9v6_users` (`name`, `email`, `usertype`) VALUES ('لبني صدقي محمد رشاد سلام', '', 'الخريجين');
INSERT INTO `lk9v6_alumni_main` (`id`, `user_id`, `approved`) VALUES (238454, 238454, 1);
INSERT INTO `lk9v6_alumni_data` (`alumni_id`, `graduation_year`, `fid`, `job`, `address`, `city`, `country`, `phone`, `gid`, `mobile`, `nationalnumber`, `department`, `division`, `with_honor`) VALUES (238454, 2001, '23', '', '', '', '', '', '', '', '', 'تكنولوجيا التعليم ', '', '');
INSERT INTO `lk9v6_users` (`name`, `email`, `usertype`) VALUES ('ماجد ميخائيل قديس ابراهيم ', '', 'الخريجين');
INSERT INTO `lk9v6_alumni_main` (`id`, `user_id`, `approved`) VALUES (238455, 238455, 1);
INSERT INTO `lk9v6_alumni_data` (`alumni_id`, `graduation_year`, `fid`, `job`, `address`, `city`, `country`, `phone`, `gid`, `mobile`, `nationalnumber`, `department`, `division`, `with_honor`) VALUES (238455, 2001, '23', '', '', '', '', '', '', '', '', 'تكنولوجيا التعليم ', '', '');
INSERT INTO `lk9v6_users` (`name`, `email`, `usertype`) VALUES ('مروة محمد أحمد السعيد ', '', 'الخريجين');
INSERT INTO `lk9v6_alumni_main` (`id`, `user_id`, `approved`) VALUES (238456, 238456, 1);
INSERT INTO `lk9v6_alumni_data` (`alumni_id`, `graduation_year`, `fid`, `job`, `address`, `city`, `country`, `phone`, `gid`, `mobile`, `nationalnumber`, `department`, `division`, `with_honor`) VALUES (238456, 2001, '23', '', '', '', '', '', '', '', '', 'تكنولوجيا التعليم ', '', '');
INSERT INTO `lk9v6_users` (`name`, `email`, `usertype`) VALUES ('مصطفي محمود بسيوني أبو شهية ', '', 'الخريجين');
INSERT INTO `lk9v6_alumni_main` (`id`, `user_id`, `approved`) VALUES (238457, 238457, 1);
INSERT INTO `lk9v6_alumni_data` (`alumni_id`, `graduation_year`, `fid`, `job`, `address`, `city`, `country`, `phone`, `gid`, `mobile`, `nationalnumber`, `department`, `division`, `with_honor`) VALUES (238457, 2001, '23', '', '', '', '', '', '', '', '', 'تكنولوجيا التعليم ', '', '');
INSERT INTO `lk9v6_users` (`name`, `email`, `usertype`) VALUES ('نور محمد محمد فتحي ', '', 'الخريجين');
INSERT INTO `lk9v6_alumni_main` (`id`, `user_id`, `approved`) VALUES (238458, 238458, 1);
INSERT INTO `lk9v6_alumni_data` (`alumni_id`, `graduation_year`, `fid`, `job`, `address`, `city`, `country`, `phone`, `gid`, `mobile`, `nationalnumber`, `department`, `division`, `with_honor`) VALUES (238458, 2001, '23', '', '', '', '', '', '', '', '', 'تكنولوجيا التعليم ', '', '');
INSERT INTO `lk9v6_users` (`name`, `email`, `usertype`) VALUES ('هبة ابراهيم عبد المجيد البسيوني ', '', 'الخريجين');
INSERT INTO `lk9v6_alumni_main` (`id`, `user_id`, `approved`) VALUES (238459, 238459, 1);
INSERT INTO `lk9v6_alumni_data` (`alumni_id`, `graduation_year`, `fid`, `job`, `address`, `city`, `country`, `phone`, `gid`, `mobile`, `nationalnumber`, `department`, `division`, `with_honor`) VALUES (238459, 2001, '23', '', '', '', '', '', '', '', '', 'تكنولوجيا التعليم ', '', '');
INSERT INTO `lk9v6_users` (`name`, `email`, `usertype`) VALUES ('وسام اسماعيل ابراهيم العيسوي ', '', 'الخريجين');
INSERT INTO `lk9v6_alumni_main` (`id`, `user_id`, `approved`) VALUES (238460, 238460, 1);
INSERT INTO `lk9v6_alumni_data` (`alumni_id`, `graduation_year`, `fid`, `job`, `address`, `city`, `country`, `phone`, `gid`, `mobile`, `nationalnumber`, `department`, `division`, `with_honor`) VALUES (238460, 2001, '23', '', '', '', '', '', '', '', '', 'تكنولوجيا التعليم ', '', '');
INSERT INTO `lk9v6_users` (`name`, `email`, `usertype`) VALUES ('أحمد محمد وجيه أحمد حسن ', '', 'الخريجين');
INSERT INTO `lk9v6_alumni_main` (`id`, `user_id`, `approved`) VALUES (238461, 238461, 1);
INSERT INTO `lk9v6_alumni_data` (`alumni_id`, `graduation_year`, `fid`, `job`, `address`, `city`, `country`, `phone`, `gid`, `mobile`, `nationalnumber`, `department`, `division`, `with_honor`) VALUES (238461, 2001, '23', '', '', '', '', '', '', '', '', 'تكنولوجيا التعليم ', '', '');
INSERT INTO `lk9v6_users` (`name`, `email`, `usertype`) VALUES ('اسماء عبد الحافظ محمد حسن ', '', 'الخريجين');
INSERT INTO `lk9v6_alumni_main` (`id`, `user_id`, `approved`) VALUES (238462, 238462, 1);
INSERT INTO `lk9v6_alumni_data` (`alumni_id`, `graduation_year`, `fid`, `job`, `address`, `city`, `country`, `phone`, `gid`, `mobile`, `nationalnumber`, `department`, `division`, `with_honor`) VALUES (238462, 2001, '23', '', '', '', '', '', '', '', '', 'تكنولوجيا التعليم ', '', '');
INSERT INTO `lk9v6_users` (`name`, `email`, `usertype`) VALUES ('البدري علي محمود الحوفي ', '', 'الخريجين');
INSERT INTO `lk9v6_alumni_main` (`id`, `user_id`, `approved`) VALUES (238463, 238463, 1);
INSERT INTO `lk9v6_alumni_data` (`alumni_id`, `graduation_year`, `fid`, `job`, `address`, `city`, `country`, `phone`, `gid`, `mobile`, `nationalnumber`, `department`, `division`, `with_honor`) VALUES (238463, 2001, '23', '', '', '', '', '', '', '', '', 'تكنولوجيا التعليم ', '', '');
INSERT INTO `lk9v6_users` (`name`, `email`, `usertype`) VALUES ('ايمان عبد الحميد درويش حجازي ', '', 'الخريجين');
INSERT INTO `lk9v6_alumni_main` (`id`, `user_id`, `approved`) VALUES (238464, 238464, 1);
INSERT INTO `lk9v6_alumni_data` (`alumni_id`, `graduation_year`, `fid`, `job`, `address`, `city`, `country`, `phone`, `gid`, `mobile`, `nationalnumber`, `department`, `division`, `with_honor`) VALUES (238464, 2001, '23', '', '', '', '', '', '', '', '', 'تكنولوجيا التعليم ', '', '');
INSERT INTO `lk9v6_users` (`name`, `email`, `usertype`) VALUES ('طارق عبد المنعم أحمد مقلد ', '', 'الخريجين');
INSERT INTO `lk9v6_alumni_main` (`id`, `user_id`, `approved`) VALUES (238465, 238465, 1);
INSERT INTO `lk9v6_alumni_data` (`alumni_id`, `graduation_year`, `fid`, `job`, `address`, `city`, `country`, `phone`, `gid`, `mobile`, `nationalnumber`, `department`, `division`, `with_honor`) VALUES (238465, 2001, '23', '', '', '', '', '', '', '', '', 'تكنولوجيا التعليم ', '', '');
INSERT INTO `lk9v6_users` (`name`, `email`, `usertype`) VALUES ('علي جلال علي أحمد', '', 'الخريجين');
INSERT INTO `lk9v6_alumni_main` (`id`, `user_id`, `approved`) VALUES (238466, 238466, 1);
INSERT INTO `lk9v6_alumni_data` (`alumni_id`, `graduation_year`, `fid`, `job`, `address`, `city`, `country`, `phone`, `gid`, `mobile`, `nationalnumber`, `department`, `division`, `with_honor`) VALUES (238466, 2001, '23', '', '', '', '', '', '', '', '', 'تكنولوجيا التعليم ', '', '');
INSERT INTO `lk9v6_users` (`name`, `email`, `usertype`) VALUES ('فاطمة مصطفي علي محمد علي محمد ', '', 'الخريجين');
INSERT INTO `lk9v6_alumni_main` (`id`, `user_id`, `approved`) VALUES (238467, 238467, 1);
INSERT INTO `lk9v6_alumni_data` (`alumni_id`, `graduation_year`, `fid`, `job`, `address`, `city`, `country`, `phone`, `gid`, `mobile`, `nationalnumber`, `department`, `division`, `with_honor`) VALUES (238467, 2001, '23', '', '', '', '', '', '', '', '', 'تكنولوجيا التعليم ', '', '');
INSERT INTO `lk9v6_users` (`name`, `email`, `usertype`) VALUES ('محمد ابراهيم عمران محممد العربي ', '', 'الخريجين');
INSERT INTO `lk9v6_alumni_main` (`id`, `user_id`, `approved`) VALUES (238468, 238468, 1);
INSERT INTO `lk9v6_alumni_data` (`alumni_id`, `graduation_year`, `fid`, `job`, `address`, `city`, `country`, `phone`, `gid`, `mobile`, `nationalnumber`, `department`, `division`, `with_honor`) VALUES (238468, 2001, '23', '', '', '', '', '', '', '', '', 'تكنولوجيا التعليم ', '', '');
INSERT INTO `lk9v6_users` (`name`, `email`, `usertype`) VALUES ('دعاء عبد العزيز عبد الحي ', '', 'الخريجين');
INSERT INTO `lk9v6_alumni_main` (`id`, `user_id`, `approved`) VALUES (238469, 238469, 1);
INSERT INTO `lk9v6_alumni_data` (`alumni_id`, `graduation_year`, `fid`, `job`, `address`, `city`, `country`, `phone`, `gid`, `mobile`, `nationalnumber`, `department`, `division`, `with_honor`) VALUES (238469, 2001, '23', '', '', '', '', '', '', '', '', 'تكنولوجيا التعليم ', '', '');
INSERT INTO `lk9v6_users` (`name`, `email`, `usertype`) VALUES ('صبحي عبد الرحمن محمد فهمي ', '', 'الخريجين');
INSERT INTO `lk9v6_alumni_main` (`id`, `user_id`, `approved`) VALUES (238470, 238470, 1);
INSERT INTO `lk9v6_alumni_data` (`alumni_id`, `graduation_year`, `fid`, `job`, `address`, `city`, `country`, `phone`, `gid`, `mobile`, `nationalnumber`, `department`, `division`, `with_honor`) VALUES (238470, 2001, '23', '', '', '', '', '', '', '', '', 'تكنولوجيا التعليم ', '', '');
INSERT INTO `lk9v6_users` (`name`, `email`, `usertype`) VALUES ('نجلاء محمد عبد الواحد محمد', '', 'الخريجين');
INSERT INTO `lk9v6_alumni_main` (`id`, `user_id`, `approved`) VALUES (238471, 238471, 1);
INSERT INTO `lk9v6_alumni_data` (`alumni_id`, `graduation_year`, `fid`, `job`, `address`, `city`, `country`, `phone`, `gid`, `mobile`, `nationalnumber`, `department`, `division`, `with_honor`) VALUES (238471, 2001, '23', '', '', '', '', '', '', '', '', 'تكنولوجيا التعليم ', '', '');
INSERT INTO `lk9v6_users` (`name`, `email`, `usertype`) VALUES ('عبير أحمد محمد محارم ', '', 'الخريجين');
INSERT INTO `lk9v6_alumni_main` (`id`, `user_id`, `approved`) VALUES (238472, 238472, 1);
INSERT INTO `lk9v6_alumni_data` (`alumni_id`, `graduation_year`, `fid`, `job`, `address`, `city`, `country`, `phone`, `gid`, `mobile`, `nationalnumber`, `department`, `division`, `with_honor`) VALUES (238472, 2001, '23', '', '', '', '', '', '', '', '', 'تكنولوجيا التعليم ', '', '');
INSERT INTO `lk9v6_users` (`name`, `email`, `usertype`) VALUES ('بسمة محمد أبو اليزيد محمد', '', 'الخريجين');
INSERT INTO `lk9v6_alumni_main` (`id`, `user_id`, `approved`) VALUES (238473, 238473, 1);
INSERT INTO `lk9v6_alumni_data` (`alumni_id`, `graduation_year`, `fid`, `job`, `address`, `city`, `country`, `phone`, `gid`, `mobile`, `nationalnumber`, `department`, `division`, `with_honor`) VALUES (238473, 2002, '23', '', '', '', '', '', '', '', '', 'التربية الفنية ', '', '');
INSERT INTO `lk9v6_users` (`name`, `email`, `usertype`) VALUES ('أسماء مبروك محمد خضر ', '', 'الخريجين');
INSERT INTO `lk9v6_alumni_main` (`id`, `user_id`, `approved`) VALUES (238474, 238474, 1);
INSERT INTO `lk9v6_alumni_data` (`alumni_id`, `graduation_year`, `fid`, `job`, `address`, `city`, `country`, `phone`, `gid`, `mobile`, `nationalnumber`, `department`, `division`, `with_honor`) VALUES (238474, 2002, '23', '', '', '', '', '', '', '', '', 'التربية الفنية ', '', '');
INSERT INTO `lk9v6_users` (`name`, `email`, `usertype`) VALUES ('أماني أنور عبد الصمد محمد ', '', 'الخريجين');
INSERT INTO `lk9v6_alumni_main` (`id`, `user_id`, `approved`) VALUES (238475, 238475, 1);
INSERT INTO `lk9v6_alumni_data` (`alumni_id`, `graduation_year`, `fid`, `job`, `address`, `city`, `country`, `phone`, `gid`, `mobile`, `nationalnumber`, `department`, `division`, `with_honor`) VALUES (238475, 2002, '23', '', '', '', '', '', '', '', '', 'التربية الفنية ', '', '');
INSERT INTO `lk9v6_users` (`name`, `email`, `usertype`) VALUES ('إنجي محمد سويفي عطيفي ', '', 'الخريجين');
INSERT INTO `lk9v6_alumni_main` (`id`, `user_id`, `approved`) VALUES (238476, 238476, 1);
INSERT INTO `lk9v6_alumni_data` (`alumni_id`, `graduation_year`, `fid`, `job`, `address`, `city`, `country`, `phone`, `gid`, `mobile`, `nationalnumber`, `department`, `division`, `with_honor`) VALUES (238476, 2002, '23', '', '', '', '', '', '', '', '', 'التربية الفنية ', '', '');
INSERT INTO `lk9v6_users` (`name`, `email`, `usertype`) VALUES ('باسنت ياسين علي ياسين ', '', 'الخريجين');
INSERT INTO `lk9v6_alumni_main` (`id`, `user_id`, `approved`) VALUES (238477, 238477, 1);
INSERT INTO `lk9v6_alumni_data` (`alumni_id`, `graduation_year`, `fid`, `job`, `address`, `city`, `country`, `phone`, `gid`, `mobile`, `nationalnumber`, `department`, `division`, `with_honor`) VALUES (238477, 2002, '23', '', '', '', '', '', '', '', '', 'التربية الفنية ', '', '');
INSERT INTO `lk9v6_users` (`name`, `email`, `usertype`) VALUES ('ثناء مصطفي حسني حسين ', '', 'الخريجين');
INSERT INTO `lk9v6_alumni_main` (`id`, `user_id`, `approved`) VALUES (238478, 238478, 1);
INSERT INTO `lk9v6_alumni_data` (`alumni_id`, `graduation_year`, `fid`, `job`, `address`, `city`, `country`, `phone`, `gid`, `mobile`, `nationalnumber`, `department`, `division`, `with_honor`) VALUES (238478, 2002, '23', '', '', '', '', '', '', '', '', 'التربية الفنية ', '', '');
INSERT INTO `lk9v6_users` (`name`, `email`, `usertype`) VALUES ('جينا يوسف كامل حنا ', '', 'الخريجين');
INSERT INTO `lk9v6_alumni_main` (`id`, `user_id`, `approved`) VALUES (238479, 238479, 1);
INSERT INTO `lk9v6_alumni_data` (`alumni_id`, `graduation_year`, `fid`, `job`, `address`, `city`, `country`, `phone`, `gid`, `mobile`, `nationalnumber`, `department`, `division`, `with_honor`) VALUES (238479, 2002, '23', '', '', '', '', '', '', '', '', 'التربية الفنية ', '', '');
INSERT INTO `lk9v6_users` (`name`, `email`, `usertype`) VALUES ('جوزفين فايز غالي لبيب ', '', 'الخريجين');
INSERT INTO `lk9v6_alumni_main` (`id`, `user_id`, `approved`) VALUES (238480, 238480, 1);
INSERT INTO `lk9v6_alumni_data` (`alumni_id`, `graduation_year`, `fid`, `job`, `address`, `city`, `country`, `phone`, `gid`, `mobile`, `nationalnumber`, `department`, `division`, `with_honor`) VALUES (238480, 2002, '23', '', '', '', '', '', '', '', '', 'التربية الفنية ', '', '');
INSERT INTO `lk9v6_users` (`name`, `email`, `usertype`) VALUES ('رحاب محمود محمود الوكيل ', '', 'الخريجين');
INSERT INTO `lk9v6_alumni_main` (`id`, `user_id`, `approved`) VALUES (238481, 238481, 1);
INSERT INTO `lk9v6_alumni_data` (`alumni_id`, `graduation_year`, `fid`, `job`, `address`, `city`, `country`, `phone`, `gid`, `mobile`, `nationalnumber`, `department`, `division`, `with_honor`) VALUES (238481, 2002, '23', '', '', '', '', '', '', '', '', 'التربية الفنية ', '', '');
INSERT INTO `lk9v6_users` (`name`, `email`, `usertype`) VALUES ('رشا محمود محمد السعدني ', '', 'الخريجين');
INSERT INTO `lk9v6_alumni_main` (`id`, `user_id`, `approved`) VALUES (238482, 238482, 1);
INSERT INTO `lk9v6_alumni_data` (`alumni_id`, `graduation_year`, `fid`, `job`, `address`, `city`, `country`, `phone`, `gid`, `mobile`, `nationalnumber`, `department`, `division`, `with_honor`) VALUES (238482, 2002, '23', '', '', '', '', '', '', '', '', 'التربية الفنية ', '', '');
INSERT INTO `lk9v6_users` (`name`, `email`, `usertype`) VALUES ('رشا يحي زكريا شلبي ', '', 'الخريجين');
INSERT INTO `lk9v6_alumni_main` (`id`, `user_id`, `approved`) VALUES (238483, 238483, 1);
INSERT INTO `lk9v6_alumni_data` (`alumni_id`, `graduation_year`, `fid`, `job`, `address`, `city`, `country`, `phone`, `gid`, `mobile`, `nationalnumber`, `department`, `division`, `with_honor`) VALUES (238483, 2002, '23', '', '', '', '', '', '', '', '', 'التربية الفنية ', '', '');
INSERT INTO `lk9v6_users` (`name`, `email`, `usertype`) VALUES ('رغدي علي حسن قاسم ', '', 'الخريجين');
INSERT INTO `lk9v6_alumni_main` (`id`, `user_id`, `approved`) VALUES (238484, 238484, 1);
INSERT INTO `lk9v6_alumni_data` (`alumni_id`, `graduation_year`, `fid`, `job`, `address`, `city`, `country`, `phone`, `gid`, `mobile`, `nationalnumber`, `department`, `division`, `with_honor`) VALUES (238484, 2002, '23', '', '', '', '', '', '', '', '', 'التربية الفنية ', '', '');
INSERT INTO `lk9v6_users` (`name`, `email`, `usertype`) VALUES ('شريف محمد صابر مرجان ', '', 'الخريجين');
INSERT INTO `lk9v6_alumni_main` (`id`, `user_id`, `approved`) VALUES (238485, 238485, 1);
INSERT INTO `lk9v6_alumni_data` (`alumni_id`, `graduation_year`, `fid`, `job`, `address`, `city`, `country`, `phone`, `gid`, `mobile`, `nationalnumber`, `department`, `division`, `with_honor`) VALUES (238485, 2002, '23', '', '', '', '', '', '', '', '', 'التربية الفنية ', '', '');
INSERT INTO `lk9v6_users` (`name`, `email`, `usertype`) VALUES ('شريف محمد عزت أحمد', '', 'الخريجين');
INSERT INTO `lk9v6_alumni_main` (`id`, `user_id`, `approved`) VALUES (238486, 238486, 1);
INSERT INTO `lk9v6_alumni_data` (`alumni_id`, `graduation_year`, `fid`, `job`, `address`, `city`, `country`, `phone`, `gid`, `mobile`, `nationalnumber`, `department`, `division`, `with_honor`) VALUES (238486, 2002, '23', '', '', '', '', '', '', '', '', 'التربية الفنية ', '', '');
INSERT INTO `lk9v6_users` (`name`, `email`, `usertype`) VALUES ('شيماء عوض محمد سعد', '', 'الخريجين');
INSERT INTO `lk9v6_alumni_main` (`id`, `user_id`, `approved`) VALUES (238487, 238487, 1);
INSERT INTO `lk9v6_alumni_data` (`alumni_id`, `graduation_year`, `fid`, `job`, `address`, `city`, `country`, `phone`, `gid`, `mobile`, `nationalnumber`, `department`, `division`, `with_honor`) VALUES (238487, 2002, '23', '', '', '', '', '', '', '', '', 'التربية الفنية ', '', '');
INSERT INTO `lk9v6_users` (`name`, `email`, `usertype`) VALUES ('علا أحمد أحمد العجرودي ', '', 'الخريجين');
INSERT INTO `lk9v6_alumni_main` (`id`, `user_id`, `approved`) VALUES (238488, 238488, 1);
INSERT INTO `lk9v6_alumni_data` (`alumni_id`, `graduation_year`, `fid`, `job`, `address`, `city`, `country`, `phone`, `gid`, `mobile`, `nationalnumber`, `department`, `division`, `with_honor`) VALUES (238488, 2002, '23', '', '', '', '', '', '', '', '', 'التربية الفنية ', '', '');
INSERT INTO `lk9v6_users` (`name`, `email`, `usertype`) VALUES ('محمد عبد الرحمن عبد المجيد', '', 'الخريجين');
INSERT INTO `lk9v6_alumni_main` (`id`, `user_id`, `approved`) VALUES (238489, 238489, 1);
INSERT INTO `lk9v6_alumni_data` (`alumni_id`, `graduation_year`, `fid`, `job`, `address`, `city`, `country`, `phone`, `gid`, `mobile`, `nationalnumber`, `department`, `division`, `with_honor`) VALUES (238489, 2002, '23', '', '', '', '', '', '', '', '', 'التربية الفنية ', '', '');
INSERT INTO `lk9v6_users` (`name`, `email`, `usertype`) VALUES ('نجلاء فتحي عبد المقصود درويش ', '', 'الخريجين');
INSERT INTO `lk9v6_alumni_main` (`id`, `user_id`, `approved`) VALUES (238490, 238490, 1);
INSERT INTO `lk9v6_alumni_data` (`alumni_id`, `graduation_year`, `fid`, `job`, `address`, `city`, `country`, `phone`, `gid`, `mobile`, `nationalnumber`, `department`, `division`, `with_honor`) VALUES (238490, 2002, '23', '', '', '', '', '', '', '', '', 'التربية الفنية ', '', '');
INSERT INTO `lk9v6_users` (`name`, `email`, `usertype`) VALUES ('نهال أسامة أحمد غراب ', '', 'الخريجين');
INSERT INTO `lk9v6_alumni_main` (`id`, `user_id`, `approved`) VALUES (238491, 238491, 1);
INSERT INTO `lk9v6_alumni_data` (`alumni_id`, `graduation_year`, `fid`, `job`, `address`, `city`, `country`, `phone`, `gid`, `mobile`, `nationalnumber`, `department`, `division`, `with_honor`) VALUES (238491, 2002, '23', '', '', '', '', '', '', '', '', 'التربية الفنية ', '', '');
INSERT INTO `lk9v6_users` (`name`, `email`, `usertype`) VALUES ('نهي علي حسن سلامة ', '', 'الخريجين');
INSERT INTO `lk9v6_alumni_main` (`id`, `user_id`, `approved`) VALUES (238492, 238492, 1);
INSERT INTO `lk9v6_alumni_data` (`alumni_id`, `graduation_year`, `fid`, `job`, `address`, `city`, `country`, `phone`, `gid`, `mobile`, `nationalnumber`, `department`, `division`, `with_honor`) VALUES (238492, 2002, '23', '', '', '', '', '', '', '', '', 'التربية الفنية ', '', '');
INSERT INTO `lk9v6_users` (`name`, `email`, `usertype`) VALUES ('هبة أحمد أنور مرسي ', '', 'الخريجين');
INSERT INTO `lk9v6_alumni_main` (`id`, `user_id`, `approved`) VALUES (238493, 238493, 1);
INSERT INTO `lk9v6_alumni_data` (`alumni_id`, `graduation_year`, `fid`, `job`, `address`, `city`, `country`, `phone`, `gid`, `mobile`, `nationalnumber`, `department`, `division`, `with_honor`) VALUES (238493, 2002, '23', '', '', '', '', '', '', '', '', 'التربية الفنية ', '', '');
INSERT INTO `lk9v6_users` (`name`, `email`, `usertype`) VALUES ('هند السيد محمد السيد ', '', 'الخريجين');
INSERT INTO `lk9v6_alumni_main` (`id`, `user_id`, `approved`) VALUES (238494, 238494, 1);
INSERT INTO `lk9v6_alumni_data` (`alumni_id`, `graduation_year`, `fid`, `job`, `address`, `city`, `country`, `phone`, `gid`, `mobile`, `nationalnumber`, `department`, `division`, `with_honor`) VALUES (238494, 2002, '23', '', '', '', '', '', '', '', '', 'التربية الفنية ', '', '');
INSERT INTO `lk9v6_users` (`name`, `email`, `usertype`) VALUES ('وداد سعد زغلول أحمد', '', 'الخريجين');
INSERT INTO `lk9v6_alumni_main` (`id`, `user_id`, `approved`) VALUES (238495, 238495, 1);
INSERT INTO `lk9v6_alumni_data` (`alumni_id`, `graduation_year`, `fid`, `job`, `address`, `city`, `country`, `phone`, `gid`, `mobile`, `nationalnumber`, `department`, `division`, `with_honor`) VALUES (238495, 2002, '23', '', '', '', '', '', '', '', '', 'التربية الفنية ', '', '');
INSERT INTO `lk9v6_users` (`name`, `email`, `usertype`) VALUES ('يسرا محمد ابراهيم علي ', '', 'الخريجين');
INSERT INTO `lk9v6_alumni_main` (`id`, `user_id`, `approved`) VALUES (238496, 238496, 1);
INSERT INTO `lk9v6_alumni_data` (`alumni_id`, `graduation_year`, `fid`, `job`, `address`, `city`, `country`, `phone`, `gid`, `mobile`, `nationalnumber`, `department`, `division`, `with_honor`) VALUES (238496, 2002, '23', '', '', '', '', '', '', '', '', 'التربية الفنية ', '', '');
INSERT INTO `lk9v6_users` (`name`, `email`, `usertype`) VALUES ('يوستينا جورج تودري جورجي ', '', 'الخريجين');
INSERT INTO `lk9v6_alumni_main` (`id`, `user_id`, `approved`) VALUES (238497, 238497, 1);
INSERT INTO `lk9v6_alumni_data` (`alumni_id`, `graduation_year`, `fid`, `job`, `address`, `city`, `country`, `phone`, `gid`, `mobile`, `nationalnumber`, `department`, `division`, `with_honor`) VALUES (238497, 2002, '23', '', '', '', '', '', '', '', '', 'التربية الفنية ', '', '');
INSERT INTO `lk9v6_users` (`name`, `email`, `usertype`) VALUES ('ابتسام عبد الرحمن مصطفي ', '', 'الخريجين');
INSERT INTO `lk9v6_alumni_main` (`id`, `user_id`, `approved`) VALUES (238498, 238498, 1);
INSERT INTO `lk9v6_alumni_data` (`alumni_id`, `graduation_year`, `fid`, `job`, `address`, `city`, `country`, `phone`, `gid`, `mobile`, `nationalnumber`, `department`, `division`, `with_honor`) VALUES (238498, 2002, '23', '', '', '', '', '', '', '', '', 'التربية الفنية ', '', '');
INSERT INTO `lk9v6_users` (`name`, `email`, `usertype`) VALUES ('أحمد السعيد عبد الحافظ ', '', 'الخريجين');
INSERT INTO `lk9v6_alumni_main` (`id`, `user_id`, `approved`) VALUES (238499, 238499, 1);
INSERT INTO `lk9v6_alumni_data` (`alumni_id`, `graduation_year`, `fid`, `job`, `address`, `city`, `country`, `phone`, `gid`, `mobile`, `nationalnumber`, `department`, `division`, `with_honor`) VALUES (238499, 2002, '23', '', '', '', '', '', '', '', '', 'التربية الفنية ', '', '');
INSERT INTO `lk9v6_users` (`name`, `email`, `usertype`) VALUES ('أسماء محمد مبارك عبد الرؤوف ', '', 'الخريجين');
INSERT INTO `lk9v6_alumni_main` (`id`, `user_id`, `approved`) VALUES (238500, 238500, 1);
INSERT INTO `lk9v6_alumni_data` (`alumni_id`, `graduation_year`, `fid`, `job`, `address`, `city`, `country`, `phone`, `gid`, `mobile`, `nationalnumber`, `department`, `division`, `with_honor`) VALUES (238500, 2002, '23', '', '', '', '', '', '', '', '', 'التربية الفنية ', '', '');
INSERT INTO `lk9v6_users` (`name`, `email`, `usertype`) VALUES ('أمل ربيع ابراهيم محمد', '', 'الخريجين');
INSERT INTO `lk9v6_alumni_main` (`id`, `user_id`, `approved`) VALUES (238501, 238501, 1);
INSERT INTO `lk9v6_alumni_data` (`alumni_id`, `graduation_year`, `fid`, `job`, `address`, `city`, `country`, `phone`, `gid`, `mobile`, `nationalnumber`, `department`, `division`, `with_honor`) VALUES (238501, 2002, '23', '', '', '', '', '', '', '', '', 'التربية الفنية ', '', '');
INSERT INTO `lk9v6_users` (`name`, `email`, `usertype`) VALUES ('أميرة محمد أحمد محمد', '', 'الخريجين');
INSERT INTO `lk9v6_alumni_main` (`id`, `user_id`, `approved`) VALUES (238502, 238502, 1);
INSERT INTO `lk9v6_alumni_data` (`alumni_id`, `graduation_year`, `fid`, `job`, `address`, `city`, `country`, `phone`, `gid`, `mobile`, `nationalnumber`, `department`, `division`, `with_honor`) VALUES (238502, 2002, '23', '', '', '', '', '', '', '', '', 'التربية الفنية ', '', '');
INSERT INTO `lk9v6_users` (`name`, `email`, `usertype`) VALUES ('أميمة خليل عبد الهادي الحداد', '', 'الخريجين');
INSERT INTO `lk9v6_alumni_main` (`id`, `user_id`, `approved`) VALUES (238503, 238503, 1);
INSERT INTO `lk9v6_alumni_data` (`alumni_id`, `graduation_year`, `fid`, `job`, `address`, `city`, `country`, `phone`, `gid`, `mobile`, `nationalnumber`, `department`, `division`, `with_honor`) VALUES (238503, 2002, '23', '', '', '', '', '', '', '', '', 'التربية الفنية ', '', '');
INSERT INTO `lk9v6_users` (`name`, `email`, `usertype`) VALUES ('أيمان بدير أبو اليزيد درويش ', '', 'الخريجين');
INSERT INTO `lk9v6_alumni_main` (`id`, `user_id`, `approved`) VALUES (238504, 238504, 1);
INSERT INTO `lk9v6_alumni_data` (`alumni_id`, `graduation_year`, `fid`, `job`, `address`, `city`, `country`, `phone`, `gid`, `mobile`, `nationalnumber`, `department`, `division`, `with_honor`) VALUES (238504, 2002, '23', '', '', '', '', '', '', '', '', 'التربية الفنية ', '', '');
INSERT INTO `lk9v6_users` (`name`, `email`, `usertype`) VALUES ('ايمان محمد علي عمار ', '', 'الخريجين');
INSERT INTO `lk9v6_alumni_main` (`id`, `user_id`, `approved`) VALUES (238505, 238505, 1);
INSERT INTO `lk9v6_alumni_data` (`alumni_id`, `graduation_year`, `fid`, `job`, `address`, `city`, `country`, `phone`, `gid`, `mobile`, `nationalnumber`, `department`, `division`, `with_honor`) VALUES (238505, 2002, '23', '', '', '', '', '', '', '', '', 'التربية الفنية ', '', '');
INSERT INTO `lk9v6_users` (`name`, `email`, `usertype`) VALUES ('رضا جوده عبد الكريم الزغبي ', '', 'الخريجين');
INSERT INTO `lk9v6_alumni_main` (`id`, `user_id`, `approved`) VALUES (238506, 238506, 1);
INSERT INTO `lk9v6_alumni_data` (`alumni_id`, `graduation_year`, `fid`, `job`, `address`, `city`, `country`, `phone`, `gid`, `mobile`, `nationalnumber`, `department`, `division`, `with_honor`) VALUES (238506, 2002, '23', '', '', '', '', '', '', '', '', 'التربية الفنية ', '', '');
INSERT INTO `lk9v6_users` (`name`, `email`, `usertype`) VALUES ('ريهام ابراهيم محمد صباح', '', 'الخريجين');
INSERT INTO `lk9v6_alumni_main` (`id`, `user_id`, `approved`) VALUES (238507, 238507, 1);
INSERT INTO `lk9v6_alumni_data` (`alumni_id`, `graduation_year`, `fid`, `job`, `address`, `city`, `country`, `phone`, `gid`, `mobile`, `nationalnumber`, `department`, `division`, `with_honor`) VALUES (238507, 2002, '23', '', '', '', '', '', '', '', '', 'التربية الفنية ', '', '');
INSERT INTO `lk9v6_users` (`name`, `email`, `usertype`) VALUES ('سارة عبد المطلب بكر ', '', 'الخريجين');
INSERT INTO `lk9v6_alumni_main` (`id`, `user_id`, `approved`) VALUES (238508, 238508, 1);
INSERT INTO `lk9v6_alumni_data` (`alumni_id`, `graduation_year`, `fid`, `job`, `address`, `city`, `country`, `phone`, `gid`, `mobile`, `nationalnumber`, `department`, `division`, `with_honor`) VALUES (238508, 2002, '23', '', '', '', '', '', '', '', '', 'التربية الفنية ', '', '');
INSERT INTO `lk9v6_users` (`name`, `email`, `usertype`) VALUES ('سارة علي ابراهيم علي ', '', 'الخريجين');
INSERT INTO `lk9v6_alumni_main` (`id`, `user_id`, `approved`) VALUES (238509, 238509, 1);
INSERT INTO `lk9v6_alumni_data` (`alumni_id`, `graduation_year`, `fid`, `job`, `address`, `city`, `country`, `phone`, `gid`, `mobile`, `nationalnumber`, `department`, `division`, `with_honor`) VALUES (238509, 2002, '23', '', '', '', '', '', '', '', '', 'التربية الفنية ', '', '');
INSERT INTO `lk9v6_users` (`name`, `email`, `usertype`) VALUES ('سامية عبد المقصود علي ', '', 'الخريجين');
INSERT INTO `lk9v6_alumni_main` (`id`, `user_id`, `approved`) VALUES (238510, 238510, 1);
INSERT INTO `lk9v6_alumni_data` (`alumni_id`, `graduation_year`, `fid`, `job`, `address`, `city`, `country`, `phone`, `gid`, `mobile`, `nationalnumber`, `department`, `division`, `with_honor`) VALUES (238510, 2002, '23', '', '', '', '', '', '', '', '', 'التربية الفنية ', '', '');
INSERT INTO `lk9v6_users` (`name`, `email`, `usertype`) VALUES ('سلوي عبد المعبود محمد', '', 'الخريجين');
INSERT INTO `lk9v6_alumni_main` (`id`, `user_id`, `approved`) VALUES (238511, 238511, 1);
INSERT INTO `lk9v6_alumni_data` (`alumni_id`, `graduation_year`, `fid`, `job`, `address`, `city`, `country`, `phone`, `gid`, `mobile`, `nationalnumber`, `department`, `division`, `with_honor`) VALUES (238511, 2002, '23', '', '', '', '', '', '', '', '', 'التربية الفنية ', '', '');
INSERT INTO `lk9v6_users` (`name`, `email`, `usertype`) VALUES ('سماح عبد المنعم محمود', '', 'الخريجين');
INSERT INTO `lk9v6_alumni_main` (`id`, `user_id`, `approved`) VALUES (238512, 238512, 1);
INSERT INTO `lk9v6_alumni_data` (`alumni_id`, `graduation_year`, `fid`, `job`, `address`, `city`, `country`, `phone`, `gid`, `mobile`, `nationalnumber`, `department`, `division`, `with_honor`) VALUES (238512, 2002, '23', '', '', '', '', '', '', '', '', 'التربية الفنية ', '', '');
INSERT INTO `lk9v6_users` (`name`, `email`, `usertype`) VALUES ('سمر رأفت السيد محمد', '', 'الخريجين');
INSERT INTO `lk9v6_alumni_main` (`id`, `user_id`, `approved`) VALUES (238513, 238513, 1);
INSERT INTO `lk9v6_alumni_data` (`alumni_id`, `graduation_year`, `fid`, `job`, `address`, `city`, `country`, `phone`, `gid`, `mobile`, `nationalnumber`, `department`, `division`, `with_honor`) VALUES (238513, 2002, '23', '', '', '', '', '', '', '', '', 'التربية الفنية ', '', '');
INSERT INTO `lk9v6_users` (`name`, `email`, `usertype`) VALUES ('شيماء علي محمد علي ', '', 'الخريجين');
INSERT INTO `lk9v6_alumni_main` (`id`, `user_id`, `approved`) VALUES (238514, 238514, 1);
INSERT INTO `lk9v6_alumni_data` (`alumni_id`, `graduation_year`, `fid`, `job`, `address`, `city`, `country`, `phone`, `gid`, `mobile`, `nationalnumber`, `department`, `division`, `with_honor`) VALUES (238514, 2002, '23', '', '', '', '', '', '', '', '', 'التربية الفنية ', '', '');
INSERT INTO `lk9v6_users` (`name`, `email`, `usertype`) VALUES ('شيماء محمد أبو المجد عمر ', '', 'الخريجين');
INSERT INTO `lk9v6_alumni_main` (`id`, `user_id`, `approved`) VALUES (238515, 238515, 1);
INSERT INTO `lk9v6_alumni_data` (`alumni_id`, `graduation_year`, `fid`, `job`, `address`, `city`, `country`, `phone`, `gid`, `mobile`, `nationalnumber`, `department`, `division`, `with_honor`) VALUES (238515, 2002, '23', '', '', '', '', '', '', '', '', 'التربية الفنية ', '', '');
INSERT INTO `lk9v6_users` (`name`, `email`, `usertype`) VALUES ('غادة جمعة أحمد حسني ', '', 'الخريجين');
INSERT INTO `lk9v6_alumni_main` (`id`, `user_id`, `approved`) VALUES (238516, 238516, 1);
INSERT INTO `lk9v6_alumni_data` (`alumni_id`, `graduation_year`, `fid`, `job`, `address`, `city`, `country`, `phone`, `gid`, `mobile`, `nationalnumber`, `department`, `division`, `with_honor`) VALUES (238516, 2002, '23', '', '', '', '', '', '', '', '', 'التربية الفنية ', '', '');
INSERT INTO `lk9v6_users` (`name`, `email`, `usertype`) VALUES ('محمد عشري ابراهيم بدر ', '', 'الخريجين');
INSERT INTO `lk9v6_alumni_main` (`id`, `user_id`, `approved`) VALUES (238517, 238517, 1);
INSERT INTO `lk9v6_alumni_data` (`alumni_id`, `graduation_year`, `fid`, `job`, `address`, `city`, `country`, `phone`, `gid`, `mobile`, `nationalnumber`, `department`, `division`, `with_honor`) VALUES (238517, 2002, '23', '', '', '', '', '', '', '', '', 'التربية الفنية ', '', '');
INSERT INTO `lk9v6_users` (`name`, `email`, `usertype`) VALUES ('ميريام عدلي نجيب غالي ', '', 'الخريجين');
INSERT INTO `lk9v6_alumni_main` (`id`, `user_id`, `approved`) VALUES (238518, 238518, 1);
INSERT INTO `lk9v6_alumni_data` (`alumni_id`, `graduation_year`, `fid`, `job`, `address`, `city`, `country`, `phone`, `gid`, `mobile`, `nationalnumber`, `department`, `division`, `with_honor`) VALUES (238518, 2002, '23', '', '', '', '', '', '', '', '', 'التربية الفنية ', '', '');
INSERT INTO `lk9v6_users` (`name`, `email`, `usertype`) VALUES ('مني أحمد عز الدين السيد ', '', 'الخريجين');
INSERT INTO `lk9v6_alumni_main` (`id`, `user_id`, `approved`) VALUES (238519, 238519, 1);
INSERT INTO `lk9v6_alumni_data` (`alumni_id`, `graduation_year`, `fid`, `job`, `address`, `city`, `country`, `phone`, `gid`, `mobile`, `nationalnumber`, `department`, `division`, `with_honor`) VALUES (238519, 2002, '23', '', '', '', '', '', '', '', '', 'التربية الفنية ', '', '');
INSERT INTO `lk9v6_users` (`name`, `email`, `usertype`) VALUES ('مني محمود زايد شبيب', '', 'الخريجين');
INSERT INTO `lk9v6_alumni_main` (`id`, `user_id`, `approved`) VALUES (238520, 238520, 1);
INSERT INTO `lk9v6_alumni_data` (`alumni_id`, `graduation_year`, `fid`, `job`, `address`, `city`, `country`, `phone`, `gid`, `mobile`, `nationalnumber`, `department`, `division`, `with_honor`) VALUES (238520, 2002, '23', '', '', '', '', '', '', '', '', 'التربية الفنية ', '', '');
INSERT INTO `lk9v6_users` (`name`, `email`, `usertype`) VALUES ('نانسي حسين عطية ', '', 'الخريجين');
INSERT INTO `lk9v6_alumni_main` (`id`, `user_id`, `approved`) VALUES (238521, 238521, 1);
INSERT INTO `lk9v6_alumni_data` (`alumni_id`, `graduation_year`, `fid`, `job`, `address`, `city`, `country`, `phone`, `gid`, `mobile`, `nationalnumber`, `department`, `division`, `with_honor`) VALUES (238521, 2002, '23', '', '', '', '', '', '', '', '', 'التربية الفنية ', '', '');
INSERT INTO `lk9v6_users` (`name`, `email`, `usertype`) VALUES ('نجوي أبو النجاة محمود', '', 'الخريجين');
INSERT INTO `lk9v6_alumni_main` (`id`, `user_id`, `approved`) VALUES (238522, 238522, 1);
INSERT INTO `lk9v6_alumni_data` (`alumni_id`, `graduation_year`, `fid`, `job`, `address`, `city`, `country`, `phone`, `gid`, `mobile`, `nationalnumber`, `department`, `division`, `with_honor`) VALUES (238522, 2002, '23', '', '', '', '', '', '', '', '', 'التربية الفنية ', '', '');
INSERT INTO `lk9v6_users` (`name`, `email`, `usertype`) VALUES ('نرمين كامل جيد سليمان ', '', 'الخريجين');
INSERT INTO `lk9v6_alumni_main` (`id`, `user_id`, `approved`) VALUES (238523, 238523, 1);
INSERT INTO `lk9v6_alumni_data` (`alumni_id`, `graduation_year`, `fid`, `job`, `address`, `city`, `country`, `phone`, `gid`, `mobile`, `nationalnumber`, `department`, `division`, `with_honor`) VALUES (238523, 2002, '23', '', '', '', '', '', '', '', '', 'التربية الفنية ', '', '');
INSERT INTO `lk9v6_users` (`name`, `email`, `usertype`) VALUES ('هبة عبد المنعم أبو العزم', '', 'الخريجين');
INSERT INTO `lk9v6_alumni_main` (`id`, `user_id`, `approved`) VALUES (238524, 238524, 1);
INSERT INTO `lk9v6_alumni_data` (`alumni_id`, `graduation_year`, `fid`, `job`, `address`, `city`, `country`, `phone`, `gid`, `mobile`, `nationalnumber`, `department`, `division`, `with_honor`) VALUES (238524, 2002, '23', '', '', '', '', '', '', '', '', 'التربية الفنية ', '', '');
INSERT INTO `lk9v6_users` (`name`, `email`, `usertype`) VALUES ('يارا حنفي محمود محمد', '', 'الخريجين');
INSERT INTO `lk9v6_alumni_main` (`id`, `user_id`, `approved`) VALUES (238525, 238525, 1);
INSERT INTO `lk9v6_alumni_data` (`alumni_id`, `graduation_year`, `fid`, `job`, `address`, `city`, `country`, `phone`, `gid`, `mobile`, `nationalnumber`, `department`, `division`, `with_honor`) VALUES (238525, 2002, '23', '', '', '', '', '', '', '', '', 'التربية الفنية ', '', '');
INSERT INTO `lk9v6_users` (`name`, `email`, `usertype`) VALUES ('يسر عبد المحسن محمد', '', 'الخريجين');
INSERT INTO `lk9v6_alumni_main` (`id`, `user_id`, `approved`) VALUES (238526, 238526, 1);
INSERT INTO `lk9v6_alumni_data` (`alumni_id`, `graduation_year`, `fid`, `job`, `address`, `city`, `country`, `phone`, `gid`, `mobile`, `nationalnumber`, `department`, `division`, `with_honor`) VALUES (238526, 2002, '23', '', '', '', '', '', '', '', '', 'التربية الفنية ', '', '');
INSERT INTO `lk9v6_users` (`name`, `email`, `usertype`) VALUES ('رانيا جابر أحمد عكاشة ', '', 'الخريجين');
INSERT INTO `lk9v6_alumni_main` (`id`, `user_id`, `approved`) VALUES (238527, 238527, 1);
INSERT INTO `lk9v6_alumni_data` (`alumni_id`, `graduation_year`, `fid`, `job`, `address`, `city`, `country`, `phone`, `gid`, `mobile`, `nationalnumber`, `department`, `division`, `with_honor`) VALUES (238527, 2002, '23', '', '', '', '', '', '', '', '', 'التربية الفنية ', '', '');
INSERT INTO `lk9v6_users` (`name`, `email`, `usertype`) VALUES ('رجوي ابراهيم عبد الرازق ', '', 'الخريجين');
INSERT INTO `lk9v6_alumni_main` (`id`, `user_id`, `approved`) VALUES (238528, 238528, 1);
INSERT INTO `lk9v6_alumni_data` (`alumni_id`, `graduation_year`, `fid`, `job`, `address`, `city`, `country`, `phone`, `gid`, `mobile`, `nationalnumber`, `department`, `division`, `with_honor`) VALUES (238528, 2002, '23', '', '', '', '', '', '', '', '', 'الأقتصاد المنزلي ', '', '');
INSERT INTO `lk9v6_users` (`name`, `email`, `usertype`) VALUES ('أسماء محمد ثابت طايع', '', 'الخريجين');
INSERT INTO `lk9v6_alumni_main` (`id`, `user_id`, `approved`) VALUES (238529, 238529, 1);
INSERT INTO `lk9v6_alumni_data` (`alumni_id`, `graduation_year`, `fid`, `job`, `address`, `city`, `country`, `phone`, `gid`, `mobile`, `nationalnumber`, `department`, `division`, `with_honor`) VALUES (238529, 2002, '23', '', '', '', '', '', '', '', '', 'الأقتصاد المنزلي ', '', '');
INSERT INTO `lk9v6_users` (`name`, `email`, `usertype`) VALUES ('أسماء مرسي السيد محمد', '', 'الخريجين');
INSERT INTO `lk9v6_alumni_main` (`id`, `user_id`, `approved`) VALUES (238530, 238530, 1);
INSERT INTO `lk9v6_alumni_data` (`alumni_id`, `graduation_year`, `fid`, `job`, `address`, `city`, `country`, `phone`, `gid`, `mobile`, `nationalnumber`, `department`, `division`, `with_honor`) VALUES (238530, 2002, '23', '', '', '', '', '', '', '', '', 'الأقتصاد المنزلي ', '', '');
INSERT INTO `lk9v6_users` (`name`, `email`, `usertype`) VALUES ('أماني شوقي حامد محمد', '', 'الخريجين');
INSERT INTO `lk9v6_alumni_main` (`id`, `user_id`, `approved`) VALUES (238531, 238531, 1);
INSERT INTO `lk9v6_alumni_data` (`alumni_id`, `graduation_year`, `fid`, `job`, `address`, `city`, `country`, `phone`, `gid`, `mobile`, `nationalnumber`, `department`, `division`, `with_honor`) VALUES (238531, 2002, '23', '', '', '', '', '', '', '', '', 'الأقتصاد المنزلي ', '', '');
INSERT INTO `lk9v6_users` (`name`, `email`, `usertype`) VALUES ('أماني محمد محمد فرغلي ', '', 'الخريجين');
INSERT INTO `lk9v6_alumni_main` (`id`, `user_id`, `approved`) VALUES (238532, 238532, 1);
INSERT INTO `lk9v6_alumni_data` (`alumni_id`, `graduation_year`, `fid`, `job`, `address`, `city`, `country`, `phone`, `gid`, `mobile`, `nationalnumber`, `department`, `division`, `with_honor`) VALUES (238532, 2002, '23', '', '', '', '', '', '', '', '', 'الأقتصاد المنزلي ', '', '');
INSERT INTO `lk9v6_users` (`name`, `email`, `usertype`) VALUES ('إيمان أحمد محمد سنارة ', '', 'الخريجين');
INSERT INTO `lk9v6_alumni_main` (`id`, `user_id`, `approved`) VALUES (238533, 238533, 1);
INSERT INTO `lk9v6_alumni_data` (`alumni_id`, `graduation_year`, `fid`, `job`, `address`, `city`, `country`, `phone`, `gid`, `mobile`, `nationalnumber`, `department`, `division`, `with_honor`) VALUES (238533, 2002, '23', '', '', '', '', '', '', '', '', 'الأقتصاد المنزلي ', '', '');
INSERT INTO `lk9v6_users` (`name`, `email`, `usertype`) VALUES ('ايمان علي عبد ربة دابي ', '', 'الخريجين');
INSERT INTO `lk9v6_alumni_main` (`id`, `user_id`, `approved`) VALUES (238534, 238534, 1);
INSERT INTO `lk9v6_alumni_data` (`alumni_id`, `graduation_year`, `fid`, `job`, `address`, `city`, `country`, `phone`, `gid`, `mobile`, `nationalnumber`, `department`, `division`, `with_honor`) VALUES (238534, 2002, '23', '', '', '', '', '', '', '', '', 'الأقتصاد المنزلي ', '', '');
INSERT INTO `lk9v6_users` (`name`, `email`, `usertype`) VALUES ('ايمان ممدوح محمد أحمد', '', 'الخريجين');
INSERT INTO `lk9v6_alumni_main` (`id`, `user_id`, `approved`) VALUES (238535, 238535, 1);
INSERT INTO `lk9v6_alumni_data` (`alumni_id`, `graduation_year`, `fid`, `job`, `address`, `city`, `country`, `phone`, `gid`, `mobile`, `nationalnumber`, `department`, `division`, `with_honor`) VALUES (238535, 2002, '23', '', '', '', '', '', '', '', '', 'الأقتصاد المنزلي ', '', '');
INSERT INTO `lk9v6_users` (`name`, `email`, `usertype`) VALUES ('رانيا حمدي أحمد عبد السميع', '', 'الخريجين');
INSERT INTO `lk9v6_alumni_main` (`id`, `user_id`, `approved`) VALUES (238536, 238536, 1);
INSERT INTO `lk9v6_alumni_data` (`alumni_id`, `graduation_year`, `fid`, `job`, `address`, `city`, `country`, `phone`, `gid`, `mobile`, `nationalnumber`, `department`, `division`, `with_honor`) VALUES (238536, 2002, '23', '', '', '', '', '', '', '', '', 'الأقتصاد المنزلي ', '', '');
INSERT INTO `lk9v6_users` (`name`, `email`, `usertype`) VALUES ('ريحاب أحمد عبد الموجود هاشم ', '', 'الخريجين');
INSERT INTO `lk9v6_alumni_main` (`id`, `user_id`, `approved`) VALUES (238537, 238537, 1);
INSERT INTO `lk9v6_alumni_data` (`alumni_id`, `graduation_year`, `fid`, `job`, `address`, `city`, `country`, `phone`, `gid`, `mobile`, `nationalnumber`, `department`, `division`, `with_honor`) VALUES (238537, 2002, '23', '', '', '', '', '', '', '', '', 'الأقتصاد المنزلي ', '', '');
INSERT INTO `lk9v6_users` (`name`, `email`, `usertype`) VALUES ('شرين أحمد زكي عبد العال ', '', 'الخريجين');
INSERT INTO `lk9v6_alumni_main` (`id`, `user_id`, `approved`) VALUES (238538, 238538, 1);
INSERT INTO `lk9v6_alumni_data` (`alumni_id`, `graduation_year`, `fid`, `job`, `address`, `city`, `country`, `phone`, `gid`, `mobile`, `nationalnumber`, `department`, `division`, `with_honor`) VALUES (238538, 2002, '23', '', '', '', '', '', '', '', '', 'الأقتصاد المنزلي ', '', '');
INSERT INTO `lk9v6_users` (`name`, `email`, `usertype`) VALUES ('شرين عبد الرحمن محمد', '', 'الخريجين');
INSERT INTO `lk9v6_alumni_main` (`id`, `user_id`, `approved`) VALUES (238539, 238539, 1);
INSERT INTO `lk9v6_alumni_data` (`alumni_id`, `graduation_year`, `fid`, `job`, `address`, `city`, `country`, `phone`, `gid`, `mobile`, `nationalnumber`, `department`, `division`, `with_honor`) VALUES (238539, 2002, '23', '', '', '', '', '', '', '', '', 'الأقتصاد المنزلي ', '', '');
INSERT INTO `lk9v6_users` (`name`, `email`, `usertype`) VALUES ('شيماء أحمد علي قطب النجار ', '', 'الخريجين');
INSERT INTO `lk9v6_alumni_main` (`id`, `user_id`, `approved`) VALUES (238540, 238540, 1);
INSERT INTO `lk9v6_alumni_data` (`alumni_id`, `graduation_year`, `fid`, `job`, `address`, `city`, `country`, `phone`, `gid`, `mobile`, `nationalnumber`, `department`, `division`, `with_honor`) VALUES (238540, 2002, '23', '', '', '', '', '', '', '', '', 'الأقتصاد المنزلي ', '', '');
INSERT INTO `lk9v6_users` (`name`, `email`, `usertype`) VALUES ('صابرين فتحي عبد الفتاح', '', 'الخريجين');
INSERT INTO `lk9v6_alumni_main` (`id`, `user_id`, `approved`) VALUES (238541, 238541, 1);
INSERT INTO `lk9v6_alumni_data` (`alumni_id`, `graduation_year`, `fid`, `job`, `address`, `city`, `country`, `phone`, `gid`, `mobile`, `nationalnumber`, `department`, `division`, `with_honor`) VALUES (238541, 2002, '23', '', '', '', '', '', '', '', '', 'الأقتصاد المنزلي ', '', '');
INSERT INTO `lk9v6_users` (`name`, `email`, `usertype`) VALUES ('نهي أمين أمين السمرا', '', 'الخريجين');
INSERT INTO `lk9v6_alumni_main` (`id`, `user_id`, `approved`) VALUES (238542, 238542, 1);
INSERT INTO `lk9v6_alumni_data` (`alumni_id`, `graduation_year`, `fid`, `job`, `address`, `city`, `country`, `phone`, `gid`, `mobile`, `nationalnumber`, `department`, `division`, `with_honor`) VALUES (238542, 2002, '23', '', '', '', '', '', '', '', '', 'الأقتصاد المنزلي ', '', '');
INSERT INTO `lk9v6_users` (`name`, `email`, `usertype`) VALUES ('هناء سرور قطب كراوية ', '', 'الخريجين');
INSERT INTO `lk9v6_alumni_main` (`id`, `user_id`, `approved`) VALUES (238543, 238543, 1);
INSERT INTO `lk9v6_alumni_data` (`alumni_id`, `graduation_year`, `fid`, `job`, `address`, `city`, `country`, `phone`, `gid`, `mobile`, `nationalnumber`, `department`, `division`, `with_honor`) VALUES (238543, 2002, '23', '', '', '', '', '', '', '', '', 'الأقتصاد المنزلي ', '', '');
INSERT INTO `lk9v6_users` (`name`, `email`, `usertype`) VALUES ('وفاء مصطفي عبد الحميد مرعي ', '', 'الخريجين');
INSERT INTO `lk9v6_alumni_main` (`id`, `user_id`, `approved`) VALUES (238544, 238544, 1);
INSERT INTO `lk9v6_alumni_data` (`alumni_id`, `graduation_year`, `fid`, `job`, `address`, `city`, `country`, `phone`, `gid`, `mobile`, `nationalnumber`, `department`, `division`, `with_honor`) VALUES (238544, 2002, '23', '', '', '', '', '', '', '', '', 'الأقتصاد المنزلي ', '', '');
INSERT INTO `lk9v6_users` (`name`, `email`, `usertype`) VALUES ('أماني محمد محسن مفتاح', '', 'الخريجين');
INSERT INTO `lk9v6_alumni_main` (`id`, `user_id`, `approved`) VALUES (238545, 238545, 1);
INSERT INTO `lk9v6_alumni_data` (`alumni_id`, `graduation_year`, `fid`, `job`, `address`, `city`, `country`, `phone`, `gid`, `mobile`, `nationalnumber`, `department`, `division`, `with_honor`) VALUES (238545, 2002, '23', '', '', '', '', '', '', '', '', 'الأقتصاد المنزلي ', '', '');
INSERT INTO `lk9v6_users` (`name`, `email`, `usertype`) VALUES ('أميرة محمد محروس عبد الفتاح', '', 'الخريجين');
INSERT INTO `lk9v6_alumni_main` (`id`, `user_id`, `approved`) VALUES (238546, 238546, 1);
INSERT INTO `lk9v6_alumni_data` (`alumni_id`, `graduation_year`, `fid`, `job`, `address`, `city`, `country`, `phone`, `gid`, `mobile`, `nationalnumber`, `department`, `division`, `with_honor`) VALUES (238546, 2002, '23', '', '', '', '', '', '', '', '', 'الأقتصاد المنزلي ', '', '');
INSERT INTO `lk9v6_users` (`name`, `email`, `usertype`) VALUES ('دعاء حسن ابراهيم حسن ', '', 'الخريجين');
INSERT INTO `lk9v6_alumni_main` (`id`, `user_id`, `approved`) VALUES (238547, 238547, 1);
INSERT INTO `lk9v6_alumni_data` (`alumni_id`, `graduation_year`, `fid`, `job`, `address`, `city`, `country`, `phone`, `gid`, `mobile`, `nationalnumber`, `department`, `division`, `with_honor`) VALUES (238547, 2002, '23', '', '', '', '', '', '', '', '', 'الأقتصاد المنزلي ', '', '');
INSERT INTO `lk9v6_users` (`name`, `email`, `usertype`) VALUES ('زينب السعيد محمد خليل ', '', 'الخريجين');
INSERT INTO `lk9v6_alumni_main` (`id`, `user_id`, `approved`) VALUES (238548, 238548, 1);
INSERT INTO `lk9v6_alumni_data` (`alumni_id`, `graduation_year`, `fid`, `job`, `address`, `city`, `country`, `phone`, `gid`, `mobile`, `nationalnumber`, `department`, `division`, `with_honor`) VALUES (238548, 2002, '23', '', '', '', '', '', '', '', '', 'الأقتصاد المنزلي ', '', '');
INSERT INTO `lk9v6_users` (`name`, `email`, `usertype`) VALUES ('شيرين مصطفي محمد مصطفي ', '', 'الخريجين');
INSERT INTO `lk9v6_alumni_main` (`id`, `user_id`, `approved`) VALUES (238549, 238549, 1);
INSERT INTO `lk9v6_alumni_data` (`alumni_id`, `graduation_year`, `fid`, `job`, `address`, `city`, `country`, `phone`, `gid`, `mobile`, `nationalnumber`, `department`, `division`, `with_honor`) VALUES (238549, 2002, '23', '', '', '', '', '', '', '', '', 'الأقتصاد المنزلي ', '', '');
INSERT INTO `lk9v6_users` (`name`, `email`, `usertype`) VALUES ('شيماء محمد سعد محمد', '', 'الخريجين');
INSERT INTO `lk9v6_alumni_main` (`id`, `user_id`, `approved`) VALUES (238550, 238550, 1);
INSERT INTO `lk9v6_alumni_data` (`alumni_id`, `graduation_year`, `fid`, `job`, `address`, `city`, `country`, `phone`, `gid`, `mobile`, `nationalnumber`, `department`, `division`, `with_honor`) VALUES (238550, 2002, '23', '', '', '', '', '', '', '', '', 'الأقتصاد المنزلي ', '', '');
INSERT INTO `lk9v6_users` (`name`, `email`, `usertype`) VALUES ('شيماء مصطفي كمال صابر ', '', 'الخريجين');
INSERT INTO `lk9v6_alumni_main` (`id`, `user_id`, `approved`) VALUES (238551, 238551, 1);
INSERT INTO `lk9v6_alumni_data` (`alumni_id`, `graduation_year`, `fid`, `job`, `address`, `city`, `country`, `phone`, `gid`, `mobile`, `nationalnumber`, `department`, `division`, `with_honor`) VALUES (238551, 2002, '23', '', '', '', '', '', '', '', '', 'الأقتصاد المنزلي ', '', '');
INSERT INTO `lk9v6_users` (`name`, `email`, `usertype`) VALUES ('فاطمة عبد الحميد عبد الحميد الجبالي ', '', 'الخريجين');
INSERT INTO `lk9v6_alumni_main` (`id`, `user_id`, `approved`) VALUES (238552, 238552, 1);
INSERT INTO `lk9v6_alumni_data` (`alumni_id`, `graduation_year`, `fid`, `job`, `address`, `city`, `country`, `phone`, `gid`, `mobile`, `nationalnumber`, `department`, `division`, `with_honor`) VALUES (238552, 2002, '23', '', '', '', '', '', '', '', '', 'الأقتصاد المنزلي ', '', '');
INSERT INTO `lk9v6_users` (`name`, `email`, `usertype`) VALUES ('فاطمة عبد الحي عبد العزيز عبد الحي', '', 'الخريجين');
INSERT INTO `lk9v6_alumni_main` (`id`, `user_id`, `approved`) VALUES (238553, 238553, 1);
INSERT INTO `lk9v6_alumni_data` (`alumni_id`, `graduation_year`, `fid`, `job`, `address`, `city`, `country`, `phone`, `gid`, `mobile`, `nationalnumber`, `department`, `division`, `with_honor`) VALUES (238553, 2002, '23', '', '', '', '', '', '', '', '', 'الأقتصاد المنزلي ', '', '');
INSERT INTO `lk9v6_users` (`name`, `email`, `usertype`) VALUES ('فاطمة عبد الفتاح حامد محمد', '', 'الخريجين');
INSERT INTO `lk9v6_alumni_main` (`id`, `user_id`, `approved`) VALUES (238554, 238554, 1);
INSERT INTO `lk9v6_alumni_data` (`alumni_id`, `graduation_year`, `fid`, `job`, `address`, `city`, `country`, `phone`, `gid`, `mobile`, `nationalnumber`, `department`, `division`, `with_honor`) VALUES (238554, 2002, '23', '', '', '', '', '', '', '', '', 'الأقتصاد المنزلي ', '', '');
INSERT INTO `lk9v6_users` (`name`, `email`, `usertype`) VALUES ('مديحة أنور أحمد حسين ', '', 'الخريجين');
INSERT INTO `lk9v6_alumni_main` (`id`, `user_id`, `approved`) VALUES (238555, 238555, 1);
INSERT INTO `lk9v6_alumni_data` (`alumni_id`, `graduation_year`, `fid`, `job`, `address`, `city`, `country`, `phone`, `gid`, `mobile`, `nationalnumber`, `department`, `division`, `with_honor`) VALUES (238555, 2002, '23', '', '', '', '', '', '', '', '', 'الأقتصاد المنزلي ', '', '');
INSERT INTO `lk9v6_users` (`name`, `email`, `usertype`) VALUES ('مروة أحمد اسماعيل موسي ', '', 'الخريجين');
INSERT INTO `lk9v6_alumni_main` (`id`, `user_id`, `approved`) VALUES (238556, 238556, 1);
INSERT INTO `lk9v6_alumni_data` (`alumni_id`, `graduation_year`, `fid`, `job`, `address`, `city`, `country`, `phone`, `gid`, `mobile`, `nationalnumber`, `department`, `division`, `with_honor`) VALUES (238556, 2002, '23', '', '', '', '', '', '', '', '', 'الأقتصاد المنزلي ', '', '');
INSERT INTO `lk9v6_users` (`name`, `email`, `usertype`) VALUES ('مروة السيد يوسف صالح', '', 'الخريجين');
INSERT INTO `lk9v6_alumni_main` (`id`, `user_id`, `approved`) VALUES (238557, 238557, 1);
INSERT INTO `lk9v6_alumni_data` (`alumni_id`, `graduation_year`, `fid`, `job`, `address`, `city`, `country`, `phone`, `gid`, `mobile`, `nationalnumber`, `department`, `division`, `with_honor`) VALUES (238557, 2002, '23', '', '', '', '', '', '', '', '', 'الأقتصاد المنزلي ', '', '');
INSERT INTO `lk9v6_users` (`name`, `email`, `usertype`) VALUES ('مروة عبد اللطيف السيد الزقم ', '', 'الخريجين');
INSERT INTO `lk9v6_alumni_main` (`id`, `user_id`, `approved`) VALUES (238558, 238558, 1);
INSERT INTO `lk9v6_alumni_data` (`alumni_id`, `graduation_year`, `fid`, `job`, `address`, `city`, `country`, `phone`, `gid`, `mobile`, `nationalnumber`, `department`, `division`, `with_honor`) VALUES (238558, 2002, '23', '', '', '', '', '', '', '', '', 'الأقتصاد المنزلي ', '', '');
INSERT INTO `lk9v6_users` (`name`, `email`, `usertype`) VALUES ('مريم مكيل اقلاديوس متي ', '', 'الخريجين');
INSERT INTO `lk9v6_alumni_main` (`id`, `user_id`, `approved`) VALUES (238559, 238559, 1);
INSERT INTO `lk9v6_alumni_data` (`alumni_id`, `graduation_year`, `fid`, `job`, `address`, `city`, `country`, `phone`, `gid`, `mobile`, `nationalnumber`, `department`, `division`, `with_honor`) VALUES (238559, 2002, '23', '', '', '', '', '', '', '', '', 'الأقتصاد المنزلي ', '', '');
INSERT INTO `lk9v6_users` (`name`, `email`, `usertype`) VALUES ('مني أحمد عبد الفتاح السيد', '', 'الخريجين');
INSERT INTO `lk9v6_alumni_main` (`id`, `user_id`, `approved`) VALUES (238560, 238560, 1);
INSERT INTO `lk9v6_alumni_data` (`alumni_id`, `graduation_year`, `fid`, `job`, `address`, `city`, `country`, `phone`, `gid`, `mobile`, `nationalnumber`, `department`, `division`, `with_honor`) VALUES (238560, 2002, '23', '', '', '', '', '', '', '', '', 'الأقتصاد المنزلي ', '', '');
INSERT INTO `lk9v6_users` (`name`, `email`, `usertype`) VALUES ('مني أخنوخ بطرس بخيت ', '', 'الخريجين');
INSERT INTO `lk9v6_alumni_main` (`id`, `user_id`, `approved`) VALUES (238561, 238561, 1);
INSERT INTO `lk9v6_alumni_data` (`alumni_id`, `graduation_year`, `fid`, `job`, `address`, `city`, `country`, `phone`, `gid`, `mobile`, `nationalnumber`, `department`, `division`, `with_honor`) VALUES (238561, 2002, '23', '', '', '', '', '', '', '', '', 'الأقتصاد المنزلي ', '', '');
INSERT INTO `lk9v6_users` (`name`, `email`, `usertype`) VALUES ('مني جابر زكي معوض ', '', 'الخريجين');
INSERT INTO `lk9v6_alumni_main` (`id`, `user_id`, `approved`) VALUES (238562, 238562, 1);
INSERT INTO `lk9v6_alumni_data` (`alumni_id`, `graduation_year`, `fid`, `job`, `address`, `city`, `country`, `phone`, `gid`, `mobile`, `nationalnumber`, `department`, `division`, `with_honor`) VALUES (238562, 2002, '23', '', '', '', '', '', '', '', '', 'الأقتصاد المنزلي ', '', '');
INSERT INTO `lk9v6_users` (`name`, `email`, `usertype`) VALUES ('مني فتح الله محمد عبد الكريم', '', 'الخريجين');
INSERT INTO `lk9v6_alumni_main` (`id`, `user_id`, `approved`) VALUES (238563, 238563, 1);
INSERT INTO `lk9v6_alumni_data` (`alumni_id`, `graduation_year`, `fid`, `job`, `address`, `city`, `country`, `phone`, `gid`, `mobile`, `nationalnumber`, `department`, `division`, `with_honor`) VALUES (238563, 2002, '23', '', '', '', '', '', '', '', '', 'الأقتصاد المنزلي ', '', '');
INSERT INTO `lk9v6_users` (`name`, `email`, `usertype`) VALUES ('نهال محمد نبيل عبد الحميد ', '', 'الخريجين');
INSERT INTO `lk9v6_alumni_main` (`id`, `user_id`, `approved`) VALUES (238564, 238564, 1);
INSERT INTO `lk9v6_alumni_data` (`alumni_id`, `graduation_year`, `fid`, `job`, `address`, `city`, `country`, `phone`, `gid`, `mobile`, `nationalnumber`, `department`, `division`, `with_honor`) VALUES (238564, 2002, '23', '', '', '', '', '', '', '', '', 'الأقتصاد المنزلي ', '', '');
INSERT INTO `lk9v6_users` (`name`, `email`, `usertype`) VALUES ('نورة سليمان سعيد عبد ربه ', '', 'الخريجين');
INSERT INTO `lk9v6_alumni_main` (`id`, `user_id`, `approved`) VALUES (238565, 238565, 1);
INSERT INTO `lk9v6_alumni_data` (`alumni_id`, `graduation_year`, `fid`, `job`, `address`, `city`, `country`, `phone`, `gid`, `mobile`, `nationalnumber`, `department`, `division`, `with_honor`) VALUES (238565, 2002, '23', '', '', '', '', '', '', '', '', 'الأقتصاد المنزلي ', '', '');
INSERT INTO `lk9v6_users` (`name`, `email`, `usertype`) VALUES ('هالة مفتاح عباس صالح', '', 'الخريجين');
INSERT INTO `lk9v6_alumni_main` (`id`, `user_id`, `approved`) VALUES (238566, 238566, 1);
INSERT INTO `lk9v6_alumni_data` (`alumni_id`, `graduation_year`, `fid`, `job`, `address`, `city`, `country`, `phone`, `gid`, `mobile`, `nationalnumber`, `department`, `division`, `with_honor`) VALUES (238566, 2002, '23', '', '', '', '', '', '', '', '', 'الأقتصاد المنزلي ', '', '');
INSERT INTO `lk9v6_users` (`name`, `email`, `usertype`) VALUES ('هبة السيد ابراهيم سيد', '', 'الخريجين');
INSERT INTO `lk9v6_alumni_main` (`id`, `user_id`, `approved`) VALUES (238567, 238567, 1);
INSERT INTO `lk9v6_alumni_data` (`alumni_id`, `graduation_year`, `fid`, `job`, `address`, `city`, `country`, `phone`, `gid`, `mobile`, `nationalnumber`, `department`, `division`, `with_honor`) VALUES (238567, 2002, '23', '', '', '', '', '', '', '', '', 'الأقتصاد المنزلي ', '', '');
INSERT INTO `lk9v6_users` (`name`, `email`, `usertype`) VALUES ('هبة محمد محمود سليمان ', '', 'الخريجين');
INSERT INTO `lk9v6_alumni_main` (`id`, `user_id`, `approved`) VALUES (238568, 238568, 1);
INSERT INTO `lk9v6_alumni_data` (`alumni_id`, `graduation_year`, `fid`, `job`, `address`, `city`, `country`, `phone`, `gid`, `mobile`, `nationalnumber`, `department`, `division`, `with_honor`) VALUES (238568, 2002, '23', '', '', '', '', '', '', '', '', 'الأقتصاد المنزلي ', '', '');
INSERT INTO `lk9v6_users` (`name`, `email`, `usertype`) VALUES ('هناء مختار أمين زويل ', '', 'الخريجين');
INSERT INTO `lk9v6_alumni_main` (`id`, `user_id`, `approved`) VALUES (238569, 238569, 1);
INSERT INTO `lk9v6_alumni_data` (`alumni_id`, `graduation_year`, `fid`, `job`, `address`, `city`, `country`, `phone`, `gid`, `mobile`, `nationalnumber`, `department`, `division`, `with_honor`) VALUES (238569, 2002, '23', '', '', '', '', '', '', '', '', 'الأقتصاد المنزلي ', '', '');
INSERT INTO `lk9v6_users` (`name`, `email`, `usertype`) VALUES ('ولاء عادل عبد الله محمد', '', 'الخريجين');
INSERT INTO `lk9v6_alumni_main` (`id`, `user_id`, `approved`) VALUES (238570, 238570, 1);
INSERT INTO `lk9v6_alumni_data` (`alumni_id`, `graduation_year`, `fid`, `job`, `address`, `city`, `country`, `phone`, `gid`, `mobile`, `nationalnumber`, `department`, `division`, `with_honor`) VALUES (238570, 2002, '23', '', '', '', '', '', '', '', '', 'الأقتصاد المنزلي ', '', '');
INSERT INTO `lk9v6_users` (`name`, `email`, `usertype`) VALUES ('شيرين أحمد جمعه أحمد', '', 'الخريجين');
INSERT INTO `lk9v6_alumni_main` (`id`, `user_id`, `approved`) VALUES (238571, 238571, 1);
INSERT INTO `lk9v6_alumni_data` (`alumni_id`, `graduation_year`, `fid`, `job`, `address`, `city`, `country`, `phone`, `gid`, `mobile`, `nationalnumber`, `department`, `division`, `with_honor`) VALUES (238571, 2002, '23', '', '', '', '', '', '', '', '', 'الأقتصاد المنزلي ', '', '');
INSERT INTO `lk9v6_users` (`name`, `email`, `usertype`) VALUES ('مها عبد الحميد محمود محمود', '', 'الخريجين');
INSERT INTO `lk9v6_alumni_main` (`id`, `user_id`, `approved`) VALUES (238572, 238572, 1);
INSERT INTO `lk9v6_alumni_data` (`alumni_id`, `graduation_year`, `fid`, `job`, `address`, `city`, `country`, `phone`, `gid`, `mobile`, `nationalnumber`, `department`, `division`, `with_honor`) VALUES (238572, 2002, '23', '', '', '', '', '', '', '', '', 'الأقتصاد المنزلي ', '', '');
INSERT INTO `lk9v6_users` (`name`, `email`, `usertype`) VALUES ('نهلة محمد حلمي محمد', '', 'الخريجين');
INSERT INTO `lk9v6_alumni_main` (`id`, `user_id`, `approved`) VALUES (238573, 238573, 1);
INSERT INTO `lk9v6_alumni_data` (`alumni_id`, `graduation_year`, `fid`, `job`, `address`, `city`, `country`, `phone`, `gid`, `mobile`, `nationalnumber`, `department`, `division`, `with_honor`) VALUES (238573, 2002, '23', '', '', '', '', '', '', '', '', 'الأقتصاد المنزلي ', '', '');
INSERT INTO `lk9v6_users` (`name`, `email`, `usertype`) VALUES ('مروة كاشف كامل القوسني ', '', 'الخريجين');
INSERT INTO `lk9v6_alumni_main` (`id`, `user_id`, `approved`) VALUES (238574, 238574, 1);
INSERT INTO `lk9v6_alumni_data` (`alumni_id`, `graduation_year`, `fid`, `job`, `address`, `city`, `country`, `phone`, `gid`, `mobile`, `nationalnumber`, `department`, `division`, `with_honor`) VALUES (238574, 2002, '23', '', '', '', '', '', '', '', '', 'الأقتصاد المنزلي ', '', '');
INSERT INTO `lk9v6_users` (`name`, `email`, `usertype`) VALUES ('ماري مرقس فهيم جلوعة ', '', 'الخريجين');
INSERT INTO `lk9v6_alumni_main` (`id`, `user_id`, `approved`) VALUES (238575, 238575, 1);
INSERT INTO `lk9v6_alumni_data` (`alumni_id`, `graduation_year`, `fid`, `job`, `address`, `city`, `country`, `phone`, `gid`, `mobile`, `nationalnumber`, `department`, `division`, `with_honor`) VALUES (238575, 2002, '23', '', '', '', '', '', '', '', '', 'الأقتصاد المنزلي ', '', '');
INSERT INTO `lk9v6_users` (`name`, `email`, `usertype`) VALUES ('ايمان محمد رمزي عبد الجواد', '', 'الخريجين');
INSERT INTO `lk9v6_alumni_main` (`id`, `user_id`, `approved`) VALUES (238576, 238576, 1);
INSERT INTO `lk9v6_alumni_data` (`alumni_id`, `graduation_year`, `fid`, `job`, `address`, `city`, `country`, `phone`, `gid`, `mobile`, `nationalnumber`, `department`, `division`, `with_honor`) VALUES (238576, 2002, '23', '', '', '', '', '', '', '', '', 'التربية الموسيقية ', '', '');
INSERT INTO `lk9v6_users` (`name`, `email`, `usertype`) VALUES ('آية فاروق سيد أحمد', '', 'الخريجين');
INSERT INTO `lk9v6_alumni_main` (`id`, `user_id`, `approved`) VALUES (238577, 238577, 1);
INSERT INTO `lk9v6_alumni_data` (`alumni_id`, `graduation_year`, `fid`, `job`, `address`, `city`, `country`, `phone`, `gid`, `mobile`, `nationalnumber`, `department`, `division`, `with_honor`) VALUES (238577, 2002, '23', '', '', '', '', '', '', '', '', 'التربية الموسيقية ', '', '');
INSERT INTO `lk9v6_users` (`name`, `email`, `usertype`) VALUES ('دعاء أحمد خميس محمد كريم ', '', 'الخريجين');
INSERT INTO `lk9v6_alumni_main` (`id`, `user_id`, `approved`) VALUES (238578, 238578, 1);
INSERT INTO `lk9v6_alumni_data` (`alumni_id`, `graduation_year`, `fid`, `job`, `address`, `city`, `country`, `phone`, `gid`, `mobile`, `nationalnumber`, `department`, `division`, `with_honor`) VALUES (238578, 2002, '23', '', '', '', '', '', '', '', '', 'التربية الموسيقية ', '', '');
INSERT INTO `lk9v6_users` (`name`, `email`, `usertype`) VALUES ('دميانة وديع كامل قليني ', '', 'الخريجين');
INSERT INTO `lk9v6_alumni_main` (`id`, `user_id`, `approved`) VALUES (238579, 238579, 1);
INSERT INTO `lk9v6_alumni_data` (`alumni_id`, `graduation_year`, `fid`, `job`, `address`, `city`, `country`, `phone`, `gid`, `mobile`, `nationalnumber`, `department`, `division`, `with_honor`) VALUES (238579, 2002, '23', '', '', '', '', '', '', '', '', 'التربية الموسيقية ', '', '');
INSERT INTO `lk9v6_users` (`name`, `email`, `usertype`) VALUES ('دينا محمد المنتصر محمد درويش ', '', 'الخريجين');
INSERT INTO `lk9v6_alumni_main` (`id`, `user_id`, `approved`) VALUES (238580, 238580, 1);
INSERT INTO `lk9v6_alumni_data` (`alumni_id`, `graduation_year`, `fid`, `job`, `address`, `city`, `country`, `phone`, `gid`, `mobile`, `nationalnumber`, `department`, `division`, `with_honor`) VALUES (238580, 2002, '23', '', '', '', '', '', '', '', '', 'التربية الموسيقية ', '', '');
INSERT INTO `lk9v6_users` (`name`, `email`, `usertype`) VALUES ('مايسة حامد محمد رضوان ', '', 'الخريجين');
INSERT INTO `lk9v6_alumni_main` (`id`, `user_id`, `approved`) VALUES (238581, 238581, 1);
INSERT INTO `lk9v6_alumni_data` (`alumni_id`, `graduation_year`, `fid`, `job`, `address`, `city`, `country`, `phone`, `gid`, `mobile`, `nationalnumber`, `department`, `division`, `with_honor`) VALUES (238581, 2002, '23', '', '', '', '', '', '', '', '', 'التربية الموسيقية ', '', '');
INSERT INTO `lk9v6_users` (`name`, `email`, `usertype`) VALUES ('نشوي ابراهيم محمد محمد', '', 'الخريجين');
INSERT INTO `lk9v6_alumni_main` (`id`, `user_id`, `approved`) VALUES (238582, 238582, 1);
INSERT INTO `lk9v6_alumni_data` (`alumni_id`, `graduation_year`, `fid`, `job`, `address`, `city`, `country`, `phone`, `gid`, `mobile`, `nationalnumber`, `department`, `division`, `with_honor`) VALUES (238582, 2002, '23', '', '', '', '', '', '', '', '', 'التربية الموسيقية ', '', '');
INSERT INTO `lk9v6_users` (`name`, `email`, `usertype`) VALUES ('نهلة علي أحمد عبد المجيد', '', 'الخريجين');
INSERT INTO `lk9v6_alumni_main` (`id`, `user_id`, `approved`) VALUES (238583, 238583, 1);
INSERT INTO `lk9v6_alumni_data` (`alumni_id`, `graduation_year`, `fid`, `job`, `address`, `city`, `country`, `phone`, `gid`, `mobile`, `nationalnumber`, `department`, `division`, `with_honor`) VALUES (238583, 2002, '23', '', '', '', '', '', '', '', '', 'التربية الموسيقية ', '', '');
INSERT INTO `lk9v6_users` (`name`, `email`, `usertype`) VALUES ('أماني وسف اسماعيل ', '', 'الخريجين');
INSERT INTO `lk9v6_alumni_main` (`id`, `user_id`, `approved`) VALUES (238584, 238584, 1);
INSERT INTO `lk9v6_alumni_data` (`alumni_id`, `graduation_year`, `fid`, `job`, `address`, `city`, `country`, `phone`, `gid`, `mobile`, `nationalnumber`, `department`, `division`, `with_honor`) VALUES (238584, 2002, '23', '', '', '', '', '', '', '', '', 'التربية الموسيقية ', '', '');
INSERT INTO `lk9v6_users` (`name`, `email`, `usertype`) VALUES ('أمل أحمد صلاح الدين حسين ', '', 'الخريجين');
INSERT INTO `lk9v6_alumni_main` (`id`, `user_id`, `approved`) VALUES (238585, 238585, 1);
INSERT INTO `lk9v6_alumni_data` (`alumni_id`, `graduation_year`, `fid`, `job`, `address`, `city`, `country`, `phone`, `gid`, `mobile`, `nationalnumber`, `department`, `division`, `with_honor`) VALUES (238585, 2002, '23', '', '', '', '', '', '', '', '', 'التربية الموسيقية ', '', '');
INSERT INTO `lk9v6_users` (`name`, `email`, `usertype`) VALUES ('ايمان أحمد فتحي أحمد', '', 'الخريجين');
INSERT INTO `lk9v6_alumni_main` (`id`, `user_id`, `approved`) VALUES (238586, 238586, 1);
INSERT INTO `lk9v6_alumni_data` (`alumni_id`, `graduation_year`, `fid`, `job`, `address`, `city`, `country`, `phone`, `gid`, `mobile`, `nationalnumber`, `department`, `division`, `with_honor`) VALUES (238586, 2002, '23', '', '', '', '', '', '', '', '', 'التربية الموسيقية ', '', '');
INSERT INTO `lk9v6_users` (`name`, `email`, `usertype`) VALUES ('ايمان محمد علي عبد المقصود', '', 'الخريجين');
INSERT INTO `lk9v6_alumni_main` (`id`, `user_id`, `approved`) VALUES (238587, 238587, 1);
INSERT INTO `lk9v6_alumni_data` (`alumni_id`, `graduation_year`, `fid`, `job`, `address`, `city`, `country`, `phone`, `gid`, `mobile`, `nationalnumber`, `department`, `division`, `with_honor`) VALUES (238587, 2002, '23', '', '', '', '', '', '', '', '', 'التربية الموسيقية ', '', '');
INSERT INTO `lk9v6_users` (`name`, `email`, `usertype`) VALUES ('خالد محمد حسن حسنين', '', 'الخريجين');
INSERT INTO `lk9v6_alumni_main` (`id`, `user_id`, `approved`) VALUES (238588, 238588, 1);
INSERT INTO `lk9v6_alumni_data` (`alumni_id`, `graduation_year`, `fid`, `job`, `address`, `city`, `country`, `phone`, `gid`, `mobile`, `nationalnumber`, `department`, `division`, `with_honor`) VALUES (238588, 2002, '23', '', '', '', '', '', '', '', '', 'التربية الموسيقية ', '', '');
INSERT INTO `lk9v6_users` (`name`, `email`, `usertype`) VALUES ('داليا أحمد عبد العال عبد الرحمن ', '', 'الخريجين');
INSERT INTO `lk9v6_alumni_main` (`id`, `user_id`, `approved`) VALUES (238589, 238589, 1);
INSERT INTO `lk9v6_alumni_data` (`alumni_id`, `graduation_year`, `fid`, `job`, `address`, `city`, `country`, `phone`, `gid`, `mobile`, `nationalnumber`, `department`, `division`, `with_honor`) VALUES (238589, 2002, '23', '', '', '', '', '', '', '', '', 'التربية الموسيقية ', '', '');
INSERT INTO `lk9v6_users` (`name`, `email`, `usertype`) VALUES ('ريهام محمد عبد المنعم محمد', '', 'الخريجين');
INSERT INTO `lk9v6_alumni_main` (`id`, `user_id`, `approved`) VALUES (238590, 238590, 1);
INSERT INTO `lk9v6_alumni_data` (`alumni_id`, `graduation_year`, `fid`, `job`, `address`, `city`, `country`, `phone`, `gid`, `mobile`, `nationalnumber`, `department`, `division`, `with_honor`) VALUES (238590, 2002, '23', '', '', '', '', '', '', '', '', 'التربية الموسيقية ', '', '');
INSERT INTO `lk9v6_users` (`name`, `email`, `usertype`) VALUES ('سوسن عبد المنعم حسن زهير ', '', 'الخريجين');
INSERT INTO `lk9v6_alumni_main` (`id`, `user_id`, `approved`) VALUES (238591, 238591, 1);
INSERT INTO `lk9v6_alumni_data` (`alumni_id`, `graduation_year`, `fid`, `job`, `address`, `city`, `country`, `phone`, `gid`, `mobile`, `nationalnumber`, `department`, `division`, `with_honor`) VALUES (238591, 2002, '23', '', '', '', '', '', '', '', '', 'التربية الموسيقية ', '', '');
INSERT INTO `lk9v6_users` (`name`, `email`, `usertype`) VALUES ('شادية محمد وهبي مصطفي ', '', 'الخريجين');
INSERT INTO `lk9v6_alumni_main` (`id`, `user_id`, `approved`) VALUES (238592, 238592, 1);
INSERT INTO `lk9v6_alumni_data` (`alumni_id`, `graduation_year`, `fid`, `job`, `address`, `city`, `country`, `phone`, `gid`, `mobile`, `nationalnumber`, `department`, `division`, `with_honor`) VALUES (238592, 2002, '23', '', '', '', '', '', '', '', '', 'التربية الموسيقية ', '', '');
INSERT INTO `lk9v6_users` (`name`, `email`, `usertype`) VALUES ('شرين عبد الجواد السعيد', '', 'الخريجين');
INSERT INTO `lk9v6_alumni_main` (`id`, `user_id`, `approved`) VALUES (238593, 238593, 1);
INSERT INTO `lk9v6_alumni_data` (`alumni_id`, `graduation_year`, `fid`, `job`, `address`, `city`, `country`, `phone`, `gid`, `mobile`, `nationalnumber`, `department`, `division`, `with_honor`) VALUES (238593, 2002, '23', '', '', '', '', '', '', '', '', 'التربية الموسيقية ', '', '');
INSERT INTO `lk9v6_users` (`name`, `email`, `usertype`) VALUES ('مارلين فهمي ابراهيم عيسي', '', 'الخريجين');
INSERT INTO `lk9v6_alumni_main` (`id`, `user_id`, `approved`) VALUES (238594, 238594, 1);
INSERT INTO `lk9v6_alumni_data` (`alumni_id`, `graduation_year`, `fid`, `job`, `address`, `city`, `country`, `phone`, `gid`, `mobile`, `nationalnumber`, `department`, `division`, `with_honor`) VALUES (238594, 2002, '23', '', '', '', '', '', '', '', '', 'التربية الموسيقية ', '', '');
INSERT INTO `lk9v6_users` (`name`, `email`, `usertype`) VALUES ('محمد صلاح الدين ابراهيم خليل ', '', 'الخريجين');
INSERT INTO `lk9v6_alumni_main` (`id`, `user_id`, `approved`) VALUES (238595, 238595, 1);
INSERT INTO `lk9v6_alumni_data` (`alumni_id`, `graduation_year`, `fid`, `job`, `address`, `city`, `country`, `phone`, `gid`, `mobile`, `nationalnumber`, `department`, `division`, `with_honor`) VALUES (238595, 2002, '23', '', '', '', '', '', '', '', '', 'التربية الموسيقية ', '', '');
INSERT INTO `lk9v6_users` (`name`, `email`, `usertype`) VALUES ('مي أحمد محمد البري ', '', 'الخريجين');
INSERT INTO `lk9v6_alumni_main` (`id`, `user_id`, `approved`) VALUES (238596, 238596, 1);
INSERT INTO `lk9v6_alumni_data` (`alumni_id`, `graduation_year`, `fid`, `job`, `address`, `city`, `country`, `phone`, `gid`, `mobile`, `nationalnumber`, `department`, `division`, `with_honor`) VALUES (238596, 2002, '23', '', '', '', '', '', '', '', '', 'التربية الموسيقية ', '', '');
INSERT INTO `lk9v6_users` (`name`, `email`, `usertype`) VALUES ('مي السيد عبد الغفور ', '', 'الخريجين');
INSERT INTO `lk9v6_alumni_main` (`id`, `user_id`, `approved`) VALUES (238597, 238597, 1);
INSERT INTO `lk9v6_alumni_data` (`alumni_id`, `graduation_year`, `fid`, `job`, `address`, `city`, `country`, `phone`, `gid`, `mobile`, `nationalnumber`, `department`, `division`, `with_honor`) VALUES (238597, 2002, '23', '', '', '', '', '', '', '', '', 'التربية الموسيقية ', '', '');
INSERT INTO `lk9v6_users` (`name`, `email`, `usertype`) VALUES ('مي يوسف يوسف الأمام', '', 'الخريجين');
INSERT INTO `lk9v6_alumni_main` (`id`, `user_id`, `approved`) VALUES (238598, 238598, 1);
INSERT INTO `lk9v6_alumni_data` (`alumni_id`, `graduation_year`, `fid`, `job`, `address`, `city`, `country`, `phone`, `gid`, `mobile`, `nationalnumber`, `department`, `division`, `with_honor`) VALUES (238598, 2002, '23', '', '', '', '', '', '', '', '', 'التربية الموسيقية ', '', '');
INSERT INTO `lk9v6_users` (`name`, `email`, `usertype`) VALUES ('هدي عبد الحميد علي عبد الحميد ', '', 'الخريجين');
INSERT INTO `lk9v6_alumni_main` (`id`, `user_id`, `approved`) VALUES (238599, 238599, 1);
INSERT INTO `lk9v6_alumni_data` (`alumni_id`, `graduation_year`, `fid`, `job`, `address`, `city`, `country`, `phone`, `gid`, `mobile`, `nationalnumber`, `department`, `division`, `with_honor`) VALUES (238599, 2002, '23', '', '', '', '', '', '', '', '', 'التربية الموسيقية ', '', '');
INSERT INTO `lk9v6_users` (`name`, `email`, `usertype`) VALUES ('اسلام سمير طه أحمد', '', 'الخريجين');
INSERT INTO `lk9v6_alumni_main` (`id`, `user_id`, `approved`) VALUES (238600, 238600, 1);
INSERT INTO `lk9v6_alumni_data` (`alumni_id`, `graduation_year`, `fid`, `job`, `address`, `city`, `country`, `phone`, `gid`, `mobile`, `nationalnumber`, `department`, `division`, `with_honor`) VALUES (238600, 2002, '23', '', '', '', '', '', '', '', '', 'التربية الموسيقية ', '', '');
INSERT INTO `lk9v6_users` (`name`, `email`, `usertype`) VALUES ('ايمان علي محمد ابراهيم ', '', 'الخريجين');
INSERT INTO `lk9v6_alumni_main` (`id`, `user_id`, `approved`) VALUES (238601, 238601, 1);
INSERT INTO `lk9v6_alumni_data` (`alumni_id`, `graduation_year`, `fid`, `job`, `address`, `city`, `country`, `phone`, `gid`, `mobile`, `nationalnumber`, `department`, `division`, `with_honor`) VALUES (238601, 2002, '23', '', '', '', '', '', '', '', '', 'التربية الموسيقية ', '', '');
INSERT INTO `lk9v6_users` (`name`, `email`, `usertype`) VALUES ('سالي أحمد ابراهيم سيد ', '', 'الخريجين');
INSERT INTO `lk9v6_alumni_main` (`id`, `user_id`, `approved`) VALUES (238602, 238602, 1);
INSERT INTO `lk9v6_alumni_data` (`alumni_id`, `graduation_year`, `fid`, `job`, `address`, `city`, `country`, `phone`, `gid`, `mobile`, `nationalnumber`, `department`, `division`, `with_honor`) VALUES (238602, 2002, '23', '', '', '', '', '', '', '', '', 'التربية الموسيقية ', '', '');
INSERT INTO `lk9v6_users` (`name`, `email`, `usertype`) VALUES ('أحمد فتحي جمال الدين بيومي ', '', 'الخريجين');
INSERT INTO `lk9v6_alumni_main` (`id`, `user_id`, `approved`) VALUES (238603, 238603, 1);
INSERT INTO `lk9v6_alumni_data` (`alumni_id`, `graduation_year`, `fid`, `job`, `address`, `city`, `country`, `phone`, `gid`, `mobile`, `nationalnumber`, `department`, `division`, `with_honor`) VALUES (238603, 2002, '23', '', '', '', '', '', '', '', '', 'التربية الموسيقية ', '', '');
INSERT INTO `lk9v6_users` (`name`, `email`, `usertype`) VALUES ('رشا عادل ابراهيم سليمان ', '', 'الخريجين');
INSERT INTO `lk9v6_alumni_main` (`id`, `user_id`, `approved`) VALUES (238604, 238604, 1);
INSERT INTO `lk9v6_alumni_data` (`alumni_id`, `graduation_year`, `fid`, `job`, `address`, `city`, `country`, `phone`, `gid`, `mobile`, `nationalnumber`, `department`, `division`, `with_honor`) VALUES (238604, 2002, '23', '', '', '', '', '', '', '', '', 'التربية الموسيقية ', '', '');
INSERT INTO `lk9v6_users` (`name`, `email`, `usertype`) VALUES ('ريهام محمود عبد الررؤوف بيومي ', '', 'الخريجين');
INSERT INTO `lk9v6_alumni_main` (`id`, `user_id`, `approved`) VALUES (238605, 238605, 1);
INSERT INTO `lk9v6_alumni_data` (`alumni_id`, `graduation_year`, `fid`, `job`, `address`, `city`, `country`, `phone`, `gid`, `mobile`, `nationalnumber`, `department`, `division`, `with_honor`) VALUES (238605, 2002, '23', '', '', '', '', '', '', '', '', 'التربية الموسيقية ', '', '');
INSERT INTO `lk9v6_users` (`name`, `email`, `usertype`) VALUES ('ماريان حليم مشرقي حنا ', '', 'الخريجين');
INSERT INTO `lk9v6_alumni_main` (`id`, `user_id`, `approved`) VALUES (238606, 238606, 1);
INSERT INTO `lk9v6_alumni_data` (`alumni_id`, `graduation_year`, `fid`, `job`, `address`, `city`, `country`, `phone`, `gid`, `mobile`, `nationalnumber`, `department`, `division`, `with_honor`) VALUES (238606, 2002, '23', '', '', '', '', '', '', '', '', 'التربية الموسيقية ', '', '');
INSERT INTO `lk9v6_users` (`name`, `email`, `usertype`) VALUES ('مني محمد أحمد محمد سليم ', '', 'الخريجين');
INSERT INTO `lk9v6_alumni_main` (`id`, `user_id`, `approved`) VALUES (238607, 238607, 1);
INSERT INTO `lk9v6_alumni_data` (`alumni_id`, `graduation_year`, `fid`, `job`, `address`, `city`, `country`, `phone`, `gid`, `mobile`, `nationalnumber`, `department`, `division`, `with_honor`) VALUES (238607, 2002, '23', '', '', '', '', '', '', '', '', 'التربية الموسيقية ', '', '');
INSERT INTO `lk9v6_users` (`name`, `email`, `usertype`) VALUES ('نهي عوض رشاد حسين القفاص ', '', 'الخريجين');
INSERT INTO `lk9v6_alumni_main` (`id`, `user_id`, `approved`) VALUES (238608, 238608, 1);
INSERT INTO `lk9v6_alumni_data` (`alumni_id`, `graduation_year`, `fid`, `job`, `address`, `city`, `country`, `phone`, `gid`, `mobile`, `nationalnumber`, `department`, `division`, `with_honor`) VALUES (238608, 2002, '23', '', '', '', '', '', '', '', '', 'التربية الموسيقية ', '', '');
INSERT INTO `lk9v6_users` (`name`, `email`, `usertype`) VALUES ('راندا محمد محمد حسين نصار ', '', 'الخريجين');
INSERT INTO `lk9v6_alumni_main` (`id`, `user_id`, `approved`) VALUES (238609, 238609, 1);
INSERT INTO `lk9v6_alumni_data` (`alumni_id`, `graduation_year`, `fid`, `job`, `address`, `city`, `country`, `phone`, `gid`, `mobile`, `nationalnumber`, `department`, `division`, `with_honor`) VALUES (238609, 2002, '23', '', '', '', '', '', '', '', '', 'التربية الموسيقية ', '', '');
INSERT INTO `lk9v6_users` (`name`, `email`, `usertype`) VALUES ('رشا محمد صفاء الدين صبحي ', '', 'الخريجين');
INSERT INTO `lk9v6_alumni_main` (`id`, `user_id`, `approved`) VALUES (238610, 238610, 1);
INSERT INTO `lk9v6_alumni_data` (`alumni_id`, `graduation_year`, `fid`, `job`, `address`, `city`, `country`, `phone`, `gid`, `mobile`, `nationalnumber`, `department`, `division`, `with_honor`) VALUES (238610, 2002, '23', '', '', '', '', '', '', '', '', 'التربية الموسيقية ', '', '');
INSERT INTO `lk9v6_users` (`name`, `email`, `usertype`) VALUES ('سالي فاروق صديق محمد', '', 'الخريجين');
INSERT INTO `lk9v6_alumni_main` (`id`, `user_id`, `approved`) VALUES (238611, 238611, 1);
INSERT INTO `lk9v6_alumni_data` (`alumni_id`, `graduation_year`, `fid`, `job`, `address`, `city`, `country`, `phone`, `gid`, `mobile`, `nationalnumber`, `department`, `division`, `with_honor`) VALUES (238611, 2002, '23', '', '', '', '', '', '', '', '', 'التربية الموسيقية ', '', '');
INSERT INTO `lk9v6_users` (`name`, `email`, `usertype`) VALUES ('مروة أحمد محمد أحمد عبد اللطيف ', '', 'الخريجين');
INSERT INTO `lk9v6_alumni_main` (`id`, `user_id`, `approved`) VALUES (238612, 238612, 1);
INSERT INTO `lk9v6_alumni_data` (`alumni_id`, `graduation_year`, `fid`, `job`, `address`, `city`, `country`, `phone`, `gid`, `mobile`, `nationalnumber`, `department`, `division`, `with_honor`) VALUES (238612, 2002, '23', '', '', '', '', '', '', '', '', 'التربية الموسيقية ', '', '');
INSERT INTO `lk9v6_users` (`name`, `email`, `usertype`) VALUES ('مني السيد حسن عبد العال ', '', 'الخريجين');
INSERT INTO `lk9v6_alumni_main` (`id`, `user_id`, `approved`) VALUES (238613, 238613, 1);
INSERT INTO `lk9v6_alumni_data` (`alumni_id`, `graduation_year`, `fid`, `job`, `address`, `city`, `country`, `phone`, `gid`, `mobile`, `nationalnumber`, `department`, `division`, `with_honor`) VALUES (238613, 2002, '23', '', '', '', '', '', '', '', '', 'التربية الموسيقية ', '', '');
INSERT INTO `lk9v6_users` (`name`, `email`, `usertype`) VALUES ('نهاد علي عبد اللطيف خطاب ', '', 'الخريجين');
INSERT INTO `lk9v6_alumni_main` (`id`, `user_id`, `approved`) VALUES (238614, 238614, 1);
INSERT INTO `lk9v6_alumni_data` (`alumni_id`, `graduation_year`, `fid`, `job`, `address`, `city`, `country`, `phone`, `gid`, `mobile`, `nationalnumber`, `department`, `division`, `with_honor`) VALUES (238614, 2002, '23', '', '', '', '', '', '', '', '', 'التربية الموسيقية ', '', '');
INSERT INTO `lk9v6_users` (`name`, `email`, `usertype`) VALUES ('نهي شوكت محمد معيطي ', '', 'الخريجين');
INSERT INTO `lk9v6_alumni_main` (`id`, `user_id`, `approved`) VALUES (238615, 238615, 1);
INSERT INTO `lk9v6_alumni_data` (`alumni_id`, `graduation_year`, `fid`, `job`, `address`, `city`, `country`, `phone`, `gid`, `mobile`, `nationalnumber`, `department`, `division`, `with_honor`) VALUES (238615, 2002, '23', '', '', '', '', '', '', '', '', 'التربية الموسيقية ', '', '');
INSERT INTO `lk9v6_users` (`name`, `email`, `usertype`) VALUES ('نهي محمد سيف الدين فهمي ', '', 'الخريجين');
INSERT INTO `lk9v6_alumni_main` (`id`, `user_id`, `approved`) VALUES (238616, 238616, 1);
INSERT INTO `lk9v6_alumni_data` (`alumni_id`, `graduation_year`, `fid`, `job`, `address`, `city`, `country`, `phone`, `gid`, `mobile`, `nationalnumber`, `department`, `division`, `with_honor`) VALUES (238616, 2002, '23', '', '', '', '', '', '', '', '', 'التربية الموسيقية ', '', '');
INSERT INTO `lk9v6_users` (`name`, `email`, `usertype`) VALUES ('مروة محمد عبد العزيز عمر ', '', 'الخريجين');
INSERT INTO `lk9v6_alumni_main` (`id`, `user_id`, `approved`) VALUES (238617, 238617, 1);
INSERT INTO `lk9v6_alumni_data` (`alumni_id`, `graduation_year`, `fid`, `job`, `address`, `city`, `country`, `phone`, `gid`, `mobile`, `nationalnumber`, `department`, `division`, `with_honor`) VALUES (238617, 2002, '23', '', '', '', '', '', '', '', '', 'التربية الموسيقية ', '', '');
INSERT INTO `lk9v6_users` (`name`, `email`, `usertype`) VALUES ('أمل محمد السيد محمود الشرقاوي ', '', 'الخريجين');
INSERT INTO `lk9v6_alumni_main` (`id`, `user_id`, `approved`) VALUES (238618, 238618, 1);
INSERT INTO `lk9v6_alumni_data` (`alumni_id`, `graduation_year`, `fid`, `job`, `address`, `city`, `country`, `phone`, `gid`, `mobile`, `nationalnumber`, `department`, `division`, `with_honor`) VALUES (238618, 2002, '23', '', '', '', '', '', '', '', '', 'التربية الموسيقية ', '', '');
INSERT INTO `lk9v6_users` (`name`, `email`, `usertype`) VALUES ('أميرة أحمد جمعة أحمد', '', 'الخريجين');
INSERT INTO `lk9v6_alumni_main` (`id`, `user_id`, `approved`) VALUES (238619, 238619, 1);
INSERT INTO `lk9v6_alumni_data` (`alumni_id`, `graduation_year`, `fid`, `job`, `address`, `city`, `country`, `phone`, `gid`, `mobile`, `nationalnumber`, `department`, `division`, `with_honor`) VALUES (238619, 2002, '23', '', '', '', '', '', '', '', '', 'التربية الموسيقية ', '', '');
INSERT INTO `lk9v6_users` (`name`, `email`, `usertype`) VALUES ('سامح السيد محمد نصار ', '', 'الخريجين');
INSERT INTO `lk9v6_alumni_main` (`id`, `user_id`, `approved`) VALUES (238620, 238620, 1);
INSERT INTO `lk9v6_alumni_data` (`alumni_id`, `graduation_year`, `fid`, `job`, `address`, `city`, `country`, `phone`, `gid`, `mobile`, `nationalnumber`, `department`, `division`, `with_honor`) VALUES (238620, 2002, '23', '', '', '', '', '', '', '', '', 'تكنولوجيا التعليم ', '', '');
INSERT INTO `lk9v6_users` (`name`, `email`, `usertype`) VALUES ('عاطف مسعد عبد الجواد أحمد', '', 'الخريجين');
INSERT INTO `lk9v6_alumni_main` (`id`, `user_id`, `approved`) VALUES (238621, 238621, 1);
INSERT INTO `lk9v6_alumni_data` (`alumni_id`, `graduation_year`, `fid`, `job`, `address`, `city`, `country`, `phone`, `gid`, `mobile`, `nationalnumber`, `department`, `division`, `with_honor`) VALUES (238621, 2002, '23', '', '', '', '', '', '', '', '', 'تكنولوجيا التعليم ', '', '');
INSERT INTO `lk9v6_users` (`name`, `email`, `usertype`) VALUES ('محمد حسن رجب خلاف ', '', 'الخريجين');
INSERT INTO `lk9v6_alumni_main` (`id`, `user_id`, `approved`) VALUES (238622, 238622, 1);
INSERT INTO `lk9v6_alumni_data` (`alumni_id`, `graduation_year`, `fid`, `job`, `address`, `city`, `country`, `phone`, `gid`, `mobile`, `nationalnumber`, `department`, `division`, `with_honor`) VALUES (238622, 2002, '23', '', '', '', '', '', '', '', '', 'تكنولوجيا التعليم ', '', '');
INSERT INTO `lk9v6_users` (`name`, `email`, `usertype`) VALUES ('أحمد فاروق محمد أمين ', '', 'الخريجين');
INSERT INTO `lk9v6_alumni_main` (`id`, `user_id`, `approved`) VALUES (238623, 238623, 1);
INSERT INTO `lk9v6_alumni_data` (`alumni_id`, `graduation_year`, `fid`, `job`, `address`, `city`, `country`, `phone`, `gid`, `mobile`, `nationalnumber`, `department`, `division`, `with_honor`) VALUES (238623, 2002, '23', '', '', '', '', '', '', '', '', 'تكنولوجيا التعليم ', '', '');
INSERT INTO `lk9v6_users` (`name`, `email`, `usertype`) VALUES ('أحمد فوزي أحمد عبد الله', '', 'الخريجين');
INSERT INTO `lk9v6_alumni_main` (`id`, `user_id`, `approved`) VALUES (238624, 238624, 1);
INSERT INTO `lk9v6_alumni_data` (`alumni_id`, `graduation_year`, `fid`, `job`, `address`, `city`, `country`, `phone`, `gid`, `mobile`, `nationalnumber`, `department`, `division`, `with_honor`) VALUES (238624, 2002, '23', '', '', '', '', '', '', '', '', 'تكنولوجيا التعليم ', '', '');
INSERT INTO `lk9v6_users` (`name`, `email`, `usertype`) VALUES ('السيد أحمد حافظ السعدني ', '', 'الخريجين');
INSERT INTO `lk9v6_alumni_main` (`id`, `user_id`, `approved`) VALUES (238625, 238625, 1);
INSERT INTO `lk9v6_alumni_data` (`alumni_id`, `graduation_year`, `fid`, `job`, `address`, `city`, `country`, `phone`, `gid`, `mobile`, `nationalnumber`, `department`, `division`, `with_honor`) VALUES (238625, 2002, '23', '', '', '', '', '', '', '', '', 'تكنولوجيا التعليم ', '', '');
INSERT INTO `lk9v6_users` (`name`, `email`, `usertype`) VALUES ('أميرة محمد فتح الله علي ', '', 'الخريجين');
INSERT INTO `lk9v6_alumni_main` (`id`, `user_id`, `approved`) VALUES (238626, 238626, 1);
INSERT INTO `lk9v6_alumni_data` (`alumni_id`, `graduation_year`, `fid`, `job`, `address`, `city`, `country`, `phone`, `gid`, `mobile`, `nationalnumber`, `department`, `division`, `with_honor`) VALUES (238626, 2002, '23', '', '', '', '', '', '', '', '', 'تكنولوجيا التعليم ', '', '');
INSERT INTO `lk9v6_users` (`name`, `email`, `usertype`) VALUES ('ايمان صبحي عبد الفتاح ', '', 'الخريجين');
INSERT INTO `lk9v6_alumni_main` (`id`, `user_id`, `approved`) VALUES (238627, 238627, 1);
INSERT INTO `lk9v6_alumni_data` (`alumni_id`, `graduation_year`, `fid`, `job`, `address`, `city`, `country`, `phone`, `gid`, `mobile`, `nationalnumber`, `department`, `division`, `with_honor`) VALUES (238627, 2002, '23', '', '', '', '', '', '', '', '', 'تكنولوجيا التعليم ', '', '');
INSERT INTO `lk9v6_users` (`name`, `email`, `usertype`) VALUES ('ايمان صلاح أحمد مختار ', '', 'الخريجين');
INSERT INTO `lk9v6_alumni_main` (`id`, `user_id`, `approved`) VALUES (238628, 238628, 1);
INSERT INTO `lk9v6_alumni_data` (`alumni_id`, `graduation_year`, `fid`, `job`, `address`, `city`, `country`, `phone`, `gid`, `mobile`, `nationalnumber`, `department`, `division`, `with_honor`) VALUES (238628, 2002, '23', '', '', '', '', '', '', '', '', 'تكنولوجيا التعليم ', '', '');
INSERT INTO `lk9v6_users` (`name`, `email`, `usertype`) VALUES ('ايمان علي عبد اللطيف يعقوب ', '', 'الخريجين');
INSERT INTO `lk9v6_alumni_main` (`id`, `user_id`, `approved`) VALUES (238629, 238629, 1);
INSERT INTO `lk9v6_alumni_data` (`alumni_id`, `graduation_year`, `fid`, `job`, `address`, `city`, `country`, `phone`, `gid`, `mobile`, `nationalnumber`, `department`, `division`, `with_honor`) VALUES (238629, 2002, '23', '', '', '', '', '', '', '', '', 'تكنولوجيا التعليم ', '', '');
INSERT INTO `lk9v6_users` (`name`, `email`, `usertype`) VALUES ('تامر محمد خليل محمد', '', 'الخريجين');
INSERT INTO `lk9v6_alumni_main` (`id`, `user_id`, `approved`) VALUES (238630, 238630, 1);
INSERT INTO `lk9v6_alumni_data` (`alumni_id`, `graduation_year`, `fid`, `job`, `address`, `city`, `country`, `phone`, `gid`, `mobile`, `nationalnumber`, `department`, `division`, `with_honor`) VALUES (238630, 2002, '23', '', '', '', '', '', '', '', '', 'تكنولوجيا التعليم ', '', '');
INSERT INTO `lk9v6_users` (`name`, `email`, `usertype`) VALUES ('تيسير فتحي محمد مرعي ', '', 'الخريجين');
INSERT INTO `lk9v6_alumni_main` (`id`, `user_id`, `approved`) VALUES (238631, 238631, 1);
INSERT INTO `lk9v6_alumni_data` (`alumni_id`, `graduation_year`, `fid`, `job`, `address`, `city`, `country`, `phone`, `gid`, `mobile`, `nationalnumber`, `department`, `division`, `with_honor`) VALUES (238631, 2002, '23', '', '', '', '', '', '', '', '', 'تكنولوجيا التعليم ', '', '');
INSERT INTO `lk9v6_users` (`name`, `email`, `usertype`) VALUES ('خيري السيد عبد العال عطية ', '', 'الخريجين');
INSERT INTO `lk9v6_alumni_main` (`id`, `user_id`, `approved`) VALUES (238632, 238632, 1);
INSERT INTO `lk9v6_alumni_data` (`alumni_id`, `graduation_year`, `fid`, `job`, `address`, `city`, `country`, `phone`, `gid`, `mobile`, `nationalnumber`, `department`, `division`, `with_honor`) VALUES (238632, 2002, '23', '', '', '', '', '', '', '', '', 'تكنولوجيا التعليم ', '', '');
INSERT INTO `lk9v6_users` (`name`, `email`, `usertype`) VALUES ('داليا سعيد علي عبد الرحمن', '', 'الخريجين');
INSERT INTO `lk9v6_alumni_main` (`id`, `user_id`, `approved`) VALUES (238633, 238633, 1);
INSERT INTO `lk9v6_alumni_data` (`alumni_id`, `graduation_year`, `fid`, `job`, `address`, `city`, `country`, `phone`, `gid`, `mobile`, `nationalnumber`, `department`, `division`, `with_honor`) VALUES (238633, 2002, '23', '', '', '', '', '', '', '', '', 'تكنولوجيا التعليم ', '', '');
INSERT INTO `lk9v6_users` (`name`, `email`, `usertype`) VALUES ('دينا عصام الدين محمد فهيم ', '', 'الخريجين');
INSERT INTO `lk9v6_alumni_main` (`id`, `user_id`, `approved`) VALUES (238634, 238634, 1);
INSERT INTO `lk9v6_alumni_data` (`alumni_id`, `graduation_year`, `fid`, `job`, `address`, `city`, `country`, `phone`, `gid`, `mobile`, `nationalnumber`, `department`, `division`, `with_honor`) VALUES (238634, 2002, '23', '', '', '', '', '', '', '', '', 'تكنولوجيا التعليم ', '', '');
INSERT INTO `lk9v6_users` (`name`, `email`, `usertype`) VALUES ('رانيا ابراهيم محمود محمد', '', 'الخريجين');
INSERT INTO `lk9v6_alumni_main` (`id`, `user_id`, `approved`) VALUES (238635, 238635, 1);
INSERT INTO `lk9v6_alumni_data` (`alumni_id`, `graduation_year`, `fid`, `job`, `address`, `city`, `country`, `phone`, `gid`, `mobile`, `nationalnumber`, `department`, `division`, `with_honor`) VALUES (238635, 2002, '23', '', '', '', '', '', '', '', '', 'تكنولوجيا التعليم ', '', '');
INSERT INTO `lk9v6_users` (`name`, `email`, `usertype`) VALUES ('رانيا فاروق توفيق فتح الله', '', 'الخريجين');
INSERT INTO `lk9v6_alumni_main` (`id`, `user_id`, `approved`) VALUES (238636, 238636, 1);
INSERT INTO `lk9v6_alumni_data` (`alumni_id`, `graduation_year`, `fid`, `job`, `address`, `city`, `country`, `phone`, `gid`, `mobile`, `nationalnumber`, `department`, `division`, `with_honor`) VALUES (238636, 2002, '23', '', '', '', '', '', '', '', '', 'تكنولوجيا التعليم ', '', '');
INSERT INTO `lk9v6_users` (`name`, `email`, `usertype`) VALUES ('رشا السعيد أحمد فياض ', '', 'الخريجين');
INSERT INTO `lk9v6_alumni_main` (`id`, `user_id`, `approved`) VALUES (238637, 238637, 1);
INSERT INTO `lk9v6_alumni_data` (`alumni_id`, `graduation_year`, `fid`, `job`, `address`, `city`, `country`, `phone`, `gid`, `mobile`, `nationalnumber`, `department`, `division`, `with_honor`) VALUES (238637, 2002, '23', '', '', '', '', '', '', '', '', 'تكنولوجيا التعليم ', '', '');
INSERT INTO `lk9v6_users` (`name`, `email`, `usertype`) VALUES ('شيرين ياسين محمد عبده', '', 'الخريجين');
INSERT INTO `lk9v6_alumni_main` (`id`, `user_id`, `approved`) VALUES (238638, 238638, 1);
INSERT INTO `lk9v6_alumni_data` (`alumni_id`, `graduation_year`, `fid`, `job`, `address`, `city`, `country`, `phone`, `gid`, `mobile`, `nationalnumber`, `department`, `division`, `with_honor`) VALUES (238638, 2002, '23', '', '', '', '', '', '', '', '', 'تكنولوجيا التعليم ', '', '');
INSERT INTO `lk9v6_users` (`name`, `email`, `usertype`) VALUES ('شيماء مرزوق زين مغربية ', '', 'الخريجين');
INSERT INTO `lk9v6_alumni_main` (`id`, `user_id`, `approved`) VALUES (238639, 238639, 1);
INSERT INTO `lk9v6_alumni_data` (`alumni_id`, `graduation_year`, `fid`, `job`, `address`, `city`, `country`, `phone`, `gid`, `mobile`, `nationalnumber`, `department`, `division`, `with_honor`) VALUES (238639, 2002, '23', '', '', '', '', '', '', '', '', 'تكنولوجيا التعليم ', '', '');
INSERT INTO `lk9v6_users` (`name`, `email`, `usertype`) VALUES ('عزة أحمد محمود خلف الله', '', 'الخريجين');
INSERT INTO `lk9v6_alumni_main` (`id`, `user_id`, `approved`) VALUES (238640, 238640, 1);
INSERT INTO `lk9v6_alumni_data` (`alumni_id`, `graduation_year`, `fid`, `job`, `address`, `city`, `country`, `phone`, `gid`, `mobile`, `nationalnumber`, `department`, `division`, `with_honor`) VALUES (238640, 2002, '23', '', '', '', '', '', '', '', '', 'تكنولوجيا التعليم ', '', '');
INSERT INTO `lk9v6_users` (`name`, `email`, `usertype`) VALUES ('علاء محمد عبد الحميد الشافعي ', '', 'الخريجين');
INSERT INTO `lk9v6_alumni_main` (`id`, `user_id`, `approved`) VALUES (238641, 238641, 1);
INSERT INTO `lk9v6_alumni_data` (`alumni_id`, `graduation_year`, `fid`, `job`, `address`, `city`, `country`, `phone`, `gid`, `mobile`, `nationalnumber`, `department`, `division`, `with_honor`) VALUES (238641, 2002, '23', '', '', '', '', '', '', '', '', 'تكنولوجيا التعليم ', '', '');
INSERT INTO `lk9v6_users` (`name`, `email`, `usertype`) VALUES ('علي طه علي محبوب ', '', 'الخريجين');
INSERT INTO `lk9v6_alumni_main` (`id`, `user_id`, `approved`) VALUES (238642, 238642, 1);
INSERT INTO `lk9v6_alumni_data` (`alumni_id`, `graduation_year`, `fid`, `job`, `address`, `city`, `country`, `phone`, `gid`, `mobile`, `nationalnumber`, `department`, `division`, `with_honor`) VALUES (238642, 2002, '23', '', '', '', '', '', '', '', '', 'تكنولوجيا التعليم ', '', '');
INSERT INTO `lk9v6_users` (`name`, `email`, `usertype`) VALUES ('عمرو أحمد عبد الغفور الحبشي ', '', 'الخريجين');
INSERT INTO `lk9v6_alumni_main` (`id`, `user_id`, `approved`) VALUES (238643, 238643, 1);
INSERT INTO `lk9v6_alumni_data` (`alumni_id`, `graduation_year`, `fid`, `job`, `address`, `city`, `country`, `phone`, `gid`, `mobile`, `nationalnumber`, `department`, `division`, `with_honor`) VALUES (238643, 2002, '23', '', '', '', '', '', '', '', '', 'تكنولوجيا التعليم ', '', '');
INSERT INTO `lk9v6_users` (`name`, `email`, `usertype`) VALUES ('فتحي سليمان عبد العاطي سليمان ', '', 'الخريجين');
INSERT INTO `lk9v6_alumni_main` (`id`, `user_id`, `approved`) VALUES (238644, 238644, 1);
INSERT INTO `lk9v6_alumni_data` (`alumni_id`, `graduation_year`, `fid`, `job`, `address`, `city`, `country`, `phone`, `gid`, `mobile`, `nationalnumber`, `department`, `division`, `with_honor`) VALUES (238644, 2002, '23', '', '', '', '', '', '', '', '', 'تكنولوجيا التعليم ', '', '');
INSERT INTO `lk9v6_users` (`name`, `email`, `usertype`) VALUES ('كمال كامل مصطفي عامر ', '', 'الخريجين');
INSERT INTO `lk9v6_alumni_main` (`id`, `user_id`, `approved`) VALUES (238645, 238645, 1);
INSERT INTO `lk9v6_alumni_data` (`alumni_id`, `graduation_year`, `fid`, `job`, `address`, `city`, `country`, `phone`, `gid`, `mobile`, `nationalnumber`, `department`, `division`, `with_honor`) VALUES (238645, 2002, '23', '', '', '', '', '', '', '', '', 'تكنولوجيا التعليم ', '', '');
INSERT INTO `lk9v6_users` (`name`, `email`, `usertype`) VALUES ('مايكل ماهر وهبه باسيلي ', '', 'الخريجين');
INSERT INTO `lk9v6_alumni_main` (`id`, `user_id`, `approved`) VALUES (238646, 238646, 1);
INSERT INTO `lk9v6_alumni_data` (`alumni_id`, `graduation_year`, `fid`, `job`, `address`, `city`, `country`, `phone`, `gid`, `mobile`, `nationalnumber`, `department`, `division`, `with_honor`) VALUES (238646, 2002, '23', '', '', '', '', '', '', '', '', 'تكنولوجيا التعليم ', '', '');
INSERT INTO `lk9v6_users` (`name`, `email`, `usertype`) VALUES ('محمد حمدي أبو اليزيد أحمد', '', 'الخريجين');
INSERT INTO `lk9v6_alumni_main` (`id`, `user_id`, `approved`) VALUES (238647, 238647, 1);
INSERT INTO `lk9v6_alumni_data` (`alumni_id`, `graduation_year`, `fid`, `job`, `address`, `city`, `country`, `phone`, `gid`, `mobile`, `nationalnumber`, `department`, `division`, `with_honor`) VALUES (238647, 2002, '23', '', '', '', '', '', '', '', '', 'تكنولوجيا التعليم ', '', '');
INSERT INTO `lk9v6_users` (`name`, `email`, `usertype`) VALUES ('محمد رمضان عبد الحليم جويده', '', 'الخريجين');
INSERT INTO `lk9v6_alumni_main` (`id`, `user_id`, `approved`) VALUES (238648, 238648, 1);
INSERT INTO `lk9v6_alumni_data` (`alumni_id`, `graduation_year`, `fid`, `job`, `address`, `city`, `country`, `phone`, `gid`, `mobile`, `nationalnumber`, `department`, `division`, `with_honor`) VALUES (238648, 2002, '23', '', '', '', '', '', '', '', '', 'تكنولوجيا التعليم ', '', '');
INSERT INTO `lk9v6_users` (`name`, `email`, `usertype`) VALUES ('محمد عطية عبد الحليم محمد', '', 'الخريجين');
INSERT INTO `lk9v6_alumni_main` (`id`, `user_id`, `approved`) VALUES (238649, 238649, 1);
INSERT INTO `lk9v6_alumni_data` (`alumni_id`, `graduation_year`, `fid`, `job`, `address`, `city`, `country`, `phone`, `gid`, `mobile`, `nationalnumber`, `department`, `division`, `with_honor`) VALUES (238649, 2002, '23', '', '', '', '', '', '', '', '', 'تكنولوجيا التعليم ', '', '');
INSERT INTO `lk9v6_users` (`name`, `email`, `usertype`) VALUES ('مسامح شحاتة شحاتة السكري ', '', 'الخريجين');
INSERT INTO `lk9v6_alumni_main` (`id`, `user_id`, `approved`) VALUES (238650, 238650, 1);
INSERT INTO `lk9v6_alumni_data` (`alumni_id`, `graduation_year`, `fid`, `job`, `address`, `city`, `country`, `phone`, `gid`, `mobile`, `nationalnumber`, `department`, `division`, `with_honor`) VALUES (238650, 2002, '23', '', '', '', '', '', '', '', '', 'تكنولوجيا التعليم ', '', '');
INSERT INTO `lk9v6_users` (`name`, `email`, `usertype`) VALUES ('مصطفي محمود محمد محمد خلاف ', '', 'الخريجين');
INSERT INTO `lk9v6_alumni_main` (`id`, `user_id`, `approved`) VALUES (238651, 238651, 1);
INSERT INTO `lk9v6_alumni_data` (`alumni_id`, `graduation_year`, `fid`, `job`, `address`, `city`, `country`, `phone`, `gid`, `mobile`, `nationalnumber`, `department`, `division`, `with_honor`) VALUES (238651, 2002, '23', '', '', '', '', '', '', '', '', 'تكنولوجيا التعليم ', '', '');
INSERT INTO `lk9v6_users` (`name`, `email`, `usertype`) VALUES ('منار سعد عبد المنعم الشرقاوي ', '', 'الخريجين');
INSERT INTO `lk9v6_alumni_main` (`id`, `user_id`, `approved`) VALUES (238652, 238652, 1);
INSERT INTO `lk9v6_alumni_data` (`alumni_id`, `graduation_year`, `fid`, `job`, `address`, `city`, `country`, `phone`, `gid`, `mobile`, `nationalnumber`, `department`, `division`, `with_honor`) VALUES (238652, 2002, '23', '', '', '', '', '', '', '', '', 'تكنولوجيا التعليم ', '', '');
INSERT INTO `lk9v6_users` (`name`, `email`, `usertype`) VALUES ('نعمة محمد ادريس حسن ', '', 'الخريجين');
INSERT INTO `lk9v6_alumni_main` (`id`, `user_id`, `approved`) VALUES (238653, 238653, 1);
INSERT INTO `lk9v6_alumni_data` (`alumni_id`, `graduation_year`, `fid`, `job`, `address`, `city`, `country`, `phone`, `gid`, `mobile`, `nationalnumber`, `department`, `division`, `with_honor`) VALUES (238653, 2002, '23', '', '', '', '', '', '', '', '', 'تكنولوجيا التعليم ', '', '');
INSERT INTO `lk9v6_users` (`name`, `email`, `usertype`) VALUES ('نهي عبد الفتاح حسين الشرقاوي ', '', 'الخريجين');
INSERT INTO `lk9v6_alumni_main` (`id`, `user_id`, `approved`) VALUES (238654, 238654, 1);
INSERT INTO `lk9v6_alumni_data` (`alumni_id`, `graduation_year`, `fid`, `job`, `address`, `city`, `country`, `phone`, `gid`, `mobile`, `nationalnumber`, `department`, `division`, `with_honor`) VALUES (238654, 2002, '23', '', '', '', '', '', '', '', '', 'تكنولوجيا التعليم ', '', '');
INSERT INTO `lk9v6_users` (`name`, `email`, `usertype`) VALUES ('هايدي عاطف محمد عبد القوي ', '', 'الخريجين');
INSERT INTO `lk9v6_alumni_main` (`id`, `user_id`, `approved`) VALUES (238655, 238655, 1);
INSERT INTO `lk9v6_alumni_data` (`alumni_id`, `graduation_year`, `fid`, `job`, `address`, `city`, `country`, `phone`, `gid`, `mobile`, `nationalnumber`, `department`, `division`, `with_honor`) VALUES (238655, 2002, '23', '', '', '', '', '', '', '', '', 'تكنولوجيا التعليم ', '', '');
INSERT INTO `lk9v6_users` (`name`, `email`, `usertype`) VALUES ('يسرا أحمد محمود سالم ', '', 'الخريجين');
INSERT INTO `lk9v6_alumni_main` (`id`, `user_id`, `approved`) VALUES (238656, 238656, 1);
INSERT INTO `lk9v6_alumni_data` (`alumni_id`, `graduation_year`, `fid`, `job`, `address`, `city`, `country`, `phone`, `gid`, `mobile`, `nationalnumber`, `department`, `division`, `with_honor`) VALUES (238656, 2002, '23', '', '', '', '', '', '', '', '', 'تكنولوجيا التعليم ', '', '');
INSERT INTO `lk9v6_users` (`name`, `email`, `usertype`) VALUES ('أحمد سمير عبد المنعم حافظ', '', 'الخريجين');
INSERT INTO `lk9v6_alumni_main` (`id`, `user_id`, `approved`) VALUES (238657, 238657, 1);
INSERT INTO `lk9v6_alumni_data` (`alumni_id`, `graduation_year`, `fid`, `job`, `address`, `city`, `country`, `phone`, `gid`, `mobile`, `nationalnumber`, `department`, `division`, `with_honor`) VALUES (238657, 2002, '23', '', '', '', '', '', '', '', '', 'تكنولوجيا التعليم ', '', '');
INSERT INTO `lk9v6_users` (`name`, `email`, `usertype`) VALUES ('أحمد شوقي أحمد عامر ', '', 'الخريجين');
INSERT INTO `lk9v6_alumni_main` (`id`, `user_id`, `approved`) VALUES (238658, 238658, 1);
INSERT INTO `lk9v6_alumni_data` (`alumni_id`, `graduation_year`, `fid`, `job`, `address`, `city`, `country`, `phone`, `gid`, `mobile`, `nationalnumber`, `department`, `division`, `with_honor`) VALUES (238658, 2002, '23', '', '', '', '', '', '', '', '', 'تكنولوجيا التعليم ', '', '');
INSERT INTO `lk9v6_users` (`name`, `email`, `usertype`) VALUES ('أحمد محمد حسنين حسين ', '', 'الخريجين');
INSERT INTO `lk9v6_alumni_main` (`id`, `user_id`, `approved`) VALUES (238659, 238659, 1);
INSERT INTO `lk9v6_alumni_data` (`alumni_id`, `graduation_year`, `fid`, `job`, `address`, `city`, `country`, `phone`, `gid`, `mobile`, `nationalnumber`, `department`, `division`, `with_honor`) VALUES (238659, 2002, '23', '', '', '', '', '', '', '', '', 'تكنولوجيا التعليم ', '', '');
INSERT INTO `lk9v6_users` (`name`, `email`, `usertype`) VALUES ('أحمد محمد عبد المجيد صوان ', '', 'الخريجين');
INSERT INTO `lk9v6_alumni_main` (`id`, `user_id`, `approved`) VALUES (238660, 238660, 1);
INSERT INTO `lk9v6_alumni_data` (`alumni_id`, `graduation_year`, `fid`, `job`, `address`, `city`, `country`, `phone`, `gid`, `mobile`, `nationalnumber`, `department`, `division`, `with_honor`) VALUES (238660, 2002, '23', '', '', '', '', '', '', '', '', 'تكنولوجيا التعليم ', '', '');
INSERT INTO `lk9v6_users` (`name`, `email`, `usertype`) VALUES ('أمل أحمد راشد نوح', '', 'الخريجين');
INSERT INTO `lk9v6_alumni_main` (`id`, `user_id`, `approved`) VALUES (238661, 238661, 1);
INSERT INTO `lk9v6_alumni_data` (`alumni_id`, `graduation_year`, `fid`, `job`, `address`, `city`, `country`, `phone`, `gid`, `mobile`, `nationalnumber`, `department`, `division`, `with_honor`) VALUES (238661, 2002, '23', '', '', '', '', '', '', '', '', 'تكنولوجيا التعليم ', '', '');
INSERT INTO `lk9v6_users` (`name`, `email`, `usertype`) VALUES ('أميرة فؤاد عبد الرحمن الشيخ', '', 'الخريجين');
INSERT INTO `lk9v6_alumni_main` (`id`, `user_id`, `approved`) VALUES (238662, 238662, 1);
INSERT INTO `lk9v6_alumni_data` (`alumni_id`, `graduation_year`, `fid`, `job`, `address`, `city`, `country`, `phone`, `gid`, `mobile`, `nationalnumber`, `department`, `division`, `with_honor`) VALUES (238662, 2002, '23', '', '', '', '', '', '', '', '', 'تكنولوجيا التعليم ', '', '');
INSERT INTO `lk9v6_users` (`name`, `email`, `usertype`) VALUES ('أيمن بسيوني أحمد علي ', '', 'الخريجين');
INSERT INTO `lk9v6_alumni_main` (`id`, `user_id`, `approved`) VALUES (238663, 238663, 1);
INSERT INTO `lk9v6_alumni_data` (`alumni_id`, `graduation_year`, `fid`, `job`, `address`, `city`, `country`, `phone`, `gid`, `mobile`, `nationalnumber`, `department`, `division`, `with_honor`) VALUES (238663, 2002, '23', '', '', '', '', '', '', '', '', 'تكنولوجيا التعليم ', '', '');
INSERT INTO `lk9v6_users` (`name`, `email`, `usertype`) VALUES ('خالد محمد محمود أبو العلا ', '', 'الخريجين');
INSERT INTO `lk9v6_alumni_main` (`id`, `user_id`, `approved`) VALUES (238664, 238664, 1);
INSERT INTO `lk9v6_alumni_data` (`alumni_id`, `graduation_year`, `fid`, `job`, `address`, `city`, `country`, `phone`, `gid`, `mobile`, `nationalnumber`, `department`, `division`, `with_honor`) VALUES (238664, 2002, '23', '', '', '', '', '', '', '', '', 'تكنولوجيا التعليم ', '', '');
INSERT INTO `lk9v6_users` (`name`, `email`, `usertype`) VALUES ('شيماء عبد الرازق محمود أبو عيانة ', '', 'الخريجين');
INSERT INTO `lk9v6_alumni_main` (`id`, `user_id`, `approved`) VALUES (238665, 238665, 1);
INSERT INTO `lk9v6_alumni_data` (`alumni_id`, `graduation_year`, `fid`, `job`, `address`, `city`, `country`, `phone`, `gid`, `mobile`, `nationalnumber`, `department`, `division`, `with_honor`) VALUES (238665, 2002, '23', '', '', '', '', '', '', '', '', 'تكنولوجيا التعليم ', '', '');
INSERT INTO `lk9v6_users` (`name`, `email`, `usertype`) VALUES ('عبد الحميد عاطف عبد الحميد ضرغام', '', 'الخريجين');
INSERT INTO `lk9v6_alumni_main` (`id`, `user_id`, `approved`) VALUES (238666, 238666, 1);
INSERT INTO `lk9v6_alumni_data` (`alumni_id`, `graduation_year`, `fid`, `job`, `address`, `city`, `country`, `phone`, `gid`, `mobile`, `nationalnumber`, `department`, `division`, `with_honor`) VALUES (238666, 2002, '23', '', '', '', '', '', '', '', '', 'تكنولوجيا التعليم ', '', '');
INSERT INTO `lk9v6_users` (`name`, `email`, `usertype`) VALUES ('عمرو علي محمد سعيد رجب ', '', 'الخريجين');
INSERT INTO `lk9v6_alumni_main` (`id`, `user_id`, `approved`) VALUES (238667, 238667, 1);
INSERT INTO `lk9v6_alumni_data` (`alumni_id`, `graduation_year`, `fid`, `job`, `address`, `city`, `country`, `phone`, `gid`, `mobile`, `nationalnumber`, `department`, `division`, `with_honor`) VALUES (238667, 2002, '23', '', '', '', '', '', '', '', '', 'تكنولوجيا التعليم ', '', '');
INSERT INTO `lk9v6_users` (`name`, `email`, `usertype`) VALUES ('غنيمة عبد الكريم الكومي ', '', 'الخريجين');
INSERT INTO `lk9v6_alumni_main` (`id`, `user_id`, `approved`) VALUES (238668, 238668, 1);
INSERT INTO `lk9v6_alumni_data` (`alumni_id`, `graduation_year`, `fid`, `job`, `address`, `city`, `country`, `phone`, `gid`, `mobile`, `nationalnumber`, `department`, `division`, `with_honor`) VALUES (238668, 2002, '23', '', '', '', '', '', '', '', '', 'تكنولوجيا التعليم ', '', '');
INSERT INTO `lk9v6_users` (`name`, `email`, `usertype`) VALUES ('محمد عبد السلام مبروك شاهين ', '', 'الخريجين');
INSERT INTO `lk9v6_alumni_main` (`id`, `user_id`, `approved`) VALUES (238669, 238669, 1);
INSERT INTO `lk9v6_alumni_data` (`alumni_id`, `graduation_year`, `fid`, `job`, `address`, `city`, `country`, `phone`, `gid`, `mobile`, `nationalnumber`, `department`, `division`, `with_honor`) VALUES (238669, 2002, '23', '', '', '', '', '', '', '', '', 'تكنولوجيا التعليم ', '', '');
INSERT INTO `lk9v6_users` (`name`, `email`, `usertype`) VALUES ('محمد عبد العزيز يوسف أبو الفضل ', '', 'الخريجين');
INSERT INTO `lk9v6_alumni_main` (`id`, `user_id`, `approved`) VALUES (238670, 238670, 1);
INSERT INTO `lk9v6_alumni_data` (`alumni_id`, `graduation_year`, `fid`, `job`, `address`, `city`, `country`, `phone`, `gid`, `mobile`, `nationalnumber`, `department`, `division`, `with_honor`) VALUES (238670, 2002, '23', '', '', '', '', '', '', '', '', 'تكنولوجيا التعليم ', '', '');
INSERT INTO `lk9v6_users` (`name`, `email`, `usertype`) VALUES ('محمد عبد الله عبد السلام نصار ', '', 'الخريجين');
INSERT INTO `lk9v6_alumni_main` (`id`, `user_id`, `approved`) VALUES (238671, 238671, 1);
INSERT INTO `lk9v6_alumni_data` (`alumni_id`, `graduation_year`, `fid`, `job`, `address`, `city`, `country`, `phone`, `gid`, `mobile`, `nationalnumber`, `department`, `division`, `with_honor`) VALUES (238671, 2002, '23', '', '', '', '', '', '', '', '', 'تكنولوجيا التعليم ', '', '');
INSERT INTO `lk9v6_users` (`name`, `email`, `usertype`) VALUES ('محمود لطفي أبو القمصان خليفة ', '', 'الخريجين');
INSERT INTO `lk9v6_alumni_main` (`id`, `user_id`, `approved`) VALUES (238672, 238672, 1);
INSERT INTO `lk9v6_alumni_data` (`alumni_id`, `graduation_year`, `fid`, `job`, `address`, `city`, `country`, `phone`, `gid`, `mobile`, `nationalnumber`, `department`, `division`, `with_honor`) VALUES (238672, 2002, '23', '', '', '', '', '', '', '', '', 'تكنولوجيا التعليم ', '', '');
INSERT INTO `lk9v6_users` (`name`, `email`, `usertype`) VALUES ('مصطفي محمد عبد الجليل الريس ', '', 'الخريجين');
INSERT INTO `lk9v6_alumni_main` (`id`, `user_id`, `approved`) VALUES (238673, 238673, 1);
INSERT INTO `lk9v6_alumni_data` (`alumni_id`, `graduation_year`, `fid`, `job`, `address`, `city`, `country`, `phone`, `gid`, `mobile`, `nationalnumber`, `department`, `division`, `with_honor`) VALUES (238673, 2002, '23', '', '', '', '', '', '', '', '', 'تكنولوجيا التعليم ', '', '');
INSERT INTO `lk9v6_users` (`name`, `email`, `usertype`) VALUES ('مصطفي محمود عبد المنعم سويس ', '', 'الخريجين');
INSERT INTO `lk9v6_alumni_main` (`id`, `user_id`, `approved`) VALUES (238674, 238674, 1);
INSERT INTO `lk9v6_alumni_data` (`alumni_id`, `graduation_year`, `fid`, `job`, `address`, `city`, `country`, `phone`, `gid`, `mobile`, `nationalnumber`, `department`, `division`, `with_honor`) VALUES (238674, 2002, '23', '', '', '', '', '', '', '', '', 'تكنولوجيا التعليم ', '', '');
INSERT INTO `lk9v6_users` (`name`, `email`, `usertype`) VALUES ('مني عبد الألةقطب أبو طالب ', '', 'الخريجين');
INSERT INTO `lk9v6_alumni_main` (`id`, `user_id`, `approved`) VALUES (238675, 238675, 1);
INSERT INTO `lk9v6_alumni_data` (`alumni_id`, `graduation_year`, `fid`, `job`, `address`, `city`, `country`, `phone`, `gid`, `mobile`, `nationalnumber`, `department`, `division`, `with_honor`) VALUES (238675, 2002, '23', '', '', '', '', '', '', '', '', 'تكنولوجيا التعليم ', '', '');
INSERT INTO `lk9v6_users` (`name`, `email`, `usertype`) VALUES ('وائل محمد محمد ابراهيم ', '', 'الخريجين');
INSERT INTO `lk9v6_alumni_main` (`id`, `user_id`, `approved`) VALUES (238676, 238676, 1);
INSERT INTO `lk9v6_alumni_data` (`alumni_id`, `graduation_year`, `fid`, `job`, `address`, `city`, `country`, `phone`, `gid`, `mobile`, `nationalnumber`, `department`, `division`, `with_honor`) VALUES (238676, 2002, '23', '', '', '', '', '', '', '', '', 'تكنولوجيا التعليم ', '', '');
INSERT INTO `lk9v6_users` (`name`, `email`, `usertype`) VALUES ('محمد أبو زيد محمد أبو زيد دياب ', '', 'الخريجين');
INSERT INTO `lk9v6_alumni_main` (`id`, `user_id`, `approved`) VALUES (238677, 238677, 1);
INSERT INTO `lk9v6_alumni_data` (`alumni_id`, `graduation_year`, `fid`, `job`, `address`, `city`, `country`, `phone`, `gid`, `mobile`, `nationalnumber`, `department`, `division`, `with_honor`) VALUES (238677, 2002, '23', '', '', '', '', '', '', '', '', 'تكنولوجيا التعليم ', '', '');
INSERT INTO `lk9v6_users` (`name`, `email`, `usertype`) VALUES ('أحمد محمد أحمد عبد الحميد ', '', 'الخريجين');
INSERT INTO `lk9v6_alumni_main` (`id`, `user_id`, `approved`) VALUES (238678, 238678, 1);
INSERT INTO `lk9v6_alumni_data` (`alumni_id`, `graduation_year`, `fid`, `job`, `address`, `city`, `country`, `phone`, `gid`, `mobile`, `nationalnumber`, `department`, `division`, `with_honor`) VALUES (238678, 2002, '23', '', '', '', '', '', '', '', '', 'تكنولوجيا التعليم ', '', '');
INSERT INTO `lk9v6_users` (`name`, `email`, `usertype`) VALUES ('غادة مصطفي محمد السيد ', '', 'الخريجين');
INSERT INTO `lk9v6_alumni_main` (`id`, `user_id`, `approved`) VALUES (238679, 238679, 1);
INSERT INTO `lk9v6_alumni_data` (`alumni_id`, `graduation_year`, `fid`, `job`, `address`, `city`, `country`, `phone`, `gid`, `mobile`, `nationalnumber`, `department`, `division`, `with_honor`) VALUES (238679, 2003, '23', '', '', '', '', '', '', '', '', 'التربية الفنية ', '', '');
INSERT INTO `lk9v6_users` (`name`, `email`, `usertype`) VALUES ('أسماء محمد سيد أحمد محمود', '', 'الخريجين');
INSERT INTO `lk9v6_alumni_main` (`id`, `user_id`, `approved`) VALUES (238680, 238680, 1);
INSERT INTO `lk9v6_alumni_data` (`alumni_id`, `graduation_year`, `fid`, `job`, `address`, `city`, `country`, `phone`, `gid`, `mobile`, `nationalnumber`, `department`, `division`, `with_honor`) VALUES (238680, 2003, '23', '', '', '', '', '', '', '', '', 'التربية الفنية ', '', '');
INSERT INTO `lk9v6_users` (`name`, `email`, `usertype`) VALUES ('بسمة عبد الوهاب حسن ', '', 'الخريجين');
INSERT INTO `lk9v6_alumni_main` (`id`, `user_id`, `approved`) VALUES (238681, 238681, 1);
INSERT INTO `lk9v6_alumni_data` (`alumni_id`, `graduation_year`, `fid`, `job`, `address`, `city`, `country`, `phone`, `gid`, `mobile`, `nationalnumber`, `department`, `division`, `with_honor`) VALUES (238681, 2003, '23', '', '', '', '', '', '', '', '', 'التربية الفنية ', '', '');
INSERT INTO `lk9v6_users` (`name`, `email`, `usertype`) VALUES ('جيرمين رمزي حنا سلامه', '', 'الخريجين');
INSERT INTO `lk9v6_alumni_main` (`id`, `user_id`, `approved`) VALUES (238682, 238682, 1);
INSERT INTO `lk9v6_alumni_data` (`alumni_id`, `graduation_year`, `fid`, `job`, `address`, `city`, `country`, `phone`, `gid`, `mobile`, `nationalnumber`, `department`, `division`, `with_honor`) VALUES (238682, 2003, '23', '', '', '', '', '', '', '', '', 'التربية الفنية ', '', '');
INSERT INTO `lk9v6_users` (`name`, `email`, `usertype`) VALUES ('رانيا طه حسن محمد', '', 'الخريجين');
INSERT INTO `lk9v6_alumni_main` (`id`, `user_id`, `approved`) VALUES (238683, 238683, 1);
INSERT INTO `lk9v6_alumni_data` (`alumni_id`, `graduation_year`, `fid`, `job`, `address`, `city`, `country`, `phone`, `gid`, `mobile`, `nationalnumber`, `department`, `division`, `with_honor`) VALUES (238683, 2003, '23', '', '', '', '', '', '', '', '', 'التربية الفنية ', '', '');
INSERT INTO `lk9v6_users` (`name`, `email`, `usertype`) VALUES ('رشا أحمد عبد الخالق حسن ', '', 'الخريجين');
INSERT INTO `lk9v6_alumni_main` (`id`, `user_id`, `approved`) VALUES (238684, 238684, 1);
INSERT INTO `lk9v6_alumni_data` (`alumni_id`, `graduation_year`, `fid`, `job`, `address`, `city`, `country`, `phone`, `gid`, `mobile`, `nationalnumber`, `department`, `division`, `with_honor`) VALUES (238684, 2003, '23', '', '', '', '', '', '', '', '', 'التربية الفنية ', '', '');
INSERT INTO `lk9v6_users` (`name`, `email`, `usertype`) VALUES ('سارة محمد حسن أحمد', '', 'الخريجين');
INSERT INTO `lk9v6_alumni_main` (`id`, `user_id`, `approved`) VALUES (238685, 238685, 1);
INSERT INTO `lk9v6_alumni_data` (`alumni_id`, `graduation_year`, `fid`, `job`, `address`, `city`, `country`, `phone`, `gid`, `mobile`, `nationalnumber`, `department`, `division`, `with_honor`) VALUES (238685, 2003, '23', '', '', '', '', '', '', '', '', 'التربية الفنية ', '', '');
INSERT INTO `lk9v6_users` (`name`, `email`, `usertype`) VALUES ('سلوي علي سعد اليماني ', '', 'الخريجين');
INSERT INTO `lk9v6_alumni_main` (`id`, `user_id`, `approved`) VALUES (238686, 238686, 1);
INSERT INTO `lk9v6_alumni_data` (`alumni_id`, `graduation_year`, `fid`, `job`, `address`, `city`, `country`, `phone`, `gid`, `mobile`, `nationalnumber`, `department`, `division`, `with_honor`) VALUES (238686, 2003, '23', '', '', '', '', '', '', '', '', 'التربية الفنية ', '', '');
INSERT INTO `lk9v6_users` (`name`, `email`, `usertype`) VALUES ('سمت سامي عبد الرحمن ابراهيم ', '', 'الخريجين');
INSERT INTO `lk9v6_alumni_main` (`id`, `user_id`, `approved`) VALUES (238687, 238687, 1);
INSERT INTO `lk9v6_alumni_data` (`alumni_id`, `graduation_year`, `fid`, `job`, `address`, `city`, `country`, `phone`, `gid`, `mobile`, `nationalnumber`, `department`, `division`, `with_honor`) VALUES (238687, 2003, '23', '', '', '', '', '', '', '', '', 'التربية الفنية ', '', '');
INSERT INTO `lk9v6_users` (`name`, `email`, `usertype`) VALUES ('سمر عادل عبد الحكيم عبده', '', 'الخريجين');
INSERT INTO `lk9v6_alumni_main` (`id`, `user_id`, `approved`) VALUES (238688, 238688, 1);
INSERT INTO `lk9v6_alumni_data` (`alumni_id`, `graduation_year`, `fid`, `job`, `address`, `city`, `country`, `phone`, `gid`, `mobile`, `nationalnumber`, `department`, `division`, `with_honor`) VALUES (238688, 2003, '23', '', '', '', '', '', '', '', '', 'التربية الفنية ', '', '');
INSERT INTO `lk9v6_users` (`name`, `email`, `usertype`) VALUES ('سميرة شاكر عبد الحليم الفيومي ', '', 'الخريجين');
INSERT INTO `lk9v6_alumni_main` (`id`, `user_id`, `approved`) VALUES (238689, 238689, 1);
INSERT INTO `lk9v6_alumni_data` (`alumni_id`, `graduation_year`, `fid`, `job`, `address`, `city`, `country`, `phone`, `gid`, `mobile`, `nationalnumber`, `department`, `division`, `with_honor`) VALUES (238689, 2003, '23', '', '', '', '', '', '', '', '', 'التربية الفنية ', '', '');
INSERT INTO `lk9v6_users` (`name`, `email`, `usertype`) VALUES ('سهيلة محمد حسن ابراهيم ', '', 'الخريجين');
INSERT INTO `lk9v6_alumni_main` (`id`, `user_id`, `approved`) VALUES (238690, 238690, 1);
INSERT INTO `lk9v6_alumni_data` (`alumni_id`, `graduation_year`, `fid`, `job`, `address`, `city`, `country`, `phone`, `gid`, `mobile`, `nationalnumber`, `department`, `division`, `with_honor`) VALUES (238690, 2003, '23', '', '', '', '', '', '', '', '', 'التربية الفنية ', '', '');
INSERT INTO `lk9v6_users` (`name`, `email`, `usertype`) VALUES ('شيماء حمدي عبد العال شعبان', '', 'الخريجين');
INSERT INTO `lk9v6_alumni_main` (`id`, `user_id`, `approved`) VALUES (238691, 238691, 1);
INSERT INTO `lk9v6_alumni_data` (`alumni_id`, `graduation_year`, `fid`, `job`, `address`, `city`, `country`, `phone`, `gid`, `mobile`, `nationalnumber`, `department`, `division`, `with_honor`) VALUES (238691, 2003, '23', '', '', '', '', '', '', '', '', 'التربية الفنية ', '', '');
INSERT INTO `lk9v6_users` (`name`, `email`, `usertype`) VALUES ('علا نبيل اسماعيل عبقد الله', '', 'الخريجين');
INSERT INTO `lk9v6_alumni_main` (`id`, `user_id`, `approved`) VALUES (238692, 238692, 1);
INSERT INTO `lk9v6_alumni_data` (`alumni_id`, `graduation_year`, `fid`, `job`, `address`, `city`, `country`, `phone`, `gid`, `mobile`, `nationalnumber`, `department`, `division`, `with_honor`) VALUES (238692, 2003, '23', '', '', '', '', '', '', '', '', 'التربية الفنية ', '', '');
INSERT INTO `lk9v6_users` (`name`, `email`, `usertype`) VALUES ('غادة محمود اسماعيل الشريف ', '', 'الخريجين');
INSERT INTO `lk9v6_alumni_main` (`id`, `user_id`, `approved`) VALUES (238693, 238693, 1);
INSERT INTO `lk9v6_alumni_data` (`alumni_id`, `graduation_year`, `fid`, `job`, `address`, `city`, `country`, `phone`, `gid`, `mobile`, `nationalnumber`, `department`, `division`, `with_honor`) VALUES (238693, 2003, '23', '', '', '', '', '', '', '', '', 'التربية الفنية ', '', '');
INSERT INTO `lk9v6_users` (`name`, `email`, `usertype`) VALUES ('ماريان كمال نجيب فرح', '', 'الخريجين');
INSERT INTO `lk9v6_alumni_main` (`id`, `user_id`, `approved`) VALUES (238694, 238694, 1);
INSERT INTO `lk9v6_alumni_data` (`alumni_id`, `graduation_year`, `fid`, `job`, `address`, `city`, `country`, `phone`, `gid`, `mobile`, `nationalnumber`, `department`, `division`, `with_honor`) VALUES (238694, 2003, '23', '', '', '', '', '', '', '', '', 'التربية الفنية ', '', '');
INSERT INTO `lk9v6_users` (`name`, `email`, `usertype`) VALUES ('محمد جمال الدين عجمي ', '', 'الخريجين');
INSERT INTO `lk9v6_alumni_main` (`id`, `user_id`, `approved`) VALUES (238695, 238695, 1);
INSERT INTO `lk9v6_alumni_data` (`alumni_id`, `graduation_year`, `fid`, `job`, `address`, `city`, `country`, `phone`, `gid`, `mobile`, `nationalnumber`, `department`, `division`, `with_honor`) VALUES (238695, 2003, '23', '', '', '', '', '', '', '', '', 'التربية الفنية ', '', '');
INSERT INTO `lk9v6_users` (`name`, `email`, `usertype`) VALUES ('مروة حنفي محمود حنفي ', '', 'الخريجين');
INSERT INTO `lk9v6_alumni_main` (`id`, `user_id`, `approved`) VALUES (238696, 238696, 1);
INSERT INTO `lk9v6_alumni_data` (`alumni_id`, `graduation_year`, `fid`, `job`, `address`, `city`, `country`, `phone`, `gid`, `mobile`, `nationalnumber`, `department`, `division`, `with_honor`) VALUES (238696, 2003, '23', '', '', '', '', '', '', '', '', 'التربية الفنية ', '', '');
INSERT INTO `lk9v6_users` (`name`, `email`, `usertype`) VALUES ('مروة محمد محمود السيد', '', 'الخريجين');
INSERT INTO `lk9v6_alumni_main` (`id`, `user_id`, `approved`) VALUES (238697, 238697, 1);
INSERT INTO `lk9v6_alumni_data` (`alumni_id`, `graduation_year`, `fid`, `job`, `address`, `city`, `country`, `phone`, `gid`, `mobile`, `nationalnumber`, `department`, `division`, `with_honor`) VALUES (238697, 2003, '23', '', '', '', '', '', '', '', '', 'التربية الفنية ', '', '');
INSERT INTO `lk9v6_users` (`name`, `email`, `usertype`) VALUES ('مروة محمد مصطفي عبد التواب ', '', 'الخريجين');
INSERT INTO `lk9v6_alumni_main` (`id`, `user_id`, `approved`) VALUES (238698, 238698, 1);
INSERT INTO `lk9v6_alumni_data` (`alumni_id`, `graduation_year`, `fid`, `job`, `address`, `city`, `country`, `phone`, `gid`, `mobile`, `nationalnumber`, `department`, `division`, `with_honor`) VALUES (238698, 2003, '23', '', '', '', '', '', '', '', '', 'التربية الفنية ', '', '');
INSERT INTO `lk9v6_users` (`name`, `email`, `usertype`) VALUES ('مريم روفائيل سامي روفائيل ', '', 'الخريجين');
INSERT INTO `lk9v6_alumni_main` (`id`, `user_id`, `approved`) VALUES (238699, 238699, 1);
INSERT INTO `lk9v6_alumni_data` (`alumni_id`, `graduation_year`, `fid`, `job`, `address`, `city`, `country`, `phone`, `gid`, `mobile`, `nationalnumber`, `department`, `division`, `with_honor`) VALUES (238699, 2003, '23', '', '', '', '', '', '', '', '', 'التربية الفنية ', '', '');
INSERT INTO `lk9v6_users` (`name`, `email`, `usertype`) VALUES ('مني المتولي محمود صبره ', '', 'الخريجين');
INSERT INTO `lk9v6_alumni_main` (`id`, `user_id`, `approved`) VALUES (238700, 238700, 1);
INSERT INTO `lk9v6_alumni_data` (`alumni_id`, `graduation_year`, `fid`, `job`, `address`, `city`, `country`, `phone`, `gid`, `mobile`, `nationalnumber`, `department`, `division`, `with_honor`) VALUES (238700, 2003, '23', '', '', '', '', '', '', '', '', 'التربية الفنية ', '', '');
INSERT INTO `lk9v6_users` (`name`, `email`, `usertype`) VALUES ('مهجه أحمد شوقي منير ', '', 'الخريجين');
INSERT INTO `lk9v6_alumni_main` (`id`, `user_id`, `approved`) VALUES (238701, 238701, 1);
INSERT INTO `lk9v6_alumni_data` (`alumni_id`, `graduation_year`, `fid`, `job`, `address`, `city`, `country`, `phone`, `gid`, `mobile`, `nationalnumber`, `department`, `division`, `with_honor`) VALUES (238701, 2003, '23', '', '', '', '', '', '', '', '', 'التربية الفنية ', '', '');
INSERT INTO `lk9v6_users` (`name`, `email`, `usertype`) VALUES ('مي محمد داود حسن ', '', 'الخريجين');
INSERT INTO `lk9v6_alumni_main` (`id`, `user_id`, `approved`) VALUES (238702, 238702, 1);
INSERT INTO `lk9v6_alumni_data` (`alumni_id`, `graduation_year`, `fid`, `job`, `address`, `city`, `country`, `phone`, `gid`, `mobile`, `nationalnumber`, `department`, `division`, `with_honor`) VALUES (238702, 2003, '23', '', '', '', '', '', '', '', '', 'التربية الفنية ', '', '');
INSERT INTO `lk9v6_users` (`name`, `email`, `usertype`) VALUES ('نرمين رمزي محمد أحمد', '', 'الخريجين');
INSERT INTO `lk9v6_alumni_main` (`id`, `user_id`, `approved`) VALUES (238703, 238703, 1);
INSERT INTO `lk9v6_alumni_data` (`alumni_id`, `graduation_year`, `fid`, `job`, `address`, `city`, `country`, `phone`, `gid`, `mobile`, `nationalnumber`, `department`, `division`, `with_honor`) VALUES (238703, 2003, '23', '', '', '', '', '', '', '', '', 'التربية الفنية ', '', '');
INSERT INTO `lk9v6_users` (`name`, `email`, `usertype`) VALUES ('نورهان طارق محمد كامل ', '', 'الخريجين');
INSERT INTO `lk9v6_alumni_main` (`id`, `user_id`, `approved`) VALUES (238704, 238704, 1);
INSERT INTO `lk9v6_alumni_data` (`alumni_id`, `graduation_year`, `fid`, `job`, `address`, `city`, `country`, `phone`, `gid`, `mobile`, `nationalnumber`, `department`, `division`, `with_honor`) VALUES (238704, 2003, '23', '', '', '', '', '', '', '', '', 'التربية الفنية ', '', '');
INSERT INTO `lk9v6_users` (`name`, `email`, `usertype`) VALUES ('هبة عبد الله أبو المعاطي ', '', 'الخريجين');
INSERT INTO `lk9v6_alumni_main` (`id`, `user_id`, `approved`) VALUES (238705, 238705, 1);
INSERT INTO `lk9v6_alumni_data` (`alumni_id`, `graduation_year`, `fid`, `job`, `address`, `city`, `country`, `phone`, `gid`, `mobile`, `nationalnumber`, `department`, `division`, `with_honor`) VALUES (238705, 2003, '23', '', '', '', '', '', '', '', '', 'التربية الفنية ', '', '');
INSERT INTO `lk9v6_users` (`name`, `email`, `usertype`) VALUES ('وفاء محمد سعيد محمود ', '', 'الخريجين');
INSERT INTO `lk9v6_alumni_main` (`id`, `user_id`, `approved`) VALUES (238706, 238706, 1);
INSERT INTO `lk9v6_alumni_data` (`alumni_id`, `graduation_year`, `fid`, `job`, `address`, `city`, `country`, `phone`, `gid`, `mobile`, `nationalnumber`, `department`, `division`, `with_honor`) VALUES (238706, 2003, '23', '', '', '', '', '', '', '', '', 'التربية الفنية ', '', '');
INSERT INTO `lk9v6_users` (`name`, `email`, `usertype`) VALUES ('ياسمين صلاح الدين أحمد محمد', '', 'الخريجين');
INSERT INTO `lk9v6_alumni_main` (`id`, `user_id`, `approved`) VALUES (238707, 238707, 1);
INSERT INTO `lk9v6_alumni_data` (`alumni_id`, `graduation_year`, `fid`, `job`, `address`, `city`, `country`, `phone`, `gid`, `mobile`, `nationalnumber`, `department`, `division`, `with_honor`) VALUES (238707, 2003, '23', '', '', '', '', '', '', '', '', 'التربية الفنية ', '', '');
INSERT INTO `lk9v6_users` (`name`, `email`, `usertype`) VALUES ('ابتهال حسين أحمد حسين ', '', 'الخريجين');
INSERT INTO `lk9v6_alumni_main` (`id`, `user_id`, `approved`) VALUES (238708, 238708, 1);
INSERT INTO `lk9v6_alumni_data` (`alumni_id`, `graduation_year`, `fid`, `job`, `address`, `city`, `country`, `phone`, `gid`, `mobile`, `nationalnumber`, `department`, `division`, `with_honor`) VALUES (238708, 2003, '23', '', '', '', '', '', '', '', '', 'التربية الفنية ', '', '');
INSERT INTO `lk9v6_users` (`name`, `email`, `usertype`) VALUES ('أميرة سعيد سيد محمد', '', 'الخريجين');
INSERT INTO `lk9v6_alumni_main` (`id`, `user_id`, `approved`) VALUES (238709, 238709, 1);
INSERT INTO `lk9v6_alumni_data` (`alumni_id`, `graduation_year`, `fid`, `job`, `address`, `city`, `country`, `phone`, `gid`, `mobile`, `nationalnumber`, `department`, `division`, `with_honor`) VALUES (238709, 2003, '23', '', '', '', '', '', '', '', '', 'التربية الفنية ', '', '');
INSERT INTO `lk9v6_users` (`name`, `email`, `usertype`) VALUES ('أميرة محمد حافظ حسن قمر ', '', 'الخريجين');
INSERT INTO `lk9v6_alumni_main` (`id`, `user_id`, `approved`) VALUES (238710, 238710, 1);
INSERT INTO `lk9v6_alumni_data` (`alumni_id`, `graduation_year`, `fid`, `job`, `address`, `city`, `country`, `phone`, `gid`, `mobile`, `nationalnumber`, `department`, `division`, `with_honor`) VALUES (238710, 2003, '23', '', '', '', '', '', '', '', '', 'التربية الفنية ', '', '');
INSERT INTO `lk9v6_users` (`name`, `email`, `usertype`) VALUES ('أمنية جلال علي حسن ', '', 'الخريجين');
INSERT INTO `lk9v6_alumni_main` (`id`, `user_id`, `approved`) VALUES (238711, 238711, 1);
INSERT INTO `lk9v6_alumni_data` (`alumni_id`, `graduation_year`, `fid`, `job`, `address`, `city`, `country`, `phone`, `gid`, `mobile`, `nationalnumber`, `department`, `division`, `with_honor`) VALUES (238711, 2003, '23', '', '', '', '', '', '', '', '', 'التربية الفنية ', '', '');
INSERT INTO `lk9v6_users` (`name`, `email`, `usertype`) VALUES ('ايمان مصطفي محمد السعدني ', '', 'الخريجين');
INSERT INTO `lk9v6_alumni_main` (`id`, `user_id`, `approved`) VALUES (238712, 238712, 1);
INSERT INTO `lk9v6_alumni_data` (`alumni_id`, `graduation_year`, `fid`, `job`, `address`, `city`, `country`, `phone`, `gid`, `mobile`, `nationalnumber`, `department`, `division`, `with_honor`) VALUES (238712, 2003, '23', '', '', '', '', '', '', '', '', 'التربية الفنية ', '', '');
INSERT INTO `lk9v6_users` (`name`, `email`, `usertype`) VALUES ('ايمان منصف محمد السيد ', '', 'الخريجين');
INSERT INTO `lk9v6_alumni_main` (`id`, `user_id`, `approved`) VALUES (238713, 238713, 1);
INSERT INTO `lk9v6_alumni_data` (`alumni_id`, `graduation_year`, `fid`, `job`, `address`, `city`, `country`, `phone`, `gid`, `mobile`, `nationalnumber`, `department`, `division`, `with_honor`) VALUES (238713, 2003, '23', '', '', '', '', '', '', '', '', 'التربية الفنية ', '', '');
INSERT INTO `lk9v6_users` (`name`, `email`, `usertype`) VALUES ('بسمة سعيد عبد الحميد ', '', 'الخريجين');
INSERT INTO `lk9v6_alumni_main` (`id`, `user_id`, `approved`) VALUES (238714, 238714, 1);
INSERT INTO `lk9v6_alumni_data` (`alumni_id`, `graduation_year`, `fid`, `job`, `address`, `city`, `country`, `phone`, `gid`, `mobile`, `nationalnumber`, `department`, `division`, `with_honor`) VALUES (238714, 2003, '23', '', '', '', '', '', '', '', '', 'التربية الفنية ', '', '');
INSERT INTO `lk9v6_users` (`name`, `email`, `usertype`) VALUES ('بسمة محمد عبد المنعم ابراهيم ', '', 'الخريجين');
INSERT INTO `lk9v6_alumni_main` (`id`, `user_id`, `approved`) VALUES (238715, 238715, 1);
INSERT INTO `lk9v6_alumni_data` (`alumni_id`, `graduation_year`, `fid`, `job`, `address`, `city`, `country`, `phone`, `gid`, `mobile`, `nationalnumber`, `department`, `division`, `with_honor`) VALUES (238715, 2003, '23', '', '', '', '', '', '', '', '', 'التربية الفنية ', '', '');
INSERT INTO `lk9v6_users` (`name`, `email`, `usertype`) VALUES ('بسنت عبد الشافي عبد الحليم ', '', 'الخريجين');
INSERT INTO `lk9v6_alumni_main` (`id`, `user_id`, `approved`) VALUES (238716, 238716, 1);
INSERT INTO `lk9v6_alumni_data` (`alumni_id`, `graduation_year`, `fid`, `job`, `address`, `city`, `country`, `phone`, `gid`, `mobile`, `nationalnumber`, `department`, `division`, `with_honor`) VALUES (238716, 2003, '23', '', '', '', '', '', '', '', '', 'التربية الفنية ', '', '');
INSERT INTO `lk9v6_users` (`name`, `email`, `usertype`) VALUES ('داليا السيد حسين سعد الدين ', '', 'الخريجين');
INSERT INTO `lk9v6_alumni_main` (`id`, `user_id`, `approved`) VALUES (238717, 238717, 1);
INSERT INTO `lk9v6_alumni_data` (`alumni_id`, `graduation_year`, `fid`, `job`, `address`, `city`, `country`, `phone`, `gid`, `mobile`, `nationalnumber`, `department`, `division`, `with_honor`) VALUES (238717, 2003, '23', '', '', '', '', '', '', '', '', 'التربية الفنية ', '', '');
INSERT INTO `lk9v6_users` (`name`, `email`, `usertype`) VALUES ('دينا محمد مسعد أحمد عمر ', '', 'الخريجين');
INSERT INTO `lk9v6_alumni_main` (`id`, `user_id`, `approved`) VALUES (238718, 238718, 1);
INSERT INTO `lk9v6_alumni_data` (`alumni_id`, `graduation_year`, `fid`, `job`, `address`, `city`, `country`, `phone`, `gid`, `mobile`, `nationalnumber`, `department`, `division`, `with_honor`) VALUES (238718, 2003, '23', '', '', '', '', '', '', '', '', 'التربية الفنية ', '', '');
INSERT INTO `lk9v6_users` (`name`, `email`, `usertype`) VALUES ('رانيا مصطفي أحمد محمد', '', 'الخريجين');
INSERT INTO `lk9v6_alumni_main` (`id`, `user_id`, `approved`) VALUES (238719, 238719, 1);
INSERT INTO `lk9v6_alumni_data` (`alumni_id`, `graduation_year`, `fid`, `job`, `address`, `city`, `country`, `phone`, `gid`, `mobile`, `nationalnumber`, `department`, `division`, `with_honor`) VALUES (238719, 2003, '23', '', '', '', '', '', '', '', '', 'التربية الفنية ', '', '');
INSERT INTO `lk9v6_users` (`name`, `email`, `usertype`) VALUES ('رحاب أحمد ابراهيم رومه', '', 'الخريجين');
INSERT INTO `lk9v6_alumni_main` (`id`, `user_id`, `approved`) VALUES (238720, 238720, 1);
INSERT INTO `lk9v6_alumni_data` (`alumni_id`, `graduation_year`, `fid`, `job`, `address`, `city`, `country`, `phone`, `gid`, `mobile`, `nationalnumber`, `department`, `division`, `with_honor`) VALUES (238720, 2003, '23', '', '', '', '', '', '', '', '', 'التربية الفنية ', '', '');
INSERT INTO `lk9v6_users` (`name`, `email`, `usertype`) VALUES ('رحاب محمد عبد القادر ', '', 'الخريجين');
INSERT INTO `lk9v6_alumni_main` (`id`, `user_id`, `approved`) VALUES (238721, 238721, 1);
INSERT INTO `lk9v6_alumni_data` (`alumni_id`, `graduation_year`, `fid`, `job`, `address`, `city`, `country`, `phone`, `gid`, `mobile`, `nationalnumber`, `department`, `division`, `with_honor`) VALUES (238721, 2003, '23', '', '', '', '', '', '', '', '', 'التربية الفنية ', '', '');
INSERT INTO `lk9v6_users` (`name`, `email`, `usertype`) VALUES ('رشا عصام عبد ارازق مختار ', '', 'الخريجين');
INSERT INTO `lk9v6_alumni_main` (`id`, `user_id`, `approved`) VALUES (238722, 238722, 1);
INSERT INTO `lk9v6_alumni_data` (`alumni_id`, `graduation_year`, `fid`, `job`, `address`, `city`, `country`, `phone`, `gid`, `mobile`, `nationalnumber`, `department`, `division`, `with_honor`) VALUES (238722, 2003, '23', '', '', '', '', '', '', '', '', 'التربية الفنية ', '', '');
INSERT INTO `lk9v6_users` (`name`, `email`, `usertype`) VALUES ('رشا فهمي محمد مرسي ', '', 'الخريجين');
INSERT INTO `lk9v6_alumni_main` (`id`, `user_id`, `approved`) VALUES (238723, 238723, 1);
INSERT INTO `lk9v6_alumni_data` (`alumni_id`, `graduation_year`, `fid`, `job`, `address`, `city`, `country`, `phone`, `gid`, `mobile`, `nationalnumber`, `department`, `division`, `with_honor`) VALUES (238723, 2003, '23', '', '', '', '', '', '', '', '', 'التربية الفنية ', '', '');
INSERT INTO `lk9v6_users` (`name`, `email`, `usertype`) VALUES ('سارة محمد محمود مبروك', '', 'الخريجين');
INSERT INTO `lk9v6_alumni_main` (`id`, `user_id`, `approved`) VALUES (238724, 238724, 1);
INSERT INTO `lk9v6_alumni_data` (`alumni_id`, `graduation_year`, `fid`, `job`, `address`, `city`, `country`, `phone`, `gid`, `mobile`, `nationalnumber`, `department`, `division`, `with_honor`) VALUES (238724, 2003, '23', '', '', '', '', '', '', '', '', 'التربية الفنية ', '', '');
INSERT INTO `lk9v6_users` (`name`, `email`, `usertype`) VALUES ('سامية محمد عبد المنعم ', '', 'الخريجين');
INSERT INTO `lk9v6_alumni_main` (`id`, `user_id`, `approved`) VALUES (238725, 238725, 1);
INSERT INTO `lk9v6_alumni_data` (`alumni_id`, `graduation_year`, `fid`, `job`, `address`, `city`, `country`, `phone`, `gid`, `mobile`, `nationalnumber`, `department`, `division`, `with_honor`) VALUES (238725, 2003, '23', '', '', '', '', '', '', '', '', 'التربية الفنية ', '', '');
INSERT INTO `lk9v6_users` (`name`, `email`, `usertype`) VALUES ('سنابل سمير عبد الله كيوان ', '', 'الخريجين');
INSERT INTO `lk9v6_alumni_main` (`id`, `user_id`, `approved`) VALUES (238726, 238726, 1);
INSERT INTO `lk9v6_alumni_data` (`alumni_id`, `graduation_year`, `fid`, `job`, `address`, `city`, `country`, `phone`, `gid`, `mobile`, `nationalnumber`, `department`, `division`, `with_honor`) VALUES (238726, 2003, '23', '', '', '', '', '', '', '', '', 'التربية الفنية ', '', '');
INSERT INTO `lk9v6_users` (`name`, `email`, `usertype`) VALUES ('شوكت أحمد حامد أبو الخير ', '', 'الخريجين');
INSERT INTO `lk9v6_alumni_main` (`id`, `user_id`, `approved`) VALUES (238727, 238727, 1);
INSERT INTO `lk9v6_alumni_data` (`alumni_id`, `graduation_year`, `fid`, `job`, `address`, `city`, `country`, `phone`, `gid`, `mobile`, `nationalnumber`, `department`, `division`, `with_honor`) VALUES (238727, 2003, '23', '', '', '', '', '', '', '', '', 'التربية الفنية ', '', '');
INSERT INTO `lk9v6_users` (`name`, `email`, `usertype`) VALUES ('شيماء محروس حنفي محمود', '', 'الخريجين');
INSERT INTO `lk9v6_alumni_main` (`id`, `user_id`, `approved`) VALUES (238728, 238728, 1);
INSERT INTO `lk9v6_alumni_data` (`alumni_id`, `graduation_year`, `fid`, `job`, `address`, `city`, `country`, `phone`, `gid`, `mobile`, `nationalnumber`, `department`, `division`, `with_honor`) VALUES (238728, 2003, '23', '', '', '', '', '', '', '', '', 'التربية الفنية ', '', '');
INSERT INTO `lk9v6_users` (`name`, `email`, `usertype`) VALUES ('صفاء أحمد شعبان عيد ', '', 'الخريجين');
INSERT INTO `lk9v6_alumni_main` (`id`, `user_id`, `approved`) VALUES (238729, 238729, 1);
INSERT INTO `lk9v6_alumni_data` (`alumni_id`, `graduation_year`, `fid`, `job`, `address`, `city`, `country`, `phone`, `gid`, `mobile`, `nationalnumber`, `department`, `division`, `with_honor`) VALUES (238729, 2003, '23', '', '', '', '', '', '', '', '', 'التربية الفنية ', '', '');
INSERT INTO `lk9v6_users` (`name`, `email`, `usertype`) VALUES ('علا فخري محمود فتحي ', '', 'الخريجين');
INSERT INTO `lk9v6_alumni_main` (`id`, `user_id`, `approved`) VALUES (238730, 238730, 1);
INSERT INTO `lk9v6_alumni_data` (`alumni_id`, `graduation_year`, `fid`, `job`, `address`, `city`, `country`, `phone`, `gid`, `mobile`, `nationalnumber`, `department`, `division`, `with_honor`) VALUES (238730, 2003, '23', '', '', '', '', '', '', '', '', 'التربية الفنية ', '', '');
INSERT INTO `lk9v6_users` (`name`, `email`, `usertype`) VALUES ('ماري جميل زكي شحاته ', '', 'الخريجين');
INSERT INTO `lk9v6_alumni_main` (`id`, `user_id`, `approved`) VALUES (238731, 238731, 1);
INSERT INTO `lk9v6_alumni_data` (`alumni_id`, `graduation_year`, `fid`, `job`, `address`, `city`, `country`, `phone`, `gid`, `mobile`, `nationalnumber`, `department`, `division`, `with_honor`) VALUES (238731, 2003, '23', '', '', '', '', '', '', '', '', 'التربية الفنية ', '', '');
INSERT INTO `lk9v6_users` (`name`, `email`, `usertype`) VALUES ('ماريان حبيب يوسف نيروز ', '', 'الخريجين');
INSERT INTO `lk9v6_alumni_main` (`id`, `user_id`, `approved`) VALUES (238732, 238732, 1);
INSERT INTO `lk9v6_alumni_data` (`alumni_id`, `graduation_year`, `fid`, `job`, `address`, `city`, `country`, `phone`, `gid`, `mobile`, `nationalnumber`, `department`, `division`, `with_honor`) VALUES (238732, 2003, '23', '', '', '', '', '', '', '', '', 'التربية الفنية ', '', '');
INSERT INTO `lk9v6_users` (`name`, `email`, `usertype`) VALUES ('مصطفي عبد النبي السيد جمعه', '', 'الخريجين');
INSERT INTO `lk9v6_alumni_main` (`id`, `user_id`, `approved`) VALUES (238733, 238733, 1);
INSERT INTO `lk9v6_alumni_data` (`alumni_id`, `graduation_year`, `fid`, `job`, `address`, `city`, `country`, `phone`, `gid`, `mobile`, `nationalnumber`, `department`, `division`, `with_honor`) VALUES (238733, 2003, '23', '', '', '', '', '', '', '', '', 'التربية الفنية ', '', '');
INSERT INTO `lk9v6_users` (`name`, `email`, `usertype`) VALUES ('مريم موريس ميخائيل اندراوس ', '', 'الخريجين');
INSERT INTO `lk9v6_alumni_main` (`id`, `user_id`, `approved`) VALUES (238734, 238734, 1);
INSERT INTO `lk9v6_alumni_data` (`alumni_id`, `graduation_year`, `fid`, `job`, `address`, `city`, `country`, `phone`, `gid`, `mobile`, `nationalnumber`, `department`, `division`, `with_honor`) VALUES (238734, 2003, '23', '', '', '', '', '', '', '', '', 'التربية الفنية ', '', '');
INSERT INTO `lk9v6_users` (`name`, `email`, `usertype`) VALUES ('مني محمد توفيق محمد ', '', 'الخريجين');
INSERT INTO `lk9v6_alumni_main` (`id`, `user_id`, `approved`) VALUES (238735, 238735, 1);
INSERT INTO `lk9v6_alumni_data` (`alumni_id`, `graduation_year`, `fid`, `job`, `address`, `city`, `country`, `phone`, `gid`, `mobile`, `nationalnumber`, `department`, `division`, `with_honor`) VALUES (238735, 2003, '23', '', '', '', '', '', '', '', '', 'التربية الفنية ', '', '');
INSERT INTO `lk9v6_users` (`name`, `email`, `usertype`) VALUES ('مي مراد عبد الله عوض ', '', 'الخريجين');
INSERT INTO `lk9v6_alumni_main` (`id`, `user_id`, `approved`) VALUES (238736, 238736, 1);
INSERT INTO `lk9v6_alumni_data` (`alumni_id`, `graduation_year`, `fid`, `job`, `address`, `city`, `country`, `phone`, `gid`, `mobile`, `nationalnumber`, `department`, `division`, `with_honor`) VALUES (238736, 2003, '23', '', '', '', '', '', '', '', '', 'التربية الفنية ', '', '');
INSERT INTO `lk9v6_users` (`name`, `email`, `usertype`) VALUES ('نهاد محمد عبد الصمد ابراهيم ', '', 'الخريجين');
INSERT INTO `lk9v6_alumni_main` (`id`, `user_id`, `approved`) VALUES (238737, 238737, 1);
INSERT INTO `lk9v6_alumni_data` (`alumni_id`, `graduation_year`, `fid`, `job`, `address`, `city`, `country`, `phone`, `gid`, `mobile`, `nationalnumber`, `department`, `division`, `with_honor`) VALUES (238737, 2003, '23', '', '', '', '', '', '', '', '', 'التربية الفنية ', '', '');
INSERT INTO `lk9v6_users` (`name`, `email`, `usertype`) VALUES ('نور الهدي حسن محمد', '', 'الخريجين');
INSERT INTO `lk9v6_alumni_main` (`id`, `user_id`, `approved`) VALUES (238738, 238738, 1);
INSERT INTO `lk9v6_alumni_data` (`alumni_id`, `graduation_year`, `fid`, `job`, `address`, `city`, `country`, `phone`, `gid`, `mobile`, `nationalnumber`, `department`, `division`, `with_honor`) VALUES (238738, 2003, '23', '', '', '', '', '', '', '', '', 'التربية الفنية ', '', '');
INSERT INTO `lk9v6_users` (`name`, `email`, `usertype`) VALUES ('نورهان أحمد محمود يونس ', '', 'الخريجين');
INSERT INTO `lk9v6_alumni_main` (`id`, `user_id`, `approved`) VALUES (238739, 238739, 1);
INSERT INTO `lk9v6_alumni_data` (`alumni_id`, `graduation_year`, `fid`, `job`, `address`, `city`, `country`, `phone`, `gid`, `mobile`, `nationalnumber`, `department`, `division`, `with_honor`) VALUES (238739, 2003, '23', '', '', '', '', '', '', '', '', 'التربية الفنية ', '', '');
INSERT INTO `lk9v6_users` (`name`, `email`, `usertype`) VALUES ('نهي سيد كمال قاصد ', '', 'الخريجين');
INSERT INTO `lk9v6_alumni_main` (`id`, `user_id`, `approved`) VALUES (238740, 238740, 1);
INSERT INTO `lk9v6_alumni_data` (`alumni_id`, `graduation_year`, `fid`, `job`, `address`, `city`, `country`, `phone`, `gid`, `mobile`, `nationalnumber`, `department`, `division`, `with_honor`) VALUES (238740, 2003, '23', '', '', '', '', '', '', '', '', 'التربية الفنية ', '', '');
INSERT INTO `lk9v6_users` (`name`, `email`, `usertype`) VALUES ('نيفين علي عبد اللطيف خطاب ', '', 'الخريجين');
INSERT INTO `lk9v6_alumni_main` (`id`, `user_id`, `approved`) VALUES (238741, 238741, 1);
INSERT INTO `lk9v6_alumni_data` (`alumni_id`, `graduation_year`, `fid`, `job`, `address`, `city`, `country`, `phone`, `gid`, `mobile`, `nationalnumber`, `department`, `division`, `with_honor`) VALUES (238741, 2003, '23', '', '', '', '', '', '', '', '', 'التربية الفنية ', '', '');
INSERT INTO `lk9v6_users` (`name`, `email`, `usertype`) VALUES ('ياسمين صلاح الدين كامل علي ', '', 'الخريجين');
INSERT INTO `lk9v6_alumni_main` (`id`, `user_id`, `approved`) VALUES (238742, 238742, 1);
INSERT INTO `lk9v6_alumni_data` (`alumni_id`, `graduation_year`, `fid`, `job`, `address`, `city`, `country`, `phone`, `gid`, `mobile`, `nationalnumber`, `department`, `division`, `with_honor`) VALUES (238742, 2003, '23', '', '', '', '', '', '', '', '', 'التربية الفنية ', '', '');
INSERT INTO `lk9v6_users` (`name`, `email`, `usertype`) VALUES ('شيماء محمد كامل رسلان ', '', 'الخريجين');
INSERT INTO `lk9v6_alumni_main` (`id`, `user_id`, `approved`) VALUES (238743, 238743, 1);
INSERT INTO `lk9v6_alumni_data` (`alumni_id`, `graduation_year`, `fid`, `job`, `address`, `city`, `country`, `phone`, `gid`, `mobile`, `nationalnumber`, `department`, `division`, `with_honor`) VALUES (238743, 2003, '23', '', '', '', '', '', '', '', '', 'التربية الفنية ', '', '');
INSERT INTO `lk9v6_users` (`name`, `email`, `usertype`) VALUES ('داليا عاصم عبد الهادي خليفة ', '', 'الخريجين');
INSERT INTO `lk9v6_alumni_main` (`id`, `user_id`, `approved`) VALUES (238744, 238744, 1);
INSERT INTO `lk9v6_alumni_data` (`alumni_id`, `graduation_year`, `fid`, `job`, `address`, `city`, `country`, `phone`, `gid`, `mobile`, `nationalnumber`, `department`, `division`, `with_honor`) VALUES (238744, 2003, '23', '', '', '', '', '', '', '', '', 'التربية الفنية ', '', '');
INSERT INTO `lk9v6_users` (`name`, `email`, `usertype`) VALUES ('إسلام سعيد محمد محمد', '', 'الخريجين');
INSERT INTO `lk9v6_alumni_main` (`id`, `user_id`, `approved`) VALUES (238745, 238745, 1);
INSERT INTO `lk9v6_alumni_data` (`alumni_id`, `graduation_year`, `fid`, `job`, `address`, `city`, `country`, `phone`, `gid`, `mobile`, `nationalnumber`, `department`, `division`, `with_honor`) VALUES (238745, 2003, '23', '', '', '', '', '', '', '', '', 'التربية الموسيقية ', '', '');
INSERT INTO `lk9v6_users` (`name`, `email`, `usertype`) VALUES ('شريهان أحمد علي الحديني ', '', 'الخريجين');
INSERT INTO `lk9v6_alumni_main` (`id`, `user_id`, `approved`) VALUES (238746, 238746, 1);
INSERT INTO `lk9v6_alumni_data` (`alumni_id`, `graduation_year`, `fid`, `job`, `address`, `city`, `country`, `phone`, `gid`, `mobile`, `nationalnumber`, `department`, `division`, `with_honor`) VALUES (238746, 2003, '23', '', '', '', '', '', '', '', '', 'التربية الموسيقية ', '', '');
INSERT INTO `lk9v6_users` (`name`, `email`, `usertype`) VALUES ('أميرة حسن عبد المنعم', '', 'الخريجين');
INSERT INTO `lk9v6_alumni_main` (`id`, `user_id`, `approved`) VALUES (238747, 238747, 1);
INSERT INTO `lk9v6_alumni_data` (`alumni_id`, `graduation_year`, `fid`, `job`, `address`, `city`, `country`, `phone`, `gid`, `mobile`, `nationalnumber`, `department`, `division`, `with_honor`) VALUES (238747, 2003, '23', '', '', '', '', '', '', '', '', 'التربية الموسيقية ', '', '');
INSERT INTO `lk9v6_users` (`name`, `email`, `usertype`) VALUES ('جيرمين جورج أنور إيليا ', '', 'الخريجين');
INSERT INTO `lk9v6_alumni_main` (`id`, `user_id`, `approved`) VALUES (238748, 238748, 1);
INSERT INTO `lk9v6_alumni_data` (`alumni_id`, `graduation_year`, `fid`, `job`, `address`, `city`, `country`, `phone`, `gid`, `mobile`, `nationalnumber`, `department`, `division`, `with_honor`) VALUES (238748, 2003, '23', '', '', '', '', '', '', '', '', 'التربية الموسيقية ', '', '');
INSERT INTO `lk9v6_users` (`name`, `email`, `usertype`) VALUES ('دينا محمد حسن أحمد', '', 'الخريجين');
INSERT INTO `lk9v6_alumni_main` (`id`, `user_id`, `approved`) VALUES (238749, 238749, 1);
INSERT INTO `lk9v6_alumni_data` (`alumni_id`, `graduation_year`, `fid`, `job`, `address`, `city`, `country`, `phone`, `gid`, `mobile`, `nationalnumber`, `department`, `division`, `with_honor`) VALUES (238749, 2003, '23', '', '', '', '', '', '', '', '', 'التربية الموسيقية ', '', '');
INSERT INTO `lk9v6_users` (`name`, `email`, `usertype`) VALUES ('رضوي أحمد محمد العدوي ', '', 'الخريجين');
INSERT INTO `lk9v6_alumni_main` (`id`, `user_id`, `approved`) VALUES (238750, 238750, 1);
INSERT INTO `lk9v6_alumni_data` (`alumni_id`, `graduation_year`, `fid`, `job`, `address`, `city`, `country`, `phone`, `gid`, `mobile`, `nationalnumber`, `department`, `division`, `with_honor`) VALUES (238750, 2003, '23', '', '', '', '', '', '', '', '', 'التربية الموسيقية ', '', '');
INSERT INTO `lk9v6_users` (`name`, `email`, `usertype`) VALUES ('سماء علي حسني محمد اسماعيل ', '', 'الخريجين');
INSERT INTO `lk9v6_alumni_main` (`id`, `user_id`, `approved`) VALUES (238751, 238751, 1);
INSERT INTO `lk9v6_alumni_data` (`alumni_id`, `graduation_year`, `fid`, `job`, `address`, `city`, `country`, `phone`, `gid`, `mobile`, `nationalnumber`, `department`, `division`, `with_honor`) VALUES (238751, 2003, '23', '', '', '', '', '', '', '', '', 'التربية الموسيقية ', '', '');
INSERT INTO `lk9v6_users` (`name`, `email`, `usertype`) VALUES ('شيماء محمد محمد مصطفي ', '', 'الخريجين');
INSERT INTO `lk9v6_alumni_main` (`id`, `user_id`, `approved`) VALUES (238752, 238752, 1);
INSERT INTO `lk9v6_alumni_data` (`alumni_id`, `graduation_year`, `fid`, `job`, `address`, `city`, `country`, `phone`, `gid`, `mobile`, `nationalnumber`, `department`, `division`, `with_honor`) VALUES (238752, 2003, '23', '', '', '', '', '', '', '', '', 'التربية الموسيقية ', '', '');
INSERT INTO `lk9v6_users` (`name`, `email`, `usertype`) VALUES ('محمد السيد دسوقي حماد', '', 'الخريجين');
INSERT INTO `lk9v6_alumni_main` (`id`, `user_id`, `approved`) VALUES (238753, 238753, 1);
INSERT INTO `lk9v6_alumni_data` (`alumni_id`, `graduation_year`, `fid`, `job`, `address`, `city`, `country`, `phone`, `gid`, `mobile`, `nationalnumber`, `department`, `division`, `with_honor`) VALUES (238753, 2003, '23', '', '', '', '', '', '', '', '', 'التربية الموسيقية ', '', '');
INSERT INTO `lk9v6_users` (`name`, `email`, `usertype`) VALUES ('مرام حسين محمود شعبان ', '', 'الخريجين');
INSERT INTO `lk9v6_alumni_main` (`id`, `user_id`, `approved`) VALUES (238754, 238754, 1);
INSERT INTO `lk9v6_alumni_data` (`alumni_id`, `graduation_year`, `fid`, `job`, `address`, `city`, `country`, `phone`, `gid`, `mobile`, `nationalnumber`, `department`, `division`, `with_honor`) VALUES (238754, 2003, '23', '', '', '', '', '', '', '', '', 'التربية الموسيقية ', '', '');
INSERT INTO `lk9v6_users` (`name`, `email`, `usertype`) VALUES ('مريم صبحي زخاري جيد', '', 'الخريجين');
INSERT INTO `lk9v6_alumni_main` (`id`, `user_id`, `approved`) VALUES (238755, 238755, 1);
INSERT INTO `lk9v6_alumni_data` (`alumni_id`, `graduation_year`, `fid`, `job`, `address`, `city`, `country`, `phone`, `gid`, `mobile`, `nationalnumber`, `department`, `division`, `with_honor`) VALUES (238755, 2003, '23', '', '', '', '', '', '', '', '', 'التربية الموسيقية ', '', '');
INSERT INTO `lk9v6_users` (`name`, `email`, `usertype`) VALUES ('هبة محمد جلال علي زهدي', '', 'الخريجين');
INSERT INTO `lk9v6_alumni_main` (`id`, `user_id`, `approved`) VALUES (238756, 238756, 1);
INSERT INTO `lk9v6_alumni_data` (`alumni_id`, `graduation_year`, `fid`, `job`, `address`, `city`, `country`, `phone`, `gid`, `mobile`, `nationalnumber`, `department`, `division`, `with_honor`) VALUES (238756, 2003, '23', '', '', '', '', '', '', '', '', 'التربية الموسيقية ', '', '');
INSERT INTO `lk9v6_users` (`name`, `email`, `usertype`) VALUES ('أحمد سامي أحمد محمد صالح', '', 'الخريجين');
INSERT INTO `lk9v6_alumni_main` (`id`, `user_id`, `approved`) VALUES (238757, 238757, 1);
INSERT INTO `lk9v6_alumni_data` (`alumni_id`, `graduation_year`, `fid`, `job`, `address`, `city`, `country`, `phone`, `gid`, `mobile`, `nationalnumber`, `department`, `division`, `with_honor`) VALUES (238757, 2003, '23', '', '', '', '', '', '', '', '', 'التربية الموسيقية ', '', '');
INSERT INTO `lk9v6_users` (`name`, `email`, `usertype`) VALUES ('أحمد محمد محمد مصطفي ', '', 'الخريجين');
INSERT INTO `lk9v6_alumni_main` (`id`, `user_id`, `approved`) VALUES (238758, 238758, 1);
INSERT INTO `lk9v6_alumni_data` (`alumni_id`, `graduation_year`, `fid`, `job`, `address`, `city`, `country`, `phone`, `gid`, `mobile`, `nationalnumber`, `department`, `division`, `with_honor`) VALUES (238758, 2003, '23', '', '', '', '', '', '', '', '', 'التربية الموسيقية ', '', '');
INSERT INTO `lk9v6_users` (`name`, `email`, `usertype`) VALUES ('إنجي فؤاد محمد أحمد يونس ', '', 'الخريجين');
INSERT INTO `lk9v6_alumni_main` (`id`, `user_id`, `approved`) VALUES (238759, 238759, 1);
INSERT INTO `lk9v6_alumni_data` (`alumni_id`, `graduation_year`, `fid`, `job`, `address`, `city`, `country`, `phone`, `gid`, `mobile`, `nationalnumber`, `department`, `division`, `with_honor`) VALUES (238759, 2003, '23', '', '', '', '', '', '', '', '', 'التربية الموسيقية ', '', '');
INSERT INTO `lk9v6_users` (`name`, `email`, `usertype`) VALUES ('ايناس محمود محمود المزارة ', '', 'الخريجين');
INSERT INTO `lk9v6_alumni_main` (`id`, `user_id`, `approved`) VALUES (238760, 238760, 1);
INSERT INTO `lk9v6_alumni_data` (`alumni_id`, `graduation_year`, `fid`, `job`, `address`, `city`, `country`, `phone`, `gid`, `mobile`, `nationalnumber`, `department`, `division`, `with_honor`) VALUES (238760, 2003, '23', '', '', '', '', '', '', '', '', 'التربية الموسيقية ', '', '');
INSERT INTO `lk9v6_users` (`name`, `email`, `usertype`) VALUES ('دعاء أبو المكارم محرم ', '', 'الخريجين');
INSERT INTO `lk9v6_alumni_main` (`id`, `user_id`, `approved`) VALUES (238761, 238761, 1);
INSERT INTO `lk9v6_alumni_data` (`alumni_id`, `graduation_year`, `fid`, `job`, `address`, `city`, `country`, `phone`, `gid`, `mobile`, `nationalnumber`, `department`, `division`, `with_honor`) VALUES (238761, 2003, '23', '', '', '', '', '', '', '', '', 'التربية الموسيقية ', '', '');
INSERT INTO `lk9v6_users` (`name`, `email`, `usertype`) VALUES ('رشا حنفي محمود خليل ', '', 'الخريجين');
INSERT INTO `lk9v6_alumni_main` (`id`, `user_id`, `approved`) VALUES (238762, 238762, 1);
INSERT INTO `lk9v6_alumni_data` (`alumni_id`, `graduation_year`, `fid`, `job`, `address`, `city`, `country`, `phone`, `gid`, `mobile`, `nationalnumber`, `department`, `division`, `with_honor`) VALUES (238762, 2003, '23', '', '', '', '', '', '', '', '', 'التربية الموسيقية ', '', '');
INSERT INTO `lk9v6_users` (`name`, `email`, `usertype`) VALUES ('ريهام محمد عزيت عبد القادر', '', 'الخريجين');
INSERT INTO `lk9v6_alumni_main` (`id`, `user_id`, `approved`) VALUES (238763, 238763, 1);
INSERT INTO `lk9v6_alumni_data` (`alumni_id`, `graduation_year`, `fid`, `job`, `address`, `city`, `country`, `phone`, `gid`, `mobile`, `nationalnumber`, `department`, `division`, `with_honor`) VALUES (238763, 2003, '23', '', '', '', '', '', '', '', '', 'التربية الموسيقية ', '', '');
INSERT INTO `lk9v6_users` (`name`, `email`, `usertype`) VALUES ('سارة أحمد محمد محمد أبو زيد', '', 'الخريجين');
INSERT INTO `lk9v6_alumni_main` (`id`, `user_id`, `approved`) VALUES (238764, 238764, 1);
INSERT INTO `lk9v6_alumni_data` (`alumni_id`, `graduation_year`, `fid`, `job`, `address`, `city`, `country`, `phone`, `gid`, `mobile`, `nationalnumber`, `department`, `division`, `with_honor`) VALUES (238764, 2003, '23', '', '', '', '', '', '', '', '', 'التربية الموسيقية ', '', '');
INSERT INTO `lk9v6_users` (`name`, `email`, `usertype`) VALUES ('طارق محمد صبري عبد الله', '', 'الخريجين');
INSERT INTO `lk9v6_alumni_main` (`id`, `user_id`, `approved`) VALUES (238765, 238765, 1);
INSERT INTO `lk9v6_alumni_data` (`alumni_id`, `graduation_year`, `fid`, `job`, `address`, `city`, `country`, `phone`, `gid`, `mobile`, `nationalnumber`, `department`, `division`, `with_honor`) VALUES (238765, 2003, '23', '', '', '', '', '', '', '', '', 'التربية الموسيقية ', '', '');
INSERT INTO `lk9v6_users` (`name`, `email`, `usertype`) VALUES ('غادة شعبان عبد الوهاب ', '', 'الخريجين');
INSERT INTO `lk9v6_alumni_main` (`id`, `user_id`, `approved`) VALUES (238766, 238766, 1);
INSERT INTO `lk9v6_alumni_data` (`alumni_id`, `graduation_year`, `fid`, `job`, `address`, `city`, `country`, `phone`, `gid`, `mobile`, `nationalnumber`, `department`, `division`, `with_honor`) VALUES (238766, 2003, '23', '', '', '', '', '', '', '', '', 'التربية الموسيقية ', '', '');
INSERT INTO `lk9v6_users` (`name`, `email`, `usertype`) VALUES ('فاتن محمد عبد القادر بدوي ', '', 'الخريجين');
INSERT INTO `lk9v6_alumni_main` (`id`, `user_id`, `approved`) VALUES (238767, 238767, 1);
INSERT INTO `lk9v6_alumni_data` (`alumni_id`, `graduation_year`, `fid`, `job`, `address`, `city`, `country`, `phone`, `gid`, `mobile`, `nationalnumber`, `department`, `division`, `with_honor`) VALUES (238767, 2003, '23', '', '', '', '', '', '', '', '', 'التربية الموسيقية ', '', '');
INSERT INTO `lk9v6_users` (`name`, `email`, `usertype`) VALUES ('ناهد محمد أحمد بطيشة ', '', 'الخريجين');
INSERT INTO `lk9v6_alumni_main` (`id`, `user_id`, `approved`) VALUES (238768, 238768, 1);
INSERT INTO `lk9v6_alumni_data` (`alumni_id`, `graduation_year`, `fid`, `job`, `address`, `city`, `country`, `phone`, `gid`, `mobile`, `nationalnumber`, `department`, `division`, `with_honor`) VALUES (238768, 2003, '23', '', '', '', '', '', '', '', '', 'التربية الموسيقية ', '', '');
INSERT INTO `lk9v6_users` (`name`, `email`, `usertype`) VALUES ('مروة مصطفي عباس غريب ', '', 'الخريجين');
INSERT INTO `lk9v6_alumni_main` (`id`, `user_id`, `approved`) VALUES (238769, 238769, 1);
INSERT INTO `lk9v6_alumni_data` (`alumni_id`, `graduation_year`, `fid`, `job`, `address`, `city`, `country`, `phone`, `gid`, `mobile`, `nationalnumber`, `department`, `division`, `with_honor`) VALUES (238769, 2003, '23', '', '', '', '', '', '', '', '', 'التربية الموسيقية ', '', '');
INSERT INTO `lk9v6_users` (`name`, `email`, `usertype`) VALUES ('أمل نبيل محمود ابراهيم ', '', 'الخريجين');
INSERT INTO `lk9v6_alumni_main` (`id`, `user_id`, `approved`) VALUES (238770, 238770, 1);
INSERT INTO `lk9v6_alumni_data` (`alumni_id`, `graduation_year`, `fid`, `job`, `address`, `city`, `country`, `phone`, `gid`, `mobile`, `nationalnumber`, `department`, `division`, `with_honor`) VALUES (238770, 2003, '23', '', '', '', '', '', '', '', '', 'التربية الموسيقية ', '', '');
INSERT INTO `lk9v6_users` (`name`, `email`, `usertype`) VALUES ('هند عطية حسن نافع ', '', 'الخريجين');
INSERT INTO `lk9v6_alumni_main` (`id`, `user_id`, `approved`) VALUES (238771, 238771, 1);
INSERT INTO `lk9v6_alumni_data` (`alumni_id`, `graduation_year`, `fid`, `job`, `address`, `city`, `country`, `phone`, `gid`, `mobile`, `nationalnumber`, `department`, `division`, `with_honor`) VALUES (238771, 2003, '23', '', '', '', '', '', '', '', '', 'التربية الموسيقية ', '', '');
INSERT INTO `lk9v6_users` (`name`, `email`, `usertype`) VALUES ('داليا حسن محمد حسن ', '', 'الخريجين');
INSERT INTO `lk9v6_alumni_main` (`id`, `user_id`, `approved`) VALUES (238772, 238772, 1);
INSERT INTO `lk9v6_alumni_data` (`alumni_id`, `graduation_year`, `fid`, `job`, `address`, `city`, `country`, `phone`, `gid`, `mobile`, `nationalnumber`, `department`, `division`, `with_honor`) VALUES (238772, 2003, '23', '', '', '', '', '', '', '', '', 'التربية الموسيقية ', '', '');
INSERT INTO `lk9v6_users` (`name`, `email`, `usertype`) VALUES ('كريم محمد حسين امبابي ', '', 'الخريجين');
INSERT INTO `lk9v6_alumni_main` (`id`, `user_id`, `approved`) VALUES (238773, 238773, 1);
INSERT INTO `lk9v6_alumni_data` (`alumni_id`, `graduation_year`, `fid`, `job`, `address`, `city`, `country`, `phone`, `gid`, `mobile`, `nationalnumber`, `department`, `division`, `with_honor`) VALUES (238773, 2003, '23', '', '', '', '', '', '', '', '', 'التربية الموسيقية ', '', '');
INSERT INTO `lk9v6_users` (`name`, `email`, `usertype`) VALUES ('محمد الدرديري مرغني حسن ', '', 'الخريجين');
INSERT INTO `lk9v6_alumni_main` (`id`, `user_id`, `approved`) VALUES (238774, 238774, 1);
INSERT INTO `lk9v6_alumni_data` (`alumni_id`, `graduation_year`, `fid`, `job`, `address`, `city`, `country`, `phone`, `gid`, `mobile`, `nationalnumber`, `department`, `division`, `with_honor`) VALUES (238774, 2003, '23', '', '', '', '', '', '', '', '', 'التربية الموسيقية ', '', '');
INSERT INTO `lk9v6_users` (`name`, `email`, `usertype`) VALUES ('محمد يسري السيد ابراهيم ', '', 'الخريجين');
INSERT INTO `lk9v6_alumni_main` (`id`, `user_id`, `approved`) VALUES (238775, 238775, 1);
INSERT INTO `lk9v6_alumni_data` (`alumni_id`, `graduation_year`, `fid`, `job`, `address`, `city`, `country`, `phone`, `gid`, `mobile`, `nationalnumber`, `department`, `division`, `with_honor`) VALUES (238775, 2003, '23', '', '', '', '', '', '', '', '', 'التربية الموسيقية ', '', '');
INSERT INTO `lk9v6_users` (`name`, `email`, `usertype`) VALUES ('وليد عادل حسين أحمد ', '', 'الخريجين');
INSERT INTO `lk9v6_alumni_main` (`id`, `user_id`, `approved`) VALUES (238776, 238776, 1);
INSERT INTO `lk9v6_alumni_data` (`alumni_id`, `graduation_year`, `fid`, `job`, `address`, `city`, `country`, `phone`, `gid`, `mobile`, `nationalnumber`, `department`, `division`, `with_honor`) VALUES (238776, 2003, '23', '', '', '', '', '', '', '', '', 'التربية الموسيقية ', '', '');
INSERT INTO `lk9v6_users` (`name`, `email`, `usertype`) VALUES ('يوسف التهامي عبد الله خليل ', '', 'الخريجين');
INSERT INTO `lk9v6_alumni_main` (`id`, `user_id`, `approved`) VALUES (238777, 238777, 1);
INSERT INTO `lk9v6_alumni_data` (`alumni_id`, `graduation_year`, `fid`, `job`, `address`, `city`, `country`, `phone`, `gid`, `mobile`, `nationalnumber`, `department`, `division`, `with_honor`) VALUES (238777, 2003, '23', '', '', '', '', '', '', '', '', 'التربية الموسيقية ', '', '');
INSERT INTO `lk9v6_users` (`name`, `email`, `usertype`) VALUES ('رشا ابراهيم حنفي عشبة ', '', 'الخريجين');
INSERT INTO `lk9v6_alumni_main` (`id`, `user_id`, `approved`) VALUES (238778, 238778, 1);
INSERT INTO `lk9v6_alumni_data` (`alumni_id`, `graduation_year`, `fid`, `job`, `address`, `city`, `country`, `phone`, `gid`, `mobile`, `nationalnumber`, `department`, `division`, `with_honor`) VALUES (238778, 2003, '23', '', '', '', '', '', '', '', '', 'التربية الموسيقية ', '', '');
INSERT INTO `lk9v6_users` (`name`, `email`, `usertype`) VALUES ('محمد محمد عبد المجيد يوسف ', '', 'الخريجين');
INSERT INTO `lk9v6_alumni_main` (`id`, `user_id`, `approved`) VALUES (238779, 238779, 1);
INSERT INTO `lk9v6_alumni_data` (`alumni_id`, `graduation_year`, `fid`, `job`, `address`, `city`, `country`, `phone`, `gid`, `mobile`, `nationalnumber`, `department`, `division`, `with_honor`) VALUES (238779, 2003, '23', '', '', '', '', '', '', '', '', 'التربية الموسيقية ', '', '');
INSERT INTO `lk9v6_users` (`name`, `email`, `usertype`) VALUES ('منار جمال الدين حمودة ', '', 'الخريجين');
INSERT INTO `lk9v6_alumni_main` (`id`, `user_id`, `approved`) VALUES (238780, 238780, 1);
INSERT INTO `lk9v6_alumni_data` (`alumni_id`, `graduation_year`, `fid`, `job`, `address`, `city`, `country`, `phone`, `gid`, `mobile`, `nationalnumber`, `department`, `division`, `with_honor`) VALUES (238780, 2003, '23', '', '', '', '', '', '', '', '', 'التربية الموسيقية ', '', '');
INSERT INTO `lk9v6_users` (`name`, `email`, `usertype`) VALUES ('يارا سمير محمد أحمد ', '', 'الخريجين');
INSERT INTO `lk9v6_alumni_main` (`id`, `user_id`, `approved`) VALUES (238781, 238781, 1);
INSERT INTO `lk9v6_alumni_data` (`alumni_id`, `graduation_year`, `fid`, `job`, `address`, `city`, `country`, `phone`, `gid`, `mobile`, `nationalnumber`, `department`, `division`, `with_honor`) VALUES (238781, 2003, '23', '', '', '', '', '', '', '', '', 'التربية الموسيقية ', '', '');
INSERT INTO `lk9v6_users` (`name`, `email`, `usertype`) VALUES ('محمد عبد المجيد زكي سالم ', '', 'الخريجين');
INSERT INTO `lk9v6_alumni_main` (`id`, `user_id`, `approved`) VALUES (238782, 238782, 1);
INSERT INTO `lk9v6_alumni_data` (`alumni_id`, `graduation_year`, `fid`, `job`, `address`, `city`, `country`, `phone`, `gid`, `mobile`, `nationalnumber`, `department`, `division`, `with_honor`) VALUES (238782, 2003, '23', '', '', '', '', '', '', '', '', 'التربية الموسيقية ', '', '');
INSERT INTO `lk9v6_users` (`name`, `email`, `usertype`) VALUES ('ابراهيم محمد خليل حمادة ', '', 'الخريجين');
INSERT INTO `lk9v6_alumni_main` (`id`, `user_id`, `approved`) VALUES (238783, 238783, 1);
INSERT INTO `lk9v6_alumni_data` (`alumni_id`, `graduation_year`, `fid`, `job`, `address`, `city`, `country`, `phone`, `gid`, `mobile`, `nationalnumber`, `department`, `division`, `with_honor`) VALUES (238783, 2003, '23', '', '', '', '', '', '', '', '', 'التربية الموسيقية ', '', '');
INSERT INTO `lk9v6_users` (`name`, `email`, `usertype`) VALUES ('ايمان فاروق علي محمود', '', 'الخريجين');
INSERT INTO `lk9v6_alumni_main` (`id`, `user_id`, `approved`) VALUES (238784, 238784, 1);
INSERT INTO `lk9v6_alumni_data` (`alumni_id`, `graduation_year`, `fid`, `job`, `address`, `city`, `country`, `phone`, `gid`, `mobile`, `nationalnumber`, `department`, `division`, `with_honor`) VALUES (238784, 2003, '23', '', '', '', '', '', '', '', '', 'التربية الموسيقية ', '', '');
INSERT INTO `lk9v6_users` (`name`, `email`, `usertype`) VALUES ('بسند السيد عبد السلام محمد', '', 'الخريجين');
INSERT INTO `lk9v6_alumni_main` (`id`, `user_id`, `approved`) VALUES (238785, 238785, 1);
INSERT INTO `lk9v6_alumni_data` (`alumni_id`, `graduation_year`, `fid`, `job`, `address`, `city`, `country`, `phone`, `gid`, `mobile`, `nationalnumber`, `department`, `division`, `with_honor`) VALUES (238785, 2003, '23', '', '', '', '', '', '', '', '', 'التربية الموسيقية ', '', '');
INSERT INTO `lk9v6_users` (`name`, `email`, `usertype`) VALUES ('دينا الغريب محمد شوشة ', '', 'الخريجين');
INSERT INTO `lk9v6_alumni_main` (`id`, `user_id`, `approved`) VALUES (238786, 238786, 1);
INSERT INTO `lk9v6_alumni_data` (`alumni_id`, `graduation_year`, `fid`, `job`, `address`, `city`, `country`, `phone`, `gid`, `mobile`, `nationalnumber`, `department`, `division`, `with_honor`) VALUES (238786, 2003, '23', '', '', '', '', '', '', '', '', 'التربية الموسيقية ', '', '');
INSERT INTO `lk9v6_users` (`name`, `email`, `usertype`) VALUES ('رانيا أحمد محمد حسين ', '', 'الخريجين');
INSERT INTO `lk9v6_alumni_main` (`id`, `user_id`, `approved`) VALUES (238787, 238787, 1);
INSERT INTO `lk9v6_alumni_data` (`alumni_id`, `graduation_year`, `fid`, `job`, `address`, `city`, `country`, `phone`, `gid`, `mobile`, `nationalnumber`, `department`, `division`, `with_honor`) VALUES (238787, 2003, '23', '', '', '', '', '', '', '', '', 'التربية الموسيقية ', '', '');
INSERT INTO `lk9v6_users` (`name`, `email`, `usertype`) VALUES ('رشا محمد يسري عبد الحميد ', '', 'الخريجين');
INSERT INTO `lk9v6_alumni_main` (`id`, `user_id`, `approved`) VALUES (238788, 238788, 1);
INSERT INTO `lk9v6_alumni_data` (`alumni_id`, `graduation_year`, `fid`, `job`, `address`, `city`, `country`, `phone`, `gid`, `mobile`, `nationalnumber`, `department`, `division`, `with_honor`) VALUES (238788, 2003, '23', '', '', '', '', '', '', '', '', 'التربية الموسيقية ', '', '');
INSERT INTO `lk9v6_users` (`name`, `email`, `usertype`) VALUES ('مروة كمال ابراهيم المنزلاوي ', '', 'الخريجين');
INSERT INTO `lk9v6_alumni_main` (`id`, `user_id`, `approved`) VALUES (238789, 238789, 1);
INSERT INTO `lk9v6_alumni_data` (`alumni_id`, `graduation_year`, `fid`, `job`, `address`, `city`, `country`, `phone`, `gid`, `mobile`, `nationalnumber`, `department`, `division`, `with_honor`) VALUES (238789, 2003, '23', '', '', '', '', '', '', '', '', 'التربية الموسيقية ', '', '');
INSERT INTO `lk9v6_users` (`name`, `email`, `usertype`) VALUES ('هدي صلاح النجيلي محمد', '', 'الخريجين');
INSERT INTO `lk9v6_alumni_main` (`id`, `user_id`, `approved`) VALUES (238790, 238790, 1);
INSERT INTO `lk9v6_alumni_data` (`alumni_id`, `graduation_year`, `fid`, `job`, `address`, `city`, `country`, `phone`, `gid`, `mobile`, `nationalnumber`, `department`, `division`, `with_honor`) VALUES (238790, 2003, '23', '', '', '', '', '', '', '', '', 'التربية الموسيقية ', '', '');
INSERT INTO `lk9v6_users` (`name`, `email`, `usertype`) VALUES ('أستير قيكتور عبد النور ', '', 'الخريجين');
INSERT INTO `lk9v6_alumni_main` (`id`, `user_id`, `approved`) VALUES (238791, 238791, 1);
INSERT INTO `lk9v6_alumni_data` (`alumni_id`, `graduation_year`, `fid`, `job`, `address`, `city`, `country`, `phone`, `gid`, `mobile`, `nationalnumber`, `department`, `division`, `with_honor`) VALUES (238791, 2003, '23', '', '', '', '', '', '', '', '', 'الأقتصاد المنزلي ', '', '');
INSERT INTO `lk9v6_users` (`name`, `email`, `usertype`) VALUES ('الشيماء عرفه عبد المجيد', '', 'الخريجين');
INSERT INTO `lk9v6_alumni_main` (`id`, `user_id`, `approved`) VALUES (238792, 238792, 1);
INSERT INTO `lk9v6_alumni_data` (`alumni_id`, `graduation_year`, `fid`, `job`, `address`, `city`, `country`, `phone`, `gid`, `mobile`, `nationalnumber`, `department`, `division`, `with_honor`) VALUES (238792, 2003, '23', '', '', '', '', '', '', '', '', 'الأقتصاد المنزلي ', '', '');
INSERT INTO `lk9v6_users` (`name`, `email`, `usertype`) VALUES ('أمينة خالد عبد السلام الفقي ', '', 'الخريجين');
INSERT INTO `lk9v6_alumni_main` (`id`, `user_id`, `approved`) VALUES (238793, 238793, 1);
INSERT INTO `lk9v6_alumni_data` (`alumni_id`, `graduation_year`, `fid`, `job`, `address`, `city`, `country`, `phone`, `gid`, `mobile`, `nationalnumber`, `department`, `division`, `with_honor`) VALUES (238793, 2003, '23', '', '', '', '', '', '', '', '', 'الأقتصاد المنزلي ', '', '');
INSERT INTO `lk9v6_users` (`name`, `email`, `usertype`) VALUES ('داليا محمد عصام الدين محمد', '', 'الخريجين');
INSERT INTO `lk9v6_alumni_main` (`id`, `user_id`, `approved`) VALUES (238794, 238794, 1);
INSERT INTO `lk9v6_alumni_data` (`alumni_id`, `graduation_year`, `fid`, `job`, `address`, `city`, `country`, `phone`, `gid`, `mobile`, `nationalnumber`, `department`, `division`, `with_honor`) VALUES (238794, 2003, '23', '', '', '', '', '', '', '', '', 'الأقتصاد المنزلي ', '', '');
INSERT INTO `lk9v6_users` (`name`, `email`, `usertype`) VALUES ('رانيا عادل محروس محمد', '', 'الخريجين');
INSERT INTO `lk9v6_alumni_main` (`id`, `user_id`, `approved`) VALUES (238795, 238795, 1);
INSERT INTO `lk9v6_alumni_data` (`alumni_id`, `graduation_year`, `fid`, `job`, `address`, `city`, `country`, `phone`, `gid`, `mobile`, `nationalnumber`, `department`, `division`, `with_honor`) VALUES (238795, 2003, '23', '', '', '', '', '', '', '', '', 'الأقتصاد المنزلي ', '', '');
INSERT INTO `lk9v6_users` (`name`, `email`, `usertype`) VALUES ('رشا أحمد جابر عثمان ', '', 'الخريجين');
INSERT INTO `lk9v6_alumni_main` (`id`, `user_id`, `approved`) VALUES (238796, 238796, 1);
INSERT INTO `lk9v6_alumni_data` (`alumni_id`, `graduation_year`, `fid`, `job`, `address`, `city`, `country`, `phone`, `gid`, `mobile`, `nationalnumber`, `department`, `division`, `with_honor`) VALUES (238796, 2003, '23', '', '', '', '', '', '', '', '', 'الأقتصاد المنزلي ', '', '');
INSERT INTO `lk9v6_users` (`name`, `email`, `usertype`) VALUES ('رشا السيد كامل السيد', '', 'الخريجين');
INSERT INTO `lk9v6_alumni_main` (`id`, `user_id`, `approved`) VALUES (238797, 238797, 1);
INSERT INTO `lk9v6_alumni_data` (`alumni_id`, `graduation_year`, `fid`, `job`, `address`, `city`, `country`, `phone`, `gid`, `mobile`, `nationalnumber`, `department`, `division`, `with_honor`) VALUES (238797, 2003, '23', '', '', '', '', '', '', '', '', 'الأقتصاد المنزلي ', '', '');
INSERT INTO `lk9v6_users` (`name`, `email`, `usertype`) VALUES ('رشا حسن أحمد محمد جمعه', '', 'الخريجين');
INSERT INTO `lk9v6_alumni_main` (`id`, `user_id`, `approved`) VALUES (238798, 238798, 1);
INSERT INTO `lk9v6_alumni_data` (`alumni_id`, `graduation_year`, `fid`, `job`, `address`, `city`, `country`, `phone`, `gid`, `mobile`, `nationalnumber`, `department`, `division`, `with_honor`) VALUES (238798, 2003, '23', '', '', '', '', '', '', '', '', 'الأقتصاد المنزلي ', '', '');
INSERT INTO `lk9v6_users` (`name`, `email`, `usertype`) VALUES ('رشا فاروق أنور محمد', '', 'الخريجين');
INSERT INTO `lk9v6_alumni_main` (`id`, `user_id`, `approved`) VALUES (238799, 238799, 1);
INSERT INTO `lk9v6_alumni_data` (`alumni_id`, `graduation_year`, `fid`, `job`, `address`, `city`, `country`, `phone`, `gid`, `mobile`, `nationalnumber`, `department`, `division`, `with_honor`) VALUES (238799, 2003, '23', '', '', '', '', '', '', '', '', 'الأقتصاد المنزلي ', '', '');
INSERT INTO `lk9v6_users` (`name`, `email`, `usertype`) VALUES ('رشيدة محمد رزق الصوت ', '', 'الخريجين');
INSERT INTO `lk9v6_alumni_main` (`id`, `user_id`, `approved`) VALUES (238800, 238800, 1);
INSERT INTO `lk9v6_alumni_data` (`alumni_id`, `graduation_year`, `fid`, `job`, `address`, `city`, `country`, `phone`, `gid`, `mobile`, `nationalnumber`, `department`, `division`, `with_honor`) VALUES (238800, 2003, '23', '', '', '', '', '', '', '', '', 'الأقتصاد المنزلي ', '', '');
INSERT INTO `lk9v6_users` (`name`, `email`, `usertype`) VALUES ('رضوي محمد حسن محمد', '', 'الخريجين');
INSERT INTO `lk9v6_alumni_main` (`id`, `user_id`, `approved`) VALUES (238801, 238801, 1);
INSERT INTO `lk9v6_alumni_data` (`alumni_id`, `graduation_year`, `fid`, `job`, `address`, `city`, `country`, `phone`, `gid`, `mobile`, `nationalnumber`, `department`, `division`, `with_honor`) VALUES (238801, 2003, '23', '', '', '', '', '', '', '', '', 'الأقتصاد المنزلي ', '', '');
INSERT INTO `lk9v6_users` (`name`, `email`, `usertype`) VALUES ('ريهان السيد عبد العظيم الأطرش', '', 'الخريجين');
INSERT INTO `lk9v6_alumni_main` (`id`, `user_id`, `approved`) VALUES (238802, 238802, 1);
INSERT INTO `lk9v6_alumni_data` (`alumni_id`, `graduation_year`, `fid`, `job`, `address`, `city`, `country`, `phone`, `gid`, `mobile`, `nationalnumber`, `department`, `division`, `with_honor`) VALUES (238802, 2003, '23', '', '', '', '', '', '', '', '', 'الأقتصاد المنزلي ', '', '');
INSERT INTO `lk9v6_users` (`name`, `email`, `usertype`) VALUES ('سعيدة محمد رمضان شحاتة ', '', 'الخريجين');
INSERT INTO `lk9v6_alumni_main` (`id`, `user_id`, `approved`) VALUES (238803, 238803, 1);
INSERT INTO `lk9v6_alumni_data` (`alumni_id`, `graduation_year`, `fid`, `job`, `address`, `city`, `country`, `phone`, `gid`, `mobile`, `nationalnumber`, `department`, `division`, `with_honor`) VALUES (238803, 2003, '23', '', '', '', '', '', '', '', '', 'الأقتصاد المنزلي ', '', '');
INSERT INTO `lk9v6_users` (`name`, `email`, `usertype`) VALUES ('سمر علي شعبان محمد', '', 'الخريجين');
INSERT INTO `lk9v6_alumni_main` (`id`, `user_id`, `approved`) VALUES (238804, 238804, 1);
INSERT INTO `lk9v6_alumni_data` (`alumni_id`, `graduation_year`, `fid`, `job`, `address`, `city`, `country`, `phone`, `gid`, `mobile`, `nationalnumber`, `department`, `division`, `with_honor`) VALUES (238804, 2003, '23', '', '', '', '', '', '', '', '', 'الأقتصاد المنزلي ', '', '');
INSERT INTO `lk9v6_users` (`name`, `email`, `usertype`) VALUES ('شيماء كمال عبد الله نصر ', '', 'الخريجين');
INSERT INTO `lk9v6_alumni_main` (`id`, `user_id`, `approved`) VALUES (238805, 238805, 1);
INSERT INTO `lk9v6_alumni_data` (`alumni_id`, `graduation_year`, `fid`, `job`, `address`, `city`, `country`, `phone`, `gid`, `mobile`, `nationalnumber`, `department`, `division`, `with_honor`) VALUES (238805, 2003, '23', '', '', '', '', '', '', '', '', 'الأقتصاد المنزلي ', '', '');
INSERT INTO `lk9v6_users` (`name`, `email`, `usertype`) VALUES ('عبير ياسين أحمد ابراهيم ', '', 'الخريجين');
INSERT INTO `lk9v6_alumni_main` (`id`, `user_id`, `approved`) VALUES (238806, 238806, 1);
INSERT INTO `lk9v6_alumni_data` (`alumni_id`, `graduation_year`, `fid`, `job`, `address`, `city`, `country`, `phone`, `gid`, `mobile`, `nationalnumber`, `department`, `division`, `with_honor`) VALUES (238806, 2003, '23', '', '', '', '', '', '', '', '', 'الأقتصاد المنزلي ', '', '');
INSERT INTO `lk9v6_users` (`name`, `email`, `usertype`) VALUES ('مني جمال الدين محمد عبد الرازق ', '', 'الخريجين');
INSERT INTO `lk9v6_alumni_main` (`id`, `user_id`, `approved`) VALUES (238807, 238807, 1);
INSERT INTO `lk9v6_alumni_data` (`alumni_id`, `graduation_year`, `fid`, `job`, `address`, `city`, `country`, `phone`, `gid`, `mobile`, `nationalnumber`, `department`, `division`, `with_honor`) VALUES (238807, 2003, '23', '', '', '', '', '', '', '', '', 'الأقتصاد المنزلي ', '', '');
INSERT INTO `lk9v6_users` (`name`, `email`, `usertype`) VALUES ('مني سعد علي بدر ', '', 'الخريجين');
INSERT INTO `lk9v6_alumni_main` (`id`, `user_id`, `approved`) VALUES (238808, 238808, 1);
INSERT INTO `lk9v6_alumni_data` (`alumni_id`, `graduation_year`, `fid`, `job`, `address`, `city`, `country`, `phone`, `gid`, `mobile`, `nationalnumber`, `department`, `division`, `with_honor`) VALUES (238808, 2003, '23', '', '', '', '', '', '', '', '', 'الأقتصاد المنزلي ', '', '');
INSERT INTO `lk9v6_users` (`name`, `email`, `usertype`) VALUES ('مني غازي رمضان أبو وردة ', '', 'الخريجين');
INSERT INTO `lk9v6_alumni_main` (`id`, `user_id`, `approved`) VALUES (238809, 238809, 1);
INSERT INTO `lk9v6_alumni_data` (`alumni_id`, `graduation_year`, `fid`, `job`, `address`, `city`, `country`, `phone`, `gid`, `mobile`, `nationalnumber`, `department`, `division`, `with_honor`) VALUES (238809, 2003, '23', '', '', '', '', '', '', '', '', 'الأقتصاد المنزلي ', '', '');
INSERT INTO `lk9v6_users` (`name`, `email`, `usertype`) VALUES ('مني محمد صلاح علي شعبان ', '', 'الخريجين');
INSERT INTO `lk9v6_alumni_main` (`id`, `user_id`, `approved`) VALUES (238810, 238810, 1);
INSERT INTO `lk9v6_alumni_data` (`alumni_id`, `graduation_year`, `fid`, `job`, `address`, `city`, `country`, `phone`, `gid`, `mobile`, `nationalnumber`, `department`, `division`, `with_honor`) VALUES (238810, 2003, '23', '', '', '', '', '', '', '', '', 'الأقتصاد المنزلي ', '', '');
INSERT INTO `lk9v6_users` (`name`, `email`, `usertype`) VALUES ('نادية السيد عبد العزيز', '', 'الخريجين');
INSERT INTO `lk9v6_alumni_main` (`id`, `user_id`, `approved`) VALUES (238811, 238811, 1);
INSERT INTO `lk9v6_alumni_data` (`alumni_id`, `graduation_year`, `fid`, `job`, `address`, `city`, `country`, `phone`, `gid`, `mobile`, `nationalnumber`, `department`, `division`, `with_honor`) VALUES (238811, 2003, '23', '', '', '', '', '', '', '', '', 'الأقتصاد المنزلي ', '', '');
INSERT INTO `lk9v6_users` (`name`, `email`, `usertype`) VALUES ('نجلاء فتحي محمد أحمد', '', 'الخريجين');
INSERT INTO `lk9v6_alumni_main` (`id`, `user_id`, `approved`) VALUES (238812, 238812, 1);
INSERT INTO `lk9v6_alumni_data` (`alumni_id`, `graduation_year`, `fid`, `job`, `address`, `city`, `country`, `phone`, `gid`, `mobile`, `nationalnumber`, `department`, `division`, `with_honor`) VALUES (238812, 2003, '23', '', '', '', '', '', '', '', '', 'الأقتصاد المنزلي ', '', '');
INSERT INTO `lk9v6_users` (`name`, `email`, `usertype`) VALUES ('نسرين بدر الدين الورداني ', '', 'الخريجين');
INSERT INTO `lk9v6_alumni_main` (`id`, `user_id`, `approved`) VALUES (238813, 238813, 1);
INSERT INTO `lk9v6_alumni_data` (`alumni_id`, `graduation_year`, `fid`, `job`, `address`, `city`, `country`, `phone`, `gid`, `mobile`, `nationalnumber`, `department`, `division`, `with_honor`) VALUES (238813, 2003, '23', '', '', '', '', '', '', '', '', 'الأقتصاد المنزلي ', '', '');
INSERT INTO `lk9v6_users` (`name`, `email`, `usertype`) VALUES ('نهال بسيوني بسيوني أباظة ', '', 'الخريجين');
INSERT INTO `lk9v6_alumni_main` (`id`, `user_id`, `approved`) VALUES (238814, 238814, 1);
INSERT INTO `lk9v6_alumni_data` (`alumni_id`, `graduation_year`, `fid`, `job`, `address`, `city`, `country`, `phone`, `gid`, `mobile`, `nationalnumber`, `department`, `division`, `with_honor`) VALUES (238814, 2003, '23', '', '', '', '', '', '', '', '', 'الأقتصاد المنزلي ', '', '');
INSERT INTO `lk9v6_users` (`name`, `email`, `usertype`) VALUES ('وسام محمد فتحي عبد الحميد', '', 'الخريجين');
INSERT INTO `lk9v6_alumni_main` (`id`, `user_id`, `approved`) VALUES (238815, 238815, 1);
INSERT INTO `lk9v6_alumni_data` (`alumni_id`, `graduation_year`, `fid`, `job`, `address`, `city`, `country`, `phone`, `gid`, `mobile`, `nationalnumber`, `department`, `division`, `with_honor`) VALUES (238815, 2003, '23', '', '', '', '', '', '', '', '', 'الأقتصاد المنزلي ', '', '');
INSERT INTO `lk9v6_users` (`name`, `email`, `usertype`) VALUES ('أسماء اسماعيل فؤاد بركات ', '', 'الخريجين');
INSERT INTO `lk9v6_alumni_main` (`id`, `user_id`, `approved`) VALUES (238816, 238816, 1);
INSERT INTO `lk9v6_alumni_data` (`alumni_id`, `graduation_year`, `fid`, `job`, `address`, `city`, `country`, `phone`, `gid`, `mobile`, `nationalnumber`, `department`, `division`, `with_honor`) VALUES (238816, 2003, '23', '', '', '', '', '', '', '', '', 'الأقتصاد المنزلي ', '', '');
INSERT INTO `lk9v6_users` (`name`, `email`, `usertype`) VALUES ('الشيماء ابراهيم محمود عبد الرحمن', '', 'الخريجين');
INSERT INTO `lk9v6_alumni_main` (`id`, `user_id`, `approved`) VALUES (238817, 238817, 1);
INSERT INTO `lk9v6_alumni_data` (`alumni_id`, `graduation_year`, `fid`, `job`, `address`, `city`, `country`, `phone`, `gid`, `mobile`, `nationalnumber`, `department`, `division`, `with_honor`) VALUES (238817, 2003, '23', '', '', '', '', '', '', '', '', 'الأقتصاد المنزلي ', '', '');
INSERT INTO `lk9v6_users` (`name`, `email`, `usertype`) VALUES ('الشيماء محمد محمد عبد الواحد', '', 'الخريجين');
INSERT INTO `lk9v6_alumni_main` (`id`, `user_id`, `approved`) VALUES (238818, 238818, 1);
INSERT INTO `lk9v6_alumni_data` (`alumni_id`, `graduation_year`, `fid`, `job`, `address`, `city`, `country`, `phone`, `gid`, `mobile`, `nationalnumber`, `department`, `division`, `with_honor`) VALUES (238818, 2003, '23', '', '', '', '', '', '', '', '', 'الأقتصاد المنزلي ', '', '');
INSERT INTO `lk9v6_users` (`name`, `email`, `usertype`) VALUES ('انجي أحمد مصطفي كامل ', '', 'الخريجين');
INSERT INTO `lk9v6_alumni_main` (`id`, `user_id`, `approved`) VALUES (238819, 238819, 1);
INSERT INTO `lk9v6_alumni_data` (`alumni_id`, `graduation_year`, `fid`, `job`, `address`, `city`, `country`, `phone`, `gid`, `mobile`, `nationalnumber`, `department`, `division`, `with_honor`) VALUES (238819, 2003, '23', '', '', '', '', '', '', '', '', 'الأقتصاد المنزلي ', '', '');
INSERT INTO `lk9v6_users` (`name`, `email`, `usertype`) VALUES ('ايمان ابراهيم فتحي محمود', '', 'الخريجين');
INSERT INTO `lk9v6_alumni_main` (`id`, `user_id`, `approved`) VALUES (238820, 238820, 1);
INSERT INTO `lk9v6_alumni_data` (`alumni_id`, `graduation_year`, `fid`, `job`, `address`, `city`, `country`, `phone`, `gid`, `mobile`, `nationalnumber`, `department`, `division`, `with_honor`) VALUES (238820, 2003, '23', '', '', '', '', '', '', '', '', 'الأقتصاد المنزلي ', '', '');
INSERT INTO `lk9v6_users` (`name`, `email`, `usertype`) VALUES ('ايمان محمد جمال العطار ', '', 'الخريجين');
INSERT INTO `lk9v6_alumni_main` (`id`, `user_id`, `approved`) VALUES (238821, 238821, 1);
INSERT INTO `lk9v6_alumni_data` (`alumni_id`, `graduation_year`, `fid`, `job`, `address`, `city`, `country`, `phone`, `gid`, `mobile`, `nationalnumber`, `department`, `division`, `with_honor`) VALUES (238821, 2003, '23', '', '', '', '', '', '', '', '', 'الأقتصاد المنزلي ', '', '');
INSERT INTO `lk9v6_users` (`name`, `email`, `usertype`) VALUES ('ايمان مسعد نظيم الدسوقي ', '', 'الخريجين');
INSERT INTO `lk9v6_alumni_main` (`id`, `user_id`, `approved`) VALUES (238822, 238822, 1);
INSERT INTO `lk9v6_alumni_data` (`alumni_id`, `graduation_year`, `fid`, `job`, `address`, `city`, `country`, `phone`, `gid`, `mobile`, `nationalnumber`, `department`, `division`, `with_honor`) VALUES (238822, 2003, '23', '', '', '', '', '', '', '', '', 'الأقتصاد المنزلي ', '', '');
INSERT INTO `lk9v6_users` (`name`, `email`, `usertype`) VALUES ('تغريد حلمي خضرجي الوكيل ', '', 'الخريجين');
INSERT INTO `lk9v6_alumni_main` (`id`, `user_id`, `approved`) VALUES (238823, 238823, 1);
INSERT INTO `lk9v6_alumni_data` (`alumni_id`, `graduation_year`, `fid`, `job`, `address`, `city`, `country`, `phone`, `gid`, `mobile`, `nationalnumber`, `department`, `division`, `with_honor`) VALUES (238823, 2003, '23', '', '', '', '', '', '', '', '', 'الأقتصاد المنزلي ', '', '');
INSERT INTO `lk9v6_users` (`name`, `email`, `usertype`) VALUES ('حنان حسين محمد محمد', '', 'الخريجين');
INSERT INTO `lk9v6_alumni_main` (`id`, `user_id`, `approved`) VALUES (238824, 238824, 1);
INSERT INTO `lk9v6_alumni_data` (`alumni_id`, `graduation_year`, `fid`, `job`, `address`, `city`, `country`, `phone`, `gid`, `mobile`, `nationalnumber`, `department`, `division`, `with_honor`) VALUES (238824, 2003, '23', '', '', '', '', '', '', '', '', 'الأقتصاد المنزلي ', '', '');
INSERT INTO `lk9v6_users` (`name`, `email`, `usertype`) VALUES ('حنان فوزي طه عثمان ', '', 'الخريجين');
INSERT INTO `lk9v6_alumni_main` (`id`, `user_id`, `approved`) VALUES (238825, 238825, 1);
INSERT INTO `lk9v6_alumni_data` (`alumni_id`, `graduation_year`, `fid`, `job`, `address`, `city`, `country`, `phone`, `gid`, `mobile`, `nationalnumber`, `department`, `division`, `with_honor`) VALUES (238825, 2003, '23', '', '', '', '', '', '', '', '', 'الأقتصاد المنزلي ', '', '');
INSERT INTO `lk9v6_users` (`name`, `email`, `usertype`) VALUES ('حنان محمد عبد العزيز محمد', '', 'الخريجين');
INSERT INTO `lk9v6_alumni_main` (`id`, `user_id`, `approved`) VALUES (238826, 238826, 1);
INSERT INTO `lk9v6_alumni_data` (`alumni_id`, `graduation_year`, `fid`, `job`, `address`, `city`, `country`, `phone`, `gid`, `mobile`, `nationalnumber`, `department`, `division`, `with_honor`) VALUES (238826, 2003, '23', '', '', '', '', '', '', '', '', 'الأقتصاد المنزلي ', '', '');
INSERT INTO `lk9v6_users` (`name`, `email`, `usertype`) VALUES ('داليا سعد عبد العزيز سعد ', '', 'الخريجين');
INSERT INTO `lk9v6_alumni_main` (`id`, `user_id`, `approved`) VALUES (238827, 238827, 1);
INSERT INTO `lk9v6_alumni_data` (`alumni_id`, `graduation_year`, `fid`, `job`, `address`, `city`, `country`, `phone`, `gid`, `mobile`, `nationalnumber`, `department`, `division`, `with_honor`) VALUES (238827, 2003, '23', '', '', '', '', '', '', '', '', 'الأقتصاد المنزلي ', '', '');
INSERT INTO `lk9v6_users` (`name`, `email`, `usertype`) VALUES ('دميانة سامي ميخائيل اسحق ', '', 'الخريجين');
INSERT INTO `lk9v6_alumni_main` (`id`, `user_id`, `approved`) VALUES (238828, 238828, 1);
INSERT INTO `lk9v6_alumni_data` (`alumni_id`, `graduation_year`, `fid`, `job`, `address`, `city`, `country`, `phone`, `gid`, `mobile`, `nationalnumber`, `department`, `division`, `with_honor`) VALUES (238828, 2003, '23', '', '', '', '', '', '', '', '', 'الأقتصاد المنزلي ', '', '');
INSERT INTO `lk9v6_users` (`name`, `email`, `usertype`) VALUES ('رحاب محمد رفاعي السيد ', '', 'الخريجين');
INSERT INTO `lk9v6_alumni_main` (`id`, `user_id`, `approved`) VALUES (238829, 238829, 1);
INSERT INTO `lk9v6_alumni_data` (`alumni_id`, `graduation_year`, `fid`, `job`, `address`, `city`, `country`, `phone`, `gid`, `mobile`, `nationalnumber`, `department`, `division`, `with_honor`) VALUES (238829, 2003, '23', '', '', '', '', '', '', '', '', 'الأقتصاد المنزلي ', '', '');
INSERT INTO `lk9v6_users` (`name`, `email`, `usertype`) VALUES ('رشا محمد فهيم السيد يوسف ', '', 'الخريجين');
INSERT INTO `lk9v6_alumni_main` (`id`, `user_id`, `approved`) VALUES (238830, 238830, 1);
INSERT INTO `lk9v6_alumni_data` (`alumni_id`, `graduation_year`, `fid`, `job`, `address`, `city`, `country`, `phone`, `gid`, `mobile`, `nationalnumber`, `department`, `division`, `with_honor`) VALUES (238830, 2003, '23', '', '', '', '', '', '', '', '', 'الأقتصاد المنزلي ', '', '');
INSERT INTO `lk9v6_users` (`name`, `email`, `usertype`) VALUES ('شيماء فرج هارون هارون ', '', 'الخريجين');
INSERT INTO `lk9v6_alumni_main` (`id`, `user_id`, `approved`) VALUES (238831, 238831, 1);
INSERT INTO `lk9v6_alumni_data` (`alumni_id`, `graduation_year`, `fid`, `job`, `address`, `city`, `country`, `phone`, `gid`, `mobile`, `nationalnumber`, `department`, `division`, `with_honor`) VALUES (238831, 2003, '23', '', '', '', '', '', '', '', '', 'الأقتصاد المنزلي ', '', '');
INSERT INTO `lk9v6_users` (`name`, `email`, `usertype`) VALUES ('شيماء محمود مصطفي محمود', '', 'الخريجين');
INSERT INTO `lk9v6_alumni_main` (`id`, `user_id`, `approved`) VALUES (238832, 238832, 1);
INSERT INTO `lk9v6_alumni_data` (`alumni_id`, `graduation_year`, `fid`, `job`, `address`, `city`, `country`, `phone`, `gid`, `mobile`, `nationalnumber`, `department`, `division`, `with_honor`) VALUES (238832, 2003, '23', '', '', '', '', '', '', '', '', 'الأقتصاد المنزلي ', '', '');
INSERT INTO `lk9v6_users` (`name`, `email`, `usertype`) VALUES ('عزة عادل رشوان غانم ', '', 'الخريجين');
INSERT INTO `lk9v6_alumni_main` (`id`, `user_id`, `approved`) VALUES (238833, 238833, 1);
INSERT INTO `lk9v6_alumni_data` (`alumni_id`, `graduation_year`, `fid`, `job`, `address`, `city`, `country`, `phone`, `gid`, `mobile`, `nationalnumber`, `department`, `division`, `with_honor`) VALUES (238833, 2003, '23', '', '', '', '', '', '', '', '', 'الأقتصاد المنزلي ', '', '');
INSERT INTO `lk9v6_users` (`name`, `email`, `usertype`) VALUES ('علا عبد اللطيف عبد الرازق محمد', '', 'الخريجين');
INSERT INTO `lk9v6_alumni_main` (`id`, `user_id`, `approved`) VALUES (238834, 238834, 1);
INSERT INTO `lk9v6_alumni_data` (`alumni_id`, `graduation_year`, `fid`, `job`, `address`, `city`, `country`, `phone`, `gid`, `mobile`, `nationalnumber`, `department`, `division`, `with_honor`) VALUES (238834, 2003, '23', '', '', '', '', '', '', '', '', 'الأقتصاد المنزلي ', '', '');
INSERT INTO `lk9v6_users` (`name`, `email`, `usertype`) VALUES ('علا محمد محمد عبد العال ', '', 'الخريجين');
INSERT INTO `lk9v6_alumni_main` (`id`, `user_id`, `approved`) VALUES (238835, 238835, 1);
INSERT INTO `lk9v6_alumni_data` (`alumni_id`, `graduation_year`, `fid`, `job`, `address`, `city`, `country`, `phone`, `gid`, `mobile`, `nationalnumber`, `department`, `division`, `with_honor`) VALUES (238835, 2003, '23', '', '', '', '', '', '', '', '', 'الأقتصاد المنزلي ', '', '');
INSERT INTO `lk9v6_users` (`name`, `email`, `usertype`) VALUES ('كاترين عبيد كامل جرجس ', '', 'الخريجين');
INSERT INTO `lk9v6_alumni_main` (`id`, `user_id`, `approved`) VALUES (238836, 238836, 1);
INSERT INTO `lk9v6_alumni_data` (`alumni_id`, `graduation_year`, `fid`, `job`, `address`, `city`, `country`, `phone`, `gid`, `mobile`, `nationalnumber`, `department`, `division`, `with_honor`) VALUES (238836, 2003, '23', '', '', '', '', '', '', '', '', 'الأقتصاد المنزلي ', '', '');
INSERT INTO `lk9v6_users` (`name`, `email`, `usertype`) VALUES ('ليالي غنيم بهجت غنيم ', '', 'الخريجين');
INSERT INTO `lk9v6_alumni_main` (`id`, `user_id`, `approved`) VALUES (238837, 238837, 1);
INSERT INTO `lk9v6_alumni_data` (`alumni_id`, `graduation_year`, `fid`, `job`, `address`, `city`, `country`, `phone`, `gid`, `mobile`, `nationalnumber`, `department`, `division`, `with_honor`) VALUES (238837, 2003, '23', '', '', '', '', '', '', '', '', 'الأقتصاد المنزلي ', '', '');
INSERT INTO `lk9v6_users` (`name`, `email`, `usertype`) VALUES ('مروة عبد الفتاح ابراهيم ', '', 'الخريجين');
INSERT INTO `lk9v6_alumni_main` (`id`, `user_id`, `approved`) VALUES (238838, 238838, 1);
INSERT INTO `lk9v6_alumni_data` (`alumni_id`, `graduation_year`, `fid`, `job`, `address`, `city`, `country`, `phone`, `gid`, `mobile`, `nationalnumber`, `department`, `division`, `with_honor`) VALUES (238838, 2003, '23', '', '', '', '', '', '', '', '', 'الأقتصاد المنزلي ', '', '');
INSERT INTO `lk9v6_users` (`name`, `email`, `usertype`) VALUES ('مني أحمد محمد متولي ', '', 'الخريجين');
INSERT INTO `lk9v6_alumni_main` (`id`, `user_id`, `approved`) VALUES (238839, 238839, 1);
INSERT INTO `lk9v6_alumni_data` (`alumni_id`, `graduation_year`, `fid`, `job`, `address`, `city`, `country`, `phone`, `gid`, `mobile`, `nationalnumber`, `department`, `division`, `with_honor`) VALUES (238839, 2003, '23', '', '', '', '', '', '', '', '', 'الأقتصاد المنزلي ', '', '');
INSERT INTO `lk9v6_users` (`name`, `email`, `usertype`) VALUES ('مني محمد أحمد احمد فضل المولي ', '', 'الخريجين');
INSERT INTO `lk9v6_alumni_main` (`id`, `user_id`, `approved`) VALUES (238840, 238840, 1);
INSERT INTO `lk9v6_alumni_data` (`alumni_id`, `graduation_year`, `fid`, `job`, `address`, `city`, `country`, `phone`, `gid`, `mobile`, `nationalnumber`, `department`, `division`, `with_honor`) VALUES (238840, 2003, '23', '', '', '', '', '', '', '', '', 'الأقتصاد المنزلي ', '', '');
INSERT INTO `lk9v6_users` (`name`, `email`, `usertype`) VALUES ('نورهان محمد حامد أبو عبية ', '', 'الخريجين');
INSERT INTO `lk9v6_alumni_main` (`id`, `user_id`, `approved`) VALUES (238841, 238841, 1);
INSERT INTO `lk9v6_alumni_data` (`alumni_id`, `graduation_year`, `fid`, `job`, `address`, `city`, `country`, `phone`, `gid`, `mobile`, `nationalnumber`, `department`, `division`, `with_honor`) VALUES (238841, 2003, '23', '', '', '', '', '', '', '', '', 'الأقتصاد المنزلي ', '', '');
INSERT INTO `lk9v6_users` (`name`, `email`, `usertype`) VALUES ('وسام نبيل محمد الحوفي ', '', 'الخريجين');
INSERT INTO `lk9v6_alumni_main` (`id`, `user_id`, `approved`) VALUES (238842, 238842, 1);
INSERT INTO `lk9v6_alumni_data` (`alumni_id`, `graduation_year`, `fid`, `job`, `address`, `city`, `country`, `phone`, `gid`, `mobile`, `nationalnumber`, `department`, `division`, `with_honor`) VALUES (238842, 2003, '23', '', '', '', '', '', '', '', '', 'الأقتصاد المنزلي ', '', '');
INSERT INTO `lk9v6_users` (`name`, `email`, `usertype`) VALUES ('وفاء صالح شحاتة السحت ', '', 'الخريجين');
INSERT INTO `lk9v6_alumni_main` (`id`, `user_id`, `approved`) VALUES (238843, 238843, 1);
INSERT INTO `lk9v6_alumni_data` (`alumni_id`, `graduation_year`, `fid`, `job`, `address`, `city`, `country`, `phone`, `gid`, `mobile`, `nationalnumber`, `department`, `division`, `with_honor`) VALUES (238843, 2003, '23', '', '', '', '', '', '', '', '', 'الأقتصاد المنزلي ', '', '');
INSERT INTO `lk9v6_users` (`name`, `email`, `usertype`) VALUES ('وئام أمين عمر عمر الشيخ ', '', 'الخريجين');
INSERT INTO `lk9v6_alumni_main` (`id`, `user_id`, `approved`) VALUES (238844, 238844, 1);
INSERT INTO `lk9v6_alumni_data` (`alumni_id`, `graduation_year`, `fid`, `job`, `address`, `city`, `country`, `phone`, `gid`, `mobile`, `nationalnumber`, `department`, `division`, `with_honor`) VALUES (238844, 2003, '23', '', '', '', '', '', '', '', '', 'الأقتصاد المنزلي ', '', '');
INSERT INTO `lk9v6_users` (`name`, `email`, `usertype`) VALUES ('هبة سمير عبد الستار علي ', '', 'الخريجين');
INSERT INTO `lk9v6_alumni_main` (`id`, `user_id`, `approved`) VALUES (238845, 238845, 1);
INSERT INTO `lk9v6_alumni_data` (`alumni_id`, `graduation_year`, `fid`, `job`, `address`, `city`, `country`, `phone`, `gid`, `mobile`, `nationalnumber`, `department`, `division`, `with_honor`) VALUES (238845, 2003, '23', '', '', '', '', '', '', '', '', 'الأقتصاد المنزلي ', '', '');
INSERT INTO `lk9v6_users` (`name`, `email`, `usertype`) VALUES ('هبة محمد جابر محمد المعاون ', '', 'الخريجين');
INSERT INTO `lk9v6_alumni_main` (`id`, `user_id`, `approved`) VALUES (238846, 238846, 1);
INSERT INTO `lk9v6_alumni_data` (`alumni_id`, `graduation_year`, `fid`, `job`, `address`, `city`, `country`, `phone`, `gid`, `mobile`, `nationalnumber`, `department`, `division`, `with_honor`) VALUES (238846, 2003, '23', '', '', '', '', '', '', '', '', 'الأقتصاد المنزلي ', '', '');
INSERT INTO `lk9v6_users` (`name`, `email`, `usertype`) VALUES ('هدي حمدي محمد القزاز', '', 'الخريجين');
INSERT INTO `lk9v6_alumni_main` (`id`, `user_id`, `approved`) VALUES (238847, 238847, 1);
INSERT INTO `lk9v6_alumni_data` (`alumni_id`, `graduation_year`, `fid`, `job`, `address`, `city`, `country`, `phone`, `gid`, `mobile`, `nationalnumber`, `department`, `division`, `with_honor`) VALUES (238847, 2003, '23', '', '', '', '', '', '', '', '', 'الأقتصاد المنزلي ', '', '');
INSERT INTO `lk9v6_users` (`name`, `email`, `usertype`) VALUES ('هدي محمد رفعت محمد ', '', 'الخريجين');
INSERT INTO `lk9v6_alumni_main` (`id`, `user_id`, `approved`) VALUES (238848, 238848, 1);
INSERT INTO `lk9v6_alumni_data` (`alumni_id`, `graduation_year`, `fid`, `job`, `address`, `city`, `country`, `phone`, `gid`, `mobile`, `nationalnumber`, `department`, `division`, `with_honor`) VALUES (238848, 2003, '23', '', '', '', '', '', '', '', '', 'الأقتصاد المنزلي ', '', '');
INSERT INTO `lk9v6_users` (`name`, `email`, `usertype`) VALUES ('أميرة عبد القادر عبد المنعم ', '', 'الخريجين');
INSERT INTO `lk9v6_alumni_main` (`id`, `user_id`, `approved`) VALUES (238849, 238849, 1);
INSERT INTO `lk9v6_alumni_data` (`alumni_id`, `graduation_year`, `fid`, `job`, `address`, `city`, `country`, `phone`, `gid`, `mobile`, `nationalnumber`, `department`, `division`, `with_honor`) VALUES (238849, 2003, '23', '', '', '', '', '', '', '', '', 'الأقتصاد المنزلي ', '', '');
INSERT INTO `lk9v6_users` (`name`, `email`, `usertype`) VALUES ('داليا صلاح ابراهيم شيحة ', '', 'الخريجين');
INSERT INTO `lk9v6_alumni_main` (`id`, `user_id`, `approved`) VALUES (238850, 238850, 1);
INSERT INTO `lk9v6_alumni_data` (`alumni_id`, `graduation_year`, `fid`, `job`, `address`, `city`, `country`, `phone`, `gid`, `mobile`, `nationalnumber`, `department`, `division`, `with_honor`) VALUES (238850, 2003, '23', '', '', '', '', '', '', '', '', 'الأقتصاد المنزلي ', '', '');
INSERT INTO `lk9v6_users` (`name`, `email`, `usertype`) VALUES ('دينا ممدوح عبد السلام عدوي ', '', 'الخريجين');
INSERT INTO `lk9v6_alumni_main` (`id`, `user_id`, `approved`) VALUES (238851, 238851, 1);
INSERT INTO `lk9v6_alumni_data` (`alumni_id`, `graduation_year`, `fid`, `job`, `address`, `city`, `country`, `phone`, `gid`, `mobile`, `nationalnumber`, `department`, `division`, `with_honor`) VALUES (238851, 2003, '23', '', '', '', '', '', '', '', '', 'الأقتصاد المنزلي ', '', '');
INSERT INTO `lk9v6_users` (`name`, `email`, `usertype`) VALUES ('نهي شلبي علي شلبي ', '', 'الخريجين');
INSERT INTO `lk9v6_alumni_main` (`id`, `user_id`, `approved`) VALUES (238852, 238852, 1);
INSERT INTO `lk9v6_alumni_data` (`alumni_id`, `graduation_year`, `fid`, `job`, `address`, `city`, `country`, `phone`, `gid`, `mobile`, `nationalnumber`, `department`, `division`, `with_honor`) VALUES (238852, 2003, '23', '', '', '', '', '', '', '', '', 'الأقتصاد المنزلي ', '', '');
INSERT INTO `lk9v6_users` (`name`, `email`, `usertype`) VALUES ('ابتهال عادل صبحي محمد ', '', 'الخريجين');
INSERT INTO `lk9v6_alumni_main` (`id`, `user_id`, `approved`) VALUES (238853, 238853, 1);
INSERT INTO `lk9v6_alumni_data` (`alumni_id`, `graduation_year`, `fid`, `job`, `address`, `city`, `country`, `phone`, `gid`, `mobile`, `nationalnumber`, `department`, `division`, `with_honor`) VALUES (238853, 2003, '23', '', '', '', '', '', '', '', '', 'الأقتصاد المنزلي ', '', '');
INSERT INTO `lk9v6_users` (`name`, `email`, `usertype`) VALUES ('أسماء طارق محمد عبد المنعم ', '', 'الخريجين');
INSERT INTO `lk9v6_alumni_main` (`id`, `user_id`, `approved`) VALUES (238854, 238854, 1);
INSERT INTO `lk9v6_alumni_data` (`alumni_id`, `graduation_year`, `fid`, `job`, `address`, `city`, `country`, `phone`, `gid`, `mobile`, `nationalnumber`, `department`, `division`, `with_honor`) VALUES (238854, 2003, '23', '', '', '', '', '', '', '', '', 'الأقتصاد المنزلي ', '', '');
INSERT INTO `lk9v6_users` (`name`, `email`, `usertype`) VALUES ('أسماء عبد الرحمن حامد غزال ', '', 'الخريجين');
INSERT INTO `lk9v6_alumni_main` (`id`, `user_id`, `approved`) VALUES (238855, 238855, 1);
INSERT INTO `lk9v6_alumni_data` (`alumni_id`, `graduation_year`, `fid`, `job`, `address`, `city`, `country`, `phone`, `gid`, `mobile`, `nationalnumber`, `department`, `division`, `with_honor`) VALUES (238855, 2003, '23', '', '', '', '', '', '', '', '', 'الأقتصاد المنزلي ', '', '');
INSERT INTO `lk9v6_users` (`name`, `email`, `usertype`) VALUES ('شيماء محمد شريف رحمي ', '', 'الخريجين');
INSERT INTO `lk9v6_alumni_main` (`id`, `user_id`, `approved`) VALUES (238856, 238856, 1);
INSERT INTO `lk9v6_alumni_data` (`alumni_id`, `graduation_year`, `fid`, `job`, `address`, `city`, `country`, `phone`, `gid`, `mobile`, `nationalnumber`, `department`, `division`, `with_honor`) VALUES (238856, 2003, '23', '', '', '', '', '', '', '', '', 'الأقتصاد المنزلي ', '', '');
INSERT INTO `lk9v6_users` (`name`, `email`, `usertype`) VALUES ('مني جمال مسعد أحمد البري ', '', 'الخريجين');
INSERT INTO `lk9v6_alumni_main` (`id`, `user_id`, `approved`) VALUES (238857, 238857, 1);
INSERT INTO `lk9v6_alumni_data` (`alumni_id`, `graduation_year`, `fid`, `job`, `address`, `city`, `country`, `phone`, `gid`, `mobile`, `nationalnumber`, `department`, `division`, `with_honor`) VALUES (238857, 2003, '23', '', '', '', '', '', '', '', '', 'الأقتصاد المنزلي ', '', '');
INSERT INTO `lk9v6_users` (`name`, `email`, `usertype`) VALUES ('هانم جلال أبو الفتوح عيد ', '', 'الخريجين');
INSERT INTO `lk9v6_alumni_main` (`id`, `user_id`, `approved`) VALUES (238858, 238858, 1);
INSERT INTO `lk9v6_alumni_data` (`alumni_id`, `graduation_year`, `fid`, `job`, `address`, `city`, `country`, `phone`, `gid`, `mobile`, `nationalnumber`, `department`, `division`, `with_honor`) VALUES (238858, 2003, '23', '', '', '', '', '', '', '', '', 'الأقتصاد المنزلي ', '', '');
INSERT INTO `lk9v6_users` (`name`, `email`, `usertype`) VALUES ('هند محمد ابراهيم الشرقاوي ', '', 'الخريجين');
INSERT INTO `lk9v6_alumni_main` (`id`, `user_id`, `approved`) VALUES (238859, 238859, 1);
INSERT INTO `lk9v6_alumni_data` (`alumni_id`, `graduation_year`, `fid`, `job`, `address`, `city`, `country`, `phone`, `gid`, `mobile`, `nationalnumber`, `department`, `division`, `with_honor`) VALUES (238859, 2003, '23', '', '', '', '', '', '', '', '', 'الأقتصاد المنزلي ', '', '');
INSERT INTO `lk9v6_users` (`name`, `email`, `usertype`) VALUES ('مي محمد الأمير عبد الحكيم ', '', 'الخريجين');
INSERT INTO `lk9v6_alumni_main` (`id`, `user_id`, `approved`) VALUES (238860, 238860, 1);
INSERT INTO `lk9v6_alumni_data` (`alumni_id`, `graduation_year`, `fid`, `job`, `address`, `city`, `country`, `phone`, `gid`, `mobile`, `nationalnumber`, `department`, `division`, `with_honor`) VALUES (238860, 2003, '23', '', '', '', '', '', '', '', '', 'الأقتصاد المنزلي ', '', '');
INSERT INTO `lk9v6_users` (`name`, `email`, `usertype`) VALUES ('نهي توفيق عبد الله علي ', '', 'الخريجين');
INSERT INTO `lk9v6_alumni_main` (`id`, `user_id`, `approved`) VALUES (238861, 238861, 1);
INSERT INTO `lk9v6_alumni_data` (`alumni_id`, `graduation_year`, `fid`, `job`, `address`, `city`, `country`, `phone`, `gid`, `mobile`, `nationalnumber`, `department`, `division`, `with_honor`) VALUES (238861, 2004, '23', '', '', '', '', '', '', '', '', 'التربية الفنية ', '', '');
INSERT INTO `lk9v6_users` (`name`, `email`, `usertype`) VALUES ('نيفين وسف خليل زبادي ', '', 'الخريجين');
INSERT INTO `lk9v6_alumni_main` (`id`, `user_id`, `approved`) VALUES (238862, 238862, 1);
INSERT INTO `lk9v6_alumni_data` (`alumni_id`, `graduation_year`, `fid`, `job`, `address`, `city`, `country`, `phone`, `gid`, `mobile`, `nationalnumber`, `department`, `division`, `with_honor`) VALUES (238862, 2004, '23', '', '', '', '', '', '', '', '', 'التربية الفنية ', '', '');
INSERT INTO `lk9v6_users` (`name`, `email`, `usertype`) VALUES ('أحمد ابراهيم محمد زيدان', '', 'الخريجين');
INSERT INTO `lk9v6_alumni_main` (`id`, `user_id`, `approved`) VALUES (238863, 238863, 1);
INSERT INTO `lk9v6_alumni_data` (`alumni_id`, `graduation_year`, `fid`, `job`, `address`, `city`, `country`, `phone`, `gid`, `mobile`, `nationalnumber`, `department`, `division`, `with_honor`) VALUES (238863, 2004, '23', '', '', '', '', '', '', '', '', 'التربية الفنية ', '', '');
INSERT INTO `lk9v6_users` (`name`, `email`, `usertype`) VALUES ('أحمد جمال عبد الناصر أحمد', '', 'الخريجين');
INSERT INTO `lk9v6_alumni_main` (`id`, `user_id`, `approved`) VALUES (238864, 238864, 1);
INSERT INTO `lk9v6_alumni_data` (`alumni_id`, `graduation_year`, `fid`, `job`, `address`, `city`, `country`, `phone`, `gid`, `mobile`, `nationalnumber`, `department`, `division`, `with_honor`) VALUES (238864, 2004, '23', '', '', '', '', '', '', '', '', 'التربية الفنية ', '', '');
INSERT INTO `lk9v6_users` (`name`, `email`, `usertype`) VALUES ('أسماء عبد الغفار عبد الحميد', '', 'الخريجين');
INSERT INTO `lk9v6_alumni_main` (`id`, `user_id`, `approved`) VALUES (238865, 238865, 1);
INSERT INTO `lk9v6_alumni_data` (`alumni_id`, `graduation_year`, `fid`, `job`, `address`, `city`, `country`, `phone`, `gid`, `mobile`, `nationalnumber`, `department`, `division`, `with_honor`) VALUES (238865, 2004, '23', '', '', '', '', '', '', '', '', 'التربية الفنية ', '', '');
INSERT INTO `lk9v6_users` (`name`, `email`, `usertype`) VALUES ('أميرة محمد عبد الشافي محمد', '', 'الخريجين');
INSERT INTO `lk9v6_alumni_main` (`id`, `user_id`, `approved`) VALUES (238866, 238866, 1);
INSERT INTO `lk9v6_alumni_data` (`alumni_id`, `graduation_year`, `fid`, `job`, `address`, `city`, `country`, `phone`, `gid`, `mobile`, `nationalnumber`, `department`, `division`, `with_honor`) VALUES (238866, 2004, '23', '', '', '', '', '', '', '', '', 'التربية الفنية ', '', '');
INSERT INTO `lk9v6_users` (`name`, `email`, `usertype`) VALUES ('أمنية فتحي ابراهيم ابراهيم  ', '', 'الخريجين');
INSERT INTO `lk9v6_alumni_main` (`id`, `user_id`, `approved`) VALUES (238867, 238867, 1);
INSERT INTO `lk9v6_alumni_data` (`alumni_id`, `graduation_year`, `fid`, `job`, `address`, `city`, `country`, `phone`, `gid`, `mobile`, `nationalnumber`, `department`, `division`, `with_honor`) VALUES (238867, 2004, '23', '', '', '', '', '', '', '', '', 'التربية الفنية ', '', '');
INSERT INTO `lk9v6_users` (`name`, `email`, `usertype`) VALUES ('انجي عز الدين عليوة محمود', '', 'الخريجين');
INSERT INTO `lk9v6_alumni_main` (`id`, `user_id`, `approved`) VALUES (238868, 238868, 1);
INSERT INTO `lk9v6_alumni_data` (`alumni_id`, `graduation_year`, `fid`, `job`, `address`, `city`, `country`, `phone`, `gid`, `mobile`, `nationalnumber`, `department`, `division`, `with_honor`) VALUES (238868, 2004, '23', '', '', '', '', '', '', '', '', 'التربية الفنية ', '', '');
INSERT INTO `lk9v6_users` (`name`, `email`, `usertype`) VALUES ('جورج سامي فرعون ابراهيم ', '', 'الخريجين');
INSERT INTO `lk9v6_alumni_main` (`id`, `user_id`, `approved`) VALUES (238869, 238869, 1);
INSERT INTO `lk9v6_alumni_data` (`alumni_id`, `graduation_year`, `fid`, `job`, `address`, `city`, `country`, `phone`, `gid`, `mobile`, `nationalnumber`, `department`, `division`, `with_honor`) VALUES (238869, 2004, '23', '', '', '', '', '', '', '', '', 'التربية الفنية ', '', '');
INSERT INTO `lk9v6_users` (`name`, `email`, `usertype`) VALUES ('حنان السيد السيد حجازي ', '', 'الخريجين');
INSERT INTO `lk9v6_alumni_main` (`id`, `user_id`, `approved`) VALUES (238870, 238870, 1);
INSERT INTO `lk9v6_alumni_data` (`alumni_id`, `graduation_year`, `fid`, `job`, `address`, `city`, `country`, `phone`, `gid`, `mobile`, `nationalnumber`, `department`, `division`, `with_honor`) VALUES (238870, 2004, '23', '', '', '', '', '', '', '', '', 'التربية الفنية ', '', '');
INSERT INTO `lk9v6_users` (`name`, `email`, `usertype`) VALUES ('دارين فؤاد فوزي دقنيش', '', 'الخريجين');
INSERT INTO `lk9v6_alumni_main` (`id`, `user_id`, `approved`) VALUES (238871, 238871, 1);
INSERT INTO `lk9v6_alumni_data` (`alumni_id`, `graduation_year`, `fid`, `job`, `address`, `city`, `country`, `phone`, `gid`, `mobile`, `nationalnumber`, `department`, `division`, `with_honor`) VALUES (238871, 2004, '23', '', '', '', '', '', '', '', '', 'التربية الفنية ', '', '');
INSERT INTO `lk9v6_users` (`name`, `email`, `usertype`) VALUES ('داليا صبري محمد محمد', '', 'الخريجين');
INSERT INTO `lk9v6_alumni_main` (`id`, `user_id`, `approved`) VALUES (238872, 238872, 1);
INSERT INTO `lk9v6_alumni_data` (`alumni_id`, `graduation_year`, `fid`, `job`, `address`, `city`, `country`, `phone`, `gid`, `mobile`, `nationalnumber`, `department`, `division`, `with_honor`) VALUES (238872, 2004, '23', '', '', '', '', '', '', '', '', 'التربية الفنية ', '', '');
INSERT INTO `lk9v6_users` (`name`, `email`, `usertype`) VALUES ('داليا محمود ضياء محمد', '', 'الخريجين');
INSERT INTO `lk9v6_alumni_main` (`id`, `user_id`, `approved`) VALUES (238873, 238873, 1);
INSERT INTO `lk9v6_alumni_data` (`alumni_id`, `graduation_year`, `fid`, `job`, `address`, `city`, `country`, `phone`, `gid`, `mobile`, `nationalnumber`, `department`, `division`, `with_honor`) VALUES (238873, 2004, '23', '', '', '', '', '', '', '', '', 'التربية الفنية ', '', '');
INSERT INTO `lk9v6_users` (`name`, `email`, `usertype`) VALUES ('دعاء محمد فتحي اسماعيل ', '', 'الخريجين');
INSERT INTO `lk9v6_alumni_main` (`id`, `user_id`, `approved`) VALUES (238874, 238874, 1);
INSERT INTO `lk9v6_alumni_data` (`alumni_id`, `graduation_year`, `fid`, `job`, `address`, `city`, `country`, `phone`, `gid`, `mobile`, `nationalnumber`, `department`, `division`, `with_honor`) VALUES (238874, 2004, '23', '', '', '', '', '', '', '', '', 'التربية الفنية ', '', '');
INSERT INTO `lk9v6_users` (`name`, `email`, `usertype`) VALUES ('رغدة أحمد البدوي محمود', '', 'الخريجين');
INSERT INTO `lk9v6_alumni_main` (`id`, `user_id`, `approved`) VALUES (238875, 238875, 1);
INSERT INTO `lk9v6_alumni_data` (`alumni_id`, `graduation_year`, `fid`, `job`, `address`, `city`, `country`, `phone`, `gid`, `mobile`, `nationalnumber`, `department`, `division`, `with_honor`) VALUES (238875, 2004, '23', '', '', '', '', '', '', '', '', 'التربية الفنية ', '', '');
INSERT INTO `lk9v6_users` (`name`, `email`, `usertype`) VALUES ('سارة يحيي عزت عطية ', '', 'الخريجين');
INSERT INTO `lk9v6_alumni_main` (`id`, `user_id`, `approved`) VALUES (238876, 238876, 1);
INSERT INTO `lk9v6_alumni_data` (`alumni_id`, `graduation_year`, `fid`, `job`, `address`, `city`, `country`, `phone`, `gid`, `mobile`, `nationalnumber`, `department`, `division`, `with_honor`) VALUES (238876, 2004, '23', '', '', '', '', '', '', '', '', 'التربية الفنية ', '', '');
INSERT INTO `lk9v6_users` (`name`, `email`, `usertype`) VALUES ('سامية سامي عبد العزيز حسن', '', 'الخريجين');
INSERT INTO `lk9v6_alumni_main` (`id`, `user_id`, `approved`) VALUES (238877, 238877, 1);
INSERT INTO `lk9v6_alumni_data` (`alumni_id`, `graduation_year`, `fid`, `job`, `address`, `city`, `country`, `phone`, `gid`, `mobile`, `nationalnumber`, `department`, `division`, `with_honor`) VALUES (238877, 2004, '23', '', '', '', '', '', '', '', '', 'التربية الفنية ', '', '');
INSERT INTO `lk9v6_users` (`name`, `email`, `usertype`) VALUES ('سوزان محمد محمد السيد ', '', 'الخريجين');
INSERT INTO `lk9v6_alumni_main` (`id`, `user_id`, `approved`) VALUES (238878, 238878, 1);
INSERT INTO `lk9v6_alumni_data` (`alumni_id`, `graduation_year`, `fid`, `job`, `address`, `city`, `country`, `phone`, `gid`, `mobile`, `nationalnumber`, `department`, `division`, `with_honor`) VALUES (238878, 2004, '23', '', '', '', '', '', '', '', '', 'التربية الفنية ', '', '');
INSERT INTO `lk9v6_users` (`name`, `email`, `usertype`) VALUES ('شيرين بولس موسي قلد', '', 'الخريجين');
INSERT INTO `lk9v6_alumni_main` (`id`, `user_id`, `approved`) VALUES (238879, 238879, 1);
INSERT INTO `lk9v6_alumni_data` (`alumni_id`, `graduation_year`, `fid`, `job`, `address`, `city`, `country`, `phone`, `gid`, `mobile`, `nationalnumber`, `department`, `division`, `with_honor`) VALUES (238879, 2004, '23', '', '', '', '', '', '', '', '', 'التربية الفنية ', '', '');
INSERT INTO `lk9v6_users` (`name`, `email`, `usertype`) VALUES ('شيرين شوقي أحمد محمد ', '', 'الخريجين');
INSERT INTO `lk9v6_alumni_main` (`id`, `user_id`, `approved`) VALUES (238880, 238880, 1);
INSERT INTO `lk9v6_alumni_data` (`alumni_id`, `graduation_year`, `fid`, `job`, `address`, `city`, `country`, `phone`, `gid`, `mobile`, `nationalnumber`, `department`, `division`, `with_honor`) VALUES (238880, 2004, '23', '', '', '', '', '', '', '', '', 'التربية الفنية ', '', '');
INSERT INTO `lk9v6_users` (`name`, `email`, `usertype`) VALUES ('شيماء أحمد رزق عبد الرازق', '', 'الخريجين');
INSERT INTO `lk9v6_alumni_main` (`id`, `user_id`, `approved`) VALUES (238881, 238881, 1);
INSERT INTO `lk9v6_alumni_data` (`alumni_id`, `graduation_year`, `fid`, `job`, `address`, `city`, `country`, `phone`, `gid`, `mobile`, `nationalnumber`, `department`, `division`, `with_honor`) VALUES (238881, 2004, '23', '', '', '', '', '', '', '', '', 'التربية الفنية ', '', '');
INSERT INTO `lk9v6_users` (`name`, `email`, `usertype`) VALUES ('فيروز حمزة الصافي سليمان ', '', 'الخريجين');
INSERT INTO `lk9v6_alumni_main` (`id`, `user_id`, `approved`) VALUES (238882, 238882, 1);
INSERT INTO `lk9v6_alumni_data` (`alumni_id`, `graduation_year`, `fid`, `job`, `address`, `city`, `country`, `phone`, `gid`, `mobile`, `nationalnumber`, `department`, `division`, `with_honor`) VALUES (238882, 2004, '23', '', '', '', '', '', '', '', '', 'التربية الفنية ', '', '');
INSERT INTO `lk9v6_users` (`name`, `email`, `usertype`) VALUES ('كريم أحمد ابراهيم محمود', '', 'الخريجين');
INSERT INTO `lk9v6_alumni_main` (`id`, `user_id`, `approved`) VALUES (238883, 238883, 1);
INSERT INTO `lk9v6_alumni_data` (`alumni_id`, `graduation_year`, `fid`, `job`, `address`, `city`, `country`, `phone`, `gid`, `mobile`, `nationalnumber`, `department`, `division`, `with_honor`) VALUES (238883, 2004, '23', '', '', '', '', '', '', '', '', 'التربية الفنية ', '', '');
INSERT INTO `lk9v6_users` (`name`, `email`, `usertype`) VALUES ('مروة محمد محمود السعيد', '', 'الخريجين');
INSERT INTO `lk9v6_alumni_main` (`id`, `user_id`, `approved`) VALUES (238884, 238884, 1);
INSERT INTO `lk9v6_alumni_data` (`alumni_id`, `graduation_year`, `fid`, `job`, `address`, `city`, `country`, `phone`, `gid`, `mobile`, `nationalnumber`, `department`, `division`, `with_honor`) VALUES (238884, 2004, '23', '', '', '', '', '', '', '', '', 'التربية الفنية ', '', '');
INSERT INTO `lk9v6_users` (`name`, `email`, `usertype`) VALUES (' مروة مصطفي محمد السيد', '', 'الخريجين');
INSERT INTO `lk9v6_alumni_main` (`id`, `user_id`, `approved`) VALUES (238885, 238885, 1);
INSERT INTO `lk9v6_alumni_data` (`alumni_id`, `graduation_year`, `fid`, `job`, `address`, `city`, `country`, `phone`, `gid`, `mobile`, `nationalnumber`, `department`, `division`, `with_honor`) VALUES (238885, 2004, '23', '', '', '', '', '', '', '', '', 'التربية الفنية ', '', '');
INSERT INTO `lk9v6_users` (`name`, `email`, `usertype`) VALUES ('مروة وديع فتحي عبد الله', '', 'الخريجين');
INSERT INTO `lk9v6_alumni_main` (`id`, `user_id`, `approved`) VALUES (238886, 238886, 1);
INSERT INTO `lk9v6_alumni_data` (`alumni_id`, `graduation_year`, `fid`, `job`, `address`, `city`, `country`, `phone`, `gid`, `mobile`, `nationalnumber`, `department`, `division`, `with_honor`) VALUES (238886, 2004, '23', '', '', '', '', '', '', '', '', 'التربية الفنية ', '', '');
INSERT INTO `lk9v6_users` (`name`, `email`, `usertype`) VALUES ('مروة ولي الدين محمد محمد', '', 'الخريجين');
INSERT INTO `lk9v6_alumni_main` (`id`, `user_id`, `approved`) VALUES (238887, 238887, 1);
INSERT INTO `lk9v6_alumni_data` (`alumni_id`, `graduation_year`, `fid`, `job`, `address`, `city`, `country`, `phone`, `gid`, `mobile`, `nationalnumber`, `department`, `division`, `with_honor`) VALUES (238887, 2004, '23', '', '', '', '', '', '', '', '', 'التربية الفنية ', '', '');
INSERT INTO `lk9v6_users` (`name`, `email`, `usertype`) VALUES ('مني فوزي محروس شنودة ', '', 'الخريجين');
INSERT INTO `lk9v6_alumni_main` (`id`, `user_id`, `approved`) VALUES (238888, 238888, 1);
INSERT INTO `lk9v6_alumni_data` (`alumni_id`, `graduation_year`, `fid`, `job`, `address`, `city`, `country`, `phone`, `gid`, `mobile`, `nationalnumber`, `department`, `division`, `with_honor`) VALUES (238888, 2004, '23', '', '', '', '', '', '', '', '', 'التربية الفنية ', '', '');
INSERT INTO `lk9v6_users` (`name`, `email`, `usertype`) VALUES ('مورا البرت نظير خلة ', '', 'الخريجين');
INSERT INTO `lk9v6_alumni_main` (`id`, `user_id`, `approved`) VALUES (238889, 238889, 1);
INSERT INTO `lk9v6_alumni_data` (`alumni_id`, `graduation_year`, `fid`, `job`, `address`, `city`, `country`, `phone`, `gid`, `mobile`, `nationalnumber`, `department`, `division`, `with_honor`) VALUES (238889, 2004, '23', '', '', '', '', '', '', '', '', 'التربية الفنية ', '', '');
INSERT INTO `lk9v6_users` (`name`, `email`, `usertype`) VALUES ('ميادة علي حسين خليفة ', '', 'الخريجين');
INSERT INTO `lk9v6_alumni_main` (`id`, `user_id`, `approved`) VALUES (238890, 238890, 1);
INSERT INTO `lk9v6_alumni_data` (`alumni_id`, `graduation_year`, `fid`, `job`, `address`, `city`, `country`, `phone`, `gid`, `mobile`, `nationalnumber`, `department`, `division`, `with_honor`) VALUES (238890, 2004, '23', '', '', '', '', '', '', '', '', 'التربية الفنية ', '', '');
INSERT INTO `lk9v6_users` (`name`, `email`, `usertype`) VALUES ('ميريام ادوارد الفونس ناشد', '', 'الخريجين');
INSERT INTO `lk9v6_alumni_main` (`id`, `user_id`, `approved`) VALUES (238891, 238891, 1);
INSERT INTO `lk9v6_alumni_data` (`alumni_id`, `graduation_year`, `fid`, `job`, `address`, `city`, `country`, `phone`, `gid`, `mobile`, `nationalnumber`, `department`, `division`, `with_honor`) VALUES (238891, 2004, '23', '', '', '', '', '', '', '', '', 'التربية الفنية ', '', '');
INSERT INTO `lk9v6_users` (`name`, `email`, `usertype`) VALUES ('مي عاطف رمضان أحمد', '', 'الخريجين');
INSERT INTO `lk9v6_alumni_main` (`id`, `user_id`, `approved`) VALUES (238892, 238892, 1);
INSERT INTO `lk9v6_alumni_data` (`alumni_id`, `graduation_year`, `fid`, `job`, `address`, `city`, `country`, `phone`, `gid`, `mobile`, `nationalnumber`, `department`, `division`, `with_honor`) VALUES (238892, 2004, '23', '', '', '', '', '', '', '', '', 'التربية الفنية ', '', '');
INSERT INTO `lk9v6_users` (`name`, `email`, `usertype`) VALUES ('مي نبيل سيد يوسف ', '', 'الخريجين');
INSERT INTO `lk9v6_alumni_main` (`id`, `user_id`, `approved`) VALUES (238893, 238893, 1);
INSERT INTO `lk9v6_alumni_data` (`alumni_id`, `graduation_year`, `fid`, `job`, `address`, `city`, `country`, `phone`, `gid`, `mobile`, `nationalnumber`, `department`, `division`, `with_honor`) VALUES (238893, 2004, '23', '', '', '', '', '', '', '', '', 'التربية الفنية ', '', '');
INSERT INTO `lk9v6_users` (`name`, `email`, `usertype`) VALUES ('نانسي عامر محمد أحمد ', '', 'الخريجين');
INSERT INTO `lk9v6_alumni_main` (`id`, `user_id`, `approved`) VALUES (238894, 238894, 1);
INSERT INTO `lk9v6_alumni_data` (`alumni_id`, `graduation_year`, `fid`, `job`, `address`, `city`, `country`, `phone`, `gid`, `mobile`, `nationalnumber`, `department`, `division`, `with_honor`) VALUES (238894, 2004, '23', '', '', '', '', '', '', '', '', 'التربية الفنية ', '', '');
INSERT INTO `lk9v6_users` (`name`, `email`, `usertype`) VALUES ('نشوي أحمد عنتر الشرنوبي ', '', 'الخريجين');
INSERT INTO `lk9v6_alumni_main` (`id`, `user_id`, `approved`) VALUES (238895, 238895, 1);
INSERT INTO `lk9v6_alumni_data` (`alumni_id`, `graduation_year`, `fid`, `job`, `address`, `city`, `country`, `phone`, `gid`, `mobile`, `nationalnumber`, `department`, `division`, `with_honor`) VALUES (238895, 2004, '23', '', '', '', '', '', '', '', '', 'التربية الفنية ', '', '');
INSERT INTO `lk9v6_users` (`name`, `email`, `usertype`) VALUES ('نعيمة حسن علي حسن ', '', 'الخريجين');
INSERT INTO `lk9v6_alumni_main` (`id`, `user_id`, `approved`) VALUES (238896, 238896, 1);
INSERT INTO `lk9v6_alumni_data` (`alumni_id`, `graduation_year`, `fid`, `job`, `address`, `city`, `country`, `phone`, `gid`, `mobile`, `nationalnumber`, `department`, `division`, `with_honor`) VALUES (238896, 2004, '23', '', '', '', '', '', '', '', '', 'التربية الفنية ', '', '');
INSERT INTO `lk9v6_users` (`name`, `email`, `usertype`) VALUES ('نهال جابر السيد هاشم ', '', 'الخريجين');
INSERT INTO `lk9v6_alumni_main` (`id`, `user_id`, `approved`) VALUES (238897, 238897, 1);
INSERT INTO `lk9v6_alumni_data` (`alumni_id`, `graduation_year`, `fid`, `job`, `address`, `city`, `country`, `phone`, `gid`, `mobile`, `nationalnumber`, `department`, `division`, `with_honor`) VALUES (238897, 2004, '23', '', '', '', '', '', '', '', '', 'التربية الفنية ', '', '');
INSERT INTO `lk9v6_users` (`name`, `email`, `usertype`) VALUES ('نهال يسري يونس محمد ', '', 'الخريجين');
INSERT INTO `lk9v6_alumni_main` (`id`, `user_id`, `approved`) VALUES (238898, 238898, 1);
INSERT INTO `lk9v6_alumni_data` (`alumni_id`, `graduation_year`, `fid`, `job`, `address`, `city`, `country`, `phone`, `gid`, `mobile`, `nationalnumber`, `department`, `division`, `with_honor`) VALUES (238898, 2004, '23', '', '', '', '', '', '', '', '', 'التربية الفنية ', '', '');
INSERT INTO `lk9v6_users` (`name`, `email`, `usertype`) VALUES ('نورة محمود ابراهيم محمد', '', 'الخريجين');
INSERT INTO `lk9v6_alumni_main` (`id`, `user_id`, `approved`) VALUES (238899, 238899, 1);
INSERT INTO `lk9v6_alumni_data` (`alumni_id`, `graduation_year`, `fid`, `job`, `address`, `city`, `country`, `phone`, `gid`, `mobile`, `nationalnumber`, `department`, `division`, `with_honor`) VALUES (238899, 2004, '23', '', '', '', '', '', '', '', '', 'التربية الفنية ', '', '');
INSERT INTO `lk9v6_users` (`name`, `email`, `usertype`) VALUES ('هبة حسن محمد عبد الكريم ', '', 'الخريجين');
INSERT INTO `lk9v6_alumni_main` (`id`, `user_id`, `approved`) VALUES (238900, 238900, 1);
INSERT INTO `lk9v6_alumni_data` (`alumni_id`, `graduation_year`, `fid`, `job`, `address`, `city`, `country`, `phone`, `gid`, `mobile`, `nationalnumber`, `department`, `division`, `with_honor`) VALUES (238900, 2004, '23', '', '', '', '', '', '', '', '', 'التربية الفنية ', '', '');
INSERT INTO `lk9v6_users` (`name`, `email`, `usertype`) VALUES ('هبة عبد الحليم الصاوي أحمد', '', 'الخريجين');
INSERT INTO `lk9v6_alumni_main` (`id`, `user_id`, `approved`) VALUES (238901, 238901, 1);
INSERT INTO `lk9v6_alumni_data` (`alumni_id`, `graduation_year`, `fid`, `job`, `address`, `city`, `country`, `phone`, `gid`, `mobile`, `nationalnumber`, `department`, `division`, `with_honor`) VALUES (238901, 2004, '23', '', '', '', '', '', '', '', '', 'التربية الفنية ', '', '');
INSERT INTO `lk9v6_users` (`name`, `email`, `usertype`) VALUES ('ولاء محمد حنفي عبد الفتاح', '', 'الخريجين');
INSERT INTO `lk9v6_alumni_main` (`id`, `user_id`, `approved`) VALUES (238902, 238902, 1);
INSERT INTO `lk9v6_alumni_data` (`alumni_id`, `graduation_year`, `fid`, `job`, `address`, `city`, `country`, `phone`, `gid`, `mobile`, `nationalnumber`, `department`, `division`, `with_honor`) VALUES (238902, 2004, '23', '', '', '', '', '', '', '', '', 'التربية الفنية ', '', '');
INSERT INTO `lk9v6_users` (`name`, `email`, `usertype`) VALUES ('الشيماء ابراهيم ابراهيم السيد', '', 'الخريجين');
INSERT INTO `lk9v6_alumni_main` (`id`, `user_id`, `approved`) VALUES (238903, 238903, 1);
INSERT INTO `lk9v6_alumni_data` (`alumni_id`, `graduation_year`, `fid`, `job`, `address`, `city`, `country`, `phone`, `gid`, `mobile`, `nationalnumber`, `department`, `division`, `with_honor`) VALUES (238903, 2004, '23', '', '', '', '', '', '', '', '', 'التربية الفنية ', '', '');
INSERT INTO `lk9v6_users` (`name`, `email`, `usertype`) VALUES ('أميرة عبد الحميد عبد اللطيف', '', 'الخريجين');
INSERT INTO `lk9v6_alumni_main` (`id`, `user_id`, `approved`) VALUES (238904, 238904, 1);
INSERT INTO `lk9v6_alumni_data` (`alumni_id`, `graduation_year`, `fid`, `job`, `address`, `city`, `country`, `phone`, `gid`, `mobile`, `nationalnumber`, `department`, `division`, `with_honor`) VALUES (238904, 2004, '23', '', '', '', '', '', '', '', '', 'التربية الفنية ', '', '');
INSERT INTO `lk9v6_users` (`name`, `email`, `usertype`) VALUES ('أميرة محمد السيد محمد', '', 'الخريجين');
INSERT INTO `lk9v6_alumni_main` (`id`, `user_id`, `approved`) VALUES (238905, 238905, 1);
INSERT INTO `lk9v6_alumni_data` (`alumni_id`, `graduation_year`, `fid`, `job`, `address`, `city`, `country`, `phone`, `gid`, `mobile`, `nationalnumber`, `department`, `division`, `with_honor`) VALUES (238905, 2004, '23', '', '', '', '', '', '', '', '', 'التربية الفنية ', '', '');
INSERT INTO `lk9v6_users` (`name`, `email`, `usertype`) VALUES ('أميرة محمد حسين فهمي ', '', 'الخريجين');
INSERT INTO `lk9v6_alumni_main` (`id`, `user_id`, `approved`) VALUES (238906, 238906, 1);
INSERT INTO `lk9v6_alumni_data` (`alumni_id`, `graduation_year`, `fid`, `job`, `address`, `city`, `country`, `phone`, `gid`, `mobile`, `nationalnumber`, `department`, `division`, `with_honor`) VALUES (238906, 2004, '23', '', '', '', '', '', '', '', '', 'التربية الفنية ', '', '');
INSERT INTO `lk9v6_users` (`name`, `email`, `usertype`) VALUES ('ايمان سمير عبد العزيز عرفان ', '', 'الخريجين');
INSERT INTO `lk9v6_alumni_main` (`id`, `user_id`, `approved`) VALUES (238907, 238907, 1);
INSERT INTO `lk9v6_alumni_data` (`alumni_id`, `graduation_year`, `fid`, `job`, `address`, `city`, `country`, `phone`, `gid`, `mobile`, `nationalnumber`, `department`, `division`, `with_honor`) VALUES (238907, 2004, '23', '', '', '', '', '', '', '', '', 'التربية الفنية ', '', '');
INSERT INTO `lk9v6_users` (`name`, `email`, `usertype`) VALUES ('إيمان عبد الرحمن عبد العظيم ', '', 'الخريجين');
INSERT INTO `lk9v6_alumni_main` (`id`, `user_id`, `approved`) VALUES (238908, 238908, 1);
INSERT INTO `lk9v6_alumni_data` (`alumni_id`, `graduation_year`, `fid`, `job`, `address`, `city`, `country`, `phone`, `gid`, `mobile`, `nationalnumber`, `department`, `division`, `with_honor`) VALUES (238908, 2004, '23', '', '', '', '', '', '', '', '', 'التربية الفنية ', '', '');
INSERT INTO `lk9v6_users` (`name`, `email`, `usertype`) VALUES ('ايمان محمد ابراهيم عثمان ', '', 'الخريجين');
INSERT INTO `lk9v6_alumni_main` (`id`, `user_id`, `approved`) VALUES (238909, 238909, 1);
INSERT INTO `lk9v6_alumni_data` (`alumni_id`, `graduation_year`, `fid`, `job`, `address`, `city`, `country`, `phone`, `gid`, `mobile`, `nationalnumber`, `department`, `division`, `with_honor`) VALUES (238909, 2004, '23', '', '', '', '', '', '', '', '', 'التربية الفنية ', '', '');
INSERT INTO `lk9v6_users` (`name`, `email`, `usertype`) VALUES ('بسنت سليمان محمد مصطفي ', '', 'الخريجين');
INSERT INTO `lk9v6_alumni_main` (`id`, `user_id`, `approved`) VALUES (238910, 238910, 1);
INSERT INTO `lk9v6_alumni_data` (`alumni_id`, `graduation_year`, `fid`, `job`, `address`, `city`, `country`, `phone`, `gid`, `mobile`, `nationalnumber`, `department`, `division`, `with_honor`) VALUES (238910, 2004, '23', '', '', '', '', '', '', '', '', 'التربية الفنية ', '', '');
INSERT INTO `lk9v6_users` (`name`, `email`, `usertype`) VALUES ('جاكلين فوزي بخيت عويضة ', '', 'الخريجين');
INSERT INTO `lk9v6_alumni_main` (`id`, `user_id`, `approved`) VALUES (238911, 238911, 1);
INSERT INTO `lk9v6_alumni_data` (`alumni_id`, `graduation_year`, `fid`, `job`, `address`, `city`, `country`, `phone`, `gid`, `mobile`, `nationalnumber`, `department`, `division`, `with_honor`) VALUES (238911, 2004, '23', '', '', '', '', '', '', '', '', 'التربية الفنية ', '', '');
INSERT INTO `lk9v6_users` (`name`, `email`, `usertype`) VALUES ('دعاء فتحي أحمد محمد كريم ', '', 'الخريجين');
INSERT INTO `lk9v6_alumni_main` (`id`, `user_id`, `approved`) VALUES (238912, 238912, 1);
INSERT INTO `lk9v6_alumni_data` (`alumni_id`, `graduation_year`, `fid`, `job`, `address`, `city`, `country`, `phone`, `gid`, `mobile`, `nationalnumber`, `department`, `division`, `with_honor`) VALUES (238912, 2004, '23', '', '', '', '', '', '', '', '', 'التربية الفنية ', '', '');
INSERT INTO `lk9v6_users` (`name`, `email`, `usertype`) VALUES ('راندا أحمد محمد صحصاح ', '', 'الخريجين');
INSERT INTO `lk9v6_alumni_main` (`id`, `user_id`, `approved`) VALUES (238913, 238913, 1);
INSERT INTO `lk9v6_alumni_data` (`alumni_id`, `graduation_year`, `fid`, `job`, `address`, `city`, `country`, `phone`, `gid`, `mobile`, `nationalnumber`, `department`, `division`, `with_honor`) VALUES (238913, 2004, '23', '', '', '', '', '', '', '', '', 'التربية الفنية ', '', '');
INSERT INTO `lk9v6_users` (`name`, `email`, `usertype`) VALUES ('رانيا عزت محمد علي ', '', 'الخريجين');
INSERT INTO `lk9v6_alumni_main` (`id`, `user_id`, `approved`) VALUES (238914, 238914, 1);
INSERT INTO `lk9v6_alumni_data` (`alumni_id`, `graduation_year`, `fid`, `job`, `address`, `city`, `country`, `phone`, `gid`, `mobile`, `nationalnumber`, `department`, `division`, `with_honor`) VALUES (238914, 2004, '23', '', '', '', '', '', '', '', '', 'التربية الفنية ', '', '');
INSERT INTO `lk9v6_users` (`name`, `email`, `usertype`) VALUES ('ريهام صلاح أبو اليزيد محمد', '', 'الخريجين');
INSERT INTO `lk9v6_alumni_main` (`id`, `user_id`, `approved`) VALUES (238915, 238915, 1);
INSERT INTO `lk9v6_alumni_data` (`alumni_id`, `graduation_year`, `fid`, `job`, `address`, `city`, `country`, `phone`, `gid`, `mobile`, `nationalnumber`, `department`, `division`, `with_honor`) VALUES (238915, 2004, '23', '', '', '', '', '', '', '', '', 'التربية الفنية ', '', '');
INSERT INTO `lk9v6_users` (`name`, `email`, `usertype`) VALUES ('ريهام محمد محمد عبد الغفار ', '', 'الخريجين');
INSERT INTO `lk9v6_alumni_main` (`id`, `user_id`, `approved`) VALUES (238916, 238916, 1);
INSERT INTO `lk9v6_alumni_data` (`alumni_id`, `graduation_year`, `fid`, `job`, `address`, `city`, `country`, `phone`, `gid`, `mobile`, `nationalnumber`, `department`, `division`, `with_honor`) VALUES (238916, 2004, '23', '', '', '', '', '', '', '', '', 'التربية الفنية ', '', '');
INSERT INTO `lk9v6_users` (`name`, `email`, `usertype`) VALUES ('ريهام محمود البدراوي محمد ', '', 'الخريجين');
INSERT INTO `lk9v6_alumni_main` (`id`, `user_id`, `approved`) VALUES (238917, 238917, 1);
INSERT INTO `lk9v6_alumni_data` (`alumni_id`, `graduation_year`, `fid`, `job`, `address`, `city`, `country`, `phone`, `gid`, `mobile`, `nationalnumber`, `department`, `division`, `with_honor`) VALUES (238917, 2004, '23', '', '', '', '', '', '', '', '', 'التربية الفنية ', '', '');
INSERT INTO `lk9v6_users` (`name`, `email`, `usertype`) VALUES ('ريهام ياقوت حسن ياقوت', '', 'الخريجين');
INSERT INTO `lk9v6_alumni_main` (`id`, `user_id`, `approved`) VALUES (238918, 238918, 1);
INSERT INTO `lk9v6_alumni_data` (`alumni_id`, `graduation_year`, `fid`, `job`, `address`, `city`, `country`, `phone`, `gid`, `mobile`, `nationalnumber`, `department`, `division`, `with_honor`) VALUES (238918, 2004, '23', '', '', '', '', '', '', '', '', 'التربية الفنية ', '', '');
INSERT INTO `lk9v6_users` (`name`, `email`, `usertype`) VALUES ('سماح محمد سعيد محمد', '', 'الخريجين');
INSERT INTO `lk9v6_alumni_main` (`id`, `user_id`, `approved`) VALUES (238919, 238919, 1);
INSERT INTO `lk9v6_alumni_data` (`alumni_id`, `graduation_year`, `fid`, `job`, `address`, `city`, `country`, `phone`, `gid`, `mobile`, `nationalnumber`, `department`, `division`, `with_honor`) VALUES (238919, 2004, '23', '', '', '', '', '', '', '', '', 'التربية الفنية ', '', '');
INSERT INTO `lk9v6_users` (`name`, `email`, `usertype`) VALUES ('سمر محمد حسن خليل ', '', 'الخريجين');
INSERT INTO `lk9v6_alumni_main` (`id`, `user_id`, `approved`) VALUES (238920, 238920, 1);
INSERT INTO `lk9v6_alumni_data` (`alumni_id`, `graduation_year`, `fid`, `job`, `address`, `city`, `country`, `phone`, `gid`, `mobile`, `nationalnumber`, `department`, `division`, `with_honor`) VALUES (238920, 2004, '23', '', '', '', '', '', '', '', '', 'التربية الفنية ', '', '');
INSERT INTO `lk9v6_users` (`name`, `email`, `usertype`) VALUES ('سمر محمد عبد العزيز عرفات', '', 'الخريجين');
INSERT INTO `lk9v6_alumni_main` (`id`, `user_id`, `approved`) VALUES (238921, 238921, 1);
INSERT INTO `lk9v6_alumni_data` (`alumni_id`, `graduation_year`, `fid`, `job`, `address`, `city`, `country`, `phone`, `gid`, `mobile`, `nationalnumber`, `department`, `division`, `with_honor`) VALUES (238921, 2004, '23', '', '', '', '', '', '', '', '', 'التربية الفنية ', '', '');
INSERT INTO `lk9v6_users` (`name`, `email`, `usertype`) VALUES ('سهي فريد ابراهيم عفيفي', '', 'الخريجين');
INSERT INTO `lk9v6_alumni_main` (`id`, `user_id`, `approved`) VALUES (238922, 238922, 1);
INSERT INTO `lk9v6_alumni_data` (`alumni_id`, `graduation_year`, `fid`, `job`, `address`, `city`, `country`, `phone`, `gid`, `mobile`, `nationalnumber`, `department`, `division`, `with_honor`) VALUES (238922, 2004, '23', '', '', '', '', '', '', '', '', 'التربية الفنية ', '', '');
INSERT INTO `lk9v6_users` (`name`, `email`, `usertype`) VALUES ('سها نجيب صلاح الدسوقي ', '', 'الخريجين');
INSERT INTO `lk9v6_alumni_main` (`id`, `user_id`, `approved`) VALUES (238923, 238923, 1);
INSERT INTO `lk9v6_alumni_data` (`alumni_id`, `graduation_year`, `fid`, `job`, `address`, `city`, `country`, `phone`, `gid`, `mobile`, `nationalnumber`, `department`, `division`, `with_honor`) VALUES (238923, 2004, '23', '', '', '', '', '', '', '', '', 'التربية الفنية ', '', '');
INSERT INTO `lk9v6_users` (`name`, `email`, `usertype`) VALUES ('شيماء ابراهيم عبد المنعم محمد', '', 'الخريجين');
INSERT INTO `lk9v6_alumni_main` (`id`, `user_id`, `approved`) VALUES (238924, 238924, 1);
INSERT INTO `lk9v6_alumni_data` (`alumni_id`, `graduation_year`, `fid`, `job`, `address`, `city`, `country`, `phone`, `gid`, `mobile`, `nationalnumber`, `department`, `division`, `with_honor`) VALUES (238924, 2004, '23', '', '', '', '', '', '', '', '', 'التربية الفنية ', '', '');
INSERT INTO `lk9v6_users` (`name`, `email`, `usertype`) VALUES ('صفاء شفيق حسن محمد', '', 'الخريجين');
INSERT INTO `lk9v6_alumni_main` (`id`, `user_id`, `approved`) VALUES (238925, 238925, 1);
INSERT INTO `lk9v6_alumni_data` (`alumni_id`, `graduation_year`, `fid`, `job`, `address`, `city`, `country`, `phone`, `gid`, `mobile`, `nationalnumber`, `department`, `division`, `with_honor`) VALUES (238925, 2004, '23', '', '', '', '', '', '', '', '', 'التربية الفنية ', '', '');
INSERT INTO `lk9v6_users` (`name`, `email`, `usertype`) VALUES ('عواطف صلاح محمد مهنا ', '', 'الخريجين');
INSERT INTO `lk9v6_alumni_main` (`id`, `user_id`, `approved`) VALUES (238926, 238926, 1);
INSERT INTO `lk9v6_alumni_data` (`alumni_id`, `graduation_year`, `fid`, `job`, `address`, `city`, `country`, `phone`, `gid`, `mobile`, `nationalnumber`, `department`, `division`, `with_honor`) VALUES (238926, 2004, '23', '', '', '', '', '', '', '', '', 'التربية الفنية ', '', '');
INSERT INTO `lk9v6_users` (`name`, `email`, `usertype`) VALUES ('غادة سعيد عبد الفتاح محمد', '', 'الخريجين');
INSERT INTO `lk9v6_alumni_main` (`id`, `user_id`, `approved`) VALUES (238927, 238927, 1);
INSERT INTO `lk9v6_alumni_data` (`alumni_id`, `graduation_year`, `fid`, `job`, `address`, `city`, `country`, `phone`, `gid`, `mobile`, `nationalnumber`, `department`, `division`, `with_honor`) VALUES (238927, 2004, '23', '', '', '', '', '', '', '', '', 'التربية الفنية ', '', '');
INSERT INTO `lk9v6_users` (`name`, `email`, `usertype`) VALUES ('لمياء يوسف محمود محمد', '', 'الخريجين');
INSERT INTO `lk9v6_alumni_main` (`id`, `user_id`, `approved`) VALUES (238928, 238928, 1);
INSERT INTO `lk9v6_alumni_data` (`alumni_id`, `graduation_year`, `fid`, `job`, `address`, `city`, `country`, `phone`, `gid`, `mobile`, `nationalnumber`, `department`, `division`, `with_honor`) VALUES (238928, 2004, '23', '', '', '', '', '', '', '', '', 'التربية الفنية ', '', '');
INSERT INTO `lk9v6_users` (`name`, `email`, `usertype`) VALUES ('ماريا راضي مهني حنا ', '', 'الخريجين');
INSERT INTO `lk9v6_alumni_main` (`id`, `user_id`, `approved`) VALUES (238929, 238929, 1);
INSERT INTO `lk9v6_alumni_data` (`alumni_id`, `graduation_year`, `fid`, `job`, `address`, `city`, `country`, `phone`, `gid`, `mobile`, `nationalnumber`, `department`, `division`, `with_honor`) VALUES (238929, 2004, '23', '', '', '', '', '', '', '', '', 'التربية الفنية ', '', '');
INSERT INTO `lk9v6_users` (`name`, `email`, `usertype`) VALUES ('مجدي ابراهيم أحمد راشد ', '', 'الخريجين');
INSERT INTO `lk9v6_alumni_main` (`id`, `user_id`, `approved`) VALUES (238930, 238930, 1);
INSERT INTO `lk9v6_alumni_data` (`alumni_id`, `graduation_year`, `fid`, `job`, `address`, `city`, `country`, `phone`, `gid`, `mobile`, `nationalnumber`, `department`, `division`, `with_honor`) VALUES (238930, 2004, '23', '', '', '', '', '', '', '', '', 'التربية الفنية ', '', '');
INSERT INTO `lk9v6_users` (`name`, `email`, `usertype`) VALUES ('محمد احمد يوسف أحمد', '', 'الخريجين');
INSERT INTO `lk9v6_alumni_main` (`id`, `user_id`, `approved`) VALUES (238931, 238931, 1);
INSERT INTO `lk9v6_alumni_data` (`alumni_id`, `graduation_year`, `fid`, `job`, `address`, `city`, `country`, `phone`, `gid`, `mobile`, `nationalnumber`, `department`, `division`, `with_honor`) VALUES (238931, 2004, '23', '', '', '', '', '', '', '', '', 'التربية الفنية ', '', '');
INSERT INTO `lk9v6_users` (`name`, `email`, `usertype`) VALUES ('محمد محمد محمد حامد محمود', '', 'الخريجين');
INSERT INTO `lk9v6_alumni_main` (`id`, `user_id`, `approved`) VALUES (238932, 238932, 1);
INSERT INTO `lk9v6_alumni_data` (`alumni_id`, `graduation_year`, `fid`, `job`, `address`, `city`, `country`, `phone`, `gid`, `mobile`, `nationalnumber`, `department`, `division`, `with_honor`) VALUES (238932, 2004, '23', '', '', '', '', '', '', '', '', 'التربية الفنية ', '', '');
INSERT INTO `lk9v6_users` (`name`, `email`, `usertype`) VALUES ('مريم مراد نجيب جاد', '', 'الخريجين');
INSERT INTO `lk9v6_alumni_main` (`id`, `user_id`, `approved`) VALUES (238933, 238933, 1);
INSERT INTO `lk9v6_alumni_data` (`alumni_id`, `graduation_year`, `fid`, `job`, `address`, `city`, `country`, `phone`, `gid`, `mobile`, `nationalnumber`, `department`, `division`, `with_honor`) VALUES (238933, 2004, '23', '', '', '', '', '', '', '', '', 'التربية الفنية ', '', '');
INSERT INTO `lk9v6_users` (`name`, `email`, `usertype`) VALUES ('منال صلاح الدين محمد', '', 'الخريجين');
INSERT INTO `lk9v6_alumni_main` (`id`, `user_id`, `approved`) VALUES (238934, 238934, 1);
INSERT INTO `lk9v6_alumni_data` (`alumni_id`, `graduation_year`, `fid`, `job`, `address`, `city`, `country`, `phone`, `gid`, `mobile`, `nationalnumber`, `department`, `division`, `with_honor`) VALUES (238934, 2004, '23', '', '', '', '', '', '', '', '', 'التربية الفنية ', '', '');
INSERT INTO `lk9v6_users` (`name`, `email`, `usertype`) VALUES ('مني محمود خليفة محمد', '', 'الخريجين');
INSERT INTO `lk9v6_alumni_main` (`id`, `user_id`, `approved`) VALUES (238935, 238935, 1);
INSERT INTO `lk9v6_alumni_data` (`alumni_id`, `graduation_year`, `fid`, `job`, `address`, `city`, `country`, `phone`, `gid`, `mobile`, `nationalnumber`, `department`, `division`, `with_honor`) VALUES (238935, 2004, '23', '', '', '', '', '', '', '', '', 'التربية الفنية ', '', '');
INSERT INTO `lk9v6_users` (`name`, `email`, `usertype`) VALUES ('مها عبد المنعم محمود عراقي ', '', 'الخريجين');
INSERT INTO `lk9v6_alumni_main` (`id`, `user_id`, `approved`) VALUES (238936, 238936, 1);
INSERT INTO `lk9v6_alumni_data` (`alumni_id`, `graduation_year`, `fid`, `job`, `address`, `city`, `country`, `phone`, `gid`, `mobile`, `nationalnumber`, `department`, `division`, `with_honor`) VALUES (238936, 2004, '23', '', '', '', '', '', '', '', '', 'التربية الفنية ', '', '');
INSERT INTO `lk9v6_users` (`name`, `email`, `usertype`) VALUES ('ميادة علي أحمد السبيعي ', '', 'الخريجين');
INSERT INTO `lk9v6_alumni_main` (`id`, `user_id`, `approved`) VALUES (238937, 238937, 1);
INSERT INTO `lk9v6_alumni_data` (`alumni_id`, `graduation_year`, `fid`, `job`, `address`, `city`, `country`, `phone`, `gid`, `mobile`, `nationalnumber`, `department`, `division`, `with_honor`) VALUES (238937, 2004, '23', '', '', '', '', '', '', '', '', 'التربية الفنية ', '', '');
INSERT INTO `lk9v6_users` (`name`, `email`, `usertype`) VALUES ('مي علي بهجت متولي ', '', 'الخريجين');
INSERT INTO `lk9v6_alumni_main` (`id`, `user_id`, `approved`) VALUES (238938, 238938, 1);
INSERT INTO `lk9v6_alumni_data` (`alumni_id`, `graduation_year`, `fid`, `job`, `address`, `city`, `country`, `phone`, `gid`, `mobile`, `nationalnumber`, `department`, `division`, `with_honor`) VALUES (238938, 2004, '23', '', '', '', '', '', '', '', '', 'التربية الفنية ', '', '');
INSERT INTO `lk9v6_users` (`name`, `email`, `usertype`) VALUES ('مي مصطفي مرسي محمد ', '', 'الخريجين');
INSERT INTO `lk9v6_alumni_main` (`id`, `user_id`, `approved`) VALUES (238939, 238939, 1);
INSERT INTO `lk9v6_alumni_data` (`alumni_id`, `graduation_year`, `fid`, `job`, `address`, `city`, `country`, `phone`, `gid`, `mobile`, `nationalnumber`, `department`, `division`, `with_honor`) VALUES (238939, 2004, '23', '', '', '', '', '', '', '', '', 'التربية الفنية ', '', '');
INSERT INTO `lk9v6_users` (`name`, `email`, `usertype`) VALUES ('نهاد علي النجيلي خطاب ', '', 'الخريجين');
INSERT INTO `lk9v6_alumni_main` (`id`, `user_id`, `approved`) VALUES (238940, 238940, 1);
INSERT INTO `lk9v6_alumni_data` (`alumni_id`, `graduation_year`, `fid`, `job`, `address`, `city`, `country`, `phone`, `gid`, `mobile`, `nationalnumber`, `department`, `division`, `with_honor`) VALUES (238940, 2004, '23', '', '', '', '', '', '', '', '', 'التربية الفنية ', '', '');
INSERT INTO `lk9v6_users` (`name`, `email`, `usertype`) VALUES ('نور سيد محمد مهران ', '', 'الخريجين');
INSERT INTO `lk9v6_alumni_main` (`id`, `user_id`, `approved`) VALUES (238941, 238941, 1);
INSERT INTO `lk9v6_alumni_data` (`alumni_id`, `graduation_year`, `fid`, `job`, `address`, `city`, `country`, `phone`, `gid`, `mobile`, `nationalnumber`, `department`, `division`, `with_honor`) VALUES (238941, 2004, '23', '', '', '', '', '', '', '', '', 'التربية الفنية ', '', '');
INSERT INTO `lk9v6_users` (`name`, `email`, `usertype`) VALUES ('هايدي عادل رمزي قلدس ', '', 'الخريجين');
INSERT INTO `lk9v6_alumni_main` (`id`, `user_id`, `approved`) VALUES (238942, 238942, 1);
INSERT INTO `lk9v6_alumni_data` (`alumni_id`, `graduation_year`, `fid`, `job`, `address`, `city`, `country`, `phone`, `gid`, `mobile`, `nationalnumber`, `department`, `division`, `with_honor`) VALUES (238942, 2004, '23', '', '', '', '', '', '', '', '', 'التربية الفنية ', '', '');
INSERT INTO `lk9v6_users` (`name`, `email`, `usertype`) VALUES ('هبة السيد ابراهيم يوسف ', '', 'الخريجين');
INSERT INTO `lk9v6_alumni_main` (`id`, `user_id`, `approved`) VALUES (238943, 238943, 1);
INSERT INTO `lk9v6_alumni_data` (`alumni_id`, `graduation_year`, `fid`, `job`, `address`, `city`, `country`, `phone`, `gid`, `mobile`, `nationalnumber`, `department`, `division`, `with_honor`) VALUES (238943, 2004, '23', '', '', '', '', '', '', '', '', 'التربية الفنية ', '', '');
INSERT INTO `lk9v6_users` (`name`, `email`, `usertype`) VALUES ('هبة الله جابر سالم الشربيني ', '', 'الخريجين');
INSERT INTO `lk9v6_alumni_main` (`id`, `user_id`, `approved`) VALUES (238944, 238944, 1);
INSERT INTO `lk9v6_alumni_data` (`alumni_id`, `graduation_year`, `fid`, `job`, `address`, `city`, `country`, `phone`, `gid`, `mobile`, `nationalnumber`, `department`, `division`, `with_honor`) VALUES (238944, 2004, '23', '', '', '', '', '', '', '', '', 'التربية الفنية ', '', '');
INSERT INTO `lk9v6_users` (`name`, `email`, `usertype`) VALUES ('هبة كمال محمد المحلاوي ', '', 'الخريجين');
INSERT INTO `lk9v6_alumni_main` (`id`, `user_id`, `approved`) VALUES (238945, 238945, 1);
INSERT INTO `lk9v6_alumni_data` (`alumni_id`, `graduation_year`, `fid`, `job`, `address`, `city`, `country`, `phone`, `gid`, `mobile`, `nationalnumber`, `department`, `division`, `with_honor`) VALUES (238945, 2004, '23', '', '', '', '', '', '', '', '', 'التربية الفنية ', '', '');
INSERT INTO `lk9v6_users` (`name`, `email`, `usertype`) VALUES ('هبة محمد ابراهيم السواحلي ', '', 'الخريجين');
INSERT INTO `lk9v6_alumni_main` (`id`, `user_id`, `approved`) VALUES (238946, 238946, 1);
INSERT INTO `lk9v6_alumni_data` (`alumni_id`, `graduation_year`, `fid`, `job`, `address`, `city`, `country`, `phone`, `gid`, `mobile`, `nationalnumber`, `department`, `division`, `with_honor`) VALUES (238946, 2004, '23', '', '', '', '', '', '', '', '', 'التربية الفنية ', '', '');
INSERT INTO `lk9v6_users` (`name`, `email`, `usertype`) VALUES ('هناء جورج ميخائيل ابراهيم ', '', 'الخريجين');
INSERT INTO `lk9v6_alumni_main` (`id`, `user_id`, `approved`) VALUES (238947, 238947, 1);
INSERT INTO `lk9v6_alumni_data` (`alumni_id`, `graduation_year`, `fid`, `job`, `address`, `city`, `country`, `phone`, `gid`, `mobile`, `nationalnumber`, `department`, `division`, `with_honor`) VALUES (238947, 2004, '23', '', '', '', '', '', '', '', '', 'التربية الفنية ', '', '');
INSERT INTO `lk9v6_users` (`name`, `email`, `usertype`) VALUES ('ولاء محمد حسن علي اسماعيل ', '', 'الخريجين');
INSERT INTO `lk9v6_alumni_main` (`id`, `user_id`, `approved`) VALUES (238948, 238948, 1);
INSERT INTO `lk9v6_alumni_data` (`alumni_id`, `graduation_year`, `fid`, `job`, `address`, `city`, `country`, `phone`, `gid`, `mobile`, `nationalnumber`, `department`, `division`, `with_honor`) VALUES (238948, 2004, '23', '', '', '', '', '', '', '', '', 'التربية الفنية ', '', '');
INSERT INTO `lk9v6_users` (`name`, `email`, `usertype`) VALUES ('ياسمين مجدي محمد حتاتة ', '', 'الخريجين');
INSERT INTO `lk9v6_alumni_main` (`id`, `user_id`, `approved`) VALUES (238949, 238949, 1);
INSERT INTO `lk9v6_alumni_data` (`alumni_id`, `graduation_year`, `fid`, `job`, `address`, `city`, `country`, `phone`, `gid`, `mobile`, `nationalnumber`, `department`, `division`, `with_honor`) VALUES (238949, 2004, '23', '', '', '', '', '', '', '', '', 'التربية الفنية ', '', '');
INSERT INTO `lk9v6_users` (`name`, `email`, `usertype`) VALUES ('أسماء فاروق موسي أحمد', '', 'الخريجين');
INSERT INTO `lk9v6_alumni_main` (`id`, `user_id`, `approved`) VALUES (238950, 238950, 1);
INSERT INTO `lk9v6_alumni_data` (`alumni_id`, `graduation_year`, `fid`, `job`, `address`, `city`, `country`, `phone`, `gid`, `mobile`, `nationalnumber`, `department`, `division`, `with_honor`) VALUES (238950, 2004, '23', '', '', '', '', '', '', '', '', 'التربية الفنية ', '', '');
INSERT INTO `lk9v6_users` (`name`, `email`, `usertype`) VALUES ('دارين علي حسن يسري ', '', 'الخريجين');
INSERT INTO `lk9v6_alumni_main` (`id`, `user_id`, `approved`) VALUES (238951, 238951, 1);
INSERT INTO `lk9v6_alumni_data` (`alumni_id`, `graduation_year`, `fid`, `job`, `address`, `city`, `country`, `phone`, `gid`, `mobile`, `nationalnumber`, `department`, `division`, `with_honor`) VALUES (238951, 2004, '23', '', '', '', '', '', '', '', '', 'التربية الفنية ', '', '');
INSERT INTO `lk9v6_users` (`name`, `email`, `usertype`) VALUES ('مروة عبد الله سعد الشيخ', '', 'الخريجين');
INSERT INTO `lk9v6_alumni_main` (`id`, `user_id`, `approved`) VALUES (238952, 238952, 1);
INSERT INTO `lk9v6_alumni_data` (`alumni_id`, `graduation_year`, `fid`, `job`, `address`, `city`, `country`, `phone`, `gid`, `mobile`, `nationalnumber`, `department`, `division`, `with_honor`) VALUES (238952, 2004, '23', '', '', '', '', '', '', '', '', 'التربية الفنية ', '', '');
INSERT INTO `lk9v6_users` (`name`, `email`, `usertype`) VALUES ('داليا أحمد بديع كمال ', '', 'الخريجين');
INSERT INTO `lk9v6_alumni_main` (`id`, `user_id`, `approved`) VALUES (238953, 238953, 1);
INSERT INTO `lk9v6_alumni_data` (`alumni_id`, `graduation_year`, `fid`, `job`, `address`, `city`, `country`, `phone`, `gid`, `mobile`, `nationalnumber`, `department`, `division`, `with_honor`) VALUES (238953, 2004, '23', '', '', '', '', '', '', '', '', 'التربية الفنية ', '', '');
INSERT INTO `lk9v6_users` (`name`, `email`, `usertype`) VALUES ('داليا محمد أحمد علي ', '', 'الخريجين');
INSERT INTO `lk9v6_alumni_main` (`id`, `user_id`, `approved`) VALUES (238954, 238954, 1);
INSERT INTO `lk9v6_alumni_data` (`alumni_id`, `graduation_year`, `fid`, `job`, `address`, `city`, `country`, `phone`, `gid`, `mobile`, `nationalnumber`, `department`, `division`, `with_honor`) VALUES (238954, 2004, '23', '', '', '', '', '', '', '', '', 'التربية الفنية ', '', '');
INSERT INTO `lk9v6_users` (`name`, `email`, `usertype`) VALUES ('دينا أحمد عبد الحميد القزق', '', 'الخريجين');
INSERT INTO `lk9v6_alumni_main` (`id`, `user_id`, `approved`) VALUES (238955, 238955, 1);
INSERT INTO `lk9v6_alumni_data` (`alumni_id`, `graduation_year`, `fid`, `job`, `address`, `city`, `country`, `phone`, `gid`, `mobile`, `nationalnumber`, `department`, `division`, `with_honor`) VALUES (238955, 2004, '23', '', '', '', '', '', '', '', '', 'التربية الفنية ', '', '');
INSERT INTO `lk9v6_users` (`name`, `email`, `usertype`) VALUES ('رغدة عادل علي أحمد جاد', '', 'الخريجين');
INSERT INTO `lk9v6_alumni_main` (`id`, `user_id`, `approved`) VALUES (238956, 238956, 1);
INSERT INTO `lk9v6_alumni_data` (`alumni_id`, `graduation_year`, `fid`, `job`, `address`, `city`, `country`, `phone`, `gid`, `mobile`, `nationalnumber`, `department`, `division`, `with_honor`) VALUES (238956, 2004, '23', '', '', '', '', '', '', '', '', 'التربية الفنية ', '', '');
INSERT INTO `lk9v6_users` (`name`, `email`, `usertype`) VALUES ('شيماء عبد المنعم عبد القادر ', '', 'الخريجين');
INSERT INTO `lk9v6_alumni_main` (`id`, `user_id`, `approved`) VALUES (238957, 238957, 1);
INSERT INTO `lk9v6_alumni_data` (`alumni_id`, `graduation_year`, `fid`, `job`, `address`, `city`, `country`, `phone`, `gid`, `mobile`, `nationalnumber`, `department`, `division`, `with_honor`) VALUES (238957, 2004, '23', '', '', '', '', '', '', '', '', 'التربية الفنية ', '', '');
INSERT INTO `lk9v6_users` (`name`, `email`, `usertype`) VALUES ('لمياء محمد امام أحمد', '', 'الخريجين');
INSERT INTO `lk9v6_alumni_main` (`id`, `user_id`, `approved`) VALUES (238958, 238958, 1);
INSERT INTO `lk9v6_alumni_data` (`alumni_id`, `graduation_year`, `fid`, `job`, `address`, `city`, `country`, `phone`, `gid`, `mobile`, `nationalnumber`, `department`, `division`, `with_honor`) VALUES (238958, 2004, '23', '', '', '', '', '', '', '', '', 'التربية الفنية ', '', '');
INSERT INTO `lk9v6_users` (`name`, `email`, `usertype`) VALUES ('وسام شعبان جمعة شعبان ', '', 'الخريجين');
INSERT INTO `lk9v6_alumni_main` (`id`, `user_id`, `approved`) VALUES (238959, 238959, 1);
INSERT INTO `lk9v6_alumni_data` (`alumni_id`, `graduation_year`, `fid`, `job`, `address`, `city`, `country`, `phone`, `gid`, `mobile`, `nationalnumber`, `department`, `division`, `with_honor`) VALUES (238959, 2004, '23', '', '', '', '', '', '', '', '', 'التربية الفنية ', '', '');
INSERT INTO `lk9v6_users` (`name`, `email`, `usertype`) VALUES ('أسماء محمد ابراهيم قطب', '', 'الخريجين');
INSERT INTO `lk9v6_alumni_main` (`id`, `user_id`, `approved`) VALUES (238960, 238960, 1);
INSERT INTO `lk9v6_alumni_data` (`alumni_id`, `graduation_year`, `fid`, `job`, `address`, `city`, `country`, `phone`, `gid`, `mobile`, `nationalnumber`, `department`, `division`, `with_honor`) VALUES (238960, 2004, '23', '', '', '', '', '', '', '', '', 'التربية الموسيقية ', '', '');
INSERT INTO `lk9v6_users` (`name`, `email`, `usertype`) VALUES ('آيات أحمد أمين محمد', '', 'الخريجين');
INSERT INTO `lk9v6_alumni_main` (`id`, `user_id`, `approved`) VALUES (238961, 238961, 1);
INSERT INTO `lk9v6_alumni_data` (`alumni_id`, `graduation_year`, `fid`, `job`, `address`, `city`, `country`, `phone`, `gid`, `mobile`, `nationalnumber`, `department`, `division`, `with_honor`) VALUES (238961, 2004, '23', '', '', '', '', '', '', '', '', 'التربية الموسيقية ', '', '');
INSERT INTO `lk9v6_users` (`name`, `email`, `usertype`) VALUES ('ايمان سليمان فتحي محمود', '', 'الخريجين');
INSERT INTO `lk9v6_alumni_main` (`id`, `user_id`, `approved`) VALUES (238962, 238962, 1);
INSERT INTO `lk9v6_alumni_data` (`alumni_id`, `graduation_year`, `fid`, `job`, `address`, `city`, `country`, `phone`, `gid`, `mobile`, `nationalnumber`, `department`, `division`, `with_honor`) VALUES (238962, 2004, '23', '', '', '', '', '', '', '', '', 'التربية الموسيقية ', '', '');
INSERT INTO `lk9v6_users` (`name`, `email`, `usertype`) VALUES ('سارة هاشم أحمد محمد', '', 'الخريجين');
INSERT INTO `lk9v6_alumni_main` (`id`, `user_id`, `approved`) VALUES (238963, 238963, 1);
INSERT INTO `lk9v6_alumni_data` (`alumni_id`, `graduation_year`, `fid`, `job`, `address`, `city`, `country`, `phone`, `gid`, `mobile`, `nationalnumber`, `department`, `division`, `with_honor`) VALUES (238963, 2004, '23', '', '', '', '', '', '', '', '', 'التربية الموسيقية ', '', '');
INSERT INTO `lk9v6_users` (`name`, `email`, `usertype`) VALUES ('نجاة يوسف السيد يوسف ', '', 'الخريجين');
INSERT INTO `lk9v6_alumni_main` (`id`, `user_id`, `approved`) VALUES (238964, 238964, 1);
INSERT INTO `lk9v6_alumni_data` (`alumni_id`, `graduation_year`, `fid`, `job`, `address`, `city`, `country`, `phone`, `gid`, `mobile`, `nationalnumber`, `department`, `division`, `with_honor`) VALUES (238964, 2004, '23', '', '', '', '', '', '', '', '', 'التربية الموسيقية ', '', '');
INSERT INTO `lk9v6_users` (`name`, `email`, `usertype`) VALUES ('ايمان الحسيني الحسيني سيف', '', 'الخريجين');
INSERT INTO `lk9v6_alumni_main` (`id`, `user_id`, `approved`) VALUES (238965, 238965, 1);
INSERT INTO `lk9v6_alumni_data` (`alumni_id`, `graduation_year`, `fid`, `job`, `address`, `city`, `country`, `phone`, `gid`, `mobile`, `nationalnumber`, `department`, `division`, `with_honor`) VALUES (238965, 2004, '23', '', '', '', '', '', '', '', '', 'التربية الموسيقية ', '', '');
INSERT INTO `lk9v6_users` (`name`, `email`, `usertype`) VALUES ('ايناس محمود رسمي حافظ', '', 'الخريجين');
INSERT INTO `lk9v6_alumni_main` (`id`, `user_id`, `approved`) VALUES (238966, 238966, 1);
INSERT INTO `lk9v6_alumni_data` (`alumni_id`, `graduation_year`, `fid`, `job`, `address`, `city`, `country`, `phone`, `gid`, `mobile`, `nationalnumber`, `department`, `division`, `with_honor`) VALUES (238966, 2004, '23', '', '', '', '', '', '', '', '', 'التربية الموسيقية ', '', '');
INSERT INTO `lk9v6_users` (`name`, `email`, `usertype`) VALUES ('رانيا نصر الدين محمد حافظ', '', 'الخريجين');
INSERT INTO `lk9v6_alumni_main` (`id`, `user_id`, `approved`) VALUES (238967, 238967, 1);
INSERT INTO `lk9v6_alumni_data` (`alumni_id`, `graduation_year`, `fid`, `job`, `address`, `city`, `country`, `phone`, `gid`, `mobile`, `nationalnumber`, `department`, `division`, `with_honor`) VALUES (238967, 2004, '23', '', '', '', '', '', '', '', '', 'التربية الموسيقية ', '', '');
INSERT INTO `lk9v6_users` (`name`, `email`, `usertype`) VALUES ('شيماء محمد أبو الحمد خيامي ', '', 'الخريجين');
INSERT INTO `lk9v6_alumni_main` (`id`, `user_id`, `approved`) VALUES (238968, 238968, 1);
INSERT INTO `lk9v6_alumni_data` (`alumni_id`, `graduation_year`, `fid`, `job`, `address`, `city`, `country`, `phone`, `gid`, `mobile`, `nationalnumber`, `department`, `division`, `with_honor`) VALUES (238968, 2004, '23', '', '', '', '', '', '', '', '', 'التربية الموسيقية ', '', '');
INSERT INTO `lk9v6_users` (`name`, `email`, `usertype`) VALUES ('محمد فتحي محمود محمد', '', 'الخريجين');
INSERT INTO `lk9v6_alumni_main` (`id`, `user_id`, `approved`) VALUES (238969, 238969, 1);
INSERT INTO `lk9v6_alumni_data` (`alumni_id`, `graduation_year`, `fid`, `job`, `address`, `city`, `country`, `phone`, `gid`, `mobile`, `nationalnumber`, `department`, `division`, `with_honor`) VALUES (238969, 2004, '23', '', '', '', '', '', '', '', '', 'التربية الموسيقية ', '', '');
INSERT INTO `lk9v6_users` (`name`, `email`, `usertype`) VALUES ('مني فؤاد نافع عبد الرسول ', '', 'الخريجين');
INSERT INTO `lk9v6_alumni_main` (`id`, `user_id`, `approved`) VALUES (238970, 238970, 1);
INSERT INTO `lk9v6_alumni_data` (`alumni_id`, `graduation_year`, `fid`, `job`, `address`, `city`, `country`, `phone`, `gid`, `mobile`, `nationalnumber`, `department`, `division`, `with_honor`) VALUES (238970, 2004, '23', '', '', '', '', '', '', '', '', 'التربية الموسيقية ', '', '');
INSERT INTO `lk9v6_users` (`name`, `email`, `usertype`) VALUES ('مي محمد رفعت محمد ', '', 'الخريجين');
INSERT INTO `lk9v6_alumni_main` (`id`, `user_id`, `approved`) VALUES (238971, 238971, 1);
INSERT INTO `lk9v6_alumni_data` (`alumni_id`, `graduation_year`, `fid`, `job`, `address`, `city`, `country`, `phone`, `gid`, `mobile`, `nationalnumber`, `department`, `division`, `with_honor`) VALUES (238971, 2004, '23', '', '', '', '', '', '', '', '', 'التربية الموسيقية ', '', '');
INSERT INTO `lk9v6_users` (`name`, `email`, `usertype`) VALUES ('نجلاء فتحي عباس الطحان ', '', 'الخريجين');
INSERT INTO `lk9v6_alumni_main` (`id`, `user_id`, `approved`) VALUES (238972, 238972, 1);
INSERT INTO `lk9v6_alumni_data` (`alumni_id`, `graduation_year`, `fid`, `job`, `address`, `city`, `country`, `phone`, `gid`, `mobile`, `nationalnumber`, `department`, `division`, `with_honor`) VALUES (238972, 2004, '23', '', '', '', '', '', '', '', '', 'التربية الموسيقية ', '', '');
INSERT INTO `lk9v6_users` (`name`, `email`, `usertype`) VALUES ('نرمين ماجد موريس فارس ', '', 'الخريجين');
INSERT INTO `lk9v6_alumni_main` (`id`, `user_id`, `approved`) VALUES (238973, 238973, 1);
INSERT INTO `lk9v6_alumni_data` (`alumni_id`, `graduation_year`, `fid`, `job`, `address`, `city`, `country`, `phone`, `gid`, `mobile`, `nationalnumber`, `department`, `division`, `with_honor`) VALUES (238973, 2004, '23', '', '', '', '', '', '', '', '', 'التربية الموسيقية ', '', '');
INSERT INTO `lk9v6_users` (`name`, `email`, `usertype`) VALUES ('نعمة عيسي عبدة أحمد', '', 'الخريجين');
INSERT INTO `lk9v6_alumni_main` (`id`, `user_id`, `approved`) VALUES (238974, 238974, 1);
INSERT INTO `lk9v6_alumni_data` (`alumni_id`, `graduation_year`, `fid`, `job`, `address`, `city`, `country`, `phone`, `gid`, `mobile`, `nationalnumber`, `department`, `division`, `with_honor`) VALUES (238974, 2004, '23', '', '', '', '', '', '', '', '', 'التربية الموسيقية ', '', '');
INSERT INTO `lk9v6_users` (`name`, `email`, `usertype`) VALUES ('نيفين نصيف نجيب بخيت ', '', 'الخريجين');
INSERT INTO `lk9v6_alumni_main` (`id`, `user_id`, `approved`) VALUES (238975, 238975, 1);
INSERT INTO `lk9v6_alumni_data` (`alumni_id`, `graduation_year`, `fid`, `job`, `address`, `city`, `country`, `phone`, `gid`, `mobile`, `nationalnumber`, `department`, `division`, `with_honor`) VALUES (238975, 2004, '23', '', '', '', '', '', '', '', '', 'التربية الموسيقية ', '', '');
INSERT INTO `lk9v6_users` (`name`, `email`, `usertype`) VALUES ('وفاء حسني علي عبد العال ', '', 'الخريجين');
INSERT INTO `lk9v6_alumni_main` (`id`, `user_id`, `approved`) VALUES (238976, 238976, 1);
INSERT INTO `lk9v6_alumni_data` (`alumni_id`, `graduation_year`, `fid`, `job`, `address`, `city`, `country`, `phone`, `gid`, `mobile`, `nationalnumber`, `department`, `division`, `with_honor`) VALUES (238976, 2004, '23', '', '', '', '', '', '', '', '', 'التربية الموسيقية ', '', '');
INSERT INTO `lk9v6_users` (`name`, `email`, `usertype`) VALUES ('ايفيلين أسعد يعقوب خلة ', '', 'الخريجين');
INSERT INTO `lk9v6_alumni_main` (`id`, `user_id`, `approved`) VALUES (238977, 238977, 1);
INSERT INTO `lk9v6_alumni_data` (`alumni_id`, `graduation_year`, `fid`, `job`, `address`, `city`, `country`, `phone`, `gid`, `mobile`, `nationalnumber`, `department`, `division`, `with_honor`) VALUES (238977, 2004, '23', '', '', '', '', '', '', '', '', 'التربية الموسيقية ', '', '');
INSERT INTO `lk9v6_users` (`name`, `email`, `usertype`) VALUES ('ايناس محمد السعيد أنور ', '', 'الخريجين');
INSERT INTO `lk9v6_alumni_main` (`id`, `user_id`, `approved`) VALUES (238978, 238978, 1);
INSERT INTO `lk9v6_alumni_data` (`alumni_id`, `graduation_year`, `fid`, `job`, `address`, `city`, `country`, `phone`, `gid`, `mobile`, `nationalnumber`, `department`, `division`, `with_honor`) VALUES (238978, 2004, '23', '', '', '', '', '', '', '', '', 'التربية الموسيقية ', '', '');
INSERT INTO `lk9v6_users` (`name`, `email`, `usertype`) VALUES ('سارة ممدوح محمد أبو العدل ', '', 'الخريجين');
INSERT INTO `lk9v6_alumni_main` (`id`, `user_id`, `approved`) VALUES (238979, 238979, 1);
INSERT INTO `lk9v6_alumni_data` (`alumni_id`, `graduation_year`, `fid`, `job`, `address`, `city`, `country`, `phone`, `gid`, `mobile`, `nationalnumber`, `department`, `division`, `with_honor`) VALUES (238979, 2004, '23', '', '', '', '', '', '', '', '', 'التربية الموسيقية ', '', '');
INSERT INTO `lk9v6_users` (`name`, `email`, `usertype`) VALUES ('نشوي محمد أحمد رفاعي ', '', 'الخريجين');
INSERT INTO `lk9v6_alumni_main` (`id`, `user_id`, `approved`) VALUES (238980, 238980, 1);
INSERT INTO `lk9v6_alumni_data` (`alumni_id`, `graduation_year`, `fid`, `job`, `address`, `city`, `country`, `phone`, `gid`, `mobile`, `nationalnumber`, `department`, `division`, `with_honor`) VALUES (238980, 2004, '23', '', '', '', '', '', '', '', '', 'التربية الموسيقية ', '', '');
INSERT INTO `lk9v6_users` (`name`, `email`, `usertype`) VALUES ('هبة الله رشدي محمد فليفل ', '', 'الخريجين');
INSERT INTO `lk9v6_alumni_main` (`id`, `user_id`, `approved`) VALUES (238981, 238981, 1);
INSERT INTO `lk9v6_alumni_data` (`alumni_id`, `graduation_year`, `fid`, `job`, `address`, `city`, `country`, `phone`, `gid`, `mobile`, `nationalnumber`, `department`, `division`, `with_honor`) VALUES (238981, 2004, '23', '', '', '', '', '', '', '', '', 'التربية الموسيقية ', '', '');
INSERT INTO `lk9v6_users` (`name`, `email`, `usertype`) VALUES ('هدي محمد أحمد بهنسي ', '', 'الخريجين');
INSERT INTO `lk9v6_alumni_main` (`id`, `user_id`, `approved`) VALUES (238982, 238982, 1);
INSERT INTO `lk9v6_alumni_data` (`alumni_id`, `graduation_year`, `fid`, `job`, `address`, `city`, `country`, `phone`, `gid`, `mobile`, `nationalnumber`, `department`, `division`, `with_honor`) VALUES (238982, 2004, '23', '', '', '', '', '', '', '', '', 'التربية الموسيقية ', '', '');
INSERT INTO `lk9v6_users` (`name`, `email`, `usertype`) VALUES ('فاتن ثابت حامد حافظ', '', 'الخريجين');
INSERT INTO `lk9v6_alumni_main` (`id`, `user_id`, `approved`) VALUES (238983, 238983, 1);
INSERT INTO `lk9v6_alumni_data` (`alumni_id`, `graduation_year`, `fid`, `job`, `address`, `city`, `country`, `phone`, `gid`, `mobile`, `nationalnumber`, `department`, `division`, `with_honor`) VALUES (238983, 2004, '23', '', '', '', '', '', '', '', '', 'التربية الموسيقية ', '', '');
INSERT INTO `lk9v6_users` (`name`, `email`, `usertype`) VALUES ('أماني يوسف محمد عبد المنعم', '', 'الخريجين');
INSERT INTO `lk9v6_alumni_main` (`id`, `user_id`, `approved`) VALUES (238984, 238984, 1);
INSERT INTO `lk9v6_alumni_data` (`alumni_id`, `graduation_year`, `fid`, `job`, `address`, `city`, `country`, `phone`, `gid`, `mobile`, `nationalnumber`, `department`, `division`, `with_honor`) VALUES (238984, 2004, '23', '', '', '', '', '', '', '', '', 'التربية الموسيقية ', '', '');
INSERT INTO `lk9v6_users` (`name`, `email`, `usertype`) VALUES ('ايمان محمود عبد المعبود', '', 'الخريجين');
INSERT INTO `lk9v6_alumni_main` (`id`, `user_id`, `approved`) VALUES (238985, 238985, 1);
INSERT INTO `lk9v6_alumni_data` (`alumni_id`, `graduation_year`, `fid`, `job`, `address`, `city`, `country`, `phone`, `gid`, `mobile`, `nationalnumber`, `department`, `division`, `with_honor`) VALUES (238985, 2004, '23', '', '', '', '', '', '', '', '', 'التربية الموسيقية ', '', '');
INSERT INTO `lk9v6_users` (`name`, `email`, `usertype`) VALUES ('دينا مجدي علي بركات ', '', 'الخريجين');
INSERT INTO `lk9v6_alumni_main` (`id`, `user_id`, `approved`) VALUES (238986, 238986, 1);
INSERT INTO `lk9v6_alumni_data` (`alumni_id`, `graduation_year`, `fid`, `job`, `address`, `city`, `country`, `phone`, `gid`, `mobile`, `nationalnumber`, `department`, `division`, `with_honor`) VALUES (238986, 2004, '23', '', '', '', '', '', '', '', '', 'التربية الموسيقية ', '', '');
INSERT INTO `lk9v6_users` (`name`, `email`, `usertype`) VALUES ('سوزان عصمان عبد الحميد', '', 'الخريجين');
INSERT INTO `lk9v6_alumni_main` (`id`, `user_id`, `approved`) VALUES (238987, 238987, 1);
INSERT INTO `lk9v6_alumni_data` (`alumni_id`, `graduation_year`, `fid`, `job`, `address`, `city`, `country`, `phone`, `gid`, `mobile`, `nationalnumber`, `department`, `division`, `with_honor`) VALUES (238987, 2004, '23', '', '', '', '', '', '', '', '', 'التربية الموسيقية ', '', '');
INSERT INTO `lk9v6_users` (`name`, `email`, `usertype`) VALUES ('شيماء محمد محمد أحمد تهامي ', '', 'الخريجين');
INSERT INTO `lk9v6_alumni_main` (`id`, `user_id`, `approved`) VALUES (238988, 238988, 1);
INSERT INTO `lk9v6_alumni_data` (`alumni_id`, `graduation_year`, `fid`, `job`, `address`, `city`, `country`, `phone`, `gid`, `mobile`, `nationalnumber`, `department`, `division`, `with_honor`) VALUES (238988, 2004, '23', '', '', '', '', '', '', '', '', 'التربية الموسيقية ', '', '');
INSERT INTO `lk9v6_users` (`name`, `email`, `usertype`) VALUES ('مارسيل مكيل أقلاديوس متي', '', 'الخريجين');
INSERT INTO `lk9v6_alumni_main` (`id`, `user_id`, `approved`) VALUES (238989, 238989, 1);
INSERT INTO `lk9v6_alumni_data` (`alumni_id`, `graduation_year`, `fid`, `job`, `address`, `city`, `country`, `phone`, `gid`, `mobile`, `nationalnumber`, `department`, `division`, `with_honor`) VALUES (238989, 2004, '23', '', '', '', '', '', '', '', '', 'التربية الموسيقية ', '', '');
INSERT INTO `lk9v6_users` (`name`, `email`, `usertype`) VALUES ('مافي محمد كمال الدين محمد ', '', 'الخريجين');
INSERT INTO `lk9v6_alumni_main` (`id`, `user_id`, `approved`) VALUES (238990, 238990, 1);
INSERT INTO `lk9v6_alumni_data` (`alumni_id`, `graduation_year`, `fid`, `job`, `address`, `city`, `country`, `phone`, `gid`, `mobile`, `nationalnumber`, `department`, `division`, `with_honor`) VALUES (238990, 2004, '23', '', '', '', '', '', '', '', '', 'التربية الموسيقية ', '', '');
INSERT INTO `lk9v6_users` (`name`, `email`, `usertype`) VALUES ('محمد علي أحمد عبيد', '', 'الخريجين');
INSERT INTO `lk9v6_alumni_main` (`id`, `user_id`, `approved`) VALUES (238991, 238991, 1);
INSERT INTO `lk9v6_alumni_data` (`alumni_id`, `graduation_year`, `fid`, `job`, `address`, `city`, `country`, `phone`, `gid`, `mobile`, `nationalnumber`, `department`, `division`, `with_honor`) VALUES (238991, 2004, '23', '', '', '', '', '', '', '', '', 'التربية الموسيقية ', '', '');
INSERT INTO `lk9v6_users` (`name`, `email`, `usertype`) VALUES ('محمود محمد محمود سليم ', '', 'الخريجين');
INSERT INTO `lk9v6_alumni_main` (`id`, `user_id`, `approved`) VALUES (238992, 238992, 1);
INSERT INTO `lk9v6_alumni_data` (`alumni_id`, `graduation_year`, `fid`, `job`, `address`, `city`, `country`, `phone`, `gid`, `mobile`, `nationalnumber`, `department`, `division`, `with_honor`) VALUES (238992, 2004, '23', '', '', '', '', '', '', '', '', 'التربية الموسيقية ', '', '');
INSERT INTO `lk9v6_users` (`name`, `email`, `usertype`) VALUES ('مريم كامل توفيق جيد', '', 'الخريجين');
INSERT INTO `lk9v6_alumni_main` (`id`, `user_id`, `approved`) VALUES (238993, 238993, 1);
INSERT INTO `lk9v6_alumni_data` (`alumni_id`, `graduation_year`, `fid`, `job`, `address`, `city`, `country`, `phone`, `gid`, `mobile`, `nationalnumber`, `department`, `division`, `with_honor`) VALUES (238993, 2004, '23', '', '', '', '', '', '', '', '', 'التربية الموسيقية ', '', '');
INSERT INTO `lk9v6_users` (`name`, `email`, `usertype`) VALUES ('نوران محمود عبد الحليم ', '', 'الخريجين');
INSERT INTO `lk9v6_alumni_main` (`id`, `user_id`, `approved`) VALUES (238994, 238994, 1);
INSERT INTO `lk9v6_alumni_data` (`alumni_id`, `graduation_year`, `fid`, `job`, `address`, `city`, `country`, `phone`, `gid`, `mobile`, `nationalnumber`, `department`, `division`, `with_honor`) VALUES (238994, 2004, '23', '', '', '', '', '', '', '', '', 'التربية الموسيقية ', '', '');
INSERT INTO `lk9v6_users` (`name`, `email`, `usertype`) VALUES ('هالة مرسي عبد العزيز مرسي ', '', 'الخريجين');
INSERT INTO `lk9v6_alumni_main` (`id`, `user_id`, `approved`) VALUES (238995, 238995, 1);
INSERT INTO `lk9v6_alumni_data` (`alumni_id`, `graduation_year`, `fid`, `job`, `address`, `city`, `country`, `phone`, `gid`, `mobile`, `nationalnumber`, `department`, `division`, `with_honor`) VALUES (238995, 2004, '23', '', '', '', '', '', '', '', '', 'التربية الموسيقية ', '', '');
INSERT INTO `lk9v6_users` (`name`, `email`, `usertype`) VALUES ('نهاد مصطفي رجب عبد الله ', '', 'الخريجين');
INSERT INTO `lk9v6_alumni_main` (`id`, `user_id`, `approved`) VALUES (238996, 238996, 1);
INSERT INTO `lk9v6_alumni_data` (`alumni_id`, `graduation_year`, `fid`, `job`, `address`, `city`, `country`, `phone`, `gid`, `mobile`, `nationalnumber`, `department`, `division`, `with_honor`) VALUES (238996, 2004, '23', '', '', '', '', '', '', '', '', 'التربية الموسيقية ', '', '');
INSERT INTO `lk9v6_users` (`name`, `email`, `usertype`) VALUES ('رامي وجدي محمد فوزي ', '', 'الخريجين');
INSERT INTO `lk9v6_alumni_main` (`id`, `user_id`, `approved`) VALUES (238997, 238997, 1);
INSERT INTO `lk9v6_alumni_data` (`alumni_id`, `graduation_year`, `fid`, `job`, `address`, `city`, `country`, `phone`, `gid`, `mobile`, `nationalnumber`, `department`, `division`, `with_honor`) VALUES (238997, 2004, '23', '', '', '', '', '', '', '', '', 'التربية الموسيقية ', '', '');
INSERT INTO `lk9v6_users` (`name`, `email`, `usertype`) VALUES ('مروة فتحي عبد السلام العبد', '', 'الخريجين');
INSERT INTO `lk9v6_alumni_main` (`id`, `user_id`, `approved`) VALUES (238998, 238998, 1);
INSERT INTO `lk9v6_alumni_data` (`alumni_id`, `graduation_year`, `fid`, `job`, `address`, `city`, `country`, `phone`, `gid`, `mobile`, `nationalnumber`, `department`, `division`, `with_honor`) VALUES (238998, 2004, '23', '', '', '', '', '', '', '', '', 'التربية الموسيقية ', '', '');
INSERT INTO `lk9v6_users` (`name`, `email`, `usertype`) VALUES ('نهي أحمد يسري محمد', '', 'الخريجين');
INSERT INTO `lk9v6_alumni_main` (`id`, `user_id`, `approved`) VALUES (238999, 238999, 1);
INSERT INTO `lk9v6_alumni_data` (`alumni_id`, `graduation_year`, `fid`, `job`, `address`, `city`, `country`, `phone`, `gid`, `mobile`, `nationalnumber`, `department`, `division`, `with_honor`) VALUES (238999, 2004, '23', '', '', '', '', '', '', '', '', 'التربية الموسيقية ', '', '');
INSERT INTO `lk9v6_users` (`name`, `email`, `usertype`) VALUES ('يوسف يس محمد غلاب ', '', 'الخريجين');
INSERT INTO `lk9v6_alumni_main` (`id`, `user_id`, `approved`) VALUES (239000, 239000, 1);
INSERT INTO `lk9v6_alumni_data` (`alumni_id`, `graduation_year`, `fid`, `job`, `address`, `city`, `country`, `phone`, `gid`, `mobile`, `nationalnumber`, `department`, `division`, `with_honor`) VALUES (239000, 2004, '23', '', '', '', '', '', '', '', '', 'التربية الموسيقية ', '', '');
INSERT INTO `lk9v6_users` (`name`, `email`, `usertype`) VALUES ('هويدا حسن علي عثمان', '', 'الخريجين');
INSERT INTO `lk9v6_alumni_main` (`id`, `user_id`, `approved`) VALUES (239001, 239001, 1);
INSERT INTO `lk9v6_alumni_data` (`alumni_id`, `graduation_year`, `fid`, `job`, `address`, `city`, `country`, `phone`, `gid`, `mobile`, `nationalnumber`, `department`, `division`, `with_honor`) VALUES (239001, 2004, '23', '', '', '', '', '', '', '', '', 'التربية الموسيقية ', '', '');
INSERT INTO `lk9v6_users` (`name`, `email`, `usertype`) VALUES ('ايمان فاروق علي محمود سودان ', '', 'الخريجين');
INSERT INTO `lk9v6_alumni_main` (`id`, `user_id`, `approved`) VALUES (239002, 239002, 1);
INSERT INTO `lk9v6_alumni_data` (`alumni_id`, `graduation_year`, `fid`, `job`, `address`, `city`, `country`, `phone`, `gid`, `mobile`, `nationalnumber`, `department`, `division`, `with_honor`) VALUES (239002, 2004, '23', '', '', '', '', '', '', '', '', 'التربية الموسيقية ', '', '');
INSERT INTO `lk9v6_users` (`name`, `email`, `usertype`) VALUES ('دينا الغريب محمد شوشه', '', 'الخريجين');
INSERT INTO `lk9v6_alumni_main` (`id`, `user_id`, `approved`) VALUES (239003, 239003, 1);
INSERT INTO `lk9v6_alumni_data` (`alumni_id`, `graduation_year`, `fid`, `job`, `address`, `city`, `country`, `phone`, `gid`, `mobile`, `nationalnumber`, `department`, `division`, `with_honor`) VALUES (239003, 2004, '23', '', '', '', '', '', '', '', '', 'التربية الموسيقية ', '', '');
INSERT INTO `lk9v6_users` (`name`, `email`, `usertype`) VALUES ('هدي صلاح النجيلي محمد عطية ', '', 'الخريجين');
INSERT INTO `lk9v6_alumni_main` (`id`, `user_id`, `approved`) VALUES (239004, 239004, 1);
INSERT INTO `lk9v6_alumni_data` (`alumni_id`, `graduation_year`, `fid`, `job`, `address`, `city`, `country`, `phone`, `gid`, `mobile`, `nationalnumber`, `department`, `division`, `with_honor`) VALUES (239004, 2004, '23', '', '', '', '', '', '', '', '', 'التربية الموسيقية ', '', '');
INSERT INTO `lk9v6_users` (`name`, `email`, `usertype`) VALUES ('كريم محمد حسين أمبابي ', '', 'الخريجين');
INSERT INTO `lk9v6_alumni_main` (`id`, `user_id`, `approved`) VALUES (239005, 239005, 1);
INSERT INTO `lk9v6_alumni_data` (`alumni_id`, `graduation_year`, `fid`, `job`, `address`, `city`, `country`, `phone`, `gid`, `mobile`, `nationalnumber`, `department`, `division`, `with_honor`) VALUES (239005, 2004, '23', '', '', '', '', '', '', '', '', 'التربية الموسيقية ', '', '');
INSERT INTO `lk9v6_users` (`name`, `email`, `usertype`) VALUES ('امل السيد عبد السلام خطاب ', '', 'الخريجين');
INSERT INTO `lk9v6_alumni_main` (`id`, `user_id`, `approved`) VALUES (239006, 239006, 1);
INSERT INTO `lk9v6_alumni_data` (`alumni_id`, `graduation_year`, `fid`, `job`, `address`, `city`, `country`, `phone`, `gid`, `mobile`, `nationalnumber`, `department`, `division`, `with_honor`) VALUES (239006, 2004, '23', '', '', '', '', '', '', '', '', 'الأقتصاد المنزلي ', '', '');
INSERT INTO `lk9v6_users` (`name`, `email`, `usertype`) VALUES ('اميرة عبد الرحمن أحمد الراقد', '', 'الخريجين');
INSERT INTO `lk9v6_alumni_main` (`id`, `user_id`, `approved`) VALUES (239007, 239007, 1);
INSERT INTO `lk9v6_alumni_data` (`alumni_id`, `graduation_year`, `fid`, `job`, `address`, `city`, `country`, `phone`, `gid`, `mobile`, `nationalnumber`, `department`, `division`, `with_honor`) VALUES (239007, 2004, '23', '', '', '', '', '', '', '', '', 'الأقتصاد المنزلي ', '', '');
INSERT INTO `lk9v6_users` (`name`, `email`, `usertype`) VALUES ('ايمان ابو سيف ناجي صابر ', '', 'الخريجين');
INSERT INTO `lk9v6_alumni_main` (`id`, `user_id`, `approved`) VALUES (239008, 239008, 1);
INSERT INTO `lk9v6_alumni_data` (`alumni_id`, `graduation_year`, `fid`, `job`, `address`, `city`, `country`, `phone`, `gid`, `mobile`, `nationalnumber`, `department`, `division`, `with_honor`) VALUES (239008, 2004, '23', '', '', '', '', '', '', '', '', 'الأقتصاد المنزلي ', '', '');
INSERT INTO `lk9v6_users` (`name`, `email`, `usertype`) VALUES ('ايمان محمد ابراهيم ناصر ', '', 'الخريجين');
INSERT INTO `lk9v6_alumni_main` (`id`, `user_id`, `approved`) VALUES (239009, 239009, 1);
INSERT INTO `lk9v6_alumni_data` (`alumni_id`, `graduation_year`, `fid`, `job`, `address`, `city`, `country`, `phone`, `gid`, `mobile`, `nationalnumber`, `department`, `division`, `with_honor`) VALUES (239009, 2004, '23', '', '', '', '', '', '', '', '', 'الأقتصاد المنزلي ', '', '');
INSERT INTO `lk9v6_users` (`name`, `email`, `usertype`) VALUES ('ايمان محمد شبل طاهر السيد', '', 'الخريجين');
INSERT INTO `lk9v6_alumni_main` (`id`, `user_id`, `approved`) VALUES (239010, 239010, 1);
INSERT INTO `lk9v6_alumni_data` (`alumni_id`, `graduation_year`, `fid`, `job`, `address`, `city`, `country`, `phone`, `gid`, `mobile`, `nationalnumber`, `department`, `division`, `with_honor`) VALUES (239010, 2004, '23', '', '', '', '', '', '', '', '', 'الأقتصاد المنزلي ', '', '');
INSERT INTO `lk9v6_users` (`name`, `email`, `usertype`) VALUES ('رحاب حامد محمد البواب ', '', 'الخريجين');
INSERT INTO `lk9v6_alumni_main` (`id`, `user_id`, `approved`) VALUES (239011, 239011, 1);
INSERT INTO `lk9v6_alumni_data` (`alumni_id`, `graduation_year`, `fid`, `job`, `address`, `city`, `country`, `phone`, `gid`, `mobile`, `nationalnumber`, `department`, `division`, `with_honor`) VALUES (239011, 2004, '23', '', '', '', '', '', '', '', '', 'الأقتصاد المنزلي ', '', '');
INSERT INTO `lk9v6_users` (`name`, `email`, `usertype`) VALUES ('رشا ابراهيم عبد الوهاب محمود', '', 'الخريجين');
INSERT INTO `lk9v6_alumni_main` (`id`, `user_id`, `approved`) VALUES (239012, 239012, 1);
INSERT INTO `lk9v6_alumni_data` (`alumni_id`, `graduation_year`, `fid`, `job`, `address`, `city`, `country`, `phone`, `gid`, `mobile`, `nationalnumber`, `department`, `division`, `with_honor`) VALUES (239012, 2004, '23', '', '', '', '', '', '', '', '', 'الأقتصاد المنزلي ', '', '');
INSERT INTO `lk9v6_users` (`name`, `email`, `usertype`) VALUES ('شيماء عبد الحميد عبد المنعم', '', 'الخريجين');
INSERT INTO `lk9v6_alumni_main` (`id`, `user_id`, `approved`) VALUES (239013, 239013, 1);
INSERT INTO `lk9v6_alumni_data` (`alumni_id`, `graduation_year`, `fid`, `job`, `address`, `city`, `country`, `phone`, `gid`, `mobile`, `nationalnumber`, `department`, `division`, `with_honor`) VALUES (239013, 2004, '23', '', '', '', '', '', '', '', '', 'الأقتصاد المنزلي ', '', '');
INSERT INTO `lk9v6_users` (`name`, `email`, `usertype`) VALUES ('شيماء محمود ابراهيم محمود', '', 'الخريجين');
INSERT INTO `lk9v6_alumni_main` (`id`, `user_id`, `approved`) VALUES (239014, 239014, 1);
INSERT INTO `lk9v6_alumni_data` (`alumni_id`, `graduation_year`, `fid`, `job`, `address`, `city`, `country`, `phone`, `gid`, `mobile`, `nationalnumber`, `department`, `division`, `with_honor`) VALUES (239014, 2004, '23', '', '', '', '', '', '', '', '', 'الأقتصاد المنزلي ', '', '');
INSERT INTO `lk9v6_users` (`name`, `email`, `usertype`) VALUES ('صباح ابراهيم نجيب محمد', '', 'الخريجين');
INSERT INTO `lk9v6_alumni_main` (`id`, `user_id`, `approved`) VALUES (239015, 239015, 1);
INSERT INTO `lk9v6_alumni_data` (`alumni_id`, `graduation_year`, `fid`, `job`, `address`, `city`, `country`, `phone`, `gid`, `mobile`, `nationalnumber`, `department`, `division`, `with_honor`) VALUES (239015, 2004, '23', '', '', '', '', '', '', '', '', 'الأقتصاد المنزلي ', '', '');
INSERT INTO `lk9v6_users` (`name`, `email`, `usertype`) VALUES ('عبير طالب محمد محمد', '', 'الخريجين');
INSERT INTO `lk9v6_alumni_main` (`id`, `user_id`, `approved`) VALUES (239016, 239016, 1);
INSERT INTO `lk9v6_alumni_data` (`alumni_id`, `graduation_year`, `fid`, `job`, `address`, `city`, `country`, `phone`, `gid`, `mobile`, `nationalnumber`, `department`, `division`, `with_honor`) VALUES (239016, 2004, '23', '', '', '', '', '', '', '', '', 'الأقتصاد المنزلي ', '', '');
INSERT INTO `lk9v6_users` (`name`, `email`, `usertype`) VALUES ('عبير علي السيد أحمد ', '', 'الخريجين');
INSERT INTO `lk9v6_alumni_main` (`id`, `user_id`, `approved`) VALUES (239017, 239017, 1);
INSERT INTO `lk9v6_alumni_data` (`alumni_id`, `graduation_year`, `fid`, `job`, `address`, `city`, `country`, `phone`, `gid`, `mobile`, `nationalnumber`, `department`, `division`, `with_honor`) VALUES (239017, 2004, '23', '', '', '', '', '', '', '', '', 'الأقتصاد المنزلي ', '', '');
INSERT INTO `lk9v6_users` (`name`, `email`, `usertype`) VALUES ('كوثر عبد السلام حسين صقر', '', 'الخريجين');
INSERT INTO `lk9v6_alumni_main` (`id`, `user_id`, `approved`) VALUES (239018, 239018, 1);
INSERT INTO `lk9v6_alumni_data` (`alumni_id`, `graduation_year`, `fid`, `job`, `address`, `city`, `country`, `phone`, `gid`, `mobile`, `nationalnumber`, `department`, `division`, `with_honor`) VALUES (239018, 2004, '23', '', '', '', '', '', '', '', '', 'الأقتصاد المنزلي ', '', '');
INSERT INTO `lk9v6_users` (`name`, `email`, `usertype`) VALUES ('مروة ضيف الله علي حسن ', '', 'الخريجين');
INSERT INTO `lk9v6_alumni_main` (`id`, `user_id`, `approved`) VALUES (239019, 239019, 1);
INSERT INTO `lk9v6_alumni_data` (`alumni_id`, `graduation_year`, `fid`, `job`, `address`, `city`, `country`, `phone`, `gid`, `mobile`, `nationalnumber`, `department`, `division`, `with_honor`) VALUES (239019, 2004, '23', '', '', '', '', '', '', '', '', 'الأقتصاد المنزلي ', '', '');
INSERT INTO `lk9v6_users` (`name`, `email`, `usertype`) VALUES ('مروة محمد عبد النبي ابراهيم ', '', 'الخريجين');
INSERT INTO `lk9v6_alumni_main` (`id`, `user_id`, `approved`) VALUES (239020, 239020, 1);
INSERT INTO `lk9v6_alumni_data` (`alumni_id`, `graduation_year`, `fid`, `job`, `address`, `city`, `country`, `phone`, `gid`, `mobile`, `nationalnumber`, `department`, `division`, `with_honor`) VALUES (239020, 2004, '23', '', '', '', '', '', '', '', '', 'الأقتصاد المنزلي ', '', '');
INSERT INTO `lk9v6_users` (`name`, `email`, `usertype`) VALUES ('مروة محمد مبروك مبروك ', '', 'الخريجين');
INSERT INTO `lk9v6_alumni_main` (`id`, `user_id`, `approved`) VALUES (239021, 239021, 1);
INSERT INTO `lk9v6_alumni_data` (`alumni_id`, `graduation_year`, `fid`, `job`, `address`, `city`, `country`, `phone`, `gid`, `mobile`, `nationalnumber`, `department`, `division`, `with_honor`) VALUES (239021, 2004, '23', '', '', '', '', '', '', '', '', 'الأقتصاد المنزلي ', '', '');
INSERT INTO `lk9v6_users` (`name`, `email`, `usertype`) VALUES ('مني محمد محمد علي عبادة ', '', 'الخريجين');
INSERT INTO `lk9v6_alumni_main` (`id`, `user_id`, `approved`) VALUES (239022, 239022, 1);
INSERT INTO `lk9v6_alumni_data` (`alumni_id`, `graduation_year`, `fid`, `job`, `address`, `city`, `country`, `phone`, `gid`, `mobile`, `nationalnumber`, `department`, `division`, `with_honor`) VALUES (239022, 2004, '23', '', '', '', '', '', '', '', '', 'الأقتصاد المنزلي ', '', '');
INSERT INTO `lk9v6_users` (`name`, `email`, `usertype`) VALUES ('هبة محمد زكريا أحمد مرعي ', '', 'الخريجين');
INSERT INTO `lk9v6_alumni_main` (`id`, `user_id`, `approved`) VALUES (239023, 239023, 1);
INSERT INTO `lk9v6_alumni_data` (`alumni_id`, `graduation_year`, `fid`, `job`, `address`, `city`, `country`, `phone`, `gid`, `mobile`, `nationalnumber`, `department`, `division`, `with_honor`) VALUES (239023, 2004, '23', '', '', '', '', '', '', '', '', 'الأقتصاد المنزلي ', '', '');
INSERT INTO `lk9v6_users` (`name`, `email`, `usertype`) VALUES ('أسماء أحمد ابراهيم الطباخ', '', 'الخريجين');
INSERT INTO `lk9v6_alumni_main` (`id`, `user_id`, `approved`) VALUES (239024, 239024, 1);
INSERT INTO `lk9v6_alumni_data` (`alumni_id`, `graduation_year`, `fid`, `job`, `address`, `city`, `country`, `phone`, `gid`, `mobile`, `nationalnumber`, `department`, `division`, `with_honor`) VALUES (239024, 2004, '23', '', '', '', '', '', '', '', '', 'الأقتصاد المنزلي ', '', '');
INSERT INTO `lk9v6_users` (`name`, `email`, `usertype`) VALUES ('أسماء بهي الدين محمود صابر ', '', 'الخريجين');
INSERT INTO `lk9v6_alumni_main` (`id`, `user_id`, `approved`) VALUES (239025, 239025, 1);
INSERT INTO `lk9v6_alumni_data` (`alumni_id`, `graduation_year`, `fid`, `job`, `address`, `city`, `country`, `phone`, `gid`, `mobile`, `nationalnumber`, `department`, `division`, `with_honor`) VALUES (239025, 2004, '23', '', '', '', '', '', '', '', '', 'الأقتصاد المنزلي ', '', '');
INSERT INTO `lk9v6_users` (`name`, `email`, `usertype`) VALUES ('اسماء خميس حسين ابراهيم ', '', 'الخريجين');
INSERT INTO `lk9v6_alumni_main` (`id`, `user_id`, `approved`) VALUES (239026, 239026, 1);
INSERT INTO `lk9v6_alumni_data` (`alumni_id`, `graduation_year`, `fid`, `job`, `address`, `city`, `country`, `phone`, `gid`, `mobile`, `nationalnumber`, `department`, `division`, `with_honor`) VALUES (239026, 2004, '23', '', '', '', '', '', '', '', '', 'الأقتصاد المنزلي ', '', '');
INSERT INTO `lk9v6_users` (`name`, `email`, `usertype`) VALUES ('أسماء فتحي فرجاني علي ', '', 'الخريجين');
INSERT INTO `lk9v6_alumni_main` (`id`, `user_id`, `approved`) VALUES (239027, 239027, 1);
INSERT INTO `lk9v6_alumni_data` (`alumni_id`, `graduation_year`, `fid`, `job`, `address`, `city`, `country`, `phone`, `gid`, `mobile`, `nationalnumber`, `department`, `division`, `with_honor`) VALUES (239027, 2004, '23', '', '', '', '', '', '', '', '', 'الأقتصاد المنزلي ', '', '');
INSERT INTO `lk9v6_users` (`name`, `email`, `usertype`) VALUES ('آلاء الله طارق محمد عبد المنعم', '', 'الخريجين');
INSERT INTO `lk9v6_alumni_main` (`id`, `user_id`, `approved`) VALUES (239028, 239028, 1);
INSERT INTO `lk9v6_alumni_data` (`alumni_id`, `graduation_year`, `fid`, `job`, `address`, `city`, `country`, `phone`, `gid`, `mobile`, `nationalnumber`, `department`, `division`, `with_honor`) VALUES (239028, 2004, '23', '', '', '', '', '', '', '', '', 'الأقتصاد المنزلي ', '', '');
INSERT INTO `lk9v6_users` (`name`, `email`, `usertype`) VALUES ('آلاء عبد المجيد أحمد عبد الحميد ', '', 'الخريجين');
INSERT INTO `lk9v6_alumni_main` (`id`, `user_id`, `approved`) VALUES (239029, 239029, 1);
INSERT INTO `lk9v6_alumni_data` (`alumni_id`, `graduation_year`, `fid`, `job`, `address`, `city`, `country`, `phone`, `gid`, `mobile`, `nationalnumber`, `department`, `division`, `with_honor`) VALUES (239029, 2004, '23', '', '', '', '', '', '', '', '', 'الأقتصاد المنزلي ', '', '');
INSERT INTO `lk9v6_users` (`name`, `email`, `usertype`) VALUES ('الشيماء صلاح عبد العزيز بسيوني ', '', 'الخريجين');
INSERT INTO `lk9v6_alumni_main` (`id`, `user_id`, `approved`) VALUES (239030, 239030, 1);
INSERT INTO `lk9v6_alumni_data` (`alumni_id`, `graduation_year`, `fid`, `job`, `address`, `city`, `country`, `phone`, `gid`, `mobile`, `nationalnumber`, `department`, `division`, `with_honor`) VALUES (239030, 2004, '23', '', '', '', '', '', '', '', '', 'الأقتصاد المنزلي ', '', '');
INSERT INTO `lk9v6_users` (`name`, `email`, `usertype`) VALUES ('أماني عبد الله محمد رضوان ', '', 'الخريجين');
INSERT INTO `lk9v6_alumni_main` (`id`, `user_id`, `approved`) VALUES (239031, 239031, 1);
INSERT INTO `lk9v6_alumni_data` (`alumni_id`, `graduation_year`, `fid`, `job`, `address`, `city`, `country`, `phone`, `gid`, `mobile`, `nationalnumber`, `department`, `division`, `with_honor`) VALUES (239031, 2004, '23', '', '', '', '', '', '', '', '', 'الأقتصاد المنزلي ', '', '');
INSERT INTO `lk9v6_users` (`name`, `email`, `usertype`) VALUES ('أميرة المرسي أحمد السيد', '', 'الخريجين');
INSERT INTO `lk9v6_alumni_main` (`id`, `user_id`, `approved`) VALUES (239032, 239032, 1);
INSERT INTO `lk9v6_alumni_data` (`alumni_id`, `graduation_year`, `fid`, `job`, `address`, `city`, `country`, `phone`, `gid`, `mobile`, `nationalnumber`, `department`, `division`, `with_honor`) VALUES (239032, 2004, '23', '', '', '', '', '', '', '', '', 'الأقتصاد المنزلي ', '', '');
INSERT INTO `lk9v6_users` (`name`, `email`, `usertype`) VALUES ('أميرة السيد السيد عثمان ', '', 'الخريجين');
INSERT INTO `lk9v6_alumni_main` (`id`, `user_id`, `approved`) VALUES (239033, 239033, 1);
INSERT INTO `lk9v6_alumni_data` (`alumni_id`, `graduation_year`, `fid`, `job`, `address`, `city`, `country`, `phone`, `gid`, `mobile`, `nationalnumber`, `department`, `division`, `with_honor`) VALUES (239033, 2004, '23', '', '', '', '', '', '', '', '', 'الأقتصاد المنزلي ', '', '');
INSERT INTO `lk9v6_users` (`name`, `email`, `usertype`) VALUES ('ايمان ابراهيم محمد السيد', '', 'الخريجين');
INSERT INTO `lk9v6_alumni_main` (`id`, `user_id`, `approved`) VALUES (239034, 239034, 1);
INSERT INTO `lk9v6_alumni_data` (`alumni_id`, `graduation_year`, `fid`, `job`, `address`, `city`, `country`, `phone`, `gid`, `mobile`, `nationalnumber`, `department`, `division`, `with_honor`) VALUES (239034, 2004, '23', '', '', '', '', '', '', '', '', 'الأقتصاد المنزلي ', '', '');
INSERT INTO `lk9v6_users` (`name`, `email`, `usertype`) VALUES ('ايمان زين أحمد عبد العليم ', '', 'الخريجين');
INSERT INTO `lk9v6_alumni_main` (`id`, `user_id`, `approved`) VALUES (239035, 239035, 1);
INSERT INTO `lk9v6_alumni_data` (`alumni_id`, `graduation_year`, `fid`, `job`, `address`, `city`, `country`, `phone`, `gid`, `mobile`, `nationalnumber`, `department`, `division`, `with_honor`) VALUES (239035, 2004, '23', '', '', '', '', '', '', '', '', 'الأقتصاد المنزلي ', '', '');
INSERT INTO `lk9v6_users` (`name`, `email`, `usertype`) VALUES ('ايمان صقر محمد صقر ', '', 'الخريجين');
INSERT INTO `lk9v6_alumni_main` (`id`, `user_id`, `approved`) VALUES (239036, 239036, 1);
INSERT INTO `lk9v6_alumni_data` (`alumni_id`, `graduation_year`, `fid`, `job`, `address`, `city`, `country`, `phone`, `gid`, `mobile`, `nationalnumber`, `department`, `division`, `with_honor`) VALUES (239036, 2004, '23', '', '', '', '', '', '', '', '', 'الأقتصاد المنزلي ', '', '');
INSERT INTO `lk9v6_users` (`name`, `email`, `usertype`) VALUES ('ايمان لطفي أبو القمصان خليفة ', '', 'الخريجين');
INSERT INTO `lk9v6_alumni_main` (`id`, `user_id`, `approved`) VALUES (239037, 239037, 1);
INSERT INTO `lk9v6_alumni_data` (`alumni_id`, `graduation_year`, `fid`, `job`, `address`, `city`, `country`, `phone`, `gid`, `mobile`, `nationalnumber`, `department`, `division`, `with_honor`) VALUES (239037, 2004, '23', '', '', '', '', '', '', '', '', 'الأقتصاد المنزلي ', '', '');
INSERT INTO `lk9v6_users` (`name`, `email`, `usertype`) VALUES ('جيهان احمد اسماعيل خراشي ', '', 'الخريجين');
INSERT INTO `lk9v6_alumni_main` (`id`, `user_id`, `approved`) VALUES (239038, 239038, 1);
INSERT INTO `lk9v6_alumni_data` (`alumni_id`, `graduation_year`, `fid`, `job`, `address`, `city`, `country`, `phone`, `gid`, `mobile`, `nationalnumber`, `department`, `division`, `with_honor`) VALUES (239038, 2004, '23', '', '', '', '', '', '', '', '', 'الأقتصاد المنزلي ', '', '');
INSERT INTO `lk9v6_users` (`name`, `email`, `usertype`) VALUES ('داليا عبد الكريم عبد السميع محمد', '', 'الخريجين');
INSERT INTO `lk9v6_alumni_main` (`id`, `user_id`, `approved`) VALUES (239039, 239039, 1);
INSERT INTO `lk9v6_alumni_data` (`alumni_id`, `graduation_year`, `fid`, `job`, `address`, `city`, `country`, `phone`, `gid`, `mobile`, `nationalnumber`, `department`, `division`, `with_honor`) VALUES (239039, 2004, '23', '', '', '', '', '', '', '', '', 'الأقتصاد المنزلي ', '', '');
INSERT INTO `lk9v6_users` (`name`, `email`, `usertype`) VALUES ('دعاء أحمد محمد عبد الكريم ', '', 'الخريجين');
INSERT INTO `lk9v6_alumni_main` (`id`, `user_id`, `approved`) VALUES (239040, 239040, 1);
INSERT INTO `lk9v6_alumni_data` (`alumni_id`, `graduation_year`, `fid`, `job`, `address`, `city`, `country`, `phone`, `gid`, `mobile`, `nationalnumber`, `department`, `division`, `with_honor`) VALUES (239040, 2004, '23', '', '', '', '', '', '', '', '', 'الأقتصاد المنزلي ', '', '');
INSERT INTO `lk9v6_users` (`name`, `email`, `usertype`) VALUES ('دعاء حبشي محمد علي سمك', '', 'الخريجين');
INSERT INTO `lk9v6_alumni_main` (`id`, `user_id`, `approved`) VALUES (239041, 239041, 1);
INSERT INTO `lk9v6_alumni_data` (`alumni_id`, `graduation_year`, `fid`, `job`, `address`, `city`, `country`, `phone`, `gid`, `mobile`, `nationalnumber`, `department`, `division`, `with_honor`) VALUES (239041, 2004, '23', '', '', '', '', '', '', '', '', 'الأقتصاد المنزلي ', '', '');
INSERT INTO `lk9v6_users` (`name`, `email`, `usertype`) VALUES ('دعاء محمد محمد جاهين ', '', 'الخريجين');
INSERT INTO `lk9v6_alumni_main` (`id`, `user_id`, `approved`) VALUES (239042, 239042, 1);
INSERT INTO `lk9v6_alumni_data` (`alumni_id`, `graduation_year`, `fid`, `job`, `address`, `city`, `country`, `phone`, `gid`, `mobile`, `nationalnumber`, `department`, `division`, `with_honor`) VALUES (239042, 2004, '23', '', '', '', '', '', '', '', '', 'الأقتصاد المنزلي ', '', '');
INSERT INTO `lk9v6_users` (`name`, `email`, `usertype`) VALUES ('دعاء ممدوح حسب الله عبد الغني ', '', 'الخريجين');
INSERT INTO `lk9v6_alumni_main` (`id`, `user_id`, `approved`) VALUES (239043, 239043, 1);
INSERT INTO `lk9v6_alumni_data` (`alumni_id`, `graduation_year`, `fid`, `job`, `address`, `city`, `country`, `phone`, `gid`, `mobile`, `nationalnumber`, `department`, `division`, `with_honor`) VALUES (239043, 2004, '23', '', '', '', '', '', '', '', '', 'الأقتصاد المنزلي ', '', '');
INSERT INTO `lk9v6_users` (`name`, `email`, `usertype`) VALUES ('رحاب جمعة حسن السعداوي ', '', 'الخريجين');
INSERT INTO `lk9v6_alumni_main` (`id`, `user_id`, `approved`) VALUES (239044, 239044, 1);
INSERT INTO `lk9v6_alumni_data` (`alumni_id`, `graduation_year`, `fid`, `job`, `address`, `city`, `country`, `phone`, `gid`, `mobile`, `nationalnumber`, `department`, `division`, `with_honor`) VALUES (239044, 2004, '23', '', '', '', '', '', '', '', '', 'الأقتصاد المنزلي ', '', '');
INSERT INTO `lk9v6_users` (`name`, `email`, `usertype`) VALUES ('رشا عبد الوهاب محمد السيد ', '', 'الخريجين');
INSERT INTO `lk9v6_alumni_main` (`id`, `user_id`, `approved`) VALUES (239045, 239045, 1);
INSERT INTO `lk9v6_alumni_data` (`alumni_id`, `graduation_year`, `fid`, `job`, `address`, `city`, `country`, `phone`, `gid`, `mobile`, `nationalnumber`, `department`, `division`, `with_honor`) VALUES (239045, 2004, '23', '', '', '', '', '', '', '', '', 'الأقتصاد المنزلي ', '', '');
INSERT INTO `lk9v6_users` (`name`, `email`, `usertype`) VALUES ('ريم محمد علي محمد أبو زيتحار', '', 'الخريجين');
INSERT INTO `lk9v6_alumni_main` (`id`, `user_id`, `approved`) VALUES (239046, 239046, 1);
INSERT INTO `lk9v6_alumni_data` (`alumni_id`, `graduation_year`, `fid`, `job`, `address`, `city`, `country`, `phone`, `gid`, `mobile`, `nationalnumber`, `department`, `division`, `with_honor`) VALUES (239046, 2004, '23', '', '', '', '', '', '', '', '', 'الأقتصاد المنزلي ', '', '');
INSERT INTO `lk9v6_users` (`name`, `email`, `usertype`) VALUES ('سماح جمعة عبد الله سعيد ', '', 'الخريجين');
INSERT INTO `lk9v6_alumni_main` (`id`, `user_id`, `approved`) VALUES (239047, 239047, 1);
INSERT INTO `lk9v6_alumni_data` (`alumni_id`, `graduation_year`, `fid`, `job`, `address`, `city`, `country`, `phone`, `gid`, `mobile`, `nationalnumber`, `department`, `division`, `with_honor`) VALUES (239047, 2004, '23', '', '', '', '', '', '', '', '', 'الأقتصاد المنزلي ', '', '');
INSERT INTO `lk9v6_users` (`name`, `email`, `usertype`) VALUES ('سمر علي محمد عطية أبو سعيد ', '', 'الخريجين');
INSERT INTO `lk9v6_alumni_main` (`id`, `user_id`, `approved`) VALUES (239048, 239048, 1);
INSERT INTO `lk9v6_alumni_data` (`alumni_id`, `graduation_year`, `fid`, `job`, `address`, `city`, `country`, `phone`, `gid`, `mobile`, `nationalnumber`, `department`, `division`, `with_honor`) VALUES (239048, 2004, '23', '', '', '', '', '', '', '', '', 'الأقتصاد المنزلي ', '', '');
INSERT INTO `lk9v6_users` (`name`, `email`, `usertype`) VALUES ('سهام حسين كامل الرويني ', '', 'الخريجين');
INSERT INTO `lk9v6_alumni_main` (`id`, `user_id`, `approved`) VALUES (239049, 239049, 1);
INSERT INTO `lk9v6_alumni_data` (`alumni_id`, `graduation_year`, `fid`, `job`, `address`, `city`, `country`, `phone`, `gid`, `mobile`, `nationalnumber`, `department`, `division`, `with_honor`) VALUES (239049, 2004, '23', '', '', '', '', '', '', '', '', 'الأقتصاد المنزلي ', '', '');
INSERT INTO `lk9v6_users` (`name`, `email`, `usertype`) VALUES ('سوزان رمضان محمد بدوي ', '', 'الخريجين');
INSERT INTO `lk9v6_alumni_main` (`id`, `user_id`, `approved`) VALUES (239050, 239050, 1);
INSERT INTO `lk9v6_alumni_data` (`alumni_id`, `graduation_year`, `fid`, `job`, `address`, `city`, `country`, `phone`, `gid`, `mobile`, `nationalnumber`, `department`, `division`, `with_honor`) VALUES (239050, 2004, '23', '', '', '', '', '', '', '', '', 'الأقتصاد المنزلي ', '', '');
INSERT INTO `lk9v6_users` (`name`, `email`, `usertype`) VALUES ('شيرين علي مصطفي مازن', '', 'الخريجين');
INSERT INTO `lk9v6_alumni_main` (`id`, `user_id`, `approved`) VALUES (239051, 239051, 1);
INSERT INTO `lk9v6_alumni_data` (`alumni_id`, `graduation_year`, `fid`, `job`, `address`, `city`, `country`, `phone`, `gid`, `mobile`, `nationalnumber`, `department`, `division`, `with_honor`) VALUES (239051, 2004, '23', '', '', '', '', '', '', '', '', 'الأقتصاد المنزلي ', '', '');
INSERT INTO `lk9v6_users` (`name`, `email`, `usertype`) VALUES ('شيماء أحمد علي محمد ابو خضرة ', '', 'الخريجين');
INSERT INTO `lk9v6_alumni_main` (`id`, `user_id`, `approved`) VALUES (239052, 239052, 1);
INSERT INTO `lk9v6_alumni_data` (`alumni_id`, `graduation_year`, `fid`, `job`, `address`, `city`, `country`, `phone`, `gid`, `mobile`, `nationalnumber`, `department`, `division`, `with_honor`) VALUES (239052, 2004, '23', '', '', '', '', '', '', '', '', 'الأقتصاد المنزلي ', '', '');
INSERT INTO `lk9v6_users` (`name`, `email`, `usertype`) VALUES ('شيماء التابعي عبدة محمد ', '', 'الخريجين');
INSERT INTO `lk9v6_alumni_main` (`id`, `user_id`, `approved`) VALUES (239053, 239053, 1);
INSERT INTO `lk9v6_alumni_data` (`alumni_id`, `graduation_year`, `fid`, `job`, `address`, `city`, `country`, `phone`, `gid`, `mobile`, `nationalnumber`, `department`, `division`, `with_honor`) VALUES (239053, 2004, '23', '', '', '', '', '', '', '', '', 'الأقتصاد المنزلي ', '', '');
INSERT INTO `lk9v6_users` (`name`, `email`, `usertype`) VALUES ('ضحي عاطف سامي محمد سامي ', '', 'الخريجين');
INSERT INTO `lk9v6_alumni_main` (`id`, `user_id`, `approved`) VALUES (239054, 239054, 1);
INSERT INTO `lk9v6_alumni_data` (`alumni_id`, `graduation_year`, `fid`, `job`, `address`, `city`, `country`, `phone`, `gid`, `mobile`, `nationalnumber`, `department`, `division`, `with_honor`) VALUES (239054, 2004, '23', '', '', '', '', '', '', '', '', 'الأقتصاد المنزلي ', '', '');
INSERT INTO `lk9v6_users` (`name`, `email`, `usertype`) VALUES ('علا محمد عادل عبد الوهاب ', '', 'الخريجين');
INSERT INTO `lk9v6_alumni_main` (`id`, `user_id`, `approved`) VALUES (239055, 239055, 1);
INSERT INTO `lk9v6_alumni_data` (`alumni_id`, `graduation_year`, `fid`, `job`, `address`, `city`, `country`, `phone`, `gid`, `mobile`, `nationalnumber`, `department`, `division`, `with_honor`) VALUES (239055, 2004, '23', '', '', '', '', '', '', '', '', 'الأقتصاد المنزلي ', '', '');
INSERT INTO `lk9v6_users` (`name`, `email`, `usertype`) VALUES ('غادة حسني حلمي غراب ', '', 'الخريجين');
INSERT INTO `lk9v6_alumni_main` (`id`, `user_id`, `approved`) VALUES (239056, 239056, 1);
INSERT INTO `lk9v6_alumni_data` (`alumni_id`, `graduation_year`, `fid`, `job`, `address`, `city`, `country`, `phone`, `gid`, `mobile`, `nationalnumber`, `department`, `division`, `with_honor`) VALUES (239056, 2004, '23', '', '', '', '', '', '', '', '', 'الأقتصاد المنزلي ', '', '');
INSERT INTO `lk9v6_users` (`name`, `email`, `usertype`) VALUES ('مروة سعيد عبد الودود شمس الدين ', '', 'الخريجين');
INSERT INTO `lk9v6_alumni_main` (`id`, `user_id`, `approved`) VALUES (239057, 239057, 1);
INSERT INTO `lk9v6_alumni_data` (`alumni_id`, `graduation_year`, `fid`, `job`, `address`, `city`, `country`, `phone`, `gid`, `mobile`, `nationalnumber`, `department`, `division`, `with_honor`) VALUES (239057, 2004, '23', '', '', '', '', '', '', '', '', 'الأقتصاد المنزلي ', '', '');
INSERT INTO `lk9v6_users` (`name`, `email`, `usertype`) VALUES ('مني السيد أحمد عبد الفتاح', '', 'الخريجين');
INSERT INTO `lk9v6_alumni_main` (`id`, `user_id`, `approved`) VALUES (239058, 239058, 1);
INSERT INTO `lk9v6_alumni_data` (`alumni_id`, `graduation_year`, `fid`, `job`, `address`, `city`, `country`, `phone`, `gid`, `mobile`, `nationalnumber`, `department`, `division`, `with_honor`) VALUES (239058, 2004, '23', '', '', '', '', '', '', '', '', 'الأقتصاد المنزلي ', '', '');
INSERT INTO `lk9v6_users` (`name`, `email`, `usertype`) VALUES ('مني عبد المنعم محمود النعاس ', '', 'الخريجين');
INSERT INTO `lk9v6_alumni_main` (`id`, `user_id`, `approved`) VALUES (239059, 239059, 1);
INSERT INTO `lk9v6_alumni_data` (`alumni_id`, `graduation_year`, `fid`, `job`, `address`, `city`, `country`, `phone`, `gid`, `mobile`, `nationalnumber`, `department`, `division`, `with_honor`) VALUES (239059, 2004, '23', '', '', '', '', '', '', '', '', 'الأقتصاد المنزلي ', '', '');
INSERT INTO `lk9v6_users` (`name`, `email`, `usertype`) VALUES ('مني فوزي يوسف محمد كشك', '', 'الخريجين');
INSERT INTO `lk9v6_alumni_main` (`id`, `user_id`, `approved`) VALUES (239060, 239060, 1);
INSERT INTO `lk9v6_alumni_data` (`alumni_id`, `graduation_year`, `fid`, `job`, `address`, `city`, `country`, `phone`, `gid`, `mobile`, `nationalnumber`, `department`, `division`, `with_honor`) VALUES (239060, 2004, '23', '', '', '', '', '', '', '', '', 'الأقتصاد المنزلي ', '', '');
INSERT INTO `lk9v6_users` (`name`, `email`, `usertype`) VALUES ('نانسي ناجي نعيم بشاي ', '', 'الخريجين');
INSERT INTO `lk9v6_alumni_main` (`id`, `user_id`, `approved`) VALUES (239061, 239061, 1);
INSERT INTO `lk9v6_alumni_data` (`alumni_id`, `graduation_year`, `fid`, `job`, `address`, `city`, `country`, `phone`, `gid`, `mobile`, `nationalnumber`, `department`, `division`, `with_honor`) VALUES (239061, 2004, '23', '', '', '', '', '', '', '', '', 'الأقتصاد المنزلي ', '', '');
INSERT INTO `lk9v6_users` (`name`, `email`, `usertype`) VALUES ('نورهان محمد محمد عبد السلام ', '', 'الخريجين');
INSERT INTO `lk9v6_alumni_main` (`id`, `user_id`, `approved`) VALUES (239062, 239062, 1);
INSERT INTO `lk9v6_alumni_data` (`alumni_id`, `graduation_year`, `fid`, `job`, `address`, `city`, `country`, `phone`, `gid`, `mobile`, `nationalnumber`, `department`, `division`, `with_honor`) VALUES (239062, 2004, '23', '', '', '', '', '', '', '', '', 'الأقتصاد المنزلي ', '', '');
INSERT INTO `lk9v6_users` (`name`, `email`, `usertype`) VALUES ('هالة مصطفي الحسيني القشلان', '', 'الخريجين');
INSERT INTO `lk9v6_alumni_main` (`id`, `user_id`, `approved`) VALUES (239063, 239063, 1);
INSERT INTO `lk9v6_alumni_data` (`alumni_id`, `graduation_year`, `fid`, `job`, `address`, `city`, `country`, `phone`, `gid`, `mobile`, `nationalnumber`, `department`, `division`, `with_honor`) VALUES (239063, 2004, '23', '', '', '', '', '', '', '', '', 'الأقتصاد المنزلي ', '', '');
INSERT INTO `lk9v6_users` (`name`, `email`, `usertype`) VALUES ('هبة الله عبد السلام محمد فوزي ', '', 'الخريجين');
INSERT INTO `lk9v6_alumni_main` (`id`, `user_id`, `approved`) VALUES (239064, 239064, 1);
INSERT INTO `lk9v6_alumni_data` (`alumni_id`, `graduation_year`, `fid`, `job`, `address`, `city`, `country`, `phone`, `gid`, `mobile`, `nationalnumber`, `department`, `division`, `with_honor`) VALUES (239064, 2004, '23', '', '', '', '', '', '', '', '', 'الأقتصاد المنزلي ', '', '');
INSERT INTO `lk9v6_users` (`name`, `email`, `usertype`) VALUES ('هبة عصام محمد الحسيني ', '', 'الخريجين');
INSERT INTO `lk9v6_alumni_main` (`id`, `user_id`, `approved`) VALUES (239065, 239065, 1);
INSERT INTO `lk9v6_alumni_data` (`alumni_id`, `graduation_year`, `fid`, `job`, `address`, `city`, `country`, `phone`, `gid`, `mobile`, `nationalnumber`, `department`, `division`, `with_honor`) VALUES (239065, 2004, '23', '', '', '', '', '', '', '', '', 'الأقتصاد المنزلي ', '', '');
INSERT INTO `lk9v6_users` (`name`, `email`, `usertype`) VALUES ('هبة محمد أحمد علي آدم ', '', 'الخريجين');
INSERT INTO `lk9v6_alumni_main` (`id`, `user_id`, `approved`) VALUES (239066, 239066, 1);
INSERT INTO `lk9v6_alumni_data` (`alumni_id`, `graduation_year`, `fid`, `job`, `address`, `city`, `country`, `phone`, `gid`, `mobile`, `nationalnumber`, `department`, `division`, `with_honor`) VALUES (239066, 2004, '23', '', '', '', '', '', '', '', '', 'الأقتصاد المنزلي ', '', '');
INSERT INTO `lk9v6_users` (`name`, `email`, `usertype`) VALUES ('هبة محمد ناجي محمد', '', 'الخريجين');
INSERT INTO `lk9v6_alumni_main` (`id`, `user_id`, `approved`) VALUES (239067, 239067, 1);
INSERT INTO `lk9v6_alumni_data` (`alumni_id`, `graduation_year`, `fid`, `job`, `address`, `city`, `country`, `phone`, `gid`, `mobile`, `nationalnumber`, `department`, `division`, `with_honor`) VALUES (239067, 2004, '23', '', '', '', '', '', '', '', '', 'الأقتصاد المنزلي ', '', '');
INSERT INTO `lk9v6_users` (`name`, `email`, `usertype`) VALUES ('هدي عبد الحميد عبد الرحمن', '', 'الخريجين');
INSERT INTO `lk9v6_alumni_main` (`id`, `user_id`, `approved`) VALUES (239068, 239068, 1);
INSERT INTO `lk9v6_alumni_data` (`alumni_id`, `graduation_year`, `fid`, `job`, `address`, `city`, `country`, `phone`, `gid`, `mobile`, `nationalnumber`, `department`, `division`, `with_honor`) VALUES (239068, 2004, '23', '', '', '', '', '', '', '', '', 'الأقتصاد المنزلي ', '', '');
INSERT INTO `lk9v6_users` (`name`, `email`, `usertype`) VALUES ('هند علي سلامة الشلقاني ', '', 'الخريجين');
INSERT INTO `lk9v6_alumni_main` (`id`, `user_id`, `approved`) VALUES (239069, 239069, 1);
INSERT INTO `lk9v6_alumni_data` (`alumni_id`, `graduation_year`, `fid`, `job`, `address`, `city`, `country`, `phone`, `gid`, `mobile`, `nationalnumber`, `department`, `division`, `with_honor`) VALUES (239069, 2004, '23', '', '', '', '', '', '', '', '', 'الأقتصاد المنزلي ', '', '');
INSERT INTO `lk9v6_users` (`name`, `email`, `usertype`) VALUES ('هيام عريف أبو زيد جويلي ', '', 'الخريجين');
INSERT INTO `lk9v6_alumni_main` (`id`, `user_id`, `approved`) VALUES (239070, 239070, 1);
INSERT INTO `lk9v6_alumni_data` (`alumni_id`, `graduation_year`, `fid`, `job`, `address`, `city`, `country`, `phone`, `gid`, `mobile`, `nationalnumber`, `department`, `division`, `with_honor`) VALUES (239070, 2004, '23', '', '', '', '', '', '', '', '', 'الأقتصاد المنزلي ', '', '');
INSERT INTO `lk9v6_users` (`name`, `email`, `usertype`) VALUES ('هيام لبيب أحمد محمد ابراهيم ', '', 'الخريجين');
INSERT INTO `lk9v6_alumni_main` (`id`, `user_id`, `approved`) VALUES (239071, 239071, 1);
INSERT INTO `lk9v6_alumni_data` (`alumni_id`, `graduation_year`, `fid`, `job`, `address`, `city`, `country`, `phone`, `gid`, `mobile`, `nationalnumber`, `department`, `division`, `with_honor`) VALUES (239071, 2004, '23', '', '', '', '', '', '', '', '', 'الأقتصاد المنزلي ', '', '');
INSERT INTO `lk9v6_users` (`name`, `email`, `usertype`) VALUES ('هويدة سلامة مصطفي النجار ', '', 'الخريجين');
INSERT INTO `lk9v6_alumni_main` (`id`, `user_id`, `approved`) VALUES (239072, 239072, 1);
INSERT INTO `lk9v6_alumni_data` (`alumni_id`, `graduation_year`, `fid`, `job`, `address`, `city`, `country`, `phone`, `gid`, `mobile`, `nationalnumber`, `department`, `division`, `with_honor`) VALUES (239072, 2004, '23', '', '', '', '', '', '', '', '', 'الأقتصاد المنزلي ', '', '');
INSERT INTO `lk9v6_users` (`name`, `email`, `usertype`) VALUES ('ولاء السيد كمال الدين غالي ', '', 'الخريجين');
INSERT INTO `lk9v6_alumni_main` (`id`, `user_id`, `approved`) VALUES (239073, 239073, 1);
INSERT INTO `lk9v6_alumni_data` (`alumni_id`, `graduation_year`, `fid`, `job`, `address`, `city`, `country`, `phone`, `gid`, `mobile`, `nationalnumber`, `department`, `division`, `with_honor`) VALUES (239073, 2004, '23', '', '', '', '', '', '', '', '', 'الأقتصاد المنزلي ', '', '');
INSERT INTO `lk9v6_users` (`name`, `email`, `usertype`) VALUES ('ولاء عبد الغني عبد الكريم محمد', '', 'الخريجين');
INSERT INTO `lk9v6_alumni_main` (`id`, `user_id`, `approved`) VALUES (239074, 239074, 1);
INSERT INTO `lk9v6_alumni_data` (`alumni_id`, `graduation_year`, `fid`, `job`, `address`, `city`, `country`, `phone`, `gid`, `mobile`, `nationalnumber`, `department`, `division`, `with_honor`) VALUES (239074, 2004, '23', '', '', '', '', '', '', '', '', 'الأقتصاد المنزلي ', '', '');
INSERT INTO `lk9v6_users` (`name`, `email`, `usertype`) VALUES ('آمال عطا الله محمد الوكيل ', '', 'الخريجين');
INSERT INTO `lk9v6_alumni_main` (`id`, `user_id`, `approved`) VALUES (239075, 239075, 1);
INSERT INTO `lk9v6_alumni_data` (`alumni_id`, `graduation_year`, `fid`, `job`, `address`, `city`, `country`, `phone`, `gid`, `mobile`, `nationalnumber`, `department`, `division`, `with_honor`) VALUES (239075, 2004, '23', '', '', '', '', '', '', '', '', 'الأقتصاد المنزلي ', '', '');
INSERT INTO `lk9v6_users` (`name`, `email`, `usertype`) VALUES ('ايمان محمد رجب عبد الحميد', '', 'الخريجين');
INSERT INTO `lk9v6_alumni_main` (`id`, `user_id`, `approved`) VALUES (239076, 239076, 1);
INSERT INTO `lk9v6_alumni_data` (`alumni_id`, `graduation_year`, `fid`, `job`, `address`, `city`, `country`, `phone`, `gid`, `mobile`, `nationalnumber`, `department`, `division`, `with_honor`) VALUES (239076, 2004, '23', '', '', '', '', '', '', '', '', 'الأقتصاد المنزلي ', '', '');
INSERT INTO `lk9v6_users` (`name`, `email`, `usertype`) VALUES ('كريمة عبد المقصود شكري ', '', 'الخريجين');
INSERT INTO `lk9v6_alumni_main` (`id`, `user_id`, `approved`) VALUES (239077, 239077, 1);
INSERT INTO `lk9v6_alumni_data` (`alumni_id`, `graduation_year`, `fid`, `job`, `address`, `city`, `country`, `phone`, `gid`, `mobile`, `nationalnumber`, `department`, `division`, `with_honor`) VALUES (239077, 2004, '23', '', '', '', '', '', '', '', '', 'الأقتصاد المنزلي ', '', '');
INSERT INTO `lk9v6_users` (`name`, `email`, `usertype`) VALUES ('ياسمين علي السيد علي ', '', 'الخريجين');
INSERT INTO `lk9v6_alumni_main` (`id`, `user_id`, `approved`) VALUES (239078, 239078, 1);
INSERT INTO `lk9v6_alumni_data` (`alumni_id`, `graduation_year`, `fid`, `job`, `address`, `city`, `country`, `phone`, `gid`, `mobile`, `nationalnumber`, `department`, `division`, `with_honor`) VALUES (239078, 2004, '23', '', '', '', '', '', '', '', '', 'الأقتصاد المنزلي ', '', '');
INSERT INTO `lk9v6_users` (`name`, `email`, `usertype`) VALUES ('بسمة يحي زكريا محمد ', '', 'الخريجين');
INSERT INTO `lk9v6_alumni_main` (`id`, `user_id`, `approved`) VALUES (239079, 239079, 1);
INSERT INTO `lk9v6_alumni_data` (`alumni_id`, `graduation_year`, `fid`, `job`, `address`, `city`, `country`, `phone`, `gid`, `mobile`, `nationalnumber`, `department`, `division`, `with_honor`) VALUES (239079, 2004, '23', '', '', '', '', '', '', '', '', 'الأقتصاد المنزلي ', '', '');
INSERT INTO `lk9v6_users` (`name`, `email`, `usertype`) VALUES ('أماني محمد عبد المنعم علام', '', 'الخريجين');
INSERT INTO `lk9v6_alumni_main` (`id`, `user_id`, `approved`) VALUES (239080, 239080, 1);
INSERT INTO `lk9v6_alumni_data` (`alumni_id`, `graduation_year`, `fid`, `job`, `address`, `city`, `country`, `phone`, `gid`, `mobile`, `nationalnumber`, `department`, `division`, `with_honor`) VALUES (239080, 2005, '23', '', '', '', '', '', '', '', '', 'الأقتصاد المنزلي ', '', '');
INSERT INTO `lk9v6_users` (`name`, `email`, `usertype`) VALUES ('أميرة صالح ابراهيم مبروك', '', 'الخريجين');
INSERT INTO `lk9v6_alumni_main` (`id`, `user_id`, `approved`) VALUES (239081, 239081, 1);
INSERT INTO `lk9v6_alumni_data` (`alumni_id`, `graduation_year`, `fid`, `job`, `address`, `city`, `country`, `phone`, `gid`, `mobile`, `nationalnumber`, `department`, `division`, `with_honor`) VALUES (239081, 2005, '23', '', '', '', '', '', '', '', '', 'الأقتصاد المنزلي ', '', '');
INSERT INTO `lk9v6_users` (`name`, `email`, `usertype`) VALUES ('ايمان صابر عبد العزيز غانم', '', 'الخريجين');
INSERT INTO `lk9v6_alumni_main` (`id`, `user_id`, `approved`) VALUES (239082, 239082, 1);
INSERT INTO `lk9v6_alumni_data` (`alumni_id`, `graduation_year`, `fid`, `job`, `address`, `city`, `country`, `phone`, `gid`, `mobile`, `nationalnumber`, `department`, `division`, `with_honor`) VALUES (239082, 2005, '23', '', '', '', '', '', '', '', '', 'الأقتصاد المنزلي ', '', '');
INSERT INTO `lk9v6_users` (`name`, `email`, `usertype`) VALUES ('صفاء السيد سعيد الشربيني ', '', 'الخريجين');
INSERT INTO `lk9v6_alumni_main` (`id`, `user_id`, `approved`) VALUES (239083, 239083, 1);
INSERT INTO `lk9v6_alumni_data` (`alumni_id`, `graduation_year`, `fid`, `job`, `address`, `city`, `country`, `phone`, `gid`, `mobile`, `nationalnumber`, `department`, `division`, `with_honor`) VALUES (239083, 2005, '23', '', '', '', '', '', '', '', '', 'الأقتصاد المنزلي ', '', '');
INSERT INTO `lk9v6_users` (`name`, `email`, `usertype`) VALUES ('علا أحمد حنيدق محمد حسن ', '', 'الخريجين');
INSERT INTO `lk9v6_alumni_main` (`id`, `user_id`, `approved`) VALUES (239084, 239084, 1);
INSERT INTO `lk9v6_alumni_data` (`alumni_id`, `graduation_year`, `fid`, `job`, `address`, `city`, `country`, `phone`, `gid`, `mobile`, `nationalnumber`, `department`, `division`, `with_honor`) VALUES (239084, 2005, '23', '', '', '', '', '', '', '', '', 'الأقتصاد المنزلي ', '', '');
INSERT INTO `lk9v6_users` (`name`, `email`, `usertype`) VALUES ('يثرب علي محمد مرسي حبيب', '', 'الخريجين');
INSERT INTO `lk9v6_alumni_main` (`id`, `user_id`, `approved`) VALUES (239085, 239085, 1);
INSERT INTO `lk9v6_alumni_data` (`alumni_id`, `graduation_year`, `fid`, `job`, `address`, `city`, `country`, `phone`, `gid`, `mobile`, `nationalnumber`, `department`, `division`, `with_honor`) VALUES (239085, 2005, '23', '', '', '', '', '', '', '', '', 'الأقتصاد المنزلي ', '', '');
INSERT INTO `lk9v6_users` (`name`, `email`, `usertype`) VALUES ('أمل محمد عبد الستار أحمد هيبة', '', 'الخريجين');
INSERT INTO `lk9v6_alumni_main` (`id`, `user_id`, `approved`) VALUES (239086, 239086, 1);
INSERT INTO `lk9v6_alumni_data` (`alumni_id`, `graduation_year`, `fid`, `job`, `address`, `city`, `country`, `phone`, `gid`, `mobile`, `nationalnumber`, `department`, `division`, `with_honor`) VALUES (239086, 2005, '23', '', '', '', '', '', '', '', '', 'الأقتصاد المنزلي ', '', '');
INSERT INTO `lk9v6_users` (`name`, `email`, `usertype`) VALUES ('أميرة انور عبد الغفار يوسف ', '', 'الخريجين');
INSERT INTO `lk9v6_alumni_main` (`id`, `user_id`, `approved`) VALUES (239087, 239087, 1);
INSERT INTO `lk9v6_alumni_data` (`alumni_id`, `graduation_year`, `fid`, `job`, `address`, `city`, `country`, `phone`, `gid`, `mobile`, `nationalnumber`, `department`, `division`, `with_honor`) VALUES (239087, 2005, '23', '', '', '', '', '', '', '', '', 'الأقتصاد المنزلي ', '', '');
INSERT INTO `lk9v6_users` (`name`, `email`, `usertype`) VALUES ('أميمة مسعد مهدي شلبي ', '', 'الخريجين');
INSERT INTO `lk9v6_alumni_main` (`id`, `user_id`, `approved`) VALUES (239088, 239088, 1);
INSERT INTO `lk9v6_alumni_data` (`alumni_id`, `graduation_year`, `fid`, `job`, `address`, `city`, `country`, `phone`, `gid`, `mobile`, `nationalnumber`, `department`, `division`, `with_honor`) VALUES (239088, 2005, '23', '', '', '', '', '', '', '', '', 'الأقتصاد المنزلي ', '', '');
INSERT INTO `lk9v6_users` (`name`, `email`, `usertype`) VALUES ('بسمة عبد التواب الكومي قطب ', '', 'الخريجين');
INSERT INTO `lk9v6_alumni_main` (`id`, `user_id`, `approved`) VALUES (239089, 239089, 1);
INSERT INTO `lk9v6_alumni_data` (`alumni_id`, `graduation_year`, `fid`, `job`, `address`, `city`, `country`, `phone`, `gid`, `mobile`, `nationalnumber`, `department`, `division`, `with_honor`) VALUES (239089, 2005, '23', '', '', '', '', '', '', '', '', 'الأقتصاد المنزلي ', '', '');
INSERT INTO `lk9v6_users` (`name`, `email`, `usertype`) VALUES ('داليا بسيوني محمد دليور ', '', 'الخريجين');
INSERT INTO `lk9v6_alumni_main` (`id`, `user_id`, `approved`) VALUES (239090, 239090, 1);
INSERT INTO `lk9v6_alumni_data` (`alumni_id`, `graduation_year`, `fid`, `job`, `address`, `city`, `country`, `phone`, `gid`, `mobile`, `nationalnumber`, `department`, `division`, `with_honor`) VALUES (239090, 2005, '23', '', '', '', '', '', '', '', '', 'الأقتصاد المنزلي ', '', '');
INSERT INTO `lk9v6_users` (`name`, `email`, `usertype`) VALUES ('ريهام حسن محمد حسن قنفود', '', 'الخريجين');
INSERT INTO `lk9v6_alumni_main` (`id`, `user_id`, `approved`) VALUES (239091, 239091, 1);
INSERT INTO `lk9v6_alumni_data` (`alumni_id`, `graduation_year`, `fid`, `job`, `address`, `city`, `country`, `phone`, `gid`, `mobile`, `nationalnumber`, `department`, `division`, `with_honor`) VALUES (239091, 2005, '23', '', '', '', '', '', '', '', '', 'الأقتصاد المنزلي ', '', '');
INSERT INTO `lk9v6_users` (`name`, `email`, `usertype`) VALUES ('سارة السيد محمود أحمد يونس ', '', 'الخريجين');
INSERT INTO `lk9v6_alumni_main` (`id`, `user_id`, `approved`) VALUES (239092, 239092, 1);
INSERT INTO `lk9v6_alumni_data` (`alumni_id`, `graduation_year`, `fid`, `job`, `address`, `city`, `country`, `phone`, `gid`, `mobile`, `nationalnumber`, `department`, `division`, `with_honor`) VALUES (239092, 2005, '23', '', '', '', '', '', '', '', '', 'الأقتصاد المنزلي ', '', '');
INSERT INTO `lk9v6_users` (`name`, `email`, `usertype`) VALUES ('سمر ابراهيم محمد برزان', '', 'الخريجين');
INSERT INTO `lk9v6_alumni_main` (`id`, `user_id`, `approved`) VALUES (239093, 239093, 1);
INSERT INTO `lk9v6_alumni_data` (`alumni_id`, `graduation_year`, `fid`, `job`, `address`, `city`, `country`, `phone`, `gid`, `mobile`, `nationalnumber`, `department`, `division`, `with_honor`) VALUES (239093, 2005, '23', '', '', '', '', '', '', '', '', 'الأقتصاد المنزلي ', '', '');
INSERT INTO `lk9v6_users` (`name`, `email`, `usertype`) VALUES ('سمية مصطفي كمال صابر ', '', 'الخريجين');
INSERT INTO `lk9v6_alumni_main` (`id`, `user_id`, `approved`) VALUES (239094, 239094, 1);
INSERT INTO `lk9v6_alumni_data` (`alumni_id`, `graduation_year`, `fid`, `job`, `address`, `city`, `country`, `phone`, `gid`, `mobile`, `nationalnumber`, `department`, `division`, `with_honor`) VALUES (239094, 2005, '23', '', '', '', '', '', '', '', '', 'الأقتصاد المنزلي ', '', '');
INSERT INTO `lk9v6_users` (`name`, `email`, `usertype`) VALUES ('صفاء أحمد عبد المنعم رضوان ', '', 'الخريجين');
INSERT INTO `lk9v6_alumni_main` (`id`, `user_id`, `approved`) VALUES (239095, 239095, 1);
INSERT INTO `lk9v6_alumni_data` (`alumni_id`, `graduation_year`, `fid`, `job`, `address`, `city`, `country`, `phone`, `gid`, `mobile`, `nationalnumber`, `department`, `division`, `with_honor`) VALUES (239095, 2005, '23', '', '', '', '', '', '', '', '', 'الأقتصاد المنزلي ', '', '');
INSERT INTO `lk9v6_users` (`name`, `email`, `usertype`) VALUES ('عفاف محمود رياض المأمور ', '', 'الخريجين');
INSERT INTO `lk9v6_alumni_main` (`id`, `user_id`, `approved`) VALUES (239096, 239096, 1);
INSERT INTO `lk9v6_alumni_data` (`alumni_id`, `graduation_year`, `fid`, `job`, `address`, `city`, `country`, `phone`, `gid`, `mobile`, `nationalnumber`, `department`, `division`, `with_honor`) VALUES (239096, 2005, '23', '', '', '', '', '', '', '', '', 'الأقتصاد المنزلي ', '', '');
INSERT INTO `lk9v6_users` (`name`, `email`, `usertype`) VALUES ('فيولا جرجس توفيق جرجس', '', 'الخريجين');
INSERT INTO `lk9v6_alumni_main` (`id`, `user_id`, `approved`) VALUES (239097, 239097, 1);
INSERT INTO `lk9v6_alumni_data` (`alumni_id`, `graduation_year`, `fid`, `job`, `address`, `city`, `country`, `phone`, `gid`, `mobile`, `nationalnumber`, `department`, `division`, `with_honor`) VALUES (239097, 2005, '23', '', '', '', '', '', '', '', '', 'الأقتصاد المنزلي ', '', '');
INSERT INTO `lk9v6_users` (`name`, `email`, `usertype`) VALUES ('مروة محمد عبد العليم عبد المعز', '', 'الخريجين');
INSERT INTO `lk9v6_alumni_main` (`id`, `user_id`, `approved`) VALUES (239098, 239098, 1);
INSERT INTO `lk9v6_alumni_data` (`alumni_id`, `graduation_year`, `fid`, `job`, `address`, `city`, `country`, `phone`, `gid`, `mobile`, `nationalnumber`, `department`, `division`, `with_honor`) VALUES (239098, 2005, '23', '', '', '', '', '', '', '', '', 'الأقتصاد المنزلي ', '', '');
INSERT INTO `lk9v6_users` (`name`, `email`, `usertype`) VALUES ('مريم عبد الله عبد الحميد مصطفي ', '', 'الخريجين');
INSERT INTO `lk9v6_alumni_main` (`id`, `user_id`, `approved`) VALUES (239099, 239099, 1);
INSERT INTO `lk9v6_alumni_data` (`alumni_id`, `graduation_year`, `fid`, `job`, `address`, `city`, `country`, `phone`, `gid`, `mobile`, `nationalnumber`, `department`, `division`, `with_honor`) VALUES (239099, 2005, '23', '', '', '', '', '', '', '', '', 'الأقتصاد المنزلي ', '', '');
INSERT INTO `lk9v6_users` (`name`, `email`, `usertype`) VALUES ('منيرة لمعي اسكندر جرجس', '', 'الخريجين');
INSERT INTO `lk9v6_alumni_main` (`id`, `user_id`, `approved`) VALUES (239100, 239100, 1);
INSERT INTO `lk9v6_alumni_data` (`alumni_id`, `graduation_year`, `fid`, `job`, `address`, `city`, `country`, `phone`, `gid`, `mobile`, `nationalnumber`, `department`, `division`, `with_honor`) VALUES (239100, 2005, '23', '', '', '', '', '', '', '', '', 'الأقتصاد المنزلي ', '', '');
INSERT INTO `lk9v6_users` (`name`, `email`, `usertype`) VALUES ('نجلاء حسين محمد محمد النشرتي ', '', 'الخريجين');
INSERT INTO `lk9v6_alumni_main` (`id`, `user_id`, `approved`) VALUES (239101, 239101, 1);
INSERT INTO `lk9v6_alumni_data` (`alumni_id`, `graduation_year`, `fid`, `job`, `address`, `city`, `country`, `phone`, `gid`, `mobile`, `nationalnumber`, `department`, `division`, `with_honor`) VALUES (239101, 2005, '23', '', '', '', '', '', '', '', '', 'الأقتصاد المنزلي ', '', '');
INSERT INTO `lk9v6_users` (`name`, `email`, `usertype`) VALUES ('نرمين سعيد علي البيلي', '', 'الخريجين');
INSERT INTO `lk9v6_alumni_main` (`id`, `user_id`, `approved`) VALUES (239102, 239102, 1);
INSERT INTO `lk9v6_alumni_data` (`alumni_id`, `graduation_year`, `fid`, `job`, `address`, `city`, `country`, `phone`, `gid`, `mobile`, `nationalnumber`, `department`, `division`, `with_honor`) VALUES (239102, 2005, '23', '', '', '', '', '', '', '', '', 'الأقتصاد المنزلي ', '', '');
INSERT INTO `lk9v6_users` (`name`, `email`, `usertype`) VALUES ('نسمة محمد حسين محمد محمد', '', 'الخريجين');
INSERT INTO `lk9v6_alumni_main` (`id`, `user_id`, `approved`) VALUES (239103, 239103, 1);
INSERT INTO `lk9v6_alumni_data` (`alumni_id`, `graduation_year`, `fid`, `job`, `address`, `city`, `country`, `phone`, `gid`, `mobile`, `nationalnumber`, `department`, `division`, `with_honor`) VALUES (239103, 2005, '23', '', '', '', '', '', '', '', '', 'الأقتصاد المنزلي ', '', '');
INSERT INTO `lk9v6_users` (`name`, `email`, `usertype`) VALUES ('هبة محمد علي محمد عمارة', '', 'الخريجين');
INSERT INTO `lk9v6_alumni_main` (`id`, `user_id`, `approved`) VALUES (239104, 239104, 1);
INSERT INTO `lk9v6_alumni_data` (`alumni_id`, `graduation_year`, `fid`, `job`, `address`, `city`, `country`, `phone`, `gid`, `mobile`, `nationalnumber`, `department`, `division`, `with_honor`) VALUES (239104, 2005, '23', '', '', '', '', '', '', '', '', 'الأقتصاد المنزلي ', '', '');
INSERT INTO `lk9v6_users` (`name`, `email`, `usertype`) VALUES ('هدي عبد النبي عباس محمد', '', 'الخريجين');
INSERT INTO `lk9v6_alumni_main` (`id`, `user_id`, `approved`) VALUES (239105, 239105, 1);
INSERT INTO `lk9v6_alumni_data` (`alumni_id`, `graduation_year`, `fid`, `job`, `address`, `city`, `country`, `phone`, `gid`, `mobile`, `nationalnumber`, `department`, `division`, `with_honor`) VALUES (239105, 2005, '23', '', '', '', '', '', '', '', '', 'الأقتصاد المنزلي ', '', '');
INSERT INTO `lk9v6_users` (`name`, `email`, `usertype`) VALUES ('هناء مصطفي عبد الحميد مرعي ', '', 'الخريجين');
INSERT INTO `lk9v6_alumni_main` (`id`, `user_id`, `approved`) VALUES (239106, 239106, 1);
INSERT INTO `lk9v6_alumni_data` (`alumni_id`, `graduation_year`, `fid`, `job`, `address`, `city`, `country`, `phone`, `gid`, `mobile`, `nationalnumber`, `department`, `division`, `with_honor`) VALUES (239106, 2005, '23', '', '', '', '', '', '', '', '', 'الأقتصاد المنزلي ', '', '');
INSERT INTO `lk9v6_users` (`name`, `email`, `usertype`) VALUES ('أسماء عبد الحفيظ عبد العزيز محمد الميت', '', 'الخريجين');
INSERT INTO `lk9v6_alumni_main` (`id`, `user_id`, `approved`) VALUES (239107, 239107, 1);
INSERT INTO `lk9v6_alumni_data` (`alumni_id`, `graduation_year`, `fid`, `job`, `address`, `city`, `country`, `phone`, `gid`, `mobile`, `nationalnumber`, `department`, `division`, `with_honor`) VALUES (239107, 2005, '23', '', '', '', '', '', '', '', '', 'الأقتصاد المنزلي ', '', '');
INSERT INTO `lk9v6_users` (`name`, `email`, `usertype`) VALUES ('اسماء محمد ابراهيم علي ', '', 'الخريجين');
INSERT INTO `lk9v6_alumni_main` (`id`, `user_id`, `approved`) VALUES (239108, 239108, 1);
INSERT INTO `lk9v6_alumni_data` (`alumni_id`, `graduation_year`, `fid`, `job`, `address`, `city`, `country`, `phone`, `gid`, `mobile`, `nationalnumber`, `department`, `division`, `with_honor`) VALUES (239108, 2005, '23', '', '', '', '', '', '', '', '', 'الأقتصاد المنزلي ', '', '');
INSERT INTO `lk9v6_users` (`name`, `email`, `usertype`) VALUES ('اميرة بدوي محمد عطية شلبي ', '', 'الخريجين');
INSERT INTO `lk9v6_alumni_main` (`id`, `user_id`, `approved`) VALUES (239109, 239109, 1);
INSERT INTO `lk9v6_alumni_data` (`alumni_id`, `graduation_year`, `fid`, `job`, `address`, `city`, `country`, `phone`, `gid`, `mobile`, `nationalnumber`, `department`, `division`, `with_honor`) VALUES (239109, 2005, '23', '', '', '', '', '', '', '', '', 'الأقتصاد المنزلي ', '', '');
INSERT INTO `lk9v6_users` (`name`, `email`, `usertype`) VALUES ('اميرة محمد محمد السقا', '', 'الخريجين');
INSERT INTO `lk9v6_alumni_main` (`id`, `user_id`, `approved`) VALUES (239110, 239110, 1);
INSERT INTO `lk9v6_alumni_data` (`alumni_id`, `graduation_year`, `fid`, `job`, `address`, `city`, `country`, `phone`, `gid`, `mobile`, `nationalnumber`, `department`, `division`, `with_honor`) VALUES (239110, 2005, '23', '', '', '', '', '', '', '', '', 'الأقتصاد المنزلي ', '', '');
INSERT INTO `lk9v6_users` (`name`, `email`, `usertype`) VALUES ('ايثار خلف ابراهيم درويش ', '', 'الخريجين');
INSERT INTO `lk9v6_alumni_main` (`id`, `user_id`, `approved`) VALUES (239111, 239111, 1);
INSERT INTO `lk9v6_alumni_data` (`alumni_id`, `graduation_year`, `fid`, `job`, `address`, `city`, `country`, `phone`, `gid`, `mobile`, `nationalnumber`, `department`, `division`, `with_honor`) VALUES (239111, 2005, '23', '', '', '', '', '', '', '', '', 'الأقتصاد المنزلي ', '', '');
INSERT INTO `lk9v6_users` (`name`, `email`, `usertype`) VALUES ('بسمة محمد صلاح كامل فراج', '', 'الخريجين');
INSERT INTO `lk9v6_alumni_main` (`id`, `user_id`, `approved`) VALUES (239112, 239112, 1);
INSERT INTO `lk9v6_alumni_data` (`alumni_id`, `graduation_year`, `fid`, `job`, `address`, `city`, `country`, `phone`, `gid`, `mobile`, `nationalnumber`, `department`, `division`, `with_honor`) VALUES (239112, 2005, '23', '', '', '', '', '', '', '', '', 'الأقتصاد المنزلي ', '', '');
INSERT INTO `lk9v6_users` (`name`, `email`, `usertype`) VALUES ('دعاء السيد حامد متولي ', '', 'الخريجين');
INSERT INTO `lk9v6_alumni_main` (`id`, `user_id`, `approved`) VALUES (239113, 239113, 1);
INSERT INTO `lk9v6_alumni_data` (`alumni_id`, `graduation_year`, `fid`, `job`, `address`, `city`, `country`, `phone`, `gid`, `mobile`, `nationalnumber`, `department`, `division`, `with_honor`) VALUES (239113, 2005, '23', '', '', '', '', '', '', '', '', 'الأقتصاد المنزلي ', '', '');
INSERT INTO `lk9v6_users` (`name`, `email`, `usertype`) VALUES ('دولت دغش حسن يقطين', '', 'الخريجين');
INSERT INTO `lk9v6_alumni_main` (`id`, `user_id`, `approved`) VALUES (239114, 239114, 1);
INSERT INTO `lk9v6_alumni_data` (`alumni_id`, `graduation_year`, `fid`, `job`, `address`, `city`, `country`, `phone`, `gid`, `mobile`, `nationalnumber`, `department`, `division`, `with_honor`) VALUES (239114, 2005, '23', '', '', '', '', '', '', '', '', 'الأقتصاد المنزلي ', '', '');
INSERT INTO `lk9v6_users` (`name`, `email`, `usertype`) VALUES ('روحية حمدي عبد الفتاح داود', '', 'الخريجين');
INSERT INTO `lk9v6_alumni_main` (`id`, `user_id`, `approved`) VALUES (239115, 239115, 1);
INSERT INTO `lk9v6_alumni_data` (`alumni_id`, `graduation_year`, `fid`, `job`, `address`, `city`, `country`, `phone`, `gid`, `mobile`, `nationalnumber`, `department`, `division`, `with_honor`) VALUES (239115, 2005, '23', '', '', '', '', '', '', '', '', 'الأقتصاد المنزلي ', '', '');
INSERT INTO `lk9v6_users` (`name`, `email`, `usertype`) VALUES ('ريهام مصطفي عبد اللطيف عيسي ', '', 'الخريجين');
INSERT INTO `lk9v6_alumni_main` (`id`, `user_id`, `approved`) VALUES (239116, 239116, 1);
INSERT INTO `lk9v6_alumni_data` (`alumni_id`, `graduation_year`, `fid`, `job`, `address`, `city`, `country`, `phone`, `gid`, `mobile`, `nationalnumber`, `department`, `division`, `with_honor`) VALUES (239116, 2005, '23', '', '', '', '', '', '', '', '', 'الأقتصاد المنزلي ', '', '');
INSERT INTO `lk9v6_users` (`name`, `email`, `usertype`) VALUES ('سمية محمود عبد الفتاح عثمان', '', 'الخريجين');
INSERT INTO `lk9v6_alumni_main` (`id`, `user_id`, `approved`) VALUES (239117, 239117, 1);
INSERT INTO `lk9v6_alumni_data` (`alumni_id`, `graduation_year`, `fid`, `job`, `address`, `city`, `country`, `phone`, `gid`, `mobile`, `nationalnumber`, `department`, `division`, `with_honor`) VALUES (239117, 2005, '23', '', '', '', '', '', '', '', '', 'الأقتصاد المنزلي ', '', '');
INSERT INTO `lk9v6_users` (`name`, `email`, `usertype`) VALUES ('سندس حلمي محمد محمد الشيخ', '', 'الخريجين');
INSERT INTO `lk9v6_alumni_main` (`id`, `user_id`, `approved`) VALUES (239118, 239118, 1);
INSERT INTO `lk9v6_alumni_data` (`alumni_id`, `graduation_year`, `fid`, `job`, `address`, `city`, `country`, `phone`, `gid`, `mobile`, `nationalnumber`, `department`, `division`, `with_honor`) VALUES (239118, 2005, '23', '', '', '', '', '', '', '', '', 'الأقتصاد المنزلي ', '', '');
INSERT INTO `lk9v6_users` (`name`, `email`, `usertype`) VALUES ('شيرين عبد الجواد جابر السيد', '', 'الخريجين');
INSERT INTO `lk9v6_alumni_main` (`id`, `user_id`, `approved`) VALUES (239119, 239119, 1);
INSERT INTO `lk9v6_alumni_data` (`alumni_id`, `graduation_year`, `fid`, `job`, `address`, `city`, `country`, `phone`, `gid`, `mobile`, `nationalnumber`, `department`, `division`, `with_honor`) VALUES (239119, 2005, '23', '', '', '', '', '', '', '', '', 'الأقتصاد المنزلي ', '', '');
INSERT INTO `lk9v6_users` (`name`, `email`, `usertype`) VALUES ('شيماء شعبان عبد الله شعبان', '', 'الخريجين');
INSERT INTO `lk9v6_alumni_main` (`id`, `user_id`, `approved`) VALUES (239120, 239120, 1);
INSERT INTO `lk9v6_alumni_data` (`alumni_id`, `graduation_year`, `fid`, `job`, `address`, `city`, `country`, `phone`, `gid`, `mobile`, `nationalnumber`, `department`, `division`, `with_honor`) VALUES (239120, 2005, '23', '', '', '', '', '', '', '', '', 'الأقتصاد المنزلي ', '', '');
INSERT INTO `lk9v6_users` (`name`, `email`, `usertype`) VALUES ('شيماء محمد يمني عثمان', '', 'الخريجين');
INSERT INTO `lk9v6_alumni_main` (`id`, `user_id`, `approved`) VALUES (239121, 239121, 1);
INSERT INTO `lk9v6_alumni_data` (`alumni_id`, `graduation_year`, `fid`, `job`, `address`, `city`, `country`, `phone`, `gid`, `mobile`, `nationalnumber`, `department`, `division`, `with_honor`) VALUES (239121, 2005, '23', '', '', '', '', '', '', '', '', 'الأقتصاد المنزلي ', '', '');
INSERT INTO `lk9v6_users` (`name`, `email`, `usertype`) VALUES ('شيماء نبوي محمد حسن علي ', '', 'الخريجين');
INSERT INTO `lk9v6_alumni_main` (`id`, `user_id`, `approved`) VALUES (239122, 239122, 1);
INSERT INTO `lk9v6_alumni_data` (`alumni_id`, `graduation_year`, `fid`, `job`, `address`, `city`, `country`, `phone`, `gid`, `mobile`, `nationalnumber`, `department`, `division`, `with_honor`) VALUES (239122, 2005, '23', '', '', '', '', '', '', '', '', 'الأقتصاد المنزلي ', '', '');
INSERT INTO `lk9v6_users` (`name`, `email`, `usertype`) VALUES ('فاطمة محمد سعيد عبد الحميد محمد محمد ', '', 'الخريجين');
INSERT INTO `lk9v6_alumni_main` (`id`, `user_id`, `approved`) VALUES (239123, 239123, 1);
INSERT INTO `lk9v6_alumni_data` (`alumni_id`, `graduation_year`, `fid`, `job`, `address`, `city`, `country`, `phone`, `gid`, `mobile`, `nationalnumber`, `department`, `division`, `with_honor`) VALUES (239123, 2005, '23', '', '', '', '', '', '', '', '', 'الأقتصاد المنزلي ', '', '');
INSERT INTO `lk9v6_users` (`name`, `email`, `usertype`) VALUES ('فتحية محمد محمود محمد زغلول', '', 'الخريجين');
INSERT INTO `lk9v6_alumni_main` (`id`, `user_id`, `approved`) VALUES (239124, 239124, 1);
INSERT INTO `lk9v6_alumni_data` (`alumni_id`, `graduation_year`, `fid`, `job`, `address`, `city`, `country`, `phone`, `gid`, `mobile`, `nationalnumber`, `department`, `division`, `with_honor`) VALUES (239124, 2005, '23', '', '', '', '', '', '', '', '', 'الأقتصاد المنزلي ', '', '');
INSERT INTO `lk9v6_users` (`name`, `email`, `usertype`) VALUES ('لمياء تاج الدين محمد ابراهيم أبو الحاج', '', 'الخريجين');
INSERT INTO `lk9v6_alumni_main` (`id`, `user_id`, `approved`) VALUES (239125, 239125, 1);
INSERT INTO `lk9v6_alumni_data` (`alumni_id`, `graduation_year`, `fid`, `job`, `address`, `city`, `country`, `phone`, `gid`, `mobile`, `nationalnumber`, `department`, `division`, `with_honor`) VALUES (239125, 2005, '23', '', '', '', '', '', '', '', '', 'الأقتصاد المنزلي ', '', '');
INSERT INTO `lk9v6_users` (`name`, `email`, `usertype`) VALUES ('لمياء محمود مصطفي حنيدق', '', 'الخريجين');
INSERT INTO `lk9v6_alumni_main` (`id`, `user_id`, `approved`) VALUES (239126, 239126, 1);
INSERT INTO `lk9v6_alumni_data` (`alumni_id`, `graduation_year`, `fid`, `job`, `address`, `city`, `country`, `phone`, `gid`, `mobile`, `nationalnumber`, `department`, `division`, `with_honor`) VALUES (239126, 2005, '23', '', '', '', '', '', '', '', '', 'الأقتصاد المنزلي ', '', '');
INSERT INTO `lk9v6_users` (`name`, `email`, `usertype`) VALUES ('ليلي محمد علي حسن أحمد', '', 'الخريجين');
INSERT INTO `lk9v6_alumni_main` (`id`, `user_id`, `approved`) VALUES (239127, 239127, 1);
INSERT INTO `lk9v6_alumni_data` (`alumni_id`, `graduation_year`, `fid`, `job`, `address`, `city`, `country`, `phone`, `gid`, `mobile`, `nationalnumber`, `department`, `division`, `with_honor`) VALUES (239127, 2005, '23', '', '', '', '', '', '', '', '', 'الأقتصاد المنزلي ', '', '');
INSERT INTO `lk9v6_users` (`name`, `email`, `usertype`) VALUES ('ماري عزمي حبيب توفيق', '', 'الخريجين');
INSERT INTO `lk9v6_alumni_main` (`id`, `user_id`, `approved`) VALUES (239128, 239128, 1);
INSERT INTO `lk9v6_alumni_data` (`alumni_id`, `graduation_year`, `fid`, `job`, `address`, `city`, `country`, `phone`, `gid`, `mobile`, `nationalnumber`, `department`, `division`, `with_honor`) VALUES (239128, 2005, '23', '', '', '', '', '', '', '', '', 'الأقتصاد المنزلي ', '', '');
INSERT INTO `lk9v6_users` (`name`, `email`, `usertype`) VALUES ('مروة محمد رفعت محمد غزال ', '', 'الخريجين');
INSERT INTO `lk9v6_alumni_main` (`id`, `user_id`, `approved`) VALUES (239129, 239129, 1);
INSERT INTO `lk9v6_alumni_data` (`alumni_id`, `graduation_year`, `fid`, `job`, `address`, `city`, `country`, `phone`, `gid`, `mobile`, `nationalnumber`, `department`, `division`, `with_honor`) VALUES (239129, 2005, '23', '', '', '', '', '', '', '', '', 'الأقتصاد المنزلي ', '', '');
INSERT INTO `lk9v6_users` (`name`, `email`, `usertype`) VALUES ('مروة محمد صبري محمد مؤمن', '', 'الخريجين');
INSERT INTO `lk9v6_alumni_main` (`id`, `user_id`, `approved`) VALUES (239130, 239130, 1);
INSERT INTO `lk9v6_alumni_data` (`alumni_id`, `graduation_year`, `fid`, `job`, `address`, `city`, `country`, `phone`, `gid`, `mobile`, `nationalnumber`, `department`, `division`, `with_honor`) VALUES (239130, 2005, '23', '', '', '', '', '', '', '', '', 'الأقتصاد المنزلي ', '', '');
INSERT INTO `lk9v6_users` (`name`, `email`, `usertype`) VALUES ('مروة وجيه عبد الفتاح أحمد ', '', 'الخريجين');
INSERT INTO `lk9v6_alumni_main` (`id`, `user_id`, `approved`) VALUES (239131, 239131, 1);
INSERT INTO `lk9v6_alumni_data` (`alumni_id`, `graduation_year`, `fid`, `job`, `address`, `city`, `country`, `phone`, `gid`, `mobile`, `nationalnumber`, `department`, `division`, `with_honor`) VALUES (239131, 2005, '23', '', '', '', '', '', '', '', '', 'الأقتصاد المنزلي ', '', '');
INSERT INTO `lk9v6_users` (`name`, `email`, `usertype`) VALUES ('مريم مصطفي محمد كمال محمد يوسف', '', 'الخريجين');
INSERT INTO `lk9v6_alumni_main` (`id`, `user_id`, `approved`) VALUES (239132, 239132, 1);
INSERT INTO `lk9v6_alumni_data` (`alumni_id`, `graduation_year`, `fid`, `job`, `address`, `city`, `country`, `phone`, `gid`, `mobile`, `nationalnumber`, `department`, `division`, `with_honor`) VALUES (239132, 2005, '23', '', '', '', '', '', '', '', '', 'الأقتصاد المنزلي ', '', '');
INSERT INTO `lk9v6_users` (`name`, `email`, `usertype`) VALUES ('مني عبد الخالق رمضان عبد الخالق ', '', 'الخريجين');
INSERT INTO `lk9v6_alumni_main` (`id`, `user_id`, `approved`) VALUES (239133, 239133, 1);
INSERT INTO `lk9v6_alumni_data` (`alumni_id`, `graduation_year`, `fid`, `job`, `address`, `city`, `country`, `phone`, `gid`, `mobile`, `nationalnumber`, `department`, `division`, `with_honor`) VALUES (239133, 2005, '23', '', '', '', '', '', '', '', '', 'الأقتصاد المنزلي ', '', '');
INSERT INTO `lk9v6_users` (`name`, `email`, `usertype`) VALUES ('مها محمد أحمد السيد السقا', '', 'الخريجين');
INSERT INTO `lk9v6_alumni_main` (`id`, `user_id`, `approved`) VALUES (239134, 239134, 1);
INSERT INTO `lk9v6_alumni_data` (`alumni_id`, `graduation_year`, `fid`, `job`, `address`, `city`, `country`, `phone`, `gid`, `mobile`, `nationalnumber`, `department`, `division`, `with_honor`) VALUES (239134, 2005, '23', '', '', '', '', '', '', '', '', 'الأقتصاد المنزلي ', '', '');
INSERT INTO `lk9v6_users` (`name`, `email`, `usertype`) VALUES ('مي أنسان سعد عبد الغفار خليل', '', 'الخريجين');
INSERT INTO `lk9v6_alumni_main` (`id`, `user_id`, `approved`) VALUES (239135, 239135, 1);
INSERT INTO `lk9v6_alumni_data` (`alumni_id`, `graduation_year`, `fid`, `job`, `address`, `city`, `country`, `phone`, `gid`, `mobile`, `nationalnumber`, `department`, `division`, `with_honor`) VALUES (239135, 2005, '23', '', '', '', '', '', '', '', '', 'الأقتصاد المنزلي ', '', '');
INSERT INTO `lk9v6_users` (`name`, `email`, `usertype`) VALUES ('نجوي كمال محمد محمد حربي ', '', 'الخريجين');
INSERT INTO `lk9v6_alumni_main` (`id`, `user_id`, `approved`) VALUES (239136, 239136, 1);
INSERT INTO `lk9v6_alumni_data` (`alumni_id`, `graduation_year`, `fid`, `job`, `address`, `city`, `country`, `phone`, `gid`, `mobile`, `nationalnumber`, `department`, `division`, `with_honor`) VALUES (239136, 2005, '23', '', '', '', '', '', '', '', '', 'الأقتصاد المنزلي ', '', '');
INSERT INTO `lk9v6_users` (`name`, `email`, `usertype`) VALUES ('نهي ابراهيم محمد علي الشامي', '', 'الخريجين');
INSERT INTO `lk9v6_alumni_main` (`id`, `user_id`, `approved`) VALUES (239137, 239137, 1);
INSERT INTO `lk9v6_alumni_data` (`alumni_id`, `graduation_year`, `fid`, `job`, `address`, `city`, `country`, `phone`, `gid`, `mobile`, `nationalnumber`, `department`, `division`, `with_honor`) VALUES (239137, 2005, '23', '', '', '', '', '', '', '', '', 'الأقتصاد المنزلي ', '', '');
INSERT INTO `lk9v6_users` (`name`, `email`, `usertype`) VALUES ('هبة حسن علي فودة', '', 'الخريجين');
INSERT INTO `lk9v6_alumni_main` (`id`, `user_id`, `approved`) VALUES (239138, 239138, 1);
INSERT INTO `lk9v6_alumni_data` (`alumni_id`, `graduation_year`, `fid`, `job`, `address`, `city`, `country`, `phone`, `gid`, `mobile`, `nationalnumber`, `department`, `division`, `with_honor`) VALUES (239138, 2005, '23', '', '', '', '', '', '', '', '', 'الأقتصاد المنزلي ', '', '');
INSERT INTO `lk9v6_users` (`name`, `email`, `usertype`) VALUES ('هبة عز الدين علي أحد فليفل ', '', 'الخريجين');
INSERT INTO `lk9v6_alumni_main` (`id`, `user_id`, `approved`) VALUES (239139, 239139, 1);
INSERT INTO `lk9v6_alumni_data` (`alumni_id`, `graduation_year`, `fid`, `job`, `address`, `city`, `country`, `phone`, `gid`, `mobile`, `nationalnumber`, `department`, `division`, `with_honor`) VALUES (239139, 2005, '23', '', '', '', '', '', '', '', '', 'الأقتصاد المنزلي ', '', '');
INSERT INTO `lk9v6_users` (`name`, `email`, `usertype`) VALUES ('وفاء محمد بسيوني مبروك عمر ', '', 'الخريجين');
INSERT INTO `lk9v6_alumni_main` (`id`, `user_id`, `approved`) VALUES (239140, 239140, 1);
INSERT INTO `lk9v6_alumni_data` (`alumni_id`, `graduation_year`, `fid`, `job`, `address`, `city`, `country`, `phone`, `gid`, `mobile`, `nationalnumber`, `department`, `division`, `with_honor`) VALUES (239140, 2005, '23', '', '', '', '', '', '', '', '', 'الأقتصاد المنزلي ', '', '');
INSERT INTO `lk9v6_users` (`name`, `email`, `usertype`) VALUES ('سهام محمد علي أبو قرن', '', 'الخريجين');
INSERT INTO `lk9v6_alumni_main` (`id`, `user_id`, `approved`) VALUES (239141, 239141, 1);
INSERT INTO `lk9v6_alumni_data` (`alumni_id`, `graduation_year`, `fid`, `job`, `address`, `city`, `country`, `phone`, `gid`, `mobile`, `nationalnumber`, `department`, `division`, `with_honor`) VALUES (239141, 2005, '23', '', '', '', '', '', '', '', '', 'الأقتصاد المنزلي ', '', '');
INSERT INTO `lk9v6_users` (`name`, `email`, `usertype`) VALUES ('هبة الله حسن حسين حسن ', '', 'الخريجين');
INSERT INTO `lk9v6_alumni_main` (`id`, `user_id`, `approved`) VALUES (239142, 239142, 1);
INSERT INTO `lk9v6_alumni_data` (`alumni_id`, `graduation_year`, `fid`, `job`, `address`, `city`, `country`, `phone`, `gid`, `mobile`, `nationalnumber`, `department`, `division`, `with_honor`) VALUES (239142, 2005, '23', '', '', '', '', '', '', '', '', 'الأقتصاد المنزلي ', '', '');
INSERT INTO `lk9v6_users` (`name`, `email`, `usertype`) VALUES ('دينا صلاح محمد سيد أحمد', '', 'الخريجين');
INSERT INTO `lk9v6_alumni_main` (`id`, `user_id`, `approved`) VALUES (239143, 239143, 1);
INSERT INTO `lk9v6_alumni_data` (`alumni_id`, `graduation_year`, `fid`, `job`, `address`, `city`, `country`, `phone`, `gid`, `mobile`, `nationalnumber`, `department`, `division`, `with_honor`) VALUES (239143, 2005, '23', '', '', '', '', '', '', '', '', 'التربية الفنية', '', '');
INSERT INTO `lk9v6_users` (`name`, `email`, `usertype`) VALUES ('روضة صلاح الدين فتوح رمضان', '', 'الخريجين');
INSERT INTO `lk9v6_alumni_main` (`id`, `user_id`, `approved`) VALUES (239144, 239144, 1);
INSERT INTO `lk9v6_alumni_data` (`alumni_id`, `graduation_year`, `fid`, `job`, `address`, `city`, `country`, `phone`, `gid`, `mobile`, `nationalnumber`, `department`, `division`, `with_honor`) VALUES (239144, 2005, '23', '', '', '', '', '', '', '', '', 'التربية الفنية ', '', '');
INSERT INTO `lk9v6_users` (`name`, `email`, `usertype`) VALUES ('نهي علي شمس الدين علي عرفة', '', 'الخريجين');
INSERT INTO `lk9v6_alumni_main` (`id`, `user_id`, `approved`) VALUES (239145, 239145, 1);
INSERT INTO `lk9v6_alumni_data` (`alumni_id`, `graduation_year`, `fid`, `job`, `address`, `city`, `country`, `phone`, `gid`, `mobile`, `nationalnumber`, `department`, `division`, `with_honor`) VALUES (239145, 2005, '23', '', '', '', '', '', '', '', '', 'التربية الفنية ', '', '');
INSERT INTO `lk9v6_users` (`name`, `email`, `usertype`) VALUES ('أسماء محمد ابراهيم محمد أحمد', '', 'الخريجين');
INSERT INTO `lk9v6_alumni_main` (`id`, `user_id`, `approved`) VALUES (239146, 239146, 1);
INSERT INTO `lk9v6_alumni_data` (`alumni_id`, `graduation_year`, `fid`, `job`, `address`, `city`, `country`, `phone`, `gid`, `mobile`, `nationalnumber`, `department`, `division`, `with_honor`) VALUES (239146, 2005, '23', '', '', '', '', '', '', '', '', 'التربية الفنية ', '', '');
INSERT INTO `lk9v6_users` (`name`, `email`, `usertype`) VALUES ('أميرة أسماعيل سليمان اسماعيل سليمان', '', 'الخريجين');
INSERT INTO `lk9v6_alumni_main` (`id`, `user_id`, `approved`) VALUES (239147, 239147, 1);
INSERT INTO `lk9v6_alumni_data` (`alumni_id`, `graduation_year`, `fid`, `job`, `address`, `city`, `country`, `phone`, `gid`, `mobile`, `nationalnumber`, `department`, `division`, `with_honor`) VALUES (239147, 2005, '23', '', '', '', '', '', '', '', '', 'التربية الفنية ', '', '');
INSERT INTO `lk9v6_users` (`name`, `email`, `usertype`) VALUES ('عزة علي يوسف متولي ', '', 'الخريجين');
INSERT INTO `lk9v6_alumni_main` (`id`, `user_id`, `approved`) VALUES (239148, 239148, 1);
INSERT INTO `lk9v6_alumni_data` (`alumni_id`, `graduation_year`, `fid`, `job`, `address`, `city`, `country`, `phone`, `gid`, `mobile`, `nationalnumber`, `department`, `division`, `with_honor`) VALUES (239148, 2005, '23', '', '', '', '', '', '', '', '', 'التربية الفنية ', '', '');
INSERT INTO `lk9v6_users` (`name`, `email`, `usertype`) VALUES ('مارلين عزمي توفيق رزق الله', '', 'الخريجين');
INSERT INTO `lk9v6_alumni_main` (`id`, `user_id`, `approved`) VALUES (239149, 239149, 1);
INSERT INTO `lk9v6_alumni_data` (`alumni_id`, `graduation_year`, `fid`, `job`, `address`, `city`, `country`, `phone`, `gid`, `mobile`, `nationalnumber`, `department`, `division`, `with_honor`) VALUES (239149, 2005, '23', '', '', '', '', '', '', '', '', 'التربية الفنية ', '', '');
INSERT INTO `lk9v6_users` (`name`, `email`, `usertype`) VALUES ('محمد مسعد مرسي ولي الدين', '', 'الخريجين');
INSERT INTO `lk9v6_alumni_main` (`id`, `user_id`, `approved`) VALUES (239150, 239150, 1);
INSERT INTO `lk9v6_alumni_data` (`alumni_id`, `graduation_year`, `fid`, `job`, `address`, `city`, `country`, `phone`, `gid`, `mobile`, `nationalnumber`, `department`, `division`, `with_honor`) VALUES (239150, 2005, '23', '', '', '', '', '', '', '', '', 'التربية الفنية ', '', '');
INSERT INTO `lk9v6_users` (`name`, `email`, `usertype`) VALUES ('محمود مصطفي السيد محمد متولي ', '', 'الخريجين');
INSERT INTO `lk9v6_alumni_main` (`id`, `user_id`, `approved`) VALUES (239151, 239151, 1);
INSERT INTO `lk9v6_alumni_data` (`alumni_id`, `graduation_year`, `fid`, `job`, `address`, `city`, `country`, `phone`, `gid`, `mobile`, `nationalnumber`, `department`, `division`, `with_honor`) VALUES (239151, 2005, '23', '', '', '', '', '', '', '', '', 'التربية الفنية ', '', '');
INSERT INTO `lk9v6_users` (`name`, `email`, `usertype`) VALUES ('مروة عبد العظيم فرج فرج عبد الله', '', 'الخريجين');
INSERT INTO `lk9v6_alumni_main` (`id`, `user_id`, `approved`) VALUES (239152, 239152, 1);
INSERT INTO `lk9v6_alumni_data` (`alumni_id`, `graduation_year`, `fid`, `job`, `address`, `city`, `country`, `phone`, `gid`, `mobile`, `nationalnumber`, `department`, `division`, `with_honor`) VALUES (239152, 2005, '23', '', '', '', '', '', '', '', '', 'التربية الفنية ', '', '');
INSERT INTO `lk9v6_users` (`name`, `email`, `usertype`) VALUES ('نجوي ابراهيم محمد محمد على', '', 'الخريجين');
INSERT INTO `lk9v6_alumni_main` (`id`, `user_id`, `approved`) VALUES (239153, 239153, 1);
INSERT INTO `lk9v6_alumni_data` (`alumni_id`, `graduation_year`, `fid`, `job`, `address`, `city`, `country`, `phone`, `gid`, `mobile`, `nationalnumber`, `department`, `division`, `with_honor`) VALUES (239153, 2005, '23', '', '', '', '', '', '', '', '', 'التربية الفنية ', '', '');
INSERT INTO `lk9v6_users` (`name`, `email`, `usertype`) VALUES ('نهى اسامة تحسين عبد الفتاح', '', 'الخريجين');
INSERT INTO `lk9v6_alumni_main` (`id`, `user_id`, `approved`) VALUES (239154, 239154, 1);
INSERT INTO `lk9v6_alumni_data` (`alumni_id`, `graduation_year`, `fid`, `job`, `address`, `city`, `country`, `phone`, `gid`, `mobile`, `nationalnumber`, `department`, `division`, `with_honor`) VALUES (239154, 2005, '23', '', '', '', '', '', '', '', '', 'التربية الفنية ', '', '');
INSERT INTO `lk9v6_users` (`name`, `email`, `usertype`) VALUES ('وسام محمد على ابراهيم عامر', '', 'الخريجين');
INSERT INTO `lk9v6_alumni_main` (`id`, `user_id`, `approved`) VALUES (239155, 239155, 1);
INSERT INTO `lk9v6_alumni_data` (`alumni_id`, `graduation_year`, `fid`, `job`, `address`, `city`, `country`, `phone`, `gid`, `mobile`, `nationalnumber`, `department`, `division`, `with_honor`) VALUES (239155, 2005, '23', '', '', '', '', '', '', '', '', 'التربية الفنية ', '', '');
INSERT INTO `lk9v6_users` (`name`, `email`, `usertype`) VALUES ('وفاء محمد فؤاد محمد القيم', '', 'الخريجين');
INSERT INTO `lk9v6_alumni_main` (`id`, `user_id`, `approved`) VALUES (239156, 239156, 1);
INSERT INTO `lk9v6_alumni_data` (`alumni_id`, `graduation_year`, `fid`, `job`, `address`, `city`, `country`, `phone`, `gid`, `mobile`, `nationalnumber`, `department`, `division`, `with_honor`) VALUES (239156, 2005, '23', '', '', '', '', '', '', '', '', 'التربية الفنية ', '', '');
INSERT INTO `lk9v6_users` (`name`, `email`, `usertype`) VALUES ('ولاء محمد ابراهيم عبد البارى شريف', '', 'الخريجين');
INSERT INTO `lk9v6_alumni_main` (`id`, `user_id`, `approved`) VALUES (239157, 239157, 1);
INSERT INTO `lk9v6_alumni_data` (`alumni_id`, `graduation_year`, `fid`, `job`, `address`, `city`, `country`, `phone`, `gid`, `mobile`, `nationalnumber`, `department`, `division`, `with_honor`) VALUES (239157, 2005, '23', '', '', '', '', '', '', '', '', 'التربية الفنية ', '', '');
INSERT INTO `lk9v6_users` (`name`, `email`, `usertype`) VALUES ('ابتسام نعمان عبد العاطى ابراهيم جنيدى', '', 'الخريجين');
INSERT INTO `lk9v6_alumni_main` (`id`, `user_id`, `approved`) VALUES (239158, 239158, 1);
INSERT INTO `lk9v6_alumni_data` (`alumni_id`, `graduation_year`, `fid`, `job`, `address`, `city`, `country`, `phone`, `gid`, `mobile`, `nationalnumber`, `department`, `division`, `with_honor`) VALUES (239158, 2005, '23', '', '', '', '', '', '', '', '', 'التربية الفنية ', '', '');
INSERT INTO `lk9v6_users` (`name`, `email`, `usertype`) VALUES ('احمد ابراهيم خليل الحواجرة', '', 'الخريجين');
INSERT INTO `lk9v6_alumni_main` (`id`, `user_id`, `approved`) VALUES (239159, 239159, 1);
INSERT INTO `lk9v6_alumni_data` (`alumni_id`, `graduation_year`, `fid`, `job`, `address`, `city`, `country`, `phone`, `gid`, `mobile`, `nationalnumber`, `department`, `division`, `with_honor`) VALUES (239159, 2005, '23', '', '', '', '', '', '', '', '', 'التربية الفنية ', '', '');
INSERT INTO `lk9v6_users` (`name`, `email`, `usertype`) VALUES ('احمد ثروت محمد بطيشة', '', 'الخريجين');
INSERT INTO `lk9v6_alumni_main` (`id`, `user_id`, `approved`) VALUES (239160, 239160, 1);
INSERT INTO `lk9v6_alumni_data` (`alumni_id`, `graduation_year`, `fid`, `job`, `address`, `city`, `country`, `phone`, `gid`, `mobile`, `nationalnumber`, `department`, `division`, `with_honor`) VALUES (239160, 2005, '23', '', '', '', '', '', '', '', '', 'التربية الفنية ', '', '');
INSERT INTO `lk9v6_users` (`name`, `email`, `usertype`) VALUES ('أسراء ابراهيم علي فرج', '', 'الخريجين');
INSERT INTO `lk9v6_alumni_main` (`id`, `user_id`, `approved`) VALUES (239161, 239161, 1);
INSERT INTO `lk9v6_alumni_data` (`alumni_id`, `graduation_year`, `fid`, `job`, `address`, `city`, `country`, `phone`, `gid`, `mobile`, `nationalnumber`, `department`, `division`, `with_honor`) VALUES (239161, 2005, '23', '', '', '', '', '', '', '', '', 'التربية الفنية ', '', '');
INSERT INTO `lk9v6_users` (`name`, `email`, `usertype`) VALUES ('اسراء عبد الله أحمد حسن ', '', 'الخريجين');
INSERT INTO `lk9v6_alumni_main` (`id`, `user_id`, `approved`) VALUES (239162, 239162, 1);
INSERT INTO `lk9v6_alumni_data` (`alumni_id`, `graduation_year`, `fid`, `job`, `address`, `city`, `country`, `phone`, `gid`, `mobile`, `nationalnumber`, `department`, `division`, `with_honor`) VALUES (239162, 2005, '23', '', '', '', '', '', '', '', '', 'التربية الفنية ', '', '');
INSERT INTO `lk9v6_users` (`name`, `email`, `usertype`) VALUES ('أشرف ايوب ابراهيم بخيت', '', 'الخريجين');
INSERT INTO `lk9v6_alumni_main` (`id`, `user_id`, `approved`) VALUES (239163, 239163, 1);
INSERT INTO `lk9v6_alumni_data` (`alumni_id`, `graduation_year`, `fid`, `job`, `address`, `city`, `country`, `phone`, `gid`, `mobile`, `nationalnumber`, `department`, `division`, `with_honor`) VALUES (239163, 2005, '23', '', '', '', '', '', '', '', '', 'التربية الفنية ', '', '');
INSERT INTO `lk9v6_users` (`name`, `email`, `usertype`) VALUES ('الاء ماهر فتح الله عبد الحميد', '', 'الخريجين');
INSERT INTO `lk9v6_alumni_main` (`id`, `user_id`, `approved`) VALUES (239164, 239164, 1);
INSERT INTO `lk9v6_alumni_data` (`alumni_id`, `graduation_year`, `fid`, `job`, `address`, `city`, `country`, `phone`, `gid`, `mobile`, `nationalnumber`, `department`, `division`, `with_honor`) VALUES (239164, 2005, '23', '', '', '', '', '', '', '', '', 'التربية الفنية ', '', '');
INSERT INTO `lk9v6_users` (`name`, `email`, `usertype`) VALUES ('أماني اسماعيل محمود حسن', '', 'الخريجين');
INSERT INTO `lk9v6_alumni_main` (`id`, `user_id`, `approved`) VALUES (239165, 239165, 1);
INSERT INTO `lk9v6_alumni_data` (`alumni_id`, `graduation_year`, `fid`, `job`, `address`, `city`, `country`, `phone`, `gid`, `mobile`, `nationalnumber`, `department`, `division`, `with_honor`) VALUES (239165, 2005, '23', '', '', '', '', '', '', '', '', 'التربية الفنية ', '', '');
INSERT INTO `lk9v6_users` (`name`, `email`, `usertype`) VALUES ('أماني عبد الله ناجي رجب ', '', 'الخريجين');
INSERT INTO `lk9v6_alumni_main` (`id`, `user_id`, `approved`) VALUES (239166, 239166, 1);
INSERT INTO `lk9v6_alumni_data` (`alumni_id`, `graduation_year`, `fid`, `job`, `address`, `city`, `country`, `phone`, `gid`, `mobile`, `nationalnumber`, `department`, `division`, `with_honor`) VALUES (239166, 2005, '23', '', '', '', '', '', '', '', '', 'التربية الفنية ', '', '');
INSERT INTO `lk9v6_users` (`name`, `email`, `usertype`) VALUES ('أميرة سالم محمد رحومة', '', 'الخريجين');
INSERT INTO `lk9v6_alumni_main` (`id`, `user_id`, `approved`) VALUES (239167, 239167, 1);
INSERT INTO `lk9v6_alumni_data` (`alumni_id`, `graduation_year`, `fid`, `job`, `address`, `city`, `country`, `phone`, `gid`, `mobile`, `nationalnumber`, `department`, `division`, `with_honor`) VALUES (239167, 2005, '23', '', '', '', '', '', '', '', '', 'التربية الفنية ', '', '');
INSERT INTO `lk9v6_users` (`name`, `email`, `usertype`) VALUES ('أميرة سعيد محمود خطاب ', '', 'الخريجين');
INSERT INTO `lk9v6_alumni_main` (`id`, `user_id`, `approved`) VALUES (239168, 239168, 1);
INSERT INTO `lk9v6_alumni_data` (`alumni_id`, `graduation_year`, `fid`, `job`, `address`, `city`, `country`, `phone`, `gid`, `mobile`, `nationalnumber`, `department`, `division`, `with_honor`) VALUES (239168, 2005, '23', '', '', '', '', '', '', '', '', 'التربية الفنية ', '', '');
INSERT INTO `lk9v6_users` (`name`, `email`, `usertype`) VALUES ('أميرة محمد السيد محمد حسين', '', 'الخريجين');
INSERT INTO `lk9v6_alumni_main` (`id`, `user_id`, `approved`) VALUES (239169, 239169, 1);
INSERT INTO `lk9v6_alumni_data` (`alumni_id`, `graduation_year`, `fid`, `job`, `address`, `city`, `country`, `phone`, `gid`, `mobile`, `nationalnumber`, `department`, `division`, `with_honor`) VALUES (239169, 2005, '23', '', '', '', '', '', '', '', '', 'التربية الفنية ', '', '');
INSERT INTO `lk9v6_users` (`name`, `email`, `usertype`) VALUES ('أمنية محمود أبو المجد مسكين', '', 'الخريجين');
INSERT INTO `lk9v6_alumni_main` (`id`, `user_id`, `approved`) VALUES (239170, 239170, 1);
INSERT INTO `lk9v6_alumni_data` (`alumni_id`, `graduation_year`, `fid`, `job`, `address`, `city`, `country`, `phone`, `gid`, `mobile`, `nationalnumber`, `department`, `division`, `with_honor`) VALUES (239170, 2005, '23', '', '', '', '', '', '', '', '', 'التربية الفنية ', '', '');
INSERT INTO `lk9v6_users` (`name`, `email`, `usertype`) VALUES ('انجي حلمي عبد المنعم حمادة', '', 'الخريجين');
INSERT INTO `lk9v6_alumni_main` (`id`, `user_id`, `approved`) VALUES (239171, 239171, 1);
INSERT INTO `lk9v6_alumni_data` (`alumni_id`, `graduation_year`, `fid`, `job`, `address`, `city`, `country`, `phone`, `gid`, `mobile`, `nationalnumber`, `department`, `division`, `with_honor`) VALUES (239171, 2005, '23', '', '', '', '', '', '', '', '', 'التربية الفنية ', '', '');
INSERT INTO `lk9v6_users` (`name`, `email`, `usertype`) VALUES ('انجي عاطف سامي توفيق ', '', 'الخريجين');
INSERT INTO `lk9v6_alumni_main` (`id`, `user_id`, `approved`) VALUES (239172, 239172, 1);
INSERT INTO `lk9v6_alumni_data` (`alumni_id`, `graduation_year`, `fid`, `job`, `address`, `city`, `country`, `phone`, `gid`, `mobile`, `nationalnumber`, `department`, `division`, `with_honor`) VALUES (239172, 2005, '23', '', '', '', '', '', '', '', '', 'التربية الفنية ', '', '');
INSERT INTO `lk9v6_users` (`name`, `email`, `usertype`) VALUES (' آيات فتحي السيد محمود', '', 'الخريجين');
INSERT INTO `lk9v6_alumni_main` (`id`, `user_id`, `approved`) VALUES (239173, 239173, 1);
INSERT INTO `lk9v6_alumni_data` (`alumni_id`, `graduation_year`, `fid`, `job`, `address`, `city`, `country`, `phone`, `gid`, `mobile`, `nationalnumber`, `department`, `division`, `with_honor`) VALUES (239173, 2005, '23', '', '', '', '', '', '', '', '', 'التربية الفنية ', '', '');
INSERT INTO `lk9v6_users` (`name`, `email`, `usertype`) VALUES ('ايرين قوزمان توماس سرجيوس ', '', 'الخريجين');
INSERT INTO `lk9v6_alumni_main` (`id`, `user_id`, `approved`) VALUES (239174, 239174, 1);
INSERT INTO `lk9v6_alumni_data` (`alumni_id`, `graduation_year`, `fid`, `job`, `address`, `city`, `country`, `phone`, `gid`, `mobile`, `nationalnumber`, `department`, `division`, `with_honor`) VALUES (239174, 2005, '23', '', '', '', '', '', '', '', '', 'التربية الفنية ', '', '');
INSERT INTO `lk9v6_users` (`name`, `email`, `usertype`) VALUES ('ايمان أحمد سعيد النعناعي ', '', 'الخريجين');
INSERT INTO `lk9v6_alumni_main` (`id`, `user_id`, `approved`) VALUES (239175, 239175, 1);
INSERT INTO `lk9v6_alumni_data` (`alumni_id`, `graduation_year`, `fid`, `job`, `address`, `city`, `country`, `phone`, `gid`, `mobile`, `nationalnumber`, `department`, `division`, `with_honor`) VALUES (239175, 2005, '23', '', '', '', '', '', '', '', '', 'التربية الفنية ', '', '');
INSERT INTO `lk9v6_users` (`name`, `email`, `usertype`) VALUES ('ايمان خميس خليل خليل الحوشي ', '', 'الخريجين');
INSERT INTO `lk9v6_alumni_main` (`id`, `user_id`, `approved`) VALUES (239176, 239176, 1);
INSERT INTO `lk9v6_alumni_data` (`alumni_id`, `graduation_year`, `fid`, `job`, `address`, `city`, `country`, `phone`, `gid`, `mobile`, `nationalnumber`, `department`, `division`, `with_honor`) VALUES (239176, 2005, '23', '', '', '', '', '', '', '', '', 'التربية الفنية ', '', '');
INSERT INTO `lk9v6_users` (`name`, `email`, `usertype`) VALUES ('ايمان سعد مرشدي بدر الدين ', '', 'الخريجين');
INSERT INTO `lk9v6_alumni_main` (`id`, `user_id`, `approved`) VALUES (239177, 239177, 1);
INSERT INTO `lk9v6_alumni_data` (`alumni_id`, `graduation_year`, `fid`, `job`, `address`, `city`, `country`, `phone`, `gid`, `mobile`, `nationalnumber`, `department`, `division`, `with_honor`) VALUES (239177, 2005, '23', '', '', '', '', '', '', '', '', 'التربية الفنية ', '', '');
INSERT INTO `lk9v6_users` (`name`, `email`, `usertype`) VALUES ('ايمان سلامة السيد محمود سلامة ', '', 'الخريجين');
INSERT INTO `lk9v6_alumni_main` (`id`, `user_id`, `approved`) VALUES (239178, 239178, 1);
INSERT INTO `lk9v6_alumni_data` (`alumni_id`, `graduation_year`, `fid`, `job`, `address`, `city`, `country`, `phone`, `gid`, `mobile`, `nationalnumber`, `department`, `division`, `with_honor`) VALUES (239178, 2005, '23', '', '', '', '', '', '', '', '', 'التربية الفنية ', '', '');
INSERT INTO `lk9v6_users` (`name`, `email`, `usertype`) VALUES ('ايمان صلاح الدين أحمد محمد', '', 'الخريجين');
INSERT INTO `lk9v6_alumni_main` (`id`, `user_id`, `approved`) VALUES (239179, 239179, 1);
INSERT INTO `lk9v6_alumni_data` (`alumni_id`, `graduation_year`, `fid`, `job`, `address`, `city`, `country`, `phone`, `gid`, `mobile`, `nationalnumber`, `department`, `division`, `with_honor`) VALUES (239179, 2005, '23', '', '', '', '', '', '', '', '', 'التربية الفنية ', '', '');
INSERT INTO `lk9v6_users` (`name`, `email`, `usertype`) VALUES ('ايمان عبد المطلب محمد قريطم', '', 'الخريجين');
INSERT INTO `lk9v6_alumni_main` (`id`, `user_id`, `approved`) VALUES (239180, 239180, 1);
INSERT INTO `lk9v6_alumni_data` (`alumni_id`, `graduation_year`, `fid`, `job`, `address`, `city`, `country`, `phone`, `gid`, `mobile`, `nationalnumber`, `department`, `division`, `with_honor`) VALUES (239180, 2005, '23', '', '', '', '', '', '', '', '', 'التربية الفنية ', '', '');
INSERT INTO `lk9v6_users` (`name`, `email`, `usertype`) VALUES ('ايمان مجدي شحاتة عفيفي', '', 'الخريجين');
INSERT INTO `lk9v6_alumni_main` (`id`, `user_id`, `approved`) VALUES (239181, 239181, 1);
INSERT INTO `lk9v6_alumni_data` (`alumni_id`, `graduation_year`, `fid`, `job`, `address`, `city`, `country`, `phone`, `gid`, `mobile`, `nationalnumber`, `department`, `division`, `with_honor`) VALUES (239181, 2005, '23', '', '', '', '', '', '', '', '', 'التربية الفنية ', '', '');
INSERT INTO `lk9v6_users` (`name`, `email`, `usertype`) VALUES ('ايمان مسعد أحمد عبد الوهاب ', '', 'الخريجين');
INSERT INTO `lk9v6_alumni_main` (`id`, `user_id`, `approved`) VALUES (239182, 239182, 1);
INSERT INTO `lk9v6_alumni_data` (`alumni_id`, `graduation_year`, `fid`, `job`, `address`, `city`, `country`, `phone`, `gid`, `mobile`, `nationalnumber`, `department`, `division`, `with_honor`) VALUES (239182, 2005, '23', '', '', '', '', '', '', '', '', 'التربية الفنية ', '', '');
INSERT INTO `lk9v6_users` (`name`, `email`, `usertype`) VALUES ('ايناس فاروق أحمد الصفطي', '', 'الخريجين');
INSERT INTO `lk9v6_alumni_main` (`id`, `user_id`, `approved`) VALUES (239183, 239183, 1);
INSERT INTO `lk9v6_alumni_data` (`alumni_id`, `graduation_year`, `fid`, `job`, `address`, `city`, `country`, `phone`, `gid`, `mobile`, `nationalnumber`, `department`, `division`, `with_honor`) VALUES (239183, 2005, '23', '', '', '', '', '', '', '', '', 'التربية الفنية ', '', '');
INSERT INTO `lk9v6_users` (`name`, `email`, `usertype`) VALUES ('ايهاب غانم مصطفي السنهوري ', '', 'الخريجين');
INSERT INTO `lk9v6_alumni_main` (`id`, `user_id`, `approved`) VALUES (239184, 239184, 1);
INSERT INTO `lk9v6_alumni_data` (`alumni_id`, `graduation_year`, `fid`, `job`, `address`, `city`, `country`, `phone`, `gid`, `mobile`, `nationalnumber`, `department`, `division`, `with_honor`) VALUES (239184, 2005, '23', '', '', '', '', '', '', '', '', 'التربية الفنية ', '', '');
INSERT INTO `lk9v6_users` (`name`, `email`, `usertype`) VALUES ('بثينة صادق محمد الحمزاوي ', '', 'الخريجين');
INSERT INTO `lk9v6_alumni_main` (`id`, `user_id`, `approved`) VALUES (239185, 239185, 1);
INSERT INTO `lk9v6_alumni_data` (`alumni_id`, `graduation_year`, `fid`, `job`, `address`, `city`, `country`, `phone`, `gid`, `mobile`, `nationalnumber`, `department`, `division`, `with_honor`) VALUES (239185, 2005, '23', '', '', '', '', '', '', '', '', 'التربية الفنية ', '', '');
INSERT INTO `lk9v6_users` (`name`, `email`, `usertype`) VALUES ('بسمة حامد محمود محمد السبع', '', 'الخريجين');
INSERT INTO `lk9v6_alumni_main` (`id`, `user_id`, `approved`) VALUES (239186, 239186, 1);
INSERT INTO `lk9v6_alumni_data` (`alumni_id`, `graduation_year`, `fid`, `job`, `address`, `city`, `country`, `phone`, `gid`, `mobile`, `nationalnumber`, `department`, `division`, `with_honor`) VALUES (239186, 2005, '23', '', '', '', '', '', '', '', '', 'التربية الفنية ', '', '');
INSERT INTO `lk9v6_users` (`name`, `email`, `usertype`) VALUES ('بسنت أحمد حافظ ابراهيم', '', 'الخريجين');
INSERT INTO `lk9v6_alumni_main` (`id`, `user_id`, `approved`) VALUES (239187, 239187, 1);
INSERT INTO `lk9v6_alumni_data` (`alumni_id`, `graduation_year`, `fid`, `job`, `address`, `city`, `country`, `phone`, `gid`, `mobile`, `nationalnumber`, `department`, `division`, `with_honor`) VALUES (239187, 2005, '23', '', '', '', '', '', '', '', '', 'التربية الفنية ', '', '');
INSERT INTO `lk9v6_users` (`name`, `email`, `usertype`) VALUES ('بوسي محمد أحمد زكريا الشرقاوي ', '', 'الخريجين');
INSERT INTO `lk9v6_alumni_main` (`id`, `user_id`, `approved`) VALUES (239188, 239188, 1);
INSERT INTO `lk9v6_alumni_data` (`alumni_id`, `graduation_year`, `fid`, `job`, `address`, `city`, `country`, `phone`, `gid`, `mobile`, `nationalnumber`, `department`, `division`, `with_honor`) VALUES (239188, 2005, '23', '', '', '', '', '', '', '', '', 'التربية الفنية ', '', '');
INSERT INTO `lk9v6_users` (`name`, `email`, `usertype`) VALUES ('جيهان الشريف مصطفي حسن الشريف ', '', 'الخريجين');
INSERT INTO `lk9v6_alumni_main` (`id`, `user_id`, `approved`) VALUES (239189, 239189, 1);
INSERT INTO `lk9v6_alumni_data` (`alumni_id`, `graduation_year`, `fid`, `job`, `address`, `city`, `country`, `phone`, `gid`, `mobile`, `nationalnumber`, `department`, `division`, `with_honor`) VALUES (239189, 2005, '23', '', '', '', '', '', '', '', '', 'التربية الفنية ', '', '');
INSERT INTO `lk9v6_users` (`name`, `email`, `usertype`) VALUES ('داليا أحمد عبد السيد ابراهيم غانم', '', 'الخريجين');
INSERT INTO `lk9v6_alumni_main` (`id`, `user_id`, `approved`) VALUES (239190, 239190, 1);
INSERT INTO `lk9v6_alumni_data` (`alumni_id`, `graduation_year`, `fid`, `job`, `address`, `city`, `country`, `phone`, `gid`, `mobile`, `nationalnumber`, `department`, `division`, `with_honor`) VALUES (239190, 2005, '23', '', '', '', '', '', '', '', '', 'التربية الفنية ', '', '');
INSERT INTO `lk9v6_users` (`name`, `email`, `usertype`) VALUES ('داليا أحمد مسعود محمد', '', 'الخريجين');
INSERT INTO `lk9v6_alumni_main` (`id`, `user_id`, `approved`) VALUES (239191, 239191, 1);
INSERT INTO `lk9v6_alumni_data` (`alumni_id`, `graduation_year`, `fid`, `job`, `address`, `city`, `country`, `phone`, `gid`, `mobile`, `nationalnumber`, `department`, `division`, `with_honor`) VALUES (239191, 2005, '23', '', '', '', '', '', '', '', '', 'التربية الفنية ', '', '');
INSERT INTO `lk9v6_users` (`name`, `email`, `usertype`) VALUES ('دينا مصطفي حسن الزواوي ', '', 'الخريجين');
INSERT INTO `lk9v6_alumni_main` (`id`, `user_id`, `approved`) VALUES (239192, 239192, 1);
INSERT INTO `lk9v6_alumni_data` (`alumni_id`, `graduation_year`, `fid`, `job`, `address`, `city`, `country`, `phone`, `gid`, `mobile`, `nationalnumber`, `department`, `division`, `with_honor`) VALUES (239192, 2005, '23', '', '', '', '', '', '', '', '', 'التربية الفنية ', '', '');
INSERT INTO `lk9v6_users` (`name`, `email`, `usertype`) VALUES ('رانيا محمود عبد السلام بسيوني ', '', 'الخريجين');
INSERT INTO `lk9v6_alumni_main` (`id`, `user_id`, `approved`) VALUES (239193, 239193, 1);
INSERT INTO `lk9v6_alumni_data` (`alumni_id`, `graduation_year`, `fid`, `job`, `address`, `city`, `country`, `phone`, `gid`, `mobile`, `nationalnumber`, `department`, `division`, `with_honor`) VALUES (239193, 2005, '23', '', '', '', '', '', '', '', '', 'التربية الفنية ', '', '');
INSERT INTO `lk9v6_users` (`name`, `email`, `usertype`) VALUES ('رانيا محمود مصطفي مصطفي ', '', 'الخريجين');
INSERT INTO `lk9v6_alumni_main` (`id`, `user_id`, `approved`) VALUES (239194, 239194, 1);
INSERT INTO `lk9v6_alumni_data` (`alumni_id`, `graduation_year`, `fid`, `job`, `address`, `city`, `country`, `phone`, `gid`, `mobile`, `nationalnumber`, `department`, `division`, `with_honor`) VALUES (239194, 2005, '23', '', '', '', '', '', '', '', '', 'التربية الفنية ', '', '');
INSERT INTO `lk9v6_users` (`name`, `email`, `usertype`) VALUES ('رحاب حسن ابراهيم حسن البشاوي', '', 'الخريجين');
INSERT INTO `lk9v6_alumni_main` (`id`, `user_id`, `approved`) VALUES (239195, 239195, 1);
INSERT INTO `lk9v6_alumni_data` (`alumni_id`, `graduation_year`, `fid`, `job`, `address`, `city`, `country`, `phone`, `gid`, `mobile`, `nationalnumber`, `department`, `division`, `with_honor`) VALUES (239195, 2005, '23', '', '', '', '', '', '', '', '', 'التربية الفنية ', '', '');
INSERT INTO `lk9v6_users` (`name`, `email`, `usertype`) VALUES ('رحاب موسي مصطفي أحمد', '', 'الخريجين');
INSERT INTO `lk9v6_alumni_main` (`id`, `user_id`, `approved`) VALUES (239196, 239196, 1);
INSERT INTO `lk9v6_alumni_data` (`alumni_id`, `graduation_year`, `fid`, `job`, `address`, `city`, `country`, `phone`, `gid`, `mobile`, `nationalnumber`, `department`, `division`, `with_honor`) VALUES (239196, 2005, '23', '', '', '', '', '', '', '', '', 'التربية الفنية ', '', '');
INSERT INTO `lk9v6_users` (`name`, `email`, `usertype`) VALUES ('رشا انور ابراهيم حسين ', '', 'الخريجين');
INSERT INTO `lk9v6_alumni_main` (`id`, `user_id`, `approved`) VALUES (239197, 239197, 1);
INSERT INTO `lk9v6_alumni_data` (`alumni_id`, `graduation_year`, `fid`, `job`, `address`, `city`, `country`, `phone`, `gid`, `mobile`, `nationalnumber`, `department`, `division`, `with_honor`) VALUES (239197, 2005, '23', '', '', '', '', '', '', '', '', 'التربية الفنية ', '', '');
INSERT INTO `lk9v6_users` (`name`, `email`, `usertype`) VALUES ('رشا زياد أحمد أحمد خليل ', '', 'الخريجين');
INSERT INTO `lk9v6_alumni_main` (`id`, `user_id`, `approved`) VALUES (239198, 239198, 1);
INSERT INTO `lk9v6_alumni_data` (`alumni_id`, `graduation_year`, `fid`, `job`, `address`, `city`, `country`, `phone`, `gid`, `mobile`, `nationalnumber`, `department`, `division`, `with_honor`) VALUES (239198, 2005, '23', '', '', '', '', '', '', '', '', 'التربية الفنية ', '', '');
INSERT INTO `lk9v6_users` (`name`, `email`, `usertype`) VALUES ('رشا مختار دهب مختار محمد', '', 'الخريجين');
INSERT INTO `lk9v6_alumni_main` (`id`, `user_id`, `approved`) VALUES (239199, 239199, 1);
INSERT INTO `lk9v6_alumni_data` (`alumni_id`, `graduation_year`, `fid`, `job`, `address`, `city`, `country`, `phone`, `gid`, `mobile`, `nationalnumber`, `department`, `division`, `with_honor`) VALUES (239199, 2005, '23', '', '', '', '', '', '', '', '', 'التربية الفنية ', '', '');
INSERT INTO `lk9v6_users` (`name`, `email`, `usertype`) VALUES ('رضوي أحمد أحمد كمون', '', 'الخريجين');
INSERT INTO `lk9v6_alumni_main` (`id`, `user_id`, `approved`) VALUES (239200, 239200, 1);
INSERT INTO `lk9v6_alumni_data` (`alumni_id`, `graduation_year`, `fid`, `job`, `address`, `city`, `country`, `phone`, `gid`, `mobile`, `nationalnumber`, `department`, `division`, `with_honor`) VALUES (239200, 2005, '23', '', '', '', '', '', '', '', '', 'التربية الفنية ', '', '');
INSERT INTO `lk9v6_users` (`name`, `email`, `usertype`) VALUES ('رهام عز الدين يحيي محمود البرادعي ', '', 'الخريجين');
INSERT INTO `lk9v6_alumni_main` (`id`, `user_id`, `approved`) VALUES (239201, 239201, 1);
INSERT INTO `lk9v6_alumni_data` (`alumni_id`, `graduation_year`, `fid`, `job`, `address`, `city`, `country`, `phone`, `gid`, `mobile`, `nationalnumber`, `department`, `division`, `with_honor`) VALUES (239201, 2005, '23', '', '', '', '', '', '', '', '', 'التربية الفنية ', '', '');
INSERT INTO `lk9v6_users` (`name`, `email`, `usertype`) VALUES ('رواء معين محمد خليل سعده ', '', 'الخريجين');
INSERT INTO `lk9v6_alumni_main` (`id`, `user_id`, `approved`) VALUES (239202, 239202, 1);
INSERT INTO `lk9v6_alumni_data` (`alumni_id`, `graduation_year`, `fid`, `job`, `address`, `city`, `country`, `phone`, `gid`, `mobile`, `nationalnumber`, `department`, `division`, `with_honor`) VALUES (239202, 2005, '23', '', '', '', '', '', '', '', '', 'التربية الفنية ', '', '');
INSERT INTO `lk9v6_users` (`name`, `email`, `usertype`) VALUES ('سارة أحمد محمد سلامة ', '', 'الخريجين');
INSERT INTO `lk9v6_alumni_main` (`id`, `user_id`, `approved`) VALUES (239203, 239203, 1);
INSERT INTO `lk9v6_alumni_data` (`alumni_id`, `graduation_year`, `fid`, `job`, `address`, `city`, `country`, `phone`, `gid`, `mobile`, `nationalnumber`, `department`, `division`, `with_honor`) VALUES (239203, 2005, '23', '', '', '', '', '', '', '', '', 'التربية الفنية ', '', '');
INSERT INTO `lk9v6_users` (`name`, `email`, `usertype`) VALUES ('سارة هاني محمد دويدار ', '', 'الخريجين');
INSERT INTO `lk9v6_alumni_main` (`id`, `user_id`, `approved`) VALUES (239204, 239204, 1);
INSERT INTO `lk9v6_alumni_data` (`alumni_id`, `graduation_year`, `fid`, `job`, `address`, `city`, `country`, `phone`, `gid`, `mobile`, `nationalnumber`, `department`, `division`, `with_honor`) VALUES (239204, 2005, '23', '', '', '', '', '', '', '', '', 'التربية الفنية ', '', '');
INSERT INTO `lk9v6_users` (`name`, `email`, `usertype`) VALUES ('سرين معين محمد خليل سعده', '', 'الخريجين');
INSERT INTO `lk9v6_alumni_main` (`id`, `user_id`, `approved`) VALUES (239205, 239205, 1);
INSERT INTO `lk9v6_alumni_data` (`alumni_id`, `graduation_year`, `fid`, `job`, `address`, `city`, `country`, `phone`, `gid`, `mobile`, `nationalnumber`, `department`, `division`, `with_honor`) VALUES (239205, 2005, '23', '', '', '', '', '', '', '', '', 'التربية الفنية ', '', '');
INSERT INTO `lk9v6_users` (`name`, `email`, `usertype`) VALUES ('سمر حسين محمد خالد عواد', '', 'الخريجين');
INSERT INTO `lk9v6_alumni_main` (`id`, `user_id`, `approved`) VALUES (239206, 239206, 1);
INSERT INTO `lk9v6_alumni_data` (`alumni_id`, `graduation_year`, `fid`, `job`, `address`, `city`, `country`, `phone`, `gid`, `mobile`, `nationalnumber`, `department`, `division`, `with_honor`) VALUES (239206, 2005, '23', '', '', '', '', '', '', '', '', 'التربية الفنية ', '', '');
INSERT INTO `lk9v6_users` (`name`, `email`, `usertype`) VALUES ('سمر محمود محمد البقلي ', '', 'الخريجين');
INSERT INTO `lk9v6_alumni_main` (`id`, `user_id`, `approved`) VALUES (239207, 239207, 1);
INSERT INTO `lk9v6_alumni_data` (`alumni_id`, `graduation_year`, `fid`, `job`, `address`, `city`, `country`, `phone`, `gid`, `mobile`, `nationalnumber`, `department`, `division`, `with_honor`) VALUES (239207, 2005, '23', '', '', '', '', '', '', '', '', 'التربية الفنية ', '', '');
INSERT INTO `lk9v6_users` (`name`, `email`, `usertype`) VALUES ('شاهيناز محمد الأمير حسين شاكر', '', 'الخريجين');
INSERT INTO `lk9v6_alumni_main` (`id`, `user_id`, `approved`) VALUES (239208, 239208, 1);
INSERT INTO `lk9v6_alumni_data` (`alumni_id`, `graduation_year`, `fid`, `job`, `address`, `city`, `country`, `phone`, `gid`, `mobile`, `nationalnumber`, `department`, `division`, `with_honor`) VALUES (239208, 2005, '23', '', '', '', '', '', '', '', '', 'التربية الفنية ', '', '');
INSERT INTO `lk9v6_users` (`name`, `email`, `usertype`) VALUES ('شروق أحمد محمد محمد شجاع', '', 'الخريجين');
INSERT INTO `lk9v6_alumni_main` (`id`, `user_id`, `approved`) VALUES (239209, 239209, 1);
INSERT INTO `lk9v6_alumni_data` (`alumni_id`, `graduation_year`, `fid`, `job`, `address`, `city`, `country`, `phone`, `gid`, `mobile`, `nationalnumber`, `department`, `division`, `with_honor`) VALUES (239209, 2005, '23', '', '', '', '', '', '', '', '', 'التربية الفنية ', '', '');
INSERT INTO `lk9v6_users` (`name`, `email`, `usertype`) VALUES ('شيماء السيد علي التيتي', '', 'الخريجين');
INSERT INTO `lk9v6_alumni_main` (`id`, `user_id`, `approved`) VALUES (239210, 239210, 1);
INSERT INTO `lk9v6_alumni_data` (`alumni_id`, `graduation_year`, `fid`, `job`, `address`, `city`, `country`, `phone`, `gid`, `mobile`, `nationalnumber`, `department`, `division`, `with_honor`) VALUES (239210, 2005, '23', '', '', '', '', '', '', '', '', 'التربية الفنية ', '', '');
INSERT INTO `lk9v6_users` (`name`, `email`, `usertype`) VALUES ('شيماء السيد محمد علي عبد الله', '', 'الخريجين');
INSERT INTO `lk9v6_alumni_main` (`id`, `user_id`, `approved`) VALUES (239211, 239211, 1);
INSERT INTO `lk9v6_alumni_data` (`alumni_id`, `graduation_year`, `fid`, `job`, `address`, `city`, `country`, `phone`, `gid`, `mobile`, `nationalnumber`, `department`, `division`, `with_honor`) VALUES (239211, 2005, '23', '', '', '', '', '', '', '', '', 'التربية الفنية ', '', '');
INSERT INTO `lk9v6_users` (`name`, `email`, `usertype`) VALUES ('شيماء رفعت محمود أحمد بكار ', '', 'الخريجين');
INSERT INTO `lk9v6_alumni_main` (`id`, `user_id`, `approved`) VALUES (239212, 239212, 1);
INSERT INTO `lk9v6_alumni_data` (`alumni_id`, `graduation_year`, `fid`, `job`, `address`, `city`, `country`, `phone`, `gid`, `mobile`, `nationalnumber`, `department`, `division`, `with_honor`) VALUES (239212, 2005, '23', '', '', '', '', '', '', '', '', 'التربية الفنية ', '', '');
INSERT INTO `lk9v6_users` (`name`, `email`, `usertype`) VALUES ('شيماء علي ابراهيم متولي محمد', '', 'الخريجين');
INSERT INTO `lk9v6_alumni_main` (`id`, `user_id`, `approved`) VALUES (239213, 239213, 1);
INSERT INTO `lk9v6_alumni_data` (`alumni_id`, `graduation_year`, `fid`, `job`, `address`, `city`, `country`, `phone`, `gid`, `mobile`, `nationalnumber`, `department`, `division`, `with_honor`) VALUES (239213, 2005, '23', '', '', '', '', '', '', '', '', 'التربية الفنية ', '', '');
INSERT INTO `lk9v6_users` (`name`, `email`, `usertype`) VALUES ('شيماء فوزي محمود حنفي السقا', '', 'الخريجين');
INSERT INTO `lk9v6_alumni_main` (`id`, `user_id`, `approved`) VALUES (239214, 239214, 1);
INSERT INTO `lk9v6_alumni_data` (`alumni_id`, `graduation_year`, `fid`, `job`, `address`, `city`, `country`, `phone`, `gid`, `mobile`, `nationalnumber`, `department`, `division`, `with_honor`) VALUES (239214, 2005, '23', '', '', '', '', '', '', '', '', 'التربية الفنية ', '', '');
INSERT INTO `lk9v6_users` (`name`, `email`, `usertype`) VALUES ('صفاء محمد نجيب كامل غازي', '', 'الخريجين');
INSERT INTO `lk9v6_alumni_main` (`id`, `user_id`, `approved`) VALUES (239215, 239215, 1);
INSERT INTO `lk9v6_alumni_data` (`alumni_id`, `graduation_year`, `fid`, `job`, `address`, `city`, `country`, `phone`, `gid`, `mobile`, `nationalnumber`, `department`, `division`, `with_honor`) VALUES (239215, 2005, '23', '', '', '', '', '', '', '', '', 'التربية الفنية ', '', '');
INSERT INTO `lk9v6_users` (`name`, `email`, `usertype`) VALUES ('صفاء مصطفي السيد محمد أبو العدل ', '', 'الخريجين');
INSERT INTO `lk9v6_alumni_main` (`id`, `user_id`, `approved`) VALUES (239216, 239216, 1);
INSERT INTO `lk9v6_alumni_data` (`alumni_id`, `graduation_year`, `fid`, `job`, `address`, `city`, `country`, `phone`, `gid`, `mobile`, `nationalnumber`, `department`, `division`, `with_honor`) VALUES (239216, 2005, '23', '', '', '', '', '', '', '', '', 'التربية الفنية ', '', '');
INSERT INTO `lk9v6_users` (`name`, `email`, `usertype`) VALUES ('صوفيا جميل السيد رمضان', '', 'الخريجين');
INSERT INTO `lk9v6_alumni_main` (`id`, `user_id`, `approved`) VALUES (239217, 239217, 1);
INSERT INTO `lk9v6_alumni_data` (`alumni_id`, `graduation_year`, `fid`, `job`, `address`, `city`, `country`, `phone`, `gid`, `mobile`, `nationalnumber`, `department`, `division`, `with_honor`) VALUES (239217, 2005, '23', '', '', '', '', '', '', '', '', 'التربية الفنية ', '', '');
INSERT INTO `lk9v6_users` (`name`, `email`, `usertype`) VALUES ('عائشة محمد عبد السميع محمد', '', 'الخريجين');
INSERT INTO `lk9v6_alumni_main` (`id`, `user_id`, `approved`) VALUES (239218, 239218, 1);
INSERT INTO `lk9v6_alumni_data` (`alumni_id`, `graduation_year`, `fid`, `job`, `address`, `city`, `country`, `phone`, `gid`, `mobile`, `nationalnumber`, `department`, `division`, `with_honor`) VALUES (239218, 2005, '23', '', '', '', '', '', '', '', '', 'التربية الفنية ', '', '');
INSERT INTO `lk9v6_users` (`name`, `email`, `usertype`) VALUES ('عبلة علاء عبد الرؤوف محمود', '', 'الخريجين');
INSERT INTO `lk9v6_alumni_main` (`id`, `user_id`, `approved`) VALUES (239219, 239219, 1);
INSERT INTO `lk9v6_alumni_data` (`alumni_id`, `graduation_year`, `fid`, `job`, `address`, `city`, `country`, `phone`, `gid`, `mobile`, `nationalnumber`, `department`, `division`, `with_honor`) VALUES (239219, 2005, '23', '', '', '', '', '', '', '', '', 'التربية الفنية ', '', '');
INSERT INTO `lk9v6_users` (`name`, `email`, `usertype`) VALUES ('علياء عادل عبد المقصود محمد', '', 'الخريجين');
INSERT INTO `lk9v6_alumni_main` (`id`, `user_id`, `approved`) VALUES (239220, 239220, 1);
INSERT INTO `lk9v6_alumni_data` (`alumni_id`, `graduation_year`, `fid`, `job`, `address`, `city`, `country`, `phone`, `gid`, `mobile`, `nationalnumber`, `department`, `division`, `with_honor`) VALUES (239220, 2005, '23', '', '', '', '', '', '', '', '', 'التربية الفنية ', '', '');
INSERT INTO `lk9v6_users` (`name`, `email`, `usertype`) VALUES ('علي ممدوح خميس شحاتة فرحات ', '', 'الخريجين');
INSERT INTO `lk9v6_alumni_main` (`id`, `user_id`, `approved`) VALUES (239221, 239221, 1);
INSERT INTO `lk9v6_alumni_data` (`alumni_id`, `graduation_year`, `fid`, `job`, `address`, `city`, `country`, `phone`, `gid`, `mobile`, `nationalnumber`, `department`, `division`, `with_honor`) VALUES (239221, 2005, '23', '', '', '', '', '', '', '', '', 'التربية الفنية ', '', '');
INSERT INTO `lk9v6_users` (`name`, `email`, `usertype`) VALUES ('غادة السعيد عبد العال المرسي ', '', 'الخريجين');
INSERT INTO `lk9v6_alumni_main` (`id`, `user_id`, `approved`) VALUES (239222, 239222, 1);
INSERT INTO `lk9v6_alumni_data` (`alumni_id`, `graduation_year`, `fid`, `job`, `address`, `city`, `country`, `phone`, `gid`, `mobile`, `nationalnumber`, `department`, `division`, `with_honor`) VALUES (239222, 2005, '23', '', '', '', '', '', '', '', '', 'التربية الفنية ', '', '');
INSERT INTO `lk9v6_users` (`name`, `email`, `usertype`) VALUES ('غادة محمد مبروك غنيم ', '', 'الخريجين');
INSERT INTO `lk9v6_alumni_main` (`id`, `user_id`, `approved`) VALUES (239223, 239223, 1);
INSERT INTO `lk9v6_alumni_data` (`alumni_id`, `graduation_year`, `fid`, `job`, `address`, `city`, `country`, `phone`, `gid`, `mobile`, `nationalnumber`, `department`, `division`, `with_honor`) VALUES (239223, 2005, '23', '', '', '', '', '', '', '', '', 'التربية الفنية ', '', '');
INSERT INTO `lk9v6_users` (`name`, `email`, `usertype`) VALUES ('فاطمة الزهراء محسن محمد رشوان ', '', 'الخريجين');
INSERT INTO `lk9v6_alumni_main` (`id`, `user_id`, `approved`) VALUES (239224, 239224, 1);
INSERT INTO `lk9v6_alumni_data` (`alumni_id`, `graduation_year`, `fid`, `job`, `address`, `city`, `country`, `phone`, `gid`, `mobile`, `nationalnumber`, `department`, `division`, `with_honor`) VALUES (239224, 2005, '23', '', '', '', '', '', '', '', '', 'التربية الفنية ', '', '');
INSERT INTO `lk9v6_users` (`name`, `email`, `usertype`) VALUES ('كرستين مسعد أديب بشارة ', '', 'الخريجين');
INSERT INTO `lk9v6_alumni_main` (`id`, `user_id`, `approved`) VALUES (239225, 239225, 1);
INSERT INTO `lk9v6_alumni_data` (`alumni_id`, `graduation_year`, `fid`, `job`, `address`, `city`, `country`, `phone`, `gid`, `mobile`, `nationalnumber`, `department`, `division`, `with_honor`) VALUES (239225, 2005, '23', '', '', '', '', '', '', '', '', 'التربية الفنية ', '', '');
INSERT INTO `lk9v6_users` (`name`, `email`, `usertype`) VALUES ('كريستينا نجيب اسطفانوس شحاتة ', '', 'الخريجين');
INSERT INTO `lk9v6_alumni_main` (`id`, `user_id`, `approved`) VALUES (239226, 239226, 1);
INSERT INTO `lk9v6_alumni_data` (`alumni_id`, `graduation_year`, `fid`, `job`, `address`, `city`, `country`, `phone`, `gid`, `mobile`, `nationalnumber`, `department`, `division`, `with_honor`) VALUES (239226, 2005, '23', '', '', '', '', '', '', '', '', 'التربية الفنية ', '', '');
INSERT INTO `lk9v6_users` (`name`, `email`, `usertype`) VALUES ('ليديا نبيل عجيب اسحق ', '', 'الخريجين');
INSERT INTO `lk9v6_alumni_main` (`id`, `user_id`, `approved`) VALUES (239227, 239227, 1);
INSERT INTO `lk9v6_alumni_data` (`alumni_id`, `graduation_year`, `fid`, `job`, `address`, `city`, `country`, `phone`, `gid`, `mobile`, `nationalnumber`, `department`, `division`, `with_honor`) VALUES (239227, 2005, '23', '', '', '', '', '', '', '', '', 'التربية الفنية ', '', '');
INSERT INTO `lk9v6_users` (`name`, `email`, `usertype`) VALUES ('مارينا ماهر وهبة باسيل', '', 'الخريجين');
INSERT INTO `lk9v6_alumni_main` (`id`, `user_id`, `approved`) VALUES (239228, 239228, 1);
INSERT INTO `lk9v6_alumni_data` (`alumni_id`, `graduation_year`, `fid`, `job`, `address`, `city`, `country`, `phone`, `gid`, `mobile`, `nationalnumber`, `department`, `division`, `with_honor`) VALUES (239228, 2005, '23', '', '', '', '', '', '', '', '', 'التربية الفنية ', '', '');
INSERT INTO `lk9v6_users` (`name`, `email`, `usertype`) VALUES ('محمد محمود ماهر محمد محمود الدفراوي ', '', 'الخريجين');
INSERT INTO `lk9v6_alumni_main` (`id`, `user_id`, `approved`) VALUES (239229, 239229, 1);
INSERT INTO `lk9v6_alumni_data` (`alumni_id`, `graduation_year`, `fid`, `job`, `address`, `city`, `country`, `phone`, `gid`, `mobile`, `nationalnumber`, `department`, `division`, `with_honor`) VALUES (239229, 2005, '23', '', '', '', '', '', '', '', '', 'التربية الفنية ', '', '');
INSERT INTO `lk9v6_users` (`name`, `email`, `usertype`) VALUES ('مشتهي علي عبدة الجمال ', '', 'الخريجين');
INSERT INTO `lk9v6_alumni_main` (`id`, `user_id`, `approved`) VALUES (239230, 239230, 1);
INSERT INTO `lk9v6_alumni_data` (`alumni_id`, `graduation_year`, `fid`, `job`, `address`, `city`, `country`, `phone`, `gid`, `mobile`, `nationalnumber`, `department`, `division`, `with_honor`) VALUES (239230, 2005, '23', '', '', '', '', '', '', '', '', 'التربية الفنية ', '', '');
INSERT INTO `lk9v6_users` (`name`, `email`, `usertype`) VALUES ('مروة أحمد سليم أحمد', '', 'الخريجين');
INSERT INTO `lk9v6_alumni_main` (`id`, `user_id`, `approved`) VALUES (239231, 239231, 1);
INSERT INTO `lk9v6_alumni_data` (`alumni_id`, `graduation_year`, `fid`, `job`, `address`, `city`, `country`, `phone`, `gid`, `mobile`, `nationalnumber`, `department`, `division`, `with_honor`) VALUES (239231, 2005, '23', '', '', '', '', '', '', '', '', 'التربية الفنية ', '', '');
INSERT INTO `lk9v6_users` (`name`, `email`, `usertype`) VALUES ('مروة زكريا محمد أبو شعرة ', '', 'الخريجين');
INSERT INTO `lk9v6_alumni_main` (`id`, `user_id`, `approved`) VALUES (239232, 239232, 1);
INSERT INTO `lk9v6_alumni_data` (`alumni_id`, `graduation_year`, `fid`, `job`, `address`, `city`, `country`, `phone`, `gid`, `mobile`, `nationalnumber`, `department`, `division`, `with_honor`) VALUES (239232, 2005, '23', '', '', '', '', '', '', '', '', 'التربية الفنية ', '', '');
INSERT INTO `lk9v6_users` (`name`, `email`, `usertype`) VALUES ('مروة عبد السلام محمد حميدو علي ', '', 'الخريجين');
INSERT INTO `lk9v6_alumni_main` (`id`, `user_id`, `approved`) VALUES (239233, 239233, 1);
INSERT INTO `lk9v6_alumni_data` (`alumni_id`, `graduation_year`, `fid`, `job`, `address`, `city`, `country`, `phone`, `gid`, `mobile`, `nationalnumber`, `department`, `division`, `with_honor`) VALUES (239233, 2005, '23', '', '', '', '', '', '', '', '', 'التربية الفنية ', '', '');
INSERT INTO `lk9v6_users` (`name`, `email`, `usertype`) VALUES ('مروة فاروق سلامة بخيت ', '', 'الخريجين');
INSERT INTO `lk9v6_alumni_main` (`id`, `user_id`, `approved`) VALUES (239234, 239234, 1);
INSERT INTO `lk9v6_alumni_data` (`alumni_id`, `graduation_year`, `fid`, `job`, `address`, `city`, `country`, `phone`, `gid`, `mobile`, `nationalnumber`, `department`, `division`, `with_honor`) VALUES (239234, 2005, '23', '', '', '', '', '', '', '', '', 'التربية الفنية ', '', '');
INSERT INTO `lk9v6_users` (`name`, `email`, `usertype`) VALUES ('مروة محمد رزق حجازي ', '', 'الخريجين');
INSERT INTO `lk9v6_alumni_main` (`id`, `user_id`, `approved`) VALUES (239235, 239235, 1);
INSERT INTO `lk9v6_alumni_data` (`alumni_id`, `graduation_year`, `fid`, `job`, `address`, `city`, `country`, `phone`, `gid`, `mobile`, `nationalnumber`, `department`, `division`, `with_honor`) VALUES (239235, 2005, '23', '', '', '', '', '', '', '', '', 'التربية الفنية ', '', '');
INSERT INTO `lk9v6_users` (`name`, `email`, `usertype`) VALUES ('مروة يسري محمد أحمد فرغلي ', '', 'الخريجين');
INSERT INTO `lk9v6_alumni_main` (`id`, `user_id`, `approved`) VALUES (239236, 239236, 1);
INSERT INTO `lk9v6_alumni_data` (`alumni_id`, `graduation_year`, `fid`, `job`, `address`, `city`, `country`, `phone`, `gid`, `mobile`, `nationalnumber`, `department`, `division`, `with_honor`) VALUES (239236, 2005, '23', '', '', '', '', '', '', '', '', 'التربية الفنية ', '', '');
INSERT INTO `lk9v6_users` (`name`, `email`, `usertype`) VALUES ('مريانا منير فوزي يس ', '', 'الخريجين');
INSERT INTO `lk9v6_alumni_main` (`id`, `user_id`, `approved`) VALUES (239237, 239237, 1);
INSERT INTO `lk9v6_alumni_data` (`alumni_id`, `graduation_year`, `fid`, `job`, `address`, `city`, `country`, `phone`, `gid`, `mobile`, `nationalnumber`, `department`, `division`, `with_honor`) VALUES (239237, 2005, '23', '', '', '', '', '', '', '', '', 'التربية الفنية ', '', '');
INSERT INTO `lk9v6_users` (`name`, `email`, `usertype`) VALUES ('مريم سامي فرحات ذكي ', '', 'الخريجين');
INSERT INTO `lk9v6_alumni_main` (`id`, `user_id`, `approved`) VALUES (239238, 239238, 1);
INSERT INTO `lk9v6_alumni_data` (`alumni_id`, `graduation_year`, `fid`, `job`, `address`, `city`, `country`, `phone`, `gid`, `mobile`, `nationalnumber`, `department`, `division`, `with_honor`) VALUES (239238, 2005, '23', '', '', '', '', '', '', '', '', 'التربية الفنية ', '', '');
INSERT INTO `lk9v6_users` (`name`, `email`, `usertype`) VALUES ('معالي علي أحمد المزاريقي ', '', 'الخريجين');
INSERT INTO `lk9v6_alumni_main` (`id`, `user_id`, `approved`) VALUES (239239, 239239, 1);
INSERT INTO `lk9v6_alumni_data` (`alumni_id`, `graduation_year`, `fid`, `job`, `address`, `city`, `country`, `phone`, `gid`, `mobile`, `nationalnumber`, `department`, `division`, `with_honor`) VALUES (239239, 2005, '23', '', '', '', '', '', '', '', '', 'التربية الفنية ', '', '');
INSERT INTO `lk9v6_users` (`name`, `email`, `usertype`) VALUES ('منال عبد الوهاب فتحي محمد فتحي ', '', 'الخريجين');
INSERT INTO `lk9v6_alumni_main` (`id`, `user_id`, `approved`) VALUES (239240, 239240, 1);
INSERT INTO `lk9v6_alumni_data` (`alumni_id`, `graduation_year`, `fid`, `job`, `address`, `city`, `country`, `phone`, `gid`, `mobile`, `nationalnumber`, `department`, `division`, `with_honor`) VALUES (239240, 2005, '23', '', '', '', '', '', '', '', '', 'التربية الفنية ', '', '');
INSERT INTO `lk9v6_users` (`name`, `email`, `usertype`) VALUES ('منة الله حسن فهمي حسن نونو', '', 'الخريجين');
INSERT INTO `lk9v6_alumni_main` (`id`, `user_id`, `approved`) VALUES (239241, 239241, 1);
INSERT INTO `lk9v6_alumni_data` (`alumni_id`, `graduation_year`, `fid`, `job`, `address`, `city`, `country`, `phone`, `gid`, `mobile`, `nationalnumber`, `department`, `division`, `with_honor`) VALUES (239241, 2005, '23', '', '', '', '', '', '', '', '', 'التربية الفنية ', '', '');
INSERT INTO `lk9v6_users` (`name`, `email`, `usertype`) VALUES ('مني عبد الحليم محمد الحبشي ', '', 'الخريجين');
INSERT INTO `lk9v6_alumni_main` (`id`, `user_id`, `approved`) VALUES (239242, 239242, 1);
INSERT INTO `lk9v6_alumni_data` (`alumni_id`, `graduation_year`, `fid`, `job`, `address`, `city`, `country`, `phone`, `gid`, `mobile`, `nationalnumber`, `department`, `division`, `with_honor`) VALUES (239242, 2005, '23', '', '', '', '', '', '', '', '', 'التربية الفنية ', '', '');
INSERT INTO `lk9v6_users` (`name`, `email`, `usertype`) VALUES ('مني محمد حسين حوية ', '', 'الخريجين');
INSERT INTO `lk9v6_alumni_main` (`id`, `user_id`, `approved`) VALUES (239243, 239243, 1);
INSERT INTO `lk9v6_alumni_data` (`alumni_id`, `graduation_year`, `fid`, `job`, `address`, `city`, `country`, `phone`, `gid`, `mobile`, `nationalnumber`, `department`, `division`, `with_honor`) VALUES (239243, 2005, '23', '', '', '', '', '', '', '', '', 'التربية الفنية ', '', '');
INSERT INTO `lk9v6_users` (`name`, `email`, `usertype`) VALUES ('مني محمد عبد الحليم المغربي ', '', 'الخريجين');
INSERT INTO `lk9v6_alumni_main` (`id`, `user_id`, `approved`) VALUES (239244, 239244, 1);
INSERT INTO `lk9v6_alumni_data` (`alumni_id`, `graduation_year`, `fid`, `job`, `address`, `city`, `country`, `phone`, `gid`, `mobile`, `nationalnumber`, `department`, `division`, `with_honor`) VALUES (239244, 2005, '23', '', '', '', '', '', '', '', '', 'التربية الفنية ', '', '');
INSERT INTO `lk9v6_users` (`name`, `email`, `usertype`) VALUES ('مني مصطفي حماد النمر ', '', 'الخريجين');
INSERT INTO `lk9v6_alumni_main` (`id`, `user_id`, `approved`) VALUES (239245, 239245, 1);
INSERT INTO `lk9v6_alumni_data` (`alumni_id`, `graduation_year`, `fid`, `job`, `address`, `city`, `country`, `phone`, `gid`, `mobile`, `nationalnumber`, `department`, `division`, `with_honor`) VALUES (239245, 2005, '23', '', '', '', '', '', '', '', '', 'التربية الفنية ', '', '');
INSERT INTO `lk9v6_users` (`name`, `email`, `usertype`) VALUES ('مها صلاح محمد توفيق الرومي ', '', 'الخريجين');
INSERT INTO `lk9v6_alumni_main` (`id`, `user_id`, `approved`) VALUES (239246, 239246, 1);
INSERT INTO `lk9v6_alumni_data` (`alumni_id`, `graduation_year`, `fid`, `job`, `address`, `city`, `country`, `phone`, `gid`, `mobile`, `nationalnumber`, `department`, `division`, `with_honor`) VALUES (239246, 2005, '23', '', '', '', '', '', '', '', '', 'التربية الفنية ', '', '');
INSERT INTO `lk9v6_users` (`name`, `email`, `usertype`) VALUES ('مها عبد اللطيف عبد الموجود محمد', '', 'الخريجين');
INSERT INTO `lk9v6_alumni_main` (`id`, `user_id`, `approved`) VALUES (239247, 239247, 1);
INSERT INTO `lk9v6_alumni_data` (`alumni_id`, `graduation_year`, `fid`, `job`, `address`, `city`, `country`, `phone`, `gid`, `mobile`, `nationalnumber`, `department`, `division`, `with_honor`) VALUES (239247, 2005, '23', '', '', '', '', '', '', '', '', 'التربية الفنية ', '', '');
INSERT INTO `lk9v6_users` (`name`, `email`, `usertype`) VALUES ('ميريت محمد يسري عبد الحميد السلخ', '', 'الخريجين');
INSERT INTO `lk9v6_alumni_main` (`id`, `user_id`, `approved`) VALUES (239248, 239248, 1);
INSERT INTO `lk9v6_alumni_data` (`alumni_id`, `graduation_year`, `fid`, `job`, `address`, `city`, `country`, `phone`, `gid`, `mobile`, `nationalnumber`, `department`, `division`, `with_honor`) VALUES (239248, 2005, '23', '', '', '', '', '', '', '', '', 'التربية الفنية ', '', '');
INSERT INTO `lk9v6_users` (`name`, `email`, `usertype`) VALUES ('مي سمير ابراهيم ميخائيل ابراهيم ', '', 'الخريجين');
INSERT INTO `lk9v6_alumni_main` (`id`, `user_id`, `approved`) VALUES (239249, 239249, 1);
INSERT INTO `lk9v6_alumni_data` (`alumni_id`, `graduation_year`, `fid`, `job`, `address`, `city`, `country`, `phone`, `gid`, `mobile`, `nationalnumber`, `department`, `division`, `with_honor`) VALUES (239249, 2005, '23', '', '', '', '', '', '', '', '', 'التربية الفنية ', '', '');
INSERT INTO `lk9v6_users` (`name`, `email`, `usertype`) VALUES ('مي عادل الدمرداش بيبرس ', '', 'الخريجين');
INSERT INTO `lk9v6_alumni_main` (`id`, `user_id`, `approved`) VALUES (239250, 239250, 1);
INSERT INTO `lk9v6_alumni_data` (`alumni_id`, `graduation_year`, `fid`, `job`, `address`, `city`, `country`, `phone`, `gid`, `mobile`, `nationalnumber`, `department`, `division`, `with_honor`) VALUES (239250, 2005, '23', '', '', '', '', '', '', '', '', 'التربية الفنية ', '', '');
INSERT INTO `lk9v6_users` (`name`, `email`, `usertype`) VALUES ('مي محمد طلعت يونس ', '', 'الخريجين');
INSERT INTO `lk9v6_alumni_main` (`id`, `user_id`, `approved`) VALUES (239251, 239251, 1);
INSERT INTO `lk9v6_alumni_data` (`alumni_id`, `graduation_year`, `fid`, `job`, `address`, `city`, `country`, `phone`, `gid`, `mobile`, `nationalnumber`, `department`, `division`, `with_honor`) VALUES (239251, 2005, '23', '', '', '', '', '', '', '', '', 'التربية الفنية ', '', '');
INSERT INTO `lk9v6_users` (`name`, `email`, `usertype`) VALUES ('مس محي الدين محمد عبد الوهاب شاهين', '', 'الخريجين');
INSERT INTO `lk9v6_alumni_main` (`id`, `user_id`, `approved`) VALUES (239252, 239252, 1);
INSERT INTO `lk9v6_alumni_data` (`alumni_id`, `graduation_year`, `fid`, `job`, `address`, `city`, `country`, `phone`, `gid`, `mobile`, `nationalnumber`, `department`, `division`, `with_honor`) VALUES (239252, 2005, '23', '', '', '', '', '', '', '', '', 'التربية الفنية ', '', '');
INSERT INTO `lk9v6_users` (`name`, `email`, `usertype`) VALUES ('مي منير علي فرماوي ', '', 'الخريجين');
INSERT INTO `lk9v6_alumni_main` (`id`, `user_id`, `approved`) VALUES (239253, 239253, 1);
INSERT INTO `lk9v6_alumni_data` (`alumni_id`, `graduation_year`, `fid`, `job`, `address`, `city`, `country`, `phone`, `gid`, `mobile`, `nationalnumber`, `department`, `division`, `with_honor`) VALUES (239253, 2005, '23', '', '', '', '', '', '', '', '', 'التربية الفنية ', '', '');
INSERT INTO `lk9v6_users` (`name`, `email`, `usertype`) VALUES ('مي نبيل محمد السيد عبد العال ', '', 'الخريجين');
INSERT INTO `lk9v6_alumni_main` (`id`, `user_id`, `approved`) VALUES (239254, 239254, 1);
INSERT INTO `lk9v6_alumni_data` (`alumni_id`, `graduation_year`, `fid`, `job`, `address`, `city`, `country`, `phone`, `gid`, `mobile`, `nationalnumber`, `department`, `division`, `with_honor`) VALUES (239254, 2005, '23', '', '', '', '', '', '', '', '', 'التربية الفنية ', '', '');
INSERT INTO `lk9v6_users` (`name`, `email`, `usertype`) VALUES ('نرمين عبد الرازق علام طلبه أحمد', '', 'الخريجين');
INSERT INTO `lk9v6_alumni_main` (`id`, `user_id`, `approved`) VALUES (239255, 239255, 1);
INSERT INTO `lk9v6_alumni_data` (`alumni_id`, `graduation_year`, `fid`, `job`, `address`, `city`, `country`, `phone`, `gid`, `mobile`, `nationalnumber`, `department`, `division`, `with_honor`) VALUES (239255, 2005, '23', '', '', '', '', '', '', '', '', 'التربية الفنية ', '', '');
INSERT INTO `lk9v6_users` (`name`, `email`, `usertype`) VALUES ('نرمين محمود رزق الصماد', '', 'الخريجين');
INSERT INTO `lk9v6_alumni_main` (`id`, `user_id`, `approved`) VALUES (239256, 239256, 1);
INSERT INTO `lk9v6_alumni_data` (`alumni_id`, `graduation_year`, `fid`, `job`, `address`, `city`, `country`, `phone`, `gid`, `mobile`, `nationalnumber`, `department`, `division`, `with_honor`) VALUES (239256, 2005, '23', '', '', '', '', '', '', '', '', 'التربية الفنية ', '', '');
INSERT INTO `lk9v6_users` (`name`, `email`, `usertype`) VALUES ('نشوي عبد الكريم محمد منصور ', '', 'الخريجين');
INSERT INTO `lk9v6_alumni_main` (`id`, `user_id`, `approved`) VALUES (239257, 239257, 1);
INSERT INTO `lk9v6_alumni_data` (`alumni_id`, `graduation_year`, `fid`, `job`, `address`, `city`, `country`, `phone`, `gid`, `mobile`, `nationalnumber`, `department`, `division`, `with_honor`) VALUES (239257, 2005, '23', '', '', '', '', '', '', '', '', 'التربية الفنية ', '', '');
INSERT INTO `lk9v6_users` (`name`, `email`, `usertype`) VALUES ('نهلة عبد المنعم السيد سيد أحمد ', '', 'الخريجين');
INSERT INTO `lk9v6_alumni_main` (`id`, `user_id`, `approved`) VALUES (239258, 239258, 1);
INSERT INTO `lk9v6_alumni_data` (`alumni_id`, `graduation_year`, `fid`, `job`, `address`, `city`, `country`, `phone`, `gid`, `mobile`, `nationalnumber`, `department`, `division`, `with_honor`) VALUES (239258, 2005, '23', '', '', '', '', '', '', '', '', 'التربية الفنية ', '', '');
INSERT INTO `lk9v6_users` (`name`, `email`, `usertype`) VALUES ('نهلة عيد صادق ناشد', '', 'الخريجين');
INSERT INTO `lk9v6_alumni_main` (`id`, `user_id`, `approved`) VALUES (239259, 239259, 1);
INSERT INTO `lk9v6_alumni_data` (`alumni_id`, `graduation_year`, `fid`, `job`, `address`, `city`, `country`, `phone`, `gid`, `mobile`, `nationalnumber`, `department`, `division`, `with_honor`) VALUES (239259, 2005, '23', '', '', '', '', '', '', '', '', 'التربية الفنية ', '', '');
INSERT INTO `lk9v6_users` (`name`, `email`, `usertype`) VALUES ('نهي عبد المنعم عبد الحميد علي عبود', '', 'الخريجين');
INSERT INTO `lk9v6_alumni_main` (`id`, `user_id`, `approved`) VALUES (239260, 239260, 1);
INSERT INTO `lk9v6_alumni_data` (`alumni_id`, `graduation_year`, `fid`, `job`, `address`, `city`, `country`, `phone`, `gid`, `mobile`, `nationalnumber`, `department`, `division`, `with_honor`) VALUES (239260, 2005, '23', '', '', '', '', '', '', '', '', 'التربية الفنية ', '', '');
INSERT INTO `lk9v6_users` (`name`, `email`, `usertype`) VALUES ('نهي محمد السيد محمد عطا الله', '', 'الخريجين');
INSERT INTO `lk9v6_alumni_main` (`id`, `user_id`, `approved`) VALUES (239261, 239261, 1);
INSERT INTO `lk9v6_alumni_data` (`alumni_id`, `graduation_year`, `fid`, `job`, `address`, `city`, `country`, `phone`, `gid`, `mobile`, `nationalnumber`, `department`, `division`, `with_honor`) VALUES (239261, 2005, '23', '', '', '', '', '', '', '', '', 'التربية الفنية ', '', '');
INSERT INTO `lk9v6_users` (`name`, `email`, `usertype`) VALUES ('نهي وائل حسين الطحطاوي ', '', 'الخريجين');
INSERT INTO `lk9v6_alumni_main` (`id`, `user_id`, `approved`) VALUES (239262, 239262, 1);
INSERT INTO `lk9v6_alumni_data` (`alumni_id`, `graduation_year`, `fid`, `job`, `address`, `city`, `country`, `phone`, `gid`, `mobile`, `nationalnumber`, `department`, `division`, `with_honor`) VALUES (239262, 2005, '23', '', '', '', '', '', '', '', '', 'التربية الفنية ', '', '');
INSERT INTO `lk9v6_users` (`name`, `email`, `usertype`) VALUES ('نيرمين عاطف محمد صيام رزق ', '', 'الخريجين');
INSERT INTO `lk9v6_alumni_main` (`id`, `user_id`, `approved`) VALUES (239263, 239263, 1);
INSERT INTO `lk9v6_alumni_data` (`alumni_id`, `graduation_year`, `fid`, `job`, `address`, `city`, `country`, `phone`, `gid`, `mobile`, `nationalnumber`, `department`, `division`, `with_honor`) VALUES (239263, 2005, '23', '', '', '', '', '', '', '', '', 'التربية الفنية ', '', '');
INSERT INTO `lk9v6_users` (`name`, `email`, `usertype`) VALUES ('هبة محمد عبد الحميد بركات ', '', 'الخريجين');
INSERT INTO `lk9v6_alumni_main` (`id`, `user_id`, `approved`) VALUES (239264, 239264, 1);
INSERT INTO `lk9v6_alumni_data` (`alumni_id`, `graduation_year`, `fid`, `job`, `address`, `city`, `country`, `phone`, `gid`, `mobile`, `nationalnumber`, `department`, `division`, `with_honor`) VALUES (239264, 2005, '23', '', '', '', '', '', '', '', '', 'التربية الفنية ', '', '');
INSERT INTO `lk9v6_users` (`name`, `email`, `usertype`) VALUES ('هلا محمد عبد الباسط محمد', '', 'الخريجين');
INSERT INTO `lk9v6_alumni_main` (`id`, `user_id`, `approved`) VALUES (239265, 239265, 1);
INSERT INTO `lk9v6_alumni_data` (`alumni_id`, `graduation_year`, `fid`, `job`, `address`, `city`, `country`, `phone`, `gid`, `mobile`, `nationalnumber`, `department`, `division`, `with_honor`) VALUES (239265, 2005, '23', '', '', '', '', '', '', '', '', 'التربية الفنية ', '', '');
INSERT INTO `lk9v6_users` (`name`, `email`, `usertype`) VALUES ('هند أحمد حسن العمروسي ', '', 'الخريجين');
INSERT INTO `lk9v6_alumni_main` (`id`, `user_id`, `approved`) VALUES (239266, 239266, 1);
INSERT INTO `lk9v6_alumni_data` (`alumni_id`, `graduation_year`, `fid`, `job`, `address`, `city`, `country`, `phone`, `gid`, `mobile`, `nationalnumber`, `department`, `division`, `with_honor`) VALUES (239266, 2005, '23', '', '', '', '', '', '', '', '', 'التربية الفنية ', '', '');
INSERT INTO `lk9v6_users` (`name`, `email`, `usertype`) VALUES ('هند آدم علي شاطر أحمد', '', 'الخريجين');
INSERT INTO `lk9v6_alumni_main` (`id`, `user_id`, `approved`) VALUES (239267, 239267, 1);
INSERT INTO `lk9v6_alumni_data` (`alumni_id`, `graduation_year`, `fid`, `job`, `address`, `city`, `country`, `phone`, `gid`, `mobile`, `nationalnumber`, `department`, `division`, `with_honor`) VALUES (239267, 2005, '23', '', '', '', '', '', '', '', '', 'التربية الفنية ', '', '');
INSERT INTO `lk9v6_users` (`name`, `email`, `usertype`) VALUES ('هند عبد الغفار محمد عبد الغفار ', '', 'الخريجين');
INSERT INTO `lk9v6_alumni_main` (`id`, `user_id`, `approved`) VALUES (239268, 239268, 1);
INSERT INTO `lk9v6_alumni_data` (`alumni_id`, `graduation_year`, `fid`, `job`, `address`, `city`, `country`, `phone`, `gid`, `mobile`, `nationalnumber`, `department`, `division`, `with_honor`) VALUES (239268, 2005, '23', '', '', '', '', '', '', '', '', 'التربية الفنية ', '', '');
INSERT INTO `lk9v6_users` (`name`, `email`, `usertype`) VALUES ('هند مرسي محمد علي الجبارسي ', '', 'الخريجين');
INSERT INTO `lk9v6_alumni_main` (`id`, `user_id`, `approved`) VALUES (239269, 239269, 1);
INSERT INTO `lk9v6_alumni_data` (`alumni_id`, `graduation_year`, `fid`, `job`, `address`, `city`, `country`, `phone`, `gid`, `mobile`, `nationalnumber`, `department`, `division`, `with_honor`) VALUES (239269, 2005, '23', '', '', '', '', '', '', '', '', 'التربية الفنية ', '', '');
INSERT INTO `lk9v6_users` (`name`, `email`, `usertype`) VALUES ('هيثم محمد خالد خليل محمد خليل ', '', 'الخريجين');
INSERT INTO `lk9v6_alumni_main` (`id`, `user_id`, `approved`) VALUES (239270, 239270, 1);
INSERT INTO `lk9v6_alumni_data` (`alumni_id`, `graduation_year`, `fid`, `job`, `address`, `city`, `country`, `phone`, `gid`, `mobile`, `nationalnumber`, `department`, `division`, `with_honor`) VALUES (239270, 2005, '23', '', '', '', '', '', '', '', '', 'التربية الفنية ', '', '');
INSERT INTO `lk9v6_users` (`name`, `email`, `usertype`) VALUES ('وردة محمد السيد عفيفي', '', 'الخريجين');
INSERT INTO `lk9v6_alumni_main` (`id`, `user_id`, `approved`) VALUES (239271, 239271, 1);
INSERT INTO `lk9v6_alumni_data` (`alumni_id`, `graduation_year`, `fid`, `job`, `address`, `city`, `country`, `phone`, `gid`, `mobile`, `nationalnumber`, `department`, `division`, `with_honor`) VALUES (239271, 2005, '23', '', '', '', '', '', '', '', '', 'التربية الفنية ', '', '');
INSERT INTO `lk9v6_users` (`name`, `email`, `usertype`) VALUES ('وسام ماهر حسن محروس ', '', 'الخريجين');
INSERT INTO `lk9v6_alumni_main` (`id`, `user_id`, `approved`) VALUES (239272, 239272, 1);
INSERT INTO `lk9v6_alumni_data` (`alumni_id`, `graduation_year`, `fid`, `job`, `address`, `city`, `country`, `phone`, `gid`, `mobile`, `nationalnumber`, `department`, `division`, `with_honor`) VALUES (239272, 2005, '23', '', '', '', '', '', '', '', '', 'التربية الفنية ', '', '');
INSERT INTO `lk9v6_users` (`name`, `email`, `usertype`) VALUES ('ولاء عاطف محمد أحمد', '', 'الخريجين');
INSERT INTO `lk9v6_alumni_main` (`id`, `user_id`, `approved`) VALUES (239273, 239273, 1);
INSERT INTO `lk9v6_alumni_data` (`alumni_id`, `graduation_year`, `fid`, `job`, `address`, `city`, `country`, `phone`, `gid`, `mobile`, `nationalnumber`, `department`, `division`, `with_honor`) VALUES (239273, 2005, '23', '', '', '', '', '', '', '', '', 'التربية الفنية ', '', '');
INSERT INTO `lk9v6_users` (`name`, `email`, `usertype`) VALUES ('ولاء محمد حمود أحمد أبو سيف ', '', 'الخريجين');
INSERT INTO `lk9v6_alumni_main` (`id`, `user_id`, `approved`) VALUES (239274, 239274, 1);
INSERT INTO `lk9v6_alumni_data` (`alumni_id`, `graduation_year`, `fid`, `job`, `address`, `city`, `country`, `phone`, `gid`, `mobile`, `nationalnumber`, `department`, `division`, `with_honor`) VALUES (239274, 2005, '23', '', '', '', '', '', '', '', '', 'التربية الفنية ', '', '');
INSERT INTO `lk9v6_users` (`name`, `email`, `usertype`) VALUES ('وليد مصطفي ابراهيم خلف الله', '', 'الخريجين');
INSERT INTO `lk9v6_alumni_main` (`id`, `user_id`, `approved`) VALUES (239275, 239275, 1);
INSERT INTO `lk9v6_alumni_data` (`alumni_id`, `graduation_year`, `fid`, `job`, `address`, `city`, `country`, `phone`, `gid`, `mobile`, `nationalnumber`, `department`, `division`, `with_honor`) VALUES (239275, 2005, '23', '', '', '', '', '', '', '', '', 'التربية الفنية ', '', '');
INSERT INTO `lk9v6_users` (`name`, `email`, `usertype`) VALUES ('ياسمين محمد عطية أحمد الثلث', '', 'الخريجين');
INSERT INTO `lk9v6_alumni_main` (`id`, `user_id`, `approved`) VALUES (239276, 239276, 1);
INSERT INTO `lk9v6_alumni_data` (`alumni_id`, `graduation_year`, `fid`, `job`, `address`, `city`, `country`, `phone`, `gid`, `mobile`, `nationalnumber`, `department`, `division`, `with_honor`) VALUES (239276, 2005, '23', '', '', '', '', '', '', '', '', 'التربية الفنية ', '', '');
INSERT INTO `lk9v6_users` (`name`, `email`, `usertype`) VALUES ('أسماء السيد عبد السلام محمد قاسم ', '', 'الخريجين');
INSERT INTO `lk9v6_alumni_main` (`id`, `user_id`, `approved`) VALUES (239277, 239277, 1);
INSERT INTO `lk9v6_alumni_data` (`alumni_id`, `graduation_year`, `fid`, `job`, `address`, `city`, `country`, `phone`, `gid`, `mobile`, `nationalnumber`, `department`, `division`, `with_honor`) VALUES (239277, 2005, '23', '', '', '', '', '', '', '', '', 'التربية الفنية ', '', '');
INSERT INTO `lk9v6_users` (`name`, `email`, `usertype`) VALUES ('الشيماء مرسي أبو زيد حسن ', '', 'الخريجين');
INSERT INTO `lk9v6_alumni_main` (`id`, `user_id`, `approved`) VALUES (239278, 239278, 1);
INSERT INTO `lk9v6_alumni_data` (`alumni_id`, `graduation_year`, `fid`, `job`, `address`, `city`, `country`, `phone`, `gid`, `mobile`, `nationalnumber`, `department`, `division`, `with_honor`) VALUES (239278, 2005, '23', '', '', '', '', '', '', '', '', 'التربية الفنية ', '', '');
INSERT INTO `lk9v6_users` (`name`, `email`, `usertype`) VALUES ('اميرة عادل محمد كامل جلبي ', '', 'الخريجين');
INSERT INTO `lk9v6_alumni_main` (`id`, `user_id`, `approved`) VALUES (239279, 239279, 1);
INSERT INTO `lk9v6_alumni_data` (`alumni_id`, `graduation_year`, `fid`, `job`, `address`, `city`, `country`, `phone`, `gid`, `mobile`, `nationalnumber`, `department`, `division`, `with_honor`) VALUES (239279, 2005, '23', '', '', '', '', '', '', '', '', 'التربية الفنية ', '', '');
INSERT INTO `lk9v6_users` (`name`, `email`, `usertype`) VALUES ('ايمان احمد محمد عثمان ', '', 'الخريجين');
INSERT INTO `lk9v6_alumni_main` (`id`, `user_id`, `approved`) VALUES (239280, 239280, 1);
INSERT INTO `lk9v6_alumni_data` (`alumni_id`, `graduation_year`, `fid`, `job`, `address`, `city`, `country`, `phone`, `gid`, `mobile`, `nationalnumber`, `department`, `division`, `with_honor`) VALUES (239280, 2005, '23', '', '', '', '', '', '', '', '', 'التربية الفنية ', '', '');
INSERT INTO `lk9v6_users` (`name`, `email`, `usertype`) VALUES ('رانيا خليل حسن بسطاوي ', '', 'الخريجين');
INSERT INTO `lk9v6_alumni_main` (`id`, `user_id`, `approved`) VALUES (239281, 239281, 1);
INSERT INTO `lk9v6_alumni_data` (`alumni_id`, `graduation_year`, `fid`, `job`, `address`, `city`, `country`, `phone`, `gid`, `mobile`, `nationalnumber`, `department`, `division`, `with_honor`) VALUES (239281, 2005, '23', '', '', '', '', '', '', '', '', 'التربية الفنية ', '', '');
INSERT INTO `lk9v6_users` (`name`, `email`, `usertype`) VALUES ('رانيا محمد ابراهيم المرادني الجناجي', '', 'الخريجين');
INSERT INTO `lk9v6_alumni_main` (`id`, `user_id`, `approved`) VALUES (239282, 239282, 1);
INSERT INTO `lk9v6_alumni_data` (`alumni_id`, `graduation_year`, `fid`, `job`, `address`, `city`, `country`, `phone`, `gid`, `mobile`, `nationalnumber`, `department`, `division`, `with_honor`) VALUES (239282, 2005, '23', '', '', '', '', '', '', '', '', 'التربية الفنية ', '', '');
INSERT INTO `lk9v6_users` (`name`, `email`, `usertype`) VALUES ('شيماء خميس السيد موسي أحمد الحداد', '', 'الخريجين');
INSERT INTO `lk9v6_alumni_main` (`id`, `user_id`, `approved`) VALUES (239283, 239283, 1);
INSERT INTO `lk9v6_alumni_data` (`alumni_id`, `graduation_year`, `fid`, `job`, `address`, `city`, `country`, `phone`, `gid`, `mobile`, `nationalnumber`, `department`, `division`, `with_honor`) VALUES (239283, 2005, '23', '', '', '', '', '', '', '', '', 'التربية الفنية ', '', '');
INSERT INTO `lk9v6_users` (`name`, `email`, `usertype`) VALUES ('شيماء سمير السيد خليل ', '', 'الخريجين');
INSERT INTO `lk9v6_alumni_main` (`id`, `user_id`, `approved`) VALUES (239284, 239284, 1);
INSERT INTO `lk9v6_alumni_data` (`alumni_id`, `graduation_year`, `fid`, `job`, `address`, `city`, `country`, `phone`, `gid`, `mobile`, `nationalnumber`, `department`, `division`, `with_honor`) VALUES (239284, 2005, '23', '', '', '', '', '', '', '', '', 'التربية الفنية ', '', '');
INSERT INTO `lk9v6_users` (`name`, `email`, `usertype`) VALUES ('شيماء منصور محمد فضلي محمد شرف ', '', 'الخريجين');
INSERT INTO `lk9v6_alumni_main` (`id`, `user_id`, `approved`) VALUES (239285, 239285, 1);
INSERT INTO `lk9v6_alumni_data` (`alumni_id`, `graduation_year`, `fid`, `job`, `address`, `city`, `country`, `phone`, `gid`, `mobile`, `nationalnumber`, `department`, `division`, `with_honor`) VALUES (239285, 2005, '23', '', '', '', '', '', '', '', '', 'التربية الفنية ', '', '');
INSERT INTO `lk9v6_users` (`name`, `email`, `usertype`) VALUES (' عماد بديع غبريال غالي ', '', 'الخريجين');
INSERT INTO `lk9v6_alumni_main` (`id`, `user_id`, `approved`) VALUES (239286, 239286, 1);
INSERT INTO `lk9v6_alumni_data` (`alumni_id`, `graduation_year`, `fid`, `job`, `address`, `city`, `country`, `phone`, `gid`, `mobile`, `nationalnumber`, `department`, `division`, `with_honor`) VALUES (239286, 2005, '23', '', '', '', '', '', '', '', '', 'التربية الفنية ', '', '');
INSERT INTO `lk9v6_users` (`name`, `email`, `usertype`) VALUES ('مي عصام الدين أحمد الشهاوي ', '', 'الخريجين');
INSERT INTO `lk9v6_alumni_main` (`id`, `user_id`, `approved`) VALUES (239287, 239287, 1);
INSERT INTO `lk9v6_alumni_data` (`alumni_id`, `graduation_year`, `fid`, `job`, `address`, `city`, `country`, `phone`, `gid`, `mobile`, `nationalnumber`, `department`, `division`, `with_honor`) VALUES (239287, 2005, '23', '', '', '', '', '', '', '', '', 'التربية الفنية ', '', '');
INSERT INTO `lk9v6_users` (`name`, `email`, `usertype`) VALUES ('ندي محمد أحمد محمود الجوهري ', '', 'الخريجين');
INSERT INTO `lk9v6_alumni_main` (`id`, `user_id`, `approved`) VALUES (239288, 239288, 1);
INSERT INTO `lk9v6_alumni_data` (`alumni_id`, `graduation_year`, `fid`, `job`, `address`, `city`, `country`, `phone`, `gid`, `mobile`, `nationalnumber`, `department`, `division`, `with_honor`) VALUES (239288, 2005, '23', '', '', '', '', '', '', '', '', 'التربية الفنية ', '', '');
INSERT INTO `lk9v6_users` (`name`, `email`, `usertype`) VALUES ('ندي محمود عبد الوهاب أمين زاهر', '', 'الخريجين');
INSERT INTO `lk9v6_alumni_main` (`id`, `user_id`, `approved`) VALUES (239289, 239289, 1);
INSERT INTO `lk9v6_alumni_data` (`alumni_id`, `graduation_year`, `fid`, `job`, `address`, `city`, `country`, `phone`, `gid`, `mobile`, `nationalnumber`, `department`, `division`, `with_honor`) VALUES (239289, 2005, '23', '', '', '', '', '', '', '', '', 'التربية الفنية ', '', '');
INSERT INTO `lk9v6_users` (`name`, `email`, `usertype`) VALUES ('هبة الله علي حسن علي التابعي ', '', 'الخريجين');
INSERT INTO `lk9v6_alumni_main` (`id`, `user_id`, `approved`) VALUES (239290, 239290, 1);
INSERT INTO `lk9v6_alumni_data` (`alumni_id`, `graduation_year`, `fid`, `job`, `address`, `city`, `country`, `phone`, `gid`, `mobile`, `nationalnumber`, `department`, `division`, `with_honor`) VALUES (239290, 2005, '23', '', '', '', '', '', '', '', '', 'التربية الفنية ', '', '');
INSERT INTO `lk9v6_users` (`name`, `email`, `usertype`) VALUES ('هبة رضوان السيد عبد الحافظ ', '', 'الخريجين');
INSERT INTO `lk9v6_alumni_main` (`id`, `user_id`, `approved`) VALUES (239291, 239291, 1);
INSERT INTO `lk9v6_alumni_data` (`alumni_id`, `graduation_year`, `fid`, `job`, `address`, `city`, `country`, `phone`, `gid`, `mobile`, `nationalnumber`, `department`, `division`, `with_honor`) VALUES (239291, 2005, '23', '', '', '', '', '', '', '', '', 'التربية الفنية ', '', '');
INSERT INTO `lk9v6_users` (`name`, `email`, `usertype`) VALUES ('هناء هاجر أحمد درويش ', '', 'الخريجين');
INSERT INTO `lk9v6_alumni_main` (`id`, `user_id`, `approved`) VALUES (239292, 239292, 1);
INSERT INTO `lk9v6_alumni_data` (`alumni_id`, `graduation_year`, `fid`, `job`, `address`, `city`, `country`, `phone`, `gid`, `mobile`, `nationalnumber`, `department`, `division`, `with_honor`) VALUES (239292, 2005, '23', '', '', '', '', '', '', '', '', 'التربية الفنية ', '', '');
INSERT INTO `lk9v6_users` (`name`, `email`, `usertype`) VALUES ('ولاء مصطفي عبد العزيز الدكروري ', '', 'الخريجين');
INSERT INTO `lk9v6_alumni_main` (`id`, `user_id`, `approved`) VALUES (239293, 239293, 1);
INSERT INTO `lk9v6_alumni_data` (`alumni_id`, `graduation_year`, `fid`, `job`, `address`, `city`, `country`, `phone`, `gid`, `mobile`, `nationalnumber`, `department`, `division`, `with_honor`) VALUES (239293, 2005, '23', '', '', '', '', '', '', '', '', 'التربية الفنية ', '', '');
INSERT INTO `lk9v6_users` (`name`, `email`, `usertype`) VALUES ('ياسمين محمد سليمان عبد اللطيف ', '', 'الخريجين');
INSERT INTO `lk9v6_alumni_main` (`id`, `user_id`, `approved`) VALUES (239294, 239294, 1);
INSERT INTO `lk9v6_alumni_data` (`alumni_id`, `graduation_year`, `fid`, `job`, `address`, `city`, `country`, `phone`, `gid`, `mobile`, `nationalnumber`, `department`, `division`, `with_honor`) VALUES (239294, 2005, '23', '', '', '', '', '', '', '', '', 'التربية الفنية ', '', '');
INSERT INTO `lk9v6_users` (`name`, `email`, `usertype`) VALUES ('يمني أحمد محمود قمح', '', 'الخريجين');
INSERT INTO `lk9v6_alumni_main` (`id`, `user_id`, `approved`) VALUES (239295, 239295, 1);
INSERT INTO `lk9v6_alumni_data` (`alumni_id`, `graduation_year`, `fid`, `job`, `address`, `city`, `country`, `phone`, `gid`, `mobile`, `nationalnumber`, `department`, `division`, `with_honor`) VALUES (239295, 2005, '23', '', '', '', '', '', '', '', '', 'التربية الفنية ', '', '');
INSERT INTO `lk9v6_users` (`name`, `email`, `usertype`) VALUES ('رانيا ممدوح ابراهيم خليل', '', 'الخريجين');
INSERT INTO `lk9v6_alumni_main` (`id`, `user_id`, `approved`) VALUES (239296, 239296, 1);
INSERT INTO `lk9v6_alumni_data` (`alumni_id`, `graduation_year`, `fid`, `job`, `address`, `city`, `country`, `phone`, `gid`, `mobile`, `nationalnumber`, `department`, `division`, `with_honor`) VALUES (239296, 2005, '23', '', '', '', '', '', '', '', '', 'التربية الموسيقية ', '', '');
INSERT INTO `lk9v6_users` (`name`, `email`, `usertype`) VALUES ('كريستين مجدي اسكندر يوسف عبده', '', 'الخريجين');
INSERT INTO `lk9v6_alumni_main` (`id`, `user_id`, `approved`) VALUES (239297, 239297, 1);
INSERT INTO `lk9v6_alumni_data` (`alumni_id`, `graduation_year`, `fid`, `job`, `address`, `city`, `country`, `phone`, `gid`, `mobile`, `nationalnumber`, `department`, `division`, `with_honor`) VALUES (239297, 2005, '23', '', '', '', '', '', '', '', '', 'التربية الموسيقية 2007', '', '');
INSERT INTO `lk9v6_users` (`name`, `email`, `usertype`) VALUES ('لمياء عبد الحميد عبد الحميد أحمد', '', 'الخريجين');
INSERT INTO `lk9v6_alumni_main` (`id`, `user_id`, `approved`) VALUES (239298, 239298, 1);
INSERT INTO `lk9v6_alumni_data` (`alumni_id`, `graduation_year`, `fid`, `job`, `address`, `city`, `country`, `phone`, `gid`, `mobile`, `nationalnumber`, `department`, `division`, `with_honor`) VALUES (239298, 2005, '23', '', '', '', '', '', '', '', '', 'التربية الموسيقية 2007', '', '');
INSERT INTO `lk9v6_users` (`name`, `email`, `usertype`) VALUES ('هبة سليمان فهمي عبد الحميد سليمان ', '', 'الخريجين');
INSERT INTO `lk9v6_alumni_main` (`id`, `user_id`, `approved`) VALUES (239299, 239299, 1);
INSERT INTO `lk9v6_alumni_data` (`alumni_id`, `graduation_year`, `fid`, `job`, `address`, `city`, `country`, `phone`, `gid`, `mobile`, `nationalnumber`, `department`, `division`, `with_honor`) VALUES (239299, 2005, '23', '', '', '', '', '', '', '', '', 'التربية الموسيقية 2007', '', '');
INSERT INTO `lk9v6_users` (`name`, `email`, `usertype`) VALUES ('أميرة عباس رزق عباس ', '', 'الخريجين');
INSERT INTO `lk9v6_alumni_main` (`id`, `user_id`, `approved`) VALUES (239300, 239300, 1);
INSERT INTO `lk9v6_alumni_data` (`alumni_id`, `graduation_year`, `fid`, `job`, `address`, `city`, `country`, `phone`, `gid`, `mobile`, `nationalnumber`, `department`, `division`, `with_honor`) VALUES (239300, 2005, '23', '', '', '', '', '', '', '', '', 'التربية الموسيقية 2007', '', '');
INSERT INTO `lk9v6_users` (`name`, `email`, `usertype`) VALUES ('ايمان علي لطفي علي سلامة ', '', 'الخريجين');
INSERT INTO `lk9v6_alumni_main` (`id`, `user_id`, `approved`) VALUES (239301, 239301, 1);
INSERT INTO `lk9v6_alumni_data` (`alumni_id`, `graduation_year`, `fid`, `job`, `address`, `city`, `country`, `phone`, `gid`, `mobile`, `nationalnumber`, `department`, `division`, `with_honor`) VALUES (239301, 2005, '23', '', '', '', '', '', '', '', '', 'التربية الموسيقية 2007', '', '');
INSERT INTO `lk9v6_users` (`name`, `email`, `usertype`) VALUES ('ماهي محمود السيد عبد الحليم محمد', '', 'الخريجين');
INSERT INTO `lk9v6_alumni_main` (`id`, `user_id`, `approved`) VALUES (239302, 239302, 1);
INSERT INTO `lk9v6_alumni_data` (`alumni_id`, `graduation_year`, `fid`, `job`, `address`, `city`, `country`, `phone`, `gid`, `mobile`, `nationalnumber`, `department`, `division`, `with_honor`) VALUES (239302, 2005, '23', '', '', '', '', '', '', '', '', 'التربية الموسيقية 2007', '', '');
INSERT INTO `lk9v6_users` (`name`, `email`, `usertype`) VALUES ('مصطفي محمود عبد السلام عثمان اباظة', '', 'الخريجين');
INSERT INTO `lk9v6_alumni_main` (`id`, `user_id`, `approved`) VALUES (239303, 239303, 1);
INSERT INTO `lk9v6_alumni_data` (`alumni_id`, `graduation_year`, `fid`, `job`, `address`, `city`, `country`, `phone`, `gid`, `mobile`, `nationalnumber`, `department`, `division`, `with_honor`) VALUES (239303, 2005, '23', '', '', '', '', '', '', '', '', 'التربية الموسيقية 2007', '', '');
INSERT INTO `lk9v6_users` (`name`, `email`, `usertype`) VALUES ('نسمة سعيد رفاعي عبد الحميد', '', 'الخريجين');
INSERT INTO `lk9v6_alumni_main` (`id`, `user_id`, `approved`) VALUES (239304, 239304, 1);
INSERT INTO `lk9v6_alumni_data` (`alumni_id`, `graduation_year`, `fid`, `job`, `address`, `city`, `country`, `phone`, `gid`, `mobile`, `nationalnumber`, `department`, `division`, `with_honor`) VALUES (239304, 2005, '23', '', '', '', '', '', '', '', '', 'التربية الموسيقية 2007', '', '');
INSERT INTO `lk9v6_users` (`name`, `email`, `usertype`) VALUES ('نسمة عبدالرؤوف محمد هنيدي', '', 'الخريجين');
INSERT INTO `lk9v6_alumni_main` (`id`, `user_id`, `approved`) VALUES (239305, 239305, 1);
INSERT INTO `lk9v6_alumni_data` (`alumni_id`, `graduation_year`, `fid`, `job`, `address`, `city`, `country`, `phone`, `gid`, `mobile`, `nationalnumber`, `department`, `division`, `with_honor`) VALUES (239305, 2005, '23', '', '', '', '', '', '', '', '', 'التربية الموسيقية 2007', '', '');
INSERT INTO `lk9v6_users` (`name`, `email`, `usertype`) VALUES ('أزهار أحمد عبد العليم زاهر ', '', 'الخريجين');
INSERT INTO `lk9v6_alumni_main` (`id`, `user_id`, `approved`) VALUES (239306, 239306, 1);
INSERT INTO `lk9v6_alumni_data` (`alumni_id`, `graduation_year`, `fid`, `job`, `address`, `city`, `country`, `phone`, `gid`, `mobile`, `nationalnumber`, `department`, `division`, `with_honor`) VALUES (239306, 2005, '23', '', '', '', '', '', '', '', '', 'التربية الموسيقية 2007', '', '');
INSERT INTO `lk9v6_users` (`name`, `email`, `usertype`) VALUES ('أمنية فاروق متولي السيد نعيم ', '', 'الخريجين');
INSERT INTO `lk9v6_alumni_main` (`id`, `user_id`, `approved`) VALUES (239307, 239307, 1);
INSERT INTO `lk9v6_alumni_data` (`alumni_id`, `graduation_year`, `fid`, `job`, `address`, `city`, `country`, `phone`, `gid`, `mobile`, `nationalnumber`, `department`, `division`, `with_honor`) VALUES (239307, 2005, '23', '', '', '', '', '', '', '', '', 'التربية الموسيقية 2007', '', '');
INSERT INTO `lk9v6_users` (`name`, `email`, `usertype`) VALUES ('امنية محمد محمد  محمد شلبى', '', 'الخريجين');
INSERT INTO `lk9v6_alumni_main` (`id`, `user_id`, `approved`) VALUES (239308, 239308, 1);
INSERT INTO `lk9v6_alumni_data` (`alumni_id`, `graduation_year`, `fid`, `job`, `address`, `city`, `country`, `phone`, `gid`, `mobile`, `nationalnumber`, `department`, `division`, `with_honor`) VALUES (239308, 2005, '23', '', '', '', '', '', '', '', '', 'التربية الموسيقية 2007', '', '');
INSERT INTO `lk9v6_users` (`name`, `email`, `usertype`) VALUES ('اميرة شكرى حنا جرجس', '', 'الخريجين');
INSERT INTO `lk9v6_alumni_main` (`id`, `user_id`, `approved`) VALUES (239309, 239309, 1);
INSERT INTO `lk9v6_alumni_data` (`alumni_id`, `graduation_year`, `fid`, `job`, `address`, `city`, `country`, `phone`, `gid`, `mobile`, `nationalnumber`, `department`, `division`, `with_honor`) VALUES (239309, 2005, '23', '', '', '', '', '', '', '', '', 'التربية الموسيقية 2007', '', '');
INSERT INTO `lk9v6_users` (`name`, `email`, `usertype`) VALUES ('بنسية سعيد عبد الحميد ابراهيم ', '', 'الخريجين');
INSERT INTO `lk9v6_alumni_main` (`id`, `user_id`, `approved`) VALUES (239310, 239310, 1);
INSERT INTO `lk9v6_alumni_data` (`alumni_id`, `graduation_year`, `fid`, `job`, `address`, `city`, `country`, `phone`, `gid`, `mobile`, `nationalnumber`, `department`, `division`, `with_honor`) VALUES (239310, 2005, '23', '', '', '', '', '', '', '', '', 'التربية الموسيقية 2007', '', '');
INSERT INTO `lk9v6_users` (`name`, `email`, `usertype`) VALUES ('سارة زكريا محمد حسن النشار', '', 'الخريجين');
INSERT INTO `lk9v6_alumni_main` (`id`, `user_id`, `approved`) VALUES (239311, 239311, 1);
INSERT INTO `lk9v6_alumni_data` (`alumni_id`, `graduation_year`, `fid`, `job`, `address`, `city`, `country`, `phone`, `gid`, `mobile`, `nationalnumber`, `department`, `division`, `with_honor`) VALUES (239311, 2005, '23', '', '', '', '', '', '', '', '', 'التربية الموسيقية 2007', '', '');
INSERT INTO `lk9v6_users` (`name`, `email`, `usertype`) VALUES ('سماح شعبان صالح طبيق', '', 'الخريجين');
INSERT INTO `lk9v6_alumni_main` (`id`, `user_id`, `approved`) VALUES (239312, 239312, 1);
INSERT INTO `lk9v6_alumni_data` (`alumni_id`, `graduation_year`, `fid`, `job`, `address`, `city`, `country`, `phone`, `gid`, `mobile`, `nationalnumber`, `department`, `division`, `with_honor`) VALUES (239312, 2005, '23', '', '', '', '', '', '', '', '', 'التربية الموسيقية 2007', '', '');
INSERT INTO `lk9v6_users` (`name`, `email`, `usertype`) VALUES ('سوزي حسن السيد علي الريس ', '', 'الخريجين');
INSERT INTO `lk9v6_alumni_main` (`id`, `user_id`, `approved`) VALUES (239313, 239313, 1);
INSERT INTO `lk9v6_alumni_data` (`alumni_id`, `graduation_year`, `fid`, `job`, `address`, `city`, `country`, `phone`, `gid`, `mobile`, `nationalnumber`, `department`, `division`, `with_honor`) VALUES (239313, 2005, '23', '', '', '', '', '', '', '', '', 'التربية الموسيقية 2007', '', '');
INSERT INTO `lk9v6_users` (`name`, `email`, `usertype`) VALUES ('شيماء رفعت محمد محمد أبو موسي ', '', 'الخريجين');
INSERT INTO `lk9v6_alumni_main` (`id`, `user_id`, `approved`) VALUES (239314, 239314, 1);
INSERT INTO `lk9v6_alumni_data` (`alumni_id`, `graduation_year`, `fid`, `job`, `address`, `city`, `country`, `phone`, `gid`, `mobile`, `nationalnumber`, `department`, `division`, `with_honor`) VALUES (239314, 2005, '23', '', '', '', '', '', '', '', '', 'التربية الموسيقية 2007', '', '');
INSERT INTO `lk9v6_users` (`name`, `email`, `usertype`) VALUES ('محمد مصطفي ابراهيم مصطفي ', '', 'الخريجين');
INSERT INTO `lk9v6_alumni_main` (`id`, `user_id`, `approved`) VALUES (239315, 239315, 1);
INSERT INTO `lk9v6_alumni_data` (`alumni_id`, `graduation_year`, `fid`, `job`, `address`, `city`, `country`, `phone`, `gid`, `mobile`, `nationalnumber`, `department`, `division`, `with_honor`) VALUES (239315, 2005, '23', '', '', '', '', '', '', '', '', 'التربية الموسيقية 2007', '', '');
INSERT INTO `lk9v6_users` (`name`, `email`, `usertype`) VALUES ('مرفت وجدي ادوارد جرجس ', '', 'الخريجين');
INSERT INTO `lk9v6_alumni_main` (`id`, `user_id`, `approved`) VALUES (239316, 239316, 1);
INSERT INTO `lk9v6_alumni_data` (`alumni_id`, `graduation_year`, `fid`, `job`, `address`, `city`, `country`, `phone`, `gid`, `mobile`, `nationalnumber`, `department`, `division`, `with_honor`) VALUES (239316, 2005, '23', '', '', '', '', '', '', '', '', 'التربية الموسيقية 2007', '', '');
INSERT INTO `lk9v6_users` (`name`, `email`, `usertype`) VALUES ('مروة مرسى  احمد مرسى', '', 'الخريجين');
INSERT INTO `lk9v6_alumni_main` (`id`, `user_id`, `approved`) VALUES (239317, 239317, 1);
INSERT INTO `lk9v6_alumni_data` (`alumni_id`, `graduation_year`, `fid`, `job`, `address`, `city`, `country`, `phone`, `gid`, `mobile`, `nationalnumber`, `department`, `division`, `with_honor`) VALUES (239317, 2005, '23', '', '', '', '', '', '', '', '', 'التربية الموسيقية 2007', '', '');
INSERT INTO `lk9v6_users` (`name`, `email`, `usertype`) VALUES ('مروة مغربى محمد البهواش سعد', '', 'الخريجين');
INSERT INTO `lk9v6_alumni_main` (`id`, `user_id`, `approved`) VALUES (239318, 239318, 1);
INSERT INTO `lk9v6_alumni_data` (`alumni_id`, `graduation_year`, `fid`, `job`, `address`, `city`, `country`, `phone`, `gid`, `mobile`, `nationalnumber`, `department`, `division`, `with_honor`) VALUES (239318, 2005, '23', '', '', '', '', '', '', '', '', 'التربية الموسيقية 2007', '', '');
INSERT INTO `lk9v6_users` (`name`, `email`, `usertype`) VALUES ('مى احمد جمعة احمد موسى', '', 'الخريجين');
INSERT INTO `lk9v6_alumni_main` (`id`, `user_id`, `approved`) VALUES (239319, 239319, 1);
INSERT INTO `lk9v6_alumni_data` (`alumni_id`, `graduation_year`, `fid`, `job`, `address`, `city`, `country`, `phone`, `gid`, `mobile`, `nationalnumber`, `department`, `division`, `with_honor`) VALUES (239319, 2005, '23', '', '', '', '', '', '', '', '', 'التربية الموسيقية 2007', '', '');
INSERT INTO `lk9v6_users` (`name`, `email`, `usertype`) VALUES ('نيفين فايز فرج قناوى', '', 'الخريجين');
INSERT INTO `lk9v6_alumni_main` (`id`, `user_id`, `approved`) VALUES (239320, 239320, 1);
INSERT INTO `lk9v6_alumni_data` (`alumni_id`, `graduation_year`, `fid`, `job`, `address`, `city`, `country`, `phone`, `gid`, `mobile`, `nationalnumber`, `department`, `division`, `with_honor`) VALUES (239320, 2005, '23', '', '', '', '', '', '', '', '', 'التربية الموسيقية 2007', '', '');
INSERT INTO `lk9v6_users` (`name`, `email`, `usertype`) VALUES ('منى فؤاد محمود احمد', '', 'الخريجين');
INSERT INTO `lk9v6_alumni_main` (`id`, `user_id`, `approved`) VALUES (239321, 239321, 1);
INSERT INTO `lk9v6_alumni_data` (`alumni_id`, `graduation_year`, `fid`, `job`, `address`, `city`, `country`, `phone`, `gid`, `mobile`, `nationalnumber`, `department`, `division`, `with_honor`) VALUES (239321, 2005, '23', '', '', '', '', '', '', '', '', 'التربية الموسيقية 2007', '', '');
INSERT INTO `lk9v6_users` (`name`, `email`, `usertype`) VALUES ('نهاد مصطفى رجب عبد الله', '', 'الخريجين');
INSERT INTO `lk9v6_alumni_main` (`id`, `user_id`, `approved`) VALUES (239322, 239322, 1);
INSERT INTO `lk9v6_alumni_data` (`alumni_id`, `graduation_year`, `fid`, `job`, `address`, `city`, `country`, `phone`, `gid`, `mobile`, `nationalnumber`, `department`, `division`, `with_honor`) VALUES (239322, 2005, '23', '', '', '', '', '', '', '', '', 'التربية الموسيقية 2007', '', '');
INSERT INTO `lk9v6_users` (`name`, `email`, `usertype`) VALUES ('عبير بشرى عوض حنا', '', 'الخريجين');
INSERT INTO `lk9v6_alumni_main` (`id`, `user_id`, `approved`) VALUES (239323, 239323, 1);
INSERT INTO `lk9v6_alumni_data` (`alumni_id`, `graduation_year`, `fid`, `job`, `address`, `city`, `country`, `phone`, `gid`, `mobile`, `nationalnumber`, `department`, `division`, `with_honor`) VALUES (239323, 2005, '23', '', '', '', '', '', '', '', '', 'التربية الموسيقية 2007', '', '');
INSERT INTO `lk9v6_users` (`name`, `email`, `usertype`) VALUES ('بسند السيد عبد السلام محمد قاسم', '', 'الخريجين');
INSERT INTO `lk9v6_alumni_main` (`id`, `user_id`, `approved`) VALUES (239324, 239324, 1);
INSERT INTO `lk9v6_alumni_data` (`alumni_id`, `graduation_year`, `fid`, `job`, `address`, `city`, `country`, `phone`, `gid`, `mobile`, `nationalnumber`, `department`, `division`, `with_honor`) VALUES (239324, 2005, '23', '', '', '', '', '', '', '', '', 'التربية الموسيقية 2007', '', '');
INSERT INTO `lk9v6_users` (`name`, `email`, `usertype`) VALUES ('هدى صلاح النجيلى محمد عطية', '', 'الخريجين');
INSERT INTO `lk9v6_alumni_main` (`id`, `user_id`, `approved`) VALUES (239325, 239325, 1);
INSERT INTO `lk9v6_alumni_data` (`alumni_id`, `graduation_year`, `fid`, `job`, `address`, `city`, `country`, `phone`, `gid`, `mobile`, `nationalnumber`, `department`, `division`, `with_honor`) VALUES (239325, 2005, '23', '', '', '', '', '', '', '', '', 'التربية الموسيقية 2007', '', '');
INSERT INTO `lk9v6_users` (`name`, `email`, `usertype`) VALUES ('أحمد محمد حامد حبيب', '', 'الخريجين');
INSERT INTO `lk9v6_alumni_main` (`id`, `user_id`, `approved`) VALUES (239326, 239326, 1);
INSERT INTO `lk9v6_alumni_data` (`alumni_id`, `graduation_year`, `fid`, `job`, `address`, `city`, `country`, `phone`, `gid`, `mobile`, `nationalnumber`, `department`, `division`, `with_honor`) VALUES (239326, 2006, '23', '', '', '', '', '', '', '', '', 'التربية الفنية ', '', '');
INSERT INTO `lk9v6_users` (`name`, `email`, `usertype`) VALUES ('أحمد محمود ابراهيم رحال ', '', 'الخريجين');
INSERT INTO `lk9v6_alumni_main` (`id`, `user_id`, `approved`) VALUES (239327, 239327, 1);
INSERT INTO `lk9v6_alumni_data` (`alumni_id`, `graduation_year`, `fid`, `job`, `address`, `city`, `country`, `phone`, `gid`, `mobile`, `nationalnumber`, `department`, `division`, `with_honor`) VALUES (239327, 2006, '23', '', '', '', '', '', '', '', '', 'التربية الفنية ', '', '');
INSERT INTO `lk9v6_users` (`name`, `email`, `usertype`) VALUES ('أروي مجدي محمد رزق ', '', 'الخريجين');
INSERT INTO `lk9v6_alumni_main` (`id`, `user_id`, `approved`) VALUES (239328, 239328, 1);
INSERT INTO `lk9v6_alumni_data` (`alumni_id`, `graduation_year`, `fid`, `job`, `address`, `city`, `country`, `phone`, `gid`, `mobile`, `nationalnumber`, `department`, `division`, `with_honor`) VALUES (239328, 2006, '23', '', '', '', '', '', '', '', '', 'التربية الفنية ', '', '');
INSERT INTO `lk9v6_users` (`name`, `email`, `usertype`) VALUES ('أستير أمير أخنوخ أبادير ', '', 'الخريجين');
INSERT INTO `lk9v6_alumni_main` (`id`, `user_id`, `approved`) VALUES (239329, 239329, 1);
INSERT INTO `lk9v6_alumni_data` (`alumni_id`, `graduation_year`, `fid`, `job`, `address`, `city`, `country`, `phone`, `gid`, `mobile`, `nationalnumber`, `department`, `division`, `with_honor`) VALUES (239329, 2006, '23', '', '', '', '', '', '', '', '', 'التربية الفنية ', '', '');
INSERT INTO `lk9v6_users` (`name`, `email`, `usertype`) VALUES ('أسراء أحمد عبد الرحيم محمد ', '', 'الخريجين');
INSERT INTO `lk9v6_alumni_main` (`id`, `user_id`, `approved`) VALUES (239330, 239330, 1);
INSERT INTO `lk9v6_alumni_data` (`alumni_id`, `graduation_year`, `fid`, `job`, `address`, `city`, `country`, `phone`, `gid`, `mobile`, `nationalnumber`, `department`, `division`, `with_honor`) VALUES (239330, 2006, '23', '', '', '', '', '', '', '', '', 'التربية الفنية ', '', '');
INSERT INTO `lk9v6_users` (`name`, `email`, `usertype`) VALUES ('أسراء مسعد فؤاد بركات ', '', 'الخريجين');
INSERT INTO `lk9v6_alumni_main` (`id`, `user_id`, `approved`) VALUES (239331, 239331, 1);
INSERT INTO `lk9v6_alumni_data` (`alumni_id`, `graduation_year`, `fid`, `job`, `address`, `city`, `country`, `phone`, `gid`, `mobile`, `nationalnumber`, `department`, `division`, `with_honor`) VALUES (239331, 2006, '23', '', '', '', '', '', '', '', '', 'التربية الفنية ', '', '');
INSERT INTO `lk9v6_users` (`name`, `email`, `usertype`) VALUES ('أسراء ممدوح محد احمد ', '', 'الخريجين');
INSERT INTO `lk9v6_alumni_main` (`id`, `user_id`, `approved`) VALUES (239332, 239332, 1);
INSERT INTO `lk9v6_alumni_data` (`alumni_id`, `graduation_year`, `fid`, `job`, `address`, `city`, `country`, `phone`, `gid`, `mobile`, `nationalnumber`, `department`, `division`, `with_honor`) VALUES (239332, 2006, '23', '', '', '', '', '', '', '', '', 'التربية الفنية ', '', '');
INSERT INTO `lk9v6_users` (`name`, `email`, `usertype`) VALUES ('إسلام محي الدين محمد مصطفي ', '', 'الخريجين');
INSERT INTO `lk9v6_alumni_main` (`id`, `user_id`, `approved`) VALUES (239333, 239333, 1);
INSERT INTO `lk9v6_alumni_data` (`alumni_id`, `graduation_year`, `fid`, `job`, `address`, `city`, `country`, `phone`, `gid`, `mobile`, `nationalnumber`, `department`, `division`, `with_honor`) VALUES (239333, 2006, '23', '', '', '', '', '', '', '', '', 'التربية الفنية ', '', '');
INSERT INTO `lk9v6_users` (`name`, `email`, `usertype`) VALUES ('اسراء ابراهيم حسين أدريس ', '', 'الخريجين');
INSERT INTO `lk9v6_alumni_main` (`id`, `user_id`, `approved`) VALUES (239334, 239334, 1);
INSERT INTO `lk9v6_alumni_data` (`alumni_id`, `graduation_year`, `fid`, `job`, `address`, `city`, `country`, `phone`, `gid`, `mobile`, `nationalnumber`, `department`, `division`, `with_honor`) VALUES (239334, 2006, '23', '', '', '', '', '', '', '', '', 'التربية الفنية ', '', '');
INSERT INTO `lk9v6_users` (`name`, `email`, `usertype`) VALUES ('أسماء ابراهيم محمد مصطفي ', '', 'الخريجين');
INSERT INTO `lk9v6_alumni_main` (`id`, `user_id`, `approved`) VALUES (239335, 239335, 1);
INSERT INTO `lk9v6_alumni_data` (`alumni_id`, `graduation_year`, `fid`, `job`, `address`, `city`, `country`, `phone`, `gid`, `mobile`, `nationalnumber`, `department`, `division`, `with_honor`) VALUES (239335, 2006, '23', '', '', '', '', '', '', '', '', 'التربية الفنية ', '', '');
INSERT INTO `lk9v6_users` (`name`, `email`, `usertype`) VALUES ('اسراء سمير حسن عبد المطلب ', '', 'الخريجين');
INSERT INTO `lk9v6_alumni_main` (`id`, `user_id`, `approved`) VALUES (239336, 239336, 1);
INSERT INTO `lk9v6_alumni_data` (`alumni_id`, `graduation_year`, `fid`, `job`, `address`, `city`, `country`, `phone`, `gid`, `mobile`, `nationalnumber`, `department`, `division`, `with_honor`) VALUES (239336, 2006, '23', '', '', '', '', '', '', '', '', 'التربية الفنية ', '', '');
INSERT INTO `lk9v6_users` (`name`, `email`, `usertype`) VALUES ('أسماء محمد محمد علي عبد الرازق ', '', 'الخريجين');
INSERT INTO `lk9v6_alumni_main` (`id`, `user_id`, `approved`) VALUES (239337, 239337, 1);
INSERT INTO `lk9v6_alumni_data` (`alumni_id`, `graduation_year`, `fid`, `job`, `address`, `city`, `country`, `phone`, `gid`, `mobile`, `nationalnumber`, `department`, `division`, `with_honor`) VALUES (239337, 2006, '23', '', '', '', '', '', '', '', '', 'التربية الفنية ', '', '');
INSERT INTO `lk9v6_users` (`name`, `email`, `usertype`) VALUES ('أسماء مصطفي خليل ', '', 'الخريجين');
INSERT INTO `lk9v6_alumni_main` (`id`, `user_id`, `approved`) VALUES (239338, 239338, 1);
INSERT INTO `lk9v6_alumni_data` (`alumni_id`, `graduation_year`, `fid`, `job`, `address`, `city`, `country`, `phone`, `gid`, `mobile`, `nationalnumber`, `department`, `division`, `with_honor`) VALUES (239338, 2006, '23', '', '', '', '', '', '', '', '', 'التربية الفنية ', '', '');
INSERT INTO `lk9v6_users` (`name`, `email`, `usertype`) VALUES ('أشرف عبد الودود عبد الرازق محمد ', '', 'الخريجين');
INSERT INTO `lk9v6_alumni_main` (`id`, `user_id`, `approved`) VALUES (239339, 239339, 1);
INSERT INTO `lk9v6_alumni_data` (`alumni_id`, `graduation_year`, `fid`, `job`, `address`, `city`, `country`, `phone`, `gid`, `mobile`, `nationalnumber`, `department`, `division`, `with_honor`) VALUES (239339, 2006, '23', '', '', '', '', '', '', '', '', 'التربية الفنية ', '', '');
INSERT INTO `lk9v6_users` (`name`, `email`, `usertype`) VALUES ('الشيماء عبد المنعم عطية عبد الحميد ', '', 'الخريجين');
INSERT INTO `lk9v6_alumni_main` (`id`, `user_id`, `approved`) VALUES (239340, 239340, 1);
INSERT INTO `lk9v6_alumni_data` (`alumni_id`, `graduation_year`, `fid`, `job`, `address`, `city`, `country`, `phone`, `gid`, `mobile`, `nationalnumber`, `department`, `division`, `with_honor`) VALUES (239340, 2006, '23', '', '', '', '', '', '', '', '', 'التربية الفنية ', '', '');
INSERT INTO `lk9v6_users` (`name`, `email`, `usertype`) VALUES ('آلاء ابراهيم غريب ابراهيم ', '', 'الخريجين');
INSERT INTO `lk9v6_alumni_main` (`id`, `user_id`, `approved`) VALUES (239341, 239341, 1);
INSERT INTO `lk9v6_alumni_data` (`alumni_id`, `graduation_year`, `fid`, `job`, `address`, `city`, `country`, `phone`, `gid`, `mobile`, `nationalnumber`, `department`, `division`, `with_honor`) VALUES (239341, 2006, '23', '', '', '', '', '', '', '', '', 'التربية الفنية ', '', '');
INSERT INTO `lk9v6_users` (`name`, `email`, `usertype`) VALUES ('آلاء محمد عادل فتحي عبد الفتاح ', '', 'الخريجين');
INSERT INTO `lk9v6_alumni_main` (`id`, `user_id`, `approved`) VALUES (239342, 239342, 1);
INSERT INTO `lk9v6_alumni_data` (`alumni_id`, `graduation_year`, `fid`, `job`, `address`, `city`, `country`, `phone`, `gid`, `mobile`, `nationalnumber`, `department`, `division`, `with_honor`) VALUES (239342, 2006, '23', '', '', '', '', '', '', '', '', 'التربية الفنية ', '', '');
INSERT INTO `lk9v6_users` (`name`, `email`, `usertype`) VALUES ('اماني فتحي محمد محمد أبو شاهين ', '', 'الخريجين');
INSERT INTO `lk9v6_alumni_main` (`id`, `user_id`, `approved`) VALUES (239343, 239343, 1);
INSERT INTO `lk9v6_alumni_data` (`alumni_id`, `graduation_year`, `fid`, `job`, `address`, `city`, `country`, `phone`, `gid`, `mobile`, `nationalnumber`, `department`, `division`, `with_honor`) VALUES (239343, 2006, '23', '', '', '', '', '', '', '', '', 'التربية الفنية ', '', '');
INSERT INTO `lk9v6_users` (`name`, `email`, `usertype`) VALUES ('اماني محمد محمد البنا ', '', 'الخريجين');
INSERT INTO `lk9v6_alumni_main` (`id`, `user_id`, `approved`) VALUES (239344, 239344, 1);
INSERT INTO `lk9v6_alumni_data` (`alumni_id`, `graduation_year`, `fid`, `job`, `address`, `city`, `country`, `phone`, `gid`, `mobile`, `nationalnumber`, `department`, `division`, `with_honor`) VALUES (239344, 2006, '23', '', '', '', '', '', '', '', '', 'التربية الفنية ', '', '');
INSERT INTO `lk9v6_users` (`name`, `email`, `usertype`) VALUES ('امل سيد حسين عبد الله', '', 'الخريجين');
INSERT INTO `lk9v6_alumni_main` (`id`, `user_id`, `approved`) VALUES (239345, 239345, 1);
INSERT INTO `lk9v6_alumni_data` (`alumni_id`, `graduation_year`, `fid`, `job`, `address`, `city`, `country`, `phone`, `gid`, `mobile`, `nationalnumber`, `department`, `division`, `with_honor`) VALUES (239345, 2006, '23', '', '', '', '', '', '', '', '', 'التربية الفنية ', '', '');
INSERT INTO `lk9v6_users` (`name`, `email`, `usertype`) VALUES ('أمنية ابراهيم أحمد عبد الكريم ', '', 'الخريجين');
INSERT INTO `lk9v6_alumni_main` (`id`, `user_id`, `approved`) VALUES (239346, 239346, 1);
INSERT INTO `lk9v6_alumni_data` (`alumni_id`, `graduation_year`, `fid`, `job`, `address`, `city`, `country`, `phone`, `gid`, `mobile`, `nationalnumber`, `department`, `division`, `with_honor`) VALUES (239346, 2006, '23', '', '', '', '', '', '', '', '', 'التربية الفنية ', '', '');
INSERT INTO `lk9v6_users` (`name`, `email`, `usertype`) VALUES ('أمير رمزي ميخائيل سيداروس ', '', 'الخريجين');
INSERT INTO `lk9v6_alumni_main` (`id`, `user_id`, `approved`) VALUES (239347, 239347, 1);
INSERT INTO `lk9v6_alumni_data` (`alumni_id`, `graduation_year`, `fid`, `job`, `address`, `city`, `country`, `phone`, `gid`, `mobile`, `nationalnumber`, `department`, `division`, `with_honor`) VALUES (239347, 2006, '23', '', '', '', '', '', '', '', '', 'التربية الفنية ', '', '');
INSERT INTO `lk9v6_users` (`name`, `email`, `usertype`) VALUES ('اميرة احمد السيد صالح ', '', 'الخريجين');
INSERT INTO `lk9v6_alumni_main` (`id`, `user_id`, `approved`) VALUES (239348, 239348, 1);
INSERT INTO `lk9v6_alumni_data` (`alumni_id`, `graduation_year`, `fid`, `job`, `address`, `city`, `country`, `phone`, `gid`, `mobile`, `nationalnumber`, `department`, `division`, `with_honor`) VALUES (239348, 2006, '23', '', '', '', '', '', '', '', '', 'التربية الفنية ', '', '');
INSERT INTO `lk9v6_users` (`name`, `email`, `usertype`) VALUES ('أميرة أحمد عثمان السيد ', '', 'الخريجين');
INSERT INTO `lk9v6_alumni_main` (`id`, `user_id`, `approved`) VALUES (239349, 239349, 1);
INSERT INTO `lk9v6_alumni_data` (`alumni_id`, `graduation_year`, `fid`, `job`, `address`, `city`, `country`, `phone`, `gid`, `mobile`, `nationalnumber`, `department`, `division`, `with_honor`) VALUES (239349, 2006, '23', '', '', '', '', '', '', '', '', 'التربية الفنية ', '', '');
INSERT INTO `lk9v6_users` (`name`, `email`, `usertype`) VALUES ('اميرة حسن حسن السيد ', '', 'الخريجين');
INSERT INTO `lk9v6_alumni_main` (`id`, `user_id`, `approved`) VALUES (239350, 239350, 1);
INSERT INTO `lk9v6_alumni_data` (`alumni_id`, `graduation_year`, `fid`, `job`, `address`, `city`, `country`, `phone`, `gid`, `mobile`, `nationalnumber`, `department`, `division`, `with_honor`) VALUES (239350, 2006, '23', '', '', '', '', '', '', '', '', 'التربية الفنية ', '', '');
INSERT INTO `lk9v6_users` (`name`, `email`, `usertype`) VALUES ('انجي احمد معروف عباسية ', '', 'الخريجين');
INSERT INTO `lk9v6_alumni_main` (`id`, `user_id`, `approved`) VALUES (239351, 239351, 1);
INSERT INTO `lk9v6_alumni_data` (`alumni_id`, `graduation_year`, `fid`, `job`, `address`, `city`, `country`, `phone`, `gid`, `mobile`, `nationalnumber`, `department`, `division`, `with_honor`) VALUES (239351, 2006, '23', '', '', '', '', '', '', '', '', 'التربية الفنية ', '', '');
INSERT INTO `lk9v6_users` (`name`, `email`, `usertype`) VALUES ('انجي انور عبد المنعم عبد الله ', '', 'الخريجين');
INSERT INTO `lk9v6_alumni_main` (`id`, `user_id`, `approved`) VALUES (239352, 239352, 1);
INSERT INTO `lk9v6_alumni_data` (`alumni_id`, `graduation_year`, `fid`, `job`, `address`, `city`, `country`, `phone`, `gid`, `mobile`, `nationalnumber`, `department`, `division`, `with_honor`) VALUES (239352, 2006, '23', '', '', '', '', '', '', '', '', 'التربية الفنية ', '', '');
INSERT INTO `lk9v6_users` (`name`, `email`, `usertype`) VALUES ('انجي عطية ساويرس أسحاق ', '', 'الخريجين');
INSERT INTO `lk9v6_alumni_main` (`id`, `user_id`, `approved`) VALUES (239353, 239353, 1);
INSERT INTO `lk9v6_alumni_data` (`alumni_id`, `graduation_year`, `fid`, `job`, `address`, `city`, `country`, `phone`, `gid`, `mobile`, `nationalnumber`, `department`, `division`, `with_honor`) VALUES (239353, 2006, '23', '', '', '', '', '', '', '', '', 'التربية الفنية ', '', '');
INSERT INTO `lk9v6_users` (`name`, `email`, `usertype`) VALUES ('إيمان ابراهيم عبد المنعم محمد ', '', 'الخريجين');
INSERT INTO `lk9v6_alumni_main` (`id`, `user_id`, `approved`) VALUES (239354, 239354, 1);
INSERT INTO `lk9v6_alumni_data` (`alumni_id`, `graduation_year`, `fid`, `job`, `address`, `city`, `country`, `phone`, `gid`, `mobile`, `nationalnumber`, `department`, `division`, `with_honor`) VALUES (239354, 2006, '23', '', '', '', '', '', '', '', '', 'التربية الفنية ', '', '');
INSERT INTO `lk9v6_users` (`name`, `email`, `usertype`) VALUES ('ايمان ابراهيم محمد علي ', '', 'الخريجين');
INSERT INTO `lk9v6_alumni_main` (`id`, `user_id`, `approved`) VALUES (239355, 239355, 1);
INSERT INTO `lk9v6_alumni_data` (`alumni_id`, `graduation_year`, `fid`, `job`, `address`, `city`, `country`, `phone`, `gid`, `mobile`, `nationalnumber`, `department`, `division`, `with_honor`) VALUES (239355, 2006, '23', '', '', '', '', '', '', '', '', 'التربية الفنية ', '', '');
INSERT INTO `lk9v6_users` (`name`, `email`, `usertype`) VALUES ('ايمان احمد عبد المنعم جمعه ', '', 'الخريجين');
INSERT INTO `lk9v6_alumni_main` (`id`, `user_id`, `approved`) VALUES (239356, 239356, 1);
INSERT INTO `lk9v6_alumni_data` (`alumni_id`, `graduation_year`, `fid`, `job`, `address`, `city`, `country`, `phone`, `gid`, `mobile`, `nationalnumber`, `department`, `division`, `with_honor`) VALUES (239356, 2006, '23', '', '', '', '', '', '', '', '', 'التربية الفنية ', '', '');
INSERT INTO `lk9v6_users` (`name`, `email`, `usertype`) VALUES ('ايمان سامي أحمد بسيوني ', '', 'الخريجين');
INSERT INTO `lk9v6_alumni_main` (`id`, `user_id`, `approved`) VALUES (239357, 239357, 1);
INSERT INTO `lk9v6_alumni_data` (`alumni_id`, `graduation_year`, `fid`, `job`, `address`, `city`, `country`, `phone`, `gid`, `mobile`, `nationalnumber`, `department`, `division`, `with_honor`) VALUES (239357, 2006, '23', '', '', '', '', '', '', '', '', 'التربية الفنية ', '', '');
INSERT INTO `lk9v6_users` (`name`, `email`, `usertype`) VALUES ('ايمان علي حسن علي ', '', 'الخريجين');
INSERT INTO `lk9v6_alumni_main` (`id`, `user_id`, `approved`) VALUES (239358, 239358, 1);
INSERT INTO `lk9v6_alumni_data` (`alumni_id`, `graduation_year`, `fid`, `job`, `address`, `city`, `country`, `phone`, `gid`, `mobile`, `nationalnumber`, `department`, `division`, `with_honor`) VALUES (239358, 2006, '23', '', '', '', '', '', '', '', '', 'التربية الفنية ', '', '');
INSERT INTO `lk9v6_users` (`name`, `email`, `usertype`) VALUES ('ايمان فهمي محمود احمد ', '', 'الخريجين');
INSERT INTO `lk9v6_alumni_main` (`id`, `user_id`, `approved`) VALUES (239359, 239359, 1);
INSERT INTO `lk9v6_alumni_data` (`alumni_id`, `graduation_year`, `fid`, `job`, `address`, `city`, `country`, `phone`, `gid`, `mobile`, `nationalnumber`, `department`, `division`, `with_honor`) VALUES (239359, 2006, '23', '', '', '', '', '', '', '', '', 'التربية الفنية ', '', '');
INSERT INTO `lk9v6_users` (`name`, `email`, `usertype`) VALUES ('ايمان محمد ايمن عبد الحميد ', '', 'الخريجين');
INSERT INTO `lk9v6_alumni_main` (`id`, `user_id`, `approved`) VALUES (239360, 239360, 1);
INSERT INTO `lk9v6_alumni_data` (`alumni_id`, `graduation_year`, `fid`, `job`, `address`, `city`, `country`, `phone`, `gid`, `mobile`, `nationalnumber`, `department`, `division`, `with_honor`) VALUES (239360, 2006, '23', '', '', '', '', '', '', '', '', 'التربية الفنية ', '', '');
INSERT INTO `lk9v6_users` (`name`, `email`, `usertype`) VALUES ('ايمان محمد علي زعزوع ', '', 'الخريجين');
INSERT INTO `lk9v6_alumni_main` (`id`, `user_id`, `approved`) VALUES (239361, 239361, 1);
INSERT INTO `lk9v6_alumni_data` (`alumni_id`, `graduation_year`, `fid`, `job`, `address`, `city`, `country`, `phone`, `gid`, `mobile`, `nationalnumber`, `department`, `division`, `with_honor`) VALUES (239361, 2006, '23', '', '', '', '', '', '', '', '', 'التربية الفنية ', '', '');
INSERT INTO `lk9v6_users` (`name`, `email`, `usertype`) VALUES ('ايمان محمد كمال أحمد عبد الحليم ', '', 'الخريجين');
INSERT INTO `lk9v6_alumni_main` (`id`, `user_id`, `approved`) VALUES (239362, 239362, 1);
INSERT INTO `lk9v6_alumni_data` (`alumni_id`, `graduation_year`, `fid`, `job`, `address`, `city`, `country`, `phone`, `gid`, `mobile`, `nationalnumber`, `department`, `division`, `with_honor`) VALUES (239362, 2006, '23', '', '', '', '', '', '', '', '', 'التربية الفنية ', '', '');
INSERT INTO `lk9v6_users` (`name`, `email`, `usertype`) VALUES ('ايمان محمد محمد المنشلين ', '', 'الخريجين');
INSERT INTO `lk9v6_alumni_main` (`id`, `user_id`, `approved`) VALUES (239363, 239363, 1);
INSERT INTO `lk9v6_alumni_data` (`alumni_id`, `graduation_year`, `fid`, `job`, `address`, `city`, `country`, `phone`, `gid`, `mobile`, `nationalnumber`, `department`, `division`, `with_honor`) VALUES (239363, 2006, '23', '', '', '', '', '', '', '', '', 'التربية الفنية ', '', '');
INSERT INTO `lk9v6_users` (`name`, `email`, `usertype`) VALUES ('ايناس جمال نور الدين ', '', 'الخريجين');
INSERT INTO `lk9v6_alumni_main` (`id`, `user_id`, `approved`) VALUES (239364, 239364, 1);
INSERT INTO `lk9v6_alumni_data` (`alumni_id`, `graduation_year`, `fid`, `job`, `address`, `city`, `country`, `phone`, `gid`, `mobile`, `nationalnumber`, `department`, `division`, `with_honor`) VALUES (239364, 2006, '23', '', '', '', '', '', '', '', '', 'التربية الفنية ', '', '');
INSERT INTO `lk9v6_users` (`name`, `email`, `usertype`) VALUES ('ايناس حسني أحمد يونس ', '', 'الخريجين');
INSERT INTO `lk9v6_alumni_main` (`id`, `user_id`, `approved`) VALUES (239365, 239365, 1);
INSERT INTO `lk9v6_alumni_data` (`alumni_id`, `graduation_year`, `fid`, `job`, `address`, `city`, `country`, `phone`, `gid`, `mobile`, `nationalnumber`, `department`, `division`, `with_honor`) VALUES (239365, 2006, '23', '', '', '', '', '', '', '', '', 'التربية الفنية ', '', '');
INSERT INTO `lk9v6_users` (`name`, `email`, `usertype`) VALUES ('ايناس عبد الرازق عبد الغني رزق ', '', 'الخريجين');
INSERT INTO `lk9v6_alumni_main` (`id`, `user_id`, `approved`) VALUES (239366, 239366, 1);
INSERT INTO `lk9v6_alumni_data` (`alumni_id`, `graduation_year`, `fid`, `job`, `address`, `city`, `country`, `phone`, `gid`, `mobile`, `nationalnumber`, `department`, `division`, `with_honor`) VALUES (239366, 2006, '23', '', '', '', '', '', '', '', '', 'التربية الفنية ', '', '');
INSERT INTO `lk9v6_users` (`name`, `email`, `usertype`) VALUES ('ايهاب محمد مصطفي الشيخ ', '', 'الخريجين');
INSERT INTO `lk9v6_alumni_main` (`id`, `user_id`, `approved`) VALUES (239367, 239367, 1);
INSERT INTO `lk9v6_alumni_data` (`alumni_id`, `graduation_year`, `fid`, `job`, `address`, `city`, `country`, `phone`, `gid`, `mobile`, `nationalnumber`, `department`, `division`, `with_honor`) VALUES (239367, 2006, '23', '', '', '', '', '', '', '', '', 'التربية الفنية ', '', '');
INSERT INTO `lk9v6_users` (`name`, `email`, `usertype`) VALUES ('بانسية علي حسن البنداق ', '', 'الخريجين');
INSERT INTO `lk9v6_alumni_main` (`id`, `user_id`, `approved`) VALUES (239368, 239368, 1);
INSERT INTO `lk9v6_alumni_data` (`alumni_id`, `graduation_year`, `fid`, `job`, `address`, `city`, `country`, `phone`, `gid`, `mobile`, `nationalnumber`, `department`, `division`, `with_honor`) VALUES (239368, 2006, '23', '', '', '', '', '', '', '', '', 'التربية الفنية ', '', '');
INSERT INTO `lk9v6_users` (`name`, `email`, `usertype`) VALUES ('بسمة أحمد بدوي عطية ', '', 'الخريجين');
INSERT INTO `lk9v6_alumni_main` (`id`, `user_id`, `approved`) VALUES (239369, 239369, 1);
INSERT INTO `lk9v6_alumni_data` (`alumni_id`, `graduation_year`, `fid`, `job`, `address`, `city`, `country`, `phone`, `gid`, `mobile`, `nationalnumber`, `department`, `division`, `with_honor`) VALUES (239369, 2006, '23', '', '', '', '', '', '', '', '', 'التربية الفنية ', '', '');
INSERT INTO `lk9v6_users` (`name`, `email`, `usertype`) VALUES ('بسمة السيد العماني الاعرج ', '', 'الخريجين');
INSERT INTO `lk9v6_alumni_main` (`id`, `user_id`, `approved`) VALUES (239370, 239370, 1);
INSERT INTO `lk9v6_alumni_data` (`alumni_id`, `graduation_year`, `fid`, `job`, `address`, `city`, `country`, `phone`, `gid`, `mobile`, `nationalnumber`, `department`, `division`, `with_honor`) VALUES (239370, 2006, '23', '', '', '', '', '', '', '', '', 'التربية الفنية ', '', '');
INSERT INTO `lk9v6_users` (`name`, `email`, `usertype`) VALUES ('بسمة نصر جمعة نصر ', '', 'الخريجين');
INSERT INTO `lk9v6_alumni_main` (`id`, `user_id`, `approved`) VALUES (239371, 239371, 1);
INSERT INTO `lk9v6_alumni_data` (`alumni_id`, `graduation_year`, `fid`, `job`, `address`, `city`, `country`, `phone`, `gid`, `mobile`, `nationalnumber`, `department`, `division`, `with_honor`) VALUES (239371, 2006, '23', '', '', '', '', '', '', '', '', 'التربية الفنية ', '', '');
INSERT INTO `lk9v6_users` (`name`, `email`, `usertype`) VALUES ('جاكلين صبحي جاب الله جبرة ', '', 'الخريجين');
INSERT INTO `lk9v6_alumni_main` (`id`, `user_id`, `approved`) VALUES (239372, 239372, 1);
INSERT INTO `lk9v6_alumni_data` (`alumni_id`, `graduation_year`, `fid`, `job`, `address`, `city`, `country`, `phone`, `gid`, `mobile`, `nationalnumber`, `department`, `division`, `with_honor`) VALUES (239372, 2006, '23', '', '', '', '', '', '', '', '', 'التربية الفنية ', '', '');
INSERT INTO `lk9v6_users` (`name`, `email`, `usertype`) VALUES ('جاكلين نجيب جيد ميخائيل ', '', 'الخريجين');
INSERT INTO `lk9v6_alumni_main` (`id`, `user_id`, `approved`) VALUES (239373, 239373, 1);
INSERT INTO `lk9v6_alumni_data` (`alumni_id`, `graduation_year`, `fid`, `job`, `address`, `city`, `country`, `phone`, `gid`, `mobile`, `nationalnumber`, `department`, `division`, `with_honor`) VALUES (239373, 2006, '23', '', '', '', '', '', '', '', '', 'التربية الفنية ', '', '');
INSERT INTO `lk9v6_users` (`name`, `email`, `usertype`) VALUES ('جيهان محمد حسين علي ', '', 'الخريجين');
INSERT INTO `lk9v6_alumni_main` (`id`, `user_id`, `approved`) VALUES (239374, 239374, 1);
INSERT INTO `lk9v6_alumni_data` (`alumni_id`, `graduation_year`, `fid`, `job`, `address`, `city`, `country`, `phone`, `gid`, `mobile`, `nationalnumber`, `department`, `division`, `with_honor`) VALUES (239374, 2006, '23', '', '', '', '', '', '', '', '', 'التربية الفنية ', '', '');
INSERT INTO `lk9v6_users` (`name`, `email`, `usertype`) VALUES ('داليا رجب محمد احمد ', '', 'الخريجين');
INSERT INTO `lk9v6_alumni_main` (`id`, `user_id`, `approved`) VALUES (239375, 239375, 1);
INSERT INTO `lk9v6_alumni_data` (`alumni_id`, `graduation_year`, `fid`, `job`, `address`, `city`, `country`, `phone`, `gid`, `mobile`, `nationalnumber`, `department`, `division`, `with_honor`) VALUES (239375, 2006, '23', '', '', '', '', '', '', '', '', 'التربية الفنية ', '', '');
INSERT INTO `lk9v6_users` (`name`, `email`, `usertype`) VALUES ('داليا عبد المنعم محمد الصاوي ', '', 'الخريجين');
INSERT INTO `lk9v6_alumni_main` (`id`, `user_id`, `approved`) VALUES (239376, 239376, 1);
INSERT INTO `lk9v6_alumni_data` (`alumni_id`, `graduation_year`, `fid`, `job`, `address`, `city`, `country`, `phone`, `gid`, `mobile`, `nationalnumber`, `department`, `division`, `with_honor`) VALUES (239376, 2006, '23', '', '', '', '', '', '', '', '', 'التربية الفنية ', '', '');
INSERT INTO `lk9v6_users` (`name`, `email`, `usertype`) VALUES ('داليا سعيد محمد ابو العزم ', '', 'الخريجين');
INSERT INTO `lk9v6_alumni_main` (`id`, `user_id`, `approved`) VALUES (239377, 239377, 1);
INSERT INTO `lk9v6_alumni_data` (`alumni_id`, `graduation_year`, `fid`, `job`, `address`, `city`, `country`, `phone`, `gid`, `mobile`, `nationalnumber`, `department`, `division`, `with_honor`) VALUES (239377, 2006, '23', '', '', '', '', '', '', '', '', 'التربية الفنية ', '', '');
INSERT INTO `lk9v6_users` (`name`, `email`, `usertype`) VALUES ('دعاء رجب محمد محمود ', '', 'الخريجين');
INSERT INTO `lk9v6_alumni_main` (`id`, `user_id`, `approved`) VALUES (239378, 239378, 1);
INSERT INTO `lk9v6_alumni_data` (`alumni_id`, `graduation_year`, `fid`, `job`, `address`, `city`, `country`, `phone`, `gid`, `mobile`, `nationalnumber`, `department`, `division`, `with_honor`) VALUES (239378, 2006, '23', '', '', '', '', '', '', '', '', 'التربية الفنية ', '', '');
INSERT INTO `lk9v6_users` (`name`, `email`, `usertype`) VALUES ('دعاء محمد عبد الجواد غزالة ', '', 'الخريجين');
INSERT INTO `lk9v6_alumni_main` (`id`, `user_id`, `approved`) VALUES (239379, 239379, 1);
INSERT INTO `lk9v6_alumni_data` (`alumni_id`, `graduation_year`, `fid`, `job`, `address`, `city`, `country`, `phone`, `gid`, `mobile`, `nationalnumber`, `department`, `division`, `with_honor`) VALUES (239379, 2006, '23', '', '', '', '', '', '', '', '', 'التربية الفنية ', '', '');
INSERT INTO `lk9v6_users` (`name`, `email`, `usertype`) VALUES ('دميانة حبيب عمانوئيل شكري ', '', 'الخريجين');
INSERT INTO `lk9v6_alumni_main` (`id`, `user_id`, `approved`) VALUES (239380, 239380, 1);
INSERT INTO `lk9v6_alumni_data` (`alumni_id`, `graduation_year`, `fid`, `job`, `address`, `city`, `country`, `phone`, `gid`, `mobile`, `nationalnumber`, `department`, `division`, `with_honor`) VALUES (239380, 2006, '23', '', '', '', '', '', '', '', '', 'التربية الفنية ', '', '');
INSERT INTO `lk9v6_users` (`name`, `email`, `usertype`) VALUES ('دينا حمدي ناصف ناصف ', '', 'الخريجين');
INSERT INTO `lk9v6_alumni_main` (`id`, `user_id`, `approved`) VALUES (239381, 239381, 1);
INSERT INTO `lk9v6_alumni_data` (`alumni_id`, `graduation_year`, `fid`, `job`, `address`, `city`, `country`, `phone`, `gid`, `mobile`, `nationalnumber`, `department`, `division`, `with_honor`) VALUES (239381, 2006, '23', '', '', '', '', '', '', '', '', 'التربية الفنية ', '', '');
INSERT INTO `lk9v6_users` (`name`, `email`, `usertype`) VALUES ('دينا سعيد نبه عيسي ', '', 'الخريجين');
INSERT INTO `lk9v6_alumni_main` (`id`, `user_id`, `approved`) VALUES (239382, 239382, 1);
INSERT INTO `lk9v6_alumni_data` (`alumni_id`, `graduation_year`, `fid`, `job`, `address`, `city`, `country`, `phone`, `gid`, `mobile`, `nationalnumber`, `department`, `division`, `with_honor`) VALUES (239382, 2006, '23', '', '', '', '', '', '', '', '', 'التربية الفنية ', '', '');
INSERT INTO `lk9v6_users` (`name`, `email`, `usertype`) VALUES ('دينا عزت سامي موسي ', '', 'الخريجين');
INSERT INTO `lk9v6_alumni_main` (`id`, `user_id`, `approved`) VALUES (239383, 239383, 1);
INSERT INTO `lk9v6_alumni_data` (`alumni_id`, `graduation_year`, `fid`, `job`, `address`, `city`, `country`, `phone`, `gid`, `mobile`, `nationalnumber`, `department`, `division`, `with_honor`) VALUES (239383, 2006, '23', '', '', '', '', '', '', '', '', 'التربية الفنية ', '', '');
INSERT INTO `lk9v6_users` (`name`, `email`, `usertype`) VALUES ('دينا محمد عادل حسن محمد ', '', 'الخريجين');
INSERT INTO `lk9v6_alumni_main` (`id`, `user_id`, `approved`) VALUES (239384, 239384, 1);
INSERT INTO `lk9v6_alumni_data` (`alumni_id`, `graduation_year`, `fid`, `job`, `address`, `city`, `country`, `phone`, `gid`, `mobile`, `nationalnumber`, `department`, `division`, `with_honor`) VALUES (239384, 2006, '23', '', '', '', '', '', '', '', '', 'التربية الفنية ', '', '');
INSERT INTO `lk9v6_users` (`name`, `email`, `usertype`) VALUES ('رانيا خميس محمد شحاتة ', '', 'الخريجين');
INSERT INTO `lk9v6_alumni_main` (`id`, `user_id`, `approved`) VALUES (239385, 239385, 1);
INSERT INTO `lk9v6_alumni_data` (`alumni_id`, `graduation_year`, `fid`, `job`, `address`, `city`, `country`, `phone`, `gid`, `mobile`, `nationalnumber`, `department`, `division`, `with_honor`) VALUES (239385, 2006, '23', '', '', '', '', '', '', '', '', 'التربية الفنية ', '', '');
INSERT INTO `lk9v6_users` (`name`, `email`, `usertype`) VALUES ('رشا محمد حسين محمد شعبان ', '', 'الخريجين');
INSERT INTO `lk9v6_alumni_main` (`id`, `user_id`, `approved`) VALUES (239386, 239386, 1);
INSERT INTO `lk9v6_alumni_data` (`alumni_id`, `graduation_year`, `fid`, `job`, `address`, `city`, `country`, `phone`, `gid`, `mobile`, `nationalnumber`, `department`, `division`, `with_honor`) VALUES (239386, 2006, '23', '', '', '', '', '', '', '', '', 'التربية الفنية ', '', '');
INSERT INTO `lk9v6_users` (`name`, `email`, `usertype`) VALUES ('رغدة حسن فريد حسن ', '', 'الخريجين');
INSERT INTO `lk9v6_alumni_main` (`id`, `user_id`, `approved`) VALUES (239387, 239387, 1);
INSERT INTO `lk9v6_alumni_data` (`alumni_id`, `graduation_year`, `fid`, `job`, `address`, `city`, `country`, `phone`, `gid`, `mobile`, `nationalnumber`, `department`, `division`, `with_honor`) VALUES (239387, 2006, '23', '', '', '', '', '', '', '', '', 'التربية الفنية ', '', '');
INSERT INTO `lk9v6_users` (`name`, `email`, `usertype`) VALUES ('زينب علي محمد نوفل ', '', 'الخريجين');
INSERT INTO `lk9v6_alumni_main` (`id`, `user_id`, `approved`) VALUES (239388, 239388, 1);
INSERT INTO `lk9v6_alumni_data` (`alumni_id`, `graduation_year`, `fid`, `job`, `address`, `city`, `country`, `phone`, `gid`, `mobile`, `nationalnumber`, `department`, `division`, `with_honor`) VALUES (239388, 2006, '23', '', '', '', '', '', '', '', '', 'التربية الفنية ', '', '');
INSERT INTO `lk9v6_users` (`name`, `email`, `usertype`) VALUES ('سارة أسامة الطيب البحيري ', '', 'الخريجين');
INSERT INTO `lk9v6_alumni_main` (`id`, `user_id`, `approved`) VALUES (239389, 239389, 1);
INSERT INTO `lk9v6_alumni_data` (`alumni_id`, `graduation_year`, `fid`, `job`, `address`, `city`, `country`, `phone`, `gid`, `mobile`, `nationalnumber`, `department`, `division`, `with_honor`) VALUES (239389, 2006, '23', '', '', '', '', '', '', '', '', 'التربية الفنية ', '', '');
INSERT INTO `lk9v6_users` (`name`, `email`, `usertype`) VALUES ('سارة جمال محمد محمود ', '', 'الخريجين');
INSERT INTO `lk9v6_alumni_main` (`id`, `user_id`, `approved`) VALUES (239390, 239390, 1);
INSERT INTO `lk9v6_alumni_data` (`alumni_id`, `graduation_year`, `fid`, `job`, `address`, `city`, `country`, `phone`, `gid`, `mobile`, `nationalnumber`, `department`, `division`, `with_honor`) VALUES (239390, 2006, '23', '', '', '', '', '', '', '', '', 'التربية الفنية ', '', '');
INSERT INTO `lk9v6_users` (`name`, `email`, `usertype`) VALUES ('سارة عبد المحسن الظاهر عبد المحسن ', '', 'الخريجين');
INSERT INTO `lk9v6_alumni_main` (`id`, `user_id`, `approved`) VALUES (239391, 239391, 1);
INSERT INTO `lk9v6_alumni_data` (`alumni_id`, `graduation_year`, `fid`, `job`, `address`, `city`, `country`, `phone`, `gid`, `mobile`, `nationalnumber`, `department`, `division`, `with_honor`) VALUES (239391, 2006, '23', '', '', '', '', '', '', '', '', 'التربية الفنية ', '', '');
INSERT INTO `lk9v6_users` (`name`, `email`, `usertype`) VALUES ('سارة علي ياسين محمد ', '', 'الخريجين');
INSERT INTO `lk9v6_alumni_main` (`id`, `user_id`, `approved`) VALUES (239392, 239392, 1);
INSERT INTO `lk9v6_alumni_data` (`alumni_id`, `graduation_year`, `fid`, `job`, `address`, `city`, `country`, `phone`, `gid`, `mobile`, `nationalnumber`, `department`, `division`, `with_honor`) VALUES (239392, 2006, '23', '', '', '', '', '', '', '', '', 'التربية الفنية ', '', '');
INSERT INTO `lk9v6_users` (`name`, `email`, `usertype`) VALUES ('سارة محمد أحمد عبد الحميد قاسم ', '', 'الخريجين');
INSERT INTO `lk9v6_alumni_main` (`id`, `user_id`, `approved`) VALUES (239393, 239393, 1);
INSERT INTO `lk9v6_alumni_data` (`alumni_id`, `graduation_year`, `fid`, `job`, `address`, `city`, `country`, `phone`, `gid`, `mobile`, `nationalnumber`, `department`, `division`, `with_honor`) VALUES (239393, 2006, '23', '', '', '', '', '', '', '', '', 'التربية الفنية ', '', '');
INSERT INTO `lk9v6_users` (`name`, `email`, `usertype`) VALUES ('سالي حمدي حميدة حسين ', '', 'الخريجين');
INSERT INTO `lk9v6_alumni_main` (`id`, `user_id`, `approved`) VALUES (239394, 239394, 1);
INSERT INTO `lk9v6_alumni_data` (`alumni_id`, `graduation_year`, `fid`, `job`, `address`, `city`, `country`, `phone`, `gid`, `mobile`, `nationalnumber`, `department`, `division`, `with_honor`) VALUES (239394, 2006, '23', '', '', '', '', '', '', '', '', 'التربية الفنية ', '', '');
INSERT INTO `lk9v6_users` (`name`, `email`, `usertype`) VALUES ('سالي محمد أحمد البستاوي ', '', 'الخريجين');
INSERT INTO `lk9v6_alumni_main` (`id`, `user_id`, `approved`) VALUES (239395, 239395, 1);
INSERT INTO `lk9v6_alumni_data` (`alumni_id`, `graduation_year`, `fid`, `job`, `address`, `city`, `country`, `phone`, `gid`, `mobile`, `nationalnumber`, `department`, `division`, `with_honor`) VALUES (239395, 2006, '23', '', '', '', '', '', '', '', '', 'التربية الفنية ', '', '');
INSERT INTO `lk9v6_users` (`name`, `email`, `usertype`) VALUES ('سعاد حسين محمد الخطيب ', '', 'الخريجين');
INSERT INTO `lk9v6_alumni_main` (`id`, `user_id`, `approved`) VALUES (239396, 239396, 1);
INSERT INTO `lk9v6_alumni_data` (`alumni_id`, `graduation_year`, `fid`, `job`, `address`, `city`, `country`, `phone`, `gid`, `mobile`, `nationalnumber`, `department`, `division`, `with_honor`) VALUES (239396, 2006, '23', '', '', '', '', '', '', '', '', 'التربية الفنية ', '', '');
INSERT INTO `lk9v6_users` (`name`, `email`, `usertype`) VALUES ('سماح قاسم محمد قاسم ', '', 'الخريجين');
INSERT INTO `lk9v6_alumni_main` (`id`, `user_id`, `approved`) VALUES (239397, 239397, 1);
INSERT INTO `lk9v6_alumni_data` (`alumni_id`, `graduation_year`, `fid`, `job`, `address`, `city`, `country`, `phone`, `gid`, `mobile`, `nationalnumber`, `department`, `division`, `with_honor`) VALUES (239397, 2006, '23', '', '', '', '', '', '', '', '', 'التربية الفنية ', '', '');
INSERT INTO `lk9v6_users` (`name`, `email`, `usertype`) VALUES ('سلوي محمد أحمد الرمادي ', '', 'الخريجين');
INSERT INTO `lk9v6_alumni_main` (`id`, `user_id`, `approved`) VALUES (239398, 239398, 1);
INSERT INTO `lk9v6_alumni_data` (`alumni_id`, `graduation_year`, `fid`, `job`, `address`, `city`, `country`, `phone`, `gid`, `mobile`, `nationalnumber`, `department`, `division`, `with_honor`) VALUES (239398, 2006, '23', '', '', '', '', '', '', '', '', 'التربية الفنية ', '', '');
INSERT INTO `lk9v6_users` (`name`, `email`, `usertype`) VALUES ('سوزان محمد رزق أبو الليل ', '', 'الخريجين');
INSERT INTO `lk9v6_alumni_main` (`id`, `user_id`, `approved`) VALUES (239399, 239399, 1);
INSERT INTO `lk9v6_alumni_data` (`alumni_id`, `graduation_year`, `fid`, `job`, `address`, `city`, `country`, `phone`, `gid`, `mobile`, `nationalnumber`, `department`, `division`, `with_honor`) VALUES (239399, 2006, '23', '', '', '', '', '', '', '', '', 'التربية الفنية ', '', '');
INSERT INTO `lk9v6_users` (`name`, `email`, `usertype`) VALUES ('سوسن حلمي مصطفي ابراهيم ', '', 'الخريجين');
INSERT INTO `lk9v6_alumni_main` (`id`, `user_id`, `approved`) VALUES (239400, 239400, 1);
INSERT INTO `lk9v6_alumni_data` (`alumni_id`, `graduation_year`, `fid`, `job`, `address`, `city`, `country`, `phone`, `gid`, `mobile`, `nationalnumber`, `department`, `division`, `with_honor`) VALUES (239400, 2006, '23', '', '', '', '', '', '', '', '', 'التربية الفنية ', '', '');
INSERT INTO `lk9v6_users` (`name`, `email`, `usertype`) VALUES ('شريهان عبد المنعم مختار أحمد ', '', 'الخريجين');
INSERT INTO `lk9v6_alumni_main` (`id`, `user_id`, `approved`) VALUES (239401, 239401, 1);
INSERT INTO `lk9v6_alumni_data` (`alumni_id`, `graduation_year`, `fid`, `job`, `address`, `city`, `country`, `phone`, `gid`, `mobile`, `nationalnumber`, `department`, `division`, `with_honor`) VALUES (239401, 2006, '23', '', '', '', '', '', '', '', '', 'التربية الفنية ', '', '');
INSERT INTO `lk9v6_users` (`name`, `email`, `usertype`) VALUES ('شيماء السيد حميدة أبو الجود ', '', 'الخريجين');
INSERT INTO `lk9v6_alumni_main` (`id`, `user_id`, `approved`) VALUES (239402, 239402, 1);
INSERT INTO `lk9v6_alumni_data` (`alumni_id`, `graduation_year`, `fid`, `job`, `address`, `city`, `country`, `phone`, `gid`, `mobile`, `nationalnumber`, `department`, `division`, `with_honor`) VALUES (239402, 2006, '23', '', '', '', '', '', '', '', '', 'التربية الفنية ', '', '');
INSERT INTO `lk9v6_users` (`name`, `email`, `usertype`) VALUES ('شيماء السيد عبد السلام فتح الله', '', 'الخريجين');
INSERT INTO `lk9v6_alumni_main` (`id`, `user_id`, `approved`) VALUES (239403, 239403, 1);
INSERT INTO `lk9v6_alumni_data` (`alumni_id`, `graduation_year`, `fid`, `job`, `address`, `city`, `country`, `phone`, `gid`, `mobile`, `nationalnumber`, `department`, `division`, `with_honor`) VALUES (239403, 2006, '23', '', '', '', '', '', '', '', '', 'التربية الفنية ', '', '');
INSERT INTO `lk9v6_users` (`name`, `email`, `usertype`) VALUES ('شيماء السيد محمد العدل الشاعر ', '', 'الخريجين');
INSERT INTO `lk9v6_alumni_main` (`id`, `user_id`, `approved`) VALUES (239404, 239404, 1);
INSERT INTO `lk9v6_alumni_data` (`alumni_id`, `graduation_year`, `fid`, `job`, `address`, `city`, `country`, `phone`, `gid`, `mobile`, `nationalnumber`, `department`, `division`, `with_honor`) VALUES (239404, 2006, '23', '', '', '', '', '', '', '', '', 'التربية الفنية ', '', '');
INSERT INTO `lk9v6_users` (`name`, `email`, `usertype`) VALUES ('شيماء جمال عبد الرحيم الفرماوي ', '', 'الخريجين');
INSERT INTO `lk9v6_alumni_main` (`id`, `user_id`, `approved`) VALUES (239405, 239405, 1);
INSERT INTO `lk9v6_alumni_data` (`alumni_id`, `graduation_year`, `fid`, `job`, `address`, `city`, `country`, `phone`, `gid`, `mobile`, `nationalnumber`, `department`, `division`, `with_honor`) VALUES (239405, 2006, '23', '', '', '', '', '', '', '', '', 'التربية الفنية ', '', '');
INSERT INTO `lk9v6_users` (`name`, `email`, `usertype`) VALUES ('شيماء حسين عبد الله ', '', 'الخريجين');
INSERT INTO `lk9v6_alumni_main` (`id`, `user_id`, `approved`) VALUES (239406, 239406, 1);
INSERT INTO `lk9v6_alumni_data` (`alumni_id`, `graduation_year`, `fid`, `job`, `address`, `city`, `country`, `phone`, `gid`, `mobile`, `nationalnumber`, `department`, `division`, `with_honor`) VALUES (239406, 2006, '23', '', '', '', '', '', '', '', '', 'التربية الفنية ', '', '');
INSERT INTO `lk9v6_users` (`name`, `email`, `usertype`) VALUES ('شيماء سامي عبد الغني محمد ', '', 'الخريجين');
INSERT INTO `lk9v6_alumni_main` (`id`, `user_id`, `approved`) VALUES (239407, 239407, 1);
INSERT INTO `lk9v6_alumni_data` (`alumni_id`, `graduation_year`, `fid`, `job`, `address`, `city`, `country`, `phone`, `gid`, `mobile`, `nationalnumber`, `department`, `division`, `with_honor`) VALUES (239407, 2006, '23', '', '', '', '', '', '', '', '', 'التربية الفنية ', '', '');
INSERT INTO `lk9v6_users` (`name`, `email`, `usertype`) VALUES ('شيماء صلاح كامل الشنواني ', '', 'الخريجين');
INSERT INTO `lk9v6_alumni_main` (`id`, `user_id`, `approved`) VALUES (239408, 239408, 1);
INSERT INTO `lk9v6_alumni_data` (`alumni_id`, `graduation_year`, `fid`, `job`, `address`, `city`, `country`, `phone`, `gid`, `mobile`, `nationalnumber`, `department`, `division`, `with_honor`) VALUES (239408, 2006, '23', '', '', '', '', '', '', '', '', 'التربية الفنية ', '', '');
INSERT INTO `lk9v6_users` (`name`, `email`, `usertype`) VALUES ('شيماء عبد الله عبد المجيد مكاوي ', '', 'الخريجين');
INSERT INTO `lk9v6_alumni_main` (`id`, `user_id`, `approved`) VALUES (239409, 239409, 1);
INSERT INTO `lk9v6_alumni_data` (`alumni_id`, `graduation_year`, `fid`, `job`, `address`, `city`, `country`, `phone`, `gid`, `mobile`, `nationalnumber`, `department`, `division`, `with_honor`) VALUES (239409, 2006, '23', '', '', '', '', '', '', '', '', 'التربية الفنية ', '', '');
INSERT INTO `lk9v6_users` (`name`, `email`, `usertype`) VALUES ('شيماء علي عبد العاطي محمد ', '', 'الخريجين');
INSERT INTO `lk9v6_alumni_main` (`id`, `user_id`, `approved`) VALUES (239410, 239410, 1);
INSERT INTO `lk9v6_alumni_data` (`alumni_id`, `graduation_year`, `fid`, `job`, `address`, `city`, `country`, `phone`, `gid`, `mobile`, `nationalnumber`, `department`, `division`, `with_honor`) VALUES (239410, 2006, '23', '', '', '', '', '', '', '', '', 'التربية الفنية ', '', '');
INSERT INTO `lk9v6_users` (`name`, `email`, `usertype`) VALUES ('شيماء فكري رمضان البشلاوي ', '', 'الخريجين');
INSERT INTO `lk9v6_alumni_main` (`id`, `user_id`, `approved`) VALUES (239411, 239411, 1);
INSERT INTO `lk9v6_alumni_data` (`alumni_id`, `graduation_year`, `fid`, `job`, `address`, `city`, `country`, `phone`, `gid`, `mobile`, `nationalnumber`, `department`, `division`, `with_honor`) VALUES (239411, 2006, '23', '', '', '', '', '', '', '', '', 'التربية الفنية ', '', '');
INSERT INTO `lk9v6_users` (`name`, `email`, `usertype`) VALUES ('شيماء ماهر محمد حسن علي ', '', 'الخريجين');
INSERT INTO `lk9v6_alumni_main` (`id`, `user_id`, `approved`) VALUES (239412, 239412, 1);
INSERT INTO `lk9v6_alumni_data` (`alumni_id`, `graduation_year`, `fid`, `job`, `address`, `city`, `country`, `phone`, `gid`, `mobile`, `nationalnumber`, `department`, `division`, `with_honor`) VALUES (239412, 2006, '23', '', '', '', '', '', '', '', '', 'التربية الفنية ', '', '');
INSERT INTO `lk9v6_users` (`name`, `email`, `usertype`) VALUES ('شيماء مجدي محمد أحمد ', '', 'الخريجين');
INSERT INTO `lk9v6_alumni_main` (`id`, `user_id`, `approved`) VALUES (239413, 239413, 1);
INSERT INTO `lk9v6_alumni_data` (`alumni_id`, `graduation_year`, `fid`, `job`, `address`, `city`, `country`, `phone`, `gid`, `mobile`, `nationalnumber`, `department`, `division`, `with_honor`) VALUES (239413, 2006, '23', '', '', '', '', '', '', '', '', 'التربية الفنية ', '', '');
INSERT INTO `lk9v6_users` (`name`, `email`, `usertype`) VALUES ('صفاء محمد عبد الحليم المغربي ', '', 'الخريجين');
INSERT INTO `lk9v6_alumni_main` (`id`, `user_id`, `approved`) VALUES (239414, 239414, 1);
INSERT INTO `lk9v6_alumni_data` (`alumni_id`, `graduation_year`, `fid`, `job`, `address`, `city`, `country`, `phone`, `gid`, `mobile`, `nationalnumber`, `department`, `division`, `with_honor`) VALUES (239414, 2006, '23', '', '', '', '', '', '', '', '', 'التربية الفنية ', '', '');
INSERT INTO `lk9v6_users` (`name`, `email`, `usertype`) VALUES ('طارق محمد نجيب احمد محمد ', '', 'الخريجين');
INSERT INTO `lk9v6_alumni_main` (`id`, `user_id`, `approved`) VALUES (239415, 239415, 1);
INSERT INTO `lk9v6_alumni_data` (`alumni_id`, `graduation_year`, `fid`, `job`, `address`, `city`, `country`, `phone`, `gid`, `mobile`, `nationalnumber`, `department`, `division`, `with_honor`) VALUES (239415, 2006, '23', '', '', '', '', '', '', '', '', 'التربية الفنية ', '', '');
INSERT INTO `lk9v6_users` (`name`, `email`, `usertype`) VALUES ('عزة عبد الحميد مصطفي محمد ', '', 'الخريجين');
INSERT INTO `lk9v6_alumni_main` (`id`, `user_id`, `approved`) VALUES (239416, 239416, 1);
INSERT INTO `lk9v6_alumni_data` (`alumni_id`, `graduation_year`, `fid`, `job`, `address`, `city`, `country`, `phone`, `gid`, `mobile`, `nationalnumber`, `department`, `division`, `with_honor`) VALUES (239416, 2006, '23', '', '', '', '', '', '', '', '', 'التربية الفنية ', '', '');
INSERT INTO `lk9v6_users` (`name`, `email`, `usertype`) VALUES ('علا الشحات أحمد اللقاني ', '', 'الخريجين');
INSERT INTO `lk9v6_alumni_main` (`id`, `user_id`, `approved`) VALUES (239417, 239417, 1);
INSERT INTO `lk9v6_alumni_data` (`alumni_id`, `graduation_year`, `fid`, `job`, `address`, `city`, `country`, `phone`, `gid`, `mobile`, `nationalnumber`, `department`, `division`, `with_honor`) VALUES (239417, 2006, '23', '', '', '', '', '', '', '', '', 'التربية الفنية ', '', '');
INSERT INTO `lk9v6_users` (`name`, `email`, `usertype`) VALUES ('علا علي علاء الدين محمد ', '', 'الخريجين');
INSERT INTO `lk9v6_alumni_main` (`id`, `user_id`, `approved`) VALUES (239418, 239418, 1);
INSERT INTO `lk9v6_alumni_data` (`alumni_id`, `graduation_year`, `fid`, `job`, `address`, `city`, `country`, `phone`, `gid`, `mobile`, `nationalnumber`, `department`, `division`, `with_honor`) VALUES (239418, 2006, '23', '', '', '', '', '', '', '', '', 'التربية الفنية ', '', '');
INSERT INTO `lk9v6_users` (`name`, `email`, `usertype`) VALUES ('علياء فارس علي أحمد الشريف ', '', 'الخريجين');
INSERT INTO `lk9v6_alumni_main` (`id`, `user_id`, `approved`) VALUES (239419, 239419, 1);
INSERT INTO `lk9v6_alumni_data` (`alumni_id`, `graduation_year`, `fid`, `job`, `address`, `city`, `country`, `phone`, `gid`, `mobile`, `nationalnumber`, `department`, `division`, `with_honor`) VALUES (239419, 2006, '23', '', '', '', '', '', '', '', '', 'التربية الفنية ', '', '');
INSERT INTO `lk9v6_users` (`name`, `email`, `usertype`) VALUES ('فريدة سمير عزز عطية ', '', 'الخريجين');
INSERT INTO `lk9v6_alumni_main` (`id`, `user_id`, `approved`) VALUES (239420, 239420, 1);
INSERT INTO `lk9v6_alumni_data` (`alumni_id`, `graduation_year`, `fid`, `job`, `address`, `city`, `country`, `phone`, `gid`, `mobile`, `nationalnumber`, `department`, `division`, `with_honor`) VALUES (239420, 2006, '23', '', '', '', '', '', '', '', '', 'التربية الفنية ', '', '');
INSERT INTO `lk9v6_users` (`name`, `email`, `usertype`) VALUES ('فوزية أحمد محمد سلامة ', '', 'الخريجين');
INSERT INTO `lk9v6_alumni_main` (`id`, `user_id`, `approved`) VALUES (239421, 239421, 1);
INSERT INTO `lk9v6_alumni_data` (`alumni_id`, `graduation_year`, `fid`, `job`, `address`, `city`, `country`, `phone`, `gid`, `mobile`, `nationalnumber`, `department`, `division`, `with_honor`) VALUES (239421, 2006, '23', '', '', '', '', '', '', '', '', 'التربية الفنية ', '', '');
INSERT INTO `lk9v6_users` (`name`, `email`, `usertype`) VALUES ('كاتري محمد يوسف شاهين ', '', 'الخريجين');
INSERT INTO `lk9v6_alumni_main` (`id`, `user_id`, `approved`) VALUES (239422, 239422, 1);
INSERT INTO `lk9v6_alumni_data` (`alumni_id`, `graduation_year`, `fid`, `job`, `address`, `city`, `country`, `phone`, `gid`, `mobile`, `nationalnumber`, `department`, `division`, `with_honor`) VALUES (239422, 2006, '23', '', '', '', '', '', '', '', '', 'التربية الفنية ', '', '');
INSERT INTO `lk9v6_users` (`name`, `email`, `usertype`) VALUES ('لوريس جورج صادق شنودة ', '', 'الخريجين');
INSERT INTO `lk9v6_alumni_main` (`id`, `user_id`, `approved`) VALUES (239423, 239423, 1);
INSERT INTO `lk9v6_alumni_data` (`alumni_id`, `graduation_year`, `fid`, `job`, `address`, `city`, `country`, `phone`, `gid`, `mobile`, `nationalnumber`, `department`, `division`, `with_honor`) VALUES (239423, 2006, '23', '', '', '', '', '', '', '', '', 'التربية الفنية ', '', '');
INSERT INTO `lk9v6_users` (`name`, `email`, `usertype`) VALUES ('ماريان سعيد توفيق ميخائيل ', '', 'الخريجين');
INSERT INTO `lk9v6_alumni_main` (`id`, `user_id`, `approved`) VALUES (239424, 239424, 1);
INSERT INTO `lk9v6_alumni_data` (`alumni_id`, `graduation_year`, `fid`, `job`, `address`, `city`, `country`, `phone`, `gid`, `mobile`, `nationalnumber`, `department`, `division`, `with_honor`) VALUES (239424, 2006, '23', '', '', '', '', '', '', '', '', 'التربية الفنية ', '', '');
INSERT INTO `lk9v6_users` (`name`, `email`, `usertype`) VALUES ('محمد عبد السلام محمد عبد المنعم ', '', 'الخريجين');
INSERT INTO `lk9v6_alumni_main` (`id`, `user_id`, `approved`) VALUES (239425, 239425, 1);
INSERT INTO `lk9v6_alumni_data` (`alumni_id`, `graduation_year`, `fid`, `job`, `address`, `city`, `country`, `phone`, `gid`, `mobile`, `nationalnumber`, `department`, `division`, `with_honor`) VALUES (239425, 2006, '23', '', '', '', '', '', '', '', '', 'التربية الفنية ', '', '');
INSERT INTO `lk9v6_users` (`name`, `email`, `usertype`) VALUES ('محمد فاروق يونس أبو زيد ', '', 'الخريجين');
INSERT INTO `lk9v6_alumni_main` (`id`, `user_id`, `approved`) VALUES (239426, 239426, 1);
INSERT INTO `lk9v6_alumni_data` (`alumni_id`, `graduation_year`, `fid`, `job`, `address`, `city`, `country`, `phone`, `gid`, `mobile`, `nationalnumber`, `department`, `division`, `with_honor`) VALUES (239426, 2006, '23', '', '', '', '', '', '', '', '', 'التربية الفنية ', '', '');
INSERT INTO `lk9v6_users` (`name`, `email`, `usertype`) VALUES ('محمد محمد محمود بدوي القلفاط', '', 'الخريجين');
INSERT INTO `lk9v6_alumni_main` (`id`, `user_id`, `approved`) VALUES (239427, 239427, 1);
INSERT INTO `lk9v6_alumni_data` (`alumni_id`, `graduation_year`, `fid`, `job`, `address`, `city`, `country`, `phone`, `gid`, `mobile`, `nationalnumber`, `department`, `division`, `with_honor`) VALUES (239427, 2006, '23', '', '', '', '', '', '', '', '', 'التربية الفنية ', '', '');
INSERT INTO `lk9v6_users` (`name`, `email`, `usertype`) VALUES ('ميرفت فكري محمد محمد عبد الباقي ', '', 'الخريجين');
INSERT INTO `lk9v6_alumni_main` (`id`, `user_id`, `approved`) VALUES (239428, 239428, 1);
INSERT INTO `lk9v6_alumni_data` (`alumni_id`, `graduation_year`, `fid`, `job`, `address`, `city`, `country`, `phone`, `gid`, `mobile`, `nationalnumber`, `department`, `division`, `with_honor`) VALUES (239428, 2006, '23', '', '', '', '', '', '', '', '', 'التربية الفنية ', '', '');
INSERT INTO `lk9v6_users` (`name`, `email`, `usertype`) VALUES ('مروة ابراهيم أحمد اسماعيل ', '', 'الخريجين');
INSERT INTO `lk9v6_alumni_main` (`id`, `user_id`, `approved`) VALUES (239429, 239429, 1);
INSERT INTO `lk9v6_alumni_data` (`alumni_id`, `graduation_year`, `fid`, `job`, `address`, `city`, `country`, `phone`, `gid`, `mobile`, `nationalnumber`, `department`, `division`, `with_honor`) VALUES (239429, 2006, '23', '', '', '', '', '', '', '', '', 'التربية الفنية ', '', '');
INSERT INTO `lk9v6_users` (`name`, `email`, `usertype`) VALUES ('مروة أحمد محمد محمد حسن ', '', 'الخريجين');
INSERT INTO `lk9v6_alumni_main` (`id`, `user_id`, `approved`) VALUES (239430, 239430, 1);
INSERT INTO `lk9v6_alumni_data` (`alumni_id`, `graduation_year`, `fid`, `job`, `address`, `city`, `country`, `phone`, `gid`, `mobile`, `nationalnumber`, `department`, `division`, `with_honor`) VALUES (239430, 2006, '23', '', '', '', '', '', '', '', '', 'التربية الفنية ', '', '');
INSERT INTO `lk9v6_users` (`name`, `email`, `usertype`) VALUES ('مروة عبد الرسول محمد الأبراشي ', '', 'الخريجين');
INSERT INTO `lk9v6_alumni_main` (`id`, `user_id`, `approved`) VALUES (239431, 239431, 1);
INSERT INTO `lk9v6_alumni_data` (`alumni_id`, `graduation_year`, `fid`, `job`, `address`, `city`, `country`, `phone`, `gid`, `mobile`, `nationalnumber`, `department`, `division`, `with_honor`) VALUES (239431, 2006, '23', '', '', '', '', '', '', '', '', 'التربية الفنية ', '', '');
INSERT INTO `lk9v6_users` (`name`, `email`, `usertype`) VALUES ('مروة محمد أبو اليزيد محمد ', '', 'الخريجين');
INSERT INTO `lk9v6_alumni_main` (`id`, `user_id`, `approved`) VALUES (239432, 239432, 1);
INSERT INTO `lk9v6_alumni_data` (`alumni_id`, `graduation_year`, `fid`, `job`, `address`, `city`, `country`, `phone`, `gid`, `mobile`, `nationalnumber`, `department`, `division`, `with_honor`) VALUES (239432, 2006, '23', '', '', '', '', '', '', '', '', 'التربية الفنية ', '', '');
INSERT INTO `lk9v6_users` (`name`, `email`, `usertype`) VALUES ('مروة محمد السيد حسين ', '', 'الخريجين');
INSERT INTO `lk9v6_alumni_main` (`id`, `user_id`, `approved`) VALUES (239433, 239433, 1);
INSERT INTO `lk9v6_alumni_data` (`alumni_id`, `graduation_year`, `fid`, `job`, `address`, `city`, `country`, `phone`, `gid`, `mobile`, `nationalnumber`, `department`, `division`, `with_honor`) VALUES (239433, 2006, '23', '', '', '', '', '', '', '', '', 'التربية الفنية ', '', '');
INSERT INTO `lk9v6_users` (`name`, `email`, `usertype`) VALUES ('مصطفي مختار علي عبد الله ', '', 'الخريجين');
INSERT INTO `lk9v6_alumni_main` (`id`, `user_id`, `approved`) VALUES (239434, 239434, 1);
INSERT INTO `lk9v6_alumni_data` (`alumni_id`, `graduation_year`, `fid`, `job`, `address`, `city`, `country`, `phone`, `gid`, `mobile`, `nationalnumber`, `department`, `division`, `with_honor`) VALUES (239434, 2006, '23', '', '', '', '', '', '', '', '', 'التربية الفنية ', '', '');
INSERT INTO `lk9v6_users` (`name`, `email`, `usertype`) VALUES ('معاذ احمد السيد أحمد السقيلي ', '', 'الخريجين');
INSERT INTO `lk9v6_alumni_main` (`id`, `user_id`, `approved`) VALUES (239435, 239435, 1);
INSERT INTO `lk9v6_alumni_data` (`alumni_id`, `graduation_year`, `fid`, `job`, `address`, `city`, `country`, `phone`, `gid`, `mobile`, `nationalnumber`, `department`, `division`, `with_honor`) VALUES (239435, 2006, '23', '', '', '', '', '', '', '', '', 'التربية الفنية ', '', '');
INSERT INTO `lk9v6_users` (`name`, `email`, `usertype`) VALUES ('منة الله شفيق أحمد شاكر محمد ', '', 'الخريجين');
INSERT INTO `lk9v6_alumni_main` (`id`, `user_id`, `approved`) VALUES (239436, 239436, 1);
INSERT INTO `lk9v6_alumni_data` (`alumni_id`, `graduation_year`, `fid`, `job`, `address`, `city`, `country`, `phone`, `gid`, `mobile`, `nationalnumber`, `department`, `division`, `with_honor`) VALUES (239436, 2006, '23', '', '', '', '', '', '', '', '', 'التربية الفنية ', '', '');
INSERT INTO `lk9v6_users` (`name`, `email`, `usertype`) VALUES ('مني محمد شبل مصطفي ', '', 'الخريجين');
INSERT INTO `lk9v6_alumni_main` (`id`, `user_id`, `approved`) VALUES (239437, 239437, 1);
INSERT INTO `lk9v6_alumni_data` (`alumni_id`, `graduation_year`, `fid`, `job`, `address`, `city`, `country`, `phone`, `gid`, `mobile`, `nationalnumber`, `department`, `division`, `with_honor`) VALUES (239437, 2006, '23', '', '', '', '', '', '', '', '', 'التربية الفنية ', '', '');
INSERT INTO `lk9v6_users` (`name`, `email`, `usertype`) VALUES ('مها فتحي عيد سيد علي ', '', 'الخريجين');
INSERT INTO `lk9v6_alumni_main` (`id`, `user_id`, `approved`) VALUES (239438, 239438, 1);
INSERT INTO `lk9v6_alumni_data` (`alumni_id`, `graduation_year`, `fid`, `job`, `address`, `city`, `country`, `phone`, `gid`, `mobile`, `nationalnumber`, `department`, `division`, `with_honor`) VALUES (239438, 2006, '23', '', '', '', '', '', '', '', '', 'التربية الفنية ', '', '');
INSERT INTO `lk9v6_users` (`name`, `email`, `usertype`) VALUES ('مها محمد سعيد أحمد سليمان ', '', 'الخريجين');
INSERT INTO `lk9v6_alumni_main` (`id`, `user_id`, `approved`) VALUES (239439, 239439, 1);
INSERT INTO `lk9v6_alumni_data` (`alumni_id`, `graduation_year`, `fid`, `job`, `address`, `city`, `country`, `phone`, `gid`, `mobile`, `nationalnumber`, `department`, `division`, `with_honor`) VALUES (239439, 2006, '23', '', '', '', '', '', '', '', '', 'التربية الفنية ', '', '');
INSERT INTO `lk9v6_users` (`name`, `email`, `usertype`) VALUES ('مهند أحمد مصطفي محمد خاطر ', '', 'الخريجين');
INSERT INTO `lk9v6_alumni_main` (`id`, `user_id`, `approved`) VALUES (239440, 239440, 1);
INSERT INTO `lk9v6_alumni_data` (`alumni_id`, `graduation_year`, `fid`, `job`, `address`, `city`, `country`, `phone`, `gid`, `mobile`, `nationalnumber`, `department`, `division`, `with_honor`) VALUES (239440, 2006, '23', '', '', '', '', '', '', '', '', 'التربية الفنية ', '', '');
INSERT INTO `lk9v6_users` (`name`, `email`, `usertype`) VALUES ('مي أحمد السيد أحمد ', '', 'الخريجين');
INSERT INTO `lk9v6_alumni_main` (`id`, `user_id`, `approved`) VALUES (239441, 239441, 1);
INSERT INTO `lk9v6_alumni_data` (`alumni_id`, `graduation_year`, `fid`, `job`, `address`, `city`, `country`, `phone`, `gid`, `mobile`, `nationalnumber`, `department`, `division`, `with_honor`) VALUES (239441, 2006, '23', '', '', '', '', '', '', '', '', 'التربية الفنية ', '', '');
INSERT INTO `lk9v6_users` (`name`, `email`, `usertype`) VALUES ('مي ايهاب صبحي عل ', '', 'الخريجين');
INSERT INTO `lk9v6_alumni_main` (`id`, `user_id`, `approved`) VALUES (239442, 239442, 1);
INSERT INTO `lk9v6_alumni_data` (`alumni_id`, `graduation_year`, `fid`, `job`, `address`, `city`, `country`, `phone`, `gid`, `mobile`, `nationalnumber`, `department`, `division`, `with_honor`) VALUES (239442, 2006, '23', '', '', '', '', '', '', '', '', 'التربية الفنية ', '', '');
INSERT INTO `lk9v6_users` (`name`, `email`, `usertype`) VALUES ('مي عبد الصادق طلبة السيوي ', '', 'الخريجين');
INSERT INTO `lk9v6_alumni_main` (`id`, `user_id`, `approved`) VALUES (239443, 239443, 1);
INSERT INTO `lk9v6_alumni_data` (`alumni_id`, `graduation_year`, `fid`, `job`, `address`, `city`, `country`, `phone`, `gid`, `mobile`, `nationalnumber`, `department`, `division`, `with_honor`) VALUES (239443, 2006, '23', '', '', '', '', '', '', '', '', 'التربية الفنية ', '', '');
INSERT INTO `lk9v6_users` (`name`, `email`, `usertype`) VALUES ('مي محمود عوض غنيم ', '', 'الخريجين');
INSERT INTO `lk9v6_alumni_main` (`id`, `user_id`, `approved`) VALUES (239444, 239444, 1);
INSERT INTO `lk9v6_alumni_data` (`alumni_id`, `graduation_year`, `fid`, `job`, `address`, `city`, `country`, `phone`, `gid`, `mobile`, `nationalnumber`, `department`, `division`, `with_honor`) VALUES (239444, 2006, '23', '', '', '', '', '', '', '', '', 'التربية الفنية ', '', '');
INSERT INTO `lk9v6_users` (`name`, `email`, `usertype`) VALUES ('مي مسعد مبارك محمد ', '', 'الخريجين');
INSERT INTO `lk9v6_alumni_main` (`id`, `user_id`, `approved`) VALUES (239445, 239445, 1);
INSERT INTO `lk9v6_alumni_data` (`alumni_id`, `graduation_year`, `fid`, `job`, `address`, `city`, `country`, `phone`, `gid`, `mobile`, `nationalnumber`, `department`, `division`, `with_honor`) VALUES (239445, 2006, '23', '', '', '', '', '', '', '', '', 'التربية الفنية ', '', '');
INSERT INTO `lk9v6_users` (`name`, `email`, `usertype`) VALUES ('نانسي عبد الرحمن عبد الله ', '', 'الخريجين');
INSERT INTO `lk9v6_alumni_main` (`id`, `user_id`, `approved`) VALUES (239446, 239446, 1);
INSERT INTO `lk9v6_alumni_data` (`alumni_id`, `graduation_year`, `fid`, `job`, `address`, `city`, `country`, `phone`, `gid`, `mobile`, `nationalnumber`, `department`, `division`, `with_honor`) VALUES (239446, 2006, '23', '', '', '', '', '', '', '', '', 'التربية الفنية ', '', '');
INSERT INTO `lk9v6_users` (`name`, `email`, `usertype`) VALUES ('نانسي عادل أمين كامل ', '', 'الخريجين');
INSERT INTO `lk9v6_alumni_main` (`id`, `user_id`, `approved`) VALUES (239447, 239447, 1);
INSERT INTO `lk9v6_alumni_data` (`alumni_id`, `graduation_year`, `fid`, `job`, `address`, `city`, `country`, `phone`, `gid`, `mobile`, `nationalnumber`, `department`, `division`, `with_honor`) VALUES (239447, 2006, '23', '', '', '', '', '', '', '', '', 'التربية الفنية ', '', '');
INSERT INTO `lk9v6_users` (`name`, `email`, `usertype`) VALUES ('نانسي مجدي محمد نبوي عبد الجواد ', '', 'الخريجين');
INSERT INTO `lk9v6_alumni_main` (`id`, `user_id`, `approved`) VALUES (239448, 239448, 1);
INSERT INTO `lk9v6_alumni_data` (`alumni_id`, `graduation_year`, `fid`, `job`, `address`, `city`, `country`, `phone`, `gid`, `mobile`, `nationalnumber`, `department`, `division`, `with_honor`) VALUES (239448, 2006, '23', '', '', '', '', '', '', '', '', 'التربية الفنية ', '', '');
INSERT INTO `lk9v6_users` (`name`, `email`, `usertype`) VALUES ('نجوي ابراهيم محمد صبره ياقطين ', '', 'الخريجين');
INSERT INTO `lk9v6_alumni_main` (`id`, `user_id`, `approved`) VALUES (239449, 239449, 1);
INSERT INTO `lk9v6_alumni_data` (`alumni_id`, `graduation_year`, `fid`, `job`, `address`, `city`, `country`, `phone`, `gid`, `mobile`, `nationalnumber`, `department`, `division`, `with_honor`) VALUES (239449, 2006, '23', '', '', '', '', '', '', '', '', 'التربية الفنية ', '', '');
INSERT INTO `lk9v6_users` (`name`, `email`, `usertype`) VALUES ('نيرمين أحمد عبده محمود علي ', '', 'الخريجين');
INSERT INTO `lk9v6_alumni_main` (`id`, `user_id`, `approved`) VALUES (239450, 239450, 1);
INSERT INTO `lk9v6_alumni_data` (`alumni_id`, `graduation_year`, `fid`, `job`, `address`, `city`, `country`, `phone`, `gid`, `mobile`, `nationalnumber`, `department`, `division`, `with_honor`) VALUES (239450, 2006, '23', '', '', '', '', '', '', '', '', 'التربية الفنية ', '', '');
INSERT INTO `lk9v6_users` (`name`, `email`, `usertype`) VALUES ('نسمة محمد عبد الحافظ عبد الوهاب ', '', 'الخريجين');
INSERT INTO `lk9v6_alumni_main` (`id`, `user_id`, `approved`) VALUES (239451, 239451, 1);
INSERT INTO `lk9v6_alumni_data` (`alumni_id`, `graduation_year`, `fid`, `job`, `address`, `city`, `country`, `phone`, `gid`, `mobile`, `nationalnumber`, `department`, `division`, `with_honor`) VALUES (239451, 2006, '23', '', '', '', '', '', '', '', '', 'التربية الفنية ', '', '');
INSERT INTO `lk9v6_users` (`name`, `email`, `usertype`) VALUES ('نهال انور كال محمد الشناوي ', '', 'الخريجين');
INSERT INTO `lk9v6_alumni_main` (`id`, `user_id`, `approved`) VALUES (239452, 239452, 1);
INSERT INTO `lk9v6_alumni_data` (`alumni_id`, `graduation_year`, `fid`, `job`, `address`, `city`, `country`, `phone`, `gid`, `mobile`, `nationalnumber`, `department`, `division`, `with_honor`) VALUES (239452, 2006, '23', '', '', '', '', '', '', '', '', 'التربية الفنية ', '', '');
INSERT INTO `lk9v6_users` (`name`, `email`, `usertype`) VALUES ('نوال محمد سليمان ', '', 'الخريجين');
INSERT INTO `lk9v6_alumni_main` (`id`, `user_id`, `approved`) VALUES (239453, 239453, 1);
INSERT INTO `lk9v6_alumni_data` (`alumni_id`, `graduation_year`, `fid`, `job`, `address`, `city`, `country`, `phone`, `gid`, `mobile`, `nationalnumber`, `department`, `division`, `with_honor`) VALUES (239453, 2006, '23', '', '', '', '', '', '', '', '', 'التربية الفنية ', '', '');
INSERT INTO `lk9v6_users` (`name`, `email`, `usertype`) VALUES ('نورا محمد محمود البرشومي ', '', 'الخريجين');
INSERT INTO `lk9v6_alumni_main` (`id`, `user_id`, `approved`) VALUES (239454, 239454, 1);
INSERT INTO `lk9v6_alumni_data` (`alumni_id`, `graduation_year`, `fid`, `job`, `address`, `city`, `country`, `phone`, `gid`, `mobile`, `nationalnumber`, `department`, `division`, `with_honor`) VALUES (239454, 2006, '23', '', '', '', '', '', '', '', '', 'التربية الفنية ', '', '');
INSERT INTO `lk9v6_users` (`name`, `email`, `usertype`) VALUES ('نورا مصطفي أحمد محمد الخولي ', '', 'الخريجين');
INSERT INTO `lk9v6_alumni_main` (`id`, `user_id`, `approved`) VALUES (239455, 239455, 1);
INSERT INTO `lk9v6_alumni_data` (`alumni_id`, `graduation_year`, `fid`, `job`, `address`, `city`, `country`, `phone`, `gid`, `mobile`, `nationalnumber`, `department`, `division`, `with_honor`) VALUES (239455, 2006, '23', '', '', '', '', '', '', '', '', 'التربية الفنية ', '', '');
INSERT INTO `lk9v6_users` (`name`, `email`, `usertype`) VALUES ('نورهان السيد رمضان ابراهم ', '', 'الخريجين');
INSERT INTO `lk9v6_alumni_main` (`id`, `user_id`, `approved`) VALUES (239456, 239456, 1);
INSERT INTO `lk9v6_alumni_data` (`alumni_id`, `graduation_year`, `fid`, `job`, `address`, `city`, `country`, `phone`, `gid`, `mobile`, `nationalnumber`, `department`, `division`, `with_honor`) VALUES (239456, 2006, '23', '', '', '', '', '', '', '', '', 'التربية الفنية ', '', '');
INSERT INTO `lk9v6_users` (`name`, `email`, `usertype`) VALUES ('نورهان يسري عبد الفتاح خليل ', '', 'الخريجين');
INSERT INTO `lk9v6_alumni_main` (`id`, `user_id`, `approved`) VALUES (239457, 239457, 1);
INSERT INTO `lk9v6_alumni_data` (`alumni_id`, `graduation_year`, `fid`, `job`, `address`, `city`, `country`, `phone`, `gid`, `mobile`, `nationalnumber`, `department`, `division`, `with_honor`) VALUES (239457, 2006, '23', '', '', '', '', '', '', '', '', 'التربية الفنية ', '', '');
INSERT INTO `lk9v6_users` (`name`, `email`, `usertype`) VALUES ('نيفين سمير نظير بخيت ', '', 'الخريجين');
INSERT INTO `lk9v6_alumni_main` (`id`, `user_id`, `approved`) VALUES (239458, 239458, 1);
INSERT INTO `lk9v6_alumni_data` (`alumni_id`, `graduation_year`, `fid`, `job`, `address`, `city`, `country`, `phone`, `gid`, `mobile`, `nationalnumber`, `department`, `division`, `with_honor`) VALUES (239458, 2006, '23', '', '', '', '', '', '', '', '', 'التربية الفنية ', '', '');
INSERT INTO `lk9v6_users` (`name`, `email`, `usertype`) VALUES ('نيهال سعيد حسن مصطفي ', '', 'الخريجين');
INSERT INTO `lk9v6_alumni_main` (`id`, `user_id`, `approved`) VALUES (239459, 239459, 1);
INSERT INTO `lk9v6_alumni_data` (`alumni_id`, `graduation_year`, `fid`, `job`, `address`, `city`, `country`, `phone`, `gid`, `mobile`, `nationalnumber`, `department`, `division`, `with_honor`) VALUES (239459, 2006, '23', '', '', '', '', '', '', '', '', 'التربية الفنية ', '', '');
INSERT INTO `lk9v6_users` (`name`, `email`, `usertype`) VALUES ('هاجر عثمانذ ابراهيم شكري ', '', 'الخريجين');
INSERT INTO `lk9v6_alumni_main` (`id`, `user_id`, `approved`) VALUES (239460, 239460, 1);
INSERT INTO `lk9v6_alumni_data` (`alumni_id`, `graduation_year`, `fid`, `job`, `address`, `city`, `country`, `phone`, `gid`, `mobile`, `nationalnumber`, `department`, `division`, `with_honor`) VALUES (239460, 2006, '23', '', '', '', '', '', '', '', '', 'التربية الفنية ', '', '');
INSERT INTO `lk9v6_users` (`name`, `email`, `usertype`) VALUES ('هاجر علي ابراهيم علي أحمد ', '', 'الخريجين');
INSERT INTO `lk9v6_alumni_main` (`id`, `user_id`, `approved`) VALUES (239461, 239461, 1);
INSERT INTO `lk9v6_alumni_data` (`alumni_id`, `graduation_year`, `fid`, `job`, `address`, `city`, `country`, `phone`, `gid`, `mobile`, `nationalnumber`, `department`, `division`, `with_honor`) VALUES (239461, 2006, '23', '', '', '', '', '', '', '', '', 'التربية الفنية ', '', '');
INSERT INTO `lk9v6_users` (`name`, `email`, `usertype`) VALUES ('هايدي رسمي وهيب أبادير ', '', 'الخريجين');
INSERT INTO `lk9v6_alumni_main` (`id`, `user_id`, `approved`) VALUES (239462, 239462, 1);
INSERT INTO `lk9v6_alumni_data` (`alumni_id`, `graduation_year`, `fid`, `job`, `address`, `city`, `country`, `phone`, `gid`, `mobile`, `nationalnumber`, `department`, `division`, `with_honor`) VALUES (239462, 2006, '23', '', '', '', '', '', '', '', '', 'التربية الفنية ', '', '');
INSERT INTO `lk9v6_users` (`name`, `email`, `usertype`) VALUES ('هبه الصافي أحمد علي التوتو', '', 'الخريجين');
INSERT INTO `lk9v6_alumni_main` (`id`, `user_id`, `approved`) VALUES (239463, 239463, 1);
INSERT INTO `lk9v6_alumni_data` (`alumni_id`, `graduation_year`, `fid`, `job`, `address`, `city`, `country`, `phone`, `gid`, `mobile`, `nationalnumber`, `department`, `division`, `with_honor`) VALUES (239463, 2006, '23', '', '', '', '', '', '', '', '', 'التربية الفنية ', '', '');
INSERT INTO `lk9v6_users` (`name`, `email`, `usertype`) VALUES ('هبة الله عصام عبد اللطيف السيد', '', 'الخريجين');
INSERT INTO `lk9v6_alumni_main` (`id`, `user_id`, `approved`) VALUES (239464, 239464, 1);
INSERT INTO `lk9v6_alumni_data` (`alumni_id`, `graduation_year`, `fid`, `job`, `address`, `city`, `country`, `phone`, `gid`, `mobile`, `nationalnumber`, `department`, `division`, `with_honor`) VALUES (239464, 2006, '23', '', '', '', '', '', '', '', '', 'التربية الفنية ', '', '');
INSERT INTO `lk9v6_users` (`name`, `email`, `usertype`) VALUES ('هبة الله فوزي أحمد جمعه الفيومي ', '', 'الخريجين');
INSERT INTO `lk9v6_alumni_main` (`id`, `user_id`, `approved`) VALUES (239465, 239465, 1);
INSERT INTO `lk9v6_alumni_data` (`alumni_id`, `graduation_year`, `fid`, `job`, `address`, `city`, `country`, `phone`, `gid`, `mobile`, `nationalnumber`, `department`, `division`, `with_honor`) VALUES (239465, 2006, '23', '', '', '', '', '', '', '', '', 'التربية الفنية ', '', '');
INSERT INTO `lk9v6_users` (`name`, `email`, `usertype`) VALUES ('هبه جابر علي البغدادي ', '', 'الخريجين');
INSERT INTO `lk9v6_alumni_main` (`id`, `user_id`, `approved`) VALUES (239466, 239466, 1);
INSERT INTO `lk9v6_alumni_data` (`alumni_id`, `graduation_year`, `fid`, `job`, `address`, `city`, `country`, `phone`, `gid`, `mobile`, `nationalnumber`, `department`, `division`, `with_honor`) VALUES (239466, 2006, '23', '', '', '', '', '', '', '', '', 'التربية الفنية ', '', '');
INSERT INTO `lk9v6_users` (`name`, `email`, `usertype`) VALUES ('هبه حسين عبد الحميد أبو خضرة', '', 'الخريجين');
INSERT INTO `lk9v6_alumni_main` (`id`, `user_id`, `approved`) VALUES (239467, 239467, 1);
INSERT INTO `lk9v6_alumni_data` (`alumni_id`, `graduation_year`, `fid`, `job`, `address`, `city`, `country`, `phone`, `gid`, `mobile`, `nationalnumber`, `department`, `division`, `with_honor`) VALUES (239467, 2006, '23', '', '', '', '', '', '', '', '', 'التربية الفنية ', '', '');
INSERT INTO `lk9v6_users` (`name`, `email`, `usertype`) VALUES ('هبة سامي السيد محمد ', '', 'الخريجين');
INSERT INTO `lk9v6_alumni_main` (`id`, `user_id`, `approved`) VALUES (239468, 239468, 1);
INSERT INTO `lk9v6_alumni_data` (`alumni_id`, `graduation_year`, `fid`, `job`, `address`, `city`, `country`, `phone`, `gid`, `mobile`, `nationalnumber`, `department`, `division`, `with_honor`) VALUES (239468, 2006, '23', '', '', '', '', '', '', '', '', 'التربية الفنية ', '', '');
INSERT INTO `lk9v6_users` (`name`, `email`, `usertype`) VALUES ('هبة سعد علام محمود علام ', '', 'الخريجين');
INSERT INTO `lk9v6_alumni_main` (`id`, `user_id`, `approved`) VALUES (239469, 239469, 1);
INSERT INTO `lk9v6_alumni_data` (`alumni_id`, `graduation_year`, `fid`, `job`, `address`, `city`, `country`, `phone`, `gid`, `mobile`, `nationalnumber`, `department`, `division`, `with_honor`) VALUES (239469, 2006, '23', '', '', '', '', '', '', '', '', 'التربية الفنية ', '', '');
INSERT INTO `lk9v6_users` (`name`, `email`, `usertype`) VALUES ('هبه نبيل رجب داود', '', 'الخريجين');
INSERT INTO `lk9v6_alumni_main` (`id`, `user_id`, `approved`) VALUES (239470, 239470, 1);
INSERT INTO `lk9v6_alumni_data` (`alumni_id`, `graduation_year`, `fid`, `job`, `address`, `city`, `country`, `phone`, `gid`, `mobile`, `nationalnumber`, `department`, `division`, `with_honor`) VALUES (239470, 2006, '23', '', '', '', '', '', '', '', '', 'التربية الفنية ', '', '');
INSERT INTO `lk9v6_users` (`name`, `email`, `usertype`) VALUES ('هدي عبد القادر أحمد محمد', '', 'الخريجين');
INSERT INTO `lk9v6_alumni_main` (`id`, `user_id`, `approved`) VALUES (239471, 239471, 1);
INSERT INTO `lk9v6_alumni_data` (`alumni_id`, `graduation_year`, `fid`, `job`, `address`, `city`, `country`, `phone`, `gid`, `mobile`, `nationalnumber`, `department`, `division`, `with_honor`) VALUES (239471, 2006, '23', '', '', '', '', '', '', '', '', 'التربية الفنية ', '', '');
INSERT INTO `lk9v6_users` (`name`, `email`, `usertype`) VALUES ('هدي محمود خميس مرسي ', '', 'الخريجين');
INSERT INTO `lk9v6_alumni_main` (`id`, `user_id`, `approved`) VALUES (239472, 239472, 1);
INSERT INTO `lk9v6_alumni_data` (`alumni_id`, `graduation_year`, `fid`, `job`, `address`, `city`, `country`, `phone`, `gid`, `mobile`, `nationalnumber`, `department`, `division`, `with_honor`) VALUES (239472, 2006, '23', '', '', '', '', '', '', '', '', 'التربية الفنية ', '', '');
INSERT INTO `lk9v6_users` (`name`, `email`, `usertype`) VALUES ('هناء محمد اسماعيل محمد', '', 'الخريجين');
INSERT INTO `lk9v6_alumni_main` (`id`, `user_id`, `approved`) VALUES (239473, 239473, 1);
INSERT INTO `lk9v6_alumni_data` (`alumni_id`, `graduation_year`, `fid`, `job`, `address`, `city`, `country`, `phone`, `gid`, `mobile`, `nationalnumber`, `department`, `division`, `with_honor`) VALUES (239473, 2006, '23', '', '', '', '', '', '', '', '', 'التربية الفنية ', '', '');
INSERT INTO `lk9v6_users` (`name`, `email`, `usertype`) VALUES ('هند عاطف محمد شحاته', '', 'الخريجين');
INSERT INTO `lk9v6_alumni_main` (`id`, `user_id`, `approved`) VALUES (239474, 239474, 1);
INSERT INTO `lk9v6_alumni_data` (`alumni_id`, `graduation_year`, `fid`, `job`, `address`, `city`, `country`, `phone`, `gid`, `mobile`, `nationalnumber`, `department`, `division`, `with_honor`) VALUES (239474, 2006, '23', '', '', '', '', '', '', '', '', 'التربية الفنية ', '', '');
INSERT INTO `lk9v6_users` (`name`, `email`, `usertype`) VALUES ('هند محمد اسماعيل حسن ', '', 'الخريجين');
INSERT INTO `lk9v6_alumni_main` (`id`, `user_id`, `approved`) VALUES (239475, 239475, 1);
INSERT INTO `lk9v6_alumni_data` (`alumni_id`, `graduation_year`, `fid`, `job`, `address`, `city`, `country`, `phone`, `gid`, `mobile`, `nationalnumber`, `department`, `division`, `with_honor`) VALUES (239475, 2006, '23', '', '', '', '', '', '', '', '', 'التربية الفنية ', '', '');
INSERT INTO `lk9v6_users` (`name`, `email`, `usertype`) VALUES ('وفاء ابراهيم السيد الزلباني ', '', 'الخريجين');
INSERT INTO `lk9v6_alumni_main` (`id`, `user_id`, `approved`) VALUES (239476, 239476, 1);
INSERT INTO `lk9v6_alumni_data` (`alumni_id`, `graduation_year`, `fid`, `job`, `address`, `city`, `country`, `phone`, `gid`, `mobile`, `nationalnumber`, `department`, `division`, `with_honor`) VALUES (239476, 2006, '23', '', '', '', '', '', '', '', '', 'التربية الفنية ', '', '');
INSERT INTO `lk9v6_users` (`name`, `email`, `usertype`) VALUES ('وفاء مجدي السيد السيد ', '', 'الخريجين');
INSERT INTO `lk9v6_alumni_main` (`id`, `user_id`, `approved`) VALUES (239477, 239477, 1);
INSERT INTO `lk9v6_alumni_data` (`alumni_id`, `graduation_year`, `fid`, `job`, `address`, `city`, `country`, `phone`, `gid`, `mobile`, `nationalnumber`, `department`, `division`, `with_honor`) VALUES (239477, 2006, '23', '', '', '', '', '', '', '', '', 'التربية الفنية ', '', '');
INSERT INTO `lk9v6_users` (`name`, `email`, `usertype`) VALUES ('ياسمين يحيي عصمت ابراهيم ', '', 'الخريجين');
INSERT INTO `lk9v6_alumni_main` (`id`, `user_id`, `approved`) VALUES (239478, 239478, 1);
INSERT INTO `lk9v6_alumni_data` (`alumni_id`, `graduation_year`, `fid`, `job`, `address`, `city`, `country`, `phone`, `gid`, `mobile`, `nationalnumber`, `department`, `division`, `with_honor`) VALUES (239478, 2006, '23', '', '', '', '', '', '', '', '', 'التربية الفنية ', '', '');
INSERT INTO `lk9v6_users` (`name`, `email`, `usertype`) VALUES ('يمني محمد رباح محمد احمد ', '', 'الخريجين');
INSERT INTO `lk9v6_alumni_main` (`id`, `user_id`, `approved`) VALUES (239479, 239479, 1);
INSERT INTO `lk9v6_alumni_data` (`alumni_id`, `graduation_year`, `fid`, `job`, `address`, `city`, `country`, `phone`, `gid`, `mobile`, `nationalnumber`, `department`, `division`, `with_honor`) VALUES (239479, 2006, '23', '', '', '', '', '', '', '', '', 'التربية الفنية ', '', '');
INSERT INTO `lk9v6_users` (`name`, `email`, `usertype`) VALUES ('محمد جلال سعد الأفندي ', '', 'الخريجين');
INSERT INTO `lk9v6_alumni_main` (`id`, `user_id`, `approved`) VALUES (239480, 239480, 1);
INSERT INTO `lk9v6_alumni_data` (`alumni_id`, `graduation_year`, `fid`, `job`, `address`, `city`, `country`, `phone`, `gid`, `mobile`, `nationalnumber`, `department`, `division`, `with_honor`) VALUES (239480, 2006, '23', '', '', '', '', '', '', '', '', 'التربية الفنية ', '', '');
INSERT INTO `lk9v6_users` (`name`, `email`, `usertype`) VALUES ('مروة محمود عبد السلام محمد ', '', 'الخريجين');
INSERT INTO `lk9v6_alumni_main` (`id`, `user_id`, `approved`) VALUES (239481, 239481, 1);
INSERT INTO `lk9v6_alumni_data` (`alumni_id`, `graduation_year`, `fid`, `job`, `address`, `city`, `country`, `phone`, `gid`, `mobile`, `nationalnumber`, `department`, `division`, `with_honor`) VALUES (239481, 2006, '23', '', '', '', '', '', '', '', '', 'التربية الفنية ', '', '');
INSERT INTO `lk9v6_users` (`name`, `email`, `usertype`) VALUES ('مبارك علي أنور منصور ', '', 'الخريجين');
INSERT INTO `lk9v6_alumni_main` (`id`, `user_id`, `approved`) VALUES (239482, 239482, 1);
INSERT INTO `lk9v6_alumni_data` (`alumni_id`, `graduation_year`, `fid`, `job`, `address`, `city`, `country`, `phone`, `gid`, `mobile`, `nationalnumber`, `department`, `division`, `with_honor`) VALUES (239482, 2006, '23', '', '', '', '', '', '', '', '', 'التربية الفنية ', '', '');
INSERT INTO `lk9v6_users` (`name`, `email`, `usertype`) VALUES ('أسراء وجيه عبد السلام', '', 'الخريجين');
INSERT INTO `lk9v6_alumni_main` (`id`, `user_id`, `approved`) VALUES (239483, 239483, 1);
INSERT INTO `lk9v6_alumni_data` (`alumni_id`, `graduation_year`, `fid`, `job`, `address`, `city`, `country`, `phone`, `gid`, `mobile`, `nationalnumber`, `department`, `division`, `with_honor`) VALUES (239483, 2006, '23', '', '', '', '', '', '', '', '', 'التربية الموسيقية', '', '');
INSERT INTO `lk9v6_users` (`name`, `email`, `usertype`) VALUES ('إسلام رشدي مصطفي خليل', '', 'الخريجين');
INSERT INTO `lk9v6_alumni_main` (`id`, `user_id`, `approved`) VALUES (239484, 239484, 1);
INSERT INTO `lk9v6_alumni_data` (`alumni_id`, `graduation_year`, `fid`, `job`, `address`, `city`, `country`, `phone`, `gid`, `mobile`, `nationalnumber`, `department`, `division`, `with_honor`) VALUES (239484, 2006, '23', '', '', '', '', '', '', '', '', 'التربية الموسيقية ', '', '');
INSERT INTO `lk9v6_users` (`name`, `email`, `usertype`) VALUES ('اسلام شاكر محمد محمد أبو موسي ', '', 'الخريجين');
INSERT INTO `lk9v6_alumni_main` (`id`, `user_id`, `approved`) VALUES (239485, 239485, 1);
INSERT INTO `lk9v6_alumni_data` (`alumni_id`, `graduation_year`, `fid`, `job`, `address`, `city`, `country`, `phone`, `gid`, `mobile`, `nationalnumber`, `department`, `division`, `with_honor`) VALUES (239485, 2006, '23', '', '', '', '', '', '', '', '', 'التربية الموسيقية 2007', '', '');
INSERT INTO `lk9v6_users` (`name`, `email`, `usertype`) VALUES ('أسماء محمد السيد عيد', '', 'الخريجين');
INSERT INTO `lk9v6_alumni_main` (`id`, `user_id`, `approved`) VALUES (239486, 239486, 1);
INSERT INTO `lk9v6_alumni_data` (`alumni_id`, `graduation_year`, `fid`, `job`, `address`, `city`, `country`, `phone`, `gid`, `mobile`, `nationalnumber`, `department`, `division`, `with_honor`) VALUES (239486, 2006, '23', '', '', '', '', '', '', '', '', 'التربية الموسيقية 2007', '', '');
INSERT INTO `lk9v6_users` (`name`, `email`, `usertype`) VALUES ('الشيماء جمال محمد فهمي رمضان', '', 'الخريجين');
INSERT INTO `lk9v6_alumni_main` (`id`, `user_id`, `approved`) VALUES (239487, 239487, 1);
INSERT INTO `lk9v6_alumni_data` (`alumni_id`, `graduation_year`, `fid`, `job`, `address`, `city`, `country`, `phone`, `gid`, `mobile`, `nationalnumber`, `department`, `division`, `with_honor`) VALUES (239487, 2006, '23', '', '', '', '', '', '', '', '', 'التربية الموسيقية 2007', '', '');
INSERT INTO `lk9v6_users` (`name`, `email`, `usertype`) VALUES ('أماني محمد محروس عبد التواب ', '', 'الخريجين');
INSERT INTO `lk9v6_alumni_main` (`id`, `user_id`, `approved`) VALUES (239488, 239488, 1);
INSERT INTO `lk9v6_alumni_data` (`alumni_id`, `graduation_year`, `fid`, `job`, `address`, `city`, `country`, `phone`, `gid`, `mobile`, `nationalnumber`, `department`, `division`, `with_honor`) VALUES (239488, 2006, '23', '', '', '', '', '', '', '', '', 'التربية الموسيقية 2007', '', '');
INSERT INTO `lk9v6_users` (`name`, `email`, `usertype`) VALUES ('أمنية علاء الدين علي محمد اللباني ', '', 'الخريجين');
INSERT INTO `lk9v6_alumni_main` (`id`, `user_id`, `approved`) VALUES (239489, 239489, 1);
INSERT INTO `lk9v6_alumni_data` (`alumni_id`, `graduation_year`, `fid`, `job`, `address`, `city`, `country`, `phone`, `gid`, `mobile`, `nationalnumber`, `department`, `division`, `with_honor`) VALUES (239489, 2006, '23', '', '', '', '', '', '', '', '', 'التربية الموسيقية 2007', '', '');
INSERT INTO `lk9v6_users` (`name`, `email`, `usertype`) VALUES ('إيمان عبده علي عبد الرحمن', '', 'الخريجين');
INSERT INTO `lk9v6_alumni_main` (`id`, `user_id`, `approved`) VALUES (239490, 239490, 1);
INSERT INTO `lk9v6_alumni_data` (`alumni_id`, `graduation_year`, `fid`, `job`, `address`, `city`, `country`, `phone`, `gid`, `mobile`, `nationalnumber`, `department`, `division`, `with_honor`) VALUES (239490, 2006, '23', '', '', '', '', '', '', '', '', 'التربية الموسيقية 2007', '', '');
INSERT INTO `lk9v6_users` (`name`, `email`, `usertype`) VALUES ('إيمان محمد ابراهيم خليل ', '', 'الخريجين');
INSERT INTO `lk9v6_alumni_main` (`id`, `user_id`, `approved`) VALUES (239491, 239491, 1);
INSERT INTO `lk9v6_alumni_data` (`alumni_id`, `graduation_year`, `fid`, `job`, `address`, `city`, `country`, `phone`, `gid`, `mobile`, `nationalnumber`, `department`, `division`, `with_honor`) VALUES (239491, 2006, '23', '', '', '', '', '', '', '', '', 'التربية الموسيقية 2007', '', '');
INSERT INTO `lk9v6_users` (`name`, `email`, `usertype`) VALUES ('تامر السيد فؤاد ابراهيم ', '', 'الخريجين');
INSERT INTO `lk9v6_alumni_main` (`id`, `user_id`, `approved`) VALUES (239492, 239492, 1);
INSERT INTO `lk9v6_alumni_data` (`alumni_id`, `graduation_year`, `fid`, `job`, `address`, `city`, `country`, `phone`, `gid`, `mobile`, `nationalnumber`, `department`, `division`, `with_honor`) VALUES (239492, 2006, '23', '', '', '', '', '', '', '', '', 'التربية الموسيقية 2007', '', '');
INSERT INTO `lk9v6_users` (`name`, `email`, `usertype`) VALUES ('جينا جورج صبحي ذكي ', '', 'الخريجين');
INSERT INTO `lk9v6_alumni_main` (`id`, `user_id`, `approved`) VALUES (239493, 239493, 1);
INSERT INTO `lk9v6_alumni_data` (`alumni_id`, `graduation_year`, `fid`, `job`, `address`, `city`, `country`, `phone`, `gid`, `mobile`, `nationalnumber`, `department`, `division`, `with_honor`) VALUES (239493, 2006, '23', '', '', '', '', '', '', '', '', 'التربية الموسيقية 2007', '', '');
INSERT INTO `lk9v6_users` (`name`, `email`, `usertype`) VALUES ('دينا عادل لبيب لبيب غالي ', '', 'الخريجين');
INSERT INTO `lk9v6_alumni_main` (`id`, `user_id`, `approved`) VALUES (239494, 239494, 1);
INSERT INTO `lk9v6_alumni_data` (`alumni_id`, `graduation_year`, `fid`, `job`, `address`, `city`, `country`, `phone`, `gid`, `mobile`, `nationalnumber`, `department`, `division`, `with_honor`) VALUES (239494, 2006, '23', '', '', '', '', '', '', '', '', 'التربية الموسيقية 2007', '', '');
INSERT INTO `lk9v6_users` (`name`, `email`, `usertype`) VALUES ('رامز عادل بباوي فلتس ', '', 'الخريجين');
INSERT INTO `lk9v6_alumni_main` (`id`, `user_id`, `approved`) VALUES (239495, 239495, 1);
INSERT INTO `lk9v6_alumni_data` (`alumni_id`, `graduation_year`, `fid`, `job`, `address`, `city`, `country`, `phone`, `gid`, `mobile`, `nationalnumber`, `department`, `division`, `with_honor`) VALUES (239495, 2006, '23', '', '', '', '', '', '', '', '', 'التربية الموسيقية 2007', '', '');
INSERT INTO `lk9v6_users` (`name`, `email`, `usertype`) VALUES ('ربا عثمان أبو النجاة عبد الغني ', '', 'الخريجين');
INSERT INTO `lk9v6_alumni_main` (`id`, `user_id`, `approved`) VALUES (239496, 239496, 1);
INSERT INTO `lk9v6_alumni_data` (`alumni_id`, `graduation_year`, `fid`, `job`, `address`, `city`, `country`, `phone`, `gid`, `mobile`, `nationalnumber`, `department`, `division`, `with_honor`) VALUES (239496, 2006, '23', '', '', '', '', '', '', '', '', 'التربية الموسيقية 2007', '', '');
INSERT INTO `lk9v6_users` (`name`, `email`, `usertype`) VALUES ('رشا عبده حامد محمد قنفود ', '', 'الخريجين');
INSERT INTO `lk9v6_alumni_main` (`id`, `user_id`, `approved`) VALUES (239497, 239497, 1);
INSERT INTO `lk9v6_alumni_data` (`alumni_id`, `graduation_year`, `fid`, `job`, `address`, `city`, `country`, `phone`, `gid`, `mobile`, `nationalnumber`, `department`, `division`, `with_honor`) VALUES (239497, 2006, '23', '', '', '', '', '', '', '', '', 'التربية الموسيقية 2007', '', '');
INSERT INTO `lk9v6_users` (`name`, `email`, `usertype`) VALUES ('رشا محمد عبد المنعم فتح الله', '', 'الخريجين');
INSERT INTO `lk9v6_alumni_main` (`id`, `user_id`, `approved`) VALUES (239498, 239498, 1);
INSERT INTO `lk9v6_alumni_data` (`alumni_id`, `graduation_year`, `fid`, `job`, `address`, `city`, `country`, `phone`, `gid`, `mobile`, `nationalnumber`, `department`, `division`, `with_honor`) VALUES (239498, 2006, '23', '', '', '', '', '', '', '', '', 'التربية الموسيقية 2007', '', '');
INSERT INTO `lk9v6_users` (`name`, `email`, `usertype`) VALUES ('ريهام صلاح الدين السيد خليل', '', 'الخريجين');
INSERT INTO `lk9v6_alumni_main` (`id`, `user_id`, `approved`) VALUES (239499, 239499, 1);
INSERT INTO `lk9v6_alumni_data` (`alumni_id`, `graduation_year`, `fid`, `job`, `address`, `city`, `country`, `phone`, `gid`, `mobile`, `nationalnumber`, `department`, `division`, `with_honor`) VALUES (239499, 2006, '23', '', '', '', '', '', '', '', '', 'التربية الموسيقية 2007', '', '');
INSERT INTO `lk9v6_users` (`name`, `email`, `usertype`) VALUES ('زينب أحمد عبد العزيز علي ', '', 'الخريجين');
INSERT INTO `lk9v6_alumni_main` (`id`, `user_id`, `approved`) VALUES (239500, 239500, 1);
INSERT INTO `lk9v6_alumni_data` (`alumni_id`, `graduation_year`, `fid`, `job`, `address`, `city`, `country`, `phone`, `gid`, `mobile`, `nationalnumber`, `department`, `division`, `with_honor`) VALUES (239500, 2006, '23', '', '', '', '', '', '', '', '', 'التربية الموسيقية 2007', '', '');
INSERT INTO `lk9v6_users` (`name`, `email`, `usertype`) VALUES ('سارة يحيي أحمد محمد حافظ', '', 'الخريجين');
INSERT INTO `lk9v6_alumni_main` (`id`, `user_id`, `approved`) VALUES (239501, 239501, 1);
INSERT INTO `lk9v6_alumni_data` (`alumni_id`, `graduation_year`, `fid`, `job`, `address`, `city`, `country`, `phone`, `gid`, `mobile`, `nationalnumber`, `department`, `division`, `with_honor`) VALUES (239501, 2006, '23', '', '', '', '', '', '', '', '', 'التربية الموسيقية 2007', '', '');
INSERT INTO `lk9v6_users` (`name`, `email`, `usertype`) VALUES ('سمر محمد رأفت كمال ', '', 'الخريجين');
INSERT INTO `lk9v6_alumni_main` (`id`, `user_id`, `approved`) VALUES (239502, 239502, 1);
INSERT INTO `lk9v6_alumni_data` (`alumni_id`, `graduation_year`, `fid`, `job`, `address`, `city`, `country`, `phone`, `gid`, `mobile`, `nationalnumber`, `department`, `division`, `with_honor`) VALUES (239502, 2006, '23', '', '', '', '', '', '', '', '', 'التربية الموسيقية 2007', '', '');
INSERT INTO `lk9v6_users` (`name`, `email`, `usertype`) VALUES ('سوزان نبيل حسني حسن شهاب ', '', 'الخريجين');
INSERT INTO `lk9v6_alumni_main` (`id`, `user_id`, `approved`) VALUES (239503, 239503, 1);
INSERT INTO `lk9v6_alumni_data` (`alumni_id`, `graduation_year`, `fid`, `job`, `address`, `city`, `country`, `phone`, `gid`, `mobile`, `nationalnumber`, `department`, `division`, `with_honor`) VALUES (239503, 2006, '23', '', '', '', '', '', '', '', '', 'التربية الموسيقية 2007', '', '');
INSERT INTO `lk9v6_users` (`name`, `email`, `usertype`) VALUES ('شاريهان عبد المحسن حسن أسكندر', '', 'الخريجين');
INSERT INTO `lk9v6_alumni_main` (`id`, `user_id`, `approved`) VALUES (239504, 239504, 1);
INSERT INTO `lk9v6_alumni_data` (`alumni_id`, `graduation_year`, `fid`, `job`, `address`, `city`, `country`, `phone`, `gid`, `mobile`, `nationalnumber`, `department`, `division`, `with_honor`) VALUES (239504, 2006, '23', '', '', '', '', '', '', '', '', 'التربية الموسيقية 2007', '', '');
INSERT INTO `lk9v6_users` (`name`, `email`, `usertype`) VALUES ('شيماء آدم سليمان علي سالم ', '', 'الخريجين');
INSERT INTO `lk9v6_alumni_main` (`id`, `user_id`, `approved`) VALUES (239505, 239505, 1);
INSERT INTO `lk9v6_alumni_data` (`alumni_id`, `graduation_year`, `fid`, `job`, `address`, `city`, `country`, `phone`, `gid`, `mobile`, `nationalnumber`, `department`, `division`, `with_honor`) VALUES (239505, 2006, '23', '', '', '', '', '', '', '', '', 'التربية الموسيقية 2007', '', '');
INSERT INTO `lk9v6_users` (`name`, `email`, `usertype`) VALUES ('كريم عبد العزيز محمود محمد نصر الدين ', '', 'الخريجين');
INSERT INTO `lk9v6_alumni_main` (`id`, `user_id`, `approved`) VALUES (239506, 239506, 1);
INSERT INTO `lk9v6_alumni_data` (`alumni_id`, `graduation_year`, `fid`, `job`, `address`, `city`, `country`, `phone`, `gid`, `mobile`, `nationalnumber`, `department`, `division`, `with_honor`) VALUES (239506, 2006, '23', '', '', '', '', '', '', '', '', 'التربية الموسيقية 2007', '', '');
INSERT INTO `lk9v6_users` (`name`, `email`, `usertype`) VALUES ('ماريان عزمي حبيب توفيق ', '', 'الخريجين');
INSERT INTO `lk9v6_alumni_main` (`id`, `user_id`, `approved`) VALUES (239507, 239507, 1);
INSERT INTO `lk9v6_alumni_data` (`alumni_id`, `graduation_year`, `fid`, `job`, `address`, `city`, `country`, `phone`, `gid`, `mobile`, `nationalnumber`, `department`, `division`, `with_honor`) VALUES (239507, 2006, '23', '', '', '', '', '', '', '', '', 'التربية الموسيقية 2007', '', '');
INSERT INTO `lk9v6_users` (`name`, `email`, `usertype`) VALUES ('محمود محمد الصغير ابراهيم ', '', 'الخريجين');
INSERT INTO `lk9v6_alumni_main` (`id`, `user_id`, `approved`) VALUES (239508, 239508, 1);
INSERT INTO `lk9v6_alumni_data` (`alumni_id`, `graduation_year`, `fid`, `job`, `address`, `city`, `country`, `phone`, `gid`, `mobile`, `nationalnumber`, `department`, `division`, `with_honor`) VALUES (239508, 2006, '23', '', '', '', '', '', '', '', '', 'التربية الموسيقية 2007', '', '');
INSERT INTO `lk9v6_users` (`name`, `email`, `usertype`) VALUES ('محمود مصلحي مصلحي سليمان ', '', 'الخريجين');
INSERT INTO `lk9v6_alumni_main` (`id`, `user_id`, `approved`) VALUES (239509, 239509, 1);
INSERT INTO `lk9v6_alumni_data` (`alumni_id`, `graduation_year`, `fid`, `job`, `address`, `city`, `country`, `phone`, `gid`, `mobile`, `nationalnumber`, `department`, `division`, `with_honor`) VALUES (239509, 2006, '23', '', '', '', '', '', '', '', '', 'التربية الموسيقية 2007', '', '');
INSERT INTO `lk9v6_users` (`name`, `email`, `usertype`) VALUES ('مني محمد نجيب عبد العزيز غراب ', '', 'الخريجين');
INSERT INTO `lk9v6_alumni_main` (`id`, `user_id`, `approved`) VALUES (239510, 239510, 1);
INSERT INTO `lk9v6_alumni_data` (`alumni_id`, `graduation_year`, `fid`, `job`, `address`, `city`, `country`, `phone`, `gid`, `mobile`, `nationalnumber`, `department`, `division`, `with_honor`) VALUES (239510, 2006, '23', '', '', '', '', '', '', '', '', 'التربية الموسيقية 2007', '', '');
INSERT INTO `lk9v6_users` (`name`, `email`, `usertype`) VALUES ('مها أحمد محمد أيمن الشقيري ', '', 'الخريجين');
INSERT INTO `lk9v6_alumni_main` (`id`, `user_id`, `approved`) VALUES (239511, 239511, 1);
INSERT INTO `lk9v6_alumni_data` (`alumni_id`, `graduation_year`, `fid`, `job`, `address`, `city`, `country`, `phone`, `gid`, `mobile`, `nationalnumber`, `department`, `division`, `with_honor`) VALUES (239511, 2006, '23', '', '', '', '', '', '', '', '', 'التربية الموسيقية 2007', '', '');
INSERT INTO `lk9v6_users` (`name`, `email`, `usertype`) VALUES ('مها السيد محمد عبد الوهاب ', '', 'الخريجين');
INSERT INTO `lk9v6_alumni_main` (`id`, `user_id`, `approved`) VALUES (239512, 239512, 1);
INSERT INTO `lk9v6_alumni_data` (`alumni_id`, `graduation_year`, `fid`, `job`, `address`, `city`, `country`, `phone`, `gid`, `mobile`, `nationalnumber`, `department`, `division`, `with_honor`) VALUES (239512, 2006, '23', '', '', '', '', '', '', '', '', 'التربية الموسيقية 2007', '', '');
INSERT INTO `lk9v6_users` (`name`, `email`, `usertype`) VALUES ('مها عبد الكريم عبد السميع محمد عبده', '', 'الخريجين');
INSERT INTO `lk9v6_alumni_main` (`id`, `user_id`, `approved`) VALUES (239513, 239513, 1);
INSERT INTO `lk9v6_alumni_data` (`alumni_id`, `graduation_year`, `fid`, `job`, `address`, `city`, `country`, `phone`, `gid`, `mobile`, `nationalnumber`, `department`, `division`, `with_honor`) VALUES (239513, 2006, '23', '', '', '', '', '', '', '', '', 'التربية الموسيقية 2007', '', '');
INSERT INTO `lk9v6_users` (`name`, `email`, `usertype`) VALUES ('مي حسن محمد حسن ', '', 'الخريجين');
INSERT INTO `lk9v6_alumni_main` (`id`, `user_id`, `approved`) VALUES (239514, 239514, 1);
INSERT INTO `lk9v6_alumni_data` (`alumni_id`, `graduation_year`, `fid`, `job`, `address`, `city`, `country`, `phone`, `gid`, `mobile`, `nationalnumber`, `department`, `division`, `with_honor`) VALUES (239514, 2006, '23', '', '', '', '', '', '', '', '', 'التربية الموسيقية 2007', '', '');
INSERT INTO `lk9v6_users` (`name`, `email`, `usertype`) VALUES ('مي عوض محمد عوض ', '', 'الخريجين');
INSERT INTO `lk9v6_alumni_main` (`id`, `user_id`, `approved`) VALUES (239515, 239515, 1);
INSERT INTO `lk9v6_alumni_data` (`alumni_id`, `graduation_year`, `fid`, `job`, `address`, `city`, `country`, `phone`, `gid`, `mobile`, `nationalnumber`, `department`, `division`, `with_honor`) VALUES (239515, 2006, '23', '', '', '', '', '', '', '', '', 'التربية الموسيقية 2007', '', '');
INSERT INTO `lk9v6_users` (`name`, `email`, `usertype`) VALUES ('مي محمد محمد السيد عارف ', '', 'الخريجين');
INSERT INTO `lk9v6_alumni_main` (`id`, `user_id`, `approved`) VALUES (239516, 239516, 1);
INSERT INTO `lk9v6_alumni_data` (`alumni_id`, `graduation_year`, `fid`, `job`, `address`, `city`, `country`, `phone`, `gid`, `mobile`, `nationalnumber`, `department`, `division`, `with_honor`) VALUES (239516, 2006, '23', '', '', '', '', '', '', '', '', 'التربية الموسيقية 2007', '', '');
INSERT INTO `lk9v6_users` (`name`, `email`, `usertype`) VALUES ('ندي أحمد محمد محمود ', '', 'الخريجين');
INSERT INTO `lk9v6_alumni_main` (`id`, `user_id`, `approved`) VALUES (239517, 239517, 1);
INSERT INTO `lk9v6_alumni_data` (`alumni_id`, `graduation_year`, `fid`, `job`, `address`, `city`, `country`, `phone`, `gid`, `mobile`, `nationalnumber`, `department`, `division`, `with_honor`) VALUES (239517, 2006, '23', '', '', '', '', '', '', '', '', 'التربية الموسيقية 2007', '', '');
INSERT INTO `lk9v6_users` (`name`, `email`, `usertype`) VALUES ('نزهة طلال علي حسن ', '', 'الخريجين');
INSERT INTO `lk9v6_alumni_main` (`id`, `user_id`, `approved`) VALUES (239518, 239518, 1);
INSERT INTO `lk9v6_alumni_data` (`alumni_id`, `graduation_year`, `fid`, `job`, `address`, `city`, `country`, `phone`, `gid`, `mobile`, `nationalnumber`, `department`, `division`, `with_honor`) VALUES (239518, 2006, '23', '', '', '', '', '', '', '', '', 'التربية الموسيقية 2007', '', '');
INSERT INTO `lk9v6_users` (`name`, `email`, `usertype`) VALUES ('نهلة ناجي أحمد مكرم ', '', 'الخريجين');
INSERT INTO `lk9v6_alumni_main` (`id`, `user_id`, `approved`) VALUES (239519, 239519, 1);
INSERT INTO `lk9v6_alumni_data` (`alumni_id`, `graduation_year`, `fid`, `job`, `address`, `city`, `country`, `phone`, `gid`, `mobile`, `nationalnumber`, `department`, `division`, `with_honor`) VALUES (239519, 2006, '23', '', '', '', '', '', '', '', '', 'التربية الموسيقية 2007', '', '');
INSERT INTO `lk9v6_users` (`name`, `email`, `usertype`) VALUES ('نورة يحيي طلحة أبو اسماعيل ', '', 'الخريجين');
INSERT INTO `lk9v6_alumni_main` (`id`, `user_id`, `approved`) VALUES (239520, 239520, 1);
INSERT INTO `lk9v6_alumni_data` (`alumni_id`, `graduation_year`, `fid`, `job`, `address`, `city`, `country`, `phone`, `gid`, `mobile`, `nationalnumber`, `department`, `division`, `with_honor`) VALUES (239520, 2006, '23', '', '', '', '', '', '', '', '', 'التربية الموسيقية 2007', '', '');
INSERT INTO `lk9v6_users` (`name`, `email`, `usertype`) VALUES ('هالة عيد علي أحمد سليم ', '', 'الخريجين');
INSERT INTO `lk9v6_alumni_main` (`id`, `user_id`, `approved`) VALUES (239521, 239521, 1);
INSERT INTO `lk9v6_alumni_data` (`alumni_id`, `graduation_year`, `fid`, `job`, `address`, `city`, `country`, `phone`, `gid`, `mobile`, `nationalnumber`, `department`, `division`, `with_honor`) VALUES (239521, 2006, '23', '', '', '', '', '', '', '', '', 'التربية الموسيقية 2007', '', '');
INSERT INTO `lk9v6_users` (`name`, `email`, `usertype`) VALUES ('هاني زويد محمود محمد', '', 'الخريجين');
INSERT INTO `lk9v6_alumni_main` (`id`, `user_id`, `approved`) VALUES (239522, 239522, 1);
INSERT INTO `lk9v6_alumni_data` (`alumni_id`, `graduation_year`, `fid`, `job`, `address`, `city`, `country`, `phone`, `gid`, `mobile`, `nationalnumber`, `department`, `division`, `with_honor`) VALUES (239522, 2006, '23', '', '', '', '', '', '', '', '', 'التربية الموسيقية 2007', '', '');
INSERT INTO `lk9v6_users` (`name`, `email`, `usertype`) VALUES ('هبة حسن علي حسن رمضان ', '', 'الخريجين');
INSERT INTO `lk9v6_alumni_main` (`id`, `user_id`, `approved`) VALUES (239523, 239523, 1);
INSERT INTO `lk9v6_alumni_data` (`alumni_id`, `graduation_year`, `fid`, `job`, `address`, `city`, `country`, `phone`, `gid`, `mobile`, `nationalnumber`, `department`, `division`, `with_honor`) VALUES (239523, 2006, '23', '', '', '', '', '', '', '', '', 'التربية الموسيقية 2007', '', '');
INSERT INTO `lk9v6_users` (`name`, `email`, `usertype`) VALUES ('هبة عبد الله حلمي زين الدين ', '', 'الخريجين');
INSERT INTO `lk9v6_alumni_main` (`id`, `user_id`, `approved`) VALUES (239524, 239524, 1);
INSERT INTO `lk9v6_alumni_data` (`alumni_id`, `graduation_year`, `fid`, `job`, `address`, `city`, `country`, `phone`, `gid`, `mobile`, `nationalnumber`, `department`, `division`, `with_honor`) VALUES (239524, 2006, '23', '', '', '', '', '', '', '', '', 'التربية الموسيقية 2007', '', '');
INSERT INTO `lk9v6_users` (`name`, `email`, `usertype`) VALUES ('هناء علي سيد أحمد الوكيل ', '', 'الخريجين');
INSERT INTO `lk9v6_alumni_main` (`id`, `user_id`, `approved`) VALUES (239525, 239525, 1);
INSERT INTO `lk9v6_alumni_data` (`alumni_id`, `graduation_year`, `fid`, `job`, `address`, `city`, `country`, `phone`, `gid`, `mobile`, `nationalnumber`, `department`, `division`, `with_honor`) VALUES (239525, 2006, '23', '', '', '', '', '', '', '', '', 'التربية الموسيقية 2007', '', '');
INSERT INTO `lk9v6_users` (`name`, `email`, `usertype`) VALUES ('هند رأفت أحمد محمد علي السيد ', '', 'الخريجين');
INSERT INTO `lk9v6_alumni_main` (`id`, `user_id`, `approved`) VALUES (239526, 239526, 1);
INSERT INTO `lk9v6_alumni_data` (`alumni_id`, `graduation_year`, `fid`, `job`, `address`, `city`, `country`, `phone`, `gid`, `mobile`, `nationalnumber`, `department`, `division`, `with_honor`) VALUES (239526, 2006, '23', '', '', '', '', '', '', '', '', 'التربية الموسيقية 2007', '', '');
INSERT INTO `lk9v6_users` (`name`, `email`, `usertype`) VALUES ('هند ماهر محمد رضا القصبان', '', 'الخريجين');
INSERT INTO `lk9v6_alumni_main` (`id`, `user_id`, `approved`) VALUES (239527, 239527, 1);
INSERT INTO `lk9v6_alumni_data` (`alumni_id`, `graduation_year`, `fid`, `job`, `address`, `city`, `country`, `phone`, `gid`, `mobile`, `nationalnumber`, `department`, `division`, `with_honor`) VALUES (239527, 2006, '23', '', '', '', '', '', '', '', '', 'التربية الموسيقية 2007', '', '');
INSERT INTO `lk9v6_users` (`name`, `email`, `usertype`) VALUES ('وفاء محمد شديد ابراهيم ', '', 'الخريجين');
INSERT INTO `lk9v6_alumni_main` (`id`, `user_id`, `approved`) VALUES (239528, 239528, 1);
INSERT INTO `lk9v6_alumni_data` (`alumni_id`, `graduation_year`, `fid`, `job`, `address`, `city`, `country`, `phone`, `gid`, `mobile`, `nationalnumber`, `department`, `division`, `with_honor`) VALUES (239528, 2006, '23', '', '', '', '', '', '', '', '', 'التربية الموسيقية 2007', '', '');
INSERT INTO `lk9v6_users` (`name`, `email`, `usertype`) VALUES ('رانيا نصر حسين عبد الفتاح ', '', 'الخريجين');
INSERT INTO `lk9v6_alumni_main` (`id`, `user_id`, `approved`) VALUES (239529, 239529, 1);
INSERT INTO `lk9v6_alumni_data` (`alumni_id`, `graduation_year`, `fid`, `job`, `address`, `city`, `country`, `phone`, `gid`, `mobile`, `nationalnumber`, `department`, `division`, `with_honor`) VALUES (239529, 2006, '23', '', '', '', '', '', '', '', '', 'التربية الموسيقية 2007', '', '');
INSERT INTO `lk9v6_users` (`name`, `email`, `usertype`) VALUES ('مصطفي عبد الحميد السيد ', '', 'الخريجين');
INSERT INTO `lk9v6_alumni_main` (`id`, `user_id`, `approved`) VALUES (239530, 239530, 1);
INSERT INTO `lk9v6_alumni_data` (`alumni_id`, `graduation_year`, `fid`, `job`, `address`, `city`, `country`, `phone`, `gid`, `mobile`, `nationalnumber`, `department`, `division`, `with_honor`) VALUES (239530, 2006, '23', '', '', '', '', '', '', '', '', 'التربية الموسيقية 2007', '', '');
INSERT INTO `lk9v6_users` (`name`, `email`, `usertype`) VALUES ('مني احمد محمد القباري ', '', 'الخريجين');
INSERT INTO `lk9v6_alumni_main` (`id`, `user_id`, `approved`) VALUES (239531, 239531, 1);
INSERT INTO `lk9v6_alumni_data` (`alumni_id`, `graduation_year`, `fid`, `job`, `address`, `city`, `country`, `phone`, `gid`, `mobile`, `nationalnumber`, `department`, `division`, `with_honor`) VALUES (239531, 2006, '23', '', '', '', '', '', '', '', '', 'التربية الموسيقية 2007', '', '');
INSERT INTO `lk9v6_users` (`name`, `email`, `usertype`) VALUES ('باسنت محمد محمود ', '', 'الخريجين');
INSERT INTO `lk9v6_alumni_main` (`id`, `user_id`, `approved`) VALUES (239532, 239532, 1);
INSERT INTO `lk9v6_alumni_data` (`alumni_id`, `graduation_year`, `fid`, `job`, `address`, `city`, `country`, `phone`, `gid`, `mobile`, `nationalnumber`, `department`, `division`, `with_honor`) VALUES (239532, 2006, '23', '', '', '', '', '', '', '', '', 'التربية الموسيقية 2007', '', '');
INSERT INTO `lk9v6_users` (`name`, `email`, `usertype`) VALUES ('أبتسام نعمان عبد المنعم نصار ', '', 'الخريجين');
INSERT INTO `lk9v6_alumni_main` (`id`, `user_id`, `approved`) VALUES (239533, 239533, 1);
INSERT INTO `lk9v6_alumni_data` (`alumni_id`, `graduation_year`, `fid`, `job`, `address`, `city`, `country`, `phone`, `gid`, `mobile`, `nationalnumber`, `department`, `division`, `with_honor`) VALUES (239533, 2006, '23', '', '', '', '', '', '', '', '', 'الأقتصاد المنزلي ', '', '');
INSERT INTO `lk9v6_users` (`name`, `email`, `usertype`) VALUES ('أحلام محمد محمد أبو موسي ', '', 'الخريجين');
INSERT INTO `lk9v6_alumni_main` (`id`, `user_id`, `approved`) VALUES (239534, 239534, 1);
INSERT INTO `lk9v6_alumni_data` (`alumni_id`, `graduation_year`, `fid`, `job`, `address`, `city`, `country`, `phone`, `gid`, `mobile`, `nationalnumber`, `department`, `division`, `with_honor`) VALUES (239534, 2006, '23', '', '', '', '', '', '', '', '', 'الأقتصاد المنزلي ', '', '');
INSERT INTO `lk9v6_users` (`name`, `email`, `usertype`) VALUES ('أسماء بشير مختار عبد الحليم ', '', 'الخريجين');
INSERT INTO `lk9v6_alumni_main` (`id`, `user_id`, `approved`) VALUES (239535, 239535, 1);
INSERT INTO `lk9v6_alumni_data` (`alumni_id`, `graduation_year`, `fid`, `job`, `address`, `city`, `country`, `phone`, `gid`, `mobile`, `nationalnumber`, `department`, `division`, `with_honor`) VALUES (239535, 2006, '23', '', '', '', '', '', '', '', '', 'الأقتصاد المنزلي ', '', '');
INSERT INTO `lk9v6_users` (`name`, `email`, `usertype`) VALUES ('أسماء مصطفي السيد مصطفي ', '', 'الخريجين');
INSERT INTO `lk9v6_alumni_main` (`id`, `user_id`, `approved`) VALUES (239536, 239536, 1);
INSERT INTO `lk9v6_alumni_data` (`alumni_id`, `graduation_year`, `fid`, `job`, `address`, `city`, `country`, `phone`, `gid`, `mobile`, `nationalnumber`, `department`, `division`, `with_honor`) VALUES (239536, 2006, '23', '', '', '', '', '', '', '', '', 'الأقتصاد المنزلي ', '', '');
INSERT INTO `lk9v6_users` (`name`, `email`, `usertype`) VALUES ('أسماء مصطفي عبد الله مصطفي', '', 'الخريجين');
INSERT INTO `lk9v6_alumni_main` (`id`, `user_id`, `approved`) VALUES (239537, 239537, 1);
INSERT INTO `lk9v6_alumni_data` (`alumni_id`, `graduation_year`, `fid`, `job`, `address`, `city`, `country`, `phone`, `gid`, `mobile`, `nationalnumber`, `department`, `division`, `with_honor`) VALUES (239537, 2006, '23', '', '', '', '', '', '', '', '', 'الأقتصاد المنزلي ', '', '');
INSERT INTO `lk9v6_users` (`name`, `email`, `usertype`) VALUES ('آمال عبد القادر صالح حشيش ', '', 'الخريجين');
INSERT INTO `lk9v6_alumni_main` (`id`, `user_id`, `approved`) VALUES (239538, 239538, 1);
INSERT INTO `lk9v6_alumni_data` (`alumni_id`, `graduation_year`, `fid`, `job`, `address`, `city`, `country`, `phone`, `gid`, `mobile`, `nationalnumber`, `department`, `division`, `with_honor`) VALUES (239538, 2006, '23', '', '', '', '', '', '', '', '', 'الأقتصاد المنزلي ', '', '');
INSERT INTO `lk9v6_users` (`name`, `email`, `usertype`) VALUES ('ايمان شوقي ابراهيم عبد المجيد', '', 'الخريجين');
INSERT INTO `lk9v6_alumni_main` (`id`, `user_id`, `approved`) VALUES (239539, 239539, 1);
INSERT INTO `lk9v6_alumni_data` (`alumni_id`, `graduation_year`, `fid`, `job`, `address`, `city`, `country`, `phone`, `gid`, `mobile`, `nationalnumber`, `department`, `division`, `with_honor`) VALUES (239539, 2006, '23', '', '', '', '', '', '', '', '', 'الأقتصاد المنزلي ', '', '');
INSERT INTO `lk9v6_users` (`name`, `email`, `usertype`) VALUES ('ايمان صلاح اسماعيل محمد ', '', 'الخريجين');
INSERT INTO `lk9v6_alumni_main` (`id`, `user_id`, `approved`) VALUES (239540, 239540, 1);
INSERT INTO `lk9v6_alumni_data` (`alumni_id`, `graduation_year`, `fid`, `job`, `address`, `city`, `country`, `phone`, `gid`, `mobile`, `nationalnumber`, `department`, `division`, `with_honor`) VALUES (239540, 2006, '23', '', '', '', '', '', '', '', '', 'الأقتصاد المنزلي ', '', '');
INSERT INTO `lk9v6_users` (`name`, `email`, `usertype`) VALUES ('بسمة علاء الدين عبد الفتاح حسين', '', 'الخريجين');
INSERT INTO `lk9v6_alumni_main` (`id`, `user_id`, `approved`) VALUES (239541, 239541, 1);
INSERT INTO `lk9v6_alumni_data` (`alumni_id`, `graduation_year`, `fid`, `job`, `address`, `city`, `country`, `phone`, `gid`, `mobile`, `nationalnumber`, `department`, `division`, `with_honor`) VALUES (239541, 2006, '23', '', '', '', '', '', '', '', '', 'الأقتصاد المنزلي ', '', '');
INSERT INTO `lk9v6_users` (`name`, `email`, `usertype`) VALUES ('حنان فكري قاسم محمد قاسم ', '', 'الخريجين');
INSERT INTO `lk9v6_alumni_main` (`id`, `user_id`, `approved`) VALUES (239542, 239542, 1);
INSERT INTO `lk9v6_alumni_data` (`alumni_id`, `graduation_year`, `fid`, `job`, `address`, `city`, `country`, `phone`, `gid`, `mobile`, `nationalnumber`, `department`, `division`, `with_honor`) VALUES (239542, 2006, '23', '', '', '', '', '', '', '', '', 'الأقتصاد المنزلي ', '', '');
INSERT INTO `lk9v6_users` (`name`, `email`, `usertype`) VALUES ('حنان فوزي محمد محمد حسين ', '', 'الخريجين');
INSERT INTO `lk9v6_alumni_main` (`id`, `user_id`, `approved`) VALUES (239543, 239543, 1);
INSERT INTO `lk9v6_alumni_data` (`alumni_id`, `graduation_year`, `fid`, `job`, `address`, `city`, `country`, `phone`, `gid`, `mobile`, `nationalnumber`, `department`, `division`, `with_honor`) VALUES (239543, 2006, '23', '', '', '', '', '', '', '', '', 'الأقتصاد المنزلي ', '', '');
INSERT INTO `lk9v6_users` (`name`, `email`, `usertype`) VALUES ('دعاء علي محمد عبد المهدي ', '', 'الخريجين');
INSERT INTO `lk9v6_alumni_main` (`id`, `user_id`, `approved`) VALUES (239544, 239544, 1);
INSERT INTO `lk9v6_alumni_data` (`alumni_id`, `graduation_year`, `fid`, `job`, `address`, `city`, `country`, `phone`, `gid`, `mobile`, `nationalnumber`, `department`, `division`, `with_honor`) VALUES (239544, 2006, '23', '', '', '', '', '', '', '', '', 'الأقتصاد المنزلي ', '', '');
INSERT INTO `lk9v6_users` (`name`, `email`, `usertype`) VALUES ('ديانا فخري حسنين منصور ', '', 'الخريجين');
INSERT INTO `lk9v6_alumni_main` (`id`, `user_id`, `approved`) VALUES (239545, 239545, 1);
INSERT INTO `lk9v6_alumni_data` (`alumni_id`, `graduation_year`, `fid`, `job`, `address`, `city`, `country`, `phone`, `gid`, `mobile`, `nationalnumber`, `department`, `division`, `with_honor`) VALUES (239545, 2006, '23', '', '', '', '', '', '', '', '', 'الأقتصاد المنزلي ', '', '');
INSERT INTO `lk9v6_users` (`name`, `email`, `usertype`) VALUES ('دينا عبد الحكيم عوض سليمان ', '', 'الخريجين');
INSERT INTO `lk9v6_alumni_main` (`id`, `user_id`, `approved`) VALUES (239546, 239546, 1);
INSERT INTO `lk9v6_alumni_data` (`alumni_id`, `graduation_year`, `fid`, `job`, `address`, `city`, `country`, `phone`, `gid`, `mobile`, `nationalnumber`, `department`, `division`, `with_honor`) VALUES (239546, 2006, '23', '', '', '', '', '', '', '', '', 'الأقتصاد المنزلي ', '', '');
INSERT INTO `lk9v6_users` (`name`, `email`, `usertype`) VALUES ('دينا محمد خليل المسيري ', '', 'الخريجين');
INSERT INTO `lk9v6_alumni_main` (`id`, `user_id`, `approved`) VALUES (239547, 239547, 1);
INSERT INTO `lk9v6_alumni_data` (`alumni_id`, `graduation_year`, `fid`, `job`, `address`, `city`, `country`, `phone`, `gid`, `mobile`, `nationalnumber`, `department`, `division`, `with_honor`) VALUES (239547, 2006, '23', '', '', '', '', '', '', '', '', 'الأقتصاد المنزلي ', '', '');
INSERT INTO `lk9v6_users` (`name`, `email`, `usertype`) VALUES ('رانيا علي عرابي علي الحريف ', '', 'الخريجين');
INSERT INTO `lk9v6_alumni_main` (`id`, `user_id`, `approved`) VALUES (239548, 239548, 1);
INSERT INTO `lk9v6_alumni_data` (`alumni_id`, `graduation_year`, `fid`, `job`, `address`, `city`, `country`, `phone`, `gid`, `mobile`, `nationalnumber`, `department`, `division`, `with_honor`) VALUES (239548, 2006, '23', '', '', '', '', '', '', '', '', 'الأقتصاد المنزلي ', '', '');
INSERT INTO `lk9v6_users` (`name`, `email`, `usertype`) VALUES ('رباب السيد عبد الرحمن محمود ', '', 'الخريجين');
INSERT INTO `lk9v6_alumni_main` (`id`, `user_id`, `approved`) VALUES (239549, 239549, 1);
INSERT INTO `lk9v6_alumni_data` (`alumni_id`, `graduation_year`, `fid`, `job`, `address`, `city`, `country`, `phone`, `gid`, `mobile`, `nationalnumber`, `department`, `division`, `with_honor`) VALUES (239549, 2006, '23', '', '', '', '', '', '', '', '', 'الأقتصاد المنزلي ', '', '');
INSERT INTO `lk9v6_users` (`name`, `email`, `usertype`) VALUES ('رباب محمد عبد ربه كامل ', '', 'الخريجين');
INSERT INTO `lk9v6_alumni_main` (`id`, `user_id`, `approved`) VALUES (239550, 239550, 1);
INSERT INTO `lk9v6_alumni_data` (`alumni_id`, `graduation_year`, `fid`, `job`, `address`, `city`, `country`, `phone`, `gid`, `mobile`, `nationalnumber`, `department`, `division`, `with_honor`) VALUES (239550, 2006, '23', '', '', '', '', '', '', '', '', 'الأقتصاد المنزلي ', '', '');
INSERT INTO `lk9v6_users` (`name`, `email`, `usertype`) VALUES ('رشا حامد محمد ندا ', '', 'الخريجين');
INSERT INTO `lk9v6_alumni_main` (`id`, `user_id`, `approved`) VALUES (239551, 239551, 1);
INSERT INTO `lk9v6_alumni_data` (`alumni_id`, `graduation_year`, `fid`, `job`, `address`, `city`, `country`, `phone`, `gid`, `mobile`, `nationalnumber`, `department`, `division`, `with_honor`) VALUES (239551, 2006, '23', '', '', '', '', '', '', '', '', 'الأقتصاد المنزلي ', '', '');
INSERT INTO `lk9v6_users` (`name`, `email`, `usertype`) VALUES ('رضوي فكري عبد الوهاب شرف ', '', 'الخريجين');
INSERT INTO `lk9v6_alumni_main` (`id`, `user_id`, `approved`) VALUES (239552, 239552, 1);
INSERT INTO `lk9v6_alumni_data` (`alumni_id`, `graduation_year`, `fid`, `job`, `address`, `city`, `country`, `phone`, `gid`, `mobile`, `nationalnumber`, `department`, `division`, `with_honor`) VALUES (239552, 2006, '23', '', '', '', '', '', '', '', '', 'الأقتصاد المنزلي ', '', '');
INSERT INTO `lk9v6_users` (`name`, `email`, `usertype`) VALUES ('سارة السيد عبد الحميد محمد', '', 'الخريجين');
INSERT INTO `lk9v6_alumni_main` (`id`, `user_id`, `approved`) VALUES (239553, 239553, 1);
INSERT INTO `lk9v6_alumni_data` (`alumni_id`, `graduation_year`, `fid`, `job`, `address`, `city`, `country`, `phone`, `gid`, `mobile`, `nationalnumber`, `department`, `division`, `with_honor`) VALUES (239553, 2006, '23', '', '', '', '', '', '', '', '', 'الأقتصاد المنزلي ', '', '');
INSERT INTO `lk9v6_users` (`name`, `email`, `usertype`) VALUES ('سارة فتوح عبد الحليم فتوح', '', 'الخريجين');
INSERT INTO `lk9v6_alumni_main` (`id`, `user_id`, `approved`) VALUES (239554, 239554, 1);
INSERT INTO `lk9v6_alumni_data` (`alumni_id`, `graduation_year`, `fid`, `job`, `address`, `city`, `country`, `phone`, `gid`, `mobile`, `nationalnumber`, `department`, `division`, `with_honor`) VALUES (239554, 2006, '23', '', '', '', '', '', '', '', '', 'الأقتصاد المنزلي ', '', '');
INSERT INTO `lk9v6_users` (`name`, `email`, `usertype`) VALUES ('سلوي محمد حسن اللبان ', '', 'الخريجين');
INSERT INTO `lk9v6_alumni_main` (`id`, `user_id`, `approved`) VALUES (239555, 239555, 1);
INSERT INTO `lk9v6_alumni_data` (`alumni_id`, `graduation_year`, `fid`, `job`, `address`, `city`, `country`, `phone`, `gid`, `mobile`, `nationalnumber`, `department`, `division`, `with_honor`) VALUES (239555, 2006, '23', '', '', '', '', '', '', '', '', 'الأقتصاد المنزلي ', '', '');
INSERT INTO `lk9v6_users` (`name`, `email`, `usertype`) VALUES ('سلمي أحمد عبد الفتاح ابراهيم ', '', 'الخريجين');
INSERT INTO `lk9v6_alumni_main` (`id`, `user_id`, `approved`) VALUES (239556, 239556, 1);
INSERT INTO `lk9v6_alumni_data` (`alumni_id`, `graduation_year`, `fid`, `job`, `address`, `city`, `country`, `phone`, `gid`, `mobile`, `nationalnumber`, `department`, `division`, `with_honor`) VALUES (239556, 2006, '23', '', '', '', '', '', '', '', '', 'الأقتصاد المنزلي ', '', '');
INSERT INTO `lk9v6_users` (`name`, `email`, `usertype`) VALUES ('سمر زهير محمد رمضان', '', 'الخريجين');
INSERT INTO `lk9v6_alumni_main` (`id`, `user_id`, `approved`) VALUES (239557, 239557, 1);
INSERT INTO `lk9v6_alumni_data` (`alumni_id`, `graduation_year`, `fid`, `job`, `address`, `city`, `country`, `phone`, `gid`, `mobile`, `nationalnumber`, `department`, `division`, `with_honor`) VALUES (239557, 2006, '23', '', '', '', '', '', '', '', '', 'الأقتصاد المنزلي ', '', '');
INSERT INTO `lk9v6_users` (`name`, `email`, `usertype`) VALUES ('سميحة أحمد مصطفي حماد ', '', 'الخريجين');
INSERT INTO `lk9v6_alumni_main` (`id`, `user_id`, `approved`) VALUES (239558, 239558, 1);
INSERT INTO `lk9v6_alumni_data` (`alumni_id`, `graduation_year`, `fid`, `job`, `address`, `city`, `country`, `phone`, `gid`, `mobile`, `nationalnumber`, `department`, `division`, `with_honor`) VALUES (239558, 2006, '23', '', '', '', '', '', '', '', '', 'الأقتصاد المنزلي ', '', '');
INSERT INTO `lk9v6_users` (`name`, `email`, `usertype`) VALUES ('شيري جرجس جورج سليمان ', '', 'الخريجين');
INSERT INTO `lk9v6_alumni_main` (`id`, `user_id`, `approved`) VALUES (239559, 239559, 1);
INSERT INTO `lk9v6_alumni_data` (`alumni_id`, `graduation_year`, `fid`, `job`, `address`, `city`, `country`, `phone`, `gid`, `mobile`, `nationalnumber`, `department`, `division`, `with_honor`) VALUES (239559, 2006, '23', '', '', '', '', '', '', '', '', 'الأقتصاد المنزلي ', '', '');
INSERT INTO `lk9v6_users` (`name`, `email`, `usertype`) VALUES ('شرين حمدي محمد الجوهري ', '', 'الخريجين');
INSERT INTO `lk9v6_alumni_main` (`id`, `user_id`, `approved`) VALUES (239560, 239560, 1);
INSERT INTO `lk9v6_alumni_data` (`alumni_id`, `graduation_year`, `fid`, `job`, `address`, `city`, `country`, `phone`, `gid`, `mobile`, `nationalnumber`, `department`, `division`, `with_honor`) VALUES (239560, 2006, '23', '', '', '', '', '', '', '', '', 'الأقتصاد المنزلي ', '', '');
INSERT INTO `lk9v6_users` (`name`, `email`, `usertype`) VALUES ('شيماء رجب عبد المقصود عباس ', '', 'الخريجين');
INSERT INTO `lk9v6_alumni_main` (`id`, `user_id`, `approved`) VALUES (239561, 239561, 1);
INSERT INTO `lk9v6_alumni_data` (`alumni_id`, `graduation_year`, `fid`, `job`, `address`, `city`, `country`, `phone`, `gid`, `mobile`, `nationalnumber`, `department`, `division`, `with_honor`) VALUES (239561, 2006, '23', '', '', '', '', '', '', '', '', 'الأقتصاد المنزلي ', '', '');
INSERT INTO `lk9v6_users` (`name`, `email`, `usertype`) VALUES ('شيماء سعد جمعة ابراهيم ', '', 'الخريجين');
INSERT INTO `lk9v6_alumni_main` (`id`, `user_id`, `approved`) VALUES (239562, 239562, 1);
INSERT INTO `lk9v6_alumni_data` (`alumni_id`, `graduation_year`, `fid`, `job`, `address`, `city`, `country`, `phone`, `gid`, `mobile`, `nationalnumber`, `department`, `division`, `with_honor`) VALUES (239562, 2006, '23', '', '', '', '', '', '', '', '', 'الأقتصاد المنزلي ', '', '');
INSERT INTO `lk9v6_users` (`name`, `email`, `usertype`) VALUES ('شيماء محمد أحمد ابراهيم سالم', '', 'الخريجين');
INSERT INTO `lk9v6_alumni_main` (`id`, `user_id`, `approved`) VALUES (239563, 239563, 1);
INSERT INTO `lk9v6_alumni_data` (`alumni_id`, `graduation_year`, `fid`, `job`, `address`, `city`, `country`, `phone`, `gid`, `mobile`, `nationalnumber`, `department`, `division`, `with_honor`) VALUES (239563, 2006, '23', '', '', '', '', '', '', '', '', 'الأقتصاد المنزلي ', '', '');
INSERT INTO `lk9v6_users` (`name`, `email`, `usertype`) VALUES ('شيماء محمد سعد مكاوي', '', 'الخريجين');
INSERT INTO `lk9v6_alumni_main` (`id`, `user_id`, `approved`) VALUES (239564, 239564, 1);
INSERT INTO `lk9v6_alumni_data` (`alumni_id`, `graduation_year`, `fid`, `job`, `address`, `city`, `country`, `phone`, `gid`, `mobile`, `nationalnumber`, `department`, `division`, `with_honor`) VALUES (239564, 2006, '23', '', '', '', '', '', '', '', '', 'الأقتصاد المنزلي ', '', '');
INSERT INTO `lk9v6_users` (`name`, `email`, `usertype`) VALUES ('صباح ابراهيم أبو اليزيد ابراهيم ', '', 'الخريجين');
INSERT INTO `lk9v6_alumni_main` (`id`, `user_id`, `approved`) VALUES (239565, 239565, 1);
INSERT INTO `lk9v6_alumni_data` (`alumni_id`, `graduation_year`, `fid`, `job`, `address`, `city`, `country`, `phone`, `gid`, `mobile`, `nationalnumber`, `department`, `division`, `with_honor`) VALUES (239565, 2006, '23', '', '', '', '', '', '', '', '', 'الأقتصاد المنزلي ', '', '');
INSERT INTO `lk9v6_users` (`name`, `email`, `usertype`) VALUES ('صفاء معوض حمدي معوض ', '', 'الخريجين');
INSERT INTO `lk9v6_alumni_main` (`id`, `user_id`, `approved`) VALUES (239566, 239566, 1);
INSERT INTO `lk9v6_alumni_data` (`alumni_id`, `graduation_year`, `fid`, `job`, `address`, `city`, `country`, `phone`, `gid`, `mobile`, `nationalnumber`, `department`, `division`, `with_honor`) VALUES (239566, 2006, '23', '', '', '', '', '', '', '', '', 'الأقتصاد المنزلي ', '', '');
INSERT INTO `lk9v6_users` (`name`, `email`, `usertype`) VALUES ('عبير محمد عبد العاطي حجاج', '', 'الخريجين');
INSERT INTO `lk9v6_alumni_main` (`id`, `user_id`, `approved`) VALUES (239567, 239567, 1);
INSERT INTO `lk9v6_alumni_data` (`alumni_id`, `graduation_year`, `fid`, `job`, `address`, `city`, `country`, `phone`, `gid`, `mobile`, `nationalnumber`, `department`, `division`, `with_honor`) VALUES (239567, 2006, '23', '', '', '', '', '', '', '', '', 'الأقتصاد المنزلي ', '', '');
INSERT INTO `lk9v6_users` (`name`, `email`, `usertype`) VALUES ('عفاف خميس أحمد محمود المزين', '', 'الخريجين');
INSERT INTO `lk9v6_alumni_main` (`id`, `user_id`, `approved`) VALUES (239568, 239568, 1);
INSERT INTO `lk9v6_alumni_data` (`alumni_id`, `graduation_year`, `fid`, `job`, `address`, `city`, `country`, `phone`, `gid`, `mobile`, `nationalnumber`, `department`, `division`, `with_honor`) VALUES (239568, 2006, '23', '', '', '', '', '', '', '', '', 'الأقتصاد المنزلي ', '', '');
INSERT INTO `lk9v6_users` (`name`, `email`, `usertype`) VALUES ('علا محمد خليل ابراهيم الديب', '', 'الخريجين');
INSERT INTO `lk9v6_alumni_main` (`id`, `user_id`, `approved`) VALUES (239569, 239569, 1);
INSERT INTO `lk9v6_alumni_data` (`alumni_id`, `graduation_year`, `fid`, `job`, `address`, `city`, `country`, `phone`, `gid`, `mobile`, `nationalnumber`, `department`, `division`, `with_honor`) VALUES (239569, 2006, '23', '', '', '', '', '', '', '', '', 'الأقتصاد المنزلي ', '', '');
INSERT INTO `lk9v6_users` (`name`, `email`, `usertype`) VALUES ('علا محمد نجيب عبد العزيز محمد', '', 'الخريجين');
INSERT INTO `lk9v6_alumni_main` (`id`, `user_id`, `approved`) VALUES (239570, 239570, 1);
INSERT INTO `lk9v6_alumni_data` (`alumni_id`, `graduation_year`, `fid`, `job`, `address`, `city`, `country`, `phone`, `gid`, `mobile`, `nationalnumber`, `department`, `division`, `with_honor`) VALUES (239570, 2006, '23', '', '', '', '', '', '', '', '', 'الأقتصاد المنزلي ', '', '');
INSERT INTO `lk9v6_users` (`name`, `email`, `usertype`) VALUES ('غادة محمد محمد الريس', '', 'الخريجين');
INSERT INTO `lk9v6_alumni_main` (`id`, `user_id`, `approved`) VALUES (239571, 239571, 1);
INSERT INTO `lk9v6_alumni_data` (`alumni_id`, `graduation_year`, `fid`, `job`, `address`, `city`, `country`, `phone`, `gid`, `mobile`, `nationalnumber`, `department`, `division`, `with_honor`) VALUES (239571, 2006, '23', '', '', '', '', '', '', '', '', 'الأقتصاد المنزلي ', '', '');
INSERT INTO `lk9v6_users` (`name`, `email`, `usertype`) VALUES ('ليلي محمد علي محمد الدسوقي ', '', 'الخريجين');
INSERT INTO `lk9v6_alumni_main` (`id`, `user_id`, `approved`) VALUES (239572, 239572, 1);
INSERT INTO `lk9v6_alumni_data` (`alumni_id`, `graduation_year`, `fid`, `job`, `address`, `city`, `country`, `phone`, `gid`, `mobile`, `nationalnumber`, `department`, `division`, `with_honor`) VALUES (239572, 2006, '23', '', '', '', '', '', '', '', '', 'الأقتصاد المنزلي ', '', '');
INSERT INTO `lk9v6_users` (`name`, `email`, `usertype`) VALUES ('مارلين البير صبحي حنا عطية ', '', 'الخريجين');
INSERT INTO `lk9v6_alumni_main` (`id`, `user_id`, `approved`) VALUES (239573, 239573, 1);
INSERT INTO `lk9v6_alumni_data` (`alumni_id`, `graduation_year`, `fid`, `job`, `address`, `city`, `country`, `phone`, `gid`, `mobile`, `nationalnumber`, `department`, `division`, `with_honor`) VALUES (239573, 2006, '23', '', '', '', '', '', '', '', '', 'الأقتصاد المنزلي ', '', '');
INSERT INTO `lk9v6_users` (`name`, `email`, `usertype`) VALUES ('مروة ذكي محفوظ علي محفوظ', '', 'الخريجين');
INSERT INTO `lk9v6_alumni_main` (`id`, `user_id`, `approved`) VALUES (239574, 239574, 1);
INSERT INTO `lk9v6_alumni_data` (`alumni_id`, `graduation_year`, `fid`, `job`, `address`, `city`, `country`, `phone`, `gid`, `mobile`, `nationalnumber`, `department`, `division`, `with_honor`) VALUES (239574, 2006, '23', '', '', '', '', '', '', '', '', 'الأقتصاد المنزلي ', '', '');
INSERT INTO `lk9v6_users` (`name`, `email`, `usertype`) VALUES ('مروة محمد الشرنوبي بسيوني ', '', 'الخريجين');
INSERT INTO `lk9v6_alumni_main` (`id`, `user_id`, `approved`) VALUES (239575, 239575, 1);
INSERT INTO `lk9v6_alumni_data` (`alumni_id`, `graduation_year`, `fid`, `job`, `address`, `city`, `country`, `phone`, `gid`, `mobile`, `nationalnumber`, `department`, `division`, `with_honor`) VALUES (239575, 2006, '23', '', '', '', '', '', '', '', '', 'الأقتصاد المنزلي ', '', '');
INSERT INTO `lk9v6_users` (`name`, `email`, `usertype`) VALUES ('مريم حنا حنا عبد الشهيد', '', 'الخريجين');
INSERT INTO `lk9v6_alumni_main` (`id`, `user_id`, `approved`) VALUES (239576, 239576, 1);
INSERT INTO `lk9v6_alumni_data` (`alumni_id`, `graduation_year`, `fid`, `job`, `address`, `city`, `country`, `phone`, `gid`, `mobile`, `nationalnumber`, `department`, `division`, `with_honor`) VALUES (239576, 2006, '23', '', '', '', '', '', '', '', '', 'الأقتصاد المنزلي ', '', '');
INSERT INTO `lk9v6_users` (`name`, `email`, `usertype`) VALUES ('منال فؤاد سعد أحمد', '', 'الخريجين');
INSERT INTO `lk9v6_alumni_main` (`id`, `user_id`, `approved`) VALUES (239577, 239577, 1);
INSERT INTO `lk9v6_alumni_data` (`alumni_id`, `graduation_year`, `fid`, `job`, `address`, `city`, `country`, `phone`, `gid`, `mobile`, `nationalnumber`, `department`, `division`, `with_honor`) VALUES (239577, 2006, '23', '', '', '', '', '', '', '', '', 'الأقتصاد المنزلي ', '', '');
INSERT INTO `lk9v6_users` (`name`, `email`, `usertype`) VALUES ('مني أحمد محمود عبد الخالق ', '', 'الخريجين');
INSERT INTO `lk9v6_alumni_main` (`id`, `user_id`, `approved`) VALUES (239578, 239578, 1);
INSERT INTO `lk9v6_alumni_data` (`alumni_id`, `graduation_year`, `fid`, `job`, `address`, `city`, `country`, `phone`, `gid`, `mobile`, `nationalnumber`, `department`, `division`, `with_honor`) VALUES (239578, 2006, '23', '', '', '', '', '', '', '', '', 'الأقتصاد المنزلي ', '', '');
INSERT INTO `lk9v6_users` (`name`, `email`, `usertype`) VALUES ('ميري حلمي عبد ربه أسطاس ', '', 'الخريجين');
INSERT INTO `lk9v6_alumni_main` (`id`, `user_id`, `approved`) VALUES (239579, 239579, 1);
INSERT INTO `lk9v6_alumni_data` (`alumni_id`, `graduation_year`, `fid`, `job`, `address`, `city`, `country`, `phone`, `gid`, `mobile`, `nationalnumber`, `department`, `division`, `with_honor`) VALUES (239579, 2006, '23', '', '', '', '', '', '', '', '', 'الأقتصاد المنزلي ', '', '');
INSERT INTO `lk9v6_users` (`name`, `email`, `usertype`) VALUES ('نادية محمد عبد الفتاح مصطفي ', '', 'الخريجين');
INSERT INTO `lk9v6_alumni_main` (`id`, `user_id`, `approved`) VALUES (239580, 239580, 1);
INSERT INTO `lk9v6_alumni_data` (`alumni_id`, `graduation_year`, `fid`, `job`, `address`, `city`, `country`, `phone`, `gid`, `mobile`, `nationalnumber`, `department`, `division`, `with_honor`) VALUES (239580, 2006, '23', '', '', '', '', '', '', '', '', 'الأقتصاد المنزلي ', '', '');
INSERT INTO `lk9v6_users` (`name`, `email`, `usertype`) VALUES ('نجوي أمين عبد المجيد محمد مراد', '', 'الخريجين');
INSERT INTO `lk9v6_alumni_main` (`id`, `user_id`, `approved`) VALUES (239581, 239581, 1);
INSERT INTO `lk9v6_alumni_data` (`alumni_id`, `graduation_year`, `fid`, `job`, `address`, `city`, `country`, `phone`, `gid`, `mobile`, `nationalnumber`, `department`, `division`, `with_honor`) VALUES (239581, 2006, '23', '', '', '', '', '', '', '', '', 'الأقتصاد المنزلي ', '', '');
INSERT INTO `lk9v6_users` (`name`, `email`, `usertype`) VALUES ('نسرين فوزي السيد محمد', '', 'الخريجين');
INSERT INTO `lk9v6_alumni_main` (`id`, `user_id`, `approved`) VALUES (239582, 239582, 1);
INSERT INTO `lk9v6_alumni_data` (`alumni_id`, `graduation_year`, `fid`, `job`, `address`, `city`, `country`, `phone`, `gid`, `mobile`, `nationalnumber`, `department`, `division`, `with_honor`) VALUES (239582, 2006, '23', '', '', '', '', '', '', '', '', 'الأقتصاد المنزلي ', '', '');
INSERT INTO `lk9v6_users` (`name`, `email`, `usertype`) VALUES ('نهي محمد سعيد اسماعيل درويش ', '', 'الخريجين');
INSERT INTO `lk9v6_alumni_main` (`id`, `user_id`, `approved`) VALUES (239583, 239583, 1);
INSERT INTO `lk9v6_alumni_data` (`alumni_id`, `graduation_year`, `fid`, `job`, `address`, `city`, `country`, `phone`, `gid`, `mobile`, `nationalnumber`, `department`, `division`, `with_honor`) VALUES (239583, 2006, '23', '', '', '', '', '', '', '', '', 'الأقتصاد المنزلي ', '', '');
INSERT INTO `lk9v6_users` (`name`, `email`, `usertype`) VALUES ('نورهان عبد الكريم محمود', '', 'الخريجين');
INSERT INTO `lk9v6_alumni_main` (`id`, `user_id`, `approved`) VALUES (239584, 239584, 1);
INSERT INTO `lk9v6_alumni_data` (`alumni_id`, `graduation_year`, `fid`, `job`, `address`, `city`, `country`, `phone`, `gid`, `mobile`, `nationalnumber`, `department`, `division`, `with_honor`) VALUES (239584, 2006, '23', '', '', '', '', '', '', '', '', 'الأقتصاد المنزلي ', '', '');
INSERT INTO `lk9v6_users` (`name`, `email`, `usertype`) VALUES ('هاجر سمير عبد المنعم المحلاوي ', '', 'الخريجين');
INSERT INTO `lk9v6_alumni_main` (`id`, `user_id`, `approved`) VALUES (239585, 239585, 1);
INSERT INTO `lk9v6_alumni_data` (`alumni_id`, `graduation_year`, `fid`, `job`, `address`, `city`, `country`, `phone`, `gid`, `mobile`, `nationalnumber`, `department`, `division`, `with_honor`) VALUES (239585, 2006, '23', '', '', '', '', '', '', '', '', 'الأقتصاد المنزلي ', '', '');
INSERT INTO `lk9v6_users` (`name`, `email`, `usertype`) VALUES ('هالة محمد عزت محمد عبد المجيد', '', 'الخريجين');
INSERT INTO `lk9v6_alumni_main` (`id`, `user_id`, `approved`) VALUES (239586, 239586, 1);
INSERT INTO `lk9v6_alumni_data` (`alumni_id`, `graduation_year`, `fid`, `job`, `address`, `city`, `country`, `phone`, `gid`, `mobile`, `nationalnumber`, `department`, `division`, `with_honor`) VALUES (239586, 2006, '23', '', '', '', '', '', '', '', '', 'الأقتصاد المنزلي ', '', '');
INSERT INTO `lk9v6_users` (`name`, `email`, `usertype`) VALUES ('هيام محمد محمود نافع ', '', 'الخريجين');
INSERT INTO `lk9v6_alumni_main` (`id`, `user_id`, `approved`) VALUES (239587, 239587, 1);
INSERT INTO `lk9v6_alumni_data` (`alumni_id`, `graduation_year`, `fid`, `job`, `address`, `city`, `country`, `phone`, `gid`, `mobile`, `nationalnumber`, `department`, `division`, `with_honor`) VALUES (239587, 2006, '23', '', '', '', '', '', '', '', '', 'الأقتصاد المنزلي ', '', '');
INSERT INTO `lk9v6_users` (`name`, `email`, `usertype`) VALUES ('ولاء حمدي عبد المنعم سليمان', '', 'الخريجين');
INSERT INTO `lk9v6_alumni_main` (`id`, `user_id`, `approved`) VALUES (239588, 239588, 1);
INSERT INTO `lk9v6_alumni_data` (`alumni_id`, `graduation_year`, `fid`, `job`, `address`, `city`, `country`, `phone`, `gid`, `mobile`, `nationalnumber`, `department`, `division`, `with_honor`) VALUES (239588, 2006, '23', '', '', '', '', '', '', '', '', 'الأقتصاد المنزلي ', '', '');
INSERT INTO `lk9v6_users` (`name`, `email`, `usertype`) VALUES ('ابتسام فتحي عبد العظيم حواش', '', 'الخريجين');
INSERT INTO `lk9v6_alumni_main` (`id`, `user_id`, `approved`) VALUES (239589, 239589, 1);
INSERT INTO `lk9v6_alumni_data` (`alumni_id`, `graduation_year`, `fid`, `job`, `address`, `city`, `country`, `phone`, `gid`, `mobile`, `nationalnumber`, `department`, `division`, `with_honor`) VALUES (239589, 2007, '23', '', '', '', '', '', '', '', '', 'الإقتصاد المنزلي', '', '');
INSERT INTO `lk9v6_users` (`name`, `email`, `usertype`) VALUES ('ابتسام نعمان عبد المنعم نصار ', '', 'الخريجين');
INSERT INTO `lk9v6_alumni_main` (`id`, `user_id`, `approved`) VALUES (239590, 239590, 1);
INSERT INTO `lk9v6_alumni_data` (`alumni_id`, `graduation_year`, `fid`, `job`, `address`, `city`, `country`, `phone`, `gid`, `mobile`, `nationalnumber`, `department`, `division`, `with_honor`) VALUES (239590, 2007, '23', '', '', '', '', '', '', '', '', 'لإقتصاد المنزلي', '', '');
INSERT INTO `lk9v6_users` (`name`, `email`, `usertype`) VALUES ('ايناس محمد حسن الروبي', '', 'الخريجين');
INSERT INTO `lk9v6_alumni_main` (`id`, `user_id`, `approved`) VALUES (239591, 239591, 1);
INSERT INTO `lk9v6_alumni_data` (`alumni_id`, `graduation_year`, `fid`, `job`, `address`, `city`, `country`, `phone`, `gid`, `mobile`, `nationalnumber`, `department`, `division`, `with_honor`) VALUES (239591, 2007, '23', '', '', '', '', '', '', '', '', 'لإقتصاد المنزلي', '', '');
INSERT INTO `lk9v6_users` (`name`, `email`, `usertype`) VALUES ('ايمان حمدي محمد عبد المنعم محمد', '', 'الخريجين');
INSERT INTO `lk9v6_alumni_main` (`id`, `user_id`, `approved`) VALUES (239592, 239592, 1);
INSERT INTO `lk9v6_alumni_data` (`alumni_id`, `graduation_year`, `fid`, `job`, `address`, `city`, `country`, `phone`, `gid`, `mobile`, `nationalnumber`, `department`, `division`, `with_honor`) VALUES (239592, 2007, '23', '', '', '', '', '', '', '', '', 'الأقتصاد المنزلي', '', '');
INSERT INTO `lk9v6_users` (`name`, `email`, `usertype`) VALUES ('جهاد عبد الرسول اسماعيل أحمد', '', 'الخريجين');
INSERT INTO `lk9v6_alumni_main` (`id`, `user_id`, `approved`) VALUES (239593, 239593, 1);
INSERT INTO `lk9v6_alumni_data` (`alumni_id`, `graduation_year`, `fid`, `job`, `address`, `city`, `country`, `phone`, `gid`, `mobile`, `nationalnumber`, `department`, `division`, `with_honor`) VALUES (239593, 2007, '23', '', '', '', '', '', '', '', '', 'الأقتصاد المنزلي ', '', '');
INSERT INTO `lk9v6_users` (`name`, `email`, `usertype`) VALUES ('حنان صادق محمد أحمد', '', 'الخريجين');
INSERT INTO `lk9v6_alumni_main` (`id`, `user_id`, `approved`) VALUES (239594, 239594, 1);
INSERT INTO `lk9v6_alumni_data` (`alumni_id`, `graduation_year`, `fid`, `job`, `address`, `city`, `country`, `phone`, `gid`, `mobile`, `nationalnumber`, `department`, `division`, `with_honor`) VALUES (239594, 2007, '23', '', '', '', '', '', '', '', '', 'الإقتصاد المنزلي', '', '');
INSERT INTO `lk9v6_users` (`name`, `email`, `usertype`) VALUES ('حنان يحيي عبد العزيز السيد والي ', '', 'الخريجين');
INSERT INTO `lk9v6_alumni_main` (`id`, `user_id`, `approved`) VALUES (239595, 239595, 1);
INSERT INTO `lk9v6_alumni_data` (`alumni_id`, `graduation_year`, `fid`, `job`, `address`, `city`, `country`, `phone`, `gid`, `mobile`, `nationalnumber`, `department`, `division`, `with_honor`) VALUES (239595, 2007, '23', '', '', '', '', '', '', '', '', 'لإقتصاد المنزلي', '', '');
INSERT INTO `lk9v6_users` (`name`, `email`, `usertype`) VALUES ('داليا أحمد عبد العظيم أبو علفة', '', 'الخريجين');
INSERT INTO `lk9v6_alumni_main` (`id`, `user_id`, `approved`) VALUES (239596, 239596, 1);
INSERT INTO `lk9v6_alumni_data` (`alumni_id`, `graduation_year`, `fid`, `job`, `address`, `city`, `country`, `phone`, `gid`, `mobile`, `nationalnumber`, `department`, `division`, `with_honor`) VALUES (239596, 2007, '23', '', '', '', '', '', '', '', '', 'لإقتصاد المنزلي', '', '');
INSERT INTO `lk9v6_users` (`name`, `email`, `usertype`) VALUES ('دعاء أحمد سعيد أحمد محمد', '', 'الخريجين');
INSERT INTO `lk9v6_alumni_main` (`id`, `user_id`, `approved`) VALUES (239597, 239597, 1);
INSERT INTO `lk9v6_alumni_data` (`alumni_id`, `graduation_year`, `fid`, `job`, `address`, `city`, `country`, `phone`, `gid`, `mobile`, `nationalnumber`, `department`, `division`, `with_honor`) VALUES (239597, 2007, '23', '', '', '', '', '', '', '', '', 'الأقتصاد المنزلي', '', '');
INSERT INTO `lk9v6_users` (`name`, `email`, `usertype`) VALUES ('رانيا رمضان محمد محمود العتر ', '', 'الخريجين');
INSERT INTO `lk9v6_alumni_main` (`id`, `user_id`, `approved`) VALUES (239598, 239598, 1);
INSERT INTO `lk9v6_alumni_data` (`alumni_id`, `graduation_year`, `fid`, `job`, `address`, `city`, `country`, `phone`, `gid`, `mobile`, `nationalnumber`, `department`, `division`, `with_honor`) VALUES (239598, 2007, '23', '', '', '', '', '', '', '', '', 'الأقتصاد المنزلي ', '', '');
INSERT INTO `lk9v6_users` (`name`, `email`, `usertype`) VALUES ('رانيا محمد عطية بيومي ', '', 'الخريجين');
INSERT INTO `lk9v6_alumni_main` (`id`, `user_id`, `approved`) VALUES (239599, 239599, 1);
INSERT INTO `lk9v6_alumni_data` (`alumni_id`, `graduation_year`, `fid`, `job`, `address`, `city`, `country`, `phone`, `gid`, `mobile`, `nationalnumber`, `department`, `division`, `with_honor`) VALUES (239599, 2007, '23', '', '', '', '', '', '', '', '', 'الإقتصاد المنزلي', '', '');
INSERT INTO `lk9v6_users` (`name`, `email`, `usertype`) VALUES ('رحاب صالح أحمد أبو أحمد ', '', 'الخريجين');
INSERT INTO `lk9v6_alumni_main` (`id`, `user_id`, `approved`) VALUES (239600, 239600, 1);
INSERT INTO `lk9v6_alumni_data` (`alumni_id`, `graduation_year`, `fid`, `job`, `address`, `city`, `country`, `phone`, `gid`, `mobile`, `nationalnumber`, `department`, `division`, `with_honor`) VALUES (239600, 2007, '23', '', '', '', '', '', '', '', '', 'لإقتصاد المنزلي', '', '');
INSERT INTO `lk9v6_users` (`name`, `email`, `usertype`) VALUES ('ريهام محي الدين محمد فاضلي ', '', 'الخريجين');
INSERT INTO `lk9v6_alumni_main` (`id`, `user_id`, `approved`) VALUES (239601, 239601, 1);
INSERT INTO `lk9v6_alumni_data` (`alumni_id`, `graduation_year`, `fid`, `job`, `address`, `city`, `country`, `phone`, `gid`, `mobile`, `nationalnumber`, `department`, `division`, `with_honor`) VALUES (239601, 2007, '23', '', '', '', '', '', '', '', '', 'لإقتصاد المنزلي', '', '');
INSERT INTO `lk9v6_users` (`name`, `email`, `usertype`) VALUES ('هبة أحمد أحمد عبد الحميد مزر', '', 'الخريجين');
INSERT INTO `lk9v6_alumni_main` (`id`, `user_id`, `approved`) VALUES (239602, 239602, 1);
INSERT INTO `lk9v6_alumni_data` (`alumni_id`, `graduation_year`, `fid`, `job`, `address`, `city`, `country`, `phone`, `gid`, `mobile`, `nationalnumber`, `department`, `division`, `with_honor`) VALUES (239602, 2007, '23', '', '', '', '', '', '', '', '', 'الأقتصاد المنزلي', '', '');
INSERT INTO `lk9v6_users` (`name`, `email`, `usertype`) VALUES ('هبة الله عبد الفتاح حسن حسين سليم', '', 'الخريجين');
INSERT INTO `lk9v6_alumni_main` (`id`, `user_id`, `approved`) VALUES (239603, 239603, 1);
INSERT INTO `lk9v6_alumni_data` (`alumni_id`, `graduation_year`, `fid`, `job`, `address`, `city`, `country`, `phone`, `gid`, `mobile`, `nationalnumber`, `department`, `division`, `with_honor`) VALUES (239603, 2007, '23', '', '', '', '', '', '', '', '', 'الأقتصاد المنزلي ', '', '');
INSERT INTO `lk9v6_users` (`name`, `email`, `usertype`) VALUES ('هبة الله عماد محمد العربي', '', 'الخريجين');
INSERT INTO `lk9v6_alumni_main` (`id`, `user_id`, `approved`) VALUES (239604, 239604, 1);
INSERT INTO `lk9v6_alumni_data` (`alumni_id`, `graduation_year`, `fid`, `job`, `address`, `city`, `country`, `phone`, `gid`, `mobile`, `nationalnumber`, `department`, `division`, `with_honor`) VALUES (239604, 2007, '23', '', '', '', '', '', '', '', '', 'الإقتصاد المنزلي', '', '');
INSERT INTO `lk9v6_users` (`name`, `email`, `usertype`) VALUES ('هبة محمد محمد حمادة', '', 'الخريجين');
INSERT INTO `lk9v6_alumni_main` (`id`, `user_id`, `approved`) VALUES (239605, 239605, 1);
INSERT INTO `lk9v6_alumni_data` (`alumni_id`, `graduation_year`, `fid`, `job`, `address`, `city`, `country`, `phone`, `gid`, `mobile`, `nationalnumber`, `department`, `division`, `with_honor`) VALUES (239605, 2007, '23', '', '', '', '', '', '', '', '', 'لإقتصاد المنزلي', '', '');
INSERT INTO `lk9v6_users` (`name`, `email`, `usertype`) VALUES ('اسراء وسف أحمد الصعيدي', '', 'الخريجين');
INSERT INTO `lk9v6_alumni_main` (`id`, `user_id`, `approved`) VALUES (239606, 239606, 1);
INSERT INTO `lk9v6_alumni_data` (`alumni_id`, `graduation_year`, `fid`, `job`, `address`, `city`, `country`, `phone`, `gid`, `mobile`, `nationalnumber`, `department`, `division`, `with_honor`) VALUES (239606, 2007, '23', '', '', '', '', '', '', '', '', 'لإقتصاد المنزلي', '', '');
INSERT INTO `lk9v6_users` (`name`, `email`, `usertype`) VALUES ('أماني سلامة محمد سيد أحمد عوف', '', 'الخريجين');
INSERT INTO `lk9v6_alumni_main` (`id`, `user_id`, `approved`) VALUES (239607, 239607, 1);
INSERT INTO `lk9v6_alumni_data` (`alumni_id`, `graduation_year`, `fid`, `job`, `address`, `city`, `country`, `phone`, `gid`, `mobile`, `nationalnumber`, `department`, `division`, `with_honor`) VALUES (239607, 2007, '23', '', '', '', '', '', '', '', '', 'الأقتصاد المنزلي', '', '');
INSERT INTO `lk9v6_users` (`name`, `email`, `usertype`) VALUES ('أميرة محمد عبد العزيز محمد عامر', '', 'الخريجين');
INSERT INTO `lk9v6_alumni_main` (`id`, `user_id`, `approved`) VALUES (239608, 239608, 1);
INSERT INTO `lk9v6_alumni_data` (`alumni_id`, `graduation_year`, `fid`, `job`, `address`, `city`, `country`, `phone`, `gid`, `mobile`, `nationalnumber`, `department`, `division`, `with_honor`) VALUES (239608, 2007, '23', '', '', '', '', '', '', '', '', 'الأقتصاد المنزلي ', '', '');
INSERT INTO `lk9v6_users` (`name`, `email`, `usertype`) VALUES ('بسمة ابراهيم حامد محمد بدوي', '', 'الخريجين');
INSERT INTO `lk9v6_alumni_main` (`id`, `user_id`, `approved`) VALUES (239609, 239609, 1);
INSERT INTO `lk9v6_alumni_data` (`alumni_id`, `graduation_year`, `fid`, `job`, `address`, `city`, `country`, `phone`, `gid`, `mobile`, `nationalnumber`, `department`, `division`, `with_honor`) VALUES (239609, 2007, '23', '', '', '', '', '', '', '', '', 'الإقتصاد المنزلي', '', '');
INSERT INTO `lk9v6_users` (`name`, `email`, `usertype`) VALUES ('تغريد أحمد محمد السيد', '', 'الخريجين');
INSERT INTO `lk9v6_alumni_main` (`id`, `user_id`, `approved`) VALUES (239610, 239610, 1);
INSERT INTO `lk9v6_alumni_data` (`alumni_id`, `graduation_year`, `fid`, `job`, `address`, `city`, `country`, `phone`, `gid`, `mobile`, `nationalnumber`, `department`, `division`, `with_honor`) VALUES (239610, 2007, '23', '', '', '', '', '', '', '', '', 'لإقتصاد المنزلي', '', '');
INSERT INTO `lk9v6_users` (`name`, `email`, `usertype`) VALUES ('حسناء أنس عبد الحميد البشلاوي', '', 'الخريجين');
INSERT INTO `lk9v6_alumni_main` (`id`, `user_id`, `approved`) VALUES (239611, 239611, 1);
INSERT INTO `lk9v6_alumni_data` (`alumni_id`, `graduation_year`, `fid`, `job`, `address`, `city`, `country`, `phone`, `gid`, `mobile`, `nationalnumber`, `department`, `division`, `with_honor`) VALUES (239611, 2007, '23', '', '', '', '', '', '', '', '', 'لإقتصاد المنزلي', '', '');
INSERT INTO `lk9v6_users` (`name`, `email`, `usertype`) VALUES ('داليا مسعود خلف عبد اللطيف', '', 'الخريجين');
INSERT INTO `lk9v6_alumni_main` (`id`, `user_id`, `approved`) VALUES (239612, 239612, 1);
INSERT INTO `lk9v6_alumni_data` (`alumni_id`, `graduation_year`, `fid`, `job`, `address`, `city`, `country`, `phone`, `gid`, `mobile`, `nationalnumber`, `department`, `division`, `with_honor`) VALUES (239612, 2007, '23', '', '', '', '', '', '', '', '', 'الأقتصاد المنزلي', '', '');
INSERT INTO `lk9v6_users` (`name`, `email`, `usertype`) VALUES ('رحاب صدقي محمد خطاب ', '', 'الخريجين');
INSERT INTO `lk9v6_alumni_main` (`id`, `user_id`, `approved`) VALUES (239613, 239613, 1);
INSERT INTO `lk9v6_alumni_data` (`alumni_id`, `graduation_year`, `fid`, `job`, `address`, `city`, `country`, `phone`, `gid`, `mobile`, `nationalnumber`, `department`, `division`, `with_honor`) VALUES (239613, 2007, '23', '', '', '', '', '', '', '', '', 'الأقتصاد المنزلي ', '', '');
INSERT INTO `lk9v6_users` (`name`, `email`, `usertype`) VALUES ('رشا شحاتة رزق الشرقاوي ', '', 'الخريجين');
INSERT INTO `lk9v6_alumni_main` (`id`, `user_id`, `approved`) VALUES (239614, 239614, 1);
INSERT INTO `lk9v6_alumni_data` (`alumni_id`, `graduation_year`, `fid`, `job`, `address`, `city`, `country`, `phone`, `gid`, `mobile`, `nationalnumber`, `department`, `division`, `with_honor`) VALUES (239614, 2007, '23', '', '', '', '', '', '', '', '', 'الإقتصاد المنزلي', '', '');
INSERT INTO `lk9v6_users` (`name`, `email`, `usertype`) VALUES ('رشا سمير عبد العزيز أحمد داود', '', 'الخريجين');
INSERT INTO `lk9v6_alumni_main` (`id`, `user_id`, `approved`) VALUES (239615, 239615, 1);
INSERT INTO `lk9v6_alumni_data` (`alumni_id`, `graduation_year`, `fid`, `job`, `address`, `city`, `country`, `phone`, `gid`, `mobile`, `nationalnumber`, `department`, `division`, `with_honor`) VALUES (239615, 2007, '23', '', '', '', '', '', '', '', '', 'لإقتصاد المنزلي', '', '');
INSERT INTO `lk9v6_users` (`name`, `email`, `usertype`) VALUES ('سارة عطية عطية شلتوت', '', 'الخريجين');
INSERT INTO `lk9v6_alumni_main` (`id`, `user_id`, `approved`) VALUES (239616, 239616, 1);
INSERT INTO `lk9v6_alumni_data` (`alumni_id`, `graduation_year`, `fid`, `job`, `address`, `city`, `country`, `phone`, `gid`, `mobile`, `nationalnumber`, `department`, `division`, `with_honor`) VALUES (239616, 2007, '23', '', '', '', '', '', '', '', '', 'لإقتصاد المنزلي', '', '');
INSERT INTO `lk9v6_users` (`name`, `email`, `usertype`) VALUES ('سارة قنعان محمد قنديل ', '', 'الخريجين');
INSERT INTO `lk9v6_alumni_main` (`id`, `user_id`, `approved`) VALUES (239617, 239617, 1);
INSERT INTO `lk9v6_alumni_data` (`alumni_id`, `graduation_year`, `fid`, `job`, `address`, `city`, `country`, `phone`, `gid`, `mobile`, `nationalnumber`, `department`, `division`, `with_honor`) VALUES (239617, 2007, '23', '', '', '', '', '', '', '', '', 'الأقتصاد المنزلي', '', '');
INSERT INTO `lk9v6_users` (`name`, `email`, `usertype`) VALUES ('سمر عبد المنعم محمود السخاوي', '', 'الخريجين');
INSERT INTO `lk9v6_alumni_main` (`id`, `user_id`, `approved`) VALUES (239618, 239618, 1);
INSERT INTO `lk9v6_alumni_data` (`alumni_id`, `graduation_year`, `fid`, `job`, `address`, `city`, `country`, `phone`, `gid`, `mobile`, `nationalnumber`, `department`, `division`, `with_honor`) VALUES (239618, 2007, '23', '', '', '', '', '', '', '', '', 'الأقتصاد المنزلي ', '', '');
INSERT INTO `lk9v6_users` (`name`, `email`, `usertype`) VALUES ('سمر محمد محمد حسن غنيم', '', 'الخريجين');
INSERT INTO `lk9v6_alumni_main` (`id`, `user_id`, `approved`) VALUES (239619, 239619, 1);
INSERT INTO `lk9v6_alumni_data` (`alumni_id`, `graduation_year`, `fid`, `job`, `address`, `city`, `country`, `phone`, `gid`, `mobile`, `nationalnumber`, `department`, `division`, `with_honor`) VALUES (239619, 2007, '23', '', '', '', '', '', '', '', '', 'الإقتصاد المنزلي', '', '');
INSERT INTO `lk9v6_users` (`name`, `email`, `usertype`) VALUES ('شيماء كامل عبد اللاه النحراوي', '', 'الخريجين');
INSERT INTO `lk9v6_alumni_main` (`id`, `user_id`, `approved`) VALUES (239620, 239620, 1);
INSERT INTO `lk9v6_alumni_data` (`alumni_id`, `graduation_year`, `fid`, `job`, `address`, `city`, `country`, `phone`, `gid`, `mobile`, `nationalnumber`, `department`, `division`, `with_honor`) VALUES (239620, 2007, '23', '', '', '', '', '', '', '', '', 'لإقتصاد المنزلي', '', '');
INSERT INTO `lk9v6_users` (`name`, `email`, `usertype`) VALUES ('شيماء نعمان عبد اللطيف البصيلي ', '', 'الخريجين');
INSERT INTO `lk9v6_alumni_main` (`id`, `user_id`, `approved`) VALUES (239621, 239621, 1);
INSERT INTO `lk9v6_alumni_data` (`alumni_id`, `graduation_year`, `fid`, `job`, `address`, `city`, `country`, `phone`, `gid`, `mobile`, `nationalnumber`, `department`, `division`, `with_honor`) VALUES (239621, 2007, '23', '', '', '', '', '', '', '', '', 'لإقتصاد المنزلي', '', '');
INSERT INTO `lk9v6_users` (`name`, `email`, `usertype`) VALUES ('صفاء عبد الكريم عبد المنعم محمد حسان', '', 'الخريجين');
INSERT INTO `lk9v6_alumni_main` (`id`, `user_id`, `approved`) VALUES (239622, 239622, 1);
INSERT INTO `lk9v6_alumni_data` (`alumni_id`, `graduation_year`, `fid`, `job`, `address`, `city`, `country`, `phone`, `gid`, `mobile`, `nationalnumber`, `department`, `division`, `with_honor`) VALUES (239622, 2007, '23', '', '', '', '', '', '', '', '', 'الأقتصاد المنزلي', '', '');
INSERT INTO `lk9v6_users` (`name`, `email`, `usertype`) VALUES ('عزة كيلاني كيلاني نصير', '', 'الخريجين');
INSERT INTO `lk9v6_alumni_main` (`id`, `user_id`, `approved`) VALUES (239623, 239623, 1);
INSERT INTO `lk9v6_alumni_data` (`alumni_id`, `graduation_year`, `fid`, `job`, `address`, `city`, `country`, `phone`, `gid`, `mobile`, `nationalnumber`, `department`, `division`, `with_honor`) VALUES (239623, 2007, '23', '', '', '', '', '', '', '', '', 'الأقتصاد المنزلي ', '', '');
INSERT INTO `lk9v6_users` (`name`, `email`, `usertype`) VALUES ('فوزية عبد ىالهادي محمد عبد العال عيد', '', 'الخريجين');
INSERT INTO `lk9v6_alumni_main` (`id`, `user_id`, `approved`) VALUES (239624, 239624, 1);
INSERT INTO `lk9v6_alumni_data` (`alumni_id`, `graduation_year`, `fid`, `job`, `address`, `city`, `country`, `phone`, `gid`, `mobile`, `nationalnumber`, `department`, `division`, `with_honor`) VALUES (239624, 2007, '23', '', '', '', '', '', '', '', '', 'الإقتصاد المنزلي', '', '');
INSERT INTO `lk9v6_users` (`name`, `email`, `usertype`) VALUES ('مروة مختار هاشم محمد ', '', 'الخريجين');
INSERT INTO `lk9v6_alumni_main` (`id`, `user_id`, `approved`) VALUES (239625, 239625, 1);
INSERT INTO `lk9v6_alumni_data` (`alumni_id`, `graduation_year`, `fid`, `job`, `address`, `city`, `country`, `phone`, `gid`, `mobile`, `nationalnumber`, `department`, `division`, `with_honor`) VALUES (239625, 2007, '23', '', '', '', '', '', '', '', '', 'لإقتصاد المنزلي', '', '');
INSERT INTO `lk9v6_users` (`name`, `email`, `usertype`) VALUES ('مي قدري أحمد ابراهيم حسن', '', 'الخريجين');
INSERT INTO `lk9v6_alumni_main` (`id`, `user_id`, `approved`) VALUES (239626, 239626, 1);
INSERT INTO `lk9v6_alumni_data` (`alumni_id`, `graduation_year`, `fid`, `job`, `address`, `city`, `country`, `phone`, `gid`, `mobile`, `nationalnumber`, `department`, `division`, `with_honor`) VALUES (239626, 2007, '23', '', '', '', '', '', '', '', '', 'لإقتصاد المنزلي', '', '');
INSERT INTO `lk9v6_users` (`name`, `email`, `usertype`) VALUES ('نجفة محمد الشحات محمد رجب ', '', 'الخريجين');
INSERT INTO `lk9v6_alumni_main` (`id`, `user_id`, `approved`) VALUES (239627, 239627, 1);
INSERT INTO `lk9v6_alumni_data` (`alumni_id`, `graduation_year`, `fid`, `job`, `address`, `city`, `country`, `phone`, `gid`, `mobile`, `nationalnumber`, `department`, `division`, `with_honor`) VALUES (239627, 2007, '23', '', '', '', '', '', '', '', '', 'الأقتصاد المنزلي', '', '');
INSERT INTO `lk9v6_users` (`name`, `email`, `usertype`) VALUES ('هبة الله شحاتة محمد بسيوني الطناني', '', 'الخريجين');
INSERT INTO `lk9v6_alumni_main` (`id`, `user_id`, `approved`) VALUES (239628, 239628, 1);
INSERT INTO `lk9v6_alumni_data` (`alumni_id`, `graduation_year`, `fid`, `job`, `address`, `city`, `country`, `phone`, `gid`, `mobile`, `nationalnumber`, `department`, `division`, `with_honor`) VALUES (239628, 2007, '23', '', '', '', '', '', '', '', '', 'الأقتصاد المنزلي ', '', '');
INSERT INTO `lk9v6_users` (`name`, `email`, `usertype`) VALUES ('هبة محمد علي حرفوش', '', 'الخريجين');
INSERT INTO `lk9v6_alumni_main` (`id`, `user_id`, `approved`) VALUES (239629, 239629, 1);
INSERT INTO `lk9v6_alumni_data` (`alumni_id`, `graduation_year`, `fid`, `job`, `address`, `city`, `country`, `phone`, `gid`, `mobile`, `nationalnumber`, `department`, `division`, `with_honor`) VALUES (239629, 2007, '23', '', '', '', '', '', '', '', '', 'الإقتصاد المنزلي', '', '');
INSERT INTO `lk9v6_users` (`name`, `email`, `usertype`) VALUES ('هدي رمضان عطية عبد العظيم', '', 'الخريجين');
INSERT INTO `lk9v6_alumni_main` (`id`, `user_id`, `approved`) VALUES (239630, 239630, 1);
INSERT INTO `lk9v6_alumni_data` (`alumni_id`, `graduation_year`, `fid`, `job`, `address`, `city`, `country`, `phone`, `gid`, `mobile`, `nationalnumber`, `department`, `division`, `with_honor`) VALUES (239630, 2007, '23', '', '', '', '', '', '', '', '', 'لإقتصاد المنزلي', '', '');
INSERT INTO `lk9v6_users` (`name`, `email`, `usertype`) VALUES ('يسرا عبد الغني يوسف الخولي ', '', 'الخريجين');
INSERT INTO `lk9v6_alumni_main` (`id`, `user_id`, `approved`) VALUES (239631, 239631, 1);
INSERT INTO `lk9v6_alumni_data` (`alumni_id`, `graduation_year`, `fid`, `job`, `address`, `city`, `country`, `phone`, `gid`, `mobile`, `nationalnumber`, `department`, `division`, `with_honor`) VALUES (239631, 2007, '23', '', '', '', '', '', '', '', '', 'لإقتصاد المنزلي', '', '');
INSERT INTO `lk9v6_users` (`name`, `email`, `usertype`) VALUES ('اسراء لطفي محروس زاهر', '', 'الخريجين');
INSERT INTO `lk9v6_alumni_main` (`id`, `user_id`, `approved`) VALUES (239632, 239632, 1);
INSERT INTO `lk9v6_alumni_data` (`alumni_id`, `graduation_year`, `fid`, `job`, `address`, `city`, `country`, `phone`, `gid`, `mobile`, `nationalnumber`, `department`, `division`, `with_honor`) VALUES (239632, 2007, '23', '', '', '', '', '', '', '', '', 'الأقتصاد المنزلي', '', '');
INSERT INTO `lk9v6_users` (`name`, `email`, `usertype`) VALUES ('ايمان حسن أبو ضيف محمد السيد', '', 'الخريجين');
INSERT INTO `lk9v6_alumni_main` (`id`, `user_id`, `approved`) VALUES (239633, 239633, 1);
INSERT INTO `lk9v6_alumni_data` (`alumni_id`, `graduation_year`, `fid`, `job`, `address`, `city`, `country`, `phone`, `gid`, `mobile`, `nationalnumber`, `department`, `division`, `with_honor`) VALUES (239633, 2007, '23', '', '', '', '', '', '', '', '', 'الأقتصاد المنزلي ', '', '');
INSERT INTO `lk9v6_users` (`name`, `email`, `usertype`) VALUES ('دينا أحمد عبد الرحيم محمدين', '', 'الخريجين');
INSERT INTO `lk9v6_alumni_main` (`id`, `user_id`, `approved`) VALUES (239634, 239634, 1);
INSERT INTO `lk9v6_alumni_data` (`alumni_id`, `graduation_year`, `fid`, `job`, `address`, `city`, `country`, `phone`, `gid`, `mobile`, `nationalnumber`, `department`, `division`, `with_honor`) VALUES (239634, 2007, '23', '', '', '', '', '', '', '', '', 'لإقتصاد المنزلي', '', '');
INSERT INTO `lk9v6_users` (`name`, `email`, `usertype`) VALUES ('سمر جابر أحمد قاسم', '', 'الخريجين');
INSERT INTO `lk9v6_alumni_main` (`id`, `user_id`, `approved`) VALUES (239635, 239635, 1);
INSERT INTO `lk9v6_alumni_data` (`alumni_id`, `graduation_year`, `fid`, `job`, `address`, `city`, `country`, `phone`, `gid`, `mobile`, `nationalnumber`, `department`, `division`, `with_honor`) VALUES (239635, 2007, '23', '', '', '', '', '', '', '', '', 'لإقتصاد المنزلي', '', '');
INSERT INTO `lk9v6_users` (`name`, `email`, `usertype`) VALUES ('سهي ربيع داود عبدالله رمضان', '', 'الخريجين');
INSERT INTO `lk9v6_alumni_main` (`id`, `user_id`, `approved`) VALUES (239636, 239636, 1);
INSERT INTO `lk9v6_alumni_data` (`alumni_id`, `graduation_year`, `fid`, `job`, `address`, `city`, `country`, `phone`, `gid`, `mobile`, `nationalnumber`, `department`, `division`, `with_honor`) VALUES (239636, 2007, '23', '', '', '', '', '', '', '', '', 'الأقتصاد المنزلي', '', '');
INSERT INTO `lk9v6_users` (`name`, `email`, `usertype`) VALUES ('صوفيا عبد المنعم عبد الرحمن الخولي ', '', 'الخريجين');
INSERT INTO `lk9v6_alumni_main` (`id`, `user_id`, `approved`) VALUES (239637, 239637, 1);
INSERT INTO `lk9v6_alumni_data` (`alumni_id`, `graduation_year`, `fid`, `job`, `address`, `city`, `country`, `phone`, `gid`, `mobile`, `nationalnumber`, `department`, `division`, `with_honor`) VALUES (239637, 2007, '23', '', '', '', '', '', '', '', '', 'التربية الفنية', '', '');
INSERT INTO `lk9v6_users` (`name`, `email`, `usertype`) VALUES ('أسماء أحمد محمد عريف ', '', 'الخريجين');
INSERT INTO `lk9v6_alumni_main` (`id`, `user_id`, `approved`) VALUES (239638, 239638, 1);
INSERT INTO `lk9v6_alumni_data` (`alumni_id`, `graduation_year`, `fid`, `job`, `address`, `city`, `country`, `phone`, `gid`, `mobile`, `nationalnumber`, `department`, `division`, `with_honor`) VALUES (239638, 2007, '23', '', '', '', '', '', '', '', '', 'التربية الفنية ', '', '');
INSERT INTO `lk9v6_users` (`name`, `email`, `usertype`) VALUES ('أسماء محمد عبد اللطيف النحوي ', '', 'الخريجين');
INSERT INTO `lk9v6_alumni_main` (`id`, `user_id`, `approved`) VALUES (239639, 239639, 1);
INSERT INTO `lk9v6_alumni_data` (`alumni_id`, `graduation_year`, `fid`, `job`, `address`, `city`, `country`, `phone`, `gid`, `mobile`, `nationalnumber`, `department`, `division`, `with_honor`) VALUES (239639, 2007, '23', '', '', '', '', '', '', '', '', 'التربية الفنية ', '', '');
INSERT INTO `lk9v6_users` (`name`, `email`, `usertype`) VALUES ('أمنية محمد أحمد عبد الموجود', '', 'الخريجين');
INSERT INTO `lk9v6_alumni_main` (`id`, `user_id`, `approved`) VALUES (239640, 239640, 1);
INSERT INTO `lk9v6_alumni_data` (`alumni_id`, `graduation_year`, `fid`, `job`, `address`, `city`, `country`, `phone`, `gid`, `mobile`, `nationalnumber`, `department`, `division`, `with_honor`) VALUES (239640, 2007, '23', '', '', '', '', '', '', '', '', 'التربية الفنية ', '', '');
INSERT INTO `lk9v6_users` (`name`, `email`, `usertype`) VALUES ('أميرة عبد المنعم حسن السيد حسن', '', 'الخريجين');
INSERT INTO `lk9v6_alumni_main` (`id`, `user_id`, `approved`) VALUES (239641, 239641, 1);
INSERT INTO `lk9v6_alumni_data` (`alumni_id`, `graduation_year`, `fid`, `job`, `address`, `city`, `country`, `phone`, `gid`, `mobile`, `nationalnumber`, `department`, `division`, `with_honor`) VALUES (239641, 2007, '23', '', '', '', '', '', '', '', '', 'التربية الفنية ', '', '');
INSERT INTO `lk9v6_users` (`name`, `email`, `usertype`) VALUES ('خديجة كمال قطب عبد الله', '', 'الخريجين');
INSERT INTO `lk9v6_alumni_main` (`id`, `user_id`, `approved`) VALUES (239642, 239642, 1);
INSERT INTO `lk9v6_alumni_data` (`alumni_id`, `graduation_year`, `fid`, `job`, `address`, `city`, `country`, `phone`, `gid`, `mobile`, `nationalnumber`, `department`, `division`, `with_honor`) VALUES (239642, 2007, '23', '', '', '', '', '', '', '', '', 'التربية الفنية ', '', '');
INSERT INTO `lk9v6_users` (`name`, `email`, `usertype`) VALUES ('دعاء أحمد عبد المقصود الزقيطي ', '', 'الخريجين');
INSERT INTO `lk9v6_alumni_main` (`id`, `user_id`, `approved`) VALUES (239643, 239643, 1);
INSERT INTO `lk9v6_alumni_data` (`alumni_id`, `graduation_year`, `fid`, `job`, `address`, `city`, `country`, `phone`, `gid`, `mobile`, `nationalnumber`, `department`, `division`, `with_honor`) VALUES (239643, 2007, '23', '', '', '', '', '', '', '', '', 'التربية الفنية ', '', '');
INSERT INTO `lk9v6_users` (`name`, `email`, `usertype`) VALUES ('دعاء أحمد عصام سعد السيد عطا', '', 'الخريجين');
INSERT INTO `lk9v6_alumni_main` (`id`, `user_id`, `approved`) VALUES (239644, 239644, 1);
INSERT INTO `lk9v6_alumni_data` (`alumni_id`, `graduation_year`, `fid`, `job`, `address`, `city`, `country`, `phone`, `gid`, `mobile`, `nationalnumber`, `department`, `division`, `with_honor`) VALUES (239644, 2007, '23', '', '', '', '', '', '', '', '', 'التربية الفنية ', '', '');
INSERT INTO `lk9v6_users` (`name`, `email`, `usertype`) VALUES ('دعاء محمد أبو بكر أحمد', '', 'الخريجين');
INSERT INTO `lk9v6_alumni_main` (`id`, `user_id`, `approved`) VALUES (239645, 239645, 1);
INSERT INTO `lk9v6_alumni_data` (`alumni_id`, `graduation_year`, `fid`, `job`, `address`, `city`, `country`, `phone`, `gid`, `mobile`, `nationalnumber`, `department`, `division`, `with_honor`) VALUES (239645, 2007, '23', '', '', '', '', '', '', '', '', 'التربية الفنية ', '', '');
INSERT INTO `lk9v6_users` (`name`, `email`, `usertype`) VALUES ('دولت هاني خاللد خالد ', '', 'الخريجين');
INSERT INTO `lk9v6_alumni_main` (`id`, `user_id`, `approved`) VALUES (239646, 239646, 1);
INSERT INTO `lk9v6_alumni_data` (`alumni_id`, `graduation_year`, `fid`, `job`, `address`, `city`, `country`, `phone`, `gid`, `mobile`, `nationalnumber`, `department`, `division`, `with_honor`) VALUES (239646, 2007, '23', '', '', '', '', '', '', '', '', 'التربية الفنية ', '', '');
INSERT INTO `lk9v6_users` (`name`, `email`, `usertype`) VALUES ('رانيا حسين علي حسين', '', 'الخريجين');
INSERT INTO `lk9v6_alumni_main` (`id`, `user_id`, `approved`) VALUES (239647, 239647, 1);
INSERT INTO `lk9v6_alumni_data` (`alumni_id`, `graduation_year`, `fid`, `job`, `address`, `city`, `country`, `phone`, `gid`, `mobile`, `nationalnumber`, `department`, `division`, `with_honor`) VALUES (239647, 2007, '23', '', '', '', '', '', '', '', '', 'التربية الفنية ', '', '');
INSERT INTO `lk9v6_users` (`name`, `email`, `usertype`) VALUES ('رضوي ناجي رمضان فرج', '', 'الخريجين');
INSERT INTO `lk9v6_alumni_main` (`id`, `user_id`, `approved`) VALUES (239648, 239648, 1);
INSERT INTO `lk9v6_alumni_data` (`alumni_id`, `graduation_year`, `fid`, `job`, `address`, `city`, `country`, `phone`, `gid`, `mobile`, `nationalnumber`, `department`, `division`, `with_honor`) VALUES (239648, 2007, '23', '', '', '', '', '', '', '', '', 'التربية الفنية ', '', '');
INSERT INTO `lk9v6_users` (`name`, `email`, `usertype`) VALUES ('روضة سعيد عبد الودود شمس الدين ', '', 'الخريجين');
INSERT INTO `lk9v6_alumni_main` (`id`, `user_id`, `approved`) VALUES (239649, 239649, 1);
INSERT INTO `lk9v6_alumni_data` (`alumni_id`, `graduation_year`, `fid`, `job`, `address`, `city`, `country`, `phone`, `gid`, `mobile`, `nationalnumber`, `department`, `division`, `with_honor`) VALUES (239649, 2007, '23', '', '', '', '', '', '', '', '', 'التربية الفنية ', '', '');
INSERT INTO `lk9v6_users` (`name`, `email`, `usertype`) VALUES ('ريم يسري أحمد ماجد عبد الجواد', '', 'الخريجين');
INSERT INTO `lk9v6_alumni_main` (`id`, `user_id`, `approved`) VALUES (239650, 239650, 1);
INSERT INTO `lk9v6_alumni_data` (`alumni_id`, `graduation_year`, `fid`, `job`, `address`, `city`, `country`, `phone`, `gid`, `mobile`, `nationalnumber`, `department`, `division`, `with_honor`) VALUES (239650, 2007, '23', '', '', '', '', '', '', '', '', 'التربية الفنية ', '', '');
INSERT INTO `lk9v6_users` (`name`, `email`, `usertype`) VALUES ('ريهام طاهر محمد جلال مختار الدريني', '', 'الخريجين');
INSERT INTO `lk9v6_alumni_main` (`id`, `user_id`, `approved`) VALUES (239651, 239651, 1);
INSERT INTO `lk9v6_alumni_data` (`alumni_id`, `graduation_year`, `fid`, `job`, `address`, `city`, `country`, `phone`, `gid`, `mobile`, `nationalnumber`, `department`, `division`, `with_honor`) VALUES (239651, 2007, '23', '', '', '', '', '', '', '', '', 'التربية الفنية ', '', '');
INSERT INTO `lk9v6_users` (`name`, `email`, `usertype`) VALUES ('سارة ابراهيم محمود محمد يوسف', '', 'الخريجين');
INSERT INTO `lk9v6_alumni_main` (`id`, `user_id`, `approved`) VALUES (239652, 239652, 1);
INSERT INTO `lk9v6_alumni_data` (`alumni_id`, `graduation_year`, `fid`, `job`, `address`, `city`, `country`, `phone`, `gid`, `mobile`, `nationalnumber`, `department`, `division`, `with_honor`) VALUES (239652, 2007, '23', '', '', '', '', '', '', '', '', 'التربية الفنية ', '', '');
INSERT INTO `lk9v6_users` (`name`, `email`, `usertype`) VALUES ('سارة محمد هاشم الحلبي', '', 'الخريجين');
INSERT INTO `lk9v6_alumni_main` (`id`, `user_id`, `approved`) VALUES (239653, 239653, 1);
INSERT INTO `lk9v6_alumni_data` (`alumni_id`, `graduation_year`, `fid`, `job`, `address`, `city`, `country`, `phone`, `gid`, `mobile`, `nationalnumber`, `department`, `division`, `with_honor`) VALUES (239653, 2007, '23', '', '', '', '', '', '', '', '', 'التربية الفنية ', '', '');
INSERT INTO `lk9v6_users` (`name`, `email`, `usertype`) VALUES ('سالمة حسن السيد حسين ', '', 'الخريجين');
INSERT INTO `lk9v6_alumni_main` (`id`, `user_id`, `approved`) VALUES (239654, 239654, 1);
INSERT INTO `lk9v6_alumni_data` (`alumni_id`, `graduation_year`, `fid`, `job`, `address`, `city`, `country`, `phone`, `gid`, `mobile`, `nationalnumber`, `department`, `division`, `with_honor`) VALUES (239654, 2007, '23', '', '', '', '', '', '', '', '', 'التربية الفنية ', '', '');
INSERT INTO `lk9v6_users` (`name`, `email`, `usertype`) VALUES ('سالي منصور ابراهيم أحمد عاشور ', '', 'الخريجين');
INSERT INTO `lk9v6_alumni_main` (`id`, `user_id`, `approved`) VALUES (239655, 239655, 1);
INSERT INTO `lk9v6_alumni_data` (`alumni_id`, `graduation_year`, `fid`, `job`, `address`, `city`, `country`, `phone`, `gid`, `mobile`, `nationalnumber`, `department`, `division`, `with_honor`) VALUES (239655, 2007, '23', '', '', '', '', '', '', '', '', 'التربية الفنية ', '', '');
INSERT INTO `lk9v6_users` (`name`, `email`, `usertype`) VALUES ('سوزان فايق زكي معوض', '', 'الخريجين');
INSERT INTO `lk9v6_alumni_main` (`id`, `user_id`, `approved`) VALUES (239656, 239656, 1);
INSERT INTO `lk9v6_alumni_data` (`alumni_id`, `graduation_year`, `fid`, `job`, `address`, `city`, `country`, `phone`, `gid`, `mobile`, `nationalnumber`, `department`, `division`, `with_honor`) VALUES (239656, 2007, '23', '', '', '', '', '', '', '', '', 'التربية الفنية ', '', '');
INSERT INTO `lk9v6_users` (`name`, `email`, `usertype`) VALUES ('عبير ابراهيم علي ابراهيم ', '', 'الخريجين');
INSERT INTO `lk9v6_alumni_main` (`id`, `user_id`, `approved`) VALUES (239657, 239657, 1);
INSERT INTO `lk9v6_alumni_data` (`alumni_id`, `graduation_year`, `fid`, `job`, `address`, `city`, `country`, `phone`, `gid`, `mobile`, `nationalnumber`, `department`, `division`, `with_honor`) VALUES (239657, 2007, '23', '', '', '', '', '', '', '', '', 'التربية الفنية ', '', '');
INSERT INTO `lk9v6_users` (`name`, `email`, `usertype`) VALUES ('غادة عون حامد موسي حسين', '', 'الخريجين');
INSERT INTO `lk9v6_alumni_main` (`id`, `user_id`, `approved`) VALUES (239658, 239658, 1);
INSERT INTO `lk9v6_alumni_data` (`alumni_id`, `graduation_year`, `fid`, `job`, `address`, `city`, `country`, `phone`, `gid`, `mobile`, `nationalnumber`, `department`, `division`, `with_honor`) VALUES (239658, 2007, '23', '', '', '', '', '', '', '', '', 'التربية الفنية ', '', '');
INSERT INTO `lk9v6_users` (`name`, `email`, `usertype`) VALUES ('لمياء صبحي ابراهيم عبد القادر محمد', '', 'الخريجين');
INSERT INTO `lk9v6_alumni_main` (`id`, `user_id`, `approved`) VALUES (239659, 239659, 1);
INSERT INTO `lk9v6_alumni_data` (`alumni_id`, `graduation_year`, `fid`, `job`, `address`, `city`, `country`, `phone`, `gid`, `mobile`, `nationalnumber`, `department`, `division`, `with_honor`) VALUES (239659, 2007, '23', '', '', '', '', '', '', '', '', 'التربية الفنية ', '', '');
INSERT INTO `lk9v6_users` (`name`, `email`, `usertype`) VALUES ('مروة السيد عبد الرازق السيد عطية', '', 'الخريجين');
INSERT INTO `lk9v6_alumni_main` (`id`, `user_id`, `approved`) VALUES (239660, 239660, 1);
INSERT INTO `lk9v6_alumni_data` (`alumni_id`, `graduation_year`, `fid`, `job`, `address`, `city`, `country`, `phone`, `gid`, `mobile`, `nationalnumber`, `department`, `division`, `with_honor`) VALUES (239660, 2007, '23', '', '', '', '', '', '', '', '', 'التربية الفنية ', '', '');
INSERT INTO `lk9v6_users` (`name`, `email`, `usertype`) VALUES ('مروة جابر أبو العنين محمد خميس', '', 'الخريجين');
INSERT INTO `lk9v6_alumni_main` (`id`, `user_id`, `approved`) VALUES (239661, 239661, 1);
INSERT INTO `lk9v6_alumni_data` (`alumni_id`, `graduation_year`, `fid`, `job`, `address`, `city`, `country`, `phone`, `gid`, `mobile`, `nationalnumber`, `department`, `division`, `with_honor`) VALUES (239661, 2007, '23', '', '', '', '', '', '', '', '', 'التربية الفنية ', '', '');
INSERT INTO `lk9v6_users` (`name`, `email`, `usertype`) VALUES ('مروة محمد بكر الطنطاوي ', '', 'الخريجين');
INSERT INTO `lk9v6_alumni_main` (`id`, `user_id`, `approved`) VALUES (239662, 239662, 1);
INSERT INTO `lk9v6_alumni_data` (`alumni_id`, `graduation_year`, `fid`, `job`, `address`, `city`, `country`, `phone`, `gid`, `mobile`, `nationalnumber`, `department`, `division`, `with_honor`) VALUES (239662, 2007, '23', '', '', '', '', '', '', '', '', 'التربية الفنية ', '', '');
INSERT INTO `lk9v6_users` (`name`, `email`, `usertype`) VALUES ('مروة مدحت محمد رمزي عبد الحميد', '', 'الخريجين');
INSERT INTO `lk9v6_alumni_main` (`id`, `user_id`, `approved`) VALUES (239663, 239663, 1);
INSERT INTO `lk9v6_alumni_data` (`alumni_id`, `graduation_year`, `fid`, `job`, `address`, `city`, `country`, `phone`, `gid`, `mobile`, `nationalnumber`, `department`, `division`, `with_honor`) VALUES (239663, 2007, '23', '', '', '', '', '', '', '', '', 'التربية الفنية ', '', '');
INSERT INTO `lk9v6_users` (`name`, `email`, `usertype`) VALUES ('مريان صابر عبد السيد عطا', '', 'الخريجين');
INSERT INTO `lk9v6_alumni_main` (`id`, `user_id`, `approved`) VALUES (239664, 239664, 1);
INSERT INTO `lk9v6_alumni_data` (`alumni_id`, `graduation_year`, `fid`, `job`, `address`, `city`, `country`, `phone`, `gid`, `mobile`, `nationalnumber`, `department`, `division`, `with_honor`) VALUES (239664, 2007, '23', '', '', '', '', '', '', '', '', 'التربية الفنية ', '', '');
INSERT INTO `lk9v6_users` (`name`, `email`, `usertype`) VALUES ('مي جابر أبو العنين محمد خميس ', '', 'الخريجين');
INSERT INTO `lk9v6_alumni_main` (`id`, `user_id`, `approved`) VALUES (239665, 239665, 1);
INSERT INTO `lk9v6_alumni_data` (`alumni_id`, `graduation_year`, `fid`, `job`, `address`, `city`, `country`, `phone`, `gid`, `mobile`, `nationalnumber`, `department`, `division`, `with_honor`) VALUES (239665, 2007, '23', '', '', '', '', '', '', '', '', 'التربية الفنية ', '', '');
INSERT INTO `lk9v6_users` (`name`, `email`, `usertype`) VALUES ('مي محمد فرج محمود عبد النبي ', '', 'الخريجين');
INSERT INTO `lk9v6_alumni_main` (`id`, `user_id`, `approved`) VALUES (239666, 239666, 1);
INSERT INTO `lk9v6_alumni_data` (`alumni_id`, `graduation_year`, `fid`, `job`, `address`, `city`, `country`, `phone`, `gid`, `mobile`, `nationalnumber`, `department`, `division`, `with_honor`) VALUES (239666, 2007, '23', '', '', '', '', '', '', '', '', 'التربية الفنية ', '', '');
INSERT INTO `lk9v6_users` (`name`, `email`, `usertype`) VALUES ('مينا فهيم حنا سليمان', '', 'الخريجين');
INSERT INTO `lk9v6_alumni_main` (`id`, `user_id`, `approved`) VALUES (239667, 239667, 1);
INSERT INTO `lk9v6_alumni_data` (`alumni_id`, `graduation_year`, `fid`, `job`, `address`, `city`, `country`, `phone`, `gid`, `mobile`, `nationalnumber`, `department`, `division`, `with_honor`) VALUES (239667, 2007, '23', '', '', '', '', '', '', '', '', 'التربية الفنية ', '', '');
INSERT INTO `lk9v6_users` (`name`, `email`, `usertype`) VALUES ('ندي عادل عبد السلام محمد سالم', '', 'الخريجين');
INSERT INTO `lk9v6_alumni_main` (`id`, `user_id`, `approved`) VALUES (239668, 239668, 1);
INSERT INTO `lk9v6_alumni_data` (`alumni_id`, `graduation_year`, `fid`, `job`, `address`, `city`, `country`, `phone`, `gid`, `mobile`, `nationalnumber`, `department`, `division`, `with_honor`) VALUES (239668, 2007, '23', '', '', '', '', '', '', '', '', 'التربية الفنية ', '', '');
INSERT INTO `lk9v6_users` (`name`, `email`, `usertype`) VALUES ('نسمة محمود السيد محمد', '', 'الخريجين');
INSERT INTO `lk9v6_alumni_main` (`id`, `user_id`, `approved`) VALUES (239669, 239669, 1);
INSERT INTO `lk9v6_alumni_data` (`alumni_id`, `graduation_year`, `fid`, `job`, `address`, `city`, `country`, `phone`, `gid`, `mobile`, `nationalnumber`, `department`, `division`, `with_honor`) VALUES (239669, 2007, '23', '', '', '', '', '', '', '', '', 'التربية الفنية ', '', '');
INSERT INTO `lk9v6_users` (`name`, `email`, `usertype`) VALUES ('نهي عبد الحفيظ أحمد محمد عمر', '', 'الخريجين');
INSERT INTO `lk9v6_alumni_main` (`id`, `user_id`, `approved`) VALUES (239670, 239670, 1);
INSERT INTO `lk9v6_alumni_data` (`alumni_id`, `graduation_year`, `fid`, `job`, `address`, `city`, `country`, `phone`, `gid`, `mobile`, `nationalnumber`, `department`, `division`, `with_honor`) VALUES (239670, 2007, '23', '', '', '', '', '', '', '', '', 'التربية الفنية ', '', '');
INSERT INTO `lk9v6_users` (`name`, `email`, `usertype`) VALUES ('نهي محمد عبد البر سيف الدين', '', 'الخريجين');
INSERT INTO `lk9v6_alumni_main` (`id`, `user_id`, `approved`) VALUES (239671, 239671, 1);
INSERT INTO `lk9v6_alumni_data` (`alumni_id`, `graduation_year`, `fid`, `job`, `address`, `city`, `country`, `phone`, `gid`, `mobile`, `nationalnumber`, `department`, `division`, `with_honor`) VALUES (239671, 2007, '23', '', '', '', '', '', '', '', '', 'التربية الفنية ', '', '');
INSERT INTO `lk9v6_users` (`name`, `email`, `usertype`) VALUES ('هالة أحمد عبد الحميد سعد الله', '', 'الخريجين');
INSERT INTO `lk9v6_alumni_main` (`id`, `user_id`, `approved`) VALUES (239672, 239672, 1);
INSERT INTO `lk9v6_alumni_data` (`alumni_id`, `graduation_year`, `fid`, `job`, `address`, `city`, `country`, `phone`, `gid`, `mobile`, `nationalnumber`, `department`, `division`, `with_honor`) VALUES (239672, 2007, '23', '', '', '', '', '', '', '', '', 'التربية الفنية ', '', '');
INSERT INTO `lk9v6_users` (`name`, `email`, `usertype`) VALUES ('هايدي عزت علي رمضان ', '', 'الخريجين');
INSERT INTO `lk9v6_alumni_main` (`id`, `user_id`, `approved`) VALUES (239673, 239673, 1);
INSERT INTO `lk9v6_alumni_data` (`alumni_id`, `graduation_year`, `fid`, `job`, `address`, `city`, `country`, `phone`, `gid`, `mobile`, `nationalnumber`, `department`, `division`, `with_honor`) VALUES (239673, 2007, '23', '', '', '', '', '', '', '', '', 'التربية الفنية ', '', '');
INSERT INTO `lk9v6_users` (`name`, `email`, `usertype`) VALUES ('هبة أحمد ابراهيم غانم درويش', '', 'الخريجين');
INSERT INTO `lk9v6_alumni_main` (`id`, `user_id`, `approved`) VALUES (239674, 239674, 1);
INSERT INTO `lk9v6_alumni_data` (`alumni_id`, `graduation_year`, `fid`, `job`, `address`, `city`, `country`, `phone`, `gid`, `mobile`, `nationalnumber`, `department`, `division`, `with_honor`) VALUES (239674, 2007, '23', '', '', '', '', '', '', '', '', 'التربية الفنية ', '', '');
INSERT INTO `lk9v6_users` (`name`, `email`, `usertype`) VALUES ('هبة الفريد بنيامين سعيد فلتس ', '', 'الخريجين');
INSERT INTO `lk9v6_alumni_main` (`id`, `user_id`, `approved`) VALUES (239675, 239675, 1);
INSERT INTO `lk9v6_alumni_data` (`alumni_id`, `graduation_year`, `fid`, `job`, `address`, `city`, `country`, `phone`, `gid`, `mobile`, `nationalnumber`, `department`, `division`, `with_honor`) VALUES (239675, 2007, '23', '', '', '', '', '', '', '', '', 'التربية الفنية ', '', '');
INSERT INTO `lk9v6_users` (`name`, `email`, `usertype`) VALUES ('هبة حمدي محمد سلامة', '', 'الخريجين');
INSERT INTO `lk9v6_alumni_main` (`id`, `user_id`, `approved`) VALUES (239676, 239676, 1);
INSERT INTO `lk9v6_alumni_data` (`alumni_id`, `graduation_year`, `fid`, `job`, `address`, `city`, `country`, `phone`, `gid`, `mobile`, `nationalnumber`, `department`, `division`, `with_honor`) VALUES (239676, 2007, '23', '', '', '', '', '', '', '', '', 'التربية الفنية ', '', '');
INSERT INTO `lk9v6_users` (`name`, `email`, `usertype`) VALUES ('هبة محمد عبد النبي أنيس ', '', 'الخريجين');
INSERT INTO `lk9v6_alumni_main` (`id`, `user_id`, `approved`) VALUES (239677, 239677, 1);
INSERT INTO `lk9v6_alumni_data` (`alumni_id`, `graduation_year`, `fid`, `job`, `address`, `city`, `country`, `phone`, `gid`, `mobile`, `nationalnumber`, `department`, `division`, `with_honor`) VALUES (239677, 2007, '23', '', '', '', '', '', '', '', '', 'التربية الفنية ', '', '');
INSERT INTO `lk9v6_users` (`name`, `email`, `usertype`) VALUES ('هبة محمد مصطفي عبد التوار محمد ', '', 'الخريجين');
INSERT INTO `lk9v6_alumni_main` (`id`, `user_id`, `approved`) VALUES (239678, 239678, 1);
INSERT INTO `lk9v6_alumni_data` (`alumni_id`, `graduation_year`, `fid`, `job`, `address`, `city`, `country`, `phone`, `gid`, `mobile`, `nationalnumber`, `department`, `division`, `with_honor`) VALUES (239678, 2007, '23', '', '', '', '', '', '', '', '', 'التربية الفنية ', '', '');
INSERT INTO `lk9v6_users` (`name`, `email`, `usertype`) VALUES ('هند سعد محمود عبد السلام', '', 'الخريجين');
INSERT INTO `lk9v6_alumni_main` (`id`, `user_id`, `approved`) VALUES (239679, 239679, 1);
INSERT INTO `lk9v6_alumni_data` (`alumni_id`, `graduation_year`, `fid`, `job`, `address`, `city`, `country`, `phone`, `gid`, `mobile`, `nationalnumber`, `department`, `division`, `with_honor`) VALUES (239679, 2007, '23', '', '', '', '', '', '', '', '', 'التربية الفنية ', '', '');
INSERT INTO `lk9v6_users` (`name`, `email`, `usertype`) VALUES ('وسام صابر فؤاد ابراهيم أبو عيانة ', '', 'الخريجين');
INSERT INTO `lk9v6_alumni_main` (`id`, `user_id`, `approved`) VALUES (239680, 239680, 1);
INSERT INTO `lk9v6_alumni_data` (`alumni_id`, `graduation_year`, `fid`, `job`, `address`, `city`, `country`, `phone`, `gid`, `mobile`, `nationalnumber`, `department`, `division`, `with_honor`) VALUES (239680, 2007, '23', '', '', '', '', '', '', '', '', 'التربية الفنية ', '', '');
INSERT INTO `lk9v6_users` (`name`, `email`, `usertype`) VALUES ('أحمد محمد صلاح كامل فراج', '', 'الخريجين');
INSERT INTO `lk9v6_alumni_main` (`id`, `user_id`, `approved`) VALUES (239681, 239681, 1);
INSERT INTO `lk9v6_alumni_data` (`alumni_id`, `graduation_year`, `fid`, `job`, `address`, `city`, `country`, `phone`, `gid`, `mobile`, `nationalnumber`, `department`, `division`, `with_honor`) VALUES (239681, 2007, '23', '', '', '', '', '', '', '', '', 'التربية الفنية ', '', '');
INSERT INTO `lk9v6_users` (`name`, `email`, `usertype`) VALUES ('أسماء جابر محمد شبل ', '', 'الخريجين');
INSERT INTO `lk9v6_alumni_main` (`id`, `user_id`, `approved`) VALUES (239682, 239682, 1);
INSERT INTO `lk9v6_alumni_data` (`alumni_id`, `graduation_year`, `fid`, `job`, `address`, `city`, `country`, `phone`, `gid`, `mobile`, `nationalnumber`, `department`, `division`, `with_honor`) VALUES (239682, 2007, '23', '', '', '', '', '', '', '', '', 'التربية الفنية ', '', '');
INSERT INTO `lk9v6_users` (`name`, `email`, `usertype`) VALUES ('أسماء شوقي علي السيد', '', 'الخريجين');
INSERT INTO `lk9v6_alumni_main` (`id`, `user_id`, `approved`) VALUES (239683, 239683, 1);
INSERT INTO `lk9v6_alumni_data` (`alumni_id`, `graduation_year`, `fid`, `job`, `address`, `city`, `country`, `phone`, `gid`, `mobile`, `nationalnumber`, `department`, `division`, `with_honor`) VALUES (239683, 2007, '23', '', '', '', '', '', '', '', '', 'التربية الفنية ', '', '');
INSERT INTO `lk9v6_users` (`name`, `email`, `usertype`) VALUES ('أسماء عاطف عبد القوي حرفوش', '', 'الخريجين');
INSERT INTO `lk9v6_alumni_main` (`id`, `user_id`, `approved`) VALUES (239684, 239684, 1);
INSERT INTO `lk9v6_alumni_data` (`alumni_id`, `graduation_year`, `fid`, `job`, `address`, `city`, `country`, `phone`, `gid`, `mobile`, `nationalnumber`, `department`, `division`, `with_honor`) VALUES (239684, 2007, '23', '', '', '', '', '', '', '', '', 'التربية الفنية ', '', '');
INSERT INTO `lk9v6_users` (`name`, `email`, `usertype`) VALUES ('أسماء عبد العاطي أحمد كسبة ', '', 'الخريجين');
INSERT INTO `lk9v6_alumni_main` (`id`, `user_id`, `approved`) VALUES (239685, 239685, 1);
INSERT INTO `lk9v6_alumni_data` (`alumni_id`, `graduation_year`, `fid`, `job`, `address`, `city`, `country`, `phone`, `gid`, `mobile`, `nationalnumber`, `department`, `division`, `with_honor`) VALUES (239685, 2007, '23', '', '', '', '', '', '', '', '', 'التربية الفنية ', '', '');
INSERT INTO `lk9v6_users` (`name`, `email`, `usertype`) VALUES ('آلاء مصطفي عبد الهادي حداد', '', 'الخريجين');
INSERT INTO `lk9v6_alumni_main` (`id`, `user_id`, `approved`) VALUES (239686, 239686, 1);
INSERT INTO `lk9v6_alumni_data` (`alumni_id`, `graduation_year`, `fid`, `job`, `address`, `city`, `country`, `phone`, `gid`, `mobile`, `nationalnumber`, `department`, `division`, `with_honor`) VALUES (239686, 2007, '23', '', '', '', '', '', '', '', '', 'التربية الفنية ', '', '');
INSERT INTO `lk9v6_users` (`name`, `email`, `usertype`) VALUES ('الهام محمد ابراهيم عبد الرحمن عثمان', '', 'الخريجين');
INSERT INTO `lk9v6_alumni_main` (`id`, `user_id`, `approved`) VALUES (239687, 239687, 1);
INSERT INTO `lk9v6_alumni_data` (`alumni_id`, `graduation_year`, `fid`, `job`, `address`, `city`, `country`, `phone`, `gid`, `mobile`, `nationalnumber`, `department`, `division`, `with_honor`) VALUES (239687, 2007, '23', '', '', '', '', '', '', '', '', 'التربية الفنية ', '', '');
INSERT INTO `lk9v6_users` (`name`, `email`, `usertype`) VALUES ('آمال فتحي عبد الحميد أبو زيد', '', 'الخريجين');
INSERT INTO `lk9v6_alumni_main` (`id`, `user_id`, `approved`) VALUES (239688, 239688, 1);
INSERT INTO `lk9v6_alumni_data` (`alumni_id`, `graduation_year`, `fid`, `job`, `address`, `city`, `country`, `phone`, `gid`, `mobile`, `nationalnumber`, `department`, `division`, `with_honor`) VALUES (239688, 2007, '23', '', '', '', '', '', '', '', '', 'التربية الفنية ', '', '');
INSERT INTO `lk9v6_users` (`name`, `email`, `usertype`) VALUES ('أماني فؤاد محمد محمد الصايغ', '', 'الخريجين');
INSERT INTO `lk9v6_alumni_main` (`id`, `user_id`, `approved`) VALUES (239689, 239689, 1);
INSERT INTO `lk9v6_alumni_data` (`alumni_id`, `graduation_year`, `fid`, `job`, `address`, `city`, `country`, `phone`, `gid`, `mobile`, `nationalnumber`, `department`, `division`, `with_honor`) VALUES (239689, 2007, '23', '', '', '', '', '', '', '', '', 'التربية الفنية ', '', '');
INSERT INTO `lk9v6_users` (`name`, `email`, `usertype`) VALUES ('أماني محمد ناجي خليل أحمد خليل ', '', 'الخريجين');
INSERT INTO `lk9v6_alumni_main` (`id`, `user_id`, `approved`) VALUES (239690, 239690, 1);
INSERT INTO `lk9v6_alumni_data` (`alumni_id`, `graduation_year`, `fid`, `job`, `address`, `city`, `country`, `phone`, `gid`, `mobile`, `nationalnumber`, `department`, `division`, `with_honor`) VALUES (239690, 2007, '23', '', '', '', '', '', '', '', '', 'التربية الفنية ', '', '');
INSERT INTO `lk9v6_users` (`name`, `email`, `usertype`) VALUES ('أمنية أحمد عبد الحميد غريب', '', 'الخريجين');
INSERT INTO `lk9v6_alumni_main` (`id`, `user_id`, `approved`) VALUES (239691, 239691, 1);
INSERT INTO `lk9v6_alumni_data` (`alumni_id`, `graduation_year`, `fid`, `job`, `address`, `city`, `country`, `phone`, `gid`, `mobile`, `nationalnumber`, `department`, `division`, `with_honor`) VALUES (239691, 2007, '23', '', '', '', '', '', '', '', '', 'التربية الفنية ', '', '');
INSERT INTO `lk9v6_users` (`name`, `email`, `usertype`) VALUES ('أمنية محمد عبدة عبد الواحد علاء الدين', '', 'الخريجين');
INSERT INTO `lk9v6_alumni_main` (`id`, `user_id`, `approved`) VALUES (239692, 239692, 1);
INSERT INTO `lk9v6_alumni_data` (`alumni_id`, `graduation_year`, `fid`, `job`, `address`, `city`, `country`, `phone`, `gid`, `mobile`, `nationalnumber`, `department`, `division`, `with_honor`) VALUES (239692, 2007, '23', '', '', '', '', '', '', '', '', 'التربية الفنية ', '', '');
INSERT INTO `lk9v6_users` (`name`, `email`, `usertype`) VALUES ('أنجي المغاوري محمد علي المصري ', '', 'الخريجين');
INSERT INTO `lk9v6_alumni_main` (`id`, `user_id`, `approved`) VALUES (239693, 239693, 1);
INSERT INTO `lk9v6_alumni_data` (`alumni_id`, `graduation_year`, `fid`, `job`, `address`, `city`, `country`, `phone`, `gid`, `mobile`, `nationalnumber`, `department`, `division`, `with_honor`) VALUES (239693, 2007, '23', '', '', '', '', '', '', '', '', 'التربية الفنية ', '', '');
INSERT INTO `lk9v6_users` (`name`, `email`, `usertype`) VALUES ('ايمان أحمد محمد السيد', '', 'الخريجين');
INSERT INTO `lk9v6_alumni_main` (`id`, `user_id`, `approved`) VALUES (239694, 239694, 1);
INSERT INTO `lk9v6_alumni_data` (`alumni_id`, `graduation_year`, `fid`, `job`, `address`, `city`, `country`, `phone`, `gid`, `mobile`, `nationalnumber`, `department`, `division`, `with_honor`) VALUES (239694, 2007, '23', '', '', '', '', '', '', '', '', 'التربية الفنية ', '', '');
INSERT INTO `lk9v6_users` (`name`, `email`, `usertype`) VALUES ('ايمان سعد محمود علي سعد', '', 'الخريجين');
INSERT INTO `lk9v6_alumni_main` (`id`, `user_id`, `approved`) VALUES (239695, 239695, 1);
INSERT INTO `lk9v6_alumni_data` (`alumni_id`, `graduation_year`, `fid`, `job`, `address`, `city`, `country`, `phone`, `gid`, `mobile`, `nationalnumber`, `department`, `division`, `with_honor`) VALUES (239695, 2007, '23', '', '', '', '', '', '', '', '', 'التربية الفنية ', '', '');
INSERT INTO `lk9v6_users` (`name`, `email`, `usertype`) VALUES ('ايمان علي عطية عبد العليم السحرتي ', '', 'الخريجين');
INSERT INTO `lk9v6_alumni_main` (`id`, `user_id`, `approved`) VALUES (239696, 239696, 1);
INSERT INTO `lk9v6_alumni_data` (`alumni_id`, `graduation_year`, `fid`, `job`, `address`, `city`, `country`, `phone`, `gid`, `mobile`, `nationalnumber`, `department`, `division`, `with_honor`) VALUES (239696, 2007, '23', '', '', '', '', '', '', '', '', 'التربية الفنية ', '', '');
INSERT INTO `lk9v6_users` (`name`, `email`, `usertype`) VALUES ('ايمان فؤاد عبد الصمد محمد', '', 'الخريجين');
INSERT INTO `lk9v6_alumni_main` (`id`, `user_id`, `approved`) VALUES (239697, 239697, 1);
INSERT INTO `lk9v6_alumni_data` (`alumni_id`, `graduation_year`, `fid`, `job`, `address`, `city`, `country`, `phone`, `gid`, `mobile`, `nationalnumber`, `department`, `division`, `with_honor`) VALUES (239697, 2007, '23', '', '', '', '', '', '', '', '', 'التربية الفنية ', '', '');
INSERT INTO `lk9v6_users` (`name`, `email`, `usertype`) VALUES ('ايمان ماجدي عبد الحافظ ابو هاشم ', '', 'الخريجين');
INSERT INTO `lk9v6_alumni_main` (`id`, `user_id`, `approved`) VALUES (239698, 239698, 1);
INSERT INTO `lk9v6_alumni_data` (`alumni_id`, `graduation_year`, `fid`, `job`, `address`, `city`, `country`, `phone`, `gid`, `mobile`, `nationalnumber`, `department`, `division`, `with_honor`) VALUES (239698, 2007, '23', '', '', '', '', '', '', '', '', 'التربية الفنية ', '', '');
INSERT INTO `lk9v6_users` (`name`, `email`, `usertype`) VALUES ('باسنت مرعي يونس محمد مرعي', '', 'الخريجين');
INSERT INTO `lk9v6_alumni_main` (`id`, `user_id`, `approved`) VALUES (239699, 239699, 1);
INSERT INTO `lk9v6_alumni_data` (`alumni_id`, `graduation_year`, `fid`, `job`, `address`, `city`, `country`, `phone`, `gid`, `mobile`, `nationalnumber`, `department`, `division`, `with_honor`) VALUES (239699, 2007, '23', '', '', '', '', '', '', '', '', 'التربية الفنية ', '', '');
INSERT INTO `lk9v6_users` (`name`, `email`, `usertype`) VALUES ('بسمة أحمد فتحي حامد احمد', '', 'الخريجين');
INSERT INTO `lk9v6_alumni_main` (`id`, `user_id`, `approved`) VALUES (239700, 239700, 1);
INSERT INTO `lk9v6_alumni_data` (`alumni_id`, `graduation_year`, `fid`, `job`, `address`, `city`, `country`, `phone`, `gid`, `mobile`, `nationalnumber`, `department`, `division`, `with_honor`) VALUES (239700, 2007, '23', '', '', '', '', '', '', '', '', 'التربية الفنية ', '', '');
INSERT INTO `lk9v6_users` (`name`, `email`, `usertype`) VALUES ('بسمة صبحي اسماعيل محمد خورشيد', '', 'الخريجين');
INSERT INTO `lk9v6_alumni_main` (`id`, `user_id`, `approved`) VALUES (239701, 239701, 1);
INSERT INTO `lk9v6_alumni_data` (`alumni_id`, `graduation_year`, `fid`, `job`, `address`, `city`, `country`, `phone`, `gid`, `mobile`, `nationalnumber`, `department`, `division`, `with_honor`) VALUES (239701, 2007, '23', '', '', '', '', '', '', '', '', 'التربية الفنية ', '', '');
INSERT INTO `lk9v6_users` (`name`, `email`, `usertype`) VALUES ('بسمة صبري عبد الجواد بدوي', '', 'الخريجين');
INSERT INTO `lk9v6_alumni_main` (`id`, `user_id`, `approved`) VALUES (239702, 239702, 1);
INSERT INTO `lk9v6_alumni_data` (`alumni_id`, `graduation_year`, `fid`, `job`, `address`, `city`, `country`, `phone`, `gid`, `mobile`, `nationalnumber`, `department`, `division`, `with_honor`) VALUES (239702, 2007, '23', '', '', '', '', '', '', '', '', 'التربية الفنية ', '', '');
INSERT INTO `lk9v6_users` (`name`, `email`, `usertype`) VALUES ('بسمة عاطف صلاح عوض', '', 'الخريجين');
INSERT INTO `lk9v6_alumni_main` (`id`, `user_id`, `approved`) VALUES (239703, 239703, 1);
INSERT INTO `lk9v6_alumni_data` (`alumni_id`, `graduation_year`, `fid`, `job`, `address`, `city`, `country`, `phone`, `gid`, `mobile`, `nationalnumber`, `department`, `division`, `with_honor`) VALUES (239703, 2007, '23', '', '', '', '', '', '', '', '', 'التربية الفنية ', '', '');
INSERT INTO `lk9v6_users` (`name`, `email`, `usertype`) VALUES ('بسمة عبد المنعم عبد العظيم عوض', '', 'الخريجين');
INSERT INTO `lk9v6_alumni_main` (`id`, `user_id`, `approved`) VALUES (239704, 239704, 1);
INSERT INTO `lk9v6_alumni_data` (`alumni_id`, `graduation_year`, `fid`, `job`, `address`, `city`, `country`, `phone`, `gid`, `mobile`, `nationalnumber`, `department`, `division`, `with_honor`) VALUES (239704, 2007, '23', '', '', '', '', '', '', '', '', 'التربية الفنية ', '', '');
INSERT INTO `lk9v6_users` (`name`, `email`, `usertype`) VALUES ('جانيت ابراهيم نمر ذكي ', '', 'الخريجين');
INSERT INTO `lk9v6_alumni_main` (`id`, `user_id`, `approved`) VALUES (239705, 239705, 1);
INSERT INTO `lk9v6_alumni_data` (`alumni_id`, `graduation_year`, `fid`, `job`, `address`, `city`, `country`, `phone`, `gid`, `mobile`, `nationalnumber`, `department`, `division`, `with_honor`) VALUES (239705, 2007, '23', '', '', '', '', '', '', '', '', 'التربية الفنية ', '', '');
INSERT INTO `lk9v6_users` (`name`, `email`, `usertype`) VALUES ('جوي صفوت وليم حشمت', '', 'الخريجين');
INSERT INTO `lk9v6_alumni_main` (`id`, `user_id`, `approved`) VALUES (239706, 239706, 1);
INSERT INTO `lk9v6_alumni_data` (`alumni_id`, `graduation_year`, `fid`, `job`, `address`, `city`, `country`, `phone`, `gid`, `mobile`, `nationalnumber`, `department`, `division`, `with_honor`) VALUES (239706, 2007, '23', '', '', '', '', '', '', '', '', 'التربية الفنية ', '', '');
INSERT INTO `lk9v6_users` (`name`, `email`, `usertype`) VALUES ('جيلان سيد احمد ابراهيم علي ', '', 'الخريجين');
INSERT INTO `lk9v6_alumni_main` (`id`, `user_id`, `approved`) VALUES (239707, 239707, 1);
INSERT INTO `lk9v6_alumni_data` (`alumni_id`, `graduation_year`, `fid`, `job`, `address`, `city`, `country`, `phone`, `gid`, `mobile`, `nationalnumber`, `department`, `division`, `with_honor`) VALUES (239707, 2007, '23', '', '', '', '', '', '', '', '', 'التربية الفنية ', '', '');
INSERT INTO `lk9v6_users` (`name`, `email`, `usertype`) VALUES ('حنان محمد جابر أحمد حسين', '', 'الخريجين');
INSERT INTO `lk9v6_alumni_main` (`id`, `user_id`, `approved`) VALUES (239708, 239708, 1);
INSERT INTO `lk9v6_alumni_data` (`alumni_id`, `graduation_year`, `fid`, `job`, `address`, `city`, `country`, `phone`, `gid`, `mobile`, `nationalnumber`, `department`, `division`, `with_honor`) VALUES (239708, 2007, '23', '', '', '', '', '', '', '', '', 'التربية الفنية ', '', '');
INSERT INTO `lk9v6_users` (`name`, `email`, `usertype`) VALUES ('خلود هشام محمد حلمي محمود قابيل ', '', 'الخريجين');
INSERT INTO `lk9v6_alumni_main` (`id`, `user_id`, `approved`) VALUES (239709, 239709, 1);
INSERT INTO `lk9v6_alumni_data` (`alumni_id`, `graduation_year`, `fid`, `job`, `address`, `city`, `country`, `phone`, `gid`, `mobile`, `nationalnumber`, `department`, `division`, `with_honor`) VALUES (239709, 2007, '23', '', '', '', '', '', '', '', '', 'التربية الفنية ', '', '');
INSERT INTO `lk9v6_users` (`name`, `email`, `usertype`) VALUES ('داليا عادل السيد محمد المصري ', '', 'الخريجين');
INSERT INTO `lk9v6_alumni_main` (`id`, `user_id`, `approved`) VALUES (239710, 239710, 1);
INSERT INTO `lk9v6_alumni_data` (`alumni_id`, `graduation_year`, `fid`, `job`, `address`, `city`, `country`, `phone`, `gid`, `mobile`, `nationalnumber`, `department`, `division`, `with_honor`) VALUES (239710, 2007, '23', '', '', '', '', '', '', '', '', 'التربية الفنية ', '', '');
INSERT INTO `lk9v6_users` (`name`, `email`, `usertype`) VALUES ('دعاء أحمد محمد علي سليمة', '', 'الخريجين');
INSERT INTO `lk9v6_alumni_main` (`id`, `user_id`, `approved`) VALUES (239711, 239711, 1);
INSERT INTO `lk9v6_alumni_data` (`alumni_id`, `graduation_year`, `fid`, `job`, `address`, `city`, `country`, `phone`, `gid`, `mobile`, `nationalnumber`, `department`, `division`, `with_honor`) VALUES (239711, 2007, '23', '', '', '', '', '', '', '', '', 'التربية الفنية ', '', '');
INSERT INTO `lk9v6_users` (`name`, `email`, `usertype`) VALUES ('دعاء بدير أحمد عيد', '', 'الخريجين');
INSERT INTO `lk9v6_alumni_main` (`id`, `user_id`, `approved`) VALUES (239712, 239712, 1);
INSERT INTO `lk9v6_alumni_data` (`alumni_id`, `graduation_year`, `fid`, `job`, `address`, `city`, `country`, `phone`, `gid`, `mobile`, `nationalnumber`, `department`, `division`, `with_honor`) VALUES (239712, 2007, '23', '', '', '', '', '', '', '', '', 'التربية الفنية ', '', '');
INSERT INTO `lk9v6_users` (`name`, `email`, `usertype`) VALUES ('دعاء رمضان عبد المجيد عباس عدوي', '', 'الخريجين');
INSERT INTO `lk9v6_alumni_main` (`id`, `user_id`, `approved`) VALUES (239713, 239713, 1);
INSERT INTO `lk9v6_alumni_data` (`alumni_id`, `graduation_year`, `fid`, `job`, `address`, `city`, `country`, `phone`, `gid`, `mobile`, `nationalnumber`, `department`, `division`, `with_honor`) VALUES (239713, 2007, '23', '', '', '', '', '', '', '', '', 'التربية الفنية ', '', '');
INSERT INTO `lk9v6_users` (`name`, `email`, `usertype`) VALUES ('دينا سمير محمود حافظ عبد النبي', '', 'الخريجين');
INSERT INTO `lk9v6_alumni_main` (`id`, `user_id`, `approved`) VALUES (239714, 239714, 1);
INSERT INTO `lk9v6_alumni_data` (`alumni_id`, `graduation_year`, `fid`, `job`, `address`, `city`, `country`, `phone`, `gid`, `mobile`, `nationalnumber`, `department`, `division`, `with_honor`) VALUES (239714, 2007, '23', '', '', '', '', '', '', '', '', 'التربية الفنية ', '', '');
INSERT INTO `lk9v6_users` (`name`, `email`, `usertype`) VALUES ('دينا أحمد ابراهيم حافظ ابراهيم ', '', 'الخريجين');
INSERT INTO `lk9v6_alumni_main` (`id`, `user_id`, `approved`) VALUES (239715, 239715, 1);
INSERT INTO `lk9v6_alumni_data` (`alumni_id`, `graduation_year`, `fid`, `job`, `address`, `city`, `country`, `phone`, `gid`, `mobile`, `nationalnumber`, `department`, `division`, `with_honor`) VALUES (239715, 2007, '23', '', '', '', '', '', '', '', '', 'التربية الفنية ', '', '');
INSERT INTO `lk9v6_users` (`name`, `email`, `usertype`) VALUES ('دينا مصطفي محفوظ محمد سليم ', '', 'الخريجين');
INSERT INTO `lk9v6_alumni_main` (`id`, `user_id`, `approved`) VALUES (239716, 239716, 1);
INSERT INTO `lk9v6_alumni_data` (`alumni_id`, `graduation_year`, `fid`, `job`, `address`, `city`, `country`, `phone`, `gid`, `mobile`, `nationalnumber`, `department`, `division`, `with_honor`) VALUES (239716, 2007, '23', '', '', '', '', '', '', '', '', 'التربية الفنية ', '', '');
INSERT INTO `lk9v6_users` (`name`, `email`, `usertype`) VALUES ('رباب علي محمود سيد أحمد', '', 'الخريجين');
INSERT INTO `lk9v6_alumni_main` (`id`, `user_id`, `approved`) VALUES (239717, 239717, 1);
INSERT INTO `lk9v6_alumni_data` (`alumni_id`, `graduation_year`, `fid`, `job`, `address`, `city`, `country`, `phone`, `gid`, `mobile`, `nationalnumber`, `department`, `division`, `with_honor`) VALUES (239717, 2007, '23', '', '', '', '', '', '', '', '', 'التربية الفنية ', '', '');
INSERT INTO `lk9v6_users` (`name`, `email`, `usertype`) VALUES ('رضوي طارق محمد حسين ', '', 'الخريجين');
INSERT INTO `lk9v6_alumni_main` (`id`, `user_id`, `approved`) VALUES (239718, 239718, 1);
INSERT INTO `lk9v6_alumni_data` (`alumni_id`, `graduation_year`, `fid`, `job`, `address`, `city`, `country`, `phone`, `gid`, `mobile`, `nationalnumber`, `department`, `division`, `with_honor`) VALUES (239718, 2007, '23', '', '', '', '', '', '', '', '', 'التربية الفنية ', '', '');
INSERT INTO `lk9v6_users` (`name`, `email`, `usertype`) VALUES ('رغدة مجدي محمد منير جودة', '', 'الخريجين');
INSERT INTO `lk9v6_alumni_main` (`id`, `user_id`, `approved`) VALUES (239719, 239719, 1);
INSERT INTO `lk9v6_alumni_data` (`alumni_id`, `graduation_year`, `fid`, `job`, `address`, `city`, `country`, `phone`, `gid`, `mobile`, `nationalnumber`, `department`, `division`, `with_honor`) VALUES (239719, 2007, '23', '', '', '', '', '', '', '', '', 'التربية الفنية ', '', '');
INSERT INTO `lk9v6_users` (`name`, `email`, `usertype`) VALUES ('رنا علي حسن علي القرش', '', 'الخريجين');
INSERT INTO `lk9v6_alumni_main` (`id`, `user_id`, `approved`) VALUES (239720, 239720, 1);
INSERT INTO `lk9v6_alumni_data` (`alumni_id`, `graduation_year`, `fid`, `job`, `address`, `city`, `country`, `phone`, `gid`, `mobile`, `nationalnumber`, `department`, `division`, `with_honor`) VALUES (239720, 2007, '23', '', '', '', '', '', '', '', '', 'التربية الفنية ', '', '');
INSERT INTO `lk9v6_users` (`name`, `email`, `usertype`) VALUES ('ريحان صبري العجمي أحمد ', '', 'الخريجين');
INSERT INTO `lk9v6_alumni_main` (`id`, `user_id`, `approved`) VALUES (239721, 239721, 1);
INSERT INTO `lk9v6_alumni_data` (`alumni_id`, `graduation_year`, `fid`, `job`, `address`, `city`, `country`, `phone`, `gid`, `mobile`, `nationalnumber`, `department`, `division`, `with_honor`) VALUES (239721, 2007, '23', '', '', '', '', '', '', '', '', 'التربية الفنية ', '', '');
INSERT INTO `lk9v6_users` (`name`, `email`, `usertype`) VALUES ('ريهام فتحي ابراهيم هندي', '', 'الخريجين');
INSERT INTO `lk9v6_alumni_main` (`id`, `user_id`, `approved`) VALUES (239722, 239722, 1);
INSERT INTO `lk9v6_alumni_data` (`alumni_id`, `graduation_year`, `fid`, `job`, `address`, `city`, `country`, `phone`, `gid`, `mobile`, `nationalnumber`, `department`, `division`, `with_honor`) VALUES (239722, 2007, '23', '', '', '', '', '', '', '', '', 'التربية الفنية ', '', '');
INSERT INTO `lk9v6_users` (`name`, `email`, `usertype`) VALUES ('ريهام محمود محمد ابراهيم ', '', 'الخريجين');
INSERT INTO `lk9v6_alumni_main` (`id`, `user_id`, `approved`) VALUES (239723, 239723, 1);
INSERT INTO `lk9v6_alumni_data` (`alumni_id`, `graduation_year`, `fid`, `job`, `address`, `city`, `country`, `phone`, `gid`, `mobile`, `nationalnumber`, `department`, `division`, `with_honor`) VALUES (239723, 2007, '23', '', '', '', '', '', '', '', '', 'التربية الفنية ', '', '');
INSERT INTO `lk9v6_users` (`name`, `email`, `usertype`) VALUES ('سارة حسين يوسف السرجاني ', '', 'الخريجين');
INSERT INTO `lk9v6_alumni_main` (`id`, `user_id`, `approved`) VALUES (239724, 239724, 1);
INSERT INTO `lk9v6_alumni_data` (`alumni_id`, `graduation_year`, `fid`, `job`, `address`, `city`, `country`, `phone`, `gid`, `mobile`, `nationalnumber`, `department`, `division`, `with_honor`) VALUES (239724, 2007, '23', '', '', '', '', '', '', '', '', 'التربية الفنية ', '', '');
INSERT INTO `lk9v6_users` (`name`, `email`, `usertype`) VALUES ('سارة جابر يونس موسي خليل', '', 'الخريجين');
INSERT INTO `lk9v6_alumni_main` (`id`, `user_id`, `approved`) VALUES (239725, 239725, 1);
INSERT INTO `lk9v6_alumni_data` (`alumni_id`, `graduation_year`, `fid`, `job`, `address`, `city`, `country`, `phone`, `gid`, `mobile`, `nationalnumber`, `department`, `division`, `with_honor`) VALUES (239725, 2007, '23', '', '', '', '', '', '', '', '', 'التربية الفنية ', '', '');
INSERT INTO `lk9v6_users` (`name`, `email`, `usertype`) VALUES ('سارة مجدي عبد الرحمن حسن ايوب ', '', 'الخريجين');
INSERT INTO `lk9v6_alumni_main` (`id`, `user_id`, `approved`) VALUES (239726, 239726, 1);
INSERT INTO `lk9v6_alumni_data` (`alumni_id`, `graduation_year`, `fid`, `job`, `address`, `city`, `country`, `phone`, `gid`, `mobile`, `nationalnumber`, `department`, `division`, `with_honor`) VALUES (239726, 2007, '23', '', '', '', '', '', '', '', '', 'التربية الفنية ', '', '');
INSERT INTO `lk9v6_users` (`name`, `email`, `usertype`) VALUES ('سحر أحمد ماهر عبد الحميد ابو زيد', '', 'الخريجين');
INSERT INTO `lk9v6_alumni_main` (`id`, `user_id`, `approved`) VALUES (239727, 239727, 1);
INSERT INTO `lk9v6_alumni_data` (`alumni_id`, `graduation_year`, `fid`, `job`, `address`, `city`, `country`, `phone`, `gid`, `mobile`, `nationalnumber`, `department`, `division`, `with_honor`) VALUES (239727, 2007, '23', '', '', '', '', '', '', '', '', 'التربية الفنية ', '', '');
INSERT INTO `lk9v6_users` (`name`, `email`, `usertype`) VALUES ('سحر حمدي أحمد بشارة ', '', 'الخريجين');
INSERT INTO `lk9v6_alumni_main` (`id`, `user_id`, `approved`) VALUES (239728, 239728, 1);
INSERT INTO `lk9v6_alumni_data` (`alumni_id`, `graduation_year`, `fid`, `job`, `address`, `city`, `country`, `phone`, `gid`, `mobile`, `nationalnumber`, `department`, `division`, `with_honor`) VALUES (239728, 2007, '23', '', '', '', '', '', '', '', '', 'التربية الفنية ', '', '');
INSERT INTO `lk9v6_users` (`name`, `email`, `usertype`) VALUES ('سماح صلاح عباس محمد', '', 'الخريجين');
INSERT INTO `lk9v6_alumni_main` (`id`, `user_id`, `approved`) VALUES (239729, 239729, 1);
INSERT INTO `lk9v6_alumni_data` (`alumni_id`, `graduation_year`, `fid`, `job`, `address`, `city`, `country`, `phone`, `gid`, `mobile`, `nationalnumber`, `department`, `division`, `with_honor`) VALUES (239729, 2007, '23', '', '', '', '', '', '', '', '', 'التربية الفنية ', '', '');
INSERT INTO `lk9v6_users` (`name`, `email`, `usertype`) VALUES ('سمر عادل أحمد محمد شاهين', '', 'الخريجين');
INSERT INTO `lk9v6_alumni_main` (`id`, `user_id`, `approved`) VALUES (239730, 239730, 1);
INSERT INTO `lk9v6_alumni_data` (`alumni_id`, `graduation_year`, `fid`, `job`, `address`, `city`, `country`, `phone`, `gid`, `mobile`, `nationalnumber`, `department`, `division`, `with_honor`) VALUES (239730, 2007, '23', '', '', '', '', '', '', '', '', 'التربية الفنية ', '', '');
INSERT INTO `lk9v6_users` (`name`, `email`, `usertype`) VALUES ('سناء حمدالله جمعه زايد البايض ', '', 'الخريجين');
INSERT INTO `lk9v6_alumni_main` (`id`, `user_id`, `approved`) VALUES (239731, 239731, 1);
INSERT INTO `lk9v6_alumni_data` (`alumni_id`, `graduation_year`, `fid`, `job`, `address`, `city`, `country`, `phone`, `gid`, `mobile`, `nationalnumber`, `department`, `division`, `with_honor`) VALUES (239731, 2007, '23', '', '', '', '', '', '', '', '', 'التربية الفنية ', '', '');
INSERT INTO `lk9v6_users` (`name`, `email`, `usertype`) VALUES ('شيرين جابر قناوي علي محمد', '', 'الخريجين');
INSERT INTO `lk9v6_alumni_main` (`id`, `user_id`, `approved`) VALUES (239732, 239732, 1);
INSERT INTO `lk9v6_alumni_data` (`alumni_id`, `graduation_year`, `fid`, `job`, `address`, `city`, `country`, `phone`, `gid`, `mobile`, `nationalnumber`, `department`, `division`, `with_honor`) VALUES (239732, 2007, '23', '', '', '', '', '', '', '', '', 'التربية الفنية ', '', '');
INSERT INTO `lk9v6_users` (`name`, `email`, `usertype`) VALUES ('شيرين عادل صدقي حسين ', '', 'الخريجين');
INSERT INTO `lk9v6_alumni_main` (`id`, `user_id`, `approved`) VALUES (239733, 239733, 1);
INSERT INTO `lk9v6_alumni_data` (`alumni_id`, `graduation_year`, `fid`, `job`, `address`, `city`, `country`, `phone`, `gid`, `mobile`, `nationalnumber`, `department`, `division`, `with_honor`) VALUES (239733, 2007, '23', '', '', '', '', '', '', '', '', 'التربية الفنية ', '', '');
INSERT INTO `lk9v6_users` (`name`, `email`, `usertype`) VALUES ('شيماء ابراهيم نصر الغول ', '', 'الخريجين');
INSERT INTO `lk9v6_alumni_main` (`id`, `user_id`, `approved`) VALUES (239734, 239734, 1);
INSERT INTO `lk9v6_alumni_data` (`alumni_id`, `graduation_year`, `fid`, `job`, `address`, `city`, `country`, `phone`, `gid`, `mobile`, `nationalnumber`, `department`, `division`, `with_honor`) VALUES (239734, 2007, '23', '', '', '', '', '', '', '', '', 'التربية الفنية ', '', '');
INSERT INTO `lk9v6_users` (`name`, `email`, `usertype`) VALUES ('شيماء حسن احمد عامر ', '', 'الخريجين');
INSERT INTO `lk9v6_alumni_main` (`id`, `user_id`, `approved`) VALUES (239735, 239735, 1);
INSERT INTO `lk9v6_alumni_data` (`alumni_id`, `graduation_year`, `fid`, `job`, `address`, `city`, `country`, `phone`, `gid`, `mobile`, `nationalnumber`, `department`, `division`, `with_honor`) VALUES (239735, 2007, '23', '', '', '', '', '', '', '', '', 'التربية الفنية ', '', '');
INSERT INTO `lk9v6_users` (`name`, `email`, `usertype`) VALUES ('شيماء حمدي أحمد خميس ', '', 'الخريجين');
INSERT INTO `lk9v6_alumni_main` (`id`, `user_id`, `approved`) VALUES (239736, 239736, 1);
INSERT INTO `lk9v6_alumni_data` (`alumni_id`, `graduation_year`, `fid`, `job`, `address`, `city`, `country`, `phone`, `gid`, `mobile`, `nationalnumber`, `department`, `division`, `with_honor`) VALUES (239736, 2007, '23', '', '', '', '', '', '', '', '', 'التربية الفنية ', '', '');
INSERT INTO `lk9v6_users` (`name`, `email`, `usertype`) VALUES ('شيماء محمد محمد ابراهيم عبد القوي ', '', 'الخريجين');
INSERT INTO `lk9v6_alumni_main` (`id`, `user_id`, `approved`) VALUES (239737, 239737, 1);
INSERT INTO `lk9v6_alumni_data` (`alumni_id`, `graduation_year`, `fid`, `job`, `address`, `city`, `country`, `phone`, `gid`, `mobile`, `nationalnumber`, `department`, `division`, `with_honor`) VALUES (239737, 2007, '23', '', '', '', '', '', '', '', '', 'التربية الفنية ', '', '');
INSERT INTO `lk9v6_users` (`name`, `email`, `usertype`) VALUES ('علا عدلي عبد المجيد أحمد محمد', '', 'الخريجين');
INSERT INTO `lk9v6_alumni_main` (`id`, `user_id`, `approved`) VALUES (239738, 239738, 1);
INSERT INTO `lk9v6_alumni_data` (`alumni_id`, `graduation_year`, `fid`, `job`, `address`, `city`, `country`, `phone`, `gid`, `mobile`, `nationalnumber`, `department`, `division`, `with_honor`) VALUES (239738, 2007, '23', '', '', '', '', '', '', '', '', 'التربية الفنية ', '', '');
INSERT INTO `lk9v6_users` (`name`, `email`, `usertype`) VALUES ('غادة ادوارد كامل جرجس', '', 'الخريجين');
INSERT INTO `lk9v6_alumni_main` (`id`, `user_id`, `approved`) VALUES (239739, 239739, 1);
INSERT INTO `lk9v6_alumni_data` (`alumni_id`, `graduation_year`, `fid`, `job`, `address`, `city`, `country`, `phone`, `gid`, `mobile`, `nationalnumber`, `department`, `division`, `with_honor`) VALUES (239739, 2007, '23', '', '', '', '', '', '', '', '', 'التربية الفنية ', '', '');
INSERT INTO `lk9v6_users` (`name`, `email`, `usertype`) VALUES ('غادة محمد عوض حميدة ', '', 'الخريجين');
INSERT INTO `lk9v6_alumni_main` (`id`, `user_id`, `approved`) VALUES (239740, 239740, 1);
INSERT INTO `lk9v6_alumni_data` (`alumni_id`, `graduation_year`, `fid`, `job`, `address`, `city`, `country`, `phone`, `gid`, `mobile`, `nationalnumber`, `department`, `division`, `with_honor`) VALUES (239740, 2007, '23', '', '', '', '', '', '', '', '', 'التربية الفنية ', '', '');
INSERT INTO `lk9v6_users` (`name`, `email`, `usertype`) VALUES ('فيفي أحمد محمد شيبون ', '', 'الخريجين');
INSERT INTO `lk9v6_alumni_main` (`id`, `user_id`, `approved`) VALUES (239741, 239741, 1);
INSERT INTO `lk9v6_alumni_data` (`alumni_id`, `graduation_year`, `fid`, `job`, `address`, `city`, `country`, `phone`, `gid`, `mobile`, `nationalnumber`, `department`, `division`, `with_honor`) VALUES (239741, 2007, '23', '', '', '', '', '', '', '', '', 'التربية الفنية ', '', '');
INSERT INTO `lk9v6_users` (`name`, `email`, `usertype`) VALUES ('قسمت السيد ابراهيم حسن ', '', 'الخريجين');
INSERT INTO `lk9v6_alumni_main` (`id`, `user_id`, `approved`) VALUES (239742, 239742, 1);
INSERT INTO `lk9v6_alumni_data` (`alumni_id`, `graduation_year`, `fid`, `job`, `address`, `city`, `country`, `phone`, `gid`, `mobile`, `nationalnumber`, `department`, `division`, `with_honor`) VALUES (239742, 2007, '23', '', '', '', '', '', '', '', '', 'التربية الفنية ', '', '');
INSERT INTO `lk9v6_users` (`name`, `email`, `usertype`) VALUES ('كريستين عوض الله صبحي عوض الله', '', 'الخريجين');
INSERT INTO `lk9v6_alumni_main` (`id`, `user_id`, `approved`) VALUES (239743, 239743, 1);
INSERT INTO `lk9v6_alumni_data` (`alumni_id`, `graduation_year`, `fid`, `job`, `address`, `city`, `country`, `phone`, `gid`, `mobile`, `nationalnumber`, `department`, `division`, `with_honor`) VALUES (239743, 2007, '23', '', '', '', '', '', '', '', '', 'التربية الفنية ', '', '');
INSERT INTO `lk9v6_users` (`name`, `email`, `usertype`) VALUES ('كريستينا جميل بشارة نصير', '', 'الخريجين');
INSERT INTO `lk9v6_alumni_main` (`id`, `user_id`, `approved`) VALUES (239744, 239744, 1);
INSERT INTO `lk9v6_alumni_data` (`alumni_id`, `graduation_year`, `fid`, `job`, `address`, `city`, `country`, `phone`, `gid`, `mobile`, `nationalnumber`, `department`, `division`, `with_honor`) VALUES (239744, 2007, '23', '', '', '', '', '', '', '', '', 'التربية الفنية ', '', '');
INSERT INTO `lk9v6_users` (`name`, `email`, `usertype`) VALUES ('لمياء مصطفي عبد الماجد أحمد', '', 'الخريجين');
INSERT INTO `lk9v6_alumni_main` (`id`, `user_id`, `approved`) VALUES (239745, 239745, 1);
INSERT INTO `lk9v6_alumni_data` (`alumni_id`, `graduation_year`, `fid`, `job`, `address`, `city`, `country`, `phone`, `gid`, `mobile`, `nationalnumber`, `department`, `division`, `with_honor`) VALUES (239745, 2007, '23', '', '', '', '', '', '', '', '', 'التربية الفنية ', '', '');
INSERT INTO `lk9v6_users` (`name`, `email`, `usertype`) VALUES ('لمي سلامة محمد محمد عمر الضرير ', '', 'الخريجين');
INSERT INTO `lk9v6_alumni_main` (`id`, `user_id`, `approved`) VALUES (239746, 239746, 1);
INSERT INTO `lk9v6_alumni_data` (`alumni_id`, `graduation_year`, `fid`, `job`, `address`, `city`, `country`, `phone`, `gid`, `mobile`, `nationalnumber`, `department`, `division`, `with_honor`) VALUES (239746, 2007, '23', '', '', '', '', '', '', '', '', 'التربية الفنية ', '', '');
INSERT INTO `lk9v6_users` (`name`, `email`, `usertype`) VALUES ('مادلين سعد حليم منصور ', '', 'الخريجين');
INSERT INTO `lk9v6_alumni_main` (`id`, `user_id`, `approved`) VALUES (239747, 239747, 1);
INSERT INTO `lk9v6_alumni_data` (`alumni_id`, `graduation_year`, `fid`, `job`, `address`, `city`, `country`, `phone`, `gid`, `mobile`, `nationalnumber`, `department`, `division`, `with_honor`) VALUES (239747, 2007, '23', '', '', '', '', '', '', '', '', 'التربية الفنية ', '', '');
INSERT INTO `lk9v6_users` (`name`, `email`, `usertype`) VALUES ('محمود محمد كمال الدين محمد حسين ', '', 'الخريجين');
INSERT INTO `lk9v6_alumni_main` (`id`, `user_id`, `approved`) VALUES (239748, 239748, 1);
INSERT INTO `lk9v6_alumni_data` (`alumni_id`, `graduation_year`, `fid`, `job`, `address`, `city`, `country`, `phone`, `gid`, `mobile`, `nationalnumber`, `department`, `division`, `with_honor`) VALUES (239748, 2007, '23', '', '', '', '', '', '', '', '', 'التربية الفنية ', '', '');
INSERT INTO `lk9v6_users` (`name`, `email`, `usertype`) VALUES ('مرام محمود ماهر حسن ', '', 'الخريجين');
INSERT INTO `lk9v6_alumni_main` (`id`, `user_id`, `approved`) VALUES (239749, 239749, 1);
INSERT INTO `lk9v6_alumni_data` (`alumni_id`, `graduation_year`, `fid`, `job`, `address`, `city`, `country`, `phone`, `gid`, `mobile`, `nationalnumber`, `department`, `division`, `with_honor`) VALUES (239749, 2007, '23', '', '', '', '', '', '', '', '', 'التربية الفنية ', '', '');
INSERT INTO `lk9v6_users` (`name`, `email`, `usertype`) VALUES ('مروة السيد شحاتة سنهوري ', '', 'الخريجين');
INSERT INTO `lk9v6_alumni_main` (`id`, `user_id`, `approved`) VALUES (239750, 239750, 1);
INSERT INTO `lk9v6_alumni_data` (`alumni_id`, `graduation_year`, `fid`, `job`, `address`, `city`, `country`, `phone`, `gid`, `mobile`, `nationalnumber`, `department`, `division`, `with_honor`) VALUES (239750, 2007, '23', '', '', '', '', '', '', '', '', 'التربية الفنية ', '', '');
INSERT INTO `lk9v6_users` (`name`, `email`, `usertype`) VALUES ('مروة عبد السلام محمد علي ', '', 'الخريجين');
INSERT INTO `lk9v6_alumni_main` (`id`, `user_id`, `approved`) VALUES (239751, 239751, 1);
INSERT INTO `lk9v6_alumni_data` (`alumni_id`, `graduation_year`, `fid`, `job`, `address`, `city`, `country`, `phone`, `gid`, `mobile`, `nationalnumber`, `department`, `division`, `with_honor`) VALUES (239751, 2007, '23', '', '', '', '', '', '', '', '', 'التربية الفنية ', '', '');
INSERT INTO `lk9v6_users` (`name`, `email`, `usertype`) VALUES ('مروة علي خيري عبد الفتاح هنداوي ', '', 'الخريجين');
INSERT INTO `lk9v6_alumni_main` (`id`, `user_id`, `approved`) VALUES (239752, 239752, 1);
INSERT INTO `lk9v6_alumni_data` (`alumni_id`, `graduation_year`, `fid`, `job`, `address`, `city`, `country`, `phone`, `gid`, `mobile`, `nationalnumber`, `department`, `division`, `with_honor`) VALUES (239752, 2007, '23', '', '', '', '', '', '', '', '', 'التربية الفنية ', '', '');
INSERT INTO `lk9v6_users` (`name`, `email`, `usertype`) VALUES ('مروة فتحي محمد عبد الرحمن', '', 'الخريجين');
INSERT INTO `lk9v6_alumni_main` (`id`, `user_id`, `approved`) VALUES (239753, 239753, 1);
INSERT INTO `lk9v6_alumni_data` (`alumni_id`, `graduation_year`, `fid`, `job`, `address`, `city`, `country`, `phone`, `gid`, `mobile`, `nationalnumber`, `department`, `division`, `with_honor`) VALUES (239753, 2007, '23', '', '', '', '', '', '', '', '', 'التربية الفنية ', '', '');
INSERT INTO `lk9v6_users` (`name`, `email`, `usertype`) VALUES ('مروة فوزي أحمد السيد عاصي ', '', 'الخريجين');
INSERT INTO `lk9v6_alumni_main` (`id`, `user_id`, `approved`) VALUES (239754, 239754, 1);
INSERT INTO `lk9v6_alumni_data` (`alumni_id`, `graduation_year`, `fid`, `job`, `address`, `city`, `country`, `phone`, `gid`, `mobile`, `nationalnumber`, `department`, `division`, `with_honor`) VALUES (239754, 2007, '23', '', '', '', '', '', '', '', '', 'التربية الفنية ', '', '');
INSERT INTO `lk9v6_users` (`name`, `email`, `usertype`) VALUES ('مروة محمد جابر أحمد هاشم ', '', 'الخريجين');
INSERT INTO `lk9v6_alumni_main` (`id`, `user_id`, `approved`) VALUES (239755, 239755, 1);
INSERT INTO `lk9v6_alumni_data` (`alumni_id`, `graduation_year`, `fid`, `job`, `address`, `city`, `country`, `phone`, `gid`, `mobile`, `nationalnumber`, `department`, `division`, `with_honor`) VALUES (239755, 2007, '23', '', '', '', '', '', '', '', '', 'التربية الفنية ', '', '');
INSERT INTO `lk9v6_users` (`name`, `email`, `usertype`) VALUES ('منار مجدي محمد ابايزيد عبد السلام ', '', 'الخريجين');
INSERT INTO `lk9v6_alumni_main` (`id`, `user_id`, `approved`) VALUES (239756, 239756, 1);
INSERT INTO `lk9v6_alumni_data` (`alumni_id`, `graduation_year`, `fid`, `job`, `address`, `city`, `country`, `phone`, `gid`, `mobile`, `nationalnumber`, `department`, `division`, `with_honor`) VALUES (239756, 2007, '23', '', '', '', '', '', '', '', '', 'التربية الفنية ', '', '');
INSERT INTO `lk9v6_users` (`name`, `email`, `usertype`) VALUES (' منة الله الصبري عبد العظيم فايد ', '', 'الخريجين');
INSERT INTO `lk9v6_alumni_main` (`id`, `user_id`, `approved`) VALUES (239757, 239757, 1);
INSERT INTO `lk9v6_alumni_data` (`alumni_id`, `graduation_year`, `fid`, `job`, `address`, `city`, `country`, `phone`, `gid`, `mobile`, `nationalnumber`, `department`, `division`, `with_honor`) VALUES (239757, 2007, '23', '', '', '', '', '', '', '', '', 'التربية الفنية ', '', '');
INSERT INTO `lk9v6_users` (`name`, `email`, `usertype`) VALUES ('مي شريف مندور محمد ', '', 'الخريجين');
INSERT INTO `lk9v6_alumni_main` (`id`, `user_id`, `approved`) VALUES (239758, 239758, 1);
INSERT INTO `lk9v6_alumni_data` (`alumni_id`, `graduation_year`, `fid`, `job`, `address`, `city`, `country`, `phone`, `gid`, `mobile`, `nationalnumber`, `department`, `division`, `with_honor`) VALUES (239758, 2007, '23', '', '', '', '', '', '', '', '', 'التربية الفنية ', '', '');
INSERT INTO `lk9v6_users` (`name`, `email`, `usertype`) VALUES ('مي علاء الدين علي فهمي محمد قناوي', '', 'الخريجين');
INSERT INTO `lk9v6_alumni_main` (`id`, `user_id`, `approved`) VALUES (239759, 239759, 1);
INSERT INTO `lk9v6_alumni_data` (`alumni_id`, `graduation_year`, `fid`, `job`, `address`, `city`, `country`, `phone`, `gid`, `mobile`, `nationalnumber`, `department`, `division`, `with_honor`) VALUES (239759, 2007, '23', '', '', '', '', '', '', '', '', 'التربية الفنية ', '', '');
INSERT INTO `lk9v6_users` (`name`, `email`, `usertype`) VALUES ('ميادة محمد عبد العليم عبد السلام', '', 'الخريجين');
INSERT INTO `lk9v6_alumni_main` (`id`, `user_id`, `approved`) VALUES (239760, 239760, 1);
INSERT INTO `lk9v6_alumni_data` (`alumni_id`, `graduation_year`, `fid`, `job`, `address`, `city`, `country`, `phone`, `gid`, `mobile`, `nationalnumber`, `department`, `division`, `with_honor`) VALUES (239760, 2007, '23', '', '', '', '', '', '', '', '', 'التربية الفنية ', '', '');
INSERT INTO `lk9v6_users` (`name`, `email`, `usertype`) VALUES ('ميرام أحمد محمد عبد الرحمن شهاب ', '', 'الخريجين');
INSERT INTO `lk9v6_alumni_main` (`id`, `user_id`, `approved`) VALUES (239761, 239761, 1);
INSERT INTO `lk9v6_alumni_data` (`alumni_id`, `graduation_year`, `fid`, `job`, `address`, `city`, `country`, `phone`, `gid`, `mobile`, `nationalnumber`, `department`, `division`, `with_honor`) VALUES (239761, 2007, '23', '', '', '', '', '', '', '', '', 'التربية الفنية ', '', '');
INSERT INTO `lk9v6_users` (`name`, `email`, `usertype`) VALUES ('نانسي عادل توفيق أسكندر أسعد', '', 'الخريجين');
INSERT INTO `lk9v6_alumni_main` (`id`, `user_id`, `approved`) VALUES (239762, 239762, 1);
INSERT INTO `lk9v6_alumni_data` (`alumni_id`, `graduation_year`, `fid`, `job`, `address`, `city`, `country`, `phone`, `gid`, `mobile`, `nationalnumber`, `department`, `division`, `with_honor`) VALUES (239762, 2007, '23', '', '', '', '', '', '', '', '', 'التربية الفنية ', '', '');
INSERT INTO `lk9v6_users` (`name`, `email`, `usertype`) VALUES ('نرمين محمد عيد ابراهيم ', '', 'الخريجين');
INSERT INTO `lk9v6_alumni_main` (`id`, `user_id`, `approved`) VALUES (239763, 239763, 1);
INSERT INTO `lk9v6_alumni_data` (`alumni_id`, `graduation_year`, `fid`, `job`, `address`, `city`, `country`, `phone`, `gid`, `mobile`, `nationalnumber`, `department`, `division`, `with_honor`) VALUES (239763, 2007, '23', '', '', '', '', '', '', '', '', 'التربية الفنية ', '', '');
INSERT INTO `lk9v6_users` (`name`, `email`, `usertype`) VALUES ('نسمة اسماعيل السيد محمد جمعه', '', 'الخريجين');
INSERT INTO `lk9v6_alumni_main` (`id`, `user_id`, `approved`) VALUES (239764, 239764, 1);
INSERT INTO `lk9v6_alumni_data` (`alumni_id`, `graduation_year`, `fid`, `job`, `address`, `city`, `country`, `phone`, `gid`, `mobile`, `nationalnumber`, `department`, `division`, `with_honor`) VALUES (239764, 2007, '23', '', '', '', '', '', '', '', '', 'التربية الفنية ', '', '');
INSERT INTO `lk9v6_users` (`name`, `email`, `usertype`) VALUES ('نهال أحمد عبد القوي يونس', '', 'الخريجين');
INSERT INTO `lk9v6_alumni_main` (`id`, `user_id`, `approved`) VALUES (239765, 239765, 1);
INSERT INTO `lk9v6_alumni_data` (`alumni_id`, `graduation_year`, `fid`, `job`, `address`, `city`, `country`, `phone`, `gid`, `mobile`, `nationalnumber`, `department`, `division`, `with_honor`) VALUES (239765, 2007, '23', '', '', '', '', '', '', '', '', 'التربية الفنية ', '', '');
INSERT INTO `lk9v6_users` (`name`, `email`, `usertype`) VALUES ('نهال عبدالله محمود سليمان', '', 'الخريجين');
INSERT INTO `lk9v6_alumni_main` (`id`, `user_id`, `approved`) VALUES (239766, 239766, 1);
INSERT INTO `lk9v6_alumni_data` (`alumni_id`, `graduation_year`, `fid`, `job`, `address`, `city`, `country`, `phone`, `gid`, `mobile`, `nationalnumber`, `department`, `division`, `with_honor`) VALUES (239766, 2007, '23', '', '', '', '', '', '', '', '', 'التربية الفنية ', '', '');
INSERT INTO `lk9v6_users` (`name`, `email`, `usertype`) VALUES ('نيفين جمال عبد الواحد محمود', '', 'الخريجين');
INSERT INTO `lk9v6_alumni_main` (`id`, `user_id`, `approved`) VALUES (239767, 239767, 1);
INSERT INTO `lk9v6_alumni_data` (`alumni_id`, `graduation_year`, `fid`, `job`, `address`, `city`, `country`, `phone`, `gid`, `mobile`, `nationalnumber`, `department`, `division`, `with_honor`) VALUES (239767, 2007, '23', '', '', '', '', '', '', '', '', 'التربية الفنية ', '', '');
INSERT INTO `lk9v6_users` (`name`, `email`, `usertype`) VALUES ('هالة محمد فؤاد محمد قطب عبد الله', '', 'الخريجين');
INSERT INTO `lk9v6_alumni_main` (`id`, `user_id`, `approved`) VALUES (239768, 239768, 1);
INSERT INTO `lk9v6_alumni_data` (`alumni_id`, `graduation_year`, `fid`, `job`, `address`, `city`, `country`, `phone`, `gid`, `mobile`, `nationalnumber`, `department`, `division`, `with_honor`) VALUES (239768, 2007, '23', '', '', '', '', '', '', '', '', 'التربية الفنية ', '', '');
INSERT INTO `lk9v6_users` (`name`, `email`, `usertype`) VALUES ('هبه أبو بكر السيد بكر صالح', '', 'الخريجين');
INSERT INTO `lk9v6_alumni_main` (`id`, `user_id`, `approved`) VALUES (239769, 239769, 1);
INSERT INTO `lk9v6_alumni_data` (`alumni_id`, `graduation_year`, `fid`, `job`, `address`, `city`, `country`, `phone`, `gid`, `mobile`, `nationalnumber`, `department`, `division`, `with_honor`) VALUES (239769, 2007, '23', '', '', '', '', '', '', '', '', 'التربية الفنية ', '', '');
INSERT INTO `lk9v6_users` (`name`, `email`, `usertype`) VALUES ('هبه رجب عبد الفتاح الغنام', '', 'الخريجين');
INSERT INTO `lk9v6_alumni_main` (`id`, `user_id`, `approved`) VALUES (239770, 239770, 1);
INSERT INTO `lk9v6_alumni_data` (`alumni_id`, `graduation_year`, `fid`, `job`, `address`, `city`, `country`, `phone`, `gid`, `mobile`, `nationalnumber`, `department`, `division`, `with_honor`) VALUES (239770, 2007, '23', '', '', '', '', '', '', '', '', 'التربية الفنية ', '', '');
INSERT INTO `lk9v6_users` (`name`, `email`, `usertype`) VALUES ('هبه عبد السلام محمد الدرناوي ', '', 'الخريجين');
INSERT INTO `lk9v6_alumni_main` (`id`, `user_id`, `approved`) VALUES (239771, 239771, 1);
INSERT INTO `lk9v6_alumni_data` (`alumni_id`, `graduation_year`, `fid`, `job`, `address`, `city`, `country`, `phone`, `gid`, `mobile`, `nationalnumber`, `department`, `division`, `with_honor`) VALUES (239771, 2007, '23', '', '', '', '', '', '', '', '', 'التربية الفنية ', '', '');
INSERT INTO `lk9v6_users` (`name`, `email`, `usertype`) VALUES ('هبه محمد فريد خليل محمد سليمان ', '', 'الخريجين');
INSERT INTO `lk9v6_alumni_main` (`id`, `user_id`, `approved`) VALUES (239772, 239772, 1);
INSERT INTO `lk9v6_alumni_data` (`alumni_id`, `graduation_year`, `fid`, `job`, `address`, `city`, `country`, `phone`, `gid`, `mobile`, `nationalnumber`, `department`, `division`, `with_honor`) VALUES (239772, 2007, '23', '', '', '', '', '', '', '', '', 'التربية الفنية ', '', '');
INSERT INTO `lk9v6_users` (`name`, `email`, `usertype`) VALUES ('هدي عطيه محمد خليل جنيدي ', '', 'الخريجين');
INSERT INTO `lk9v6_alumni_main` (`id`, `user_id`, `approved`) VALUES (239773, 239773, 1);
INSERT INTO `lk9v6_alumni_data` (`alumni_id`, `graduation_year`, `fid`, `job`, `address`, `city`, `country`, `phone`, `gid`, `mobile`, `nationalnumber`, `department`, `division`, `with_honor`) VALUES (239773, 2007, '23', '', '', '', '', '', '', '', '', 'التربية الفنية ', '', '');
INSERT INTO `lk9v6_users` (`name`, `email`, `usertype`) VALUES ('هدير يوسف السيد يوسف ', '', 'الخريجين');
INSERT INTO `lk9v6_alumni_main` (`id`, `user_id`, `approved`) VALUES (239774, 239774, 1);
INSERT INTO `lk9v6_alumni_data` (`alumni_id`, `graduation_year`, `fid`, `job`, `address`, `city`, `country`, `phone`, `gid`, `mobile`, `nationalnumber`, `department`, `division`, `with_honor`) VALUES (239774, 2007, '23', '', '', '', '', '', '', '', '', 'التربية الفنية ', '', '');
INSERT INTO `lk9v6_users` (`name`, `email`, `usertype`) VALUES ('هناء ابراهيم ابراهيم محمد عيسي ', '', 'الخريجين');
INSERT INTO `lk9v6_alumni_main` (`id`, `user_id`, `approved`) VALUES (239775, 239775, 1);
INSERT INTO `lk9v6_alumni_data` (`alumni_id`, `graduation_year`, `fid`, `job`, `address`, `city`, `country`, `phone`, `gid`, `mobile`, `nationalnumber`, `department`, `division`, `with_honor`) VALUES (239775, 2007, '23', '', '', '', '', '', '', '', '', 'التربية الفنية ', '', '');
INSERT INTO `lk9v6_users` (`name`, `email`, `usertype`) VALUES ('هناء أنور عزت محمد ابراهيم ', '', 'الخريجين');
INSERT INTO `lk9v6_alumni_main` (`id`, `user_id`, `approved`) VALUES (239776, 239776, 1);
INSERT INTO `lk9v6_alumni_data` (`alumni_id`, `graduation_year`, `fid`, `job`, `address`, `city`, `country`, `phone`, `gid`, `mobile`, `nationalnumber`, `department`, `division`, `with_honor`) VALUES (239776, 2007, '23', '', '', '', '', '', '', '', '', 'التربية الفنية ', '', '');
INSERT INTO `lk9v6_users` (`name`, `email`, `usertype`) VALUES ('هند سعيد عبد المقصود سلام ', '', 'الخريجين');
INSERT INTO `lk9v6_alumni_main` (`id`, `user_id`, `approved`) VALUES (239777, 239777, 1);
INSERT INTO `lk9v6_alumni_data` (`alumni_id`, `graduation_year`, `fid`, `job`, `address`, `city`, `country`, `phone`, `gid`, `mobile`, `nationalnumber`, `department`, `division`, `with_honor`) VALUES (239777, 2007, '23', '', '', '', '', '', '', '', '', 'التربية الفنية ', '', '');
INSERT INTO `lk9v6_users` (`name`, `email`, `usertype`) VALUES ('ياسمين احمد عبد المنعم عبد الوهاب ', '', 'الخريجين');
INSERT INTO `lk9v6_alumni_main` (`id`, `user_id`, `approved`) VALUES (239778, 239778, 1);
INSERT INTO `lk9v6_alumni_data` (`alumni_id`, `graduation_year`, `fid`, `job`, `address`, `city`, `country`, `phone`, `gid`, `mobile`, `nationalnumber`, `department`, `division`, `with_honor`) VALUES (239778, 2007, '23', '', '', '', '', '', '', '', '', 'التربية الفنية ', '', '');
INSERT INTO `lk9v6_users` (`name`, `email`, `usertype`) VALUES ('ياسمين السيد نور الدين علي ', '', 'الخريجين');
INSERT INTO `lk9v6_alumni_main` (`id`, `user_id`, `approved`) VALUES (239779, 239779, 1);
INSERT INTO `lk9v6_alumni_data` (`alumni_id`, `graduation_year`, `fid`, `job`, `address`, `city`, `country`, `phone`, `gid`, `mobile`, `nationalnumber`, `department`, `division`, `with_honor`) VALUES (239779, 2007, '23', '', '', '', '', '', '', '', '', 'التربية الفنية ', '', '');
INSERT INTO `lk9v6_users` (`name`, `email`, `usertype`) VALUES ('ياسمين سعيد حسن محمد ابراهيم ', '', 'الخريجين');
INSERT INTO `lk9v6_alumni_main` (`id`, `user_id`, `approved`) VALUES (239780, 239780, 1);
INSERT INTO `lk9v6_alumni_data` (`alumni_id`, `graduation_year`, `fid`, `job`, `address`, `city`, `country`, `phone`, `gid`, `mobile`, `nationalnumber`, `department`, `division`, `with_honor`) VALUES (239780, 2007, '23', '', '', '', '', '', '', '', '', 'التربية الفنية ', '', '');
INSERT INTO `lk9v6_users` (`name`, `email`, `usertype`) VALUES ('ياسمين سعيد قطب خلف ', '', 'الخريجين');
INSERT INTO `lk9v6_alumni_main` (`id`, `user_id`, `approved`) VALUES (239781, 239781, 1);
INSERT INTO `lk9v6_alumni_data` (`alumni_id`, `graduation_year`, `fid`, `job`, `address`, `city`, `country`, `phone`, `gid`, `mobile`, `nationalnumber`, `department`, `division`, `with_honor`) VALUES (239781, 2007, '23', '', '', '', '', '', '', '', '', 'التربية الفنية ', '', '');
INSERT INTO `lk9v6_users` (`name`, `email`, `usertype`) VALUES ('يحيي حسني محمد ابراهيم ', '', 'الخريجين');
INSERT INTO `lk9v6_alumni_main` (`id`, `user_id`, `approved`) VALUES (239782, 239782, 1);
INSERT INTO `lk9v6_alumni_data` (`alumni_id`, `graduation_year`, `fid`, `job`, `address`, `city`, `country`, `phone`, `gid`, `mobile`, `nationalnumber`, `department`, `division`, `with_honor`) VALUES (239782, 2007, '23', '', '', '', '', '', '', '', '', 'التربية الفنية ', '', '');
INSERT INTO `lk9v6_users` (`name`, `email`, `usertype`) VALUES ('يسرا محمد كمال الدين فتحي ', '', 'الخريجين');
INSERT INTO `lk9v6_alumni_main` (`id`, `user_id`, `approved`) VALUES (239783, 239783, 1);
INSERT INTO `lk9v6_alumni_data` (`alumni_id`, `graduation_year`, `fid`, `job`, `address`, `city`, `country`, `phone`, `gid`, `mobile`, `nationalnumber`, `department`, `division`, `with_honor`) VALUES (239783, 2007, '23', '', '', '', '', '', '', '', '', 'التربية الفنية ', '', '');
INSERT INTO `lk9v6_users` (`name`, `email`, `usertype`) VALUES ('ايمان محمود عبد السلام حربي ', '', 'الخريجين');
INSERT INTO `lk9v6_alumni_main` (`id`, `user_id`, `approved`) VALUES (239784, 239784, 1);
INSERT INTO `lk9v6_alumni_data` (`alumni_id`, `graduation_year`, `fid`, `job`, `address`, `city`, `country`, `phone`, `gid`, `mobile`, `nationalnumber`, `department`, `division`, `with_honor`) VALUES (239784, 2007, '23', '', '', '', '', '', '', '', '', 'التربية الفنية ', '', '');
INSERT INTO `lk9v6_users` (`name`, `email`, `usertype`) VALUES ('برديس محمد عبد النور أبو المجد السيد النجار ', '', 'الخريجين');
INSERT INTO `lk9v6_alumni_main` (`id`, `user_id`, `approved`) VALUES (239785, 239785, 1);
INSERT INTO `lk9v6_alumni_data` (`alumni_id`, `graduation_year`, `fid`, `job`, `address`, `city`, `country`, `phone`, `gid`, `mobile`, `nationalnumber`, `department`, `division`, `with_honor`) VALUES (239785, 2007, '23', '', '', '', '', '', '', '', '', 'التربية الفنية ', '', '');
INSERT INTO `lk9v6_users` (`name`, `email`, `usertype`) VALUES ('دينا محمد عبد القادر حسين أبو العلا ', '', 'الخريجين');
INSERT INTO `lk9v6_alumni_main` (`id`, `user_id`, `approved`) VALUES (239786, 239786, 1);
INSERT INTO `lk9v6_alumni_data` (`alumni_id`, `graduation_year`, `fid`, `job`, `address`, `city`, `country`, `phone`, `gid`, `mobile`, `nationalnumber`, `department`, `division`, `with_honor`) VALUES (239786, 2007, '23', '', '', '', '', '', '', '', '', 'التربية الفنية ', '', '');
INSERT INTO `lk9v6_users` (`name`, `email`, `usertype`) VALUES ('رباب رضا متولي أحمد عبد الرحمن', '', 'الخريجين');
INSERT INTO `lk9v6_alumni_main` (`id`, `user_id`, `approved`) VALUES (239787, 239787, 1);
INSERT INTO `lk9v6_alumni_data` (`alumni_id`, `graduation_year`, `fid`, `job`, `address`, `city`, `country`, `phone`, `gid`, `mobile`, `nationalnumber`, `department`, `division`, `with_honor`) VALUES (239787, 2007, '23', '', '', '', '', '', '', '', '', 'التربية الفنية ', '', '');
INSERT INTO `lk9v6_users` (`name`, `email`, `usertype`) VALUES ('رضا سامي سعد عبد المطلب ', '', 'الخريجين');
INSERT INTO `lk9v6_alumni_main` (`id`, `user_id`, `approved`) VALUES (239788, 239788, 1);
INSERT INTO `lk9v6_alumni_data` (`alumni_id`, `graduation_year`, `fid`, `job`, `address`, `city`, `country`, `phone`, `gid`, `mobile`, `nationalnumber`, `department`, `division`, `with_honor`) VALUES (239788, 2007, '23', '', '', '', '', '', '', '', '', 'التربية الفنية ', '', '');
INSERT INTO `lk9v6_users` (`name`, `email`, `usertype`) VALUES ('زينب محمد عبد اللطيف ابراهيم جويد', '', 'الخريجين');
INSERT INTO `lk9v6_alumni_main` (`id`, `user_id`, `approved`) VALUES (239789, 239789, 1);
INSERT INTO `lk9v6_alumni_data` (`alumni_id`, `graduation_year`, `fid`, `job`, `address`, `city`, `country`, `phone`, `gid`, `mobile`, `nationalnumber`, `department`, `division`, `with_honor`) VALUES (239789, 2007, '23', '', '', '', '', '', '', '', '', 'التربية الفنية ', '', '');
INSERT INTO `lk9v6_users` (`name`, `email`, `usertype`) VALUES ('سارة أحمد أبو الفضل أبو مندور ابراهيم ', '', 'الخريجين');
INSERT INTO `lk9v6_alumni_main` (`id`, `user_id`, `approved`) VALUES (239790, 239790, 1);
INSERT INTO `lk9v6_alumni_data` (`alumni_id`, `graduation_year`, `fid`, `job`, `address`, `city`, `country`, `phone`, `gid`, `mobile`, `nationalnumber`, `department`, `division`, `with_honor`) VALUES (239790, 2007, '23', '', '', '', '', '', '', '', '', 'التربية الفنية ', '', '');
INSERT INTO `lk9v6_users` (`name`, `email`, `usertype`) VALUES ('سامية أحمد محمود محمد المعداوي ', '', 'الخريجين');
INSERT INTO `lk9v6_alumni_main` (`id`, `user_id`, `approved`) VALUES (239791, 239791, 1);
INSERT INTO `lk9v6_alumni_data` (`alumni_id`, `graduation_year`, `fid`, `job`, `address`, `city`, `country`, `phone`, `gid`, `mobile`, `nationalnumber`, `department`, `division`, `with_honor`) VALUES (239791, 2007, '23', '', '', '', '', '', '', '', '', 'التربية الفنية ', '', '');
INSERT INTO `lk9v6_users` (`name`, `email`, `usertype`) VALUES ('سلوي محمد أحمد محمد الرمادي ', '', 'الخريجين');
INSERT INTO `lk9v6_alumni_main` (`id`, `user_id`, `approved`) VALUES (239792, 239792, 1);
INSERT INTO `lk9v6_alumni_data` (`alumni_id`, `graduation_year`, `fid`, `job`, `address`, `city`, `country`, `phone`, `gid`, `mobile`, `nationalnumber`, `department`, `division`, `with_honor`) VALUES (239792, 2007, '23', '', '', '', '', '', '', '', '', 'التربية الفنية ', '', '');
INSERT INTO `lk9v6_users` (`name`, `email`, `usertype`) VALUES ('سهير حسن حسين حسن سحالي ', '', 'الخريجين');
INSERT INTO `lk9v6_alumni_main` (`id`, `user_id`, `approved`) VALUES (239793, 239793, 1);
INSERT INTO `lk9v6_alumni_data` (`alumni_id`, `graduation_year`, `fid`, `job`, `address`, `city`, `country`, `phone`, `gid`, `mobile`, `nationalnumber`, `department`, `division`, `with_honor`) VALUES (239793, 2007, '23', '', '', '', '', '', '', '', '', 'التربية الفنية ', '', '');
INSERT INTO `lk9v6_users` (`name`, `email`, `usertype`) VALUES ('علياء محمد حسن أحمد دلال ', '', 'الخريجين');
INSERT INTO `lk9v6_alumni_main` (`id`, `user_id`, `approved`) VALUES (239794, 239794, 1);
INSERT INTO `lk9v6_alumni_data` (`alumni_id`, `graduation_year`, `fid`, `job`, `address`, `city`, `country`, `phone`, `gid`, `mobile`, `nationalnumber`, `department`, `division`, `with_honor`) VALUES (239794, 2007, '23', '', '', '', '', '', '', '', '', 'التربية الفنية ', '', '');
INSERT INTO `lk9v6_users` (`name`, `email`, `usertype`) VALUES ('محمود السيد حسن الأبياري ', '', 'الخريجين');
INSERT INTO `lk9v6_alumni_main` (`id`, `user_id`, `approved`) VALUES (239795, 239795, 1);
INSERT INTO `lk9v6_alumni_data` (`alumni_id`, `graduation_year`, `fid`, `job`, `address`, `city`, `country`, `phone`, `gid`, `mobile`, `nationalnumber`, `department`, `division`, `with_honor`) VALUES (239795, 2007, '23', '', '', '', '', '', '', '', '', 'التربية الفنية ', '', '');
INSERT INTO `lk9v6_users` (`name`, `email`, `usertype`) VALUES ('مروة مصطفي محمد فوزي رجب ', '', 'الخريجين');
INSERT INTO `lk9v6_alumni_main` (`id`, `user_id`, `approved`) VALUES (239796, 239796, 1);
INSERT INTO `lk9v6_alumni_data` (`alumni_id`, `graduation_year`, `fid`, `job`, `address`, `city`, `country`, `phone`, `gid`, `mobile`, `nationalnumber`, `department`, `division`, `with_honor`) VALUES (239796, 2007, '23', '', '', '', '', '', '', '', '', 'التربية الفنية ', '', '');
INSERT INTO `lk9v6_users` (`name`, `email`, `usertype`) VALUES ('نانسي محمد السيد بسيوني سعدون', '', 'الخريجين');
INSERT INTO `lk9v6_alumni_main` (`id`, `user_id`, `approved`) VALUES (239797, 239797, 1);
INSERT INTO `lk9v6_alumni_data` (`alumni_id`, `graduation_year`, `fid`, `job`, `address`, `city`, `country`, `phone`, `gid`, `mobile`, `nationalnumber`, `department`, `division`, `with_honor`) VALUES (239797, 2007, '23', '', '', '', '', '', '', '', '', 'التربية الفنية ', '', '');
INSERT INTO `lk9v6_users` (`name`, `email`, `usertype`) VALUES ('نورا حسنين محمد السيد نجار ', '', 'الخريجين');
INSERT INTO `lk9v6_alumni_main` (`id`, `user_id`, `approved`) VALUES (239798, 239798, 1);
INSERT INTO `lk9v6_alumni_data` (`alumni_id`, `graduation_year`, `fid`, `job`, `address`, `city`, `country`, `phone`, `gid`, `mobile`, `nationalnumber`, `department`, `division`, `with_honor`) VALUES (239798, 2007, '23', '', '', '', '', '', '', '', '', 'التربية الفنية ', '', '');
INSERT INTO `lk9v6_users` (`name`, `email`, `usertype`) VALUES ('نيهال جمعة عبد المنعم عبد العزيز رمضان', '', 'الخريجين');
INSERT INTO `lk9v6_alumni_main` (`id`, `user_id`, `approved`) VALUES (239799, 239799, 1);
INSERT INTO `lk9v6_alumni_data` (`alumni_id`, `graduation_year`, `fid`, `job`, `address`, `city`, `country`, `phone`, `gid`, `mobile`, `nationalnumber`, `department`, `division`, `with_honor`) VALUES (239799, 2007, '23', '', '', '', '', '', '', '', '', 'التربية الفنية ', '', '');
INSERT INTO `lk9v6_users` (`name`, `email`, `usertype`) VALUES ('أميرة أحمد حلمي الديب', '', 'الخريجين');
INSERT INTO `lk9v6_alumni_main` (`id`, `user_id`, `approved`) VALUES (239800, 239800, 1);
INSERT INTO `lk9v6_alumni_data` (`alumni_id`, `graduation_year`, `fid`, `job`, `address`, `city`, `country`, `phone`, `gid`, `mobile`, `nationalnumber`, `department`, `division`, `with_honor`) VALUES (239800, 2007, '23', '', '', '', '', '', '', '', '', 'التربية الموسيقية 2007', '', '');
INSERT INTO `lk9v6_users` (`name`, `email`, `usertype`) VALUES ('هبة جلال أحمد الحو', '', 'الخريجين');
INSERT INTO `lk9v6_alumni_main` (`id`, `user_id`, `approved`) VALUES (239801, 239801, 1);
INSERT INTO `lk9v6_alumni_data` (`alumni_id`, `graduation_year`, `fid`, `job`, `address`, `city`, `country`, `phone`, `gid`, `mobile`, `nationalnumber`, `department`, `division`, `with_honor`) VALUES (239801, 2007, '23', '', '', '', '', '', '', '', '', 'التربية الموسيقية 2007', '', '');
INSERT INTO `lk9v6_users` (`name`, `email`, `usertype`) VALUES ('أسماء آدم علي شاطر', '', 'الخريجين');
INSERT INTO `lk9v6_alumni_main` (`id`, `user_id`, `approved`) VALUES (239802, 239802, 1);
INSERT INTO `lk9v6_alumni_data` (`alumni_id`, `graduation_year`, `fid`, `job`, `address`, `city`, `country`, `phone`, `gid`, `mobile`, `nationalnumber`, `department`, `division`, `with_honor`) VALUES (239802, 2007, '23', '', '', '', '', '', '', '', '', 'التربية الموسيقية 2007', '', '');
INSERT INTO `lk9v6_users` (`name`, `email`, `usertype`) VALUES ('دعاء محمد محمود محمد السعدني ', '', 'الخريجين');
INSERT INTO `lk9v6_alumni_main` (`id`, `user_id`, `approved`) VALUES (239803, 239803, 1);
INSERT INTO `lk9v6_alumni_data` (`alumni_id`, `graduation_year`, `fid`, `job`, `address`, `city`, `country`, `phone`, `gid`, `mobile`, `nationalnumber`, `department`, `division`, `with_honor`) VALUES (239803, 2007, '23', '', '', '', '', '', '', '', '', 'التربية الموسيقية 2007', '', '');
INSERT INTO `lk9v6_users` (`name`, `email`, `usertype`) VALUES ('ريهام صبري حسن زايد', '', 'الخريجين');
INSERT INTO `lk9v6_alumni_main` (`id`, `user_id`, `approved`) VALUES (239804, 239804, 1);
INSERT INTO `lk9v6_alumni_data` (`alumni_id`, `graduation_year`, `fid`, `job`, `address`, `city`, `country`, `phone`, `gid`, `mobile`, `nationalnumber`, `department`, `division`, `with_honor`) VALUES (239804, 2007, '23', '', '', '', '', '', '', '', '', 'التربية الموسيقية 2007', '', '');
INSERT INTO `lk9v6_users` (`name`, `email`, `usertype`) VALUES ('سلمي علي راشد علي أحمد', '', 'الخريجين');
INSERT INTO `lk9v6_alumni_main` (`id`, `user_id`, `approved`) VALUES (239805, 239805, 1);
INSERT INTO `lk9v6_alumni_data` (`alumni_id`, `graduation_year`, `fid`, `job`, `address`, `city`, `country`, `phone`, `gid`, `mobile`, `nationalnumber`, `department`, `division`, `with_honor`) VALUES (239805, 2007, '23', '', '', '', '', '', '', '', '', 'التربية الموسيقية 2007', '', '');
INSERT INTO `lk9v6_users` (`name`, `email`, `usertype`) VALUES ('سلوي مجدي عبد الرحمن جبر', '', 'الخريجين');
INSERT INTO `lk9v6_alumni_main` (`id`, `user_id`, `approved`) VALUES (239806, 239806, 1);
INSERT INTO `lk9v6_alumni_data` (`alumni_id`, `graduation_year`, `fid`, `job`, `address`, `city`, `country`, `phone`, `gid`, `mobile`, `nationalnumber`, `department`, `division`, `with_honor`) VALUES (239806, 2007, '23', '', '', '', '', '', '', '', '', 'التربية الموسيقية 2007', '', '');
INSERT INTO `lk9v6_users` (`name`, `email`, `usertype`) VALUES ('شيرين نصر لويس شحاته', '', 'الخريجين');
INSERT INTO `lk9v6_alumni_main` (`id`, `user_id`, `approved`) VALUES (239807, 239807, 1);
INSERT INTO `lk9v6_alumni_data` (`alumni_id`, `graduation_year`, `fid`, `job`, `address`, `city`, `country`, `phone`, `gid`, `mobile`, `nationalnumber`, `department`, `division`, `with_honor`) VALUES (239807, 2007, '23', '', '', '', '', '', '', '', '', 'التربية الموسيقية 2007', '', '');
INSERT INTO `lk9v6_users` (`name`, `email`, `usertype`) VALUES ('شيماء عبد الحميد محمود محمد ابراهيم ', '', 'الخريجين');
INSERT INTO `lk9v6_alumni_main` (`id`, `user_id`, `approved`) VALUES (239808, 239808, 1);
INSERT INTO `lk9v6_alumni_data` (`alumni_id`, `graduation_year`, `fid`, `job`, `address`, `city`, `country`, `phone`, `gid`, `mobile`, `nationalnumber`, `department`, `division`, `with_honor`) VALUES (239808, 2007, '23', '', '', '', '', '', '', '', '', 'التربية الموسيقية 2007', '', '');
INSERT INTO `lk9v6_users` (`name`, `email`, `usertype`) VALUES ('شيماء محمد عمر عبد العزيز', '', 'الخريجين');
INSERT INTO `lk9v6_alumni_main` (`id`, `user_id`, `approved`) VALUES (239809, 239809, 1);
INSERT INTO `lk9v6_alumni_data` (`alumni_id`, `graduation_year`, `fid`, `job`, `address`, `city`, `country`, `phone`, `gid`, `mobile`, `nationalnumber`, `department`, `division`, `with_honor`) VALUES (239809, 2007, '23', '', '', '', '', '', '', '', '', 'التربية الموسيقية 2007', '', '');
INSERT INTO `lk9v6_users` (`name`, `email`, `usertype`) VALUES ('صافيناز محمد عبد الله عبد الكريم ', '', 'الخريجين');
INSERT INTO `lk9v6_alumni_main` (`id`, `user_id`, `approved`) VALUES (239810, 239810, 1);
INSERT INTO `lk9v6_alumni_data` (`alumni_id`, `graduation_year`, `fid`, `job`, `address`, `city`, `country`, `phone`, `gid`, `mobile`, `nationalnumber`, `department`, `division`, `with_honor`) VALUES (239810, 2007, '23', '', '', '', '', '', '', '', '', 'التربية الموسيقية 2007', '', '');
INSERT INTO `lk9v6_users` (`name`, `email`, `usertype`) VALUES ('محمد سلامة جلال قناوي شويل', '', 'الخريجين');
INSERT INTO `lk9v6_alumni_main` (`id`, `user_id`, `approved`) VALUES (239811, 239811, 1);
INSERT INTO `lk9v6_alumni_data` (`alumni_id`, `graduation_year`, `fid`, `job`, `address`, `city`, `country`, `phone`, `gid`, `mobile`, `nationalnumber`, `department`, `division`, `with_honor`) VALUES (239811, 2007, '23', '', '', '', '', '', '', '', '', 'التربية الموسيقية 2007', '', '');
INSERT INTO `lk9v6_users` (`name`, `email`, `usertype`) VALUES ('محمد صبري أحمد حسن أحمد', '', 'الخريجين');
INSERT INTO `lk9v6_alumni_main` (`id`, `user_id`, `approved`) VALUES (239812, 239812, 1);
INSERT INTO `lk9v6_alumni_data` (`alumni_id`, `graduation_year`, `fid`, `job`, `address`, `city`, `country`, `phone`, `gid`, `mobile`, `nationalnumber`, `department`, `division`, `with_honor`) VALUES (239812, 2007, '23', '', '', '', '', '', '', '', '', 'التربية الموسيقية 2007', '', '');
INSERT INTO `lk9v6_users` (`name`, `email`, `usertype`) VALUES ('محمد علي سعد موسي ', '', 'الخريجين');
INSERT INTO `lk9v6_alumni_main` (`id`, `user_id`, `approved`) VALUES (239813, 239813, 1);
INSERT INTO `lk9v6_alumni_data` (`alumni_id`, `graduation_year`, `fid`, `job`, `address`, `city`, `country`, `phone`, `gid`, `mobile`, `nationalnumber`, `department`, `division`, `with_honor`) VALUES (239813, 2007, '23', '', '', '', '', '', '', '', '', 'التربية الموسيقية 2007', '', '');
INSERT INTO `lk9v6_users` (`name`, `email`, `usertype`) VALUES ('محمد يس عبد الرحيم يس', '', 'الخريجين');
INSERT INTO `lk9v6_alumni_main` (`id`, `user_id`, `approved`) VALUES (239814, 239814, 1);
INSERT INTO `lk9v6_alumni_data` (`alumni_id`, `graduation_year`, `fid`, `job`, `address`, `city`, `country`, `phone`, `gid`, `mobile`, `nationalnumber`, `department`, `division`, `with_honor`) VALUES (239814, 2007, '23', '', '', '', '', '', '', '', '', 'التربية الموسيقية 2007', '', '');
INSERT INTO `lk9v6_users` (`name`, `email`, `usertype`) VALUES ('مروة يسري محمد سعد أبو حلاوة ', '', 'الخريجين');
INSERT INTO `lk9v6_alumni_main` (`id`, `user_id`, `approved`) VALUES (239815, 239815, 1);
INSERT INTO `lk9v6_alumni_data` (`alumni_id`, `graduation_year`, `fid`, `job`, `address`, `city`, `country`, `phone`, `gid`, `mobile`, `nationalnumber`, `department`, `division`, `with_honor`) VALUES (239815, 2007, '23', '', '', '', '', '', '', '', '', 'التربية الموسيقية 2007', '', '');
INSERT INTO `lk9v6_users` (`name`, `email`, `usertype`) VALUES ('مريان وهيب ميخائيل ميرهم شنودة', '', 'الخريجين');
INSERT INTO `lk9v6_alumni_main` (`id`, `user_id`, `approved`) VALUES (239816, 239816, 1);
INSERT INTO `lk9v6_alumni_data` (`alumni_id`, `graduation_year`, `fid`, `job`, `address`, `city`, `country`, `phone`, `gid`, `mobile`, `nationalnumber`, `department`, `division`, `with_honor`) VALUES (239816, 2007, '23', '', '', '', '', '', '', '', '', 'التربية الموسيقية 2007', '', '');
INSERT INTO `lk9v6_users` (`name`, `email`, `usertype`) VALUES ('ندي غالب محسن رمضان موسي ', '', 'الخريجين');
INSERT INTO `lk9v6_alumni_main` (`id`, `user_id`, `approved`) VALUES (239817, 239817, 1);
INSERT INTO `lk9v6_alumni_data` (`alumni_id`, `graduation_year`, `fid`, `job`, `address`, `city`, `country`, `phone`, `gid`, `mobile`, `nationalnumber`, `department`, `division`, `with_honor`) VALUES (239817, 2007, '23', '', '', '', '', '', '', '', '', 'التربية الموسيقية 2007', '', '');
INSERT INTO `lk9v6_users` (`name`, `email`, `usertype`) VALUES ('أميرة أحمد محمد أحمد السيد ', '', 'الخريجين');
INSERT INTO `lk9v6_alumni_main` (`id`, `user_id`, `approved`) VALUES (239818, 239818, 1);
INSERT INTO `lk9v6_alumni_data` (`alumni_id`, `graduation_year`, `fid`, `job`, `address`, `city`, `country`, `phone`, `gid`, `mobile`, `nationalnumber`, `department`, `division`, `with_honor`) VALUES (239818, 2007, '23', '', '', '', '', '', '', '', '', 'التربية الموسيقية 2007', '', '');
INSERT INTO `lk9v6_users` (`name`, `email`, `usertype`) VALUES ('أيمان محمد أحمد طه', '', 'الخريجين');
INSERT INTO `lk9v6_alumni_main` (`id`, `user_id`, `approved`) VALUES (239819, 239819, 1);
INSERT INTO `lk9v6_alumni_data` (`alumni_id`, `graduation_year`, `fid`, `job`, `address`, `city`, `country`, `phone`, `gid`, `mobile`, `nationalnumber`, `department`, `division`, `with_honor`) VALUES (239819, 2007, '23', '', '', '', '', '', '', '', '', 'التربية الموسيقية 2007', '', '');
INSERT INTO `lk9v6_users` (`name`, `email`, `usertype`) VALUES ('دعاء عبد الحميد أحمد علي هلال', '', 'الخريجين');
INSERT INTO `lk9v6_alumni_main` (`id`, `user_id`, `approved`) VALUES (239820, 239820, 1);
INSERT INTO `lk9v6_alumni_data` (`alumni_id`, `graduation_year`, `fid`, `job`, `address`, `city`, `country`, `phone`, `gid`, `mobile`, `nationalnumber`, `department`, `division`, `with_honor`) VALUES (239820, 2007, '23', '', '', '', '', '', '', '', '', 'التربية الموسيقية 2007', '', '');
INSERT INTO `lk9v6_users` (`name`, `email`, `usertype`) VALUES ('دينا محمد حسني محمود عرفه', '', 'الخريجين');
INSERT INTO `lk9v6_alumni_main` (`id`, `user_id`, `approved`) VALUES (239821, 239821, 1);
INSERT INTO `lk9v6_alumni_data` (`alumni_id`, `graduation_year`, `fid`, `job`, `address`, `city`, `country`, `phone`, `gid`, `mobile`, `nationalnumber`, `department`, `division`, `with_honor`) VALUES (239821, 2007, '23', '', '', '', '', '', '', '', '', 'التربية الموسيقية 2007', '', '');
INSERT INTO `lk9v6_users` (`name`, `email`, `usertype`) VALUES ('ريموندة نسيم فهيم ابراهيم', '', 'الخريجين');
INSERT INTO `lk9v6_alumni_main` (`id`, `user_id`, `approved`) VALUES (239822, 239822, 1);
INSERT INTO `lk9v6_alumni_data` (`alumni_id`, `graduation_year`, `fid`, `job`, `address`, `city`, `country`, `phone`, `gid`, `mobile`, `nationalnumber`, `department`, `division`, `with_honor`) VALUES (239822, 2007, '23', '', '', '', '', '', '', '', '', 'التربية الموسيقية 2007', '', '');
INSERT INTO `lk9v6_users` (`name`, `email`, `usertype`) VALUES ('زينب محمد سيد أحمد محمد شطير', '', 'الخريجين');
INSERT INTO `lk9v6_alumni_main` (`id`, `user_id`, `approved`) VALUES (239823, 239823, 1);
INSERT INTO `lk9v6_alumni_data` (`alumni_id`, `graduation_year`, `fid`, `job`, `address`, `city`, `country`, `phone`, `gid`, `mobile`, `nationalnumber`, `department`, `division`, `with_honor`) VALUES (239823, 2007, '23', '', '', '', '', '', '', '', '', 'التربية الموسيقية 2007', '', '');
INSERT INTO `lk9v6_users` (`name`, `email`, `usertype`) VALUES ('سارة عز توفيق سيد أحمد', '', 'الخريجين');
INSERT INTO `lk9v6_alumni_main` (`id`, `user_id`, `approved`) VALUES (239824, 239824, 1);
INSERT INTO `lk9v6_alumni_data` (`alumni_id`, `graduation_year`, `fid`, `job`, `address`, `city`, `country`, `phone`, `gid`, `mobile`, `nationalnumber`, `department`, `division`, `with_honor`) VALUES (239824, 2007, '23', '', '', '', '', '', '', '', '', 'التربية الموسيقية 2007', '', '');
INSERT INTO `lk9v6_users` (`name`, `email`, `usertype`) VALUES ('سارة علي مصطفي مازن', '', 'الخريجين');
INSERT INTO `lk9v6_alumni_main` (`id`, `user_id`, `approved`) VALUES (239825, 239825, 1);
INSERT INTO `lk9v6_alumni_data` (`alumni_id`, `graduation_year`, `fid`, `job`, `address`, `city`, `country`, `phone`, `gid`, `mobile`, `nationalnumber`, `department`, `division`, `with_honor`) VALUES (239825, 2007, '23', '', '', '', '', '', '', '', '', 'التربية الموسيقية 2007', '', '');
INSERT INTO `lk9v6_users` (`name`, `email`, `usertype`) VALUES ('سها عصام الدين أسعد مطر', '', 'الخريجين');
INSERT INTO `lk9v6_alumni_main` (`id`, `user_id`, `approved`) VALUES (239826, 239826, 1);
INSERT INTO `lk9v6_alumni_data` (`alumni_id`, `graduation_year`, `fid`, `job`, `address`, `city`, `country`, `phone`, `gid`, `mobile`, `nationalnumber`, `department`, `division`, `with_honor`) VALUES (239826, 2007, '23', '', '', '', '', '', '', '', '', 'التربية الموسيقية 2007', '', '');
INSERT INTO `lk9v6_users` (`name`, `email`, `usertype`) VALUES ('شيري مرقص فهيم جلوعة', '', 'الخريجين');
INSERT INTO `lk9v6_alumni_main` (`id`, `user_id`, `approved`) VALUES (239827, 239827, 1);
INSERT INTO `lk9v6_alumni_data` (`alumni_id`, `graduation_year`, `fid`, `job`, `address`, `city`, `country`, `phone`, `gid`, `mobile`, `nationalnumber`, `department`, `division`, `with_honor`) VALUES (239827, 2007, '23', '', '', '', '', '', '', '', '', 'التربية الموسيقية 2007', '', '');
INSERT INTO `lk9v6_users` (`name`, `email`, `usertype`) VALUES ('شيماء محمد الصغير ابراهيم ', '', 'الخريجين');
INSERT INTO `lk9v6_alumni_main` (`id`, `user_id`, `approved`) VALUES (239828, 239828, 1);
INSERT INTO `lk9v6_alumni_data` (`alumni_id`, `graduation_year`, `fid`, `job`, `address`, `city`, `country`, `phone`, `gid`, `mobile`, `nationalnumber`, `department`, `division`, `with_honor`) VALUES (239828, 2007, '23', '', '', '', '', '', '', '', '', 'التربية الموسيقية 2007', '', '');
INSERT INTO `lk9v6_users` (`name`, `email`, `usertype`) VALUES ('علياء محمد محمد صفوت ضيائي ', '', 'الخريجين');
INSERT INTO `lk9v6_alumni_main` (`id`, `user_id`, `approved`) VALUES (239829, 239829, 1);
INSERT INTO `lk9v6_alumni_data` (`alumni_id`, `graduation_year`, `fid`, `job`, `address`, `city`, `country`, `phone`, `gid`, `mobile`, `nationalnumber`, `department`, `division`, `with_honor`) VALUES (239829, 2007, '23', '', '', '', '', '', '', '', '', 'التربية الموسيقية 2007', '', '');
INSERT INTO `lk9v6_users` (`name`, `email`, `usertype`) VALUES ('مايكل عوض حبيب واقيم ', '', 'الخريجين');
INSERT INTO `lk9v6_alumni_main` (`id`, `user_id`, `approved`) VALUES (239830, 239830, 1);
INSERT INTO `lk9v6_alumni_data` (`alumni_id`, `graduation_year`, `fid`, `job`, `address`, `city`, `country`, `phone`, `gid`, `mobile`, `nationalnumber`, `department`, `division`, `with_honor`) VALUES (239830, 2007, '23', '', '', '', '', '', '', '', '', 'التربية الموسيقية 2007', '', '');
INSERT INTO `lk9v6_users` (`name`, `email`, `usertype`) VALUES ('محمد رشدي مصطفي خليل محمد', '', 'الخريجين');
INSERT INTO `lk9v6_alumni_main` (`id`, `user_id`, `approved`) VALUES (239831, 239831, 1);
INSERT INTO `lk9v6_alumni_data` (`alumni_id`, `graduation_year`, `fid`, `job`, `address`, `city`, `country`, `phone`, `gid`, `mobile`, `nationalnumber`, `department`, `division`, `with_honor`) VALUES (239831, 2007, '23', '', '', '', '', '', '', '', '', 'التربية الموسيقية 2007', '', '');
INSERT INTO `lk9v6_users` (`name`, `email`, `usertype`) VALUES ('مها مصطفي محمد عبد الرحمن مهران ', '', 'الخريجين');
INSERT INTO `lk9v6_alumni_main` (`id`, `user_id`, `approved`) VALUES (239832, 239832, 1);
INSERT INTO `lk9v6_alumni_data` (`alumni_id`, `graduation_year`, `fid`, `job`, `address`, `city`, `country`, `phone`, `gid`, `mobile`, `nationalnumber`, `department`, `division`, `with_honor`) VALUES (239832, 2007, '23', '', '', '', '', '', '', '', '', 'التربية الموسيقية 2007', '', '');
INSERT INTO `lk9v6_users` (`name`, `email`, `usertype`) VALUES ('نور بهاء الدين نجيب محمد', '', 'الخريجين');
INSERT INTO `lk9v6_alumni_main` (`id`, `user_id`, `approved`) VALUES (239833, 239833, 1);
INSERT INTO `lk9v6_alumni_data` (`alumni_id`, `graduation_year`, `fid`, `job`, `address`, `city`, `country`, `phone`, `gid`, `mobile`, `nationalnumber`, `department`, `division`, `with_honor`) VALUES (239833, 2007, '23', '', '', '', '', '', '', '', '', 'التربية الموسيقية 2007', '', '');
INSERT INTO `lk9v6_users` (`name`, `email`, `usertype`) VALUES ('نورهان حمدي عبد الستار محمود سالم', '', 'الخريجين');
INSERT INTO `lk9v6_alumni_main` (`id`, `user_id`, `approved`) VALUES (239834, 239834, 1);
INSERT INTO `lk9v6_alumni_data` (`alumni_id`, `graduation_year`, `fid`, `job`, `address`, `city`, `country`, `phone`, `gid`, `mobile`, `nationalnumber`, `department`, `division`, `with_honor`) VALUES (239834, 2007, '23', '', '', '', '', '', '', '', '', 'التربية الموسيقية 2007', '', '');
INSERT INTO `lk9v6_users` (`name`, `email`, `usertype`) VALUES ('نوسيلة ابراهيم ابراهيم الشناوي ', '', 'الخريجين');
INSERT INTO `lk9v6_alumni_main` (`id`, `user_id`, `approved`) VALUES (239835, 239835, 1);
INSERT INTO `lk9v6_alumni_data` (`alumni_id`, `graduation_year`, `fid`, `job`, `address`, `city`, `country`, `phone`, `gid`, `mobile`, `nationalnumber`, `department`, `division`, `with_honor`) VALUES (239835, 2007, '23', '', '', '', '', '', '', '', '', 'التربية الموسيقية 2007', '', '');
INSERT INTO `lk9v6_users` (`name`, `email`, `usertype`) VALUES ('نيفين محمد أحمد العواني ', '', 'الخريجين');
INSERT INTO `lk9v6_alumni_main` (`id`, `user_id`, `approved`) VALUES (239836, 239836, 1);
INSERT INTO `lk9v6_alumni_data` (`alumni_id`, `graduation_year`, `fid`, `job`, `address`, `city`, `country`, `phone`, `gid`, `mobile`, `nationalnumber`, `department`, `division`, `with_honor`) VALUES (239836, 2007, '23', '', '', '', '', '', '', '', '', 'التربية الموسيقية 2007', '', '');
INSERT INTO `lk9v6_users` (`name`, `email`, `usertype`) VALUES ('ولاء محمد محمود محمد الفرماوي ', '', 'الخريجين');
INSERT INTO `lk9v6_alumni_main` (`id`, `user_id`, `approved`) VALUES (239837, 239837, 1);
INSERT INTO `lk9v6_alumni_data` (`alumni_id`, `graduation_year`, `fid`, `job`, `address`, `city`, `country`, `phone`, `gid`, `mobile`, `nationalnumber`, `department`, `division`, `with_honor`) VALUES (239837, 2007, '23', '', '', '', '', '', '', '', '', 'التربية الموسيقية 2007', '', '');
INSERT INTO `lk9v6_users` (`name`, `email`, `usertype`) VALUES ('ياسمين محمد ابراهيم الجميل ', '', 'الخريجين');
INSERT INTO `lk9v6_alumni_main` (`id`, `user_id`, `approved`) VALUES (239838, 239838, 1);
INSERT INTO `lk9v6_alumni_data` (`alumni_id`, `graduation_year`, `fid`, `job`, `address`, `city`, `country`, `phone`, `gid`, `mobile`, `nationalnumber`, `department`, `division`, `with_honor`) VALUES (239838, 2007, '23', '', '', '', '', '', '', '', '', 'التربية الموسيقية 2007', '', '');
