INSERT INTO `lk9v6_users` (`name`, `email`, `usertype`) VALUES ('ابانوب ثروت ملقى الريس', '', 'الخريجين');
INSERT INTO `lk9v6_alumni_main` (`id`, `user_id`, `approved`) VALUES (239839, 239839, 1);
INSERT INTO `lk9v6_alumni_data` (`alumni_id`, `graduation_year`, `fid`, `job`, `address`, `city`, `country`, `phone`, `gid`, `mobile`, `nationalnumber`, `department`, `division`, `with_honor`) VALUES (239839, 2016, '2', '', '', '', '', '', 'جيد', '', '', '', '', '');
INSERT INTO `lk9v6_users` (`name`, `email`, `usertype`) VALUES ('ابانوب جمال راغب قلد', '', 'الخريجين');
INSERT INTO `lk9v6_alumni_main` (`id`, `user_id`, `approved`) VALUES (239840, 239840, 1);
INSERT INTO `lk9v6_alumni_data` (`alumni_id`, `graduation_year`, `fid`, `job`, `address`, `city`, `country`, `phone`, `gid`, `mobile`, `nationalnumber`, `department`, `division`, `with_honor`) VALUES (239840, 2016, '2', '', '', '', '', '', 'جيد', '', '', '', '', '');
INSERT INTO `lk9v6_users` (`name`, `email`, `usertype`) VALUES ('ابراهيم ابراهيم محمد غازى', '', 'الخريجين');
INSERT INTO `lk9v6_alumni_main` (`id`, `user_id`, `approved`) VALUES (239841, 239841, 1);
INSERT INTO `lk9v6_alumni_data` (`alumni_id`, `graduation_year`, `fid`, `job`, `address`, `city`, `country`, `phone`, `gid`, `mobile`, `nationalnumber`, `department`, `division`, `with_honor`) VALUES (239841, 2016, '2', '', '', '', '', '', 'جيد', '', '', '', '', '');
INSERT INTO `lk9v6_users` (`name`, `email`, `usertype`) VALUES ('ابراهيم عبد الله ابراهيم عبد الوهاب', '', 'الخريجين');
INSERT INTO `lk9v6_alumni_main` (`id`, `user_id`, `approved`) VALUES (239842, 239842, 1);
INSERT INTO `lk9v6_alumni_data` (`alumni_id`, `graduation_year`, `fid`, `job`, `address`, `city`, `country`, `phone`, `gid`, `mobile`, `nationalnumber`, `department`, `division`, `with_honor`) VALUES (239842, 2016, '2', '', '', '', '', '', 'جيد', '', '', '', '', '');
INSERT INTO `lk9v6_users` (`name`, `email`, `usertype`) VALUES ('احسان احمد حسين محمد الطويل', '', 'الخريجين');
INSERT INTO `lk9v6_alumni_main` (`id`, `user_id`, `approved`) VALUES (239843, 239843, 1);
INSERT INTO `lk9v6_alumni_data` (`alumni_id`, `graduation_year`, `fid`, `job`, `address`, `city`, `country`, `phone`, `gid`, `mobile`, `nationalnumber`, `department`, `division`, `with_honor`) VALUES (239843, 2016, '2', '', '', '', '', '', 'جيد', '', '', '', '', '');
INSERT INTO `lk9v6_users` (`name`, `email`, `usertype`) VALUES ('احمد ابراهيم كمال على ابو غربيه', '', 'الخريجين');
INSERT INTO `lk9v6_alumni_main` (`id`, `user_id`, `approved`) VALUES (239844, 239844, 1);
INSERT INTO `lk9v6_alumni_data` (`alumni_id`, `graduation_year`, `fid`, `job`, `address`, `city`, `country`, `phone`, `gid`, `mobile`, `nationalnumber`, `department`, `division`, `with_honor`) VALUES (239844, 2016, '2', '', '', '', '', '', 'جيد', '', '', '', '', '');
INSERT INTO `lk9v6_users` (`name`, `email`, `usertype`) VALUES ('احمد ابراهيم محمد ابراهيم الخيال', '', 'الخريجين');
INSERT INTO `lk9v6_alumni_main` (`id`, `user_id`, `approved`) VALUES (239845, 239845, 1);
INSERT INTO `lk9v6_alumni_data` (`alumni_id`, `graduation_year`, `fid`, `job`, `address`, `city`, `country`, `phone`, `gid`, `mobile`, `nationalnumber`, `department`, `division`, `with_honor`) VALUES (239845, 2016, '2', '', '', '', '', '', 'جيد', '', '', '', '', '');
INSERT INTO `lk9v6_users` (`name`, `email`, `usertype`) VALUES ('احمد السيد عبد اللطيف السيد', '', 'الخريجين');
INSERT INTO `lk9v6_alumni_main` (`id`, `user_id`, `approved`) VALUES (239846, 239846, 1);
INSERT INTO `lk9v6_alumni_data` (`alumni_id`, `graduation_year`, `fid`, `job`, `address`, `city`, `country`, `phone`, `gid`, `mobile`, `nationalnumber`, `department`, `division`, `with_honor`) VALUES (239846, 2016, '2', '', '', '', '', '', 'جيد', '', '', '', '', '');
INSERT INTO `lk9v6_users` (`name`, `email`, `usertype`) VALUES ('احمد السيد محمد محمد الدهنه', '', 'الخريجين');
INSERT INTO `lk9v6_alumni_main` (`id`, `user_id`, `approved`) VALUES (239847, 239847, 1);
INSERT INTO `lk9v6_alumni_data` (`alumni_id`, `graduation_year`, `fid`, `job`, `address`, `city`, `country`, `phone`, `gid`, `mobile`, `nationalnumber`, `department`, `division`, `with_honor`) VALUES (239847, 2016, '2', '', '', '', '', '', 'جيد', '', '', '', '', '');
INSERT INTO `lk9v6_users` (`name`, `email`, `usertype`) VALUES ('احمد السيد مسعد عطوه القن', '', 'الخريجين');
INSERT INTO `lk9v6_alumni_main` (`id`, `user_id`, `approved`) VALUES (239848, 239848, 1);
INSERT INTO `lk9v6_alumni_data` (`alumni_id`, `graduation_year`, `fid`, `job`, `address`, `city`, `country`, `phone`, `gid`, `mobile`, `nationalnumber`, `department`, `division`, `with_honor`) VALUES (239848, 2016, '2', '', '', '', '', '', 'جيد', '', '', '', '', '');
INSERT INTO `lk9v6_users` (`name`, `email`, `usertype`) VALUES ('احمد ايمن محمد يوسف بربر', '', 'الخريجين');
INSERT INTO `lk9v6_alumni_main` (`id`, `user_id`, `approved`) VALUES (239849, 239849, 1);
INSERT INTO `lk9v6_alumni_data` (`alumni_id`, `graduation_year`, `fid`, `job`, `address`, `city`, `country`, `phone`, `gid`, `mobile`, `nationalnumber`, `department`, `division`, `with_honor`) VALUES (239849, 2016, '2', '', '', '', '', '', 'جيد', '', '', '', '', '');
INSERT INTO `lk9v6_users` (`name`, `email`, `usertype`) VALUES ('احمد بهاء الدين محمد عزت محمود عبد الله', '', 'الخريجين');
INSERT INTO `lk9v6_alumni_main` (`id`, `user_id`, `approved`) VALUES (239850, 239850, 1);
INSERT INTO `lk9v6_alumni_data` (`alumni_id`, `graduation_year`, `fid`, `job`, `address`, `city`, `country`, `phone`, `gid`, `mobile`, `nationalnumber`, `department`, `division`, `with_honor`) VALUES (239850, 2016, '2', '', '', '', '', '', 'جيد', '', '', '', '', '');
INSERT INTO `lk9v6_users` (`name`, `email`, `usertype`) VALUES ('احمد جلال فؤاد محمد مصطفى عويس', '', 'الخريجين');
INSERT INTO `lk9v6_alumni_main` (`id`, `user_id`, `approved`) VALUES (239851, 239851, 1);
INSERT INTO `lk9v6_alumni_data` (`alumni_id`, `graduation_year`, `fid`, `job`, `address`, `city`, `country`, `phone`, `gid`, `mobile`, `nationalnumber`, `department`, `division`, `with_honor`) VALUES (239851, 2016, '2', '', '', '', '', '', 'جيد', '', '', '', '', '');
INSERT INTO `lk9v6_users` (`name`, `email`, `usertype`) VALUES ('احمد حمدى سعد عماره', '', 'الخريجين');
INSERT INTO `lk9v6_alumni_main` (`id`, `user_id`, `approved`) VALUES (239852, 239852, 1);
INSERT INTO `lk9v6_alumni_data` (`alumni_id`, `graduation_year`, `fid`, `job`, `address`, `city`, `country`, `phone`, `gid`, `mobile`, `nationalnumber`, `department`, `division`, `with_honor`) VALUES (239852, 2016, '2', '', '', '', '', '', 'جيد', '', '', '', '', '');
INSERT INTO `lk9v6_users` (`name`, `email`, `usertype`) VALUES ('احمد خالد احمد محمد السيد عجمى', '', 'الخريجين');
INSERT INTO `lk9v6_alumni_main` (`id`, `user_id`, `approved`) VALUES (239853, 239853, 1);
INSERT INTO `lk9v6_alumni_data` (`alumni_id`, `graduation_year`, `fid`, `job`, `address`, `city`, `country`, `phone`, `gid`, `mobile`, `nationalnumber`, `department`, `division`, `with_honor`) VALUES (239853, 2016, '2', '', '', '', '', '', 'جيد', '', '', '', '', '');
INSERT INTO `lk9v6_users` (`name`, `email`, `usertype`) VALUES ('احمد خميس يونس عبد الجليل', '', 'الخريجين');
INSERT INTO `lk9v6_alumni_main` (`id`, `user_id`, `approved`) VALUES (239854, 239854, 1);
INSERT INTO `lk9v6_alumni_data` (`alumni_id`, `graduation_year`, `fid`, `job`, `address`, `city`, `country`, `phone`, `gid`, `mobile`, `nationalnumber`, `department`, `division`, `with_honor`) VALUES (239854, 2016, '2', '', '', '', '', '', 'جيد', '', '', '', '', '');
INSERT INTO `lk9v6_users` (`name`, `email`, `usertype`) VALUES ('احمد رجب سيد احمد عطية', '', 'الخريجين');
INSERT INTO `lk9v6_alumni_main` (`id`, `user_id`, `approved`) VALUES (239855, 239855, 1);
INSERT INTO `lk9v6_alumni_data` (`alumni_id`, `graduation_year`, `fid`, `job`, `address`, `city`, `country`, `phone`, `gid`, `mobile`, `nationalnumber`, `department`, `division`, `with_honor`) VALUES (239855, 2016, '2', '', '', '', '', '', 'جيد', '', '', '', '', '');
INSERT INTO `lk9v6_users` (`name`, `email`, `usertype`) VALUES ('احمد رملى انور عوض عشيبه', '', 'الخريجين');
INSERT INTO `lk9v6_alumni_main` (`id`, `user_id`, `approved`) VALUES (239856, 239856, 1);
INSERT INTO `lk9v6_alumni_data` (`alumni_id`, `graduation_year`, `fid`, `job`, `address`, `city`, `country`, `phone`, `gid`, `mobile`, `nationalnumber`, `department`, `division`, `with_honor`) VALUES (239856, 2016, '2', '', '', '', '', '', 'جيد', '', '', '', '', '');
INSERT INTO `lk9v6_users` (`name`, `email`, `usertype`) VALUES ('احمد سعد عبد الجليل اسماعيل النكلاوى', '', 'الخريجين');
INSERT INTO `lk9v6_alumni_main` (`id`, `user_id`, `approved`) VALUES (239857, 239857, 1);
INSERT INTO `lk9v6_alumni_data` (`alumni_id`, `graduation_year`, `fid`, `job`, `address`, `city`, `country`, `phone`, `gid`, `mobile`, `nationalnumber`, `department`, `division`, `with_honor`) VALUES (239857, 2016, '2', '', '', '', '', '', 'جيد', '', '', '', '', '');
INSERT INTO `lk9v6_users` (`name`, `email`, `usertype`) VALUES ('احمد سمير صابر محمد قديحه', '', 'الخريجين');
INSERT INTO `lk9v6_alumni_main` (`id`, `user_id`, `approved`) VALUES (239858, 239858, 1);
INSERT INTO `lk9v6_alumni_data` (`alumni_id`, `graduation_year`, `fid`, `job`, `address`, `city`, `country`, `phone`, `gid`, `mobile`, `nationalnumber`, `department`, `division`, `with_honor`) VALUES (239858, 2016, '2', '', '', '', '', '', 'جيد', '', '', '', '', '');
INSERT INTO `lk9v6_users` (`name`, `email`, `usertype`) VALUES ('احمد سمير محمود مصطفى محرم', '', 'الخريجين');
INSERT INTO `lk9v6_alumni_main` (`id`, `user_id`, `approved`) VALUES (239859, 239859, 1);
INSERT INTO `lk9v6_alumni_data` (`alumni_id`, `graduation_year`, `fid`, `job`, `address`, `city`, `country`, `phone`, `gid`, `mobile`, `nationalnumber`, `department`, `division`, `with_honor`) VALUES (239859, 2016, '2', '', '', '', '', '', 'جيد', '', '', '', '', '');
INSERT INTO `lk9v6_users` (`name`, `email`, `usertype`) VALUES ('احمد سمير معوض دسوقى', '', 'الخريجين');
INSERT INTO `lk9v6_alumni_main` (`id`, `user_id`, `approved`) VALUES (239860, 239860, 1);
INSERT INTO `lk9v6_alumni_data` (`alumni_id`, `graduation_year`, `fid`, `job`, `address`, `city`, `country`, `phone`, `gid`, `mobile`, `nationalnumber`, `department`, `division`, `with_honor`) VALUES (239860, 2016, '2', '', '', '', '', '', 'جيد', '', '', '', '', '');
INSERT INTO `lk9v6_users` (`name`, `email`, `usertype`) VALUES ('احمد صبحى عبد اللاه اسماعيل', '', 'الخريجين');
INSERT INTO `lk9v6_alumni_main` (`id`, `user_id`, `approved`) VALUES (239861, 239861, 1);
INSERT INTO `lk9v6_alumni_data` (`alumni_id`, `graduation_year`, `fid`, `job`, `address`, `city`, `country`, `phone`, `gid`, `mobile`, `nationalnumber`, `department`, `division`, `with_honor`) VALUES (239861, 2016, '2', '', '', '', '', '', 'جيد', '', '', '', '', '');
INSERT INTO `lk9v6_users` (`name`, `email`, `usertype`) VALUES ('احمد صبرى عبد القصود سليمان', '', 'الخريجين');
INSERT INTO `lk9v6_alumni_main` (`id`, `user_id`, `approved`) VALUES (239862, 239862, 1);
INSERT INTO `lk9v6_alumni_data` (`alumni_id`, `graduation_year`, `fid`, `job`, `address`, `city`, `country`, `phone`, `gid`, `mobile`, `nationalnumber`, `department`, `division`, `with_honor`) VALUES (239862, 2016, '2', '', '', '', '', '', 'جيد', '', '', '', '', '');
INSERT INTO `lk9v6_users` (`name`, `email`, `usertype`) VALUES ('احمد طارق احمد محمود المعلاوى', '', 'الخريجين');
INSERT INTO `lk9v6_alumni_main` (`id`, `user_id`, `approved`) VALUES (239863, 239863, 1);
INSERT INTO `lk9v6_alumni_data` (`alumni_id`, `graduation_year`, `fid`, `job`, `address`, `city`, `country`, `phone`, `gid`, `mobile`, `nationalnumber`, `department`, `division`, `with_honor`) VALUES (239863, 2016, '2', '', '', '', '', '', 'جيد', '', '', '', '', '');
INSERT INTO `lk9v6_users` (`name`, `email`, `usertype`) VALUES ('احمد عادل السيد على الشوربجى', '', 'الخريجين');
INSERT INTO `lk9v6_alumni_main` (`id`, `user_id`, `approved`) VALUES (239864, 239864, 1);
INSERT INTO `lk9v6_alumni_data` (`alumni_id`, `graduation_year`, `fid`, `job`, `address`, `city`, `country`, `phone`, `gid`, `mobile`, `nationalnumber`, `department`, `division`, `with_honor`) VALUES (239864, 2016, '2', '', '', '', '', '', 'جيد', '', '', '', '', '');
INSERT INTO `lk9v6_users` (`name`, `email`, `usertype`) VALUES ('احمد عادل محمد عبد اللطيف الجمال', '', 'الخريجين');
INSERT INTO `lk9v6_alumni_main` (`id`, `user_id`, `approved`) VALUES (239865, 239865, 1);
INSERT INTO `lk9v6_alumni_data` (`alumni_id`, `graduation_year`, `fid`, `job`, `address`, `city`, `country`, `phone`, `gid`, `mobile`, `nationalnumber`, `department`, `division`, `with_honor`) VALUES (239865, 2016, '2', '', '', '', '', '', 'جيد', '', '', '', '', '');
INSERT INTO `lk9v6_users` (`name`, `email`, `usertype`) VALUES ('احمد عبد الجواد عبد العليم على عبد الرازق', '', 'الخريجين');
INSERT INTO `lk9v6_alumni_main` (`id`, `user_id`, `approved`) VALUES (239866, 239866, 1);
INSERT INTO `lk9v6_alumni_data` (`alumni_id`, `graduation_year`, `fid`, `job`, `address`, `city`, `country`, `phone`, `gid`, `mobile`, `nationalnumber`, `department`, `division`, `with_honor`) VALUES (239866, 2016, '2', '', '', '', '', '', 'جيد', '', '', '', '', '');
INSERT INTO `lk9v6_users` (`name`, `email`, `usertype`) VALUES ('احمد عبد السيد عبد السيد الصاوى', '', 'الخريجين');
INSERT INTO `lk9v6_alumni_main` (`id`, `user_id`, `approved`) VALUES (239867, 239867, 1);
INSERT INTO `lk9v6_alumni_data` (`alumni_id`, `graduation_year`, `fid`, `job`, `address`, `city`, `country`, `phone`, `gid`, `mobile`, `nationalnumber`, `department`, `division`, `with_honor`) VALUES (239867, 2016, '2', '', '', '', '', '', 'جيد', '', '', '', '', '');
INSERT INTO `lk9v6_users` (`name`, `email`, `usertype`) VALUES ('احمد عزت محمد هلال العجوز', '', 'الخريجين');
INSERT INTO `lk9v6_alumni_main` (`id`, `user_id`, `approved`) VALUES (239868, 239868, 1);
INSERT INTO `lk9v6_alumni_data` (`alumni_id`, `graduation_year`, `fid`, `job`, `address`, `city`, `country`, `phone`, `gid`, `mobile`, `nationalnumber`, `department`, `division`, `with_honor`) VALUES (239868, 2016, '2', '', '', '', '', '', 'جيد', '', '', '', '', '');
INSERT INTO `lk9v6_users` (`name`, `email`, `usertype`) VALUES ('احمد عصام عبد المعطى محمد عبد الله ', '', 'الخريجين');
INSERT INTO `lk9v6_alumni_main` (`id`, `user_id`, `approved`) VALUES (239869, 239869, 1);
INSERT INTO `lk9v6_alumni_data` (`alumni_id`, `graduation_year`, `fid`, `job`, `address`, `city`, `country`, `phone`, `gid`, `mobile`, `nationalnumber`, `department`, `division`, `with_honor`) VALUES (239869, 2016, '2', '', '', '', '', '', 'جيد', '', '', '', '', '');
INSERT INTO `lk9v6_users` (`name`, `email`, `usertype`) VALUES ('احمد على احمد محمد على يوسف', '', 'الخريجين');
INSERT INTO `lk9v6_alumni_main` (`id`, `user_id`, `approved`) VALUES (239870, 239870, 1);
INSERT INTO `lk9v6_alumni_data` (`alumni_id`, `graduation_year`, `fid`, `job`, `address`, `city`, `country`, `phone`, `gid`, `mobile`, `nationalnumber`, `department`, `division`, `with_honor`) VALUES (239870, 2016, '2', '', '', '', '', '', 'جيد', '', '', '', '', '');
INSERT INTO `lk9v6_users` (`name`, `email`, `usertype`) VALUES ('احمد فتحى محمد عبد البارى مندور', '', 'الخريجين');
INSERT INTO `lk9v6_alumni_main` (`id`, `user_id`, `approved`) VALUES (239871, 239871, 1);
INSERT INTO `lk9v6_alumni_data` (`alumni_id`, `graduation_year`, `fid`, `job`, `address`, `city`, `country`, `phone`, `gid`, `mobile`, `nationalnumber`, `department`, `division`, `with_honor`) VALUES (239871, 2016, '2', '', '', '', '', '', 'جيد', '', '', '', '', '');
INSERT INTO `lk9v6_users` (`name`, `email`, `usertype`) VALUES ('احمد محمد عبد الرحيم محمد سيد احمد', '', 'الخريجين');
INSERT INTO `lk9v6_alumni_main` (`id`, `user_id`, `approved`) VALUES (239872, 239872, 1);
INSERT INTO `lk9v6_alumni_data` (`alumni_id`, `graduation_year`, `fid`, `job`, `address`, `city`, `country`, `phone`, `gid`, `mobile`, `nationalnumber`, `department`, `division`, `with_honor`) VALUES (239872, 2016, '2', '', '', '', '', '', 'جيد', '', '', '', '', '');
INSERT INTO `lk9v6_users` (`name`, `email`, `usertype`) VALUES ('احمد محمد عبد الستار عوينه', '', 'الخريجين');
INSERT INTO `lk9v6_alumni_main` (`id`, `user_id`, `approved`) VALUES (239873, 239873, 1);
INSERT INTO `lk9v6_alumni_data` (`alumni_id`, `graduation_year`, `fid`, `job`, `address`, `city`, `country`, `phone`, `gid`, `mobile`, `nationalnumber`, `department`, `division`, `with_honor`) VALUES (239873, 2016, '2', '', '', '', '', '', 'جيد', '', '', '', '', '');
INSERT INTO `lk9v6_users` (`name`, `email`, `usertype`) VALUES ('احمد محمد عبد الهادى مصطفى بدر', '', 'الخريجين');
INSERT INTO `lk9v6_alumni_main` (`id`, `user_id`, `approved`) VALUES (239874, 239874, 1);
INSERT INTO `lk9v6_alumni_data` (`alumni_id`, `graduation_year`, `fid`, `job`, `address`, `city`, `country`, `phone`, `gid`, `mobile`, `nationalnumber`, `department`, `division`, `with_honor`) VALUES (239874, 2016, '2', '', '', '', '', '', 'جيد', '', '', '', '', '');
INSERT INTO `lk9v6_users` (`name`, `email`, `usertype`) VALUES ('احمد محمد نعيم الشايب', '', 'الخريجين');
INSERT INTO `lk9v6_alumni_main` (`id`, `user_id`, `approved`) VALUES (239875, 239875, 1);
INSERT INTO `lk9v6_alumni_data` (`alumni_id`, `graduation_year`, `fid`, `job`, `address`, `city`, `country`, `phone`, `gid`, `mobile`, `nationalnumber`, `department`, `division`, `with_honor`) VALUES (239875, 2016, '2', '', '', '', '', '', 'جيد', '', '', '', '', '');
INSERT INTO `lk9v6_users` (`name`, `email`, `usertype`) VALUES ('احمد مصطفى خالد بدر الدين محمد عوض', '', 'الخريجين');
INSERT INTO `lk9v6_alumni_main` (`id`, `user_id`, `approved`) VALUES (239876, 239876, 1);
INSERT INTO `lk9v6_alumni_data` (`alumni_id`, `graduation_year`, `fid`, `job`, `address`, `city`, `country`, `phone`, `gid`, `mobile`, `nationalnumber`, `department`, `division`, `with_honor`) VALUES (239876, 2016, '2', '', '', '', '', '', 'جيد', '', '', '', '', '');
INSERT INTO `lk9v6_users` (`name`, `email`, `usertype`) VALUES ('احمد نجيب شعبان عبد المحسن البرقى', '', 'الخريجين');
INSERT INTO `lk9v6_alumni_main` (`id`, `user_id`, `approved`) VALUES (239877, 239877, 1);
INSERT INTO `lk9v6_alumni_data` (`alumni_id`, `graduation_year`, `fid`, `job`, `address`, `city`, `country`, `phone`, `gid`, `mobile`, `nationalnumber`, `department`, `division`, `with_honor`) VALUES (239877, 2016, '2', '', '', '', '', '', 'جيد', '', '', '', '', '');
INSERT INTO `lk9v6_users` (`name`, `email`, `usertype`) VALUES ('احمد هشام احمد حسن على ابو سلامه', '', 'الخريجين');
INSERT INTO `lk9v6_alumni_main` (`id`, `user_id`, `approved`) VALUES (239878, 239878, 1);
INSERT INTO `lk9v6_alumni_data` (`alumni_id`, `graduation_year`, `fid`, `job`, `address`, `city`, `country`, `phone`, `gid`, `mobile`, `nationalnumber`, `department`, `division`, `with_honor`) VALUES (239878, 2016, '2', '', '', '', '', '', 'جيد', '', '', '', '', '');
INSERT INTO `lk9v6_users` (`name`, `email`, `usertype`) VALUES ('اسراء احمد بهى الدين يعقوب بركات', '', 'الخريجين');
INSERT INTO `lk9v6_alumni_main` (`id`, `user_id`, `approved`) VALUES (239879, 239879, 1);
INSERT INTO `lk9v6_alumni_data` (`alumni_id`, `graduation_year`, `fid`, `job`, `address`, `city`, `country`, `phone`, `gid`, `mobile`, `nationalnumber`, `department`, `division`, `with_honor`) VALUES (239879, 2016, '2', '', '', '', '', '', 'جيد', '', '', '', '', '');
INSERT INTO `lk9v6_users` (`name`, `email`, `usertype`) VALUES ('اسراء احمد محمد احمد ابو المجد بسيونى', '', 'الخريجين');
INSERT INTO `lk9v6_alumni_main` (`id`, `user_id`, `approved`) VALUES (239880, 239880, 1);
INSERT INTO `lk9v6_alumni_data` (`alumni_id`, `graduation_year`, `fid`, `job`, `address`, `city`, `country`, `phone`, `gid`, `mobile`, `nationalnumber`, `department`, `division`, `with_honor`) VALUES (239880, 2016, '2', '', '', '', '', '', 'جيد', '', '', '', '', '');
INSERT INTO `lk9v6_users` (`name`, `email`, `usertype`) VALUES ('اسراء احمد محمد حنفى محمود', '', 'الخريجين');
INSERT INTO `lk9v6_alumni_main` (`id`, `user_id`, `approved`) VALUES (239881, 239881, 1);
INSERT INTO `lk9v6_alumni_data` (`alumni_id`, `graduation_year`, `fid`, `job`, `address`, `city`, `country`, `phone`, `gid`, `mobile`, `nationalnumber`, `department`, `division`, `with_honor`) VALUES (239881, 2016, '2', '', '', '', '', '', 'جيد', '', '', '', '', '');
INSERT INTO `lk9v6_users` (`name`, `email`, `usertype`) VALUES ('اسراء جمال الدين محمد موسى', '', 'الخريجين');
INSERT INTO `lk9v6_alumni_main` (`id`, `user_id`, `approved`) VALUES (239882, 239882, 1);
INSERT INTO `lk9v6_alumni_data` (`alumni_id`, `graduation_year`, `fid`, `job`, `address`, `city`, `country`, `phone`, `gid`, `mobile`, `nationalnumber`, `department`, `division`, `with_honor`) VALUES (239882, 2016, '2', '', '', '', '', '', 'جيد', '', '', '', '', '');
INSERT INTO `lk9v6_users` (`name`, `email`, `usertype`) VALUES ('اسراء جمال محمد ابراهيم البروه', '', 'الخريجين');
INSERT INTO `lk9v6_alumni_main` (`id`, `user_id`, `approved`) VALUES (239883, 239883, 1);
INSERT INTO `lk9v6_alumni_data` (`alumni_id`, `graduation_year`, `fid`, `job`, `address`, `city`, `country`, `phone`, `gid`, `mobile`, `nationalnumber`, `department`, `division`, `with_honor`) VALUES (239883, 2016, '2', '', '', '', '', '', 'جيد', '', '', '', '', '');
INSERT INTO `lk9v6_users` (`name`, `email`, `usertype`) VALUES ('اسراء رضا ابراهيم احمد المرشيدى ', '', 'الخريجين');
INSERT INTO `lk9v6_alumni_main` (`id`, `user_id`, `approved`) VALUES (239884, 239884, 1);
INSERT INTO `lk9v6_alumni_data` (`alumni_id`, `graduation_year`, `fid`, `job`, `address`, `city`, `country`, `phone`, `gid`, `mobile`, `nationalnumber`, `department`, `division`, `with_honor`) VALUES (239884, 2016, '2', '', '', '', '', '', 'جيد', '', '', '', '', '');
INSERT INTO `lk9v6_users` (`name`, `email`, `usertype`) VALUES ('اسراء رضا حسنى محمد ابراهيم', '', 'الخريجين');
INSERT INTO `lk9v6_alumni_main` (`id`, `user_id`, `approved`) VALUES (239885, 239885, 1);
INSERT INTO `lk9v6_alumni_data` (`alumni_id`, `graduation_year`, `fid`, `job`, `address`, `city`, `country`, `phone`, `gid`, `mobile`, `nationalnumber`, `department`, `division`, `with_honor`) VALUES (239885, 2016, '2', '', '', '', '', '', 'جيد', '', '', '', '', '');
INSERT INTO `lk9v6_users` (`name`, `email`, `usertype`) VALUES ('اسراء رضا قاسم عبد اللطيف', '', 'الخريجين');
INSERT INTO `lk9v6_alumni_main` (`id`, `user_id`, `approved`) VALUES (239886, 239886, 1);
INSERT INTO `lk9v6_alumni_data` (`alumni_id`, `graduation_year`, `fid`, `job`, `address`, `city`, `country`, `phone`, `gid`, `mobile`, `nationalnumber`, `department`, `division`, `with_honor`) VALUES (239886, 2016, '2', '', '', '', '', '', 'جيد', '', '', '', '', '');
INSERT INTO `lk9v6_users` (`name`, `email`, `usertype`) VALUES ('اسراء رفعت محمد عميره', '', 'الخريجين');
INSERT INTO `lk9v6_alumni_main` (`id`, `user_id`, `approved`) VALUES (239887, 239887, 1);
INSERT INTO `lk9v6_alumni_data` (`alumni_id`, `graduation_year`, `fid`, `job`, `address`, `city`, `country`, `phone`, `gid`, `mobile`, `nationalnumber`, `department`, `division`, `with_honor`) VALUES (239887, 2016, '2', '', '', '', '', '', 'جيد', '', '', '', '', '');
INSERT INTO `lk9v6_users` (`name`, `email`, `usertype`) VALUES ('اسراء سعيد عبد الحميد محمد الصياد', '', 'الخريجين');
INSERT INTO `lk9v6_alumni_main` (`id`, `user_id`, `approved`) VALUES (239888, 239888, 1);
INSERT INTO `lk9v6_alumni_data` (`alumni_id`, `graduation_year`, `fid`, `job`, `address`, `city`, `country`, `phone`, `gid`, `mobile`, `nationalnumber`, `department`, `division`, `with_honor`) VALUES (239888, 2016, '2', '', '', '', '', '', 'جيد', '', '', '', '', '');
INSERT INTO `lk9v6_users` (`name`, `email`, `usertype`) VALUES ('اسراء صفوت عبد العظيم رزق', '', 'الخريجين');
INSERT INTO `lk9v6_alumni_main` (`id`, `user_id`, `approved`) VALUES (239889, 239889, 1);
INSERT INTO `lk9v6_alumni_data` (`alumni_id`, `graduation_year`, `fid`, `job`, `address`, `city`, `country`, `phone`, `gid`, `mobile`, `nationalnumber`, `department`, `division`, `with_honor`) VALUES (239889, 2016, '2', '', '', '', '', '', 'جيد', '', '', '', '', '');
INSERT INTO `lk9v6_users` (`name`, `email`, `usertype`) VALUES ('اسراء عادل عبد المنعم هريدى', '', 'الخريجين');
INSERT INTO `lk9v6_alumni_main` (`id`, `user_id`, `approved`) VALUES (239890, 239890, 1);
INSERT INTO `lk9v6_alumni_data` (`alumni_id`, `graduation_year`, `fid`, `job`, `address`, `city`, `country`, `phone`, `gid`, `mobile`, `nationalnumber`, `department`, `division`, `with_honor`) VALUES (239890, 2016, '2', '', '', '', '', '', 'جيد', '', '', '', '', '');
INSERT INTO `lk9v6_users` (`name`, `email`, `usertype`) VALUES ('اسراء عبد الله محمد عبد الله الابيارى', '', 'الخريجين');
INSERT INTO `lk9v6_alumni_main` (`id`, `user_id`, `approved`) VALUES (239891, 239891, 1);
INSERT INTO `lk9v6_alumni_data` (`alumni_id`, `graduation_year`, `fid`, `job`, `address`, `city`, `country`, `phone`, `gid`, `mobile`, `nationalnumber`, `department`, `division`, `with_honor`) VALUES (239891, 2016, '2', '', '', '', '', '', 'جيد', '', '', '', '', '');
INSERT INTO `lk9v6_users` (`name`, `email`, `usertype`) VALUES ('اسراء محمد احمد قطيط', '', 'الخريجين');
INSERT INTO `lk9v6_alumni_main` (`id`, `user_id`, `approved`) VALUES (239892, 239892, 1);
INSERT INTO `lk9v6_alumni_data` (`alumni_id`, `graduation_year`, `fid`, `job`, `address`, `city`, `country`, `phone`, `gid`, `mobile`, `nationalnumber`, `department`, `division`, `with_honor`) VALUES (239892, 2016, '2', '', '', '', '', '', 'جيد', '', '', '', '', '');
INSERT INTO `lk9v6_users` (`name`, `email`, `usertype`) VALUES ('اسراء محمد عبده محمد حجازى', '', 'الخريجين');
INSERT INTO `lk9v6_alumni_main` (`id`, `user_id`, `approved`) VALUES (239893, 239893, 1);
INSERT INTO `lk9v6_alumni_data` (`alumni_id`, `graduation_year`, `fid`, `job`, `address`, `city`, `country`, `phone`, `gid`, `mobile`, `nationalnumber`, `department`, `division`, `with_honor`) VALUES (239893, 2016, '2', '', '', '', '', '', 'جيد', '', '', '', '', '');
INSERT INTO `lk9v6_users` (`name`, `email`, `usertype`) VALUES ('اسلام عبد العاطى عبد الواحد عبد الغنى', '', 'الخريجين');
INSERT INTO `lk9v6_alumni_main` (`id`, `user_id`, `approved`) VALUES (239894, 239894, 1);
INSERT INTO `lk9v6_alumni_data` (`alumni_id`, `graduation_year`, `fid`, `job`, `address`, `city`, `country`, `phone`, `gid`, `mobile`, `nationalnumber`, `department`, `division`, `with_honor`) VALUES (239894, 2016, '2', '', '', '', '', '', 'جيد', '', '', '', '', '');
INSERT INTO `lk9v6_users` (`name`, `email`, `usertype`) VALUES ('اسلام محمد رضا عبد الحليم الوكيل', '', 'الخريجين');
INSERT INTO `lk9v6_alumni_main` (`id`, `user_id`, `approved`) VALUES (239895, 239895, 1);
INSERT INTO `lk9v6_alumni_data` (`alumni_id`, `graduation_year`, `fid`, `job`, `address`, `city`, `country`, `phone`, `gid`, `mobile`, `nationalnumber`, `department`, `division`, `with_honor`) VALUES (239895, 2016, '2', '', '', '', '', '', 'جيد', '', '', '', '', '');
INSERT INTO `lk9v6_users` (`name`, `email`, `usertype`) VALUES ('اسماء احمد ناصف زيتون', '', 'الخريجين');
INSERT INTO `lk9v6_alumni_main` (`id`, `user_id`, `approved`) VALUES (239896, 239896, 1);
INSERT INTO `lk9v6_alumni_data` (`alumni_id`, `graduation_year`, `fid`, `job`, `address`, `city`, `country`, `phone`, `gid`, `mobile`, `nationalnumber`, `department`, `division`, `with_honor`) VALUES (239896, 2016, '2', '', '', '', '', '', 'جيد', '', '', '', '', '');
INSERT INTO `lk9v6_users` (`name`, `email`, `usertype`) VALUES ('اسماء السيد عباس محمد حسن', '', 'الخريجين');
INSERT INTO `lk9v6_alumni_main` (`id`, `user_id`, `approved`) VALUES (239897, 239897, 1);
INSERT INTO `lk9v6_alumni_data` (`alumni_id`, `graduation_year`, `fid`, `job`, `address`, `city`, `country`, `phone`, `gid`, `mobile`, `nationalnumber`, `department`, `division`, `with_honor`) VALUES (239897, 2016, '2', '', '', '', '', '', 'جيد', '', '', '', '', '');
INSERT INTO `lk9v6_users` (`name`, `email`, `usertype`) VALUES ('اسماء السيد عبد الغنى محمد عبد الغنى', '', 'الخريجين');
INSERT INTO `lk9v6_alumni_main` (`id`, `user_id`, `approved`) VALUES (239898, 239898, 1);
INSERT INTO `lk9v6_alumni_data` (`alumni_id`, `graduation_year`, `fid`, `job`, `address`, `city`, `country`, `phone`, `gid`, `mobile`, `nationalnumber`, `department`, `division`, `with_honor`) VALUES (239898, 2016, '2', '', '', '', '', '', 'جيد', '', '', '', '', '');
INSERT INTO `lk9v6_users` (`name`, `email`, `usertype`) VALUES ('اسماء حسن عبد الناصر حسن', '', 'الخريجين');
INSERT INTO `lk9v6_alumni_main` (`id`, `user_id`, `approved`) VALUES (239899, 239899, 1);
INSERT INTO `lk9v6_alumni_data` (`alumni_id`, `graduation_year`, `fid`, `job`, `address`, `city`, `country`, `phone`, `gid`, `mobile`, `nationalnumber`, `department`, `division`, `with_honor`) VALUES (239899, 2016, '2', '', '', '', '', '', 'جيد', '', '', '', '', '');
INSERT INTO `lk9v6_users` (`name`, `email`, `usertype`) VALUES ('اسماء رشاد عبد الونيس مصطفى', '', 'الخريجين');
INSERT INTO `lk9v6_alumni_main` (`id`, `user_id`, `approved`) VALUES (239900, 239900, 1);
INSERT INTO `lk9v6_alumni_data` (`alumni_id`, `graduation_year`, `fid`, `job`, `address`, `city`, `country`, `phone`, `gid`, `mobile`, `nationalnumber`, `department`, `division`, `with_honor`) VALUES (239900, 2016, '2', '', '', '', '', '', 'جيد', '', '', '', '', '');
INSERT INTO `lk9v6_users` (`name`, `email`, `usertype`) VALUES ('اسماء رضا عبد الحميد فتح الله عيد', '', 'الخريجين');
INSERT INTO `lk9v6_alumni_main` (`id`, `user_id`, `approved`) VALUES (239901, 239901, 1);
INSERT INTO `lk9v6_alumni_data` (`alumni_id`, `graduation_year`, `fid`, `job`, `address`, `city`, `country`, `phone`, `gid`, `mobile`, `nationalnumber`, `department`, `division`, `with_honor`) VALUES (239901, 2016, '2', '', '', '', '', '', 'جيد', '', '', '', '', '');
INSERT INTO `lk9v6_users` (`name`, `email`, `usertype`) VALUES ('اسماء رمضان عبد الله السيد عويس', '', 'الخريجين');
INSERT INTO `lk9v6_alumni_main` (`id`, `user_id`, `approved`) VALUES (239902, 239902, 1);
INSERT INTO `lk9v6_alumni_data` (`alumni_id`, `graduation_year`, `fid`, `job`, `address`, `city`, `country`, `phone`, `gid`, `mobile`, `nationalnumber`, `department`, `division`, `with_honor`) VALUES (239902, 2016, '2', '', '', '', '', '', 'جيد', '', '', '', '', '');
INSERT INTO `lk9v6_users` (`name`, `email`, `usertype`) VALUES ('اسماء صبحى احمد اسماعيل', '', 'الخريجين');
INSERT INTO `lk9v6_alumni_main` (`id`, `user_id`, `approved`) VALUES (239903, 239903, 1);
INSERT INTO `lk9v6_alumni_data` (`alumni_id`, `graduation_year`, `fid`, `job`, `address`, `city`, `country`, `phone`, `gid`, `mobile`, `nationalnumber`, `department`, `division`, `with_honor`) VALUES (239903, 2016, '2', '', '', '', '', '', 'جيد', '', '', '', '', '');
INSERT INTO `lk9v6_users` (`name`, `email`, `usertype`) VALUES ('اسماء عبد الحميد عبد المجيد حميدو عبد المجيد ', '', 'الخريجين');
INSERT INTO `lk9v6_alumni_main` (`id`, `user_id`, `approved`) VALUES (239904, 239904, 1);
INSERT INTO `lk9v6_alumni_data` (`alumni_id`, `graduation_year`, `fid`, `job`, `address`, `city`, `country`, `phone`, `gid`, `mobile`, `nationalnumber`, `department`, `division`, `with_honor`) VALUES (239904, 2016, '2', '', '', '', '', '', 'جيد', '', '', '', '', '');
INSERT INTO `lk9v6_users` (`name`, `email`, `usertype`) VALUES ('اسماء عبد الفتاح محمد السيد الحلو', '', 'الخريجين');
INSERT INTO `lk9v6_alumni_main` (`id`, `user_id`, `approved`) VALUES (239905, 239905, 1);
INSERT INTO `lk9v6_alumni_data` (`alumni_id`, `graduation_year`, `fid`, `job`, `address`, `city`, `country`, `phone`, `gid`, `mobile`, `nationalnumber`, `department`, `division`, `with_honor`) VALUES (239905, 2016, '2', '', '', '', '', '', 'جيد', '', '', '', '', '');
INSERT INTO `lk9v6_users` (`name`, `email`, `usertype`) VALUES ('اسماء على عبد الوهاب محمد ', '', 'الخريجين');
INSERT INTO `lk9v6_alumni_main` (`id`, `user_id`, `approved`) VALUES (239906, 239906, 1);
INSERT INTO `lk9v6_alumni_data` (`alumni_id`, `graduation_year`, `fid`, `job`, `address`, `city`, `country`, `phone`, `gid`, `mobile`, `nationalnumber`, `department`, `division`, `with_honor`) VALUES (239906, 2016, '2', '', '', '', '', '', 'جيد', '', '', '', '', '');
INSERT INTO `lk9v6_users` (`name`, `email`, `usertype`) VALUES ('اسماء محمد السيد عامر', '', 'الخريجين');
INSERT INTO `lk9v6_alumni_main` (`id`, `user_id`, `approved`) VALUES (239907, 239907, 1);
INSERT INTO `lk9v6_alumni_data` (`alumni_id`, `graduation_year`, `fid`, `job`, `address`, `city`, `country`, `phone`, `gid`, `mobile`, `nationalnumber`, `department`, `division`, `with_honor`) VALUES (239907, 2016, '2', '', '', '', '', '', 'جيد', '', '', '', '', '');
INSERT INTO `lk9v6_users` (`name`, `email`, `usertype`) VALUES ('اسماء محمد السيد محمد الملاح', '', 'الخريجين');
INSERT INTO `lk9v6_alumni_main` (`id`, `user_id`, `approved`) VALUES (239908, 239908, 1);
INSERT INTO `lk9v6_alumni_data` (`alumni_id`, `graduation_year`, `fid`, `job`, `address`, `city`, `country`, `phone`, `gid`, `mobile`, `nationalnumber`, `department`, `division`, `with_honor`) VALUES (239908, 2016, '2', '', '', '', '', '', 'جيد', '', '', '', '', '');
INSERT INTO `lk9v6_users` (`name`, `email`, `usertype`) VALUES ('اسماء محمد حسن عباس', '', 'الخريجين');
INSERT INTO `lk9v6_alumni_main` (`id`, `user_id`, `approved`) VALUES (239909, 239909, 1);
INSERT INTO `lk9v6_alumni_data` (`alumni_id`, `graduation_year`, `fid`, `job`, `address`, `city`, `country`, `phone`, `gid`, `mobile`, `nationalnumber`, `department`, `division`, `with_honor`) VALUES (239909, 2016, '2', '', '', '', '', '', 'جيد', '', '', '', '', '');
INSERT INTO `lk9v6_users` (`name`, `email`, `usertype`) VALUES ('اسماء محمد عبد العزيز عمر حويشى', '', 'الخريجين');
INSERT INTO `lk9v6_alumni_main` (`id`, `user_id`, `approved`) VALUES (239910, 239910, 1);
INSERT INTO `lk9v6_alumni_data` (`alumni_id`, `graduation_year`, `fid`, `job`, `address`, `city`, `country`, `phone`, `gid`, `mobile`, `nationalnumber`, `department`, `division`, `with_honor`) VALUES (239910, 2016, '2', '', '', '', '', '', 'جيد', '', '', '', '', '');
INSERT INTO `lk9v6_users` (`name`, `email`, `usertype`) VALUES ('اسماء مصطفى محمد احمد', '', 'الخريجين');
INSERT INTO `lk9v6_alumni_main` (`id`, `user_id`, `approved`) VALUES (239911, 239911, 1);
INSERT INTO `lk9v6_alumni_data` (`alumni_id`, `graduation_year`, `fid`, `job`, `address`, `city`, `country`, `phone`, `gid`, `mobile`, `nationalnumber`, `department`, `division`, `with_honor`) VALUES (239911, 2016, '2', '', '', '', '', '', 'جيد', '', '', '', '', '');
INSERT INTO `lk9v6_users` (`name`, `email`, `usertype`) VALUES ('اسماء ناصر محمد محمد عفيفى ', '', 'الخريجين');
INSERT INTO `lk9v6_alumni_main` (`id`, `user_id`, `approved`) VALUES (239912, 239912, 1);
INSERT INTO `lk9v6_alumni_data` (`alumni_id`, `graduation_year`, `fid`, `job`, `address`, `city`, `country`, `phone`, `gid`, `mobile`, `nationalnumber`, `department`, `division`, `with_honor`) VALUES (239912, 2016, '2', '', '', '', '', '', 'جيد', '', '', '', '', '');
INSERT INTO `lk9v6_users` (`name`, `email`, `usertype`) VALUES ('افنان مسعود سعد على محمود ', '', 'الخريجين');
INSERT INTO `lk9v6_alumni_main` (`id`, `user_id`, `approved`) VALUES (239913, 239913, 1);
INSERT INTO `lk9v6_alumni_data` (`alumni_id`, `graduation_year`, `fid`, `job`, `address`, `city`, `country`, `phone`, `gid`, `mobile`, `nationalnumber`, `department`, `division`, `with_honor`) VALUES (239913, 2016, '2', '', '', '', '', '', 'جيد', '', '', '', '', '');
INSERT INTO `lk9v6_users` (`name`, `email`, `usertype`) VALUES ('الاء احمد عرفات عبد الله احمد', '', 'الخريجين');
INSERT INTO `lk9v6_alumni_main` (`id`, `user_id`, `approved`) VALUES (239914, 239914, 1);
INSERT INTO `lk9v6_alumni_data` (`alumni_id`, `graduation_year`, `fid`, `job`, `address`, `city`, `country`, `phone`, `gid`, `mobile`, `nationalnumber`, `department`, `division`, `with_honor`) VALUES (239914, 2016, '2', '', '', '', '', '', 'جيد', '', '', '', '', '');
INSERT INTO `lk9v6_users` (`name`, `email`, `usertype`) VALUES ('الاء احمد على عبد العال سليمان', '', 'الخريجين');
INSERT INTO `lk9v6_alumni_main` (`id`, `user_id`, `approved`) VALUES (239915, 239915, 1);
INSERT INTO `lk9v6_alumni_data` (`alumni_id`, `graduation_year`, `fid`, `job`, `address`, `city`, `country`, `phone`, `gid`, `mobile`, `nationalnumber`, `department`, `division`, `with_honor`) VALUES (239915, 2016, '2', '', '', '', '', '', 'جيد', '', '', '', '', '');
INSERT INTO `lk9v6_users` (`name`, `email`, `usertype`) VALUES ('الاء السيد محمد عبد الله حرفوش', '', 'الخريجين');
INSERT INTO `lk9v6_alumni_main` (`id`, `user_id`, `approved`) VALUES (239916, 239916, 1);
INSERT INTO `lk9v6_alumni_data` (`alumni_id`, `graduation_year`, `fid`, `job`, `address`, `city`, `country`, `phone`, `gid`, `mobile`, `nationalnumber`, `department`, `division`, `with_honor`) VALUES (239916, 2016, '2', '', '', '', '', '', 'جيد', '', '', '', '', '');
INSERT INTO `lk9v6_users` (`name`, `email`, `usertype`) VALUES ('الاء ثروت حماده عيسى محمد ', '', 'الخريجين');
INSERT INTO `lk9v6_alumni_main` (`id`, `user_id`, `approved`) VALUES (239917, 239917, 1);
INSERT INTO `lk9v6_alumni_data` (`alumni_id`, `graduation_year`, `fid`, `job`, `address`, `city`, `country`, `phone`, `gid`, `mobile`, `nationalnumber`, `department`, `division`, `with_honor`) VALUES (239917, 2016, '2', '', '', '', '', '', 'جيد', '', '', '', '', '');
INSERT INTO `lk9v6_users` (`name`, `email`, `usertype`) VALUES ('الاء رجب السيد ابراهيم السيد بسيونى ', '', 'الخريجين');
INSERT INTO `lk9v6_alumni_main` (`id`, `user_id`, `approved`) VALUES (239918, 239918, 1);
INSERT INTO `lk9v6_alumni_data` (`alumni_id`, `graduation_year`, `fid`, `job`, `address`, `city`, `country`, `phone`, `gid`, `mobile`, `nationalnumber`, `department`, `division`, `with_honor`) VALUES (239918, 2016, '2', '', '', '', '', '', 'جيد', '', '', '', '', '');
INSERT INTO `lk9v6_users` (`name`, `email`, `usertype`) VALUES ('الاء شريف محمد ابراهيم ', '', 'الخريجين');
INSERT INTO `lk9v6_alumni_main` (`id`, `user_id`, `approved`) VALUES (239919, 239919, 1);
INSERT INTO `lk9v6_alumni_data` (`alumni_id`, `graduation_year`, `fid`, `job`, `address`, `city`, `country`, `phone`, `gid`, `mobile`, `nationalnumber`, `department`, `division`, `with_honor`) VALUES (239919, 2016, '2', '', '', '', '', '', 'جيد', '', '', '', '', '');
INSERT INTO `lk9v6_users` (`name`, `email`, `usertype`) VALUES ('الاء عزت صلاح اللقانى ', '', 'الخريجين');
INSERT INTO `lk9v6_alumni_main` (`id`, `user_id`, `approved`) VALUES (239920, 239920, 1);
INSERT INTO `lk9v6_alumni_data` (`alumni_id`, `graduation_year`, `fid`, `job`, `address`, `city`, `country`, `phone`, `gid`, `mobile`, `nationalnumber`, `department`, `division`, `with_honor`) VALUES (239920, 2016, '2', '', '', '', '', '', 'جيد', '', '', '', '', '');
INSERT INTO `lk9v6_users` (`name`, `email`, `usertype`) VALUES ('الاء محمد فرحات ورورى عبد الصمد', '', 'الخريجين');
INSERT INTO `lk9v6_alumni_main` (`id`, `user_id`, `approved`) VALUES (239921, 239921, 1);
INSERT INTO `lk9v6_alumni_data` (`alumni_id`, `graduation_year`, `fid`, `job`, `address`, `city`, `country`, `phone`, `gid`, `mobile`, `nationalnumber`, `department`, `division`, `with_honor`) VALUES (239921, 2016, '2', '', '', '', '', '', 'جيد', '', '', '', '', '');
INSERT INTO `lk9v6_users` (`name`, `email`, `usertype`) VALUES ('الهام محمد عبد العزيز محمد شلبى', '', 'الخريجين');
INSERT INTO `lk9v6_alumni_main` (`id`, `user_id`, `approved`) VALUES (239922, 239922, 1);
INSERT INTO `lk9v6_alumni_data` (`alumni_id`, `graduation_year`, `fid`, `job`, `address`, `city`, `country`, `phone`, `gid`, `mobile`, `nationalnumber`, `department`, `division`, `with_honor`) VALUES (239922, 2016, '2', '', '', '', '', '', 'جيد', '', '', '', '', '');
INSERT INTO `lk9v6_users` (`name`, `email`, `usertype`) VALUES ('امانى اشرف يحيى سعد محمد', '', 'الخريجين');
INSERT INTO `lk9v6_alumni_main` (`id`, `user_id`, `approved`) VALUES (239923, 239923, 1);
INSERT INTO `lk9v6_alumni_data` (`alumni_id`, `graduation_year`, `fid`, `job`, `address`, `city`, `country`, `phone`, `gid`, `mobile`, `nationalnumber`, `department`, `division`, `with_honor`) VALUES (239923, 2016, '2', '', '', '', '', '', 'جيد', '', '', '', '', '');
INSERT INTO `lk9v6_users` (`name`, `email`, `usertype`) VALUES ('امانى رزق محمود حسين ', '', 'الخريجين');
INSERT INTO `lk9v6_alumni_main` (`id`, `user_id`, `approved`) VALUES (239924, 239924, 1);
INSERT INTO `lk9v6_alumni_data` (`alumni_id`, `graduation_year`, `fid`, `job`, `address`, `city`, `country`, `phone`, `gid`, `mobile`, `nationalnumber`, `department`, `division`, `with_honor`) VALUES (239924, 2016, '2', '', '', '', '', '', 'جيد', '', '', '', '', '');
INSERT INTO `lk9v6_users` (`name`, `email`, `usertype`) VALUES ('امانى عبد المغيث محمد السمان', '', 'الخريجين');
INSERT INTO `lk9v6_alumni_main` (`id`, `user_id`, `approved`) VALUES (239925, 239925, 1);
INSERT INTO `lk9v6_alumni_data` (`alumni_id`, `graduation_year`, `fid`, `job`, `address`, `city`, `country`, `phone`, `gid`, `mobile`, `nationalnumber`, `department`, `division`, `with_honor`) VALUES (239925, 2016, '2', '', '', '', '', '', 'جيد', '', '', '', '', '');
INSERT INTO `lk9v6_users` (`name`, `email`, `usertype`) VALUES ('امانى على اسماعيل السيد هنداوى', '', 'الخريجين');
INSERT INTO `lk9v6_alumni_main` (`id`, `user_id`, `approved`) VALUES (239926, 239926, 1);
INSERT INTO `lk9v6_alumni_data` (`alumni_id`, `graduation_year`, `fid`, `job`, `address`, `city`, `country`, `phone`, `gid`, `mobile`, `nationalnumber`, `department`, `division`, `with_honor`) VALUES (239926, 2016, '2', '', '', '', '', '', 'جيد', '', '', '', '', '');
INSERT INTO `lk9v6_users` (`name`, `email`, `usertype`) VALUES ('امانى محمد ابراهيم قريطم', '', 'الخريجين');
INSERT INTO `lk9v6_alumni_main` (`id`, `user_id`, `approved`) VALUES (239927, 239927, 1);
INSERT INTO `lk9v6_alumni_data` (`alumni_id`, `graduation_year`, `fid`, `job`, `address`, `city`, `country`, `phone`, `gid`, `mobile`, `nationalnumber`, `department`, `division`, `with_honor`) VALUES (239927, 2016, '2', '', '', '', '', '', 'جيد', '', '', '', '', '');
INSERT INTO `lk9v6_users` (`name`, `email`, `usertype`) VALUES ('امانى محمد عبد الحميد حافظ ', '', 'الخريجين');
INSERT INTO `lk9v6_alumni_main` (`id`, `user_id`, `approved`) VALUES (239928, 239928, 1);
INSERT INTO `lk9v6_alumni_data` (`alumni_id`, `graduation_year`, `fid`, `job`, `address`, `city`, `country`, `phone`, `gid`, `mobile`, `nationalnumber`, `department`, `division`, `with_honor`) VALUES (239928, 2016, '2', '', '', '', '', '', 'جيد', '', '', '', '', '');
INSERT INTO `lk9v6_users` (`name`, `email`, `usertype`) VALUES ('امل السعيد عوض الحداد', '', 'الخريجين');
INSERT INTO `lk9v6_alumni_main` (`id`, `user_id`, `approved`) VALUES (239929, 239929, 1);
INSERT INTO `lk9v6_alumni_data` (`alumni_id`, `graduation_year`, `fid`, `job`, `address`, `city`, `country`, `phone`, `gid`, `mobile`, `nationalnumber`, `department`, `division`, `with_honor`) VALUES (239929, 2016, '2', '', '', '', '', '', 'جيد', '', '', '', '', '');
INSERT INTO `lk9v6_users` (`name`, `email`, `usertype`) VALUES ('امل خالد على محمد', '', 'الخريجين');
INSERT INTO `lk9v6_alumni_main` (`id`, `user_id`, `approved`) VALUES (239930, 239930, 1);
INSERT INTO `lk9v6_alumni_data` (`alumni_id`, `graduation_year`, `fid`, `job`, `address`, `city`, `country`, `phone`, `gid`, `mobile`, `nationalnumber`, `department`, `division`, `with_honor`) VALUES (239930, 2016, '2', '', '', '', '', '', 'جيد', '', '', '', '', '');
INSERT INTO `lk9v6_users` (`name`, `email`, `usertype`) VALUES ('امل خميس عبد الحميد بهنسى', '', 'الخريجين');
INSERT INTO `lk9v6_alumni_main` (`id`, `user_id`, `approved`) VALUES (239931, 239931, 1);
INSERT INTO `lk9v6_alumni_data` (`alumni_id`, `graduation_year`, `fid`, `job`, `address`, `city`, `country`, `phone`, `gid`, `mobile`, `nationalnumber`, `department`, `division`, `with_honor`) VALUES (239931, 2016, '2', '', '', '', '', '', 'جيد', '', '', '', '', '');
INSERT INTO `lk9v6_users` (`name`, `email`, `usertype`) VALUES ('امل رزق عطيه رزق ابو نوارج', '', 'الخريجين');
INSERT INTO `lk9v6_alumni_main` (`id`, `user_id`, `approved`) VALUES (239932, 239932, 1);
INSERT INTO `lk9v6_alumni_data` (`alumni_id`, `graduation_year`, `fid`, `job`, `address`, `city`, `country`, `phone`, `gid`, `mobile`, `nationalnumber`, `department`, `division`, `with_honor`) VALUES (239932, 2016, '2', '', '', '', '', '', 'جيد', '', '', '', '', '');
INSERT INTO `lk9v6_users` (`name`, `email`, `usertype`) VALUES ('امل سعيد عبد الجواد السيد ', '', 'الخريجين');
INSERT INTO `lk9v6_alumni_main` (`id`, `user_id`, `approved`) VALUES (239933, 239933, 1);
INSERT INTO `lk9v6_alumni_data` (`alumni_id`, `graduation_year`, `fid`, `job`, `address`, `city`, `country`, `phone`, `gid`, `mobile`, `nationalnumber`, `department`, `division`, `with_honor`) VALUES (239933, 2016, '2', '', '', '', '', '', 'جيد', '', '', '', '', '');
INSERT INTO `lk9v6_users` (`name`, `email`, `usertype`) VALUES ('امل عيد عبد المحسن هوراى بدر', '', 'الخريجين');
INSERT INTO `lk9v6_alumni_main` (`id`, `user_id`, `approved`) VALUES (239934, 239934, 1);
INSERT INTO `lk9v6_alumni_data` (`alumni_id`, `graduation_year`, `fid`, `job`, `address`, `city`, `country`, `phone`, `gid`, `mobile`, `nationalnumber`, `department`, `division`, `with_honor`) VALUES (239934, 2016, '2', '', '', '', '', '', 'جيد', '', '', '', '', '');
INSERT INTO `lk9v6_users` (`name`, `email`, `usertype`) VALUES ('امل محمد حسن عبد العظيم ابراهيم', '', 'الخريجين');
INSERT INTO `lk9v6_alumni_main` (`id`, `user_id`, `approved`) VALUES (239935, 239935, 1);
INSERT INTO `lk9v6_alumni_data` (`alumni_id`, `graduation_year`, `fid`, `job`, `address`, `city`, `country`, `phone`, `gid`, `mobile`, `nationalnumber`, `department`, `division`, `with_honor`) VALUES (239935, 2016, '2', '', '', '', '', '', 'جيد', '', '', '', '', '');
INSERT INTO `lk9v6_users` (`name`, `email`, `usertype`) VALUES ('امل محمد عبد العليم عطا الله', '', 'الخريجين');
INSERT INTO `lk9v6_alumni_main` (`id`, `user_id`, `approved`) VALUES (239936, 239936, 1);
INSERT INTO `lk9v6_alumni_data` (`alumni_id`, `graduation_year`, `fid`, `job`, `address`, `city`, `country`, `phone`, `gid`, `mobile`, `nationalnumber`, `department`, `division`, `with_honor`) VALUES (239936, 2016, '2', '', '', '', '', '', 'جيد', '', '', '', '', '');
INSERT INTO `lk9v6_users` (`name`, `email`, `usertype`) VALUES ('امل محمد محمد على حسن عطيه ', '', 'الخريجين');
INSERT INTO `lk9v6_alumni_main` (`id`, `user_id`, `approved`) VALUES (239937, 239937, 1);
INSERT INTO `lk9v6_alumni_data` (`alumni_id`, `graduation_year`, `fid`, `job`, `address`, `city`, `country`, `phone`, `gid`, `mobile`, `nationalnumber`, `department`, `division`, `with_honor`) VALUES (239937, 2016, '2', '', '', '', '', '', 'جيد', '', '', '', '', '');
INSERT INTO `lk9v6_users` (`name`, `email`, `usertype`) VALUES ('امنيه ابراهيم على ابراهيم الشرقاوى', '', 'الخريجين');
INSERT INTO `lk9v6_alumni_main` (`id`, `user_id`, `approved`) VALUES (239938, 239938, 1);
INSERT INTO `lk9v6_alumni_data` (`alumni_id`, `graduation_year`, `fid`, `job`, `address`, `city`, `country`, `phone`, `gid`, `mobile`, `nationalnumber`, `department`, `division`, `with_honor`) VALUES (239938, 2016, '2', '', '', '', '', '', 'جيد', '', '', '', '', '');
INSERT INTO `lk9v6_users` (`name`, `email`, `usertype`) VALUES ('امنيه احمد بديع عبد المجيد شاهين', '', 'الخريجين');
INSERT INTO `lk9v6_alumni_main` (`id`, `user_id`, `approved`) VALUES (239939, 239939, 1);
INSERT INTO `lk9v6_alumni_data` (`alumni_id`, `graduation_year`, `fid`, `job`, `address`, `city`, `country`, `phone`, `gid`, `mobile`, `nationalnumber`, `department`, `division`, `with_honor`) VALUES (239939, 2016, '2', '', '', '', '', '', 'جيد', '', '', '', '', '');
INSERT INTO `lk9v6_users` (`name`, `email`, `usertype`) VALUES ('امنيه اسامه حسن الحناوى', '', 'الخريجين');
INSERT INTO `lk9v6_alumni_main` (`id`, `user_id`, `approved`) VALUES (239940, 239940, 1);
INSERT INTO `lk9v6_alumni_data` (`alumni_id`, `graduation_year`, `fid`, `job`, `address`, `city`, `country`, `phone`, `gid`, `mobile`, `nationalnumber`, `department`, `division`, `with_honor`) VALUES (239940, 2016, '2', '', '', '', '', '', 'جيد', '', '', '', '', '');
INSERT INTO `lk9v6_users` (`name`, `email`, `usertype`) VALUES ('امنيه حمدى محمد عبد الرحمن الكومى', '', 'الخريجين');
INSERT INTO `lk9v6_alumni_main` (`id`, `user_id`, `approved`) VALUES (239941, 239941, 1);
INSERT INTO `lk9v6_alumni_data` (`alumni_id`, `graduation_year`, `fid`, `job`, `address`, `city`, `country`, `phone`, `gid`, `mobile`, `nationalnumber`, `department`, `division`, `with_honor`) VALUES (239941, 2016, '2', '', '', '', '', '', 'جيد', '', '', '', '', '');
INSERT INTO `lk9v6_users` (`name`, `email`, `usertype`) VALUES ('امنيه سامى رياض سليمان حسين', '', 'الخريجين');
INSERT INTO `lk9v6_alumni_main` (`id`, `user_id`, `approved`) VALUES (239942, 239942, 1);
INSERT INTO `lk9v6_alumni_data` (`alumni_id`, `graduation_year`, `fid`, `job`, `address`, `city`, `country`, `phone`, `gid`, `mobile`, `nationalnumber`, `department`, `division`, `with_honor`) VALUES (239942, 2016, '2', '', '', '', '', '', 'جيد', '', '', '', '', '');
INSERT INTO `lk9v6_users` (`name`, `email`, `usertype`) VALUES ('امير عصام عدلى بخيت', '', 'الخريجين');
INSERT INTO `lk9v6_alumni_main` (`id`, `user_id`, `approved`) VALUES (239943, 239943, 1);
INSERT INTO `lk9v6_alumni_data` (`alumni_id`, `graduation_year`, `fid`, `job`, `address`, `city`, `country`, `phone`, `gid`, `mobile`, `nationalnumber`, `department`, `division`, `with_honor`) VALUES (239943, 2016, '2', '', '', '', '', '', 'جيد', '', '', '', '', '');
INSERT INTO `lk9v6_users` (`name`, `email`, `usertype`) VALUES ('اميره حمدى عبد المنعم بلال', '', 'الخريجين');
INSERT INTO `lk9v6_alumni_main` (`id`, `user_id`, `approved`) VALUES (239944, 239944, 1);
INSERT INTO `lk9v6_alumni_data` (`alumni_id`, `graduation_year`, `fid`, `job`, `address`, `city`, `country`, `phone`, `gid`, `mobile`, `nationalnumber`, `department`, `division`, `with_honor`) VALUES (239944, 2016, '2', '', '', '', '', '', 'جيد', '', '', '', '', '');
INSERT INTO `lk9v6_users` (`name`, `email`, `usertype`) VALUES ('اميره خالد محمد على النجار', '', 'الخريجين');
INSERT INTO `lk9v6_alumni_main` (`id`, `user_id`, `approved`) VALUES (239945, 239945, 1);
INSERT INTO `lk9v6_alumni_data` (`alumni_id`, `graduation_year`, `fid`, `job`, `address`, `city`, `country`, `phone`, `gid`, `mobile`, `nationalnumber`, `department`, `division`, `with_honor`) VALUES (239945, 2016, '2', '', '', '', '', '', 'جيد', '', '', '', '', '');
INSERT INTO `lk9v6_users` (`name`, `email`, `usertype`) VALUES ('اميره رضا فتحى محمد ابو عيشه', '', 'الخريجين');
INSERT INTO `lk9v6_alumni_main` (`id`, `user_id`, `approved`) VALUES (239946, 239946, 1);
INSERT INTO `lk9v6_alumni_data` (`alumni_id`, `graduation_year`, `fid`, `job`, `address`, `city`, `country`, `phone`, `gid`, `mobile`, `nationalnumber`, `department`, `division`, `with_honor`) VALUES (239946, 2016, '2', '', '', '', '', '', 'جيد', '', '', '', '', '');
INSERT INTO `lk9v6_users` (`name`, `email`, `usertype`) VALUES ('اميره فتحى فتح الباب ابراهيم', '', 'الخريجين');
INSERT INTO `lk9v6_alumni_main` (`id`, `user_id`, `approved`) VALUES (239947, 239947, 1);
INSERT INTO `lk9v6_alumni_data` (`alumni_id`, `graduation_year`, `fid`, `job`, `address`, `city`, `country`, `phone`, `gid`, `mobile`, `nationalnumber`, `department`, `division`, `with_honor`) VALUES (239947, 2016, '2', '', '', '', '', '', 'جيد', '', '', '', '', '');
INSERT INTO `lk9v6_users` (`name`, `email`, `usertype`) VALUES ('اميرة محمد عبد الوهاب محفوظ', '', 'الخريجين');
INSERT INTO `lk9v6_alumni_main` (`id`, `user_id`, `approved`) VALUES (239948, 239948, 1);
INSERT INTO `lk9v6_alumni_data` (`alumni_id`, `graduation_year`, `fid`, `job`, `address`, `city`, `country`, `phone`, `gid`, `mobile`, `nationalnumber`, `department`, `division`, `with_honor`) VALUES (239948, 2016, '2', '', '', '', '', '', 'جيد', '', '', '', '', '');
INSERT INTO `lk9v6_users` (`name`, `email`, `usertype`) VALUES ('اميرة محمد على الخضرجى', '', 'الخريجين');
INSERT INTO `lk9v6_alumni_main` (`id`, `user_id`, `approved`) VALUES (239949, 239949, 1);
INSERT INTO `lk9v6_alumni_data` (`alumni_id`, `graduation_year`, `fid`, `job`, `address`, `city`, `country`, `phone`, `gid`, `mobile`, `nationalnumber`, `department`, `division`, `with_honor`) VALUES (239949, 2016, '2', '', '', '', '', '', 'جيد', '', '', '', '', '');
INSERT INTO `lk9v6_users` (`name`, `email`, `usertype`) VALUES ('اميرة فتحى محمد سيد احمد', '', 'الخريجين');
INSERT INTO `lk9v6_alumni_main` (`id`, `user_id`, `approved`) VALUES (239950, 239950, 1);
INSERT INTO `lk9v6_alumni_data` (`alumni_id`, `graduation_year`, `fid`, `job`, `address`, `city`, `country`, `phone`, `gid`, `mobile`, `nationalnumber`, `department`, `division`, `with_honor`) VALUES (239950, 2016, '2', '', '', '', '', '', 'جيد', '', '', '', '', '');
INSERT INTO `lk9v6_users` (`name`, `email`, `usertype`) VALUES ('اميره مصطفى محمد عبد الفتاح ابو السعود', '', 'الخريجين');
INSERT INTO `lk9v6_alumni_main` (`id`, `user_id`, `approved`) VALUES (239951, 239951, 1);
INSERT INTO `lk9v6_alumni_data` (`alumni_id`, `graduation_year`, `fid`, `job`, `address`, `city`, `country`, `phone`, `gid`, `mobile`, `nationalnumber`, `department`, `division`, `with_honor`) VALUES (239951, 2016, '2', '', '', '', '', '', 'جيد', '', '', '', '', '');
INSERT INTO `lk9v6_users` (`name`, `email`, `usertype`) VALUES ('امينه احمد محمد احمد سليمان ', '', 'الخريجين');
INSERT INTO `lk9v6_alumni_main` (`id`, `user_id`, `approved`) VALUES (239952, 239952, 1);
INSERT INTO `lk9v6_alumni_data` (`alumni_id`, `graduation_year`, `fid`, `job`, `address`, `city`, `country`, `phone`, `gid`, `mobile`, `nationalnumber`, `department`, `division`, `with_honor`) VALUES (239952, 2016, '2', '', '', '', '', '', 'جيد', '', '', '', '', '');
INSERT INTO `lk9v6_users` (`name`, `email`, `usertype`) VALUES ('انجى الوليد كمال بشير كمال ', '', 'الخريجين');
INSERT INTO `lk9v6_alumni_main` (`id`, `user_id`, `approved`) VALUES (239953, 239953, 1);
INSERT INTO `lk9v6_alumni_data` (`alumni_id`, `graduation_year`, `fid`, `job`, `address`, `city`, `country`, `phone`, `gid`, `mobile`, `nationalnumber`, `department`, `division`, `with_honor`) VALUES (239953, 2016, '2', '', '', '', '', '', 'جيد', '', '', '', '', '');
INSERT INTO `lk9v6_users` (`name`, `email`, `usertype`) VALUES ('انجى محمد احمد عرب النمر', '', 'الخريجين');
INSERT INTO `lk9v6_alumni_main` (`id`, `user_id`, `approved`) VALUES (239954, 239954, 1);
INSERT INTO `lk9v6_alumni_data` (`alumni_id`, `graduation_year`, `fid`, `job`, `address`, `city`, `country`, `phone`, `gid`, `mobile`, `nationalnumber`, `department`, `division`, `with_honor`) VALUES (239954, 2016, '2', '', '', '', '', '', 'جيد', '', '', '', '', '');
INSERT INTO `lk9v6_users` (`name`, `email`, `usertype`) VALUES ('انجى هندى عطية على احمد', '', 'الخريجين');
INSERT INTO `lk9v6_alumni_main` (`id`, `user_id`, `approved`) VALUES (239955, 239955, 1);
INSERT INTO `lk9v6_alumni_data` (`alumni_id`, `graduation_year`, `fid`, `job`, `address`, `city`, `country`, `phone`, `gid`, `mobile`, `nationalnumber`, `department`, `division`, `with_honor`) VALUES (239955, 2016, '2', '', '', '', '', '', 'جيد', '', '', '', '', '');
INSERT INTO `lk9v6_users` (`name`, `email`, `usertype`) VALUES ('اندرو نادى نبيه ابو شوكه', '', 'الخريجين');
INSERT INTO `lk9v6_alumni_main` (`id`, `user_id`, `approved`) VALUES (239956, 239956, 1);
INSERT INTO `lk9v6_alumni_data` (`alumni_id`, `graduation_year`, `fid`, `job`, `address`, `city`, `country`, `phone`, `gid`, `mobile`, `nationalnumber`, `department`, `division`, `with_honor`) VALUES (239956, 2016, '2', '', '', '', '', '', 'جيد', '', '', '', '', '');
INSERT INTO `lk9v6_users` (`name`, `email`, `usertype`) VALUES ('انسام جمال الدين على صالح', '', 'الخريجين');
INSERT INTO `lk9v6_alumni_main` (`id`, `user_id`, `approved`) VALUES (239957, 239957, 1);
INSERT INTO `lk9v6_alumni_data` (`alumni_id`, `graduation_year`, `fid`, `job`, `address`, `city`, `country`, `phone`, `gid`, `mobile`, `nationalnumber`, `department`, `division`, `with_honor`) VALUES (239957, 2016, '2', '', '', '', '', '', 'جيد', '', '', '', '', '');
INSERT INTO `lk9v6_users` (`name`, `email`, `usertype`) VALUES ('ايفيلين ابراهيم ديمترى نقولا', '', 'الخريجين');
INSERT INTO `lk9v6_alumni_main` (`id`, `user_id`, `approved`) VALUES (239958, 239958, 1);
INSERT INTO `lk9v6_alumni_data` (`alumni_id`, `graduation_year`, `fid`, `job`, `address`, `city`, `country`, `phone`, `gid`, `mobile`, `nationalnumber`, `department`, `division`, `with_honor`) VALUES (239958, 2016, '2', '', '', '', '', '', 'جيد', '', '', '', '', '');
INSERT INTO `lk9v6_users` (`name`, `email`, `usertype`) VALUES ('ايمان اشرف محمد على البيطار', '', 'الخريجين');
INSERT INTO `lk9v6_alumni_main` (`id`, `user_id`, `approved`) VALUES (239959, 239959, 1);
INSERT INTO `lk9v6_alumni_data` (`alumni_id`, `graduation_year`, `fid`, `job`, `address`, `city`, `country`, `phone`, `gid`, `mobile`, `nationalnumber`, `department`, `division`, `with_honor`) VALUES (239959, 2016, '2', '', '', '', '', '', 'جيد', '', '', '', '', '');
INSERT INTO `lk9v6_users` (`name`, `email`, `usertype`) VALUES ('ايمان بسيونى احمد محمد الشلاوى', '', 'الخريجين');
INSERT INTO `lk9v6_alumni_main` (`id`, `user_id`, `approved`) VALUES (239960, 239960, 1);
INSERT INTO `lk9v6_alumni_data` (`alumni_id`, `graduation_year`, `fid`, `job`, `address`, `city`, `country`, `phone`, `gid`, `mobile`, `nationalnumber`, `department`, `division`, `with_honor`) VALUES (239960, 2016, '2', '', '', '', '', '', 'جيد', '', '', '', '', '');
INSERT INTO `lk9v6_users` (`name`, `email`, `usertype`) VALUES ('ايمان شعبان محمد محمود الدبه', '', 'الخريجين');
INSERT INTO `lk9v6_alumni_main` (`id`, `user_id`, `approved`) VALUES (239961, 239961, 1);
INSERT INTO `lk9v6_alumni_data` (`alumni_id`, `graduation_year`, `fid`, `job`, `address`, `city`, `country`, `phone`, `gid`, `mobile`, `nationalnumber`, `department`, `division`, `with_honor`) VALUES (239961, 2016, '2', '', '', '', '', '', 'جيد', '', '', '', '', '');
INSERT INTO `lk9v6_users` (`name`, `email`, `usertype`) VALUES ('ايمان صالح عبد العزيز عبد القادر زين', '', 'الخريجين');
INSERT INTO `lk9v6_alumni_main` (`id`, `user_id`, `approved`) VALUES (239962, 239962, 1);
INSERT INTO `lk9v6_alumni_data` (`alumni_id`, `graduation_year`, `fid`, `job`, `address`, `city`, `country`, `phone`, `gid`, `mobile`, `nationalnumber`, `department`, `division`, `with_honor`) VALUES (239962, 2016, '2', '', '', '', '', '', 'جيد', '', '', '', '', '');
INSERT INTO `lk9v6_users` (`name`, `email`, `usertype`) VALUES ('ايمان محمد عطا عطية', '', 'الخريجين');
INSERT INTO `lk9v6_alumni_main` (`id`, `user_id`, `approved`) VALUES (239963, 239963, 1);
INSERT INTO `lk9v6_alumni_data` (`alumni_id`, `graduation_year`, `fid`, `job`, `address`, `city`, `country`, `phone`, `gid`, `mobile`, `nationalnumber`, `department`, `division`, `with_honor`) VALUES (239963, 2016, '2', '', '', '', '', '', 'جيد', '', '', '', '', '');
INSERT INTO `lk9v6_users` (`name`, `email`, `usertype`) VALUES ('ايمان مصطفى عبد الفتاح حسنين ابراهيم', '', 'الخريجين');
INSERT INTO `lk9v6_alumni_main` (`id`, `user_id`, `approved`) VALUES (239964, 239964, 1);
INSERT INTO `lk9v6_alumni_data` (`alumni_id`, `graduation_year`, `fid`, `job`, `address`, `city`, `country`, `phone`, `gid`, `mobile`, `nationalnumber`, `department`, `division`, `with_honor`) VALUES (239964, 2016, '2', '', '', '', '', '', 'جيد', '', '', '', '', '');
INSERT INTO `lk9v6_users` (`name`, `email`, `usertype`) VALUES ('ايمن السيد عبد الرحمن احمد برغوت', '', 'الخريجين');
INSERT INTO `lk9v6_alumni_main` (`id`, `user_id`, `approved`) VALUES (239965, 239965, 1);
INSERT INTO `lk9v6_alumni_data` (`alumni_id`, `graduation_year`, `fid`, `job`, `address`, `city`, `country`, `phone`, `gid`, `mobile`, `nationalnumber`, `department`, `division`, `with_honor`) VALUES (239965, 2016, '2', '', '', '', '', '', 'جيد', '', '', '', '', '');
INSERT INTO `lk9v6_users` (`name`, `email`, `usertype`) VALUES ('ايمن فتحى عاشور العبد', '', 'الخريجين');
INSERT INTO `lk9v6_alumni_main` (`id`, `user_id`, `approved`) VALUES (239966, 239966, 1);
INSERT INTO `lk9v6_alumni_data` (`alumni_id`, `graduation_year`, `fid`, `job`, `address`, `city`, `country`, `phone`, `gid`, `mobile`, `nationalnumber`, `department`, `division`, `with_honor`) VALUES (239966, 2016, '2', '', '', '', '', '', 'جيد', '', '', '', '', '');
INSERT INTO `lk9v6_users` (`name`, `email`, `usertype`) VALUES ('ايمن محمود محمد صبحى على محمود', '', 'الخريجين');
INSERT INTO `lk9v6_alumni_main` (`id`, `user_id`, `approved`) VALUES (239967, 239967, 1);
INSERT INTO `lk9v6_alumni_data` (`alumni_id`, `graduation_year`, `fid`, `job`, `address`, `city`, `country`, `phone`, `gid`, `mobile`, `nationalnumber`, `department`, `division`, `with_honor`) VALUES (239967, 2016, '2', '', '', '', '', '', 'جيد', '', '', '', '', '');
INSERT INTO `lk9v6_users` (`name`, `email`, `usertype`) VALUES ('ايناس ابراهيم شحاته فراج', '', 'الخريجين');
INSERT INTO `lk9v6_alumni_main` (`id`, `user_id`, `approved`) VALUES (239968, 239968, 1);
INSERT INTO `lk9v6_alumni_data` (`alumni_id`, `graduation_year`, `fid`, `job`, `address`, `city`, `country`, `phone`, `gid`, `mobile`, `nationalnumber`, `department`, `division`, `with_honor`) VALUES (239968, 2016, '2', '', '', '', '', '', 'جيد', '', '', '', '', '');
INSERT INTO `lk9v6_users` (`name`, `email`, `usertype`) VALUES ('ايناس السيد عبد اللطيف قطيط', '', 'الخريجين');
INSERT INTO `lk9v6_alumni_main` (`id`, `user_id`, `approved`) VALUES (239969, 239969, 1);
INSERT INTO `lk9v6_alumni_data` (`alumni_id`, `graduation_year`, `fid`, `job`, `address`, `city`, `country`, `phone`, `gid`, `mobile`, `nationalnumber`, `department`, `division`, `with_honor`) VALUES (239969, 2016, '2', '', '', '', '', '', 'جيد', '', '', '', '', '');
INSERT INTO `lk9v6_users` (`name`, `email`, `usertype`) VALUES ('ايه ابراهيم جلال ابو الفتوح', '', 'الخريجين');
INSERT INTO `lk9v6_alumni_main` (`id`, `user_id`, `approved`) VALUES (239970, 239970, 1);
INSERT INTO `lk9v6_alumni_data` (`alumni_id`, `graduation_year`, `fid`, `job`, `address`, `city`, `country`, `phone`, `gid`, `mobile`, `nationalnumber`, `department`, `division`, `with_honor`) VALUES (239970, 2016, '2', '', '', '', '', '', 'جيد', '', '', '', '', '');
INSERT INTO `lk9v6_users` (`name`, `email`, `usertype`) VALUES ('ايه ابراهيم عبد الهادى محمود احمد ', '', 'الخريجين');
INSERT INTO `lk9v6_alumni_main` (`id`, `user_id`, `approved`) VALUES (239971, 239971, 1);
INSERT INTO `lk9v6_alumni_data` (`alumni_id`, `graduation_year`, `fid`, `job`, `address`, `city`, `country`, `phone`, `gid`, `mobile`, `nationalnumber`, `department`, `division`, `with_honor`) VALUES (239971, 2016, '2', '', '', '', '', '', 'جيد', '', '', '', '', '');
INSERT INTO `lk9v6_users` (`name`, `email`, `usertype`) VALUES ('ايه اسامه احمد حامد ابراهيم', '', 'الخريجين');
INSERT INTO `lk9v6_alumni_main` (`id`, `user_id`, `approved`) VALUES (239972, 239972, 1);
INSERT INTO `lk9v6_alumni_data` (`alumni_id`, `graduation_year`, `fid`, `job`, `address`, `city`, `country`, `phone`, `gid`, `mobile`, `nationalnumber`, `department`, `division`, `with_honor`) VALUES (239972, 2016, '2', '', '', '', '', '', 'جيد', '', '', '', '', '');
INSERT INTO `lk9v6_users` (`name`, `email`, `usertype`) VALUES ('ايه حسن عبد العاطى سليمان ابراهيم ', '', 'الخريجين');
INSERT INTO `lk9v6_alumni_main` (`id`, `user_id`, `approved`) VALUES (239973, 239973, 1);
INSERT INTO `lk9v6_alumni_data` (`alumni_id`, `graduation_year`, `fid`, `job`, `address`, `city`, `country`, `phone`, `gid`, `mobile`, `nationalnumber`, `department`, `division`, `with_honor`) VALUES (239973, 2016, '2', '', '', '', '', '', 'جيد', '', '', '', '', '');
INSERT INTO `lk9v6_users` (`name`, `email`, `usertype`) VALUES ('ايه عزت محمد عبد المجيد نصار', '', 'الخريجين');
INSERT INTO `lk9v6_alumni_main` (`id`, `user_id`, `approved`) VALUES (239974, 239974, 1);
INSERT INTO `lk9v6_alumni_data` (`alumni_id`, `graduation_year`, `fid`, `job`, `address`, `city`, `country`, `phone`, `gid`, `mobile`, `nationalnumber`, `department`, `division`, `with_honor`) VALUES (239974, 2016, '2', '', '', '', '', '', 'جيد', '', '', '', '', '');
INSERT INTO `lk9v6_users` (`name`, `email`, `usertype`) VALUES ('ايه فوزى عبد العزيز احمد موسى ', '', 'الخريجين');
INSERT INTO `lk9v6_alumni_main` (`id`, `user_id`, `approved`) VALUES (239975, 239975, 1);
INSERT INTO `lk9v6_alumni_data` (`alumni_id`, `graduation_year`, `fid`, `job`, `address`, `city`, `country`, `phone`, `gid`, `mobile`, `nationalnumber`, `department`, `division`, `with_honor`) VALUES (239975, 2016, '2', '', '', '', '', '', 'جيد', '', '', '', '', '');
INSERT INTO `lk9v6_users` (`name`, `email`, `usertype`) VALUES ('ايه مبروك محمد حسن العباسى', '', 'الخريجين');
INSERT INTO `lk9v6_alumni_main` (`id`, `user_id`, `approved`) VALUES (239976, 239976, 1);
INSERT INTO `lk9v6_alumni_data` (`alumni_id`, `graduation_year`, `fid`, `job`, `address`, `city`, `country`, `phone`, `gid`, `mobile`, `nationalnumber`, `department`, `division`, `with_honor`) VALUES (239976, 2016, '2', '', '', '', '', '', 'جيد', '', '', '', '', '');
INSERT INTO `lk9v6_users` (`name`, `email`, `usertype`) VALUES ('ايه محمد السيد محمد ابراهيم خطاب', '', 'الخريجين');
INSERT INTO `lk9v6_alumni_main` (`id`, `user_id`, `approved`) VALUES (239977, 239977, 1);
INSERT INTO `lk9v6_alumni_data` (`alumni_id`, `graduation_year`, `fid`, `job`, `address`, `city`, `country`, `phone`, `gid`, `mobile`, `nationalnumber`, `department`, `division`, `with_honor`) VALUES (239977, 2016, '2', '', '', '', '', '', 'جيد', '', '', '', '', '');
INSERT INTO `lk9v6_users` (`name`, `email`, `usertype`) VALUES ('ايه محمد جابر محمد', '', 'الخريجين');
INSERT INTO `lk9v6_alumni_main` (`id`, `user_id`, `approved`) VALUES (239978, 239978, 1);
INSERT INTO `lk9v6_alumni_data` (`alumni_id`, `graduation_year`, `fid`, `job`, `address`, `city`, `country`, `phone`, `gid`, `mobile`, `nationalnumber`, `department`, `division`, `with_honor`) VALUES (239978, 2016, '2', '', '', '', '', '', 'جيد', '', '', '', '', '');
INSERT INTO `lk9v6_users` (`name`, `email`, `usertype`) VALUES ('ايه محمود السيد ابراهيم السيد', '', 'الخريجين');
INSERT INTO `lk9v6_alumni_main` (`id`, `user_id`, `approved`) VALUES (239979, 239979, 1);
INSERT INTO `lk9v6_alumni_data` (`alumni_id`, `graduation_year`, `fid`, `job`, `address`, `city`, `country`, `phone`, `gid`, `mobile`, `nationalnumber`, `department`, `division`, `with_honor`) VALUES (239979, 2016, '2', '', '', '', '', '', 'جيد', '', '', '', '', '');
INSERT INTO `lk9v6_users` (`name`, `email`, `usertype`) VALUES ('ايه مسعد عباس عبد الرزاق', '', 'الخريجين');
INSERT INTO `lk9v6_alumni_main` (`id`, `user_id`, `approved`) VALUES (239980, 239980, 1);
INSERT INTO `lk9v6_alumni_data` (`alumni_id`, `graduation_year`, `fid`, `job`, `address`, `city`, `country`, `phone`, `gid`, `mobile`, `nationalnumber`, `department`, `division`, `with_honor`) VALUES (239980, 2016, '2', '', '', '', '', '', 'جيد', '', '', '', '', '');
INSERT INTO `lk9v6_users` (`name`, `email`, `usertype`) VALUES ('ايه مصطفى عبد المولى شبل منصور ', '', 'الخريجين');
INSERT INTO `lk9v6_alumni_main` (`id`, `user_id`, `approved`) VALUES (239981, 239981, 1);
INSERT INTO `lk9v6_alumni_data` (`alumni_id`, `graduation_year`, `fid`, `job`, `address`, `city`, `country`, `phone`, `gid`, `mobile`, `nationalnumber`, `department`, `division`, `with_honor`) VALUES (239981, 2016, '2', '', '', '', '', '', 'جيد', '', '', '', '', '');
INSERT INTO `lk9v6_users` (`name`, `email`, `usertype`) VALUES ('ايه ممدوح محمود بهجت غالى ', '', 'الخريجين');
INSERT INTO `lk9v6_alumni_main` (`id`, `user_id`, `approved`) VALUES (239982, 239982, 1);
INSERT INTO `lk9v6_alumni_data` (`alumni_id`, `graduation_year`, `fid`, `job`, `address`, `city`, `country`, `phone`, `gid`, `mobile`, `nationalnumber`, `department`, `division`, `with_honor`) VALUES (239982, 2016, '2', '', '', '', '', '', 'جيد', '', '', '', '', '');
INSERT INTO `lk9v6_users` (`name`, `email`, `usertype`) VALUES ('ايه نصر الدين عبد المنعم ابراهيم حمد ', '', 'الخريجين');
INSERT INTO `lk9v6_alumni_main` (`id`, `user_id`, `approved`) VALUES (239983, 239983, 1);
INSERT INTO `lk9v6_alumni_data` (`alumni_id`, `graduation_year`, `fid`, `job`, `address`, `city`, `country`, `phone`, `gid`, `mobile`, `nationalnumber`, `department`, `division`, `with_honor`) VALUES (239983, 2016, '2', '', '', '', '', '', 'جيد', '', '', '', '', '');
INSERT INTO `lk9v6_users` (`name`, `email`, `usertype`) VALUES ('ايه وحيد الدين محمد ابو علو', '', 'الخريجين');
INSERT INTO `lk9v6_alumni_main` (`id`, `user_id`, `approved`) VALUES (239984, 239984, 1);
INSERT INTO `lk9v6_alumni_data` (`alumni_id`, `graduation_year`, `fid`, `job`, `address`, `city`, `country`, `phone`, `gid`, `mobile`, `nationalnumber`, `department`, `division`, `with_honor`) VALUES (239984, 2016, '2', '', '', '', '', '', 'جيد', '', '', '', '', '');
INSERT INTO `lk9v6_users` (`name`, `email`, `usertype`) VALUES ('ايهاب حسنى كمال محمد', '', 'الخريجين');
INSERT INTO `lk9v6_alumni_main` (`id`, `user_id`, `approved`) VALUES (239985, 239985, 1);
INSERT INTO `lk9v6_alumni_data` (`alumni_id`, `graduation_year`, `fid`, `job`, `address`, `city`, `country`, `phone`, `gid`, `mobile`, `nationalnumber`, `department`, `division`, `with_honor`) VALUES (239985, 2016, '2', '', '', '', '', '', 'جيد', '', '', '', '', '');
INSERT INTO `lk9v6_users` (`name`, `email`, `usertype`) VALUES ('باسل جلال بسيونى محمد لهلوبه', '', 'الخريجين');
INSERT INTO `lk9v6_alumni_main` (`id`, `user_id`, `approved`) VALUES (239986, 239986, 1);
INSERT INTO `lk9v6_alumni_data` (`alumni_id`, `graduation_year`, `fid`, `job`, `address`, `city`, `country`, `phone`, `gid`, `mobile`, `nationalnumber`, `department`, `division`, `with_honor`) VALUES (239986, 2016, '2', '', '', '', '', '', 'جيد', '', '', '', '', '');
INSERT INTO `lk9v6_users` (`name`, `email`, `usertype`) VALUES ('باسنت بسيونى ابراهيم بسيونى سيد احمد', '', 'الخريجين');
INSERT INTO `lk9v6_alumni_main` (`id`, `user_id`, `approved`) VALUES (239987, 239987, 1);
INSERT INTO `lk9v6_alumni_data` (`alumni_id`, `graduation_year`, `fid`, `job`, `address`, `city`, `country`, `phone`, `gid`, `mobile`, `nationalnumber`, `department`, `division`, `with_honor`) VALUES (239987, 2016, '2', '', '', '', '', '', 'جيد', '', '', '', '', '');
INSERT INTO `lk9v6_users` (`name`, `email`, `usertype`) VALUES ('باسنت هشام عبد المنعم امين ', '', 'الخريجين');
INSERT INTO `lk9v6_alumni_main` (`id`, `user_id`, `approved`) VALUES (239988, 239988, 1);
INSERT INTO `lk9v6_alumni_data` (`alumni_id`, `graduation_year`, `fid`, `job`, `address`, `city`, `country`, `phone`, `gid`, `mobile`, `nationalnumber`, `department`, `division`, `with_honor`) VALUES (239988, 2016, '2', '', '', '', '', '', 'جيد', '', '', '', '', '');
INSERT INTO `lk9v6_users` (`name`, `email`, `usertype`) VALUES ('برسوم جورج حنا فرج ', '', 'الخريجين');
INSERT INTO `lk9v6_alumni_main` (`id`, `user_id`, `approved`) VALUES (239989, 239989, 1);
INSERT INTO `lk9v6_alumni_data` (`alumni_id`, `graduation_year`, `fid`, `job`, `address`, `city`, `country`, `phone`, `gid`, `mobile`, `nationalnumber`, `department`, `division`, `with_honor`) VALUES (239989, 2016, '2', '', '', '', '', '', 'جيد', '', '', '', '', '');
INSERT INTO `lk9v6_users` (`name`, `email`, `usertype`) VALUES ('بسمه احمد محمد ابو بكر', '', 'الخريجين');
INSERT INTO `lk9v6_alumni_main` (`id`, `user_id`, `approved`) VALUES (239990, 239990, 1);
INSERT INTO `lk9v6_alumni_data` (`alumni_id`, `graduation_year`, `fid`, `job`, `address`, `city`, `country`, `phone`, `gid`, `mobile`, `nationalnumber`, `department`, `division`, `with_honor`) VALUES (239990, 2016, '2', '', '', '', '', '', 'جيد', '', '', '', '', '');
INSERT INTO `lk9v6_users` (`name`, `email`, `usertype`) VALUES ('بسمه حامد هاشم محمد', '', 'الخريجين');
INSERT INTO `lk9v6_alumni_main` (`id`, `user_id`, `approved`) VALUES (239991, 239991, 1);
INSERT INTO `lk9v6_alumni_data` (`alumni_id`, `graduation_year`, `fid`, `job`, `address`, `city`, `country`, `phone`, `gid`, `mobile`, `nationalnumber`, `department`, `division`, `with_honor`) VALUES (239991, 2016, '2', '', '', '', '', '', 'جيد', '', '', '', '', '');
INSERT INTO `lk9v6_users` (`name`, `email`, `usertype`) VALUES ('بسمه عبد القادرمحمود ابراهيم حسنين', '', 'الخريجين');
INSERT INTO `lk9v6_alumni_main` (`id`, `user_id`, `approved`) VALUES (239992, 239992, 1);
INSERT INTO `lk9v6_alumni_data` (`alumni_id`, `graduation_year`, `fid`, `job`, `address`, `city`, `country`, `phone`, `gid`, `mobile`, `nationalnumber`, `department`, `division`, `with_honor`) VALUES (239992, 2016, '2', '', '', '', '', '', 'جيد', '', '', '', '', '');
INSERT INTO `lk9v6_users` (`name`, `email`, `usertype`) VALUES ('بسمه مجدى حمدى فايد ', '', 'الخريجين');
INSERT INTO `lk9v6_alumni_main` (`id`, `user_id`, `approved`) VALUES (239993, 239993, 1);
INSERT INTO `lk9v6_alumni_data` (`alumni_id`, `graduation_year`, `fid`, `job`, `address`, `city`, `country`, `phone`, `gid`, `mobile`, `nationalnumber`, `department`, `division`, `with_honor`) VALUES (239993, 2016, '2', '', '', '', '', '', 'جيد', '', '', '', '', '');
INSERT INTO `lk9v6_users` (`name`, `email`, `usertype`) VALUES ('بسمه محمد احمد احمد فضل المولى ', '', 'الخريجين');
INSERT INTO `lk9v6_alumni_main` (`id`, `user_id`, `approved`) VALUES (239994, 239994, 1);
INSERT INTO `lk9v6_alumni_data` (`alumni_id`, `graduation_year`, `fid`, `job`, `address`, `city`, `country`, `phone`, `gid`, `mobile`, `nationalnumber`, `department`, `division`, `with_honor`) VALUES (239994, 2016, '2', '', '', '', '', '', 'جيد', '', '', '', '', '');
INSERT INTO `lk9v6_users` (`name`, `email`, `usertype`) VALUES ('بسمه محمد محمد زيتون', '', 'الخريجين');
INSERT INTO `lk9v6_alumni_main` (`id`, `user_id`, `approved`) VALUES (239995, 239995, 1);
INSERT INTO `lk9v6_alumni_data` (`alumni_id`, `graduation_year`, `fid`, `job`, `address`, `city`, `country`, `phone`, `gid`, `mobile`, `nationalnumber`, `department`, `division`, `with_honor`) VALUES (239995, 2016, '2', '', '', '', '', '', 'جيد', '', '', '', '', '');
INSERT INTO `lk9v6_users` (`name`, `email`, `usertype`) VALUES ('بسمه مرسى محمد الحصاوى', '', 'الخريجين');
INSERT INTO `lk9v6_alumni_main` (`id`, `user_id`, `approved`) VALUES (239996, 239996, 1);
INSERT INTO `lk9v6_alumni_data` (`alumni_id`, `graduation_year`, `fid`, `job`, `address`, `city`, `country`, `phone`, `gid`, `mobile`, `nationalnumber`, `department`, `division`, `with_honor`) VALUES (239996, 2016, '2', '', '', '', '', '', 'جيد', '', '', '', '', '');
INSERT INTO `lk9v6_users` (`name`, `email`, `usertype`) VALUES ('بسنت اشرف حسن احمد مرسى', '', 'الخريجين');
INSERT INTO `lk9v6_alumni_main` (`id`, `user_id`, `approved`) VALUES (239997, 239997, 1);
INSERT INTO `lk9v6_alumni_data` (`alumni_id`, `graduation_year`, `fid`, `job`, `address`, `city`, `country`, `phone`, `gid`, `mobile`, `nationalnumber`, `department`, `division`, `with_honor`) VALUES (239997, 2016, '2', '', '', '', '', '', 'جيد', '', '', '', '', '');
INSERT INTO `lk9v6_users` (`name`, `email`, `usertype`) VALUES ('بهاء الدين مسعد على العشرى', '', 'الخريجين');
INSERT INTO `lk9v6_alumni_main` (`id`, `user_id`, `approved`) VALUES (239998, 239998, 1);
INSERT INTO `lk9v6_alumni_data` (`alumni_id`, `graduation_year`, `fid`, `job`, `address`, `city`, `country`, `phone`, `gid`, `mobile`, `nationalnumber`, `department`, `division`, `with_honor`) VALUES (239998, 2016, '2', '', '', '', '', '', 'جيد', '', '', '', '', '');
INSERT INTO `lk9v6_users` (`name`, `email`, `usertype`) VALUES ('بولا سمير حسنى اسعد اندراوس ', '', 'الخريجين');
INSERT INTO `lk9v6_alumni_main` (`id`, `user_id`, `approved`) VALUES (239999, 239999, 1);
INSERT INTO `lk9v6_alumni_data` (`alumni_id`, `graduation_year`, `fid`, `job`, `address`, `city`, `country`, `phone`, `gid`, `mobile`, `nationalnumber`, `department`, `division`, `with_honor`) VALUES (239999, 2016, '2', '', '', '', '', '', 'جيد', '', '', '', '', '');
INSERT INTO `lk9v6_users` (`name`, `email`, `usertype`) VALUES ('بيتر وجيه توفيق دوس', '', 'الخريجين');
INSERT INTO `lk9v6_alumni_main` (`id`, `user_id`, `approved`) VALUES (240000, 240000, 1);
INSERT INTO `lk9v6_alumni_data` (`alumni_id`, `graduation_year`, `fid`, `job`, `address`, `city`, `country`, `phone`, `gid`, `mobile`, `nationalnumber`, `department`, `division`, `with_honor`) VALUES (240000, 2016, '2', '', '', '', '', '', 'جيد', '', '', '', '', '');
INSERT INTO `lk9v6_users` (`name`, `email`, `usertype`) VALUES ('بريهان ايهاب فؤاد يس السيد', '', 'الخريجين');
INSERT INTO `lk9v6_alumni_main` (`id`, `user_id`, `approved`) VALUES (240001, 240001, 1);
INSERT INTO `lk9v6_alumni_data` (`alumni_id`, `graduation_year`, `fid`, `job`, `address`, `city`, `country`, `phone`, `gid`, `mobile`, `nationalnumber`, `department`, `division`, `with_honor`) VALUES (240001, 2016, '2', '', '', '', '', '', 'جيد', '', '', '', '', '');
INSERT INTO `lk9v6_users` (`name`, `email`, `usertype`) VALUES ('بيشوى نادى نجيب شحاته', '', 'الخريجين');
INSERT INTO `lk9v6_alumni_main` (`id`, `user_id`, `approved`) VALUES (240002, 240002, 1);
INSERT INTO `lk9v6_alumni_data` (`alumni_id`, `graduation_year`, `fid`, `job`, `address`, `city`, `country`, `phone`, `gid`, `mobile`, `nationalnumber`, `department`, `division`, `with_honor`) VALUES (240002, 2016, '2', '', '', '', '', '', 'جيد', '', '', '', '', '');
INSERT INTO `lk9v6_users` (`name`, `email`, `usertype`) VALUES ('بيير يوسف توفيق ابو عليم', '', 'الخريجين');
INSERT INTO `lk9v6_alumni_main` (`id`, `user_id`, `approved`) VALUES (240003, 240003, 1);
INSERT INTO `lk9v6_alumni_data` (`alumni_id`, `graduation_year`, `fid`, `job`, `address`, `city`, `country`, `phone`, `gid`, `mobile`, `nationalnumber`, `department`, `division`, `with_honor`) VALUES (240003, 2016, '2', '', '', '', '', '', 'جيد', '', '', '', '', '');
INSERT INTO `lk9v6_users` (`name`, `email`, `usertype`) VALUES ('تسنيم احمد عبد المنعم حسن دعبس', '', 'الخريجين');
INSERT INTO `lk9v6_alumni_main` (`id`, `user_id`, `approved`) VALUES (240004, 240004, 1);
INSERT INTO `lk9v6_alumni_data` (`alumni_id`, `graduation_year`, `fid`, `job`, `address`, `city`, `country`, `phone`, `gid`, `mobile`, `nationalnumber`, `department`, `division`, `with_honor`) VALUES (240004, 2016, '2', '', '', '', '', '', 'جيد', '', '', '', '', '');
INSERT INTO `lk9v6_users` (`name`, `email`, `usertype`) VALUES ('تغريد محمد خيرى محمد عبد النبى ', '', 'الخريجين');
INSERT INTO `lk9v6_alumni_main` (`id`, `user_id`, `approved`) VALUES (240005, 240005, 1);
INSERT INTO `lk9v6_alumni_data` (`alumni_id`, `graduation_year`, `fid`, `job`, `address`, `city`, `country`, `phone`, `gid`, `mobile`, `nationalnumber`, `department`, `division`, `with_honor`) VALUES (240005, 2016, '2', '', '', '', '', '', 'جيد', '', '', '', '', '');
INSERT INTO `lk9v6_users` (`name`, `email`, `usertype`) VALUES ('تقى خميس عيد خليفة ', '', 'الخريجين');
INSERT INTO `lk9v6_alumni_main` (`id`, `user_id`, `approved`) VALUES (240006, 240006, 1);
INSERT INTO `lk9v6_alumni_data` (`alumni_id`, `graduation_year`, `fid`, `job`, `address`, `city`, `country`, `phone`, `gid`, `mobile`, `nationalnumber`, `department`, `division`, `with_honor`) VALUES (240006, 2016, '2', '', '', '', '', '', 'جيد', '', '', '', '', '');
INSERT INTO `lk9v6_users` (`name`, `email`, `usertype`) VALUES ('تقى فضل حسنى ابو زيتحار', '', 'الخريجين');
INSERT INTO `lk9v6_alumni_main` (`id`, `user_id`, `approved`) VALUES (240007, 240007, 1);
INSERT INTO `lk9v6_alumni_data` (`alumni_id`, `graduation_year`, `fid`, `job`, `address`, `city`, `country`, `phone`, `gid`, `mobile`, `nationalnumber`, `department`, `division`, `with_honor`) VALUES (240007, 2016, '2', '', '', '', '', '', 'جيد', '', '', '', '', '');
INSERT INTO `lk9v6_users` (`name`, `email`, `usertype`) VALUES ('تقى مصطفى عبد الهادى الديب الحبشى ', '', 'الخريجين');
INSERT INTO `lk9v6_alumni_main` (`id`, `user_id`, `approved`) VALUES (240008, 240008, 1);
INSERT INTO `lk9v6_alumni_data` (`alumni_id`, `graduation_year`, `fid`, `job`, `address`, `city`, `country`, `phone`, `gid`, `mobile`, `nationalnumber`, `department`, `division`, `with_honor`) VALUES (240008, 2016, '2', '', '', '', '', '', 'جيد', '', '', '', '', '');
INSERT INTO `lk9v6_users` (`name`, `email`, `usertype`) VALUES ('جهاد السيد احمد غزال ', '', 'الخريجين');
INSERT INTO `lk9v6_alumni_main` (`id`, `user_id`, `approved`) VALUES (240009, 240009, 1);
INSERT INTO `lk9v6_alumni_data` (`alumni_id`, `graduation_year`, `fid`, `job`, `address`, `city`, `country`, `phone`, `gid`, `mobile`, `nationalnumber`, `department`, `division`, `with_honor`) VALUES (240009, 2016, '2', '', '', '', '', '', 'جيد', '', '', '', '', '');
INSERT INTO `lk9v6_users` (`name`, `email`, `usertype`) VALUES ('جهاد خالد عبد العزيز محمد علم الدين', '', 'الخريجين');
INSERT INTO `lk9v6_alumni_main` (`id`, `user_id`, `approved`) VALUES (240010, 240010, 1);
INSERT INTO `lk9v6_alumni_data` (`alumni_id`, `graduation_year`, `fid`, `job`, `address`, `city`, `country`, `phone`, `gid`, `mobile`, `nationalnumber`, `department`, `division`, `with_honor`) VALUES (240010, 2016, '2', '', '', '', '', '', 'جيد', '', '', '', '', '');
INSERT INTO `lk9v6_users` (`name`, `email`, `usertype`) VALUES ('جهاد محمد شعبان سيد ', '', 'الخريجين');
INSERT INTO `lk9v6_alumni_main` (`id`, `user_id`, `approved`) VALUES (240011, 240011, 1);
INSERT INTO `lk9v6_alumni_data` (`alumni_id`, `graduation_year`, `fid`, `job`, `address`, `city`, `country`, `phone`, `gid`, `mobile`, `nationalnumber`, `department`, `division`, `with_honor`) VALUES (240011, 2016, '2', '', '', '', '', '', 'جيد', '', '', '', '', '');
INSERT INTO `lk9v6_users` (`name`, `email`, `usertype`) VALUES ('جورج عادل  رياض ناروز', '', 'الخريجين');
INSERT INTO `lk9v6_alumni_main` (`id`, `user_id`, `approved`) VALUES (240012, 240012, 1);
INSERT INTO `lk9v6_alumni_data` (`alumni_id`, `graduation_year`, `fid`, `job`, `address`, `city`, `country`, `phone`, `gid`, `mobile`, `nationalnumber`, `department`, `division`, `with_honor`) VALUES (240012, 2016, '2', '', '', '', '', '', 'جيد', '', '', '', '', '');
INSERT INTO `lk9v6_users` (`name`, `email`, `usertype`) VALUES ('جوستينا وجيه صبحى جاد الله ', '', 'الخريجين');
INSERT INTO `lk9v6_alumni_main` (`id`, `user_id`, `approved`) VALUES (240013, 240013, 1);
INSERT INTO `lk9v6_alumni_data` (`alumni_id`, `graduation_year`, `fid`, `job`, `address`, `city`, `country`, `phone`, `gid`, `mobile`, `nationalnumber`, `department`, `division`, `with_honor`) VALUES (240013, 2016, '2', '', '', '', '', '', 'جيد', '', '', '', '', '');
INSERT INTO `lk9v6_users` (`name`, `email`, `usertype`) VALUES ('حازم يسرى محمد عطيه', '', 'الخريجين');
INSERT INTO `lk9v6_alumni_main` (`id`, `user_id`, `approved`) VALUES (240014, 240014, 1);
INSERT INTO `lk9v6_alumni_data` (`alumni_id`, `graduation_year`, `fid`, `job`, `address`, `city`, `country`, `phone`, `gid`, `mobile`, `nationalnumber`, `department`, `division`, `with_honor`) VALUES (240014, 2016, '2', '', '', '', '', '', 'جيد', '', '', '', '', '');
INSERT INTO `lk9v6_users` (`name`, `email`, `usertype`) VALUES ('حسام حسن ابراهيم مسلم ياسين', '', 'الخريجين');
INSERT INTO `lk9v6_alumni_main` (`id`, `user_id`, `approved`) VALUES (240015, 240015, 1);
INSERT INTO `lk9v6_alumni_data` (`alumni_id`, `graduation_year`, `fid`, `job`, `address`, `city`, `country`, `phone`, `gid`, `mobile`, `nationalnumber`, `department`, `division`, `with_honor`) VALUES (240015, 2016, '2', '', '', '', '', '', 'جيد', '', '', '', '', '');
INSERT INTO `lk9v6_users` (`name`, `email`, `usertype`) VALUES ('حسن على حسن البسيونى', '', 'الخريجين');
INSERT INTO `lk9v6_alumni_main` (`id`, `user_id`, `approved`) VALUES (240016, 240016, 1);
INSERT INTO `lk9v6_alumni_data` (`alumni_id`, `graduation_year`, `fid`, `job`, `address`, `city`, `country`, `phone`, `gid`, `mobile`, `nationalnumber`, `department`, `division`, `with_honor`) VALUES (240016, 2016, '2', '', '', '', '', '', 'جيد', '', '', '', '', '');
INSERT INTO `lk9v6_users` (`name`, `email`, `usertype`) VALUES ('حسن ناصر حسن متولى', '', 'الخريجين');
INSERT INTO `lk9v6_alumni_main` (`id`, `user_id`, `approved`) VALUES (240017, 240017, 1);
INSERT INTO `lk9v6_alumni_data` (`alumni_id`, `graduation_year`, `fid`, `job`, `address`, `city`, `country`, `phone`, `gid`, `mobile`, `nationalnumber`, `department`, `division`, `with_honor`) VALUES (240017, 2016, '2', '', '', '', '', '', 'جيد', '', '', '', '', '');
INSERT INTO `lk9v6_users` (`name`, `email`, `usertype`) VALUES ('حمادة يوسف محمد ابو بكر', '', 'الخريجين');
INSERT INTO `lk9v6_alumni_main` (`id`, `user_id`, `approved`) VALUES (240018, 240018, 1);
INSERT INTO `lk9v6_alumni_data` (`alumni_id`, `graduation_year`, `fid`, `job`, `address`, `city`, `country`, `phone`, `gid`, `mobile`, `nationalnumber`, `department`, `division`, `with_honor`) VALUES (240018, 2016, '2', '', '', '', '', '', 'جيد', '', '', '', '', '');
INSERT INTO `lk9v6_users` (`name`, `email`, `usertype`) VALUES ('حنان مرسى على على ابو البقا', '', 'الخريجين');
INSERT INTO `lk9v6_alumni_main` (`id`, `user_id`, `approved`) VALUES (240019, 240019, 1);
INSERT INTO `lk9v6_alumni_data` (`alumni_id`, `graduation_year`, `fid`, `job`, `address`, `city`, `country`, `phone`, `gid`, `mobile`, `nationalnumber`, `department`, `division`, `with_honor`) VALUES (240019, 2016, '2', '', '', '', '', '', 'جيد', '', '', '', '', '');
INSERT INTO `lk9v6_users` (`name`, `email`, `usertype`) VALUES ('خالد محمد رضا عبد الوهاب محمود', '', 'الخريجين');
INSERT INTO `lk9v6_alumni_main` (`id`, `user_id`, `approved`) VALUES (240020, 240020, 1);
INSERT INTO `lk9v6_alumni_data` (`alumni_id`, `graduation_year`, `fid`, `job`, `address`, `city`, `country`, `phone`, `gid`, `mobile`, `nationalnumber`, `department`, `division`, `with_honor`) VALUES (240020, 2016, '2', '', '', '', '', '', 'جيد', '', '', '', '', '');
INSERT INTO `lk9v6_users` (`name`, `email`, `usertype`) VALUES ('خالد محمد منصور زايد هبيله', '', 'الخريجين');
INSERT INTO `lk9v6_alumni_main` (`id`, `user_id`, `approved`) VALUES (240021, 240021, 1);
INSERT INTO `lk9v6_alumni_data` (`alumni_id`, `graduation_year`, `fid`, `job`, `address`, `city`, `country`, `phone`, `gid`, `mobile`, `nationalnumber`, `department`, `division`, `with_honor`) VALUES (240021, 2016, '2', '', '', '', '', '', 'جيد', '', '', '', '', '');
INSERT INTO `lk9v6_users` (`name`, `email`, `usertype`) VALUES ('خالد مصطفى على مصطفى', '', 'الخريجين');
INSERT INTO `lk9v6_alumni_main` (`id`, `user_id`, `approved`) VALUES (240022, 240022, 1);
INSERT INTO `lk9v6_alumni_data` (`alumni_id`, `graduation_year`, `fid`, `job`, `address`, `city`, `country`, `phone`, `gid`, `mobile`, `nationalnumber`, `department`, `division`, `with_honor`) VALUES (240022, 2016, '2', '', '', '', '', '', 'جيد', '', '', '', '', '');
INSERT INTO `lk9v6_users` (`name`, `email`, `usertype`) VALUES ('خالد ناصر محمد عبد المقصود', '', 'الخريجين');
INSERT INTO `lk9v6_alumni_main` (`id`, `user_id`, `approved`) VALUES (240023, 240023, 1);
INSERT INTO `lk9v6_alumni_data` (`alumni_id`, `graduation_year`, `fid`, `job`, `address`, `city`, `country`, `phone`, `gid`, `mobile`, `nationalnumber`, `department`, `division`, `with_honor`) VALUES (240023, 2016, '2', '', '', '', '', '', 'جيد', '', '', '', '', '');
INSERT INTO `lk9v6_users` (`name`, `email`, `usertype`) VALUES ('خليل احمد عبد السلام خليل', '', 'الخريجين');
INSERT INTO `lk9v6_alumni_main` (`id`, `user_id`, `approved`) VALUES (240024, 240024, 1);
INSERT INTO `lk9v6_alumni_data` (`alumni_id`, `graduation_year`, `fid`, `job`, `address`, `city`, `country`, `phone`, `gid`, `mobile`, `nationalnumber`, `department`, `division`, `with_honor`) VALUES (240024, 2016, '2', '', '', '', '', '', 'جيد', '', '', '', '', '');
INSERT INTO `lk9v6_users` (`name`, `email`, `usertype`) VALUES ('داليا عبيد فهمى محمد ودن', '', 'الخريجين');
INSERT INTO `lk9v6_alumni_main` (`id`, `user_id`, `approved`) VALUES (240025, 240025, 1);
INSERT INTO `lk9v6_alumni_data` (`alumni_id`, `graduation_year`, `fid`, `job`, `address`, `city`, `country`, `phone`, `gid`, `mobile`, `nationalnumber`, `department`, `division`, `with_honor`) VALUES (240025, 2016, '2', '', '', '', '', '', 'جيد', '', '', '', '', '');
INSERT INTO `lk9v6_users` (`name`, `email`, `usertype`) VALUES ('دعاء احمد محمد الشلوفى ', '', 'الخريجين');
INSERT INTO `lk9v6_alumni_main` (`id`, `user_id`, `approved`) VALUES (240026, 240026, 1);
INSERT INTO `lk9v6_alumni_data` (`alumni_id`, `graduation_year`, `fid`, `job`, `address`, `city`, `country`, `phone`, `gid`, `mobile`, `nationalnumber`, `department`, `division`, `with_honor`) VALUES (240026, 2016, '2', '', '', '', '', '', 'جيد', '', '', '', '', '');
INSERT INTO `lk9v6_users` (`name`, `email`, `usertype`) VALUES ('دعاء اكرم محمد شحاته ابو عراشين', '', 'الخريجين');
INSERT INTO `lk9v6_alumni_main` (`id`, `user_id`, `approved`) VALUES (240027, 240027, 1);
INSERT INTO `lk9v6_alumni_data` (`alumni_id`, `graduation_year`, `fid`, `job`, `address`, `city`, `country`, `phone`, `gid`, `mobile`, `nationalnumber`, `department`, `division`, `with_honor`) VALUES (240027, 2016, '2', '', '', '', '', '', 'جيد', '', '', '', '', '');
INSERT INTO `lk9v6_users` (`name`, `email`, `usertype`) VALUES ('دعاء السيد ابراهيم محمد فرج', '', 'الخريجين');
INSERT INTO `lk9v6_alumni_main` (`id`, `user_id`, `approved`) VALUES (240028, 240028, 1);
INSERT INTO `lk9v6_alumni_data` (`alumni_id`, `graduation_year`, `fid`, `job`, `address`, `city`, `country`, `phone`, `gid`, `mobile`, `nationalnumber`, `department`, `division`, `with_honor`) VALUES (240028, 2016, '2', '', '', '', '', '', 'جيد', '', '', '', '', '');
INSERT INTO `lk9v6_users` (`name`, `email`, `usertype`) VALUES ('دعاء جمعه عبد الحميد محمد الطحان', '', 'الخريجين');
INSERT INTO `lk9v6_alumni_main` (`id`, `user_id`, `approved`) VALUES (240029, 240029, 1);
INSERT INTO `lk9v6_alumni_data` (`alumni_id`, `graduation_year`, `fid`, `job`, `address`, `city`, `country`, `phone`, `gid`, `mobile`, `nationalnumber`, `department`, `division`, `with_honor`) VALUES (240029, 2016, '2', '', '', '', '', '', 'جيد', '', '', '', '', '');
INSERT INTO `lk9v6_users` (`name`, `email`, `usertype`) VALUES ('دعاء حسين عبد المقصود على عبد المقصود', '', 'الخريجين');
INSERT INTO `lk9v6_alumni_main` (`id`, `user_id`, `approved`) VALUES (240030, 240030, 1);
INSERT INTO `lk9v6_alumni_data` (`alumni_id`, `graduation_year`, `fid`, `job`, `address`, `city`, `country`, `phone`, `gid`, `mobile`, `nationalnumber`, `department`, `division`, `with_honor`) VALUES (240030, 2016, '2', '', '', '', '', '', 'جيد', '', '', '', '', '');
INSERT INTO `lk9v6_users` (`name`, `email`, `usertype`) VALUES ('دعاء يوسف سعد محمد عطا الله', '', 'الخريجين');
INSERT INTO `lk9v6_alumni_main` (`id`, `user_id`, `approved`) VALUES (240031, 240031, 1);
INSERT INTO `lk9v6_alumni_data` (`alumni_id`, `graduation_year`, `fid`, `job`, `address`, `city`, `country`, `phone`, `gid`, `mobile`, `nationalnumber`, `department`, `division`, `with_honor`) VALUES (240031, 2016, '2', '', '', '', '', '', 'جيد', '', '', '', '', '');
INSERT INTO `lk9v6_users` (`name`, `email`, `usertype`) VALUES ('دنيا حمدى عبد الواحد على القلينى ', '', 'الخريجين');
INSERT INTO `lk9v6_alumni_main` (`id`, `user_id`, `approved`) VALUES (240032, 240032, 1);
INSERT INTO `lk9v6_alumni_data` (`alumni_id`, `graduation_year`, `fid`, `job`, `address`, `city`, `country`, `phone`, `gid`, `mobile`, `nationalnumber`, `department`, `division`, `with_honor`) VALUES (240032, 2016, '2', '', '', '', '', '', 'جيد', '', '', '', '', '');
INSERT INTO `lk9v6_users` (`name`, `email`, `usertype`) VALUES ('دينا احمد ناجى احمد على', '', 'الخريجين');
INSERT INTO `lk9v6_alumni_main` (`id`, `user_id`, `approved`) VALUES (240033, 240033, 1);
INSERT INTO `lk9v6_alumni_data` (`alumni_id`, `graduation_year`, `fid`, `job`, `address`, `city`, `country`, `phone`, `gid`, `mobile`, `nationalnumber`, `department`, `division`, `with_honor`) VALUES (240033, 2016, '2', '', '', '', '', '', 'جيد', '', '', '', '', '');
INSERT INTO `lk9v6_users` (`name`, `email`, `usertype`) VALUES ('دينا عبد النبى محمد مهدى عمر', '', 'الخريجين');
INSERT INTO `lk9v6_alumni_main` (`id`, `user_id`, `approved`) VALUES (240034, 240034, 1);
INSERT INTO `lk9v6_alumni_data` (`alumni_id`, `graduation_year`, `fid`, `job`, `address`, `city`, `country`, `phone`, `gid`, `mobile`, `nationalnumber`, `department`, `division`, `with_honor`) VALUES (240034, 2016, '2', '', '', '', '', '', 'جيد', '', '', '', '', '');
INSERT INTO `lk9v6_users` (`name`, `email`, `usertype`) VALUES ('دينا محمد احمد محمد السعدنى ', '', 'الخريجين');
INSERT INTO `lk9v6_alumni_main` (`id`, `user_id`, `approved`) VALUES (240035, 240035, 1);
INSERT INTO `lk9v6_alumni_data` (`alumni_id`, `graduation_year`, `fid`, `job`, `address`, `city`, `country`, `phone`, `gid`, `mobile`, `nationalnumber`, `department`, `division`, `with_honor`) VALUES (240035, 2016, '2', '', '', '', '', '', 'جيد', '', '', '', '', '');
INSERT INTO `lk9v6_users` (`name`, `email`, `usertype`) VALUES ('دينا محمد السعيد على بدر', '', 'الخريجين');
INSERT INTO `lk9v6_alumni_main` (`id`, `user_id`, `approved`) VALUES (240036, 240036, 1);
INSERT INTO `lk9v6_alumni_data` (`alumni_id`, `graduation_year`, `fid`, `job`, `address`, `city`, `country`, `phone`, `gid`, `mobile`, `nationalnumber`, `department`, `division`, `with_honor`) VALUES (240036, 2016, '2', '', '', '', '', '', 'جيد', '', '', '', '', '');
INSERT INTO `lk9v6_users` (`name`, `email`, `usertype`) VALUES ('دينا محمد فوزى محمد الخولانى', '', 'الخريجين');
INSERT INTO `lk9v6_alumni_main` (`id`, `user_id`, `approved`) VALUES (240037, 240037, 1);
INSERT INTO `lk9v6_alumni_data` (`alumni_id`, `graduation_year`, `fid`, `job`, `address`, `city`, `country`, `phone`, `gid`, `mobile`, `nationalnumber`, `department`, `division`, `with_honor`) VALUES (240037, 2016, '2', '', '', '', '', '', 'جيد', '', '', '', '', '');
INSERT INTO `lk9v6_users` (`name`, `email`, `usertype`) VALUES ('رانا محمد كمال محمد محمود عمران', '', 'الخريجين');
INSERT INTO `lk9v6_alumni_main` (`id`, `user_id`, `approved`) VALUES (240038, 240038, 1);
INSERT INTO `lk9v6_alumni_data` (`alumni_id`, `graduation_year`, `fid`, `job`, `address`, `city`, `country`, `phone`, `gid`, `mobile`, `nationalnumber`, `department`, `division`, `with_honor`) VALUES (240038, 2016, '2', '', '', '', '', '', 'جيد', '', '', '', '', '');
INSERT INTO `lk9v6_users` (`name`, `email`, `usertype`) VALUES ('رانيا زكريا احمد محمد الكومى ', '', 'الخريجين');
INSERT INTO `lk9v6_alumni_main` (`id`, `user_id`, `approved`) VALUES (240039, 240039, 1);
INSERT INTO `lk9v6_alumni_data` (`alumni_id`, `graduation_year`, `fid`, `job`, `address`, `city`, `country`, `phone`, `gid`, `mobile`, `nationalnumber`, `department`, `division`, `with_honor`) VALUES (240039, 2016, '2', '', '', '', '', '', 'جيد', '', '', '', '', '');
INSERT INTO `lk9v6_users` (`name`, `email`, `usertype`) VALUES ('رانيا صابر كرمى صالح', '', 'الخريجين');
INSERT INTO `lk9v6_alumni_main` (`id`, `user_id`, `approved`) VALUES (240040, 240040, 1);
INSERT INTO `lk9v6_alumni_data` (`alumni_id`, `graduation_year`, `fid`, `job`, `address`, `city`, `country`, `phone`, `gid`, `mobile`, `nationalnumber`, `department`, `division`, `with_honor`) VALUES (240040, 2016, '2', '', '', '', '', '', 'جيد', '', '', '', '', '');
INSERT INTO `lk9v6_users` (`name`, `email`, `usertype`) VALUES ('رانيا عبد المحسن جمعه محمد جمعه', '', 'الخريجين');
INSERT INTO `lk9v6_alumni_main` (`id`, `user_id`, `approved`) VALUES (240041, 240041, 1);
INSERT INTO `lk9v6_alumni_data` (`alumni_id`, `graduation_year`, `fid`, `job`, `address`, `city`, `country`, `phone`, `gid`, `mobile`, `nationalnumber`, `department`, `division`, `with_honor`) VALUES (240041, 2016, '2', '', '', '', '', '', 'جيد', '', '', '', '', '');
INSERT INTO `lk9v6_users` (`name`, `email`, `usertype`) VALUES ('رانيا محمود ابراهيم فرغلى قناوى', '', 'الخريجين');
INSERT INTO `lk9v6_alumni_main` (`id`, `user_id`, `approved`) VALUES (240042, 240042, 1);
INSERT INTO `lk9v6_alumni_data` (`alumni_id`, `graduation_year`, `fid`, `job`, `address`, `city`, `country`, `phone`, `gid`, `mobile`, `nationalnumber`, `department`, `division`, `with_honor`) VALUES (240042, 2016, '2', '', '', '', '', '', 'جيد', '', '', '', '', '');
INSERT INTO `lk9v6_users` (`name`, `email`, `usertype`) VALUES ('رباب رجب محمد فتوح ', '', 'الخريجين');
INSERT INTO `lk9v6_alumni_main` (`id`, `user_id`, `approved`) VALUES (240043, 240043, 1);
INSERT INTO `lk9v6_alumni_data` (`alumni_id`, `graduation_year`, `fid`, `job`, `address`, `city`, `country`, `phone`, `gid`, `mobile`, `nationalnumber`, `department`, `division`, `with_honor`) VALUES (240043, 2016, '2', '', '', '', '', '', 'جيد', '', '', '', '', '');
INSERT INTO `lk9v6_users` (`name`, `email`, `usertype`) VALUES ('رحاب احمد حسين السيد حسين', '', 'الخريجين');
INSERT INTO `lk9v6_alumni_main` (`id`, `user_id`, `approved`) VALUES (240044, 240044, 1);
INSERT INTO `lk9v6_alumni_data` (`alumni_id`, `graduation_year`, `fid`, `job`, `address`, `city`, `country`, `phone`, `gid`, `mobile`, `nationalnumber`, `department`, `division`, `with_honor`) VALUES (240044, 2016, '2', '', '', '', '', '', 'جيد', '', '', '', '', '');
INSERT INTO `lk9v6_users` (`name`, `email`, `usertype`) VALUES ('رحاب سمير جمعه رزق سعيد', '', 'الخريجين');
INSERT INTO `lk9v6_alumni_main` (`id`, `user_id`, `approved`) VALUES (240045, 240045, 1);
INSERT INTO `lk9v6_alumni_data` (`alumni_id`, `graduation_year`, `fid`, `job`, `address`, `city`, `country`, `phone`, `gid`, `mobile`, `nationalnumber`, `department`, `division`, `with_honor`) VALUES (240045, 2016, '2', '', '', '', '', '', 'جيد', '', '', '', '', '');
INSERT INTO `lk9v6_users` (`name`, `email`, `usertype`) VALUES ('رحاب محمد ابراهيم عبد العزيز محمد ', '', 'الخريجين');
INSERT INTO `lk9v6_alumni_main` (`id`, `user_id`, `approved`) VALUES (240046, 240046, 1);
INSERT INTO `lk9v6_alumni_data` (`alumni_id`, `graduation_year`, `fid`, `job`, `address`, `city`, `country`, `phone`, `gid`, `mobile`, `nationalnumber`, `department`, `division`, `with_honor`) VALUES (240046, 2016, '2', '', '', '', '', '', 'جيد', '', '', '', '', '');
INSERT INTO `lk9v6_users` (`name`, `email`, `usertype`) VALUES ('رحمه احمد حسن احمد حسين', '', 'الخريجين');
INSERT INTO `lk9v6_alumni_main` (`id`, `user_id`, `approved`) VALUES (240047, 240047, 1);
INSERT INTO `lk9v6_alumni_data` (`alumni_id`, `graduation_year`, `fid`, `job`, `address`, `city`, `country`, `phone`, `gid`, `mobile`, `nationalnumber`, `department`, `division`, `with_honor`) VALUES (240047, 2016, '2', '', '', '', '', '', 'جيد', '', '', '', '', '');
INSERT INTO `lk9v6_users` (`name`, `email`, `usertype`) VALUES ('رحمه جلال عبد الحميد خليل جاد', '', 'الخريجين');
INSERT INTO `lk9v6_alumni_main` (`id`, `user_id`, `approved`) VALUES (240048, 240048, 1);
INSERT INTO `lk9v6_alumni_data` (`alumni_id`, `graduation_year`, `fid`, `job`, `address`, `city`, `country`, `phone`, `gid`, `mobile`, `nationalnumber`, `department`, `division`, `with_honor`) VALUES (240048, 2016, '2', '', '', '', '', '', 'جيد', '', '', '', '', '');
INSERT INTO `lk9v6_users` (`name`, `email`, `usertype`) VALUES ('رحمه علاء الدين محمود داود', '', 'الخريجين');
INSERT INTO `lk9v6_alumni_main` (`id`, `user_id`, `approved`) VALUES (240049, 240049, 1);
INSERT INTO `lk9v6_alumni_data` (`alumni_id`, `graduation_year`, `fid`, `job`, `address`, `city`, `country`, `phone`, `gid`, `mobile`, `nationalnumber`, `department`, `division`, `with_honor`) VALUES (240049, 2016, '2', '', '', '', '', '', 'جيد', '', '', '', '', '');
INSERT INTO `lk9v6_users` (`name`, `email`, `usertype`) VALUES ('رشا ابراهيم احمد احمد', '', 'الخريجين');
INSERT INTO `lk9v6_alumni_main` (`id`, `user_id`, `approved`) VALUES (240050, 240050, 1);
INSERT INTO `lk9v6_alumni_data` (`alumni_id`, `graduation_year`, `fid`, `job`, `address`, `city`, `country`, `phone`, `gid`, `mobile`, `nationalnumber`, `department`, `division`, `with_honor`) VALUES (240050, 2016, '2', '', '', '', '', '', 'جيد', '', '', '', '', '');
INSERT INTO `lk9v6_users` (`name`, `email`, `usertype`) VALUES ('رشا صبرى ابراهيم الزقزوق', '', 'الخريجين');
INSERT INTO `lk9v6_alumni_main` (`id`, `user_id`, `approved`) VALUES (240051, 240051, 1);
INSERT INTO `lk9v6_alumni_data` (`alumni_id`, `graduation_year`, `fid`, `job`, `address`, `city`, `country`, `phone`, `gid`, `mobile`, `nationalnumber`, `department`, `division`, `with_honor`) VALUES (240051, 2016, '2', '', '', '', '', '', 'جيد', '', '', '', '', '');
INSERT INTO `lk9v6_users` (`name`, `email`, `usertype`) VALUES ('رشا محمد غازى حامد عبد الرحيم', '', 'الخريجين');
INSERT INTO `lk9v6_alumni_main` (`id`, `user_id`, `approved`) VALUES (240052, 240052, 1);
INSERT INTO `lk9v6_alumni_data` (`alumni_id`, `graduation_year`, `fid`, `job`, `address`, `city`, `country`, `phone`, `gid`, `mobile`, `nationalnumber`, `department`, `division`, `with_honor`) VALUES (240052, 2016, '2', '', '', '', '', '', 'جيد', '', '', '', '', '');
INSERT INTO `lk9v6_users` (`name`, `email`, `usertype`) VALUES ('رضوى محمد زكى عبد العليم', '', 'الخريجين');
INSERT INTO `lk9v6_alumni_main` (`id`, `user_id`, `approved`) VALUES (240053, 240053, 1);
INSERT INTO `lk9v6_alumni_data` (`alumni_id`, `graduation_year`, `fid`, `job`, `address`, `city`, `country`, `phone`, `gid`, `mobile`, `nationalnumber`, `department`, `division`, `with_honor`) VALUES (240053, 2016, '2', '', '', '', '', '', 'جيد', '', '', '', '', '');
INSERT INTO `lk9v6_users` (`name`, `email`, `usertype`) VALUES ('رضوى نبيل خميس السقيلى ', '', 'الخريجين');
INSERT INTO `lk9v6_alumni_main` (`id`, `user_id`, `approved`) VALUES (240054, 240054, 1);
INSERT INTO `lk9v6_alumni_data` (`alumni_id`, `graduation_year`, `fid`, `job`, `address`, `city`, `country`, `phone`, `gid`, `mobile`, `nationalnumber`, `department`, `division`, `with_honor`) VALUES (240054, 2016, '2', '', '', '', '', '', 'جيد', '', '', '', '', '');
INSERT INTO `lk9v6_users` (`name`, `email`, `usertype`) VALUES ('رغده ابراهيم محمد انور غنام', '', 'الخريجين');
INSERT INTO `lk9v6_alumni_main` (`id`, `user_id`, `approved`) VALUES (240055, 240055, 1);
INSERT INTO `lk9v6_alumni_data` (`alumni_id`, `graduation_year`, `fid`, `job`, `address`, `city`, `country`, `phone`, `gid`, `mobile`, `nationalnumber`, `department`, `division`, `with_honor`) VALUES (240055, 2016, '2', '', '', '', '', '', 'جيد', '', '', '', '', '');
INSERT INTO `lk9v6_users` (`name`, `email`, `usertype`) VALUES ('رقيه مجدى عبد العزيز محمود فرماوى', '', 'الخريجين');
INSERT INTO `lk9v6_alumni_main` (`id`, `user_id`, `approved`) VALUES (240056, 240056, 1);
INSERT INTO `lk9v6_alumni_data` (`alumni_id`, `graduation_year`, `fid`, `job`, `address`, `city`, `country`, `phone`, `gid`, `mobile`, `nationalnumber`, `department`, `division`, `with_honor`) VALUES (240056, 2016, '2', '', '', '', '', '', 'جيد', '', '', '', '', '');
INSERT INTO `lk9v6_users` (`name`, `email`, `usertype`) VALUES ('رنا فتح الله ابراهيم فتح الله سويلم', '', 'الخريجين');
INSERT INTO `lk9v6_alumni_main` (`id`, `user_id`, `approved`) VALUES (240057, 240057, 1);
INSERT INTO `lk9v6_alumni_data` (`alumni_id`, `graduation_year`, `fid`, `job`, `address`, `city`, `country`, `phone`, `gid`, `mobile`, `nationalnumber`, `department`, `division`, `with_honor`) VALUES (240057, 2016, '2', '', '', '', '', '', 'جيد', '', '', '', '', '');
INSERT INTO `lk9v6_users` (`name`, `email`, `usertype`) VALUES ('رهام فوزى ابراهيم ابراهيم سليمان', '', 'الخريجين');
INSERT INTO `lk9v6_alumni_main` (`id`, `user_id`, `approved`) VALUES (240058, 240058, 1);
INSERT INTO `lk9v6_alumni_data` (`alumni_id`, `graduation_year`, `fid`, `job`, `address`, `city`, `country`, `phone`, `gid`, `mobile`, `nationalnumber`, `department`, `division`, `with_honor`) VALUES (240058, 2016, '2', '', '', '', '', '', 'جيد', '', '', '', '', '');
INSERT INTO `lk9v6_users` (`name`, `email`, `usertype`) VALUES ('رواء عادل محمود المغربى', '', 'الخريجين');
INSERT INTO `lk9v6_alumni_main` (`id`, `user_id`, `approved`) VALUES (240059, 240059, 1);
INSERT INTO `lk9v6_alumni_data` (`alumni_id`, `graduation_year`, `fid`, `job`, `address`, `city`, `country`, `phone`, `gid`, `mobile`, `nationalnumber`, `department`, `division`, `with_honor`) VALUES (240059, 2016, '2', '', '', '', '', '', 'جيد', '', '', '', '', '');
INSERT INTO `lk9v6_users` (`name`, `email`, `usertype`) VALUES ('روضه احمد محمود محمد عبيدة', '', 'الخريجين');
INSERT INTO `lk9v6_alumni_main` (`id`, `user_id`, `approved`) VALUES (240060, 240060, 1);
INSERT INTO `lk9v6_alumni_data` (`alumni_id`, `graduation_year`, `fid`, `job`, `address`, `city`, `country`, `phone`, `gid`, `mobile`, `nationalnumber`, `department`, `division`, `with_honor`) VALUES (240060, 2016, '2', '', '', '', '', '', 'جيد', '', '', '', '', '');
INSERT INTO `lk9v6_users` (`name`, `email`, `usertype`) VALUES ('ريم الصابر عوض محمود دومه', '', 'الخريجين');
INSERT INTO `lk9v6_alumni_main` (`id`, `user_id`, `approved`) VALUES (240061, 240061, 1);
INSERT INTO `lk9v6_alumni_data` (`alumni_id`, `graduation_year`, `fid`, `job`, `address`, `city`, `country`, `phone`, `gid`, `mobile`, `nationalnumber`, `department`, `division`, `with_honor`) VALUES (240061, 2016, '2', '', '', '', '', '', 'جيد', '', '', '', '', '');
INSERT INTO `lk9v6_users` (`name`, `email`, `usertype`) VALUES ('ريم عبد المنعم حبيب عوض باشا', '', 'الخريجين');
INSERT INTO `lk9v6_alumni_main` (`id`, `user_id`, `approved`) VALUES (240062, 240062, 1);
INSERT INTO `lk9v6_alumni_data` (`alumni_id`, `graduation_year`, `fid`, `job`, `address`, `city`, `country`, `phone`, `gid`, `mobile`, `nationalnumber`, `department`, `division`, `with_honor`) VALUES (240062, 2016, '2', '', '', '', '', '', 'جيد', '', '', '', '', '');
INSERT INTO `lk9v6_users` (`name`, `email`, `usertype`) VALUES ('ريهام احمد كمال عبد الخالق', '', 'الخريجين');
INSERT INTO `lk9v6_alumni_main` (`id`, `user_id`, `approved`) VALUES (240063, 240063, 1);
INSERT INTO `lk9v6_alumni_data` (`alumni_id`, `graduation_year`, `fid`, `job`, `address`, `city`, `country`, `phone`, `gid`, `mobile`, `nationalnumber`, `department`, `division`, `with_honor`) VALUES (240063, 2016, '2', '', '', '', '', '', 'جيد', '', '', '', '', '');
INSERT INTO `lk9v6_users` (`name`, `email`, `usertype`) VALUES ('ريهام حمدى عبد العزيز محمود رحمه', '', 'الخريجين');
INSERT INTO `lk9v6_alumni_main` (`id`, `user_id`, `approved`) VALUES (240064, 240064, 1);
INSERT INTO `lk9v6_alumni_data` (`alumni_id`, `graduation_year`, `fid`, `job`, `address`, `city`, `country`, `phone`, `gid`, `mobile`, `nationalnumber`, `department`, `division`, `with_honor`) VALUES (240064, 2016, '2', '', '', '', '', '', 'جيد', '', '', '', '', '');
INSERT INTO `lk9v6_users` (`name`, `email`, `usertype`) VALUES ('ريهام محمود النوبى طه على ', '', 'الخريجين');
INSERT INTO `lk9v6_alumni_main` (`id`, `user_id`, `approved`) VALUES (240065, 240065, 1);
INSERT INTO `lk9v6_alumni_data` (`alumni_id`, `graduation_year`, `fid`, `job`, `address`, `city`, `country`, `phone`, `gid`, `mobile`, `nationalnumber`, `department`, `division`, `with_honor`) VALUES (240065, 2016, '2', '', '', '', '', '', 'جيد', '', '', '', '', '');
INSERT INTO `lk9v6_users` (`name`, `email`, `usertype`) VALUES ('ريهام محمود حسن رشاد عيسى ', '', 'الخريجين');
INSERT INTO `lk9v6_alumni_main` (`id`, `user_id`, `approved`) VALUES (240066, 240066, 1);
INSERT INTO `lk9v6_alumni_data` (`alumni_id`, `graduation_year`, `fid`, `job`, `address`, `city`, `country`, `phone`, `gid`, `mobile`, `nationalnumber`, `department`, `division`, `with_honor`) VALUES (240066, 2016, '2', '', '', '', '', '', 'جيد', '', '', '', '', '');
INSERT INTO `lk9v6_users` (`name`, `email`, `usertype`) VALUES ('ريهام ممدوح مصطفى صالح شيحه ', '', 'الخريجين');
INSERT INTO `lk9v6_alumni_main` (`id`, `user_id`, `approved`) VALUES (240067, 240067, 1);
INSERT INTO `lk9v6_alumni_data` (`alumni_id`, `graduation_year`, `fid`, `job`, `address`, `city`, `country`, `phone`, `gid`, `mobile`, `nationalnumber`, `department`, `division`, `with_honor`) VALUES (240067, 2016, '2', '', '', '', '', '', 'جيد', '', '', '', '', '');
INSERT INTO `lk9v6_users` (`name`, `email`, `usertype`) VALUES ('زياد جمال على احمد جمعه', '', 'الخريجين');
INSERT INTO `lk9v6_alumni_main` (`id`, `user_id`, `approved`) VALUES (240068, 240068, 1);
INSERT INTO `lk9v6_alumni_data` (`alumni_id`, `graduation_year`, `fid`, `job`, `address`, `city`, `country`, `phone`, `gid`, `mobile`, `nationalnumber`, `department`, `division`, `with_honor`) VALUES (240068, 2016, '2', '', '', '', '', '', 'جيد', '', '', '', '', '');
INSERT INTO `lk9v6_users` (`name`, `email`, `usertype`) VALUES ('زياد مصطفى محمد متولى عبد الرحمن', '', 'الخريجين');
INSERT INTO `lk9v6_alumni_main` (`id`, `user_id`, `approved`) VALUES (240069, 240069, 1);
INSERT INTO `lk9v6_alumni_data` (`alumni_id`, `graduation_year`, `fid`, `job`, `address`, `city`, `country`, `phone`, `gid`, `mobile`, `nationalnumber`, `department`, `division`, `with_honor`) VALUES (240069, 2016, '2', '', '', '', '', '', 'جيد', '', '', '', '', '');
INSERT INTO `lk9v6_users` (`name`, `email`, `usertype`) VALUES ('ساره ابراهيم فتحى القاضى ', '', 'الخريجين');
INSERT INTO `lk9v6_alumni_main` (`id`, `user_id`, `approved`) VALUES (240070, 240070, 1);
INSERT INTO `lk9v6_alumni_data` (`alumni_id`, `graduation_year`, `fid`, `job`, `address`, `city`, `country`, `phone`, `gid`, `mobile`, `nationalnumber`, `department`, `division`, `with_honor`) VALUES (240070, 2016, '2', '', '', '', '', '', 'جيد', '', '', '', '', '');
INSERT INTO `lk9v6_users` (`name`, `email`, `usertype`) VALUES ('ساره بركات عمر على عمر ', '', 'الخريجين');
INSERT INTO `lk9v6_alumni_main` (`id`, `user_id`, `approved`) VALUES (240071, 240071, 1);
INSERT INTO `lk9v6_alumni_data` (`alumni_id`, `graduation_year`, `fid`, `job`, `address`, `city`, `country`, `phone`, `gid`, `mobile`, `nationalnumber`, `department`, `division`, `with_honor`) VALUES (240071, 2016, '2', '', '', '', '', '', 'جيد', '', '', '', '', '');
INSERT INTO `lk9v6_users` (`name`, `email`, `usertype`) VALUES ('ساره حسن سعيد مصطفى الدويك', '', 'الخريجين');
INSERT INTO `lk9v6_alumni_main` (`id`, `user_id`, `approved`) VALUES (240072, 240072, 1);
INSERT INTO `lk9v6_alumni_data` (`alumni_id`, `graduation_year`, `fid`, `job`, `address`, `city`, `country`, `phone`, `gid`, `mobile`, `nationalnumber`, `department`, `division`, `with_honor`) VALUES (240072, 2016, '2', '', '', '', '', '', 'جيد', '', '', '', '', '');
INSERT INTO `lk9v6_users` (`name`, `email`, `usertype`) VALUES ('ساره خالد عبد الله عمر جنادى ', '', 'الخريجين');
INSERT INTO `lk9v6_alumni_main` (`id`, `user_id`, `approved`) VALUES (240073, 240073, 1);
INSERT INTO `lk9v6_alumni_data` (`alumni_id`, `graduation_year`, `fid`, `job`, `address`, `city`, `country`, `phone`, `gid`, `mobile`, `nationalnumber`, `department`, `division`, `with_honor`) VALUES (240073, 2016, '2', '', '', '', '', '', 'جيد', '', '', '', '', '');
INSERT INTO `lk9v6_users` (`name`, `email`, `usertype`) VALUES ('ساره سمير محمد قطب الهياتمى ', '', 'الخريجين');
INSERT INTO `lk9v6_alumni_main` (`id`, `user_id`, `approved`) VALUES (240074, 240074, 1);
INSERT INTO `lk9v6_alumni_data` (`alumni_id`, `graduation_year`, `fid`, `job`, `address`, `city`, `country`, `phone`, `gid`, `mobile`, `nationalnumber`, `department`, `division`, `with_honor`) VALUES (240074, 2016, '2', '', '', '', '', '', 'جيد', '', '', '', '', '');
INSERT INTO `lk9v6_users` (`name`, `email`, `usertype`) VALUES ('ساره عز الدين محمد عبد القادر', '', 'الخريجين');
INSERT INTO `lk9v6_alumni_main` (`id`, `user_id`, `approved`) VALUES (240075, 240075, 1);
INSERT INTO `lk9v6_alumni_data` (`alumni_id`, `graduation_year`, `fid`, `job`, `address`, `city`, `country`, `phone`, `gid`, `mobile`, `nationalnumber`, `department`, `division`, `with_honor`) VALUES (240075, 2016, '2', '', '', '', '', '', 'جيد', '', '', '', '', '');
INSERT INTO `lk9v6_users` (`name`, `email`, `usertype`) VALUES ('ساره على خليل على خليل ', '', 'الخريجين');
INSERT INTO `lk9v6_alumni_main` (`id`, `user_id`, `approved`) VALUES (240076, 240076, 1);
INSERT INTO `lk9v6_alumni_data` (`alumni_id`, `graduation_year`, `fid`, `job`, `address`, `city`, `country`, `phone`, `gid`, `mobile`, `nationalnumber`, `department`, `division`, `with_honor`) VALUES (240076, 2016, '2', '', '', '', '', '', 'جيد', '', '', '', '', '');
INSERT INTO `lk9v6_users` (`name`, `email`, `usertype`) VALUES ('ساره محمد عبد الرافع ابراهيم', '', 'الخريجين');
INSERT INTO `lk9v6_alumni_main` (`id`, `user_id`, `approved`) VALUES (240077, 240077, 1);
INSERT INTO `lk9v6_alumni_data` (`alumni_id`, `graduation_year`, `fid`, `job`, `address`, `city`, `country`, `phone`, `gid`, `mobile`, `nationalnumber`, `department`, `division`, `with_honor`) VALUES (240077, 2016, '2', '', '', '', '', '', 'جيد', '', '', '', '', '');
INSERT INTO `lk9v6_users` (`name`, `email`, `usertype`) VALUES ('ساره محمد على سلامة فرهود', '', 'الخريجين');
INSERT INTO `lk9v6_alumni_main` (`id`, `user_id`, `approved`) VALUES (240078, 240078, 1);
INSERT INTO `lk9v6_alumni_data` (`alumni_id`, `graduation_year`, `fid`, `job`, `address`, `city`, `country`, `phone`, `gid`, `mobile`, `nationalnumber`, `department`, `division`, `with_honor`) VALUES (240078, 2016, '2', '', '', '', '', '', 'جيد', '', '', '', '', '');
INSERT INTO `lk9v6_users` (`name`, `email`, `usertype`) VALUES ('ساره محمد على عبد السلام خطاب ', '', 'الخريجين');
INSERT INTO `lk9v6_alumni_main` (`id`, `user_id`, `approved`) VALUES (240079, 240079, 1);
INSERT INTO `lk9v6_alumni_data` (`alumni_id`, `graduation_year`, `fid`, `job`, `address`, `city`, `country`, `phone`, `gid`, `mobile`, `nationalnumber`, `department`, `division`, `with_honor`) VALUES (240079, 2016, '2', '', '', '', '', '', 'جيد', '', '', '', '', '');
INSERT INTO `lk9v6_users` (`name`, `email`, `usertype`) VALUES ('ساره محمود احمد الهنداوى ', '', 'الخريجين');
INSERT INTO `lk9v6_alumni_main` (`id`, `user_id`, `approved`) VALUES (240080, 240080, 1);
INSERT INTO `lk9v6_alumni_data` (`alumni_id`, `graduation_year`, `fid`, `job`, `address`, `city`, `country`, `phone`, `gid`, `mobile`, `nationalnumber`, `department`, `division`, `with_honor`) VALUES (240080, 2016, '2', '', '', '', '', '', 'جيد', '', '', '', '', '');
INSERT INTO `lk9v6_users` (`name`, `email`, `usertype`) VALUES ('ساره محمود السيد محمود دياب ', '', 'الخريجين');
INSERT INTO `lk9v6_alumni_main` (`id`, `user_id`, `approved`) VALUES (240081, 240081, 1);
INSERT INTO `lk9v6_alumni_data` (`alumni_id`, `graduation_year`, `fid`, `job`, `address`, `city`, `country`, `phone`, `gid`, `mobile`, `nationalnumber`, `department`, `division`, `with_honor`) VALUES (240081, 2016, '2', '', '', '', '', '', 'جيد', '', '', '', '', '');
INSERT INTO `lk9v6_users` (`name`, `email`, `usertype`) VALUES ('ساره محمود حسن فتح الله تاج الدين', '', 'الخريجين');
INSERT INTO `lk9v6_alumni_main` (`id`, `user_id`, `approved`) VALUES (240082, 240082, 1);
INSERT INTO `lk9v6_alumni_data` (`alumni_id`, `graduation_year`, `fid`, `job`, `address`, `city`, `country`, `phone`, `gid`, `mobile`, `nationalnumber`, `department`, `division`, `with_honor`) VALUES (240082, 2016, '2', '', '', '', '', '', 'جيد', '', '', '', '', '');
INSERT INTO `lk9v6_users` (`name`, `email`, `usertype`) VALUES ('ساره محمود حنفى محمود سعد', '', 'الخريجين');
INSERT INTO `lk9v6_alumni_main` (`id`, `user_id`, `approved`) VALUES (240083, 240083, 1);
INSERT INTO `lk9v6_alumni_data` (`alumni_id`, `graduation_year`, `fid`, `job`, `address`, `city`, `country`, `phone`, `gid`, `mobile`, `nationalnumber`, `department`, `division`, `with_honor`) VALUES (240083, 2016, '2', '', '', '', '', '', 'جيد', '', '', '', '', '');
INSERT INTO `lk9v6_users` (`name`, `email`, `usertype`) VALUES ('سالى وجدى شعبان السيد رمضان', '', 'الخريجين');
INSERT INTO `lk9v6_alumni_main` (`id`, `user_id`, `approved`) VALUES (240084, 240084, 1);
INSERT INTO `lk9v6_alumni_data` (`alumni_id`, `graduation_year`, `fid`, `job`, `address`, `city`, `country`, `phone`, `gid`, `mobile`, `nationalnumber`, `department`, `division`, `with_honor`) VALUES (240084, 2016, '2', '', '', '', '', '', 'جيد', '', '', '', '', '');
INSERT INTO `lk9v6_users` (`name`, `email`, `usertype`) VALUES ('سعاد محمد فؤاد حسن محمود', '', 'الخريجين');
INSERT INTO `lk9v6_alumni_main` (`id`, `user_id`, `approved`) VALUES (240085, 240085, 1);
INSERT INTO `lk9v6_alumni_data` (`alumni_id`, `graduation_year`, `fid`, `job`, `address`, `city`, `country`, `phone`, `gid`, `mobile`, `nationalnumber`, `department`, `division`, `with_honor`) VALUES (240085, 2016, '2', '', '', '', '', '', 'جيد', '', '', '', '', '');
INSERT INTO `lk9v6_users` (`name`, `email`, `usertype`) VALUES ('سلسبيل حمادة ابراهيم عبد اللطيف على ', '', 'الخريجين');
INSERT INTO `lk9v6_alumni_main` (`id`, `user_id`, `approved`) VALUES (240086, 240086, 1);
INSERT INTO `lk9v6_alumni_data` (`alumni_id`, `graduation_year`, `fid`, `job`, `address`, `city`, `country`, `phone`, `gid`, `mobile`, `nationalnumber`, `department`, `division`, `with_honor`) VALUES (240086, 2016, '2', '', '', '', '', '', 'جيد', '', '', '', '', '');
INSERT INTO `lk9v6_users` (`name`, `email`, `usertype`) VALUES ('سلمى السيد ابراهيم عاشور', '', 'الخريجين');
INSERT INTO `lk9v6_alumni_main` (`id`, `user_id`, `approved`) VALUES (240087, 240087, 1);
INSERT INTO `lk9v6_alumni_data` (`alumni_id`, `graduation_year`, `fid`, `job`, `address`, `city`, `country`, `phone`, `gid`, `mobile`, `nationalnumber`, `department`, `division`, `with_honor`) VALUES (240087, 2016, '2', '', '', '', '', '', 'جيد', '', '', '', '', '');
INSERT INTO `lk9v6_users` (`name`, `email`, `usertype`) VALUES ('سلمى حافظ سيد احمد خليفه محمود', '', 'الخريجين');
INSERT INTO `lk9v6_alumni_main` (`id`, `user_id`, `approved`) VALUES (240088, 240088, 1);
INSERT INTO `lk9v6_alumni_data` (`alumni_id`, `graduation_year`, `fid`, `job`, `address`, `city`, `country`, `phone`, `gid`, `mobile`, `nationalnumber`, `department`, `division`, `with_honor`) VALUES (240088, 2016, '2', '', '', '', '', '', 'جيد', '', '', '', '', '');
INSERT INTO `lk9v6_users` (`name`, `email`, `usertype`) VALUES ('سلمى عادل عشماوى عبد العزيز', '', 'الخريجين');
INSERT INTO `lk9v6_alumni_main` (`id`, `user_id`, `approved`) VALUES (240089, 240089, 1);
INSERT INTO `lk9v6_alumni_data` (`alumni_id`, `graduation_year`, `fid`, `job`, `address`, `city`, `country`, `phone`, `gid`, `mobile`, `nationalnumber`, `department`, `division`, `with_honor`) VALUES (240089, 2016, '2', '', '', '', '', '', 'جيد', '', '', '', '', '');
INSERT INTO `lk9v6_users` (`name`, `email`, `usertype`) VALUES ('سلمى محمد عبد المجيد زبادى', '', 'الخريجين');
INSERT INTO `lk9v6_alumni_main` (`id`, `user_id`, `approved`) VALUES (240090, 240090, 1);
INSERT INTO `lk9v6_alumni_data` (`alumni_id`, `graduation_year`, `fid`, `job`, `address`, `city`, `country`, `phone`, `gid`, `mobile`, `nationalnumber`, `department`, `division`, `with_honor`) VALUES (240090, 2016, '2', '', '', '', '', '', 'جيد', '', '', '', '', '');
INSERT INTO `lk9v6_users` (`name`, `email`, `usertype`) VALUES ('سلوان محمود مصطفى محمد بكور', '', 'الخريجين');
INSERT INTO `lk9v6_alumni_main` (`id`, `user_id`, `approved`) VALUES (240091, 240091, 1);
INSERT INTO `lk9v6_alumni_data` (`alumni_id`, `graduation_year`, `fid`, `job`, `address`, `city`, `country`, `phone`, `gid`, `mobile`, `nationalnumber`, `department`, `division`, `with_honor`) VALUES (240091, 2016, '2', '', '', '', '', '', 'جيد', '', '', '', '', '');
INSERT INTO `lk9v6_users` (`name`, `email`, `usertype`) VALUES ('سماح محمد على احمد يوسف ', '', 'الخريجين');
INSERT INTO `lk9v6_alumni_main` (`id`, `user_id`, `approved`) VALUES (240092, 240092, 1);
INSERT INTO `lk9v6_alumni_data` (`alumni_id`, `graduation_year`, `fid`, `job`, `address`, `city`, `country`, `phone`, `gid`, `mobile`, `nationalnumber`, `department`, `division`, `with_honor`) VALUES (240092, 2016, '2', '', '', '', '', '', 'جيد', '', '', '', '', '');
INSERT INTO `lk9v6_users` (`name`, `email`, `usertype`) VALUES ('سماهر رجب رزق السيد', '', 'الخريجين');
INSERT INTO `lk9v6_alumni_main` (`id`, `user_id`, `approved`) VALUES (240093, 240093, 1);
INSERT INTO `lk9v6_alumni_data` (`alumni_id`, `graduation_year`, `fid`, `job`, `address`, `city`, `country`, `phone`, `gid`, `mobile`, `nationalnumber`, `department`, `division`, `with_honor`) VALUES (240093, 2016, '2', '', '', '', '', '', 'جيد', '', '', '', '', '');
INSERT INTO `lk9v6_users` (`name`, `email`, `usertype`) VALUES ('سمر ابراهيم السيد على شعبان', '', 'الخريجين');
INSERT INTO `lk9v6_alumni_main` (`id`, `user_id`, `approved`) VALUES (240094, 240094, 1);
INSERT INTO `lk9v6_alumni_data` (`alumni_id`, `graduation_year`, `fid`, `job`, `address`, `city`, `country`, `phone`, `gid`, `mobile`, `nationalnumber`, `department`, `division`, `with_honor`) VALUES (240094, 2016, '2', '', '', '', '', '', 'جيد', '', '', '', '', '');
INSERT INTO `lk9v6_users` (`name`, `email`, `usertype`) VALUES ('سمر خميس محمد فتح الله النجار', '', 'الخريجين');
INSERT INTO `lk9v6_alumni_main` (`id`, `user_id`, `approved`) VALUES (240095, 240095, 1);
INSERT INTO `lk9v6_alumni_data` (`alumni_id`, `graduation_year`, `fid`, `job`, `address`, `city`, `country`, `phone`, `gid`, `mobile`, `nationalnumber`, `department`, `division`, `with_honor`) VALUES (240095, 2016, '2', '', '', '', '', '', 'جيد', '', '', '', '', '');
INSERT INTO `lk9v6_users` (`name`, `email`, `usertype`) VALUES ('سمر عماد فاروز السيد احمد السيد', '', 'الخريجين');
INSERT INTO `lk9v6_alumni_main` (`id`, `user_id`, `approved`) VALUES (240096, 240096, 1);
INSERT INTO `lk9v6_alumni_data` (`alumni_id`, `graduation_year`, `fid`, `job`, `address`, `city`, `country`, `phone`, `gid`, `mobile`, `nationalnumber`, `department`, `division`, `with_honor`) VALUES (240096, 2016, '2', '', '', '', '', '', 'جيد', '', '', '', '', '');
INSERT INTO `lk9v6_users` (`name`, `email`, `usertype`) VALUES ('سمر محمود احمد حموده ', '', 'الخريجين');
INSERT INTO `lk9v6_alumni_main` (`id`, `user_id`, `approved`) VALUES (240097, 240097, 1);
INSERT INTO `lk9v6_alumni_data` (`alumni_id`, `graduation_year`, `fid`, `job`, `address`, `city`, `country`, `phone`, `gid`, `mobile`, `nationalnumber`, `department`, `division`, `with_honor`) VALUES (240097, 2016, '2', '', '', '', '', '', 'جيد', '', '', '', '', '');
INSERT INTO `lk9v6_users` (`name`, `email`, `usertype`) VALUES ('سمرعبد العزيز عبد الحميد ابراهيم الكلاف', '', 'الخريجين');
INSERT INTO `lk9v6_alumni_main` (`id`, `user_id`, `approved`) VALUES (240098, 240098, 1);
INSERT INTO `lk9v6_alumni_data` (`alumni_id`, `graduation_year`, `fid`, `job`, `address`, `city`, `country`, `phone`, `gid`, `mobile`, `nationalnumber`, `department`, `division`, `with_honor`) VALUES (240098, 2016, '2', '', '', '', '', '', 'جيد', '', '', '', '', '');
INSERT INTO `lk9v6_users` (`name`, `email`, `usertype`) VALUES ('سمير اميل صبحى اسكندر تاوضروس', '', 'الخريجين');
INSERT INTO `lk9v6_alumni_main` (`id`, `user_id`, `approved`) VALUES (240099, 240099, 1);
INSERT INTO `lk9v6_alumni_data` (`alumni_id`, `graduation_year`, `fid`, `job`, `address`, `city`, `country`, `phone`, `gid`, `mobile`, `nationalnumber`, `department`, `division`, `with_honor`) VALUES (240099, 2016, '2', '', '', '', '', '', 'جيد', '', '', '', '', '');
INSERT INTO `lk9v6_users` (`name`, `email`, `usertype`) VALUES ('سميه محمود عبد الواحد احمد', '', 'الخريجين');
INSERT INTO `lk9v6_alumni_main` (`id`, `user_id`, `approved`) VALUES (240100, 240100, 1);
INSERT INTO `lk9v6_alumni_data` (`alumni_id`, `graduation_year`, `fid`, `job`, `address`, `city`, `country`, `phone`, `gid`, `mobile`, `nationalnumber`, `department`, `division`, `with_honor`) VALUES (240100, 2016, '2', '', '', '', '', '', 'جيد', '', '', '', '', '');
INSERT INTO `lk9v6_users` (`name`, `email`, `usertype`) VALUES ('سناء عبد الفتاح عبد السلام احمد عبد الجواد', '', 'الخريجين');
INSERT INTO `lk9v6_alumni_main` (`id`, `user_id`, `approved`) VALUES (240101, 240101, 1);
INSERT INTO `lk9v6_alumni_data` (`alumni_id`, `graduation_year`, `fid`, `job`, `address`, `city`, `country`, `phone`, `gid`, `mobile`, `nationalnumber`, `department`, `division`, `with_honor`) VALUES (240101, 2016, '2', '', '', '', '', '', 'جيد', '', '', '', '', '');
INSERT INTO `lk9v6_users` (`name`, `email`, `usertype`) VALUES ('سندس  صبحى محمد على شومان', '', 'الخريجين');
INSERT INTO `lk9v6_alumni_main` (`id`, `user_id`, `approved`) VALUES (240102, 240102, 1);
INSERT INTO `lk9v6_alumni_data` (`alumni_id`, `graduation_year`, `fid`, `job`, `address`, `city`, `country`, `phone`, `gid`, `mobile`, `nationalnumber`, `department`, `division`, `with_honor`) VALUES (240102, 2016, '2', '', '', '', '', '', 'جيد', '', '', '', '', '');
INSERT INTO `lk9v6_users` (`name`, `email`, `usertype`) VALUES ('سندس علاء عبد الغنى حسن البربرى', '', 'الخريجين');
INSERT INTO `lk9v6_alumni_main` (`id`, `user_id`, `approved`) VALUES (240103, 240103, 1);
INSERT INTO `lk9v6_alumni_data` (`alumni_id`, `graduation_year`, `fid`, `job`, `address`, `city`, `country`, `phone`, `gid`, `mobile`, `nationalnumber`, `department`, `division`, `with_honor`) VALUES (240103, 2016, '2', '', '', '', '', '', 'جيد', '', '', '', '', '');
INSERT INTO `lk9v6_users` (`name`, `email`, `usertype`) VALUES ('سها محمد جابر عوض احمد', '', 'الخريجين');
INSERT INTO `lk9v6_alumni_main` (`id`, `user_id`, `approved`) VALUES (240104, 240104, 1);
INSERT INTO `lk9v6_alumni_data` (`alumni_id`, `graduation_year`, `fid`, `job`, `address`, `city`, `country`, `phone`, `gid`, `mobile`, `nationalnumber`, `department`, `division`, `with_honor`) VALUES (240104, 2016, '2', '', '', '', '', '', 'جيد', '', '', '', '', '');
INSERT INTO `lk9v6_users` (`name`, `email`, `usertype`) VALUES ('سهيله احمد محمد محمد دويدار', '', 'الخريجين');
INSERT INTO `lk9v6_alumni_main` (`id`, `user_id`, `approved`) VALUES (240105, 240105, 1);
INSERT INTO `lk9v6_alumni_data` (`alumni_id`, `graduation_year`, `fid`, `job`, `address`, `city`, `country`, `phone`, `gid`, `mobile`, `nationalnumber`, `department`, `division`, `with_honor`) VALUES (240105, 2016, '2', '', '', '', '', '', 'جيد', '', '', '', '', '');
INSERT INTO `lk9v6_users` (`name`, `email`, `usertype`) VALUES ('سهيله جمال سعد الدين حسنين ', '', 'الخريجين');
INSERT INTO `lk9v6_alumni_main` (`id`, `user_id`, `approved`) VALUES (240106, 240106, 1);
INSERT INTO `lk9v6_alumni_data` (`alumni_id`, `graduation_year`, `fid`, `job`, `address`, `city`, `country`, `phone`, `gid`, `mobile`, `nationalnumber`, `department`, `division`, `with_honor`) VALUES (240106, 2016, '2', '', '', '', '', '', 'جيد', '', '', '', '', '');
INSERT INTO `lk9v6_users` (`name`, `email`, `usertype`) VALUES ('سهيله سعيد احمد خليل ابراهيم ', '', 'الخريجين');
INSERT INTO `lk9v6_alumni_main` (`id`, `user_id`, `approved`) VALUES (240107, 240107, 1);
INSERT INTO `lk9v6_alumni_data` (`alumni_id`, `graduation_year`, `fid`, `job`, `address`, `city`, `country`, `phone`, `gid`, `mobile`, `nationalnumber`, `department`, `division`, `with_honor`) VALUES (240107, 2016, '2', '', '', '', '', '', 'جيد', '', '', '', '', '');
INSERT INTO `lk9v6_users` (`name`, `email`, `usertype`) VALUES ('سهيله ممدوح احمد عبد الحميد الطنبولى', '', 'الخريجين');
INSERT INTO `lk9v6_alumni_main` (`id`, `user_id`, `approved`) VALUES (240108, 240108, 1);
INSERT INTO `lk9v6_alumni_data` (`alumni_id`, `graduation_year`, `fid`, `job`, `address`, `city`, `country`, `phone`, `gid`, `mobile`, `nationalnumber`, `department`, `division`, `with_honor`) VALUES (240108, 2016, '2', '', '', '', '', '', 'جيد', '', '', '', '', '');
INSERT INTO `lk9v6_users` (`name`, `email`, `usertype`) VALUES ('شروق سعيد ابراهيم علام ', '', 'الخريجين');
INSERT INTO `lk9v6_alumni_main` (`id`, `user_id`, `approved`) VALUES (240109, 240109, 1);
INSERT INTO `lk9v6_alumni_data` (`alumni_id`, `graduation_year`, `fid`, `job`, `address`, `city`, `country`, `phone`, `gid`, `mobile`, `nationalnumber`, `department`, `division`, `with_honor`) VALUES (240109, 2016, '2', '', '', '', '', '', 'جيد', '', '', '', '', '');
INSERT INTO `lk9v6_users` (`name`, `email`, `usertype`) VALUES ('شروق محمد عبد المنعم حسن الشامى ', '', 'الخريجين');
INSERT INTO `lk9v6_alumni_main` (`id`, `user_id`, `approved`) VALUES (240110, 240110, 1);
INSERT INTO `lk9v6_alumni_data` (`alumni_id`, `graduation_year`, `fid`, `job`, `address`, `city`, `country`, `phone`, `gid`, `mobile`, `nationalnumber`, `department`, `division`, `with_honor`) VALUES (240110, 2016, '2', '', '', '', '', '', 'جيد', '', '', '', '', '');
INSERT INTO `lk9v6_users` (`name`, `email`, `usertype`) VALUES ('شروق محمد مصطفى محمد سليم', '', 'الخريجين');
INSERT INTO `lk9v6_alumni_main` (`id`, `user_id`, `approved`) VALUES (240111, 240111, 1);
INSERT INTO `lk9v6_alumni_data` (`alumni_id`, `graduation_year`, `fid`, `job`, `address`, `city`, `country`, `phone`, `gid`, `mobile`, `nationalnumber`, `department`, `division`, `with_honor`) VALUES (240111, 2016, '2', '', '', '', '', '', 'جيد', '', '', '', '', '');
INSERT INTO `lk9v6_users` (`name`, `email`, `usertype`) VALUES ('شروق محمود اسماعيل احمد عتمان ', '', 'الخريجين');
INSERT INTO `lk9v6_alumni_main` (`id`, `user_id`, `approved`) VALUES (240112, 240112, 1);
INSERT INTO `lk9v6_alumni_data` (`alumni_id`, `graduation_year`, `fid`, `job`, `address`, `city`, `country`, `phone`, `gid`, `mobile`, `nationalnumber`, `department`, `division`, `with_honor`) VALUES (240112, 2016, '2', '', '', '', '', '', 'جيد', '', '', '', '', '');
INSERT INTO `lk9v6_users` (`name`, `email`, `usertype`) VALUES ('شريف صقر سعيد احمد صقر', '', 'الخريجين');
INSERT INTO `lk9v6_alumni_main` (`id`, `user_id`, `approved`) VALUES (240113, 240113, 1);
INSERT INTO `lk9v6_alumni_data` (`alumni_id`, `graduation_year`, `fid`, `job`, `address`, `city`, `country`, `phone`, `gid`, `mobile`, `nationalnumber`, `department`, `division`, `with_honor`) VALUES (240113, 2016, '2', '', '', '', '', '', 'جيد', '', '', '', '', '');
INSERT INTO `lk9v6_users` (`name`, `email`, `usertype`) VALUES ('شريهان ناجى السيد ابراهيم مطر', '', 'الخريجين');
INSERT INTO `lk9v6_alumni_main` (`id`, `user_id`, `approved`) VALUES (240114, 240114, 1);
INSERT INTO `lk9v6_alumni_data` (`alumni_id`, `graduation_year`, `fid`, `job`, `address`, `city`, `country`, `phone`, `gid`, `mobile`, `nationalnumber`, `department`, `division`, `with_honor`) VALUES (240114, 2016, '2', '', '', '', '', '', 'جيد', '', '', '', '', '');
INSERT INTO `lk9v6_users` (`name`, `email`, `usertype`) VALUES ('شعبان محمد ادريس محمد القيسى', '', 'الخريجين');
INSERT INTO `lk9v6_alumni_main` (`id`, `user_id`, `approved`) VALUES (240115, 240115, 1);
INSERT INTO `lk9v6_alumni_data` (`alumni_id`, `graduation_year`, `fid`, `job`, `address`, `city`, `country`, `phone`, `gid`, `mobile`, `nationalnumber`, `department`, `division`, `with_honor`) VALUES (240115, 2016, '2', '', '', '', '', '', 'جيد', '', '', '', '', '');
INSERT INTO `lk9v6_users` (`name`, `email`, `usertype`) VALUES ('شيريهان ايهاب فؤاد يس السيد', '', 'الخريجين');
INSERT INTO `lk9v6_alumni_main` (`id`, `user_id`, `approved`) VALUES (240116, 240116, 1);
INSERT INTO `lk9v6_alumni_data` (`alumni_id`, `graduation_year`, `fid`, `job`, `address`, `city`, `country`, `phone`, `gid`, `mobile`, `nationalnumber`, `department`, `division`, `with_honor`) VALUES (240116, 2016, '2', '', '', '', '', '', 'جيد', '', '', '', '', '');
INSERT INTO `lk9v6_users` (`name`, `email`, `usertype`) VALUES ('شيماء احمد محمد فهمى نعيم', '', 'الخريجين');
INSERT INTO `lk9v6_alumni_main` (`id`, `user_id`, `approved`) VALUES (240117, 240117, 1);
INSERT INTO `lk9v6_alumni_data` (`alumni_id`, `graduation_year`, `fid`, `job`, `address`, `city`, `country`, `phone`, `gid`, `mobile`, `nationalnumber`, `department`, `division`, `with_honor`) VALUES (240117, 2016, '2', '', '', '', '', '', 'جيد', '', '', '', '', '');
INSERT INTO `lk9v6_users` (`name`, `email`, `usertype`) VALUES ('شيماء حسام الدين حافظ محمد', '', 'الخريجين');
INSERT INTO `lk9v6_alumni_main` (`id`, `user_id`, `approved`) VALUES (240118, 240118, 1);
INSERT INTO `lk9v6_alumni_data` (`alumni_id`, `graduation_year`, `fid`, `job`, `address`, `city`, `country`, `phone`, `gid`, `mobile`, `nationalnumber`, `department`, `division`, `with_honor`) VALUES (240118, 2016, '2', '', '', '', '', '', 'جيد', '', '', '', '', '');
INSERT INTO `lk9v6_users` (`name`, `email`, `usertype`) VALUES ('شيماء حسن كمال حسن حبيب', '', 'الخريجين');
INSERT INTO `lk9v6_alumni_main` (`id`, `user_id`, `approved`) VALUES (240119, 240119, 1);
INSERT INTO `lk9v6_alumni_data` (`alumni_id`, `graduation_year`, `fid`, `job`, `address`, `city`, `country`, `phone`, `gid`, `mobile`, `nationalnumber`, `department`, `division`, `with_honor`) VALUES (240119, 2016, '2', '', '', '', '', '', 'جيد', '', '', '', '', '');
INSERT INTO `lk9v6_users` (`name`, `email`, `usertype`) VALUES ('شيماء صبحى حسين عبد الرؤف ابو قدح', '', 'الخريجين');
INSERT INTO `lk9v6_alumni_main` (`id`, `user_id`, `approved`) VALUES (240120, 240120, 1);
INSERT INTO `lk9v6_alumni_data` (`alumni_id`, `graduation_year`, `fid`, `job`, `address`, `city`, `country`, `phone`, `gid`, `mobile`, `nationalnumber`, `department`, `division`, `with_honor`) VALUES (240120, 2016, '2', '', '', '', '', '', 'جيد', '', '', '', '', '');
INSERT INTO `lk9v6_users` (`name`, `email`, `usertype`) VALUES ('شيماء عبدالرحمن جبر عثمان', '', 'الخريجين');
INSERT INTO `lk9v6_alumni_main` (`id`, `user_id`, `approved`) VALUES (240121, 240121, 1);
INSERT INTO `lk9v6_alumni_data` (`alumni_id`, `graduation_year`, `fid`, `job`, `address`, `city`, `country`, `phone`, `gid`, `mobile`, `nationalnumber`, `department`, `division`, `with_honor`) VALUES (240121, 2016, '2', '', '', '', '', '', 'جيد', '', '', '', '', '');
INSERT INTO `lk9v6_users` (`name`, `email`, `usertype`) VALUES ('شيماء فتحى محمد خفاجى', '', 'الخريجين');
INSERT INTO `lk9v6_alumni_main` (`id`, `user_id`, `approved`) VALUES (240122, 240122, 1);
INSERT INTO `lk9v6_alumni_data` (`alumni_id`, `graduation_year`, `fid`, `job`, `address`, `city`, `country`, `phone`, `gid`, `mobile`, `nationalnumber`, `department`, `division`, `with_honor`) VALUES (240122, 2016, '2', '', '', '', '', '', 'جيد', '', '', '', '', '');
INSERT INTO `lk9v6_users` (`name`, `email`, `usertype`) VALUES ('شيماء كامل صديق حسنين', '', 'الخريجين');
INSERT INTO `lk9v6_alumni_main` (`id`, `user_id`, `approved`) VALUES (240123, 240123, 1);
INSERT INTO `lk9v6_alumni_data` (`alumni_id`, `graduation_year`, `fid`, `job`, `address`, `city`, `country`, `phone`, `gid`, `mobile`, `nationalnumber`, `department`, `division`, `with_honor`) VALUES (240123, 2016, '2', '', '', '', '', '', 'جيد', '', '', '', '', '');
INSERT INTO `lk9v6_users` (`name`, `email`, `usertype`) VALUES ('شيماء مبروك يوسف عبد الحافظ', '', 'الخريجين');
INSERT INTO `lk9v6_alumni_main` (`id`, `user_id`, `approved`) VALUES (240124, 240124, 1);
INSERT INTO `lk9v6_alumni_data` (`alumni_id`, `graduation_year`, `fid`, `job`, `address`, `city`, `country`, `phone`, `gid`, `mobile`, `nationalnumber`, `department`, `division`, `with_honor`) VALUES (240124, 2016, '2', '', '', '', '', '', 'جيد', '', '', '', '', '');
INSERT INTO `lk9v6_users` (`name`, `email`, `usertype`) VALUES ('شيماء يوسف رفعت هاشم', '', 'الخريجين');
INSERT INTO `lk9v6_alumni_main` (`id`, `user_id`, `approved`) VALUES (240125, 240125, 1);
INSERT INTO `lk9v6_alumni_data` (`alumni_id`, `graduation_year`, `fid`, `job`, `address`, `city`, `country`, `phone`, `gid`, `mobile`, `nationalnumber`, `department`, `division`, `with_honor`) VALUES (240125, 2016, '2', '', '', '', '', '', 'جيد', '', '', '', '', '');
INSERT INTO `lk9v6_users` (`name`, `email`, `usertype`) VALUES ('صافيناز محمد حسن محمد عصمت', '', 'الخريجين');
INSERT INTO `lk9v6_alumni_main` (`id`, `user_id`, `approved`) VALUES (240126, 240126, 1);
INSERT INTO `lk9v6_alumni_data` (`alumni_id`, `graduation_year`, `fid`, `job`, `address`, `city`, `country`, `phone`, `gid`, `mobile`, `nationalnumber`, `department`, `division`, `with_honor`) VALUES (240126, 2016, '2', '', '', '', '', '', 'جيد', '', '', '', '', '');
INSERT INTO `lk9v6_users` (`name`, `email`, `usertype`) VALUES ('صفاء محمد محمود مصطفى الشباسى', '', 'الخريجين');
INSERT INTO `lk9v6_alumni_main` (`id`, `user_id`, `approved`) VALUES (240127, 240127, 1);
INSERT INTO `lk9v6_alumni_data` (`alumni_id`, `graduation_year`, `fid`, `job`, `address`, `city`, `country`, `phone`, `gid`, `mobile`, `nationalnumber`, `department`, `division`, `with_honor`) VALUES (240127, 2016, '2', '', '', '', '', '', 'جيد', '', '', '', '', '');
INSERT INTO `lk9v6_users` (`name`, `email`, `usertype`) VALUES ('عاصم عبد السلام ابراهيم عبد المعطى شلبى', '', 'الخريجين');
INSERT INTO `lk9v6_alumni_main` (`id`, `user_id`, `approved`) VALUES (240128, 240128, 1);
INSERT INTO `lk9v6_alumni_data` (`alumni_id`, `graduation_year`, `fid`, `job`, `address`, `city`, `country`, `phone`, `gid`, `mobile`, `nationalnumber`, `department`, `division`, `with_honor`) VALUES (240128, 2016, '2', '', '', '', '', '', 'جيد', '', '', '', '', '');
INSERT INTO `lk9v6_users` (`name`, `email`, `usertype`) VALUES ('عاصم محمد محمد سعيد عبده', '', 'الخريجين');
INSERT INTO `lk9v6_alumni_main` (`id`, `user_id`, `approved`) VALUES (240129, 240129, 1);
INSERT INTO `lk9v6_alumni_data` (`alumni_id`, `graduation_year`, `fid`, `job`, `address`, `city`, `country`, `phone`, `gid`, `mobile`, `nationalnumber`, `department`, `division`, `with_honor`) VALUES (240129, 2016, '2', '', '', '', '', '', 'جيد', '', '', '', '', '');
INSERT INTO `lk9v6_users` (`name`, `email`, `usertype`) VALUES ('عبد الجواد هلال عبد الجواد محمد ابو احمد', '', 'الخريجين');
INSERT INTO `lk9v6_alumni_main` (`id`, `user_id`, `approved`) VALUES (240130, 240130, 1);
INSERT INTO `lk9v6_alumni_data` (`alumni_id`, `graduation_year`, `fid`, `job`, `address`, `city`, `country`, `phone`, `gid`, `mobile`, `nationalnumber`, `department`, `division`, `with_honor`) VALUES (240130, 2016, '2', '', '', '', '', '', 'جيد', '', '', '', '', '');
INSERT INTO `lk9v6_users` (`name`, `email`, `usertype`) VALUES ('عبد الحليم عبد العزيز عبد الحليم المغوارى', '', 'الخريجين');
INSERT INTO `lk9v6_alumni_main` (`id`, `user_id`, `approved`) VALUES (240131, 240131, 1);
INSERT INTO `lk9v6_alumni_data` (`alumni_id`, `graduation_year`, `fid`, `job`, `address`, `city`, `country`, `phone`, `gid`, `mobile`, `nationalnumber`, `department`, `division`, `with_honor`) VALUES (240131, 2016, '2', '', '', '', '', '', 'جيد', '', '', '', '', '');
INSERT INTO `lk9v6_users` (`name`, `email`, `usertype`) VALUES ('عبد الرحمن احمد السيد احمد', '', 'الخريجين');
INSERT INTO `lk9v6_alumni_main` (`id`, `user_id`, `approved`) VALUES (240132, 240132, 1);
INSERT INTO `lk9v6_alumni_data` (`alumni_id`, `graduation_year`, `fid`, `job`, `address`, `city`, `country`, `phone`, `gid`, `mobile`, `nationalnumber`, `department`, `division`, `with_honor`) VALUES (240132, 2016, '2', '', '', '', '', '', 'جيد', '', '', '', '', '');
INSERT INTO `lk9v6_users` (`name`, `email`, `usertype`) VALUES ('عبد الرحمن محمود مصطفى كامل حميده ', '', 'الخريجين');
INSERT INTO `lk9v6_alumni_main` (`id`, `user_id`, `approved`) VALUES (240133, 240133, 1);
INSERT INTO `lk9v6_alumni_data` (`alumni_id`, `graduation_year`, `fid`, `job`, `address`, `city`, `country`, `phone`, `gid`, `mobile`, `nationalnumber`, `department`, `division`, `with_honor`) VALUES (240133, 2016, '2', '', '', '', '', '', 'جيد', '', '', '', '', '');
INSERT INTO `lk9v6_users` (`name`, `email`, `usertype`) VALUES ('عبد الرحمن مصطفى احمد محمد تاج الدين', '', 'الخريجين');
INSERT INTO `lk9v6_alumni_main` (`id`, `user_id`, `approved`) VALUES (240134, 240134, 1);
INSERT INTO `lk9v6_alumni_data` (`alumni_id`, `graduation_year`, `fid`, `job`, `address`, `city`, `country`, `phone`, `gid`, `mobile`, `nationalnumber`, `department`, `division`, `with_honor`) VALUES (240134, 2016, '2', '', '', '', '', '', 'جيد', '', '', '', '', '');
INSERT INTO `lk9v6_users` (`name`, `email`, `usertype`) VALUES ('عبد الله محمد نبيل عبد الرحمن عبد العظيم الجرف', '', 'الخريجين');
INSERT INTO `lk9v6_alumni_main` (`id`, `user_id`, `approved`) VALUES (240135, 240135, 1);
INSERT INTO `lk9v6_alumni_data` (`alumni_id`, `graduation_year`, `fid`, `job`, `address`, `city`, `country`, `phone`, `gid`, `mobile`, `nationalnumber`, `department`, `division`, `with_honor`) VALUES (240135, 2016, '2', '', '', '', '', '', 'جيد', '', '', '', '', '');
INSERT INTO `lk9v6_users` (`name`, `email`, `usertype`) VALUES ('عبد الوهاب صبحى محمد على امام ', '', 'الخريجين');
INSERT INTO `lk9v6_alumni_main` (`id`, `user_id`, `approved`) VALUES (240136, 240136, 1);
INSERT INTO `lk9v6_alumni_data` (`alumni_id`, `graduation_year`, `fid`, `job`, `address`, `city`, `country`, `phone`, `gid`, `mobile`, `nationalnumber`, `department`, `division`, `with_honor`) VALUES (240136, 2016, '2', '', '', '', '', '', 'جيد', '', '', '', '', '');
INSERT INTO `lk9v6_users` (`name`, `email`, `usertype`) VALUES ('عبير محمد السيد ابو القاسم', '', 'الخريجين');
INSERT INTO `lk9v6_alumni_main` (`id`, `user_id`, `approved`) VALUES (240137, 240137, 1);
INSERT INTO `lk9v6_alumni_data` (`alumni_id`, `graduation_year`, `fid`, `job`, `address`, `city`, `country`, `phone`, `gid`, `mobile`, `nationalnumber`, `department`, `division`, `with_honor`) VALUES (240137, 2016, '2', '', '', '', '', '', 'جيد', '', '', '', '', '');
INSERT INTO `lk9v6_users` (`name`, `email`, `usertype`) VALUES ('علا جمال كامل ابراهيم حسنين', '', 'الخريجين');
INSERT INTO `lk9v6_alumni_main` (`id`, `user_id`, `approved`) VALUES (240138, 240138, 1);
INSERT INTO `lk9v6_alumni_data` (`alumni_id`, `graduation_year`, `fid`, `job`, `address`, `city`, `country`, `phone`, `gid`, `mobile`, `nationalnumber`, `department`, `division`, `with_honor`) VALUES (240138, 2016, '2', '', '', '', '', '', 'جيد', '', '', '', '', '');
INSERT INTO `lk9v6_users` (`name`, `email`, `usertype`) VALUES ('علا عبد القادر حسن عبد القادر', '', 'الخريجين');
INSERT INTO `lk9v6_alumni_main` (`id`, `user_id`, `approved`) VALUES (240139, 240139, 1);
INSERT INTO `lk9v6_alumni_data` (`alumni_id`, `graduation_year`, `fid`, `job`, `address`, `city`, `country`, `phone`, `gid`, `mobile`, `nationalnumber`, `department`, `division`, `with_honor`) VALUES (240139, 2016, '2', '', '', '', '', '', 'جيد', '', '', '', '', '');
INSERT INTO `lk9v6_users` (`name`, `email`, `usertype`) VALUES ('علا عزمى عطيه عوض', '', 'الخريجين');
INSERT INTO `lk9v6_alumni_main` (`id`, `user_id`, `approved`) VALUES (240140, 240140, 1);
INSERT INTO `lk9v6_alumni_data` (`alumni_id`, `graduation_year`, `fid`, `job`, `address`, `city`, `country`, `phone`, `gid`, `mobile`, `nationalnumber`, `department`, `division`, `with_honor`) VALUES (240140, 2016, '2', '', '', '', '', '', 'جيد', '', '', '', '', '');
INSERT INTO `lk9v6_users` (`name`, `email`, `usertype`) VALUES ('علا على حسن صوان', '', 'الخريجين');
INSERT INTO `lk9v6_alumni_main` (`id`, `user_id`, `approved`) VALUES (240141, 240141, 1);
INSERT INTO `lk9v6_alumni_data` (`alumni_id`, `graduation_year`, `fid`, `job`, `address`, `city`, `country`, `phone`, `gid`, `mobile`, `nationalnumber`, `department`, `division`, `with_honor`) VALUES (240141, 2016, '2', '', '', '', '', '', 'جيد', '', '', '', '', '');
INSERT INTO `lk9v6_users` (`name`, `email`, `usertype`) VALUES ('علا على حمدى محمود محمد', '', 'الخريجين');
INSERT INTO `lk9v6_alumni_main` (`id`, `user_id`, `approved`) VALUES (240142, 240142, 1);
INSERT INTO `lk9v6_alumni_data` (`alumni_id`, `graduation_year`, `fid`, `job`, `address`, `city`, `country`, `phone`, `gid`, `mobile`, `nationalnumber`, `department`, `division`, `with_honor`) VALUES (240142, 2016, '2', '', '', '', '', '', 'جيد', '', '', '', '', '');
INSERT INTO `lk9v6_users` (`name`, `email`, `usertype`) VALUES ('علاء عادل فتحى عمر ', '', 'الخريجين');
INSERT INTO `lk9v6_alumni_main` (`id`, `user_id`, `approved`) VALUES (240143, 240143, 1);
INSERT INTO `lk9v6_alumni_data` (`alumni_id`, `graduation_year`, `fid`, `job`, `address`, `city`, `country`, `phone`, `gid`, `mobile`, `nationalnumber`, `department`, `division`, `with_honor`) VALUES (240143, 2016, '2', '', '', '', '', '', 'جيد', '', '', '', '', '');
INSERT INTO `lk9v6_users` (`name`, `email`, `usertype`) VALUES ('على السيد بكر محمد', '', 'الخريجين');
INSERT INTO `lk9v6_alumni_main` (`id`, `user_id`, `approved`) VALUES (240144, 240144, 1);
INSERT INTO `lk9v6_alumni_data` (`alumni_id`, `graduation_year`, `fid`, `job`, `address`, `city`, `country`, `phone`, `gid`, `mobile`, `nationalnumber`, `department`, `division`, `with_honor`) VALUES (240144, 2016, '2', '', '', '', '', '', 'جيد', '', '', '', '', '');
INSERT INTO `lk9v6_users` (`name`, `email`, `usertype`) VALUES ('على شوقى على يوسف سويف', '', 'الخريجين');
INSERT INTO `lk9v6_alumni_main` (`id`, `user_id`, `approved`) VALUES (240145, 240145, 1);
INSERT INTO `lk9v6_alumni_data` (`alumni_id`, `graduation_year`, `fid`, `job`, `address`, `city`, `country`, `phone`, `gid`, `mobile`, `nationalnumber`, `department`, `division`, `with_honor`) VALUES (240145, 2016, '2', '', '', '', '', '', 'جيد', '', '', '', '', '');
INSERT INTO `lk9v6_users` (`name`, `email`, `usertype`) VALUES ('علياء اشرف احمد عادل الشريف', '', 'الخريجين');
INSERT INTO `lk9v6_alumni_main` (`id`, `user_id`, `approved`) VALUES (240146, 240146, 1);
INSERT INTO `lk9v6_alumni_data` (`alumni_id`, `graduation_year`, `fid`, `job`, `address`, `city`, `country`, `phone`, `gid`, `mobile`, `nationalnumber`, `department`, `division`, `with_honor`) VALUES (240146, 2016, '2', '', '', '', '', '', 'جيد', '', '', '', '', '');
INSERT INTO `lk9v6_users` (`name`, `email`, `usertype`) VALUES ('علياء رضا محمد على قدرى', '', 'الخريجين');
INSERT INTO `lk9v6_alumni_main` (`id`, `user_id`, `approved`) VALUES (240147, 240147, 1);
INSERT INTO `lk9v6_alumni_data` (`alumni_id`, `graduation_year`, `fid`, `job`, `address`, `city`, `country`, `phone`, `gid`, `mobile`, `nationalnumber`, `department`, `division`, `with_honor`) VALUES (240147, 2016, '2', '', '', '', '', '', 'جيد', '', '', '', '', '');
INSERT INTO `lk9v6_users` (`name`, `email`, `usertype`) VALUES ('علياء عبد السلام مرزوق المدنى الشنديدى ', '', 'الخريجين');
INSERT INTO `lk9v6_alumni_main` (`id`, `user_id`, `approved`) VALUES (240148, 240148, 1);
INSERT INTO `lk9v6_alumni_data` (`alumni_id`, `graduation_year`, `fid`, `job`, `address`, `city`, `country`, `phone`, `gid`, `mobile`, `nationalnumber`, `department`, `division`, `with_honor`) VALUES (240148, 2016, '2', '', '', '', '', '', 'جيد', '', '', '', '', '');
INSERT INTO `lk9v6_users` (`name`, `email`, `usertype`) VALUES ('علياء عماد الدين ابو العباس المرسى', '', 'الخريجين');
INSERT INTO `lk9v6_alumni_main` (`id`, `user_id`, `approved`) VALUES (240149, 240149, 1);
INSERT INTO `lk9v6_alumni_data` (`alumni_id`, `graduation_year`, `fid`, `job`, `address`, `city`, `country`, `phone`, `gid`, `mobile`, `nationalnumber`, `department`, `division`, `with_honor`) VALUES (240149, 2016, '2', '', '', '', '', '', 'جيد', '', '', '', '', '');
INSERT INTO `lk9v6_users` (`name`, `email`, `usertype`) VALUES ('علياء محمود على رمضان على', '', 'الخريجين');
INSERT INTO `lk9v6_alumni_main` (`id`, `user_id`, `approved`) VALUES (240150, 240150, 1);
INSERT INTO `lk9v6_alumni_data` (`alumni_id`, `graduation_year`, `fid`, `job`, `address`, `city`, `country`, `phone`, `gid`, `mobile`, `nationalnumber`, `department`, `division`, `with_honor`) VALUES (240150, 2016, '2', '', '', '', '', '', 'جيد', '', '', '', '', '');
INSERT INTO `lk9v6_users` (`name`, `email`, `usertype`) VALUES ('عمر خالد عبد النعيم عبد الناصر', '', 'الخريجين');
INSERT INTO `lk9v6_alumni_main` (`id`, `user_id`, `approved`) VALUES (240151, 240151, 1);
INSERT INTO `lk9v6_alumni_data` (`alumni_id`, `graduation_year`, `fid`, `job`, `address`, `city`, `country`, `phone`, `gid`, `mobile`, `nationalnumber`, `department`, `division`, `with_honor`) VALUES (240151, 2016, '2', '', '', '', '', '', 'جيد', '', '', '', '', '');
INSERT INTO `lk9v6_users` (`name`, `email`, `usertype`) VALUES ('عمر عبد الحميد السيد محمد عبد الحميد', '', 'الخريجين');
INSERT INTO `lk9v6_alumni_main` (`id`, `user_id`, `approved`) VALUES (240152, 240152, 1);
INSERT INTO `lk9v6_alumni_data` (`alumni_id`, `graduation_year`, `fid`, `job`, `address`, `city`, `country`, `phone`, `gid`, `mobile`, `nationalnumber`, `department`, `division`, `with_honor`) VALUES (240152, 2016, '2', '', '', '', '', '', 'جيد', '', '', '', '', '');
INSERT INTO `lk9v6_users` (`name`, `email`, `usertype`) VALUES ('عمرو محمد عبد المعطى ابراهيم ابو العلا', '', 'الخريجين');
INSERT INTO `lk9v6_alumni_main` (`id`, `user_id`, `approved`) VALUES (240153, 240153, 1);
INSERT INTO `lk9v6_alumni_data` (`alumni_id`, `graduation_year`, `fid`, `job`, `address`, `city`, `country`, `phone`, `gid`, `mobile`, `nationalnumber`, `department`, `division`, `with_honor`) VALUES (240153, 2016, '2', '', '', '', '', '', 'جيد', '', '', '', '', '');
INSERT INTO `lk9v6_users` (`name`, `email`, `usertype`) VALUES ('عمرو مصطفى امين عبد الرحمن على', '', 'الخريجين');
INSERT INTO `lk9v6_alumni_main` (`id`, `user_id`, `approved`) VALUES (240154, 240154, 1);
INSERT INTO `lk9v6_alumni_data` (`alumni_id`, `graduation_year`, `fid`, `job`, `address`, `city`, `country`, `phone`, `gid`, `mobile`, `nationalnumber`, `department`, `division`, `with_honor`) VALUES (240154, 2016, '2', '', '', '', '', '', 'جيد', '', '', '', '', '');
INSERT INTO `lk9v6_users` (`name`, `email`, `usertype`) VALUES ('غاده بسيونى عبد المجيد الشرقاوى', '', 'الخريجين');
INSERT INTO `lk9v6_alumni_main` (`id`, `user_id`, `approved`) VALUES (240155, 240155, 1);
INSERT INTO `lk9v6_alumni_data` (`alumni_id`, `graduation_year`, `fid`, `job`, `address`, `city`, `country`, `phone`, `gid`, `mobile`, `nationalnumber`, `department`, `division`, `with_honor`) VALUES (240155, 2016, '2', '', '', '', '', '', 'جيد', '', '', '', '', '');
INSERT INTO `lk9v6_users` (`name`, `email`, `usertype`) VALUES ('غاده جمال محمد ابو زيد', '', 'الخريجين');
INSERT INTO `lk9v6_alumni_main` (`id`, `user_id`, `approved`) VALUES (240156, 240156, 1);
INSERT INTO `lk9v6_alumni_data` (`alumni_id`, `graduation_year`, `fid`, `job`, `address`, `city`, `country`, `phone`, `gid`, `mobile`, `nationalnumber`, `department`, `division`, `with_honor`) VALUES (240156, 2016, '2', '', '', '', '', '', 'جيد', '', '', '', '', '');
INSERT INTO `lk9v6_users` (`name`, `email`, `usertype`) VALUES ('غاده علاء الدين محمد نصار', '', 'الخريجين');
INSERT INTO `lk9v6_alumni_main` (`id`, `user_id`, `approved`) VALUES (240157, 240157, 1);
INSERT INTO `lk9v6_alumni_data` (`alumni_id`, `graduation_year`, `fid`, `job`, `address`, `city`, `country`, `phone`, `gid`, `mobile`, `nationalnumber`, `department`, `division`, `with_honor`) VALUES (240157, 2016, '2', '', '', '', '', '', 'جيد', '', '', '', '', '');
INSERT INTO `lk9v6_users` (`name`, `email`, `usertype`) VALUES ('فادى سمير كامل اسكندر ', '', 'الخريجين');
INSERT INTO `lk9v6_alumni_main` (`id`, `user_id`, `approved`) VALUES (240158, 240158, 1);
INSERT INTO `lk9v6_alumni_data` (`alumni_id`, `graduation_year`, `fid`, `job`, `address`, `city`, `country`, `phone`, `gid`, `mobile`, `nationalnumber`, `department`, `division`, `with_honor`) VALUES (240158, 2016, '2', '', '', '', '', '', 'جيد', '', '', '', '', '');
INSERT INTO `lk9v6_users` (`name`, `email`, `usertype`) VALUES ('فادى عادل توفيق رزق الله غالى ', '', 'الخريجين');
INSERT INTO `lk9v6_alumni_main` (`id`, `user_id`, `approved`) VALUES (240159, 240159, 1);
INSERT INTO `lk9v6_alumni_data` (`alumni_id`, `graduation_year`, `fid`, `job`, `address`, `city`, `country`, `phone`, `gid`, `mobile`, `nationalnumber`, `department`, `division`, `with_honor`) VALUES (240159, 2016, '2', '', '', '', '', '', 'جيد', '', '', '', '', '');
INSERT INTO `lk9v6_users` (`name`, `email`, `usertype`) VALUES ('فاروق مصطفى سيد احمد القلا ', '', 'الخريجين');
INSERT INTO `lk9v6_alumni_main` (`id`, `user_id`, `approved`) VALUES (240160, 240160, 1);
INSERT INTO `lk9v6_alumni_data` (`alumni_id`, `graduation_year`, `fid`, `job`, `address`, `city`, `country`, `phone`, `gid`, `mobile`, `nationalnumber`, `department`, `division`, `with_honor`) VALUES (240160, 2016, '2', '', '', '', '', '', 'جيد', '', '', '', '', '');
INSERT INTO `lk9v6_users` (`name`, `email`, `usertype`) VALUES ('فاطمه الزهراء احمد جابر حميدو ابو العلا', '', 'الخريجين');
INSERT INTO `lk9v6_alumni_main` (`id`, `user_id`, `approved`) VALUES (240161, 240161, 1);
INSERT INTO `lk9v6_alumni_data` (`alumni_id`, `graduation_year`, `fid`, `job`, `address`, `city`, `country`, `phone`, `gid`, `mobile`, `nationalnumber`, `department`, `division`, `with_honor`) VALUES (240161, 2016, '2', '', '', '', '', '', 'جيد', '', '', '', '', '');
INSERT INTO `lk9v6_users` (`name`, `email`, `usertype`) VALUES ('فاطمه الزهراء السيد عبد النبى احمد البنا', '', 'الخريجين');
INSERT INTO `lk9v6_alumni_main` (`id`, `user_id`, `approved`) VALUES (240162, 240162, 1);
INSERT INTO `lk9v6_alumni_data` (`alumni_id`, `graduation_year`, `fid`, `job`, `address`, `city`, `country`, `phone`, `gid`, `mobile`, `nationalnumber`, `department`, `division`, `with_honor`) VALUES (240162, 2016, '2', '', '', '', '', '', 'جيد', '', '', '', '', '');
INSERT INTO `lk9v6_users` (`name`, `email`, `usertype`) VALUES ('فاطمه الزهراء محمد السيد طه', '', 'الخريجين');
INSERT INTO `lk9v6_alumni_main` (`id`, `user_id`, `approved`) VALUES (240163, 240163, 1);
INSERT INTO `lk9v6_alumni_data` (`alumni_id`, `graduation_year`, `fid`, `job`, `address`, `city`, `country`, `phone`, `gid`, `mobile`, `nationalnumber`, `department`, `division`, `with_honor`) VALUES (240163, 2016, '2', '', '', '', '', '', 'جيد', '', '', '', '', '');
INSERT INTO `lk9v6_users` (`name`, `email`, `usertype`) VALUES ('فاطمه رجب محمد على عبد البارى ', '', 'الخريجين');
INSERT INTO `lk9v6_alumni_main` (`id`, `user_id`, `approved`) VALUES (240164, 240164, 1);
INSERT INTO `lk9v6_alumni_data` (`alumni_id`, `graduation_year`, `fid`, `job`, `address`, `city`, `country`, `phone`, `gid`, `mobile`, `nationalnumber`, `department`, `division`, `with_honor`) VALUES (240164, 2016, '2', '', '', '', '', '', 'جيد', '', '', '', '', '');
INSERT INTO `lk9v6_users` (`name`, `email`, `usertype`) VALUES ('فاطمه مبارك شحاته على', '', 'الخريجين');
INSERT INTO `lk9v6_alumni_main` (`id`, `user_id`, `approved`) VALUES (240165, 240165, 1);
INSERT INTO `lk9v6_alumni_data` (`alumni_id`, `graduation_year`, `fid`, `job`, `address`, `city`, `country`, `phone`, `gid`, `mobile`, `nationalnumber`, `department`, `division`, `with_honor`) VALUES (240165, 2016, '2', '', '', '', '', '', 'جيد', '', '', '', '', '');
INSERT INTO `lk9v6_users` (`name`, `email`, `usertype`) VALUES ('فاطمه محمد قبارى احمد ', '', 'الخريجين');
INSERT INTO `lk9v6_alumni_main` (`id`, `user_id`, `approved`) VALUES (240166, 240166, 1);
INSERT INTO `lk9v6_alumni_data` (`alumni_id`, `graduation_year`, `fid`, `job`, `address`, `city`, `country`, `phone`, `gid`, `mobile`, `nationalnumber`, `department`, `division`, `with_honor`) VALUES (240166, 2016, '2', '', '', '', '', '', 'جيد', '', '', '', '', '');
INSERT INTO `lk9v6_users` (`name`, `email`, `usertype`) VALUES ('فاطمه محمود كمال عبد الحميد محمد', '', 'الخريجين');
INSERT INTO `lk9v6_alumni_main` (`id`, `user_id`, `approved`) VALUES (240167, 240167, 1);
INSERT INTO `lk9v6_alumni_data` (`alumni_id`, `graduation_year`, `fid`, `job`, `address`, `city`, `country`, `phone`, `gid`, `mobile`, `nationalnumber`, `department`, `division`, `with_honor`) VALUES (240167, 2016, '2', '', '', '', '', '', 'جيد', '', '', '', '', '');
INSERT INTO `lk9v6_users` (`name`, `email`, `usertype`) VALUES ('فتحى مصطفى فتحى سعد', '', 'الخريجين');
INSERT INTO `lk9v6_alumni_main` (`id`, `user_id`, `approved`) VALUES (240168, 240168, 1);
INSERT INTO `lk9v6_alumni_data` (`alumni_id`, `graduation_year`, `fid`, `job`, `address`, `city`, `country`, `phone`, `gid`, `mobile`, `nationalnumber`, `department`, `division`, `with_honor`) VALUES (240168, 2016, '2', '', '', '', '', '', 'جيد', '', '', '', '', '');
INSERT INTO `lk9v6_users` (`name`, `email`, `usertype`) VALUES ('فرح حسام الدين محسن توفيق الزرقا', '', 'الخريجين');
INSERT INTO `lk9v6_alumni_main` (`id`, `user_id`, `approved`) VALUES (240169, 240169, 1);
INSERT INTO `lk9v6_alumni_data` (`alumni_id`, `graduation_year`, `fid`, `job`, `address`, `city`, `country`, `phone`, `gid`, `mobile`, `nationalnumber`, `department`, `division`, `with_honor`) VALUES (240169, 2016, '2', '', '', '', '', '', 'جيد', '', '', '', '', '');
INSERT INTO `lk9v6_users` (`name`, `email`, `usertype`) VALUES ('فرح محمود على محمود احمد طه', '', 'الخريجين');
INSERT INTO `lk9v6_alumni_main` (`id`, `user_id`, `approved`) VALUES (240170, 240170, 1);
INSERT INTO `lk9v6_alumni_data` (`alumni_id`, `graduation_year`, `fid`, `job`, `address`, `city`, `country`, `phone`, `gid`, `mobile`, `nationalnumber`, `department`, `division`, `with_honor`) VALUES (240170, 2016, '2', '', '', '', '', '', 'جيد', '', '', '', '', '');
INSERT INTO `lk9v6_users` (`name`, `email`, `usertype`) VALUES ('كريستين صفوت حكيم حنا', '', 'الخريجين');
INSERT INTO `lk9v6_alumni_main` (`id`, `user_id`, `approved`) VALUES (240171, 240171, 1);
INSERT INTO `lk9v6_alumni_data` (`alumni_id`, `graduation_year`, `fid`, `job`, `address`, `city`, `country`, `phone`, `gid`, `mobile`, `nationalnumber`, `department`, `division`, `with_honor`) VALUES (240171, 2016, '2', '', '', '', '', '', 'جيد', '', '', '', '', '');
INSERT INTO `lk9v6_users` (`name`, `email`, `usertype`) VALUES ('كريستينا عماد عبد الملاك غبريال خليل', '', 'الخريجين');
INSERT INTO `lk9v6_alumni_main` (`id`, `user_id`, `approved`) VALUES (240172, 240172, 1);
INSERT INTO `lk9v6_alumni_data` (`alumni_id`, `graduation_year`, `fid`, `job`, `address`, `city`, `country`, `phone`, `gid`, `mobile`, `nationalnumber`, `department`, `division`, `with_honor`) VALUES (240172, 2016, '2', '', '', '', '', '', 'جيد', '', '', '', '', '');
INSERT INTO `lk9v6_users` (`name`, `email`, `usertype`) VALUES ('كمال محمد كمال محمد ابو مصطفى', '', 'الخريجين');
INSERT INTO `lk9v6_alumni_main` (`id`, `user_id`, `approved`) VALUES (240173, 240173, 1);
INSERT INTO `lk9v6_alumni_data` (`alumni_id`, `graduation_year`, `fid`, `job`, `address`, `city`, `country`, `phone`, `gid`, `mobile`, `nationalnumber`, `department`, `division`, `with_honor`) VALUES (240173, 2016, '2', '', '', '', '', '', 'جيد', '', '', '', '', '');
INSERT INTO `lk9v6_users` (`name`, `email`, `usertype`) VALUES ('كيرلس رتيب فهمى سرجه سليمان', '', 'الخريجين');
INSERT INTO `lk9v6_alumni_main` (`id`, `user_id`, `approved`) VALUES (240174, 240174, 1);
INSERT INTO `lk9v6_alumni_data` (`alumni_id`, `graduation_year`, `fid`, `job`, `address`, `city`, `country`, `phone`, `gid`, `mobile`, `nationalnumber`, `department`, `division`, `with_honor`) VALUES (240174, 2016, '2', '', '', '', '', '', 'جيد', '', '', '', '', '');
INSERT INTO `lk9v6_users` (`name`, `email`, `usertype`) VALUES ('كيرلس عاطف بشرى جاد', '', 'الخريجين');
INSERT INTO `lk9v6_alumni_main` (`id`, `user_id`, `approved`) VALUES (240175, 240175, 1);
INSERT INTO `lk9v6_alumni_data` (`alumni_id`, `graduation_year`, `fid`, `job`, `address`, `city`, `country`, `phone`, `gid`, `mobile`, `nationalnumber`, `department`, `division`, `with_honor`) VALUES (240175, 2016, '2', '', '', '', '', '', 'جيد', '', '', '', '', '');
INSERT INTO `lk9v6_users` (`name`, `email`, `usertype`) VALUES ('لميس احمد محمد عبد العظيم ', '', 'الخريجين');
INSERT INTO `lk9v6_alumni_main` (`id`, `user_id`, `approved`) VALUES (240176, 240176, 1);
INSERT INTO `lk9v6_alumni_data` (`alumni_id`, `graduation_year`, `fid`, `job`, `address`, `city`, `country`, `phone`, `gid`, `mobile`, `nationalnumber`, `department`, `division`, `with_honor`) VALUES (240176, 2016, '2', '', '', '', '', '', 'جيد', '', '', '', '', '');
INSERT INTO `lk9v6_users` (`name`, `email`, `usertype`) VALUES ('ليلى عزت محمد محى الدين يوسف', '', 'الخريجين');
INSERT INTO `lk9v6_alumni_main` (`id`, `user_id`, `approved`) VALUES (240177, 240177, 1);
INSERT INTO `lk9v6_alumni_data` (`alumni_id`, `graduation_year`, `fid`, `job`, `address`, `city`, `country`, `phone`, `gid`, `mobile`, `nationalnumber`, `department`, `division`, `with_honor`) VALUES (240177, 2016, '2', '', '', '', '', '', 'جيد', '', '', '', '', '');
INSERT INTO `lk9v6_users` (`name`, `email`, `usertype`) VALUES ('لينا فوزى عبد الحميد ابراهيم عبد الله', '', 'الخريجين');
INSERT INTO `lk9v6_alumni_main` (`id`, `user_id`, `approved`) VALUES (240178, 240178, 1);
INSERT INTO `lk9v6_alumni_data` (`alumni_id`, `graduation_year`, `fid`, `job`, `address`, `city`, `country`, `phone`, `gid`, `mobile`, `nationalnumber`, `department`, `division`, `with_honor`) VALUES (240178, 2016, '2', '', '', '', '', '', 'جيد', '', '', '', '', '');
INSERT INTO `lk9v6_users` (`name`, `email`, `usertype`) VALUES ('مارك مجدى فايز جرس', '', 'الخريجين');
INSERT INTO `lk9v6_alumni_main` (`id`, `user_id`, `approved`) VALUES (240179, 240179, 1);
INSERT INTO `lk9v6_alumni_data` (`alumni_id`, `graduation_year`, `fid`, `job`, `address`, `city`, `country`, `phone`, `gid`, `mobile`, `nationalnumber`, `department`, `division`, `with_honor`) VALUES (240179, 2016, '2', '', '', '', '', '', 'جيد', '', '', '', '', '');
INSERT INTO `lk9v6_users` (`name`, `email`, `usertype`) VALUES ('مارلن عادل سدراك اسحق عبد الملاك ', '', 'الخريجين');
INSERT INTO `lk9v6_alumni_main` (`id`, `user_id`, `approved`) VALUES (240180, 240180, 1);
INSERT INTO `lk9v6_alumni_data` (`alumni_id`, `graduation_year`, `fid`, `job`, `address`, `city`, `country`, `phone`, `gid`, `mobile`, `nationalnumber`, `department`, `division`, `with_honor`) VALUES (240180, 2016, '2', '', '', '', '', '', 'جيد', '', '', '', '', '');
INSERT INTO `lk9v6_users` (`name`, `email`, `usertype`) VALUES ('ماريان وفيق خيرى صليب جرجس صالح', '', 'الخريجين');
INSERT INTO `lk9v6_alumni_main` (`id`, `user_id`, `approved`) VALUES (240181, 240181, 1);
INSERT INTO `lk9v6_alumni_data` (`alumni_id`, `graduation_year`, `fid`, `job`, `address`, `city`, `country`, `phone`, `gid`, `mobile`, `nationalnumber`, `department`, `division`, `with_honor`) VALUES (240181, 2016, '2', '', '', '', '', '', 'جيد', '', '', '', '', '');
INSERT INTO `lk9v6_users` (`name`, `email`, `usertype`) VALUES ('ماهيتاب احمد محمد رفعت الشريف', '', 'الخريجين');
INSERT INTO `lk9v6_alumni_main` (`id`, `user_id`, `approved`) VALUES (240182, 240182, 1);
INSERT INTO `lk9v6_alumni_data` (`alumni_id`, `graduation_year`, `fid`, `job`, `address`, `city`, `country`, `phone`, `gid`, `mobile`, `nationalnumber`, `department`, `division`, `with_honor`) VALUES (240182, 2016, '2', '', '', '', '', '', 'جيد', '', '', '', '', '');
INSERT INTO `lk9v6_users` (`name`, `email`, `usertype`) VALUES ('مايكل صليب ميخائيل منصور ', '', 'الخريجين');
INSERT INTO `lk9v6_alumni_main` (`id`, `user_id`, `approved`) VALUES (240183, 240183, 1);
INSERT INTO `lk9v6_alumni_data` (`alumni_id`, `graduation_year`, `fid`, `job`, `address`, `city`, `country`, `phone`, `gid`, `mobile`, `nationalnumber`, `department`, `division`, `with_honor`) VALUES (240183, 2016, '2', '', '', '', '', '', 'جيد', '', '', '', '', '');
INSERT INTO `lk9v6_users` (`name`, `email`, `usertype`) VALUES ('مايكل مجدى راغب مهنى', '', 'الخريجين');
INSERT INTO `lk9v6_alumni_main` (`id`, `user_id`, `approved`) VALUES (240184, 240184, 1);
INSERT INTO `lk9v6_alumni_data` (`alumni_id`, `graduation_year`, `fid`, `job`, `address`, `city`, `country`, `phone`, `gid`, `mobile`, `nationalnumber`, `department`, `division`, `with_honor`) VALUES (240184, 2016, '2', '', '', '', '', '', 'جيد', '', '', '', '', '');
INSERT INTO `lk9v6_users` (`name`, `email`, `usertype`) VALUES ('مجدى حامد عبد المنعم الجناينى ', '', 'الخريجين');
INSERT INTO `lk9v6_alumni_main` (`id`, `user_id`, `approved`) VALUES (240185, 240185, 1);
INSERT INTO `lk9v6_alumni_data` (`alumni_id`, `graduation_year`, `fid`, `job`, `address`, `city`, `country`, `phone`, `gid`, `mobile`, `nationalnumber`, `department`, `division`, `with_honor`) VALUES (240185, 2016, '2', '', '', '', '', '', 'جيد', '', '', '', '', '');
INSERT INTO `lk9v6_users` (`name`, `email`, `usertype`) VALUES ('محمد ابراهيم سيد احمد القاضى', '', 'الخريجين');
INSERT INTO `lk9v6_alumni_main` (`id`, `user_id`, `approved`) VALUES (240186, 240186, 1);
INSERT INTO `lk9v6_alumni_data` (`alumni_id`, `graduation_year`, `fid`, `job`, `address`, `city`, `country`, `phone`, `gid`, `mobile`, `nationalnumber`, `department`, `division`, `with_honor`) VALUES (240186, 2016, '2', '', '', '', '', '', 'جيد', '', '', '', '', '');
INSERT INTO `lk9v6_users` (`name`, `email`, `usertype`) VALUES ('محمد احمد راشد عبد العزيز الطوخى', '', 'الخريجين');
INSERT INTO `lk9v6_alumni_main` (`id`, `user_id`, `approved`) VALUES (240187, 240187, 1);
INSERT INTO `lk9v6_alumni_data` (`alumni_id`, `graduation_year`, `fid`, `job`, `address`, `city`, `country`, `phone`, `gid`, `mobile`, `nationalnumber`, `department`, `division`, `with_honor`) VALUES (240187, 2016, '2', '', '', '', '', '', 'جيد', '', '', '', '', '');
INSERT INTO `lk9v6_users` (`name`, `email`, `usertype`) VALUES ('محمد احمد راضى الصالحى ', '', 'الخريجين');
INSERT INTO `lk9v6_alumni_main` (`id`, `user_id`, `approved`) VALUES (240188, 240188, 1);
INSERT INTO `lk9v6_alumni_data` (`alumni_id`, `graduation_year`, `fid`, `job`, `address`, `city`, `country`, `phone`, `gid`, `mobile`, `nationalnumber`, `department`, `division`, `with_honor`) VALUES (240188, 2016, '2', '', '', '', '', '', 'جيد', '', '', '', '', '');
INSERT INTO `lk9v6_users` (`name`, `email`, `usertype`) VALUES ('محمد احمد عبد المالك غالى', '', 'الخريجين');
INSERT INTO `lk9v6_alumni_main` (`id`, `user_id`, `approved`) VALUES (240189, 240189, 1);
INSERT INTO `lk9v6_alumni_data` (`alumni_id`, `graduation_year`, `fid`, `job`, `address`, `city`, `country`, `phone`, `gid`, `mobile`, `nationalnumber`, `department`, `division`, `with_honor`) VALUES (240189, 2016, '2', '', '', '', '', '', 'جيد', '', '', '', '', '');
INSERT INTO `lk9v6_users` (`name`, `email`, `usertype`) VALUES ('محمد احمد محمد عطا ابو سيد احمد', '', 'الخريجين');
INSERT INTO `lk9v6_alumni_main` (`id`, `user_id`, `approved`) VALUES (240190, 240190, 1);
INSERT INTO `lk9v6_alumni_data` (`alumni_id`, `graduation_year`, `fid`, `job`, `address`, `city`, `country`, `phone`, `gid`, `mobile`, `nationalnumber`, `department`, `division`, `with_honor`) VALUES (240190, 2016, '2', '', '', '', '', '', 'جيد', '', '', '', '', '');
INSERT INTO `lk9v6_users` (`name`, `email`, `usertype`) VALUES ('محمد اسامة عوض محمود حسين', '', 'الخريجين');
INSERT INTO `lk9v6_alumni_main` (`id`, `user_id`, `approved`) VALUES (240191, 240191, 1);
INSERT INTO `lk9v6_alumni_data` (`alumni_id`, `graduation_year`, `fid`, `job`, `address`, `city`, `country`, `phone`, `gid`, `mobile`, `nationalnumber`, `department`, `division`, `with_honor`) VALUES (240191, 2016, '2', '', '', '', '', '', 'جيد', '', '', '', '', '');
INSERT INTO `lk9v6_users` (`name`, `email`, `usertype`) VALUES ('محمد اسلام محمد سعيد مختار    ', '', 'الخريجين');
INSERT INTO `lk9v6_alumni_main` (`id`, `user_id`, `approved`) VALUES (240192, 240192, 1);
INSERT INTO `lk9v6_alumni_data` (`alumni_id`, `graduation_year`, `fid`, `job`, `address`, `city`, `country`, `phone`, `gid`, `mobile`, `nationalnumber`, `department`, `division`, `with_honor`) VALUES (240192, 2016, '2', '', '', '', '', '', 'جيد', '', '', '', '', '');
INSERT INTO `lk9v6_users` (`name`, `email`, `usertype`) VALUES ('محمد السيد محمد محمد النحاس ', '', 'الخريجين');
INSERT INTO `lk9v6_alumni_main` (`id`, `user_id`, `approved`) VALUES (240193, 240193, 1);
INSERT INTO `lk9v6_alumni_data` (`alumni_id`, `graduation_year`, `fid`, `job`, `address`, `city`, `country`, `phone`, `gid`, `mobile`, `nationalnumber`, `department`, `division`, `with_honor`) VALUES (240193, 2016, '2', '', '', '', '', '', 'جيد', '', '', '', '', '');
INSERT INTO `lk9v6_users` (`name`, `email`, `usertype`) VALUES ('محمد جمعه فرحات ابو الخير', '', 'الخريجين');
INSERT INTO `lk9v6_alumni_main` (`id`, `user_id`, `approved`) VALUES (240194, 240194, 1);
INSERT INTO `lk9v6_alumni_data` (`alumni_id`, `graduation_year`, `fid`, `job`, `address`, `city`, `country`, `phone`, `gid`, `mobile`, `nationalnumber`, `department`, `division`, `with_honor`) VALUES (240194, 2016, '2', '', '', '', '', '', 'جيد', '', '', '', '', '');
INSERT INTO `lk9v6_users` (`name`, `email`, `usertype`) VALUES ('محمد حسن عبد الحميد حسن الابيارى', '', 'الخريجين');
INSERT INTO `lk9v6_alumni_main` (`id`, `user_id`, `approved`) VALUES (240195, 240195, 1);
INSERT INTO `lk9v6_alumni_data` (`alumni_id`, `graduation_year`, `fid`, `job`, `address`, `city`, `country`, `phone`, `gid`, `mobile`, `nationalnumber`, `department`, `division`, `with_honor`) VALUES (240195, 2016, '2', '', '', '', '', '', 'جيد', '', '', '', '', '');
INSERT INTO `lk9v6_users` (`name`, `email`, `usertype`) VALUES ('محمد حمدى عرفه على ', '', 'الخريجين');
INSERT INTO `lk9v6_alumni_main` (`id`, `user_id`, `approved`) VALUES (240196, 240196, 1);
INSERT INTO `lk9v6_alumni_data` (`alumni_id`, `graduation_year`, `fid`, `job`, `address`, `city`, `country`, `phone`, `gid`, `mobile`, `nationalnumber`, `department`, `division`, `with_honor`) VALUES (240196, 2016, '2', '', '', '', '', '', 'جيد', '', '', '', '', '');
INSERT INTO `lk9v6_users` (`name`, `email`, `usertype`) VALUES ('محمد خيرى حسن محمد الطوخى', '', 'الخريجين');
INSERT INTO `lk9v6_alumni_main` (`id`, `user_id`, `approved`) VALUES (240197, 240197, 1);
INSERT INTO `lk9v6_alumni_data` (`alumni_id`, `graduation_year`, `fid`, `job`, `address`, `city`, `country`, `phone`, `gid`, `mobile`, `nationalnumber`, `department`, `division`, `with_honor`) VALUES (240197, 2016, '2', '', '', '', '', '', 'جيد', '', '', '', '', '');
INSERT INTO `lk9v6_users` (`name`, `email`, `usertype`) VALUES ('محمد خيرى رشدى عطيه', '', 'الخريجين');
INSERT INTO `lk9v6_alumni_main` (`id`, `user_id`, `approved`) VALUES (240198, 240198, 1);
INSERT INTO `lk9v6_alumni_data` (`alumni_id`, `graduation_year`, `fid`, `job`, `address`, `city`, `country`, `phone`, `gid`, `mobile`, `nationalnumber`, `department`, `division`, `with_honor`) VALUES (240198, 2016, '2', '', '', '', '', '', 'جيد', '', '', '', '', '');
INSERT INTO `lk9v6_users` (`name`, `email`, `usertype`) VALUES ('محمد رافت احمد محمود ابراهيم', '', 'الخريجين');
INSERT INTO `lk9v6_alumni_main` (`id`, `user_id`, `approved`) VALUES (240199, 240199, 1);
INSERT INTO `lk9v6_alumni_data` (`alumni_id`, `graduation_year`, `fid`, `job`, `address`, `city`, `country`, `phone`, `gid`, `mobile`, `nationalnumber`, `department`, `division`, `with_honor`) VALUES (240199, 2016, '2', '', '', '', '', '', 'جيد', '', '', '', '', '');
INSERT INTO `lk9v6_users` (`name`, `email`, `usertype`) VALUES ('محمد سعد محمد سعد ابو سالم', '', 'الخريجين');
INSERT INTO `lk9v6_alumni_main` (`id`, `user_id`, `approved`) VALUES (240200, 240200, 1);
INSERT INTO `lk9v6_alumni_data` (`alumni_id`, `graduation_year`, `fid`, `job`, `address`, `city`, `country`, `phone`, `gid`, `mobile`, `nationalnumber`, `department`, `division`, `with_honor`) VALUES (240200, 2016, '2', '', '', '', '', '', 'جيد', '', '', '', '', '');
INSERT INTO `lk9v6_users` (`name`, `email`, `usertype`) VALUES ('محمد سعيد عبد الحميد قريطم', '', 'الخريجين');
INSERT INTO `lk9v6_alumni_main` (`id`, `user_id`, `approved`) VALUES (240201, 240201, 1);
INSERT INTO `lk9v6_alumni_data` (`alumni_id`, `graduation_year`, `fid`, `job`, `address`, `city`, `country`, `phone`, `gid`, `mobile`, `nationalnumber`, `department`, `division`, `with_honor`) VALUES (240201, 2016, '2', '', '', '', '', '', 'جيد', '', '', '', '', '');
INSERT INTO `lk9v6_users` (`name`, `email`, `usertype`) VALUES ('محمد شعبان زكريا ابراهيم عطا الله', '', 'الخريجين');
INSERT INTO `lk9v6_alumni_main` (`id`, `user_id`, `approved`) VALUES (240202, 240202, 1);
INSERT INTO `lk9v6_alumni_data` (`alumni_id`, `graduation_year`, `fid`, `job`, `address`, `city`, `country`, `phone`, `gid`, `mobile`, `nationalnumber`, `department`, `division`, `with_honor`) VALUES (240202, 2016, '2', '', '', '', '', '', 'جيد', '', '', '', '', '');
INSERT INTO `lk9v6_users` (`name`, `email`, `usertype`) VALUES ('محمد طلعت عبد العزيز طه مقلد', '', 'الخريجين');
INSERT INTO `lk9v6_alumni_main` (`id`, `user_id`, `approved`) VALUES (240203, 240203, 1);
INSERT INTO `lk9v6_alumni_data` (`alumni_id`, `graduation_year`, `fid`, `job`, `address`, `city`, `country`, `phone`, `gid`, `mobile`, `nationalnumber`, `department`, `division`, `with_honor`) VALUES (240203, 2016, '2', '', '', '', '', '', 'جيد', '', '', '', '', '');
INSERT INTO `lk9v6_users` (`name`, `email`, `usertype`) VALUES ('محمد عبد الرحمن على عبد الرحمن', '', 'الخريجين');
INSERT INTO `lk9v6_alumni_main` (`id`, `user_id`, `approved`) VALUES (240204, 240204, 1);
INSERT INTO `lk9v6_alumni_data` (`alumni_id`, `graduation_year`, `fid`, `job`, `address`, `city`, `country`, `phone`, `gid`, `mobile`, `nationalnumber`, `department`, `division`, `with_honor`) VALUES (240204, 2016, '2', '', '', '', '', '', 'جيد', '', '', '', '', '');
INSERT INTO `lk9v6_users` (`name`, `email`, `usertype`) VALUES ('محمد عبد القادر على محمد خطاب', '', 'الخريجين');
INSERT INTO `lk9v6_alumni_main` (`id`, `user_id`, `approved`) VALUES (240205, 240205, 1);
INSERT INTO `lk9v6_alumni_data` (`alumni_id`, `graduation_year`, `fid`, `job`, `address`, `city`, `country`, `phone`, `gid`, `mobile`, `nationalnumber`, `department`, `division`, `with_honor`) VALUES (240205, 2016, '2', '', '', '', '', '', 'جيد', '', '', '', '', '');
INSERT INTO `lk9v6_users` (`name`, `email`, `usertype`) VALUES ('محمد عبد الهادى علوانى اسماعيل الزيات ', '', 'الخريجين');
INSERT INTO `lk9v6_alumni_main` (`id`, `user_id`, `approved`) VALUES (240206, 240206, 1);
INSERT INTO `lk9v6_alumni_data` (`alumni_id`, `graduation_year`, `fid`, `job`, `address`, `city`, `country`, `phone`, `gid`, `mobile`, `nationalnumber`, `department`, `division`, `with_honor`) VALUES (240206, 2016, '2', '', '', '', '', '', 'جيد', '', '', '', '', '');
INSERT INTO `lk9v6_users` (`name`, `email`, `usertype`) VALUES ('محمد علاء محمد على عبد السلام', '', 'الخريجين');
INSERT INTO `lk9v6_alumni_main` (`id`, `user_id`, `approved`) VALUES (240207, 240207, 1);
INSERT INTO `lk9v6_alumni_data` (`alumni_id`, `graduation_year`, `fid`, `job`, `address`, `city`, `country`, `phone`, `gid`, `mobile`, `nationalnumber`, `department`, `division`, `with_honor`) VALUES (240207, 2016, '2', '', '', '', '', '', 'جيد', '', '', '', '', '');
INSERT INTO `lk9v6_users` (`name`, `email`, `usertype`) VALUES ('محمد على احمد محمد احمد عبد المجيد ', '', 'الخريجين');
INSERT INTO `lk9v6_alumni_main` (`id`, `user_id`, `approved`) VALUES (240208, 240208, 1);
INSERT INTO `lk9v6_alumni_data` (`alumni_id`, `graduation_year`, `fid`, `job`, `address`, `city`, `country`, `phone`, `gid`, `mobile`, `nationalnumber`, `department`, `division`, `with_honor`) VALUES (240208, 2016, '2', '', '', '', '', '', 'جيد', '', '', '', '', '');
INSERT INTO `lk9v6_users` (`name`, `email`, `usertype`) VALUES ('محمد مجدى احمد عبد المجيد البكارى', '', 'الخريجين');
INSERT INTO `lk9v6_alumni_main` (`id`, `user_id`, `approved`) VALUES (240209, 240209, 1);
INSERT INTO `lk9v6_alumni_data` (`alumni_id`, `graduation_year`, `fid`, `job`, `address`, `city`, `country`, `phone`, `gid`, `mobile`, `nationalnumber`, `department`, `division`, `with_honor`) VALUES (240209, 2016, '2', '', '', '', '', '', 'جيد', '', '', '', '', '');
INSERT INTO `lk9v6_users` (`name`, `email`, `usertype`) VALUES ('محمد محمود كمال صالح ', '', 'الخريجين');
INSERT INTO `lk9v6_alumni_main` (`id`, `user_id`, `approved`) VALUES (240210, 240210, 1);
INSERT INTO `lk9v6_alumni_data` (`alumni_id`, `graduation_year`, `fid`, `job`, `address`, `city`, `country`, `phone`, `gid`, `mobile`, `nationalnumber`, `department`, `division`, `with_honor`) VALUES (240210, 2016, '2', '', '', '', '', '', 'جيد', '', '', '', '', '');
INSERT INTO `lk9v6_users` (`name`, `email`, `usertype`) VALUES ('محمد مصطفى غيطانى محمد النقيب', '', 'الخريجين');
INSERT INTO `lk9v6_alumni_main` (`id`, `user_id`, `approved`) VALUES (240211, 240211, 1);
INSERT INTO `lk9v6_alumni_data` (`alumni_id`, `graduation_year`, `fid`, `job`, `address`, `city`, `country`, `phone`, `gid`, `mobile`, `nationalnumber`, `department`, `division`, `with_honor`) VALUES (240211, 2016, '2', '', '', '', '', '', 'جيد', '', '', '', '', '');
INSERT INTO `lk9v6_users` (`name`, `email`, `usertype`) VALUES ('محمد مصطفى كمال محمد ابو وافيه', '', 'الخريجين');
INSERT INTO `lk9v6_alumni_main` (`id`, `user_id`, `approved`) VALUES (240212, 240212, 1);
INSERT INTO `lk9v6_alumni_data` (`alumni_id`, `graduation_year`, `fid`, `job`, `address`, `city`, `country`, `phone`, `gid`, `mobile`, `nationalnumber`, `department`, `division`, `with_honor`) VALUES (240212, 2016, '2', '', '', '', '', '', 'جيد', '', '', '', '', '');
INSERT INTO `lk9v6_users` (`name`, `email`, `usertype`) VALUES ('محمد موسى زكى غانم', '', 'الخريجين');
INSERT INTO `lk9v6_alumni_main` (`id`, `user_id`, `approved`) VALUES (240213, 240213, 1);
INSERT INTO `lk9v6_alumni_data` (`alumni_id`, `graduation_year`, `fid`, `job`, `address`, `city`, `country`, `phone`, `gid`, `mobile`, `nationalnumber`, `department`, `division`, `with_honor`) VALUES (240213, 2016, '2', '', '', '', '', '', 'جيد', '', '', '', '', '');
INSERT INTO `lk9v6_users` (`name`, `email`, `usertype`) VALUES ('محمود اشرف عطية عبد القوى', '', 'الخريجين');
INSERT INTO `lk9v6_alumni_main` (`id`, `user_id`, `approved`) VALUES (240214, 240214, 1);
INSERT INTO `lk9v6_alumni_data` (`alumni_id`, `graduation_year`, `fid`, `job`, `address`, `city`, `country`, `phone`, `gid`, `mobile`, `nationalnumber`, `department`, `division`, `with_honor`) VALUES (240214, 2016, '2', '', '', '', '', '', 'جيد', '', '', '', '', '');
INSERT INTO `lk9v6_users` (`name`, `email`, `usertype`) VALUES ('محمود جابر عبد الجيد ناصر ', '', 'الخريجين');
INSERT INTO `lk9v6_alumni_main` (`id`, `user_id`, `approved`) VALUES (240215, 240215, 1);
INSERT INTO `lk9v6_alumni_data` (`alumni_id`, `graduation_year`, `fid`, `job`, `address`, `city`, `country`, `phone`, `gid`, `mobile`, `nationalnumber`, `department`, `division`, `with_honor`) VALUES (240215, 2016, '2', '', '', '', '', '', 'جيد', '', '', '', '', '');
INSERT INTO `lk9v6_users` (`name`, `email`, `usertype`) VALUES ('محمود رجب عبد الحميد السيد عمران', '', 'الخريجين');
INSERT INTO `lk9v6_alumni_main` (`id`, `user_id`, `approved`) VALUES (240216, 240216, 1);
INSERT INTO `lk9v6_alumni_data` (`alumni_id`, `graduation_year`, `fid`, `job`, `address`, `city`, `country`, `phone`, `gid`, `mobile`, `nationalnumber`, `department`, `division`, `with_honor`) VALUES (240216, 2016, '2', '', '', '', '', '', 'جيد', '', '', '', '', '');
INSERT INTO `lk9v6_users` (`name`, `email`, `usertype`) VALUES ('محمود عباس محمد عباس المغربى', '', 'الخريجين');
INSERT INTO `lk9v6_alumni_main` (`id`, `user_id`, `approved`) VALUES (240217, 240217, 1);
INSERT INTO `lk9v6_alumni_data` (`alumni_id`, `graduation_year`, `fid`, `job`, `address`, `city`, `country`, `phone`, `gid`, `mobile`, `nationalnumber`, `department`, `division`, `with_honor`) VALUES (240217, 2016, '2', '', '', '', '', '', 'جيد', '', '', '', '', '');
INSERT INTO `lk9v6_users` (`name`, `email`, `usertype`) VALUES ('محمود عبد النعيم عبد النعيم محمد حمامو', '', 'الخريجين');
INSERT INTO `lk9v6_alumni_main` (`id`, `user_id`, `approved`) VALUES (240218, 240218, 1);
INSERT INTO `lk9v6_alumni_data` (`alumni_id`, `graduation_year`, `fid`, `job`, `address`, `city`, `country`, `phone`, `gid`, `mobile`, `nationalnumber`, `department`, `division`, `with_honor`) VALUES (240218, 2016, '2', '', '', '', '', '', 'جيد', '', '', '', '', '');
INSERT INTO `lk9v6_users` (`name`, `email`, `usertype`) VALUES ('محمود عطية ابراهيم عامر', '', 'الخريجين');
INSERT INTO `lk9v6_alumni_main` (`id`, `user_id`, `approved`) VALUES (240219, 240219, 1);
INSERT INTO `lk9v6_alumni_data` (`alumni_id`, `graduation_year`, `fid`, `job`, `address`, `city`, `country`, `phone`, `gid`, `mobile`, `nationalnumber`, `department`, `division`, `with_honor`) VALUES (240219, 2016, '2', '', '', '', '', '', 'جيد', '', '', '', '', '');
INSERT INTO `lk9v6_users` (`name`, `email`, `usertype`) VALUES ('محمود محمد عواد احمد محمود', '', 'الخريجين');
INSERT INTO `lk9v6_alumni_main` (`id`, `user_id`, `approved`) VALUES (240220, 240220, 1);
INSERT INTO `lk9v6_alumni_data` (`alumni_id`, `graduation_year`, `fid`, `job`, `address`, `city`, `country`, `phone`, `gid`, `mobile`, `nationalnumber`, `department`, `division`, `with_honor`) VALUES (240220, 2016, '2', '', '', '', '', '', 'جيد', '', '', '', '', '');
INSERT INTO `lk9v6_users` (`name`, `email`, `usertype`) VALUES ('محمود مسعد فتحى جعفر ', '', 'الخريجين');
INSERT INTO `lk9v6_alumni_main` (`id`, `user_id`, `approved`) VALUES (240221, 240221, 1);
INSERT INTO `lk9v6_alumni_data` (`alumni_id`, `graduation_year`, `fid`, `job`, `address`, `city`, `country`, `phone`, `gid`, `mobile`, `nationalnumber`, `department`, `division`, `with_honor`) VALUES (240221, 2016, '2', '', '', '', '', '', 'جيد', '', '', '', '', '');
INSERT INTO `lk9v6_users` (`name`, `email`, `usertype`) VALUES ('مدحت رمضان ابراهيم الجيزاوى', '', 'الخريجين');
INSERT INTO `lk9v6_alumni_main` (`id`, `user_id`, `approved`) VALUES (240222, 240222, 1);
INSERT INTO `lk9v6_alumni_data` (`alumni_id`, `graduation_year`, `fid`, `job`, `address`, `city`, `country`, `phone`, `gid`, `mobile`, `nationalnumber`, `department`, `division`, `with_honor`) VALUES (240222, 2016, '2', '', '', '', '', '', 'جيد', '', '', '', '', '');
INSERT INTO `lk9v6_users` (`name`, `email`, `usertype`) VALUES ('مروان حسين على عبد اللطيف طبليه', '', 'الخريجين');
INSERT INTO `lk9v6_alumni_main` (`id`, `user_id`, `approved`) VALUES (240223, 240223, 1);
INSERT INTO `lk9v6_alumni_data` (`alumni_id`, `graduation_year`, `fid`, `job`, `address`, `city`, `country`, `phone`, `gid`, `mobile`, `nationalnumber`, `department`, `division`, `with_honor`) VALUES (240223, 2016, '2', '', '', '', '', '', 'جيد', '', '', '', '', '');
INSERT INTO `lk9v6_users` (`name`, `email`, `usertype`) VALUES ('مروان عماد الدين محمود صالح محمود ', '', 'الخريجين');
INSERT INTO `lk9v6_alumni_main` (`id`, `user_id`, `approved`) VALUES (240224, 240224, 1);
INSERT INTO `lk9v6_alumni_data` (`alumni_id`, `graduation_year`, `fid`, `job`, `address`, `city`, `country`, `phone`, `gid`, `mobile`, `nationalnumber`, `department`, `division`, `with_honor`) VALUES (240224, 2016, '2', '', '', '', '', '', 'جيد', '', '', '', '', '');
INSERT INTO `lk9v6_users` (`name`, `email`, `usertype`) VALUES ('مروه  حسن على ابراهيم على', '', 'الخريجين');
INSERT INTO `lk9v6_alumni_main` (`id`, `user_id`, `approved`) VALUES (240225, 240225, 1);
INSERT INTO `lk9v6_alumni_data` (`alumni_id`, `graduation_year`, `fid`, `job`, `address`, `city`, `country`, `phone`, `gid`, `mobile`, `nationalnumber`, `department`, `division`, `with_honor`) VALUES (240225, 2016, '2', '', '', '', '', '', 'جيد', '', '', '', '', '');
INSERT INTO `lk9v6_users` (`name`, `email`, `usertype`) VALUES ('مروه ابراهيم عبد الوهاب منصور رزق', '', 'الخريجين');
INSERT INTO `lk9v6_alumni_main` (`id`, `user_id`, `approved`) VALUES (240226, 240226, 1);
INSERT INTO `lk9v6_alumni_data` (`alumni_id`, `graduation_year`, `fid`, `job`, `address`, `city`, `country`, `phone`, `gid`, `mobile`, `nationalnumber`, `department`, `division`, `with_honor`) VALUES (240226, 2016, '2', '', '', '', '', '', 'جيد', '', '', '', '', '');
INSERT INTO `lk9v6_users` (`name`, `email`, `usertype`) VALUES ('مروه حسام الدين محمد حسن', '', 'الخريجين');
INSERT INTO `lk9v6_alumni_main` (`id`, `user_id`, `approved`) VALUES (240227, 240227, 1);
INSERT INTO `lk9v6_alumni_data` (`alumni_id`, `graduation_year`, `fid`, `job`, `address`, `city`, `country`, `phone`, `gid`, `mobile`, `nationalnumber`, `department`, `division`, `with_honor`) VALUES (240227, 2016, '2', '', '', '', '', '', 'جيد', '', '', '', '', '');
INSERT INTO `lk9v6_users` (`name`, `email`, `usertype`) VALUES ('مروه رشاد معاطى مرزوق', '', 'الخريجين');
INSERT INTO `lk9v6_alumni_main` (`id`, `user_id`, `approved`) VALUES (240228, 240228, 1);
INSERT INTO `lk9v6_alumni_data` (`alumni_id`, `graduation_year`, `fid`, `job`, `address`, `city`, `country`, `phone`, `gid`, `mobile`, `nationalnumber`, `department`, `division`, `with_honor`) VALUES (240228, 2016, '2', '', '', '', '', '', 'جيد', '', '', '', '', '');
INSERT INTO `lk9v6_users` (`name`, `email`, `usertype`) VALUES ('مروه مختار محمد حسن', '', 'الخريجين');
INSERT INTO `lk9v6_alumni_main` (`id`, `user_id`, `approved`) VALUES (240229, 240229, 1);
INSERT INTO `lk9v6_alumni_data` (`alumni_id`, `graduation_year`, `fid`, `job`, `address`, `city`, `country`, `phone`, `gid`, `mobile`, `nationalnumber`, `department`, `division`, `with_honor`) VALUES (240229, 2016, '2', '', '', '', '', '', 'جيد', '', '', '', '', '');
INSERT INTO `lk9v6_users` (`name`, `email`, `usertype`) VALUES ('مروه نصر بسيونى موسى النقراشى', '', 'الخريجين');
INSERT INTO `lk9v6_alumni_main` (`id`, `user_id`, `approved`) VALUES (240230, 240230, 1);
INSERT INTO `lk9v6_alumni_data` (`alumni_id`, `graduation_year`, `fid`, `job`, `address`, `city`, `country`, `phone`, `gid`, `mobile`, `nationalnumber`, `department`, `division`, `with_honor`) VALUES (240230, 2016, '2', '', '', '', '', '', 'جيد', '', '', '', '', '');
INSERT INTO `lk9v6_users` (`name`, `email`, `usertype`) VALUES ('مريم حمدى السيد محمد الجوهرى ', '', 'الخريجين');
INSERT INTO `lk9v6_alumni_main` (`id`, `user_id`, `approved`) VALUES (240231, 240231, 1);
INSERT INTO `lk9v6_alumni_data` (`alumni_id`, `graduation_year`, `fid`, `job`, `address`, `city`, `country`, `phone`, `gid`, `mobile`, `nationalnumber`, `department`, `division`, `with_honor`) VALUES (240231, 2016, '2', '', '', '', '', '', 'جيد', '', '', '', '', '');
INSERT INTO `lk9v6_users` (`name`, `email`, `usertype`) VALUES ('مريم عادل جميل ميخائيل حنا ', '', 'الخريجين');
INSERT INTO `lk9v6_alumni_main` (`id`, `user_id`, `approved`) VALUES (240232, 240232, 1);
INSERT INTO `lk9v6_alumni_data` (`alumni_id`, `graduation_year`, `fid`, `job`, `address`, `city`, `country`, `phone`, `gid`, `mobile`, `nationalnumber`, `department`, `division`, `with_honor`) VALUES (240232, 2016, '2', '', '', '', '', '', 'جيد', '', '', '', '', '');
INSERT INTO `lk9v6_users` (`name`, `email`, `usertype`) VALUES ('مريم عبد الغنى محمد احمد كباره', '', 'الخريجين');
INSERT INTO `lk9v6_alumni_main` (`id`, `user_id`, `approved`) VALUES (240233, 240233, 1);
INSERT INTO `lk9v6_alumni_data` (`alumni_id`, `graduation_year`, `fid`, `job`, `address`, `city`, `country`, `phone`, `gid`, `mobile`, `nationalnumber`, `department`, `division`, `with_honor`) VALUES (240233, 2016, '2', '', '', '', '', '', 'جيد', '', '', '', '', '');
INSERT INTO `lk9v6_users` (`name`, `email`, `usertype`) VALUES ('مريم متولى عبد الرحيم ابو سمرة ', '', 'الخريجين');
INSERT INTO `lk9v6_alumni_main` (`id`, `user_id`, `approved`) VALUES (240234, 240234, 1);
INSERT INTO `lk9v6_alumni_data` (`alumni_id`, `graduation_year`, `fid`, `job`, `address`, `city`, `country`, `phone`, `gid`, `mobile`, `nationalnumber`, `department`, `division`, `with_honor`) VALUES (240234, 2016, '2', '', '', '', '', '', 'جيد', '', '', '', '', '');
INSERT INTO `lk9v6_users` (`name`, `email`, `usertype`) VALUES ('مريم محمد السيد ابراهيم السيد', '', 'الخريجين');
INSERT INTO `lk9v6_alumni_main` (`id`, `user_id`, `approved`) VALUES (240235, 240235, 1);
INSERT INTO `lk9v6_alumni_data` (`alumni_id`, `graduation_year`, `fid`, `job`, `address`, `city`, `country`, `phone`, `gid`, `mobile`, `nationalnumber`, `department`, `division`, `with_honor`) VALUES (240235, 2016, '2', '', '', '', '', '', 'جيد', '', '', '', '', '');
INSERT INTO `lk9v6_users` (`name`, `email`, `usertype`) VALUES ('مريم محمد رشاد مبروك سرور', '', 'الخريجين');
INSERT INTO `lk9v6_alumni_main` (`id`, `user_id`, `approved`) VALUES (240236, 240236, 1);
INSERT INTO `lk9v6_alumni_data` (`alumni_id`, `graduation_year`, `fid`, `job`, `address`, `city`, `country`, `phone`, `gid`, `mobile`, `nationalnumber`, `department`, `division`, `with_honor`) VALUES (240236, 2016, '2', '', '', '', '', '', 'جيد', '', '', '', '', '');
INSERT INTO `lk9v6_users` (`name`, `email`, `usertype`) VALUES ('ميريهان احمد محمود رمزى احمد ابو زيد', '', 'الخريجين');
INSERT INTO `lk9v6_alumni_main` (`id`, `user_id`, `approved`) VALUES (240237, 240237, 1);
INSERT INTO `lk9v6_alumni_data` (`alumni_id`, `graduation_year`, `fid`, `job`, `address`, `city`, `country`, `phone`, `gid`, `mobile`, `nationalnumber`, `department`, `division`, `with_honor`) VALUES (240237, 2016, '2', '', '', '', '', '', 'جيد', '', '', '', '', '');
INSERT INTO `lk9v6_users` (`name`, `email`, `usertype`) VALUES ('مصطفى احمد حسن مجد سلام', '', 'الخريجين');
INSERT INTO `lk9v6_alumni_main` (`id`, `user_id`, `approved`) VALUES (240238, 240238, 1);
INSERT INTO `lk9v6_alumni_data` (`alumni_id`, `graduation_year`, `fid`, `job`, `address`, `city`, `country`, `phone`, `gid`, `mobile`, `nationalnumber`, `department`, `division`, `with_honor`) VALUES (240238, 2016, '2', '', '', '', '', '', 'جيد', '', '', '', '', '');
INSERT INTO `lk9v6_users` (`name`, `email`, `usertype`) VALUES ('مصطفى احمد محمد بربرى', '', 'الخريجين');
INSERT INTO `lk9v6_alumni_main` (`id`, `user_id`, `approved`) VALUES (240239, 240239, 1);
INSERT INTO `lk9v6_alumni_data` (`alumni_id`, `graduation_year`, `fid`, `job`, `address`, `city`, `country`, `phone`, `gid`, `mobile`, `nationalnumber`, `department`, `division`, `with_honor`) VALUES (240239, 2016, '2', '', '', '', '', '', 'جيد', '', '', '', '', '');
INSERT INTO `lk9v6_users` (`name`, `email`, `usertype`) VALUES ('مصطفى حامد عبد التواب سماحه', '', 'الخريجين');
INSERT INTO `lk9v6_alumni_main` (`id`, `user_id`, `approved`) VALUES (240240, 240240, 1);
INSERT INTO `lk9v6_alumni_data` (`alumni_id`, `graduation_year`, `fid`, `job`, `address`, `city`, `country`, `phone`, `gid`, `mobile`, `nationalnumber`, `department`, `division`, `with_honor`) VALUES (240240, 2016, '2', '', '', '', '', '', 'جيد', '', '', '', '', '');
INSERT INTO `lk9v6_users` (`name`, `email`, `usertype`) VALUES ('مصطفى صلاح الدين جمعه على سلامه', '', 'الخريجين');
INSERT INTO `lk9v6_alumni_main` (`id`, `user_id`, `approved`) VALUES (240241, 240241, 1);
INSERT INTO `lk9v6_alumni_data` (`alumni_id`, `graduation_year`, `fid`, `job`, `address`, `city`, `country`, `phone`, `gid`, `mobile`, `nationalnumber`, `department`, `division`, `with_honor`) VALUES (240241, 2016, '2', '', '', '', '', '', 'جيد', '', '', '', '', '');
INSERT INTO `lk9v6_users` (`name`, `email`, `usertype`) VALUES ('مصطفى كامل على سعد', '', 'الخريجين');
INSERT INTO `lk9v6_alumni_main` (`id`, `user_id`, `approved`) VALUES (240242, 240242, 1);
INSERT INTO `lk9v6_alumni_data` (`alumni_id`, `graduation_year`, `fid`, `job`, `address`, `city`, `country`, `phone`, `gid`, `mobile`, `nationalnumber`, `department`, `division`, `with_honor`) VALUES (240242, 2016, '2', '', '', '', '', '', 'جيد', '', '', '', '', '');
INSERT INTO `lk9v6_users` (`name`, `email`, `usertype`) VALUES ('مصطفى محمد قرنى احمد عيسى', '', 'الخريجين');
INSERT INTO `lk9v6_alumni_main` (`id`, `user_id`, `approved`) VALUES (240243, 240243, 1);
INSERT INTO `lk9v6_alumni_data` (`alumni_id`, `graduation_year`, `fid`, `job`, `address`, `city`, `country`, `phone`, `gid`, `mobile`, `nationalnumber`, `department`, `division`, `with_honor`) VALUES (240243, 2016, '2', '', '', '', '', '', 'جيد', '', '', '', '', '');
INSERT INTO `lk9v6_users` (`name`, `email`, `usertype`) VALUES ('مصطفى محمد محمود عوض الغول', '', 'الخريجين');
INSERT INTO `lk9v6_alumni_main` (`id`, `user_id`, `approved`) VALUES (240244, 240244, 1);
INSERT INTO `lk9v6_alumni_data` (`alumni_id`, `graduation_year`, `fid`, `job`, `address`, `city`, `country`, `phone`, `gid`, `mobile`, `nationalnumber`, `department`, `division`, `with_honor`) VALUES (240244, 2016, '2', '', '', '', '', '', 'جيد', '', '', '', '', '');
INSERT INTO `lk9v6_users` (`name`, `email`, `usertype`) VALUES ('مصطفى محمود محمد احمد على', '', 'الخريجين');
INSERT INTO `lk9v6_alumni_main` (`id`, `user_id`, `approved`) VALUES (240245, 240245, 1);
INSERT INTO `lk9v6_alumni_data` (`alumni_id`, `graduation_year`, `fid`, `job`, `address`, `city`, `country`, `phone`, `gid`, `mobile`, `nationalnumber`, `department`, `division`, `with_honor`) VALUES (240245, 2016, '2', '', '', '', '', '', 'جيد', '', '', '', '', '');
INSERT INTO `lk9v6_users` (`name`, `email`, `usertype`) VALUES ('مصطفى محمود محمد البسومى ', '', 'الخريجين');
INSERT INTO `lk9v6_alumni_main` (`id`, `user_id`, `approved`) VALUES (240246, 240246, 1);
INSERT INTO `lk9v6_alumni_data` (`alumni_id`, `graduation_year`, `fid`, `job`, `address`, `city`, `country`, `phone`, `gid`, `mobile`, `nationalnumber`, `department`, `division`, `with_honor`) VALUES (240246, 2016, '2', '', '', '', '', '', 'جيد', '', '', '', '', '');
INSERT INTO `lk9v6_users` (`name`, `email`, `usertype`) VALUES ('مصعب يوسف احمد على', '', 'الخريجين');
INSERT INTO `lk9v6_alumni_main` (`id`, `user_id`, `approved`) VALUES (240247, 240247, 1);
INSERT INTO `lk9v6_alumni_data` (`alumni_id`, `graduation_year`, `fid`, `job`, `address`, `city`, `country`, `phone`, `gid`, `mobile`, `nationalnumber`, `department`, `division`, `with_honor`) VALUES (240247, 2016, '2', '', '', '', '', '', 'جيد', '', '', '', '', '');
INSERT INTO `lk9v6_users` (`name`, `email`, `usertype`) VALUES ('منار علاء على الدميرى', '', 'الخريجين');
INSERT INTO `lk9v6_alumni_main` (`id`, `user_id`, `approved`) VALUES (240248, 240248, 1);
INSERT INTO `lk9v6_alumni_data` (`alumni_id`, `graduation_year`, `fid`, `job`, `address`, `city`, `country`, `phone`, `gid`, `mobile`, `nationalnumber`, `department`, `division`, `with_honor`) VALUES (240248, 2016, '2', '', '', '', '', '', 'جيد', '', '', '', '', '');
INSERT INTO `lk9v6_users` (`name`, `email`, `usertype`) VALUES ('منار محمد السيد محمد عبد الغنى', '', 'الخريجين');
INSERT INTO `lk9v6_alumni_main` (`id`, `user_id`, `approved`) VALUES (240249, 240249, 1);
INSERT INTO `lk9v6_alumni_data` (`alumni_id`, `graduation_year`, `fid`, `job`, `address`, `city`, `country`, `phone`, `gid`, `mobile`, `nationalnumber`, `department`, `division`, `with_honor`) VALUES (240249, 2016, '2', '', '', '', '', '', 'جيد', '', '', '', '', '');
INSERT INTO `lk9v6_users` (`name`, `email`, `usertype`) VALUES ('منار محمد عبد المولى محمد', '', 'الخريجين');
INSERT INTO `lk9v6_alumni_main` (`id`, `user_id`, `approved`) VALUES (240250, 240250, 1);
INSERT INTO `lk9v6_alumni_data` (`alumni_id`, `graduation_year`, `fid`, `job`, `address`, `city`, `country`, `phone`, `gid`, `mobile`, `nationalnumber`, `department`, `division`, `with_honor`) VALUES (240250, 2016, '2', '', '', '', '', '', 'جيد', '', '', '', '', '');
INSERT INTO `lk9v6_users` (`name`, `email`, `usertype`) VALUES ('منال جابر احمد على قنديل ', '', 'الخريجين');
INSERT INTO `lk9v6_alumni_main` (`id`, `user_id`, `approved`) VALUES (240251, 240251, 1);
INSERT INTO `lk9v6_alumni_data` (`alumni_id`, `graduation_year`, `fid`, `job`, `address`, `city`, `country`, `phone`, `gid`, `mobile`, `nationalnumber`, `department`, `division`, `with_honor`) VALUES (240251, 2016, '2', '', '', '', '', '', 'جيد', '', '', '', '', '');
INSERT INTO `lk9v6_users` (`name`, `email`, `usertype`) VALUES ('منه الله احمد محمد قاسم زيدان', '', 'الخريجين');
INSERT INTO `lk9v6_alumni_main` (`id`, `user_id`, `approved`) VALUES (240252, 240252, 1);
INSERT INTO `lk9v6_alumni_data` (`alumni_id`, `graduation_year`, `fid`, `job`, `address`, `city`, `country`, `phone`, `gid`, `mobile`, `nationalnumber`, `department`, `division`, `with_honor`) VALUES (240252, 2016, '2', '', '', '', '', '', 'جيد', '', '', '', '', '');
INSERT INTO `lk9v6_users` (`name`, `email`, `usertype`) VALUES ('منه الله محمد كامل محمد ابراهيم', '', 'الخريجين');
INSERT INTO `lk9v6_alumni_main` (`id`, `user_id`, `approved`) VALUES (240253, 240253, 1);
INSERT INTO `lk9v6_alumni_data` (`alumni_id`, `graduation_year`, `fid`, `job`, `address`, `city`, `country`, `phone`, `gid`, `mobile`, `nationalnumber`, `department`, `division`, `with_honor`) VALUES (240253, 2016, '2', '', '', '', '', '', 'جيد', '', '', '', '', '');
INSERT INTO `lk9v6_users` (`name`, `email`, `usertype`) VALUES ('منه الله مصطفى على مصطفى ', '', 'الخريجين');
INSERT INTO `lk9v6_alumni_main` (`id`, `user_id`, `approved`) VALUES (240254, 240254, 1);
INSERT INTO `lk9v6_alumni_data` (`alumni_id`, `graduation_year`, `fid`, `job`, `address`, `city`, `country`, `phone`, `gid`, `mobile`, `nationalnumber`, `department`, `division`, `with_honor`) VALUES (240254, 2016, '2', '', '', '', '', '', 'جيد', '', '', '', '', '');
INSERT INTO `lk9v6_users` (`name`, `email`, `usertype`) VALUES ('منى احمد على عبد العال', '', 'الخريجين');
INSERT INTO `lk9v6_alumni_main` (`id`, `user_id`, `approved`) VALUES (240255, 240255, 1);
INSERT INTO `lk9v6_alumni_data` (`alumni_id`, `graduation_year`, `fid`, `job`, `address`, `city`, `country`, `phone`, `gid`, `mobile`, `nationalnumber`, `department`, `division`, `with_honor`) VALUES (240255, 2016, '2', '', '', '', '', '', 'جيد', '', '', '', '', '');
INSERT INTO `lk9v6_users` (`name`, `email`, `usertype`) VALUES ('منى جمال فؤاد محمود شراقى ', '', 'الخريجين');
INSERT INTO `lk9v6_alumni_main` (`id`, `user_id`, `approved`) VALUES (240256, 240256, 1);
INSERT INTO `lk9v6_alumni_data` (`alumni_id`, `graduation_year`, `fid`, `job`, `address`, `city`, `country`, `phone`, `gid`, `mobile`, `nationalnumber`, `department`, `division`, `with_honor`) VALUES (240256, 2016, '2', '', '', '', '', '', 'جيد', '', '', '', '', '');
INSERT INTO `lk9v6_users` (`name`, `email`, `usertype`) VALUES ('منى حسين عبد الستار احمد على', '', 'الخريجين');
INSERT INTO `lk9v6_alumni_main` (`id`, `user_id`, `approved`) VALUES (240257, 240257, 1);
INSERT INTO `lk9v6_alumni_data` (`alumni_id`, `graduation_year`, `fid`, `job`, `address`, `city`, `country`, `phone`, `gid`, `mobile`, `nationalnumber`, `department`, `division`, `with_honor`) VALUES (240257, 2016, '2', '', '', '', '', '', 'جيد', '', '', '', '', '');
INSERT INTO `lk9v6_users` (`name`, `email`, `usertype`) VALUES ('منى سيد مرغنى سيد ', '', 'الخريجين');
INSERT INTO `lk9v6_alumni_main` (`id`, `user_id`, `approved`) VALUES (240258, 240258, 1);
INSERT INTO `lk9v6_alumni_data` (`alumni_id`, `graduation_year`, `fid`, `job`, `address`, `city`, `country`, `phone`, `gid`, `mobile`, `nationalnumber`, `department`, `division`, `with_honor`) VALUES (240258, 2016, '2', '', '', '', '', '', 'جيد', '', '', '', '', '');
INSERT INTO `lk9v6_users` (`name`, `email`, `usertype`) VALUES ('منى محمد عبد الله المصرى ', '', 'الخريجين');
INSERT INTO `lk9v6_alumni_main` (`id`, `user_id`, `approved`) VALUES (240259, 240259, 1);
INSERT INTO `lk9v6_alumni_data` (`alumni_id`, `graduation_year`, `fid`, `job`, `address`, `city`, `country`, `phone`, `gid`, `mobile`, `nationalnumber`, `department`, `division`, `with_honor`) VALUES (240259, 2016, '2', '', '', '', '', '', 'جيد', '', '', '', '', '');
INSERT INTO `lk9v6_users` (`name`, `email`, `usertype`) VALUES ('مها عبد الله محمد رجب ', '', 'الخريجين');
INSERT INTO `lk9v6_alumni_main` (`id`, `user_id`, `approved`) VALUES (240260, 240260, 1);
INSERT INTO `lk9v6_alumni_data` (`alumni_id`, `graduation_year`, `fid`, `job`, `address`, `city`, `country`, `phone`, `gid`, `mobile`, `nationalnumber`, `department`, `division`, `with_honor`) VALUES (240260, 2016, '2', '', '', '', '', '', 'جيد', '', '', '', '', '');
INSERT INTO `lk9v6_users` (`name`, `email`, `usertype`) VALUES ('مها علاء الدين احمد بندارى', '', 'الخريجين');
INSERT INTO `lk9v6_alumni_main` (`id`, `user_id`, `approved`) VALUES (240261, 240261, 1);
INSERT INTO `lk9v6_alumni_data` (`alumni_id`, `graduation_year`, `fid`, `job`, `address`, `city`, `country`, `phone`, `gid`, `mobile`, `nationalnumber`, `department`, `division`, `with_honor`) VALUES (240261, 2016, '2', '', '', '', '', '', 'جيد', '', '', '', '', '');
INSERT INTO `lk9v6_users` (`name`, `email`, `usertype`) VALUES ('مها محمد ظريف محمد القشيط', '', 'الخريجين');
INSERT INTO `lk9v6_alumni_main` (`id`, `user_id`, `approved`) VALUES (240262, 240262, 1);
INSERT INTO `lk9v6_alumni_data` (`alumni_id`, `graduation_year`, `fid`, `job`, `address`, `city`, `country`, `phone`, `gid`, `mobile`, `nationalnumber`, `department`, `division`, `with_honor`) VALUES (240262, 2016, '2', '', '', '', '', '', 'جيد', '', '', '', '', '');
INSERT INTO `lk9v6_users` (`name`, `email`, `usertype`) VALUES ('مهاب احمد محمد على', '', 'الخريجين');
INSERT INTO `lk9v6_alumni_main` (`id`, `user_id`, `approved`) VALUES (240263, 240263, 1);
INSERT INTO `lk9v6_alumni_data` (`alumni_id`, `graduation_year`, `fid`, `job`, `address`, `city`, `country`, `phone`, `gid`, `mobile`, `nationalnumber`, `department`, `division`, `with_honor`) VALUES (240263, 2016, '2', '', '', '', '', '', 'جيد', '', '', '', '', '');
INSERT INTO `lk9v6_users` (`name`, `email`, `usertype`) VALUES ('مهند مجدى محمد حمص', '', 'الخريجين');
INSERT INTO `lk9v6_alumni_main` (`id`, `user_id`, `approved`) VALUES (240264, 240264, 1);
INSERT INTO `lk9v6_alumni_data` (`alumni_id`, `graduation_year`, `fid`, `job`, `address`, `city`, `country`, `phone`, `gid`, `mobile`, `nationalnumber`, `department`, `division`, `with_honor`) VALUES (240264, 2016, '2', '', '', '', '', '', 'جيد', '', '', '', '', '');
INSERT INTO `lk9v6_users` (`name`, `email`, `usertype`) VALUES ('مونيكا ناجى جورج حنا', '', 'الخريجين');
INSERT INTO `lk9v6_alumni_main` (`id`, `user_id`, `approved`) VALUES (240265, 240265, 1);
INSERT INTO `lk9v6_alumni_data` (`alumni_id`, `graduation_year`, `fid`, `job`, `address`, `city`, `country`, `phone`, `gid`, `mobile`, `nationalnumber`, `department`, `division`, `with_honor`) VALUES (240265, 2016, '2', '', '', '', '', '', 'جيد', '', '', '', '', '');
INSERT INTO `lk9v6_users` (`name`, `email`, `usertype`) VALUES ('مى احمد ابرهيم النجار', '', 'الخريجين');
INSERT INTO `lk9v6_alumni_main` (`id`, `user_id`, `approved`) VALUES (240266, 240266, 1);
INSERT INTO `lk9v6_alumni_data` (`alumni_id`, `graduation_year`, `fid`, `job`, `address`, `city`, `country`, `phone`, `gid`, `mobile`, `nationalnumber`, `department`, `division`, `with_honor`) VALUES (240266, 2016, '2', '', '', '', '', '', 'جيد', '', '', '', '', '');
INSERT INTO `lk9v6_users` (`name`, `email`, `usertype`) VALUES ('مى طاهر محمد خليفه', '', 'الخريجين');
INSERT INTO `lk9v6_alumni_main` (`id`, `user_id`, `approved`) VALUES (240267, 240267, 1);
INSERT INTO `lk9v6_alumni_data` (`alumni_id`, `graduation_year`, `fid`, `job`, `address`, `city`, `country`, `phone`, `gid`, `mobile`, `nationalnumber`, `department`, `division`, `with_honor`) VALUES (240267, 2016, '2', '', '', '', '', '', 'جيد', '', '', '', '', '');
INSERT INTO `lk9v6_users` (`name`, `email`, `usertype`) VALUES ('مى مصطفى احمد احمد الموافى ', '', 'الخريجين');
INSERT INTO `lk9v6_alumni_main` (`id`, `user_id`, `approved`) VALUES (240268, 240268, 1);
INSERT INTO `lk9v6_alumni_data` (`alumni_id`, `graduation_year`, `fid`, `job`, `address`, `city`, `country`, `phone`, `gid`, `mobile`, `nationalnumber`, `department`, `division`, `with_honor`) VALUES (240268, 2016, '2', '', '', '', '', '', 'جيد', '', '', '', '', '');
INSERT INTO `lk9v6_users` (`name`, `email`, `usertype`) VALUES ('مى ممدوح عطية احمد محمد ', '', 'الخريجين');
INSERT INTO `lk9v6_alumni_main` (`id`, `user_id`, `approved`) VALUES (240269, 240269, 1);
INSERT INTO `lk9v6_alumni_data` (`alumni_id`, `graduation_year`, `fid`, `job`, `address`, `city`, `country`, `phone`, `gid`, `mobile`, `nationalnumber`, `department`, `division`, `with_honor`) VALUES (240269, 2016, '2', '', '', '', '', '', 'جيد', '', '', '', '', '');
INSERT INTO `lk9v6_users` (`name`, `email`, `usertype`) VALUES ('مى وجيه على الخولى', '', 'الخريجين');
INSERT INTO `lk9v6_alumni_main` (`id`, `user_id`, `approved`) VALUES (240270, 240270, 1);
INSERT INTO `lk9v6_alumni_data` (`alumni_id`, `graduation_year`, `fid`, `job`, `address`, `city`, `country`, `phone`, `gid`, `mobile`, `nationalnumber`, `department`, `division`, `with_honor`) VALUES (240270, 2016, '2', '', '', '', '', '', 'جيد', '', '', '', '', '');
INSERT INTO `lk9v6_users` (`name`, `email`, `usertype`) VALUES ('ميرنا عاطف عبد المسيح سليمان ', '', 'الخريجين');
INSERT INTO `lk9v6_alumni_main` (`id`, `user_id`, `approved`) VALUES (240271, 240271, 1);
INSERT INTO `lk9v6_alumni_data` (`alumni_id`, `graduation_year`, `fid`, `job`, `address`, `city`, `country`, `phone`, `gid`, `mobile`, `nationalnumber`, `department`, `division`, `with_honor`) VALUES (240271, 2016, '2', '', '', '', '', '', 'جيد', '', '', '', '', '');
INSERT INTO `lk9v6_users` (`name`, `email`, `usertype`) VALUES ('ميرنا فايز فكرى ونيس', '', 'الخريجين');
INSERT INTO `lk9v6_alumni_main` (`id`, `user_id`, `approved`) VALUES (240272, 240272, 1);
INSERT INTO `lk9v6_alumni_data` (`alumni_id`, `graduation_year`, `fid`, `job`, `address`, `city`, `country`, `phone`, `gid`, `mobile`, `nationalnumber`, `department`, `division`, `with_honor`) VALUES (240272, 2016, '2', '', '', '', '', '', 'جيد', '', '', '', '', '');
INSERT INTO `lk9v6_users` (`name`, `email`, `usertype`) VALUES ('ميريت عوض اسكندر عطا الله ', '', 'الخريجين');
INSERT INTO `lk9v6_alumni_main` (`id`, `user_id`, `approved`) VALUES (240273, 240273, 1);
INSERT INTO `lk9v6_alumni_data` (`alumni_id`, `graduation_year`, `fid`, `job`, `address`, `city`, `country`, `phone`, `gid`, `mobile`, `nationalnumber`, `department`, `division`, `with_honor`) VALUES (240273, 2016, '2', '', '', '', '', '', 'جيد', '', '', '', '', '');
INSERT INTO `lk9v6_users` (`name`, `email`, `usertype`) VALUES ('ميسره سعيد محمد احمد طه', '', 'الخريجين');
INSERT INTO `lk9v6_alumni_main` (`id`, `user_id`, `approved`) VALUES (240274, 240274, 1);
INSERT INTO `lk9v6_alumni_data` (`alumni_id`, `graduation_year`, `fid`, `job`, `address`, `city`, `country`, `phone`, `gid`, `mobile`, `nationalnumber`, `department`, `division`, `with_honor`) VALUES (240274, 2016, '2', '', '', '', '', '', 'جيد', '', '', '', '', '');
INSERT INTO `lk9v6_users` (`name`, `email`, `usertype`) VALUES ('مينا منير فايق ميخائيل ', '', 'الخريجين');
INSERT INTO `lk9v6_alumni_main` (`id`, `user_id`, `approved`) VALUES (240275, 240275, 1);
INSERT INTO `lk9v6_alumni_data` (`alumni_id`, `graduation_year`, `fid`, `job`, `address`, `city`, `country`, `phone`, `gid`, `mobile`, `nationalnumber`, `department`, `division`, `with_honor`) VALUES (240275, 2016, '2', '', '', '', '', '', 'جيد', '', '', '', '', '');
INSERT INTO `lk9v6_users` (`name`, `email`, `usertype`) VALUES ('نادين احمد كمال محمد جبريل', '', 'الخريجين');
INSERT INTO `lk9v6_alumni_main` (`id`, `user_id`, `approved`) VALUES (240276, 240276, 1);
INSERT INTO `lk9v6_alumni_data` (`alumni_id`, `graduation_year`, `fid`, `job`, `address`, `city`, `country`, `phone`, `gid`, `mobile`, `nationalnumber`, `department`, `division`, `with_honor`) VALUES (240276, 2016, '2', '', '', '', '', '', 'جيد', '', '', '', '', '');
INSERT INTO `lk9v6_users` (`name`, `email`, `usertype`) VALUES ('ناريمان علاء الدين محمد على عمر ', '', 'الخريجين');
INSERT INTO `lk9v6_alumni_main` (`id`, `user_id`, `approved`) VALUES (240277, 240277, 1);
INSERT INTO `lk9v6_alumni_data` (`alumni_id`, `graduation_year`, `fid`, `job`, `address`, `city`, `country`, `phone`, `gid`, `mobile`, `nationalnumber`, `department`, `division`, `with_honor`) VALUES (240277, 2016, '2', '', '', '', '', '', 'جيد', '', '', '', '', '');
INSERT INTO `lk9v6_users` (`name`, `email`, `usertype`) VALUES ('نانسى مجدى شكرى ساويرس', '', 'الخريجين');
INSERT INTO `lk9v6_alumni_main` (`id`, `user_id`, `approved`) VALUES (240278, 240278, 1);
INSERT INTO `lk9v6_alumni_data` (`alumni_id`, `graduation_year`, `fid`, `job`, `address`, `city`, `country`, `phone`, `gid`, `mobile`, `nationalnumber`, `department`, `division`, `with_honor`) VALUES (240278, 2016, '2', '', '', '', '', '', 'جيد', '', '', '', '', '');
INSERT INTO `lk9v6_users` (`name`, `email`, `usertype`) VALUES ('نجاه شوقى حسن محمد زايد', '', 'الخريجين');
INSERT INTO `lk9v6_alumni_main` (`id`, `user_id`, `approved`) VALUES (240279, 240279, 1);
INSERT INTO `lk9v6_alumni_data` (`alumni_id`, `graduation_year`, `fid`, `job`, `address`, `city`, `country`, `phone`, `gid`, `mobile`, `nationalnumber`, `department`, `division`, `with_honor`) VALUES (240279, 2016, '2', '', '', '', '', '', 'جيد', '', '', '', '', '');
INSERT INTO `lk9v6_users` (`name`, `email`, `usertype`) VALUES ('نجلاء فتحى محمد احمد نصر ', '', 'الخريجين');
INSERT INTO `lk9v6_alumni_main` (`id`, `user_id`, `approved`) VALUES (240280, 240280, 1);
INSERT INTO `lk9v6_alumni_data` (`alumni_id`, `graduation_year`, `fid`, `job`, `address`, `city`, `country`, `phone`, `gid`, `mobile`, `nationalnumber`, `department`, `division`, `with_honor`) VALUES (240280, 2016, '2', '', '', '', '', '', 'جيد', '', '', '', '', '');
INSERT INTO `lk9v6_users` (`name`, `email`, `usertype`) VALUES ('ندى سعد محمود حمدى عبد اللاه ', '', 'الخريجين');
INSERT INTO `lk9v6_alumni_main` (`id`, `user_id`, `approved`) VALUES (240281, 240281, 1);
INSERT INTO `lk9v6_alumni_data` (`alumni_id`, `graduation_year`, `fid`, `job`, `address`, `city`, `country`, `phone`, `gid`, `mobile`, `nationalnumber`, `department`, `division`, `with_honor`) VALUES (240281, 2016, '2', '', '', '', '', '', 'جيد', '', '', '', '', '');
INSERT INTO `lk9v6_users` (`name`, `email`, `usertype`) VALUES ('ندى مصطفى على منصور عماره', '', 'الخريجين');
INSERT INTO `lk9v6_alumni_main` (`id`, `user_id`, `approved`) VALUES (240282, 240282, 1);
INSERT INTO `lk9v6_alumni_data` (`alumni_id`, `graduation_year`, `fid`, `job`, `address`, `city`, `country`, `phone`, `gid`, `mobile`, `nationalnumber`, `department`, `division`, `with_honor`) VALUES (240282, 2016, '2', '', '', '', '', '', 'جيد', '', '', '', '', '');
INSERT INTO `lk9v6_users` (`name`, `email`, `usertype`) VALUES ('ندى هشام مصطفى الغنيمى', '', 'الخريجين');
INSERT INTO `lk9v6_alumni_main` (`id`, `user_id`, `approved`) VALUES (240283, 240283, 1);
INSERT INTO `lk9v6_alumni_data` (`alumni_id`, `graduation_year`, `fid`, `job`, `address`, `city`, `country`, `phone`, `gid`, `mobile`, `nationalnumber`, `department`, `division`, `with_honor`) VALUES (240283, 2016, '2', '', '', '', '', '', 'جيد', '', '', '', '', '');
INSERT INTO `lk9v6_users` (`name`, `email`, `usertype`) VALUES ('نسمه جوده موسى عبد ربه البيطانى', '', 'الخريجين');
INSERT INTO `lk9v6_alumni_main` (`id`, `user_id`, `approved`) VALUES (240284, 240284, 1);
INSERT INTO `lk9v6_alumni_data` (`alumni_id`, `graduation_year`, `fid`, `job`, `address`, `city`, `country`, `phone`, `gid`, `mobile`, `nationalnumber`, `department`, `division`, `with_honor`) VALUES (240284, 2016, '2', '', '', '', '', '', 'جيد', '', '', '', '', '');
INSERT INTO `lk9v6_users` (`name`, `email`, `usertype`) VALUES ('نسمه خميس طلبه امين', '', 'الخريجين');
INSERT INTO `lk9v6_alumni_main` (`id`, `user_id`, `approved`) VALUES (240285, 240285, 1);
INSERT INTO `lk9v6_alumni_data` (`alumni_id`, `graduation_year`, `fid`, `job`, `address`, `city`, `country`, `phone`, `gid`, `mobile`, `nationalnumber`, `department`, `division`, `with_honor`) VALUES (240285, 2016, '2', '', '', '', '', '', 'جيد', '', '', '', '', '');
INSERT INTO `lk9v6_users` (`name`, `email`, `usertype`) VALUES ('نسمه فؤاد ابراهيم عياد', '', 'الخريجين');
INSERT INTO `lk9v6_alumni_main` (`id`, `user_id`, `approved`) VALUES (240286, 240286, 1);
INSERT INTO `lk9v6_alumni_data` (`alumni_id`, `graduation_year`, `fid`, `job`, `address`, `city`, `country`, `phone`, `gid`, `mobile`, `nationalnumber`, `department`, `division`, `with_honor`) VALUES (240286, 2016, '2', '', '', '', '', '', 'جيد', '', '', '', '', '');
INSERT INTO `lk9v6_users` (`name`, `email`, `usertype`) VALUES ('نشوى محمود على محمود بسيونى', '', 'الخريجين');
INSERT INTO `lk9v6_alumni_main` (`id`, `user_id`, `approved`) VALUES (240287, 240287, 1);
INSERT INTO `lk9v6_alumni_data` (`alumni_id`, `graduation_year`, `fid`, `job`, `address`, `city`, `country`, `phone`, `gid`, `mobile`, `nationalnumber`, `department`, `division`, `with_honor`) VALUES (240287, 2016, '2', '', '', '', '', '', 'جيد', '', '', '', '', '');
INSERT INTO `lk9v6_users` (`name`, `email`, `usertype`) VALUES ('نغم احمد محمد حسن البوردينى', '', 'الخريجين');
INSERT INTO `lk9v6_alumni_main` (`id`, `user_id`, `approved`) VALUES (240288, 240288, 1);
INSERT INTO `lk9v6_alumni_data` (`alumni_id`, `graduation_year`, `fid`, `job`, `address`, `city`, `country`, `phone`, `gid`, `mobile`, `nationalnumber`, `department`, `division`, `with_honor`) VALUES (240288, 2016, '2', '', '', '', '', '', 'جيد', '', '', '', '', '');
INSERT INTO `lk9v6_users` (`name`, `email`, `usertype`) VALUES ('نهال ابراهيم احمد احمد درويش', '', 'الخريجين');
INSERT INTO `lk9v6_alumni_main` (`id`, `user_id`, `approved`) VALUES (240289, 240289, 1);
INSERT INTO `lk9v6_alumni_data` (`alumni_id`, `graduation_year`, `fid`, `job`, `address`, `city`, `country`, `phone`, `gid`, `mobile`, `nationalnumber`, `department`, `division`, `with_honor`) VALUES (240289, 2016, '2', '', '', '', '', '', 'جيد', '', '', '', '', '');
INSERT INTO `lk9v6_users` (`name`, `email`, `usertype`) VALUES ('نهال خالد عبد الله الشامى', '', 'الخريجين');
INSERT INTO `lk9v6_alumni_main` (`id`, `user_id`, `approved`) VALUES (240290, 240290, 1);
INSERT INTO `lk9v6_alumni_data` (`alumni_id`, `graduation_year`, `fid`, `job`, `address`, `city`, `country`, `phone`, `gid`, `mobile`, `nationalnumber`, `department`, `division`, `with_honor`) VALUES (240290, 2016, '2', '', '', '', '', '', 'جيد', '', '', '', '', '');
INSERT INTO `lk9v6_users` (`name`, `email`, `usertype`) VALUES ('نهال كمال صلاح احمد المصرى', '', 'الخريجين');
INSERT INTO `lk9v6_alumni_main` (`id`, `user_id`, `approved`) VALUES (240291, 240291, 1);
INSERT INTO `lk9v6_alumni_data` (`alumni_id`, `graduation_year`, `fid`, `job`, `address`, `city`, `country`, `phone`, `gid`, `mobile`, `nationalnumber`, `department`, `division`, `with_honor`) VALUES (240291, 2016, '2', '', '', '', '', '', 'جيد', '', '', '', '', '');
INSERT INTO `lk9v6_users` (`name`, `email`, `usertype`) VALUES ('نهال محمد علاء الدين محمد شوقى محمد شوارب', '', 'الخريجين');
INSERT INTO `lk9v6_alumni_main` (`id`, `user_id`, `approved`) VALUES (240292, 240292, 1);
INSERT INTO `lk9v6_alumni_data` (`alumni_id`, `graduation_year`, `fid`, `job`, `address`, `city`, `country`, `phone`, `gid`, `mobile`, `nationalnumber`, `department`, `division`, `with_honor`) VALUES (240292, 2016, '2', '', '', '', '', '', 'جيد', '', '', '', '', '');
INSERT INTO `lk9v6_users` (`name`, `email`, `usertype`) VALUES ('نهى محسن عبد الوكيل غريب', '', 'الخريجين');
INSERT INTO `lk9v6_alumni_main` (`id`, `user_id`, `approved`) VALUES (240293, 240293, 1);
INSERT INTO `lk9v6_alumni_data` (`alumni_id`, `graduation_year`, `fid`, `job`, `address`, `city`, `country`, `phone`, `gid`, `mobile`, `nationalnumber`, `department`, `division`, `with_honor`) VALUES (240293, 2016, '2', '', '', '', '', '', 'جيد', '', '', '', '', '');
INSERT INTO `lk9v6_users` (`name`, `email`, `usertype`) VALUES ('نهى محمد عبد الحى ابراهيم عبد الحق', '', 'الخريجين');
INSERT INTO `lk9v6_alumni_main` (`id`, `user_id`, `approved`) VALUES (240294, 240294, 1);
INSERT INTO `lk9v6_alumni_data` (`alumni_id`, `graduation_year`, `fid`, `job`, `address`, `city`, `country`, `phone`, `gid`, `mobile`, `nationalnumber`, `department`, `division`, `with_honor`) VALUES (240294, 2016, '2', '', '', '', '', '', 'جيد', '', '', '', '', '');
INSERT INTO `lk9v6_users` (`name`, `email`, `usertype`) VALUES ('نور حسام الدين احمد محمد هلال', '', 'الخريجين');
INSERT INTO `lk9v6_alumni_main` (`id`, `user_id`, `approved`) VALUES (240295, 240295, 1);
INSERT INTO `lk9v6_alumni_data` (`alumni_id`, `graduation_year`, `fid`, `job`, `address`, `city`, `country`, `phone`, `gid`, `mobile`, `nationalnumber`, `department`, `division`, `with_honor`) VALUES (240295, 2016, '2', '', '', '', '', '', 'جيد', '', '', '', '', '');
INSERT INTO `lk9v6_users` (`name`, `email`, `usertype`) VALUES ('نورهان احمد صابر على ', '', 'الخريجين');
INSERT INTO `lk9v6_alumni_main` (`id`, `user_id`, `approved`) VALUES (240296, 240296, 1);
INSERT INTO `lk9v6_alumni_data` (`alumni_id`, `graduation_year`, `fid`, `job`, `address`, `city`, `country`, `phone`, `gid`, `mobile`, `nationalnumber`, `department`, `division`, `with_honor`) VALUES (240296, 2016, '2', '', '', '', '', '', 'جيد', '', '', '', '', '');
INSERT INTO `lk9v6_users` (`name`, `email`, `usertype`) VALUES ('نورهان اسامه عبد الرحيم محمد ابراهيم ', '', 'الخريجين');
INSERT INTO `lk9v6_alumni_main` (`id`, `user_id`, `approved`) VALUES (240297, 240297, 1);
INSERT INTO `lk9v6_alumni_data` (`alumni_id`, `graduation_year`, `fid`, `job`, `address`, `city`, `country`, `phone`, `gid`, `mobile`, `nationalnumber`, `department`, `division`, `with_honor`) VALUES (240297, 2016, '2', '', '', '', '', '', 'جيد', '', '', '', '', '');
INSERT INTO `lk9v6_users` (`name`, `email`, `usertype`) VALUES ('نورهان اشرف رفعت الشافعى', '', 'الخريجين');
INSERT INTO `lk9v6_alumni_main` (`id`, `user_id`, `approved`) VALUES (240298, 240298, 1);
INSERT INTO `lk9v6_alumni_data` (`alumni_id`, `graduation_year`, `fid`, `job`, `address`, `city`, `country`, `phone`, `gid`, `mobile`, `nationalnumber`, `department`, `division`, `with_honor`) VALUES (240298, 2016, '2', '', '', '', '', '', 'جيد', '', '', '', '', '');
INSERT INTO `lk9v6_users` (`name`, `email`, `usertype`) VALUES ('نورهان حسين عطيه حسين حسن   ', '', 'الخريجين');
INSERT INTO `lk9v6_alumni_main` (`id`, `user_id`, `approved`) VALUES (240299, 240299, 1);
INSERT INTO `lk9v6_alumni_data` (`alumni_id`, `graduation_year`, `fid`, `job`, `address`, `city`, `country`, `phone`, `gid`, `mobile`, `nationalnumber`, `department`, `division`, `with_honor`) VALUES (240299, 2016, '2', '', '', '', '', '', 'جيد', '', '', '', '', '');
INSERT INTO `lk9v6_users` (`name`, `email`, `usertype`) VALUES ('نورهان عماد محمد رشاد اباظة', '', 'الخريجين');
INSERT INTO `lk9v6_alumni_main` (`id`, `user_id`, `approved`) VALUES (240300, 240300, 1);
INSERT INTO `lk9v6_alumni_data` (`alumni_id`, `graduation_year`, `fid`, `job`, `address`, `city`, `country`, `phone`, `gid`, `mobile`, `nationalnumber`, `department`, `division`, `with_honor`) VALUES (240300, 2016, '2', '', '', '', '', '', 'جيد', '', '', '', '', '');
INSERT INTO `lk9v6_users` (`name`, `email`, `usertype`) VALUES ('نورهان محمد عبد الرحمن بسيونى', '', 'الخريجين');
INSERT INTO `lk9v6_alumni_main` (`id`, `user_id`, `approved`) VALUES (240301, 240301, 1);
INSERT INTO `lk9v6_alumni_data` (`alumni_id`, `graduation_year`, `fid`, `job`, `address`, `city`, `country`, `phone`, `gid`, `mobile`, `nationalnumber`, `department`, `division`, `with_honor`) VALUES (240301, 2016, '2', '', '', '', '', '', 'جيد', '', '', '', '', '');
INSERT INTO `lk9v6_users` (`name`, `email`, `usertype`) VALUES ('نورهان ياسين محمود محمد عوده', '', 'الخريجين');
INSERT INTO `lk9v6_alumni_main` (`id`, `user_id`, `approved`) VALUES (240302, 240302, 1);
INSERT INTO `lk9v6_alumni_data` (`alumni_id`, `graduation_year`, `fid`, `job`, `address`, `city`, `country`, `phone`, `gid`, `mobile`, `nationalnumber`, `department`, `division`, `with_honor`) VALUES (240302, 2016, '2', '', '', '', '', '', 'جيد', '', '', '', '', '');
INSERT INTO `lk9v6_users` (`name`, `email`, `usertype`) VALUES ('نيره هشام محمد عبد الله يوسف', '', 'الخريجين');
INSERT INTO `lk9v6_alumni_main` (`id`, `user_id`, `approved`) VALUES (240303, 240303, 1);
INSERT INTO `lk9v6_alumni_data` (`alumni_id`, `graduation_year`, `fid`, `job`, `address`, `city`, `country`, `phone`, `gid`, `mobile`, `nationalnumber`, `department`, `division`, `with_honor`) VALUES (240303, 2016, '2', '', '', '', '', '', 'جيد', '', '', '', '', '');
INSERT INTO `lk9v6_users` (`name`, `email`, `usertype`) VALUES ('هاجر احمد عبد الحميد محمد', '', 'الخريجين');
INSERT INTO `lk9v6_alumni_main` (`id`, `user_id`, `approved`) VALUES (240304, 240304, 1);
INSERT INTO `lk9v6_alumni_data` (`alumni_id`, `graduation_year`, `fid`, `job`, `address`, `city`, `country`, `phone`, `gid`, `mobile`, `nationalnumber`, `department`, `division`, `with_honor`) VALUES (240304, 2016, '2', '', '', '', '', '', 'جيد', '', '', '', '', '');
INSERT INTO `lk9v6_users` (`name`, `email`, `usertype`) VALUES ('هاجر محمود محمد مرسى الشريف', '', 'الخريجين');
INSERT INTO `lk9v6_alumni_main` (`id`, `user_id`, `approved`) VALUES (240305, 240305, 1);
INSERT INTO `lk9v6_alumni_data` (`alumni_id`, `graduation_year`, `fid`, `job`, `address`, `city`, `country`, `phone`, `gid`, `mobile`, `nationalnumber`, `department`, `division`, `with_honor`) VALUES (240305, 2016, '2', '', '', '', '', '', 'جيد', '', '', '', '', '');
INSERT INTO `lk9v6_users` (`name`, `email`, `usertype`) VALUES ('هاله محمد على حسن عياد', '', 'الخريجين');
INSERT INTO `lk9v6_alumni_main` (`id`, `user_id`, `approved`) VALUES (240306, 240306, 1);
INSERT INTO `lk9v6_alumni_data` (`alumni_id`, `graduation_year`, `fid`, `job`, `address`, `city`, `country`, `phone`, `gid`, `mobile`, `nationalnumber`, `department`, `division`, `with_honor`) VALUES (240306, 2016, '2', '', '', '', '', '', 'جيد', '', '', '', '', '');
INSERT INTO `lk9v6_users` (`name`, `email`, `usertype`) VALUES ('هاله محمد هادى عبد المحسن الجمال ', '', 'الخريجين');
INSERT INTO `lk9v6_alumni_main` (`id`, `user_id`, `approved`) VALUES (240307, 240307, 1);
INSERT INTO `lk9v6_alumni_data` (`alumni_id`, `graduation_year`, `fid`, `job`, `address`, `city`, `country`, `phone`, `gid`, `mobile`, `nationalnumber`, `department`, `division`, `with_honor`) VALUES (240307, 2016, '2', '', '', '', '', '', 'جيد', '', '', '', '', '');
INSERT INTO `lk9v6_users` (`name`, `email`, `usertype`) VALUES ('هانزاده اشرف محمد السيد الفولى', '', 'الخريجين');
INSERT INTO `lk9v6_alumni_main` (`id`, `user_id`, `approved`) VALUES (240308, 240308, 1);
INSERT INTO `lk9v6_alumni_data` (`alumni_id`, `graduation_year`, `fid`, `job`, `address`, `city`, `country`, `phone`, `gid`, `mobile`, `nationalnumber`, `department`, `division`, `with_honor`) VALUES (240308, 2016, '2', '', '', '', '', '', 'جيد', '', '', '', '', '');
INSERT INTO `lk9v6_users` (`name`, `email`, `usertype`) VALUES ('هانيه حاتم انور ابو ريه', '', 'الخريجين');
INSERT INTO `lk9v6_alumni_main` (`id`, `user_id`, `approved`) VALUES (240309, 240309, 1);
INSERT INTO `lk9v6_alumni_data` (`alumni_id`, `graduation_year`, `fid`, `job`, `address`, `city`, `country`, `phone`, `gid`, `mobile`, `nationalnumber`, `department`, `division`, `with_honor`) VALUES (240309, 2016, '2', '', '', '', '', '', 'جيد', '', '', '', '', '');
INSERT INTO `lk9v6_users` (`name`, `email`, `usertype`) VALUES ('هبه الله احمد حسن حبيبه', '', 'الخريجين');
INSERT INTO `lk9v6_alumni_main` (`id`, `user_id`, `approved`) VALUES (240310, 240310, 1);
INSERT INTO `lk9v6_alumni_data` (`alumni_id`, `graduation_year`, `fid`, `job`, `address`, `city`, `country`, `phone`, `gid`, `mobile`, `nationalnumber`, `department`, `division`, `with_honor`) VALUES (240310, 2016, '2', '', '', '', '', '', 'جيد', '', '', '', '', '');
INSERT INTO `lk9v6_users` (`name`, `email`, `usertype`) VALUES ('هبه الله محمود عبد العظيم يوسف', '', 'الخريجين');
INSERT INTO `lk9v6_alumni_main` (`id`, `user_id`, `approved`) VALUES (240311, 240311, 1);
INSERT INTO `lk9v6_alumni_data` (`alumni_id`, `graduation_year`, `fid`, `job`, `address`, `city`, `country`, `phone`, `gid`, `mobile`, `nationalnumber`, `department`, `division`, `with_honor`) VALUES (240311, 2016, '2', '', '', '', '', '', 'جيد', '', '', '', '', '');
INSERT INTO `lk9v6_users` (`name`, `email`, `usertype`) VALUES ('هبه الله مصطفى محمد محمد رضوان', '', 'الخريجين');
INSERT INTO `lk9v6_alumni_main` (`id`, `user_id`, `approved`) VALUES (240312, 240312, 1);
INSERT INTO `lk9v6_alumni_data` (`alumni_id`, `graduation_year`, `fid`, `job`, `address`, `city`, `country`, `phone`, `gid`, `mobile`, `nationalnumber`, `department`, `division`, `with_honor`) VALUES (240312, 2016, '2', '', '', '', '', '', 'جيد', '', '', '', '', '');
INSERT INTO `lk9v6_users` (`name`, `email`, `usertype`) VALUES ('هبه جمال الدين حسن احمد', '', 'الخريجين');
INSERT INTO `lk9v6_alumni_main` (`id`, `user_id`, `approved`) VALUES (240313, 240313, 1);
INSERT INTO `lk9v6_alumni_data` (`alumni_id`, `graduation_year`, `fid`, `job`, `address`, `city`, `country`, `phone`, `gid`, `mobile`, `nationalnumber`, `department`, `division`, `with_honor`) VALUES (240313, 2016, '2', '', '', '', '', '', 'جيد', '', '', '', '', '');
INSERT INTO `lk9v6_users` (`name`, `email`, `usertype`) VALUES ('هبه حسنى عبد العزيز محمود', '', 'الخريجين');
INSERT INTO `lk9v6_alumni_main` (`id`, `user_id`, `approved`) VALUES (240314, 240314, 1);
INSERT INTO `lk9v6_alumni_data` (`alumni_id`, `graduation_year`, `fid`, `job`, `address`, `city`, `country`, `phone`, `gid`, `mobile`, `nationalnumber`, `department`, `division`, `with_honor`) VALUES (240314, 2016, '2', '', '', '', '', '', 'جيد', '', '', '', '', '');
INSERT INTO `lk9v6_users` (`name`, `email`, `usertype`) VALUES ('هبه حمدى عطية الشندلاتى ', '', 'الخريجين');
INSERT INTO `lk9v6_alumni_main` (`id`, `user_id`, `approved`) VALUES (240315, 240315, 1);
INSERT INTO `lk9v6_alumni_data` (`alumni_id`, `graduation_year`, `fid`, `job`, `address`, `city`, `country`, `phone`, `gid`, `mobile`, `nationalnumber`, `department`, `division`, `with_honor`) VALUES (240315, 2016, '2', '', '', '', '', '', 'جيد', '', '', '', '', '');
INSERT INTO `lk9v6_users` (`name`, `email`, `usertype`) VALUES ('هبه خيرى سالم عبد الحفيظ', '', 'الخريجين');
INSERT INTO `lk9v6_alumni_main` (`id`, `user_id`, `approved`) VALUES (240316, 240316, 1);
INSERT INTO `lk9v6_alumni_data` (`alumni_id`, `graduation_year`, `fid`, `job`, `address`, `city`, `country`, `phone`, `gid`, `mobile`, `nationalnumber`, `department`, `division`, `with_honor`) VALUES (240316, 2016, '2', '', '', '', '', '', 'جيد', '', '', '', '', '');
INSERT INTO `lk9v6_users` (`name`, `email`, `usertype`) VALUES ('هبه سامى جمعه امين السيد ', '', 'الخريجين');
INSERT INTO `lk9v6_alumni_main` (`id`, `user_id`, `approved`) VALUES (240317, 240317, 1);
INSERT INTO `lk9v6_alumni_data` (`alumni_id`, `graduation_year`, `fid`, `job`, `address`, `city`, `country`, `phone`, `gid`, `mobile`, `nationalnumber`, `department`, `division`, `with_honor`) VALUES (240317, 2016, '2', '', '', '', '', '', 'جيد', '', '', '', '', '');
INSERT INTO `lk9v6_users` (`name`, `email`, `usertype`) VALUES ('هبه نور الدين ابراهيم محمد', '', 'الخريجين');
INSERT INTO `lk9v6_alumni_main` (`id`, `user_id`, `approved`) VALUES (240318, 240318, 1);
INSERT INTO `lk9v6_alumni_data` (`alumni_id`, `graduation_year`, `fid`, `job`, `address`, `city`, `country`, `phone`, `gid`, `mobile`, `nationalnumber`, `department`, `division`, `with_honor`) VALUES (240318, 2016, '2', '', '', '', '', '', 'جيد', '', '', '', '', '');
INSERT INTO `lk9v6_users` (`name`, `email`, `usertype`) VALUES ('هدى سعد احمد الشباسى', '', 'الخريجين');
INSERT INTO `lk9v6_alumni_main` (`id`, `user_id`, `approved`) VALUES (240319, 240319, 1);
INSERT INTO `lk9v6_alumni_data` (`alumni_id`, `graduation_year`, `fid`, `job`, `address`, `city`, `country`, `phone`, `gid`, `mobile`, `nationalnumber`, `department`, `division`, `with_honor`) VALUES (240319, 2016, '2', '', '', '', '', '', 'جيد', '', '', '', '', '');
INSERT INTO `lk9v6_users` (`name`, `email`, `usertype`) VALUES ('هدير احمد على السيد بدوى', '', 'الخريجين');
INSERT INTO `lk9v6_alumni_main` (`id`, `user_id`, `approved`) VALUES (240320, 240320, 1);
INSERT INTO `lk9v6_alumni_data` (`alumni_id`, `graduation_year`, `fid`, `job`, `address`, `city`, `country`, `phone`, `gid`, `mobile`, `nationalnumber`, `department`, `division`, `with_honor`) VALUES (240320, 2016, '2', '', '', '', '', '', 'جيد', '', '', '', '', '');
INSERT INTO `lk9v6_users` (`name`, `email`, `usertype`) VALUES ('هدير اشرف احمد السيد العشرى', '', 'الخريجين');
INSERT INTO `lk9v6_alumni_main` (`id`, `user_id`, `approved`) VALUES (240321, 240321, 1);
INSERT INTO `lk9v6_alumni_data` (`alumni_id`, `graduation_year`, `fid`, `job`, `address`, `city`, `country`, `phone`, `gid`, `mobile`, `nationalnumber`, `department`, `division`, `with_honor`) VALUES (240321, 2016, '2', '', '', '', '', '', 'جيد', '', '', '', '', '');
INSERT INTO `lk9v6_users` (`name`, `email`, `usertype`) VALUES ('هدير السعيد مصطفى على مشهور ', '', 'الخريجين');
INSERT INTO `lk9v6_alumni_main` (`id`, `user_id`, `approved`) VALUES (240322, 240322, 1);
INSERT INTO `lk9v6_alumni_data` (`alumni_id`, `graduation_year`, `fid`, `job`, `address`, `city`, `country`, `phone`, `gid`, `mobile`, `nationalnumber`, `department`, `division`, `with_honor`) VALUES (240322, 2016, '2', '', '', '', '', '', 'جيد', '', '', '', '', '');
INSERT INTO `lk9v6_users` (`name`, `email`, `usertype`) VALUES ('هدير بكر توفيق عسكر ', '', 'الخريجين');
INSERT INTO `lk9v6_alumni_main` (`id`, `user_id`, `approved`) VALUES (240323, 240323, 1);
INSERT INTO `lk9v6_alumni_data` (`alumni_id`, `graduation_year`, `fid`, `job`, `address`, `city`, `country`, `phone`, `gid`, `mobile`, `nationalnumber`, `department`, `division`, `with_honor`) VALUES (240323, 2016, '2', '', '', '', '', '', 'جيد', '', '', '', '', '');
INSERT INTO `lk9v6_users` (`name`, `email`, `usertype`) VALUES ('هدير حمدى محمد عبد العال', '', 'الخريجين');
INSERT INTO `lk9v6_alumni_main` (`id`, `user_id`, `approved`) VALUES (240324, 240324, 1);
INSERT INTO `lk9v6_alumni_data` (`alumni_id`, `graduation_year`, `fid`, `job`, `address`, `city`, `country`, `phone`, `gid`, `mobile`, `nationalnumber`, `department`, `division`, `with_honor`) VALUES (240324, 2016, '2', '', '', '', '', '', 'جيد', '', '', '', '', '');
INSERT INTO `lk9v6_users` (`name`, `email`, `usertype`) VALUES ('هدير صبحى عبد الهادى الخيتى', '', 'الخريجين');
INSERT INTO `lk9v6_alumni_main` (`id`, `user_id`, `approved`) VALUES (240325, 240325, 1);
INSERT INTO `lk9v6_alumni_data` (`alumni_id`, `graduation_year`, `fid`, `job`, `address`, `city`, `country`, `phone`, `gid`, `mobile`, `nationalnumber`, `department`, `division`, `with_honor`) VALUES (240325, 2016, '2', '', '', '', '', '', 'جيد', '', '', '', '', '');
INSERT INTO `lk9v6_users` (`name`, `email`, `usertype`) VALUES ('هدير عاطف على مصطفى', '', 'الخريجين');
INSERT INTO `lk9v6_alumni_main` (`id`, `user_id`, `approved`) VALUES (240326, 240326, 1);
INSERT INTO `lk9v6_alumni_data` (`alumni_id`, `graduation_year`, `fid`, `job`, `address`, `city`, `country`, `phone`, `gid`, `mobile`, `nationalnumber`, `department`, `division`, `with_honor`) VALUES (240326, 2016, '2', '', '', '', '', '', 'جيد', '', '', '', '', '');
INSERT INTO `lk9v6_users` (`name`, `email`, `usertype`) VALUES ('هدير عطيه احمد احمد ', '', 'الخريجين');
INSERT INTO `lk9v6_alumni_main` (`id`, `user_id`, `approved`) VALUES (240327, 240327, 1);
INSERT INTO `lk9v6_alumni_data` (`alumni_id`, `graduation_year`, `fid`, `job`, `address`, `city`, `country`, `phone`, `gid`, `mobile`, `nationalnumber`, `department`, `division`, `with_honor`) VALUES (240327, 2016, '2', '', '', '', '', '', 'جيد', '', '', '', '', '');
INSERT INTO `lk9v6_users` (`name`, `email`, `usertype`) VALUES ('هدير كمال عبد المنعم البلتاجى', '', 'الخريجين');
INSERT INTO `lk9v6_alumni_main` (`id`, `user_id`, `approved`) VALUES (240328, 240328, 1);
INSERT INTO `lk9v6_alumni_data` (`alumni_id`, `graduation_year`, `fid`, `job`, `address`, `city`, `country`, `phone`, `gid`, `mobile`, `nationalnumber`, `department`, `division`, `with_honor`) VALUES (240328, 2016, '2', '', '', '', '', '', 'جيد', '', '', '', '', '');
INSERT INTO `lk9v6_users` (`name`, `email`, `usertype`) VALUES ('هدير محمد عبد الفتاح ابو اسماعيل', '', 'الخريجين');
INSERT INTO `lk9v6_alumni_main` (`id`, `user_id`, `approved`) VALUES (240329, 240329, 1);
INSERT INTO `lk9v6_alumni_data` (`alumni_id`, `graduation_year`, `fid`, `job`, `address`, `city`, `country`, `phone`, `gid`, `mobile`, `nationalnumber`, `department`, `division`, `with_honor`) VALUES (240329, 2016, '2', '', '', '', '', '', 'جيد', '', '', '', '', '');
INSERT INTO `lk9v6_users` (`name`, `email`, `usertype`) VALUES ('هديل احمد خليفة احمد محمد حسين', '', 'الخريجين');
INSERT INTO `lk9v6_alumni_main` (`id`, `user_id`, `approved`) VALUES (240330, 240330, 1);
INSERT INTO `lk9v6_alumni_data` (`alumni_id`, `graduation_year`, `fid`, `job`, `address`, `city`, `country`, `phone`, `gid`, `mobile`, `nationalnumber`, `department`, `division`, `with_honor`) VALUES (240330, 2016, '2', '', '', '', '', '', 'جيد', '', '', '', '', '');
INSERT INTO `lk9v6_users` (`name`, `email`, `usertype`) VALUES ('هشام خميس جمعه شحاته العطار ', '', 'الخريجين');
INSERT INTO `lk9v6_alumni_main` (`id`, `user_id`, `approved`) VALUES (240331, 240331, 1);
INSERT INTO `lk9v6_alumni_data` (`alumni_id`, `graduation_year`, `fid`, `job`, `address`, `city`, `country`, `phone`, `gid`, `mobile`, `nationalnumber`, `department`, `division`, `with_honor`) VALUES (240331, 2016, '2', '', '', '', '', '', 'جيد', '', '', '', '', '');
INSERT INTO `lk9v6_users` (`name`, `email`, `usertype`) VALUES ('هشام عاطف فهمى المسدى', '', 'الخريجين');
INSERT INTO `lk9v6_alumni_main` (`id`, `user_id`, `approved`) VALUES (240332, 240332, 1);
INSERT INTO `lk9v6_alumni_data` (`alumni_id`, `graduation_year`, `fid`, `job`, `address`, `city`, `country`, `phone`, `gid`, `mobile`, `nationalnumber`, `department`, `division`, `with_honor`) VALUES (240332, 2016, '2', '', '', '', '', '', 'جيد', '', '', '', '', '');
INSERT INTO `lk9v6_users` (`name`, `email`, `usertype`) VALUES ('هند ابراهيم محمد مهدى', '', 'الخريجين');
INSERT INTO `lk9v6_alumni_main` (`id`, `user_id`, `approved`) VALUES (240333, 240333, 1);
INSERT INTO `lk9v6_alumni_data` (`alumni_id`, `graduation_year`, `fid`, `job`, `address`, `city`, `country`, `phone`, `gid`, `mobile`, `nationalnumber`, `department`, `division`, `with_honor`) VALUES (240333, 2016, '2', '', '', '', '', '', 'جيد', '', '', '', '', '');
INSERT INTO `lk9v6_users` (`name`, `email`, `usertype`) VALUES ('هند محمد ابو الفتوح يوسف حسونه', '', 'الخريجين');
INSERT INTO `lk9v6_alumni_main` (`id`, `user_id`, `approved`) VALUES (240334, 240334, 1);
INSERT INTO `lk9v6_alumni_data` (`alumni_id`, `graduation_year`, `fid`, `job`, `address`, `city`, `country`, `phone`, `gid`, `mobile`, `nationalnumber`, `department`, `division`, `with_honor`) VALUES (240334, 2016, '2', '', '', '', '', '', 'جيد', '', '', '', '', '');
INSERT INTO `lk9v6_users` (`name`, `email`, `usertype`) VALUES ('هند محمد سعد محمد عيسى', '', 'الخريجين');
INSERT INTO `lk9v6_alumni_main` (`id`, `user_id`, `approved`) VALUES (240335, 240335, 1);
INSERT INTO `lk9v6_alumni_data` (`alumni_id`, `graduation_year`, `fid`, `job`, `address`, `city`, `country`, `phone`, `gid`, `mobile`, `nationalnumber`, `department`, `division`, `with_honor`) VALUES (240335, 2016, '2', '', '', '', '', '', 'جيد', '', '', '', '', '');
INSERT INTO `lk9v6_users` (`name`, `email`, `usertype`) VALUES ('هند معروف احمد درباله', '', 'الخريجين');
INSERT INTO `lk9v6_alumni_main` (`id`, `user_id`, `approved`) VALUES (240336, 240336, 1);
INSERT INTO `lk9v6_alumni_data` (`alumni_id`, `graduation_year`, `fid`, `job`, `address`, `city`, `country`, `phone`, `gid`, `mobile`, `nationalnumber`, `department`, `division`, `with_honor`) VALUES (240336, 2016, '2', '', '', '', '', '', 'جيد', '', '', '', '', '');
INSERT INTO `lk9v6_users` (`name`, `email`, `usertype`) VALUES ('وائل ياسر حمدى على عوارة', '', 'الخريجين');
INSERT INTO `lk9v6_alumni_main` (`id`, `user_id`, `approved`) VALUES (240337, 240337, 1);
INSERT INTO `lk9v6_alumni_data` (`alumni_id`, `graduation_year`, `fid`, `job`, `address`, `city`, `country`, `phone`, `gid`, `mobile`, `nationalnumber`, `department`, `division`, `with_honor`) VALUES (240337, 2016, '2', '', '', '', '', '', 'جيد', '', '', '', '', '');
INSERT INTO `lk9v6_users` (`name`, `email`, `usertype`) VALUES ('وفاء محمد محمد حسن غانم', '', 'الخريجين');
INSERT INTO `lk9v6_alumni_main` (`id`, `user_id`, `approved`) VALUES (240338, 240338, 1);
INSERT INTO `lk9v6_alumni_data` (`alumni_id`, `graduation_year`, `fid`, `job`, `address`, `city`, `country`, `phone`, `gid`, `mobile`, `nationalnumber`, `department`, `division`, `with_honor`) VALUES (240338, 2016, '2', '', '', '', '', '', 'جيد', '', '', '', '', '');
INSERT INTO `lk9v6_users` (`name`, `email`, `usertype`) VALUES ('ولاء احمد بهاء الدين محمد قريطم ', '', 'الخريجين');
INSERT INTO `lk9v6_alumni_main` (`id`, `user_id`, `approved`) VALUES (240339, 240339, 1);
INSERT INTO `lk9v6_alumni_data` (`alumni_id`, `graduation_year`, `fid`, `job`, `address`, `city`, `country`, `phone`, `gid`, `mobile`, `nationalnumber`, `department`, `division`, `with_honor`) VALUES (240339, 2016, '2', '', '', '', '', '', 'جيد', '', '', '', '', '');
INSERT INTO `lk9v6_users` (`name`, `email`, `usertype`) VALUES ('ولاء شفيق جلال خفاجه', '', 'الخريجين');
INSERT INTO `lk9v6_alumni_main` (`id`, `user_id`, `approved`) VALUES (240340, 240340, 1);
INSERT INTO `lk9v6_alumni_data` (`alumni_id`, `graduation_year`, `fid`, `job`, `address`, `city`, `country`, `phone`, `gid`, `mobile`, `nationalnumber`, `department`, `division`, `with_honor`) VALUES (240340, 2016, '2', '', '', '', '', '', 'جيد', '', '', '', '', '');
INSERT INTO `lk9v6_users` (`name`, `email`, `usertype`) VALUES ('ولاء عبده غانم الحلوانى ', '', 'الخريجين');
INSERT INTO `lk9v6_alumni_main` (`id`, `user_id`, `approved`) VALUES (240341, 240341, 1);
INSERT INTO `lk9v6_alumni_data` (`alumni_id`, `graduation_year`, `fid`, `job`, `address`, `city`, `country`, `phone`, `gid`, `mobile`, `nationalnumber`, `department`, `division`, `with_honor`) VALUES (240341, 2016, '2', '', '', '', '', '', 'جيد', '', '', '', '', '');
INSERT INTO `lk9v6_users` (`name`, `email`, `usertype`) VALUES ('ولاء محمد عبد الباسط عبد الوهاب', '', 'الخريجين');
INSERT INTO `lk9v6_alumni_main` (`id`, `user_id`, `approved`) VALUES (240342, 240342, 1);
INSERT INTO `lk9v6_alumni_data` (`alumni_id`, `graduation_year`, `fid`, `job`, `address`, `city`, `country`, `phone`, `gid`, `mobile`, `nationalnumber`, `department`, `division`, `with_honor`) VALUES (240342, 2016, '2', '', '', '', '', '', 'جيد', '', '', '', '', '');
INSERT INTO `lk9v6_users` (`name`, `email`, `usertype`) VALUES ('وئام امين محمد ابو العلا الدمياطى ', '', 'الخريجين');
INSERT INTO `lk9v6_alumni_main` (`id`, `user_id`, `approved`) VALUES (240343, 240343, 1);
INSERT INTO `lk9v6_alumni_data` (`alumni_id`, `graduation_year`, `fid`, `job`, `address`, `city`, `country`, `phone`, `gid`, `mobile`, `nationalnumber`, `department`, `division`, `with_honor`) VALUES (240343, 2016, '2', '', '', '', '', '', 'جيد', '', '', '', '', '');
INSERT INTO `lk9v6_users` (`name`, `email`, `usertype`) VALUES ('وئام منير عبد الحميد حسن الركايبى', '', 'الخريجين');
INSERT INTO `lk9v6_alumni_main` (`id`, `user_id`, `approved`) VALUES (240344, 240344, 1);
INSERT INTO `lk9v6_alumni_data` (`alumni_id`, `graduation_year`, `fid`, `job`, `address`, `city`, `country`, `phone`, `gid`, `mobile`, `nationalnumber`, `department`, `division`, `with_honor`) VALUES (240344, 2016, '2', '', '', '', '', '', 'جيد', '', '', '', '', '');
INSERT INTO `lk9v6_users` (`name`, `email`, `usertype`) VALUES ('يارا عصام الدين فؤاد عياد', '', 'الخريجين');
INSERT INTO `lk9v6_alumni_main` (`id`, `user_id`, `approved`) VALUES (240345, 240345, 1);
INSERT INTO `lk9v6_alumni_data` (`alumni_id`, `graduation_year`, `fid`, `job`, `address`, `city`, `country`, `phone`, `gid`, `mobile`, `nationalnumber`, `department`, `division`, `with_honor`) VALUES (240345, 2016, '2', '', '', '', '', '', 'جيد', '', '', '', '', '');
INSERT INTO `lk9v6_users` (`name`, `email`, `usertype`) VALUES ('ياسمين ابراهيم محمد ابراهيم عبد الله اغا ', '', 'الخريجين');
INSERT INTO `lk9v6_alumni_main` (`id`, `user_id`, `approved`) VALUES (240346, 240346, 1);
INSERT INTO `lk9v6_alumni_data` (`alumni_id`, `graduation_year`, `fid`, `job`, `address`, `city`, `country`, `phone`, `gid`, `mobile`, `nationalnumber`, `department`, `division`, `with_honor`) VALUES (240346, 2016, '2', '', '', '', '', '', 'جيد', '', '', '', '', '');
INSERT INTO `lk9v6_users` (`name`, `email`, `usertype`) VALUES ('ياسمين احمد عبد المنعم ابو زيد', '', 'الخريجين');
INSERT INTO `lk9v6_alumni_main` (`id`, `user_id`, `approved`) VALUES (240347, 240347, 1);
INSERT INTO `lk9v6_alumni_data` (`alumni_id`, `graduation_year`, `fid`, `job`, `address`, `city`, `country`, `phone`, `gid`, `mobile`, `nationalnumber`, `department`, `division`, `with_honor`) VALUES (240347, 2016, '2', '', '', '', '', '', 'جيد', '', '', '', '', '');
INSERT INTO `lk9v6_users` (`name`, `email`, `usertype`) VALUES ('ياسمين اسماعيل ماهر اسماعيل', '', 'الخريجين');
INSERT INTO `lk9v6_alumni_main` (`id`, `user_id`, `approved`) VALUES (240348, 240348, 1);
INSERT INTO `lk9v6_alumni_data` (`alumni_id`, `graduation_year`, `fid`, `job`, `address`, `city`, `country`, `phone`, `gid`, `mobile`, `nationalnumber`, `department`, `division`, `with_honor`) VALUES (240348, 2016, '2', '', '', '', '', '', 'جيد', '', '', '', '', '');
INSERT INTO `lk9v6_users` (`name`, `email`, `usertype`) VALUES ('ياسمين السيد محمد بدر', '', 'الخريجين');
INSERT INTO `lk9v6_alumni_main` (`id`, `user_id`, `approved`) VALUES (240349, 240349, 1);
INSERT INTO `lk9v6_alumni_data` (`alumni_id`, `graduation_year`, `fid`, `job`, `address`, `city`, `country`, `phone`, `gid`, `mobile`, `nationalnumber`, `department`, `division`, `with_honor`) VALUES (240349, 2016, '2', '', '', '', '', '', 'جيد', '', '', '', '', '');
INSERT INTO `lk9v6_users` (`name`, `email`, `usertype`) VALUES ('ياسمين صالح سعيد القمرى', '', 'الخريجين');
INSERT INTO `lk9v6_alumni_main` (`id`, `user_id`, `approved`) VALUES (240350, 240350, 1);
INSERT INTO `lk9v6_alumni_data` (`alumni_id`, `graduation_year`, `fid`, `job`, `address`, `city`, `country`, `phone`, `gid`, `mobile`, `nationalnumber`, `department`, `division`, `with_honor`) VALUES (240350, 2016, '2', '', '', '', '', '', 'جيد', '', '', '', '', '');
INSERT INTO `lk9v6_users` (`name`, `email`, `usertype`) VALUES ('ياسمين صبحى محمد السيد بدوى ', '', 'الخريجين');
INSERT INTO `lk9v6_alumni_main` (`id`, `user_id`, `approved`) VALUES (240351, 240351, 1);
INSERT INTO `lk9v6_alumni_data` (`alumni_id`, `graduation_year`, `fid`, `job`, `address`, `city`, `country`, `phone`, `gid`, `mobile`, `nationalnumber`, `department`, `division`, `with_honor`) VALUES (240351, 2016, '2', '', '', '', '', '', 'جيد', '', '', '', '', '');
INSERT INTO `lk9v6_users` (`name`, `email`, `usertype`) VALUES ('ياسمين محمد امين طايل', '', 'الخريجين');
INSERT INTO `lk9v6_alumni_main` (`id`, `user_id`, `approved`) VALUES (240352, 240352, 1);
INSERT INTO `lk9v6_alumni_data` (`alumni_id`, `graduation_year`, `fid`, `job`, `address`, `city`, `country`, `phone`, `gid`, `mobile`, `nationalnumber`, `department`, `division`, `with_honor`) VALUES (240352, 2016, '2', '', '', '', '', '', 'جيد', '', '', '', '', '');
INSERT INTO `lk9v6_users` (`name`, `email`, `usertype`) VALUES ('ياسمين محمد على احمد التركى', '', 'الخريجين');
INSERT INTO `lk9v6_alumni_main` (`id`, `user_id`, `approved`) VALUES (240353, 240353, 1);
INSERT INTO `lk9v6_alumni_data` (`alumni_id`, `graduation_year`, `fid`, `job`, `address`, `city`, `country`, `phone`, `gid`, `mobile`, `nationalnumber`, `department`, `division`, `with_honor`) VALUES (240353, 2016, '2', '', '', '', '', '', 'جيد', '', '', '', '', '');
INSERT INTO `lk9v6_users` (`name`, `email`, `usertype`) VALUES ('ياسمين يحيى ابراهيم عبد الرحمن رضوان', '', 'الخريجين');
INSERT INTO `lk9v6_alumni_main` (`id`, `user_id`, `approved`) VALUES (240354, 240354, 1);
INSERT INTO `lk9v6_alumni_data` (`alumni_id`, `graduation_year`, `fid`, `job`, `address`, `city`, `country`, `phone`, `gid`, `mobile`, `nationalnumber`, `department`, `division`, `with_honor`) VALUES (240354, 2016, '2', '', '', '', '', '', 'جيد', '', '', '', '', '');
INSERT INTO `lk9v6_users` (`name`, `email`, `usertype`) VALUES ('يحيى هشام عباس حجازى        ', '', 'الخريجين');
INSERT INTO `lk9v6_alumni_main` (`id`, `user_id`, `approved`) VALUES (240355, 240355, 1);
INSERT INTO `lk9v6_alumni_data` (`alumni_id`, `graduation_year`, `fid`, `job`, `address`, `city`, `country`, `phone`, `gid`, `mobile`, `nationalnumber`, `department`, `division`, `with_honor`) VALUES (240355, 2016, '2', '', '', '', '', '', 'جيد', '', '', '', '', '');
INSERT INTO `lk9v6_users` (`name`, `email`, `usertype`) VALUES ('يسرا عبد الرحمن عطيه مبروك', '', 'الخريجين');
INSERT INTO `lk9v6_alumni_main` (`id`, `user_id`, `approved`) VALUES (240356, 240356, 1);
INSERT INTO `lk9v6_alumni_data` (`alumni_id`, `graduation_year`, `fid`, `job`, `address`, `city`, `country`, `phone`, `gid`, `mobile`, `nationalnumber`, `department`, `division`, `with_honor`) VALUES (240356, 2016, '2', '', '', '', '', '', 'جيد', '', '', '', '', '');
INSERT INTO `lk9v6_users` (`name`, `email`, `usertype`) VALUES ('يمنى عبد الحميد عبد العزيز عبد الحميد الخولى', '', 'الخريجين');
INSERT INTO `lk9v6_alumni_main` (`id`, `user_id`, `approved`) VALUES (240357, 240357, 1);
INSERT INTO `lk9v6_alumni_data` (`alumni_id`, `graduation_year`, `fid`, `job`, `address`, `city`, `country`, `phone`, `gid`, `mobile`, `nationalnumber`, `department`, `division`, `with_honor`) VALUES (240357, 2016, '2', '', '', '', '', '', 'جيد', '', '', '', '', '');
INSERT INTO `lk9v6_users` (`name`, `email`, `usertype`) VALUES ('يوستينا سليمان عبد الملك شحاته جرجس', '', 'الخريجين');
INSERT INTO `lk9v6_alumni_main` (`id`, `user_id`, `approved`) VALUES (240358, 240358, 1);
INSERT INTO `lk9v6_alumni_data` (`alumni_id`, `graduation_year`, `fid`, `job`, `address`, `city`, `country`, `phone`, `gid`, `mobile`, `nationalnumber`, `department`, `division`, `with_honor`) VALUES (240358, 2016, '2', '', '', '', '', '', 'جيد', '', '', '', '', '');
INSERT INTO `lk9v6_users` (`name`, `email`, `usertype`) VALUES ('يوستينا عادل زخارى فرج', '', 'الخريجين');
INSERT INTO `lk9v6_alumni_main` (`id`, `user_id`, `approved`) VALUES (240359, 240359, 1);
INSERT INTO `lk9v6_alumni_data` (`alumni_id`, `graduation_year`, `fid`, `job`, `address`, `city`, `country`, `phone`, `gid`, `mobile`, `nationalnumber`, `department`, `division`, `with_honor`) VALUES (240359, 2016, '2', '', '', '', '', '', 'جيد', '', '', '', '', '');
INSERT INTO `lk9v6_users` (`name`, `email`, `usertype`) VALUES ('ابراهيم فاروق ثابت ابراهيم', '', 'الخريجين');
INSERT INTO `lk9v6_alumni_main` (`id`, `user_id`, `approved`) VALUES (240360, 240360, 1);
INSERT INTO `lk9v6_alumni_data` (`alumni_id`, `graduation_year`, `fid`, `job`, `address`, `city`, `country`, `phone`, `gid`, `mobile`, `nationalnumber`, `department`, `division`, `with_honor`) VALUES (240360, 2016, '2', '', '', '', '', '', 'مقبول', '', '', '', '', '');
INSERT INTO `lk9v6_users` (`name`, `email`, `usertype`) VALUES ('احمد السعيد عبد المعبود عبد الجواد العطار', '', 'الخريجين');
INSERT INTO `lk9v6_alumni_main` (`id`, `user_id`, `approved`) VALUES (240361, 240361, 1);
INSERT INTO `lk9v6_alumni_data` (`alumni_id`, `graduation_year`, `fid`, `job`, `address`, `city`, `country`, `phone`, `gid`, `mobile`, `nationalnumber`, `department`, `division`, `with_honor`) VALUES (240361, 2016, '2', '', '', '', '', '', 'مقبول', '', '', '', '', '');
INSERT INTO `lk9v6_users` (`name`, `email`, `usertype`) VALUES ('احمد انور عطيه احمد ماضى', '', 'الخريجين');
INSERT INTO `lk9v6_alumni_main` (`id`, `user_id`, `approved`) VALUES (240362, 240362, 1);
INSERT INTO `lk9v6_alumni_data` (`alumni_id`, `graduation_year`, `fid`, `job`, `address`, `city`, `country`, `phone`, `gid`, `mobile`, `nationalnumber`, `department`, `division`, `with_honor`) VALUES (240362, 2016, '2', '', '', '', '', '', 'مقبول', '', '', '', '', '');
INSERT INTO `lk9v6_users` (`name`, `email`, `usertype`) VALUES ('احمد حسين عوض قبيصى', '', 'الخريجين');
INSERT INTO `lk9v6_alumni_main` (`id`, `user_id`, `approved`) VALUES (240363, 240363, 1);
INSERT INTO `lk9v6_alumni_data` (`alumni_id`, `graduation_year`, `fid`, `job`, `address`, `city`, `country`, `phone`, `gid`, `mobile`, `nationalnumber`, `department`, `division`, `with_honor`) VALUES (240363, 2016, '2', '', '', '', '', '', 'مقبول', '', '', '', '', '');
INSERT INTO `lk9v6_users` (`name`, `email`, `usertype`) VALUES ('احمد صبرى محمد بكر', '', 'الخريجين');
INSERT INTO `lk9v6_alumni_main` (`id`, `user_id`, `approved`) VALUES (240364, 240364, 1);
INSERT INTO `lk9v6_alumni_data` (`alumni_id`, `graduation_year`, `fid`, `job`, `address`, `city`, `country`, `phone`, `gid`, `mobile`, `nationalnumber`, `department`, `division`, `with_honor`) VALUES (240364, 2016, '2', '', '', '', '', '', 'مقبول', '', '', '', '', '');
INSERT INTO `lk9v6_users` (`name`, `email`, `usertype`) VALUES ('احمد ماهر على يوسف قريطم', '', 'الخريجين');
INSERT INTO `lk9v6_alumni_main` (`id`, `user_id`, `approved`) VALUES (240365, 240365, 1);
INSERT INTO `lk9v6_alumni_data` (`alumni_id`, `graduation_year`, `fid`, `job`, `address`, `city`, `country`, `phone`, `gid`, `mobile`, `nationalnumber`, `department`, `division`, `with_honor`) VALUES (240365, 2016, '2', '', '', '', '', '', 'مقبول', '', '', '', '', '');
INSERT INTO `lk9v6_users` (`name`, `email`, `usertype`) VALUES ('احمد محمد حسين الطيار', '', 'الخريجين');
INSERT INTO `lk9v6_alumni_main` (`id`, `user_id`, `approved`) VALUES (240366, 240366, 1);
INSERT INTO `lk9v6_alumni_data` (`alumni_id`, `graduation_year`, `fid`, `job`, `address`, `city`, `country`, `phone`, `gid`, `mobile`, `nationalnumber`, `department`, `division`, `with_honor`) VALUES (240366, 2016, '2', '', '', '', '', '', 'مقبول', '', '', '', '', '');
INSERT INTO `lk9v6_users` (`name`, `email`, `usertype`) VALUES ('احمد محمد على محمد ابو الخير', '', 'الخريجين');
INSERT INTO `lk9v6_alumni_main` (`id`, `user_id`, `approved`) VALUES (240367, 240367, 1);
INSERT INTO `lk9v6_alumni_data` (`alumni_id`, `graduation_year`, `fid`, `job`, `address`, `city`, `country`, `phone`, `gid`, `mobile`, `nationalnumber`, `department`, `division`, `with_honor`) VALUES (240367, 2016, '2', '', '', '', '', '', 'مقبول', '', '', '', '', '');
INSERT INTO `lk9v6_users` (`name`, `email`, `usertype`) VALUES ('احمد هشام احمد محمد عزت', '', 'الخريجين');
INSERT INTO `lk9v6_alumni_main` (`id`, `user_id`, `approved`) VALUES (240368, 240368, 1);
INSERT INTO `lk9v6_alumni_data` (`alumni_id`, `graduation_year`, `fid`, `job`, `address`, `city`, `country`, `phone`, `gid`, `mobile`, `nationalnumber`, `department`, `division`, `with_honor`) VALUES (240368, 2016, '2', '', '', '', '', '', 'مقبول', '', '', '', '', '');
INSERT INTO `lk9v6_users` (`name`, `email`, `usertype`) VALUES ('اسراء على احمد محمد', '', 'الخريجين');
INSERT INTO `lk9v6_alumni_main` (`id`, `user_id`, `approved`) VALUES (240369, 240369, 1);
INSERT INTO `lk9v6_alumni_data` (`alumni_id`, `graduation_year`, `fid`, `job`, `address`, `city`, `country`, `phone`, `gid`, `mobile`, `nationalnumber`, `department`, `division`, `with_honor`) VALUES (240369, 2016, '2', '', '', '', '', '', 'مقبول', '', '', '', '', '');
INSERT INTO `lk9v6_users` (`name`, `email`, `usertype`) VALUES ('اسماء فوزى عنتر عبد الجليل محمد صقر', '', 'الخريجين');
INSERT INTO `lk9v6_alumni_main` (`id`, `user_id`, `approved`) VALUES (240370, 240370, 1);
INSERT INTO `lk9v6_alumni_data` (`alumni_id`, `graduation_year`, `fid`, `job`, `address`, `city`, `country`, `phone`, `gid`, `mobile`, `nationalnumber`, `department`, `division`, `with_honor`) VALUES (240370, 2016, '2', '', '', '', '', '', 'مقبول', '', '', '', '', '');
INSERT INTO `lk9v6_users` (`name`, `email`, `usertype`) VALUES ('اشرقت محمد جوده خلاف ', '', 'الخريجين');
INSERT INTO `lk9v6_alumni_main` (`id`, `user_id`, `approved`) VALUES (240371, 240371, 1);
INSERT INTO `lk9v6_alumni_data` (`alumni_id`, `graduation_year`, `fid`, `job`, `address`, `city`, `country`, `phone`, `gid`, `mobile`, `nationalnumber`, `department`, `division`, `with_honor`) VALUES (240371, 2016, '2', '', '', '', '', '', 'مقبول', '', '', '', '', '');
INSERT INTO `lk9v6_users` (`name`, `email`, `usertype`) VALUES ('الاء حسن السيد محمد كامل', '', 'الخريجين');
INSERT INTO `lk9v6_alumni_main` (`id`, `user_id`, `approved`) VALUES (240372, 240372, 1);
INSERT INTO `lk9v6_alumni_data` (`alumni_id`, `graduation_year`, `fid`, `job`, `address`, `city`, `country`, `phone`, `gid`, `mobile`, `nationalnumber`, `department`, `division`, `with_honor`) VALUES (240372, 2016, '2', '', '', '', '', '', 'مقبول', '', '', '', '', '');
INSERT INTO `lk9v6_users` (`name`, `email`, `usertype`) VALUES ('السيد علاء السيد الدسوقى        ', '', 'الخريجين');
INSERT INTO `lk9v6_alumni_main` (`id`, `user_id`, `approved`) VALUES (240373, 240373, 1);
INSERT INTO `lk9v6_alumni_data` (`alumni_id`, `graduation_year`, `fid`, `job`, `address`, `city`, `country`, `phone`, `gid`, `mobile`, `nationalnumber`, `department`, `division`, `with_honor`) VALUES (240373, 2016, '2', '', '', '', '', '', 'مقبول', '', '', '', '', '');
INSERT INTO `lk9v6_users` (`name`, `email`, `usertype`) VALUES ('امال محمد نجيب محمد عبد الحليم الوشاحى', '', 'الخريجين');
INSERT INTO `lk9v6_alumni_main` (`id`, `user_id`, `approved`) VALUES (240374, 240374, 1);
INSERT INTO `lk9v6_alumni_data` (`alumni_id`, `graduation_year`, `fid`, `job`, `address`, `city`, `country`, `phone`, `gid`, `mobile`, `nationalnumber`, `department`, `division`, `with_honor`) VALUES (240374, 2016, '2', '', '', '', '', '', 'مقبول', '', '', '', '', '');
INSERT INTO `lk9v6_users` (`name`, `email`, `usertype`) VALUES ('امانى ابراهيم ابو الفتوح احمد صالح', '', 'الخريجين');
INSERT INTO `lk9v6_alumni_main` (`id`, `user_id`, `approved`) VALUES (240375, 240375, 1);
INSERT INTO `lk9v6_alumni_data` (`alumni_id`, `graduation_year`, `fid`, `job`, `address`, `city`, `country`, `phone`, `gid`, `mobile`, `nationalnumber`, `department`, `division`, `with_honor`) VALUES (240375, 2016, '2', '', '', '', '', '', 'مقبول', '', '', '', '', '');
INSERT INTO `lk9v6_users` (`name`, `email`, `usertype`) VALUES ('ايناس صلاح الدين عبد الهادى يوسف', '', 'الخريجين');
INSERT INTO `lk9v6_alumni_main` (`id`, `user_id`, `approved`) VALUES (240376, 240376, 1);
INSERT INTO `lk9v6_alumni_data` (`alumni_id`, `graduation_year`, `fid`, `job`, `address`, `city`, `country`, `phone`, `gid`, `mobile`, `nationalnumber`, `department`, `division`, `with_honor`) VALUES (240376, 2016, '2', '', '', '', '', '', 'مقبول', '', '', '', '', '');
INSERT INTO `lk9v6_users` (`name`, `email`, `usertype`) VALUES ('ايه محمود سعد عامر', '', 'الخريجين');
INSERT INTO `lk9v6_alumni_main` (`id`, `user_id`, `approved`) VALUES (240377, 240377, 1);
INSERT INTO `lk9v6_alumni_data` (`alumni_id`, `graduation_year`, `fid`, `job`, `address`, `city`, `country`, `phone`, `gid`, `mobile`, `nationalnumber`, `department`, `division`, `with_honor`) VALUES (240377, 2016, '2', '', '', '', '', '', 'مقبول', '', '', '', '', '');
INSERT INTO `lk9v6_users` (`name`, `email`, `usertype`) VALUES ('بيشوى فوزى ويصا حنا هرمينا', '', 'الخريجين');
INSERT INTO `lk9v6_alumni_main` (`id`, `user_id`, `approved`) VALUES (240378, 240378, 1);
INSERT INTO `lk9v6_alumni_data` (`alumni_id`, `graduation_year`, `fid`, `job`, `address`, `city`, `country`, `phone`, `gid`, `mobile`, `nationalnumber`, `department`, `division`, `with_honor`) VALUES (240378, 2016, '2', '', '', '', '', '', 'مقبول', '', '', '', '', '');
INSERT INTO `lk9v6_users` (`name`, `email`, `usertype`) VALUES ('جمال عبد الناصر عبيد ابو طه ', '', 'الخريجين');
INSERT INTO `lk9v6_alumni_main` (`id`, `user_id`, `approved`) VALUES (240379, 240379, 1);
INSERT INTO `lk9v6_alumni_data` (`alumni_id`, `graduation_year`, `fid`, `job`, `address`, `city`, `country`, `phone`, `gid`, `mobile`, `nationalnumber`, `department`, `division`, `with_honor`) VALUES (240379, 2016, '2', '', '', '', '', '', 'مقبول', '', '', '', '', '');
INSERT INTO `lk9v6_users` (`name`, `email`, `usertype`) VALUES ('حسام الدين سمير عطا الله اسماعيل مبارك', '', 'الخريجين');
INSERT INTO `lk9v6_alumni_main` (`id`, `user_id`, `approved`) VALUES (240380, 240380, 1);
INSERT INTO `lk9v6_alumni_data` (`alumni_id`, `graduation_year`, `fid`, `job`, `address`, `city`, `country`, `phone`, `gid`, `mobile`, `nationalnumber`, `department`, `division`, `with_honor`) VALUES (240380, 2016, '2', '', '', '', '', '', 'مقبول', '', '', '', '', '');
INSERT INTO `lk9v6_users` (`name`, `email`, `usertype`) VALUES ('حسام حسن رمضان الشنوانى', '', 'الخريجين');
INSERT INTO `lk9v6_alumni_main` (`id`, `user_id`, `approved`) VALUES (240381, 240381, 1);
INSERT INTO `lk9v6_alumni_data` (`alumni_id`, `graduation_year`, `fid`, `job`, `address`, `city`, `country`, `phone`, `gid`, `mobile`, `nationalnumber`, `department`, `division`, `with_honor`) VALUES (240381, 2016, '2', '', '', '', '', '', 'مقبول', '', '', '', '', '');
INSERT INTO `lk9v6_users` (`name`, `email`, `usertype`) VALUES ('حسن جابر حسن رزق متولى', '', 'الخريجين');
INSERT INTO `lk9v6_alumni_main` (`id`, `user_id`, `approved`) VALUES (240382, 240382, 1);
INSERT INTO `lk9v6_alumni_data` (`alumni_id`, `graduation_year`, `fid`, `job`, `address`, `city`, `country`, `phone`, `gid`, `mobile`, `nationalnumber`, `department`, `division`, `with_honor`) VALUES (240382, 2016, '2', '', '', '', '', '', 'مقبول', '', '', '', '', '');
INSERT INTO `lk9v6_users` (`name`, `email`, `usertype`) VALUES ('رحاب حسام الدين السيد محمد البشلاوى ', '', 'الخريجين');
INSERT INTO `lk9v6_alumni_main` (`id`, `user_id`, `approved`) VALUES (240383, 240383, 1);
INSERT INTO `lk9v6_alumni_data` (`alumni_id`, `graduation_year`, `fid`, `job`, `address`, `city`, `country`, `phone`, `gid`, `mobile`, `nationalnumber`, `department`, `division`, `with_honor`) VALUES (240383, 2016, '2', '', '', '', '', '', 'مقبول', '', '', '', '', '');
INSERT INTO `lk9v6_users` (`name`, `email`, `usertype`) VALUES ('رحمه عادل محمد احمد الشرنوبى', '', 'الخريجين');
INSERT INTO `lk9v6_alumni_main` (`id`, `user_id`, `approved`) VALUES (240384, 240384, 1);
INSERT INTO `lk9v6_alumni_data` (`alumni_id`, `graduation_year`, `fid`, `job`, `address`, `city`, `country`, `phone`, `gid`, `mobile`, `nationalnumber`, `department`, `division`, `with_honor`) VALUES (240384, 2016, '2', '', '', '', '', '', 'مقبول', '', '', '', '', '');
INSERT INTO `lk9v6_users` (`name`, `email`, `usertype`) VALUES ('رنا ايهاب محمد حسن نوار', '', 'الخريجين');
INSERT INTO `lk9v6_alumni_main` (`id`, `user_id`, `approved`) VALUES (240385, 240385, 1);
INSERT INTO `lk9v6_alumni_data` (`alumni_id`, `graduation_year`, `fid`, `job`, `address`, `city`, `country`, `phone`, `gid`, `mobile`, `nationalnumber`, `department`, `division`, `with_honor`) VALUES (240385, 2016, '2', '', '', '', '', '', 'مقبول', '', '', '', '', '');
INSERT INTO `lk9v6_users` (`name`, `email`, `usertype`) VALUES ('رنا بركات متولى بركات محمد', '', 'الخريجين');
INSERT INTO `lk9v6_alumni_main` (`id`, `user_id`, `approved`) VALUES (240386, 240386, 1);
INSERT INTO `lk9v6_alumni_data` (`alumni_id`, `graduation_year`, `fid`, `job`, `address`, `city`, `country`, `phone`, `gid`, `mobile`, `nationalnumber`, `department`, `division`, `with_honor`) VALUES (240386, 2016, '2', '', '', '', '', '', 'مقبول', '', '', '', '', '');
INSERT INTO `lk9v6_users` (`name`, `email`, `usertype`) VALUES ('سالم شوقى عبد المنعم رمضان السرسى', '', 'الخريجين');
INSERT INTO `lk9v6_alumni_main` (`id`, `user_id`, `approved`) VALUES (240387, 240387, 1);
INSERT INTO `lk9v6_alumni_data` (`alumni_id`, `graduation_year`, `fid`, `job`, `address`, `city`, `country`, `phone`, `gid`, `mobile`, `nationalnumber`, `department`, `division`, `with_honor`) VALUES (240387, 2016, '2', '', '', '', '', '', 'مقبول', '', '', '', '', '');
INSERT INTO `lk9v6_users` (`name`, `email`, `usertype`) VALUES ('سعاد عادل عبد الرحمن حرحش ', '', 'الخريجين');
INSERT INTO `lk9v6_alumni_main` (`id`, `user_id`, `approved`) VALUES (240388, 240388, 1);
INSERT INTO `lk9v6_alumni_data` (`alumni_id`, `graduation_year`, `fid`, `job`, `address`, `city`, `country`, `phone`, `gid`, `mobile`, `nationalnumber`, `department`, `division`, `with_honor`) VALUES (240388, 2016, '2', '', '', '', '', '', 'مقبول', '', '', '', '', '');
INSERT INTO `lk9v6_users` (`name`, `email`, `usertype`) VALUES ('سعد ابراهيم سعد يوسف', '', 'الخريجين');
INSERT INTO `lk9v6_alumni_main` (`id`, `user_id`, `approved`) VALUES (240389, 240389, 1);
INSERT INTO `lk9v6_alumni_data` (`alumni_id`, `graduation_year`, `fid`, `job`, `address`, `city`, `country`, `phone`, `gid`, `mobile`, `nationalnumber`, `department`, `division`, `with_honor`) VALUES (240389, 2016, '2', '', '', '', '', '', 'مقبول', '', '', '', '', '');
INSERT INTO `lk9v6_users` (`name`, `email`, `usertype`) VALUES ('سميره محمود احمد الابيارى', '', 'الخريجين');
INSERT INTO `lk9v6_alumni_main` (`id`, `user_id`, `approved`) VALUES (240390, 240390, 1);
INSERT INTO `lk9v6_alumni_data` (`alumni_id`, `graduation_year`, `fid`, `job`, `address`, `city`, `country`, `phone`, `gid`, `mobile`, `nationalnumber`, `department`, `division`, `with_honor`) VALUES (240390, 2016, '2', '', '', '', '', '', 'مقبول', '', '', '', '', '');
INSERT INTO `lk9v6_users` (`name`, `email`, `usertype`) VALUES ('شيماء محمد محمود الاسود', '', 'الخريجين');
INSERT INTO `lk9v6_alumni_main` (`id`, `user_id`, `approved`) VALUES (240391, 240391, 1);
INSERT INTO `lk9v6_alumni_data` (`alumni_id`, `graduation_year`, `fid`, `job`, `address`, `city`, `country`, `phone`, `gid`, `mobile`, `nationalnumber`, `department`, `division`, `with_honor`) VALUES (240391, 2016, '2', '', '', '', '', '', 'مقبول', '', '', '', '', '');
INSERT INTO `lk9v6_users` (`name`, `email`, `usertype`) VALUES ('شيماء محمود خليفة محمد هيبه', '', 'الخريجين');
INSERT INTO `lk9v6_alumni_main` (`id`, `user_id`, `approved`) VALUES (240392, 240392, 1);
INSERT INTO `lk9v6_alumni_data` (`alumni_id`, `graduation_year`, `fid`, `job`, `address`, `city`, `country`, `phone`, `gid`, `mobile`, `nationalnumber`, `department`, `division`, `with_honor`) VALUES (240392, 2016, '2', '', '', '', '', '', 'مقبول', '', '', '', '', '');
INSERT INTO `lk9v6_users` (`name`, `email`, `usertype`) VALUES ('صفاء صبرى محمود زكي محمد ', '', 'الخريجين');
INSERT INTO `lk9v6_alumni_main` (`id`, `user_id`, `approved`) VALUES (240393, 240393, 1);
INSERT INTO `lk9v6_alumni_data` (`alumni_id`, `graduation_year`, `fid`, `job`, `address`, `city`, `country`, `phone`, `gid`, `mobile`, `nationalnumber`, `department`, `division`, `with_honor`) VALUES (240393, 2016, '2', '', '', '', '', '', 'مقبول', '', '', '', '', '');
INSERT INTO `lk9v6_users` (`name`, `email`, `usertype`) VALUES ('صفيه احمد محمد عبد العظيم حجازى ', '', 'الخريجين');
INSERT INTO `lk9v6_alumni_main` (`id`, `user_id`, `approved`) VALUES (240394, 240394, 1);
INSERT INTO `lk9v6_alumni_data` (`alumni_id`, `graduation_year`, `fid`, `job`, `address`, `city`, `country`, `phone`, `gid`, `mobile`, `nationalnumber`, `department`, `division`, `with_honor`) VALUES (240394, 2016, '2', '', '', '', '', '', 'مقبول', '', '', '', '', '');
INSERT INTO `lk9v6_users` (`name`, `email`, `usertype`) VALUES ('علاء الدين خلف حافظ عبد الكريم احمد ', '', 'الخريجين');
INSERT INTO `lk9v6_alumni_main` (`id`, `user_id`, `approved`) VALUES (240395, 240395, 1);
INSERT INTO `lk9v6_alumni_data` (`alumni_id`, `graduation_year`, `fid`, `job`, `address`, `city`, `country`, `phone`, `gid`, `mobile`, `nationalnumber`, `department`, `division`, `with_honor`) VALUES (240395, 2016, '2', '', '', '', '', '', 'مقبول', '', '', '', '', '');
INSERT INTO `lk9v6_users` (`name`, `email`, `usertype`) VALUES ('عماد نصر محمود يعقوب', '', 'الخريجين');
INSERT INTO `lk9v6_alumni_main` (`id`, `user_id`, `approved`) VALUES (240396, 240396, 1);
INSERT INTO `lk9v6_alumni_data` (`alumni_id`, `graduation_year`, `fid`, `job`, `address`, `city`, `country`, `phone`, `gid`, `mobile`, `nationalnumber`, `department`, `division`, `with_honor`) VALUES (240396, 2016, '2', '', '', '', '', '', 'مقبول', '', '', '', '', '');
INSERT INTO `lk9v6_users` (`name`, `email`, `usertype`) VALUES ('فاطمه عبد الله عبد الفتاح مصطفى ادم', '', 'الخريجين');
INSERT INTO `lk9v6_alumni_main` (`id`, `user_id`, `approved`) VALUES (240397, 240397, 1);
INSERT INTO `lk9v6_alumni_data` (`alumni_id`, `graduation_year`, `fid`, `job`, `address`, `city`, `country`, `phone`, `gid`, `mobile`, `nationalnumber`, `department`, `division`, `with_honor`) VALUES (240397, 2016, '2', '', '', '', '', '', 'مقبول', '', '', '', '', '');
INSERT INTO `lk9v6_users` (`name`, `email`, `usertype`) VALUES ('ماجد نادر فهمى ميخائيل ', '', 'الخريجين');
INSERT INTO `lk9v6_alumni_main` (`id`, `user_id`, `approved`) VALUES (240398, 240398, 1);
INSERT INTO `lk9v6_alumni_data` (`alumni_id`, `graduation_year`, `fid`, `job`, `address`, `city`, `country`, `phone`, `gid`, `mobile`, `nationalnumber`, `department`, `division`, `with_honor`) VALUES (240398, 2016, '2', '', '', '', '', '', 'مقبول', '', '', '', '', '');
INSERT INTO `lk9v6_users` (`name`, `email`, `usertype`) VALUES ('محمد ابراهيم بدير طه رشوان       ', '', 'الخريجين');
INSERT INTO `lk9v6_alumni_main` (`id`, `user_id`, `approved`) VALUES (240399, 240399, 1);
INSERT INTO `lk9v6_alumni_data` (`alumni_id`, `graduation_year`, `fid`, `job`, `address`, `city`, `country`, `phone`, `gid`, `mobile`, `nationalnumber`, `department`, `division`, `with_honor`) VALUES (240399, 2016, '2', '', '', '', '', '', 'مقبول', '', '', '', '', '');
INSERT INTO `lk9v6_users` (`name`, `email`, `usertype`) VALUES ('محمد ابراهيم عبده شرقاوى', '', 'الخريجين');
INSERT INTO `lk9v6_alumni_main` (`id`, `user_id`, `approved`) VALUES (240400, 240400, 1);
INSERT INTO `lk9v6_alumni_data` (`alumni_id`, `graduation_year`, `fid`, `job`, `address`, `city`, `country`, `phone`, `gid`, `mobile`, `nationalnumber`, `department`, `division`, `with_honor`) VALUES (240400, 2016, '2', '', '', '', '', '', 'مقبول', '', '', '', '', '');
INSERT INTO `lk9v6_users` (`name`, `email`, `usertype`) VALUES ('محمد احمد عبد السلام احمد عكاشه', '', 'الخريجين');
INSERT INTO `lk9v6_alumni_main` (`id`, `user_id`, `approved`) VALUES (240401, 240401, 1);
INSERT INTO `lk9v6_alumni_data` (`alumni_id`, `graduation_year`, `fid`, `job`, `address`, `city`, `country`, `phone`, `gid`, `mobile`, `nationalnumber`, `department`, `division`, `with_honor`) VALUES (240401, 2016, '2', '', '', '', '', '', 'مقبول', '', '', '', '', '');
INSERT INTO `lk9v6_users` (`name`, `email`, `usertype`) VALUES ('محمد الشحات اسماعيل احمد', '', 'الخريجين');
INSERT INTO `lk9v6_alumni_main` (`id`, `user_id`, `approved`) VALUES (240402, 240402, 1);
INSERT INTO `lk9v6_alumni_data` (`alumni_id`, `graduation_year`, `fid`, `job`, `address`, `city`, `country`, `phone`, `gid`, `mobile`, `nationalnumber`, `department`, `division`, `with_honor`) VALUES (240402, 2016, '2', '', '', '', '', '', 'مقبول', '', '', '', '', '');
INSERT INTO `lk9v6_users` (`name`, `email`, `usertype`) VALUES ('محمد على ظريف سنهورى', '', 'الخريجين');
INSERT INTO `lk9v6_alumni_main` (`id`, `user_id`, `approved`) VALUES (240403, 240403, 1);
INSERT INTO `lk9v6_alumni_data` (`alumni_id`, `graduation_year`, `fid`, `job`, `address`, `city`, `country`, `phone`, `gid`, `mobile`, `nationalnumber`, `department`, `division`, `with_honor`) VALUES (240403, 2016, '2', '', '', '', '', '', 'مقبول', '', '', '', '', '');
INSERT INTO `lk9v6_users` (`name`, `email`, `usertype`) VALUES ('محمد كمال سعد عطية رمضان', '', 'الخريجين');
INSERT INTO `lk9v6_alumni_main` (`id`, `user_id`, `approved`) VALUES (240404, 240404, 1);
INSERT INTO `lk9v6_alumni_data` (`alumni_id`, `graduation_year`, `fid`, `job`, `address`, `city`, `country`, `phone`, `gid`, `mobile`, `nationalnumber`, `department`, `division`, `with_honor`) VALUES (240404, 2016, '2', '', '', '', '', '', 'مقبول', '', '', '', '', '');
INSERT INTO `lk9v6_users` (`name`, `email`, `usertype`) VALUES ('محمد محمود سعد سلام', '', 'الخريجين');
INSERT INTO `lk9v6_alumni_main` (`id`, `user_id`, `approved`) VALUES (240405, 240405, 1);
INSERT INTO `lk9v6_alumni_data` (`alumni_id`, `graduation_year`, `fid`, `job`, `address`, `city`, `country`, `phone`, `gid`, `mobile`, `nationalnumber`, `department`, `division`, `with_honor`) VALUES (240405, 2016, '2', '', '', '', '', '', 'مقبول', '', '', '', '', '');
INSERT INTO `lk9v6_users` (`name`, `email`, `usertype`) VALUES ('مصطفى حسن حسين السيد احمد', '', 'الخريجين');
INSERT INTO `lk9v6_alumni_main` (`id`, `user_id`, `approved`) VALUES (240406, 240406, 1);
INSERT INTO `lk9v6_alumni_data` (`alumni_id`, `graduation_year`, `fid`, `job`, `address`, `city`, `country`, `phone`, `gid`, `mobile`, `nationalnumber`, `department`, `division`, `with_honor`) VALUES (240406, 2016, '2', '', '', '', '', '', 'مقبول', '', '', '', '', '');
INSERT INTO `lk9v6_users` (`name`, `email`, `usertype`) VALUES ('مصطفى محمود شعبان محمد حجاج ', '', 'الخريجين');
INSERT INTO `lk9v6_alumni_main` (`id`, `user_id`, `approved`) VALUES (240407, 240407, 1);
INSERT INTO `lk9v6_alumni_data` (`alumni_id`, `graduation_year`, `fid`, `job`, `address`, `city`, `country`, `phone`, `gid`, `mobile`, `nationalnumber`, `department`, `division`, `with_honor`) VALUES (240407, 2016, '2', '', '', '', '', '', 'مقبول', '', '', '', '', '');
INSERT INTO `lk9v6_users` (`name`, `email`, `usertype`) VALUES ('مصطفى ياسر احمد احمد نعينع ', '', 'الخريجين');
INSERT INTO `lk9v6_alumni_main` (`id`, `user_id`, `approved`) VALUES (240408, 240408, 1);
INSERT INTO `lk9v6_alumni_data` (`alumni_id`, `graduation_year`, `fid`, `job`, `address`, `city`, `country`, `phone`, `gid`, `mobile`, `nationalnumber`, `department`, `division`, `with_honor`) VALUES (240408, 2016, '2', '', '', '', '', '', 'مقبول', '', '', '', '', '');
INSERT INTO `lk9v6_users` (`name`, `email`, `usertype`) VALUES ('معاذ محمد يسرى محمد محمد على', '', 'الخريجين');
INSERT INTO `lk9v6_alumni_main` (`id`, `user_id`, `approved`) VALUES (240409, 240409, 1);
INSERT INTO `lk9v6_alumni_data` (`alumni_id`, `graduation_year`, `fid`, `job`, `address`, `city`, `country`, `phone`, `gid`, `mobile`, `nationalnumber`, `department`, `division`, `with_honor`) VALUES (240409, 2016, '2', '', '', '', '', '', 'مقبول', '', '', '', '', '');
INSERT INTO `lk9v6_users` (`name`, `email`, `usertype`) VALUES ('منى عادل رشاد محمد ابو العمايم ', '', 'الخريجين');
INSERT INTO `lk9v6_alumni_main` (`id`, `user_id`, `approved`) VALUES (240410, 240410, 1);
INSERT INTO `lk9v6_alumni_data` (`alumni_id`, `graduation_year`, `fid`, `job`, `address`, `city`, `country`, `phone`, `gid`, `mobile`, `nationalnumber`, `department`, `division`, `with_honor`) VALUES (240410, 2016, '2', '', '', '', '', '', 'مقبول', '', '', '', '', '');
INSERT INTO `lk9v6_users` (`name`, `email`, `usertype`) VALUES ('ندى محمود فوزى بقنينه ', '', 'الخريجين');
INSERT INTO `lk9v6_alumni_main` (`id`, `user_id`, `approved`) VALUES (240411, 240411, 1);
INSERT INTO `lk9v6_alumni_data` (`alumni_id`, `graduation_year`, `fid`, `job`, `address`, `city`, `country`, `phone`, `gid`, `mobile`, `nationalnumber`, `department`, `division`, `with_honor`) VALUES (240411, 2016, '2', '', '', '', '', '', 'مقبول', '', '', '', '', '');
INSERT INTO `lk9v6_users` (`name`, `email`, `usertype`) VALUES ('ندى مسعد عبد الرازق محمد سليمان', '', 'الخريجين');
INSERT INTO `lk9v6_alumni_main` (`id`, `user_id`, `approved`) VALUES (240412, 240412, 1);
INSERT INTO `lk9v6_alumni_data` (`alumni_id`, `graduation_year`, `fid`, `job`, `address`, `city`, `country`, `phone`, `gid`, `mobile`, `nationalnumber`, `department`, `division`, `with_honor`) VALUES (240412, 2016, '2', '', '', '', '', '', 'مقبول', '', '', '', '', '');
INSERT INTO `lk9v6_users` (`name`, `email`, `usertype`) VALUES ('نيرمين ابراهيم محمد رضا ', '', 'الخريجين');
INSERT INTO `lk9v6_alumni_main` (`id`, `user_id`, `approved`) VALUES (240413, 240413, 1);
INSERT INTO `lk9v6_alumni_data` (`alumni_id`, `graduation_year`, `fid`, `job`, `address`, `city`, `country`, `phone`, `gid`, `mobile`, `nationalnumber`, `department`, `division`, `with_honor`) VALUES (240413, 2016, '2', '', '', '', '', '', 'مقبول', '', '', '', '', '');
INSERT INTO `lk9v6_users` (`name`, `email`, `usertype`) VALUES ('نرمين عبد المنصف السيد حسن ', '', 'الخريجين');
INSERT INTO `lk9v6_alumni_main` (`id`, `user_id`, `approved`) VALUES (240414, 240414, 1);
INSERT INTO `lk9v6_alumni_data` (`alumni_id`, `graduation_year`, `fid`, `job`, `address`, `city`, `country`, `phone`, `gid`, `mobile`, `nationalnumber`, `department`, `division`, `with_honor`) VALUES (240414, 2016, '2', '', '', '', '', '', 'مقبول', '', '', '', '', '');
INSERT INTO `lk9v6_users` (`name`, `email`, `usertype`) VALUES ('نسمه محمد على متولى', '', 'الخريجين');
INSERT INTO `lk9v6_alumni_main` (`id`, `user_id`, `approved`) VALUES (240415, 240415, 1);
INSERT INTO `lk9v6_alumni_data` (`alumni_id`, `graduation_year`, `fid`, `job`, `address`, `city`, `country`, `phone`, `gid`, `mobile`, `nationalnumber`, `department`, `division`, `with_honor`) VALUES (240415, 2016, '2', '', '', '', '', '', 'مقبول', '', '', '', '', '');
INSERT INTO `lk9v6_users` (`name`, `email`, `usertype`) VALUES ('نهى حمدى حامد عبد القادر', '', 'الخريجين');
INSERT INTO `lk9v6_alumni_main` (`id`, `user_id`, `approved`) VALUES (240416, 240416, 1);
INSERT INTO `lk9v6_alumni_data` (`alumni_id`, `graduation_year`, `fid`, `job`, `address`, `city`, `country`, `phone`, `gid`, `mobile`, `nationalnumber`, `department`, `division`, `with_honor`) VALUES (240416, 2016, '2', '', '', '', '', '', 'مقبول', '', '', '', '', '');
INSERT INTO `lk9v6_users` (`name`, `email`, `usertype`) VALUES ('نيفين جمال الدين محمد عبد السلام شراقى', '', 'الخريجين');
INSERT INTO `lk9v6_alumni_main` (`id`, `user_id`, `approved`) VALUES (240417, 240417, 1);
INSERT INTO `lk9v6_alumni_data` (`alumni_id`, `graduation_year`, `fid`, `job`, `address`, `city`, `country`, `phone`, `gid`, `mobile`, `nationalnumber`, `department`, `division`, `with_honor`) VALUES (240417, 2016, '2', '', '', '', '', '', 'مقبول', '', '', '', '', '');
INSERT INTO `lk9v6_users` (`name`, `email`, `usertype`) VALUES ('هبه عبد الله قاسم عمر ', '', 'الخريجين');
INSERT INTO `lk9v6_alumni_main` (`id`, `user_id`, `approved`) VALUES (240418, 240418, 1);
INSERT INTO `lk9v6_alumni_data` (`alumni_id`, `graduation_year`, `fid`, `job`, `address`, `city`, `country`, `phone`, `gid`, `mobile`, `nationalnumber`, `department`, `division`, `with_honor`) VALUES (240418, 2016, '2', '', '', '', '', '', 'مقبول', '', '', '', '', '');
INSERT INTO `lk9v6_users` (`name`, `email`, `usertype`) VALUES ('هشام عماد محمد مصطفى الغندور    ', '', 'الخريجين');
INSERT INTO `lk9v6_alumni_main` (`id`, `user_id`, `approved`) VALUES (240419, 240419, 1);
INSERT INTO `lk9v6_alumni_data` (`alumni_id`, `graduation_year`, `fid`, `job`, `address`, `city`, `country`, `phone`, `gid`, `mobile`, `nationalnumber`, `department`, `division`, `with_honor`) VALUES (240419, 2016, '2', '', '', '', '', '', 'مقبول', '', '', '', '', '');
INSERT INTO `lk9v6_users` (`name`, `email`, `usertype`) VALUES ('همت مصطفى حسن الشنوانى ', '', 'الخريجين');
INSERT INTO `lk9v6_alumni_main` (`id`, `user_id`, `approved`) VALUES (240420, 240420, 1);
INSERT INTO `lk9v6_alumni_data` (`alumni_id`, `graduation_year`, `fid`, `job`, `address`, `city`, `country`, `phone`, `gid`, `mobile`, `nationalnumber`, `department`, `division`, `with_honor`) VALUES (240420, 2016, '2', '', '', '', '', '', 'مقبول', '', '', '', '', '');
INSERT INTO `lk9v6_users` (`name`, `email`, `usertype`) VALUES ('هنيه محمد سليم محمد ابو زيد ', '', 'الخريجين');
INSERT INTO `lk9v6_alumni_main` (`id`, `user_id`, `approved`) VALUES (240421, 240421, 1);
INSERT INTO `lk9v6_alumni_data` (`alumni_id`, `graduation_year`, `fid`, `job`, `address`, `city`, `country`, `phone`, `gid`, `mobile`, `nationalnumber`, `department`, `division`, `with_honor`) VALUES (240421, 2016, '2', '', '', '', '', '', 'مقبول', '', '', '', '', '');
INSERT INTO `lk9v6_users` (`name`, `email`, `usertype`) VALUES ('وفاء محمد حامد على نعام  ', '', 'الخريجين');
INSERT INTO `lk9v6_alumni_main` (`id`, `user_id`, `approved`) VALUES (240422, 240422, 1);
INSERT INTO `lk9v6_alumni_data` (`alumni_id`, `graduation_year`, `fid`, `job`, `address`, `city`, `country`, `phone`, `gid`, `mobile`, `nationalnumber`, `department`, `division`, `with_honor`) VALUES (240422, 2016, '2', '', '', '', '', '', 'مقبول', '', '', '', '', '');
INSERT INTO `lk9v6_users` (`name`, `email`, `usertype`) VALUES ('يارا السيد مسعود السيد احمد الصغير  ', '', 'الخريجين');
INSERT INTO `lk9v6_alumni_main` (`id`, `user_id`, `approved`) VALUES (240423, 240423, 1);
INSERT INTO `lk9v6_alumni_data` (`alumni_id`, `graduation_year`, `fid`, `job`, `address`, `city`, `country`, `phone`, `gid`, `mobile`, `nationalnumber`, `department`, `division`, `with_honor`) VALUES (240423, 2016, '2', '', '', '', '', '', 'مقبول', '', '', '', '', '');
INSERT INTO `lk9v6_users` (`name`, `email`, `usertype`) VALUES ('احمد يحيى محمد كمال خليل           ', '', 'الخريجين');
INSERT INTO `lk9v6_alumni_main` (`id`, `user_id`, `approved`) VALUES (240424, 240424, 1);
INSERT INTO `lk9v6_alumni_data` (`alumni_id`, `graduation_year`, `fid`, `job`, `address`, `city`, `country`, `phone`, `gid`, `mobile`, `nationalnumber`, `department`, `division`, `with_honor`) VALUES (240424, 2016, '2', '', '', '', '', '', 'مقبول', '', '', '', '', '');
INSERT INTO `lk9v6_users` (`name`, `email`, `usertype`) VALUES ('انجى نصر الفاضلى ابو ريشه        ', '', 'الخريجين');
INSERT INTO `lk9v6_alumni_main` (`id`, `user_id`, `approved`) VALUES (240425, 240425, 1);
INSERT INTO `lk9v6_alumni_data` (`alumni_id`, `graduation_year`, `fid`, `job`, `address`, `city`, `country`, `phone`, `gid`, `mobile`, `nationalnumber`, `department`, `division`, `with_honor`) VALUES (240425, 2016, '2', '', '', '', '', '', 'مقبول', '', '', '', '', '');
INSERT INTO `lk9v6_users` (`name`, `email`, `usertype`) VALUES ('سلمى عبد العزيز فاروق عبد العزيز مصطفى', '', 'الخريجين');
INSERT INTO `lk9v6_alumni_main` (`id`, `user_id`, `approved`) VALUES (240426, 240426, 1);
INSERT INTO `lk9v6_alumni_data` (`alumni_id`, `graduation_year`, `fid`, `job`, `address`, `city`, `country`, `phone`, `gid`, `mobile`, `nationalnumber`, `department`, `division`, `with_honor`) VALUES (240426, 2016, '2', '', '', '', '', '', 'مقبول', '', '', '', '', '');
INSERT INTO `lk9v6_users` (`name`, `email`, `usertype`) VALUES ('شاهنده شعبان مصطفى شعبان      ', '', 'الخريجين');
INSERT INTO `lk9v6_alumni_main` (`id`, `user_id`, `approved`) VALUES (240427, 240427, 1);
INSERT INTO `lk9v6_alumni_data` (`alumni_id`, `graduation_year`, `fid`, `job`, `address`, `city`, `country`, `phone`, `gid`, `mobile`, `nationalnumber`, `department`, `division`, `with_honor`) VALUES (240427, 2016, '2', '', '', '', '', '', 'مقبول', '', '', '', '', '');
INSERT INTO `lk9v6_users` (`name`, `email`, `usertype`) VALUES ('نسمه محمد فؤاد محمود            ', '', 'الخريجين');
INSERT INTO `lk9v6_alumni_main` (`id`, `user_id`, `approved`) VALUES (240428, 240428, 1);
INSERT INTO `lk9v6_alumni_data` (`alumni_id`, `graduation_year`, `fid`, `job`, `address`, `city`, `country`, `phone`, `gid`, `mobile`, `nationalnumber`, `department`, `division`, `with_honor`) VALUES (240428, 2016, '2', '', '', '', '', '', 'مقبول', '', '', '', '', '');
INSERT INTO `lk9v6_users` (`name`, `email`, `usertype`) VALUES ('حسن السيد محمد عبد العال على', '', 'الخريجين');
INSERT INTO `lk9v6_alumni_main` (`id`, `user_id`, `approved`) VALUES (240429, 240429, 1);
INSERT INTO `lk9v6_alumni_data` (`alumni_id`, `graduation_year`, `fid`, `job`, `address`, `city`, `country`, `phone`, `gid`, `mobile`, `nationalnumber`, `department`, `division`, `with_honor`) VALUES (240429, 2016, '2', '', '', '', '', '', 'مقبول', '', '', '', '', '');
INSERT INTO `lk9v6_users` (`name`, `email`, `usertype`) VALUES ('ابراهيم احمد مرشدى احمد المليجى ', '', 'الخريجين');
INSERT INTO `lk9v6_alumni_main` (`id`, `user_id`, `approved`) VALUES (240430, 240430, 1);
INSERT INTO `lk9v6_alumni_data` (`alumni_id`, `graduation_year`, `fid`, `job`, `address`, `city`, `country`, `phone`, `gid`, `mobile`, `nationalnumber`, `department`, `division`, `with_honor`) VALUES (240430, 2016, '2', '', '', '', '', '', 'جيد جدا', '', '', '', '', '');
INSERT INTO `lk9v6_users` (`name`, `email`, `usertype`) VALUES ('ابراهيم سلامه محمود عوض الله', '', 'الخريجين');
INSERT INTO `lk9v6_alumni_main` (`id`, `user_id`, `approved`) VALUES (240431, 240431, 1);
INSERT INTO `lk9v6_alumni_data` (`alumni_id`, `graduation_year`, `fid`, `job`, `address`, `city`, `country`, `phone`, `gid`, `mobile`, `nationalnumber`, `department`, `division`, `with_honor`) VALUES (240431, 2016, '2', '', '', '', '', '', 'جيد جدا', '', '', '', '', '');
INSERT INTO `lk9v6_users` (`name`, `email`, `usertype`) VALUES ('ابراهيم فؤاد عبد الله احمد ', '', 'الخريجين');
INSERT INTO `lk9v6_alumni_main` (`id`, `user_id`, `approved`) VALUES (240432, 240432, 1);
INSERT INTO `lk9v6_alumni_data` (`alumni_id`, `graduation_year`, `fid`, `job`, `address`, `city`, `country`, `phone`, `gid`, `mobile`, `nationalnumber`, `department`, `division`, `with_honor`) VALUES (240432, 2016, '2', '', '', '', '', '', 'جيد جدا', '', '', '', '', '');
INSERT INTO `lk9v6_users` (`name`, `email`, `usertype`) VALUES ('احلام محمد حامد اسماعيل عبده', '', 'الخريجين');
INSERT INTO `lk9v6_alumni_main` (`id`, `user_id`, `approved`) VALUES (240433, 240433, 1);
INSERT INTO `lk9v6_alumni_data` (`alumni_id`, `graduation_year`, `fid`, `job`, `address`, `city`, `country`, `phone`, `gid`, `mobile`, `nationalnumber`, `department`, `division`, `with_honor`) VALUES (240433, 2016, '2', '', '', '', '', '', 'جيد جدا', '', '', '', '', '');
INSERT INTO `lk9v6_users` (`name`, `email`, `usertype`) VALUES ('احمد اشرف عبد الوحد خطاب', '', 'الخريجين');
INSERT INTO `lk9v6_alumni_main` (`id`, `user_id`, `approved`) VALUES (240434, 240434, 1);
INSERT INTO `lk9v6_alumni_data` (`alumni_id`, `graduation_year`, `fid`, `job`, `address`, `city`, `country`, `phone`, `gid`, `mobile`, `nationalnumber`, `department`, `division`, `with_honor`) VALUES (240434, 2016, '2', '', '', '', '', '', 'جيد جدا', '', '', '', '', '');
INSERT INTO `lk9v6_users` (`name`, `email`, `usertype`) VALUES ('احمد العشرى محمد بلال', '', 'الخريجين');
INSERT INTO `lk9v6_alumni_main` (`id`, `user_id`, `approved`) VALUES (240435, 240435, 1);
INSERT INTO `lk9v6_alumni_data` (`alumni_id`, `graduation_year`, `fid`, `job`, `address`, `city`, `country`, `phone`, `gid`, `mobile`, `nationalnumber`, `department`, `division`, `with_honor`) VALUES (240435, 2016, '2', '', '', '', '', '', 'جيد جدا', '', '', '', '', '');
INSERT INTO `lk9v6_users` (`name`, `email`, `usertype`) VALUES ('احمد بدر سعد زغلول محمد على', '', 'الخريجين');
INSERT INTO `lk9v6_alumni_main` (`id`, `user_id`, `approved`) VALUES (240436, 240436, 1);
INSERT INTO `lk9v6_alumni_data` (`alumni_id`, `graduation_year`, `fid`, `job`, `address`, `city`, `country`, `phone`, `gid`, `mobile`, `nationalnumber`, `department`, `division`, `with_honor`) VALUES (240436, 2016, '2', '', '', '', '', '', 'جيد جدا', '', '', '', '', '');
INSERT INTO `lk9v6_users` (`name`, `email`, `usertype`) VALUES ('احمد حمزة عبد القوى احمد محمد زيد', '', 'الخريجين');
INSERT INTO `lk9v6_alumni_main` (`id`, `user_id`, `approved`) VALUES (240437, 240437, 1);
INSERT INTO `lk9v6_alumni_data` (`alumni_id`, `graduation_year`, `fid`, `job`, `address`, `city`, `country`, `phone`, `gid`, `mobile`, `nationalnumber`, `department`, `division`, `with_honor`) VALUES (240437, 2016, '2', '', '', '', '', '', 'جيد جدا', '', '', '', '', '');
INSERT INTO `lk9v6_users` (`name`, `email`, `usertype`) VALUES ('احمد زوقا عبد العزيز عمر', '', 'الخريجين');
INSERT INTO `lk9v6_alumni_main` (`id`, `user_id`, `approved`) VALUES (240438, 240438, 1);
INSERT INTO `lk9v6_alumni_data` (`alumni_id`, `graduation_year`, `fid`, `job`, `address`, `city`, `country`, `phone`, `gid`, `mobile`, `nationalnumber`, `department`, `division`, `with_honor`) VALUES (240438, 2016, '2', '', '', '', '', '', 'جيد جدا', '', '', '', '', '');
INSERT INTO `lk9v6_users` (`name`, `email`, `usertype`) VALUES ('احمد سامى محمد عيد حجاب', '', 'الخريجين');
INSERT INTO `lk9v6_alumni_main` (`id`, `user_id`, `approved`) VALUES (240439, 240439, 1);
INSERT INTO `lk9v6_alumni_data` (`alumni_id`, `graduation_year`, `fid`, `job`, `address`, `city`, `country`, `phone`, `gid`, `mobile`, `nationalnumber`, `department`, `division`, `with_honor`) VALUES (240439, 2016, '2', '', '', '', '', '', 'جيد جدا', '', '', '', '', '');
INSERT INTO `lk9v6_users` (`name`, `email`, `usertype`) VALUES ('احمد طلبه على محمد طلبه ', '', 'الخريجين');
INSERT INTO `lk9v6_alumni_main` (`id`, `user_id`, `approved`) VALUES (240440, 240440, 1);
INSERT INTO `lk9v6_alumni_data` (`alumni_id`, `graduation_year`, `fid`, `job`, `address`, `city`, `country`, `phone`, `gid`, `mobile`, `nationalnumber`, `department`, `division`, `with_honor`) VALUES (240440, 2016, '2', '', '', '', '', '', 'جيد جدا', '', '', '', '', '');
INSERT INTO `lk9v6_users` (`name`, `email`, `usertype`) VALUES ('احمد عادل ابو بكر محمد الكفراوى', '', 'الخريجين');
INSERT INTO `lk9v6_alumni_main` (`id`, `user_id`, `approved`) VALUES (240441, 240441, 1);
INSERT INTO `lk9v6_alumni_data` (`alumni_id`, `graduation_year`, `fid`, `job`, `address`, `city`, `country`, `phone`, `gid`, `mobile`, `nationalnumber`, `department`, `division`, `with_honor`) VALUES (240441, 2016, '2', '', '', '', '', '', 'جيد جدا', '', '', '', '', '');
INSERT INTO `lk9v6_users` (`name`, `email`, `usertype`) VALUES ('احمد عادل محمد محمد الفقى', '', 'الخريجين');
INSERT INTO `lk9v6_alumni_main` (`id`, `user_id`, `approved`) VALUES (240442, 240442, 1);
INSERT INTO `lk9v6_alumni_data` (`alumni_id`, `graduation_year`, `fid`, `job`, `address`, `city`, `country`, `phone`, `gid`, `mobile`, `nationalnumber`, `department`, `division`, `with_honor`) VALUES (240442, 2016, '2', '', '', '', '', '', 'جيد جدا', '', '', '', '', '');
INSERT INTO `lk9v6_users` (`name`, `email`, `usertype`) VALUES ('احمد عبد المحسن عبد العزيز مسعود', '', 'الخريجين');
INSERT INTO `lk9v6_alumni_main` (`id`, `user_id`, `approved`) VALUES (240443, 240443, 1);
INSERT INTO `lk9v6_alumni_data` (`alumni_id`, `graduation_year`, `fid`, `job`, `address`, `city`, `country`, `phone`, `gid`, `mobile`, `nationalnumber`, `department`, `division`, `with_honor`) VALUES (240443, 2016, '2', '', '', '', '', '', 'جيد جدا', '', '', '', '', '');
INSERT INTO `lk9v6_users` (`name`, `email`, `usertype`) VALUES ('احمد على محمد يوسف سلامه ', '', 'الخريجين');
INSERT INTO `lk9v6_alumni_main` (`id`, `user_id`, `approved`) VALUES (240444, 240444, 1);
INSERT INTO `lk9v6_alumni_data` (`alumni_id`, `graduation_year`, `fid`, `job`, `address`, `city`, `country`, `phone`, `gid`, `mobile`, `nationalnumber`, `department`, `division`, `with_honor`) VALUES (240444, 2016, '2', '', '', '', '', '', 'جيد جدا', '', '', '', '', '');
INSERT INTO `lk9v6_users` (`name`, `email`, `usertype`) VALUES ('احمد مجد الدين ابراهيم احمد ابوشال', '', 'الخريجين');
INSERT INTO `lk9v6_alumni_main` (`id`, `user_id`, `approved`) VALUES (240445, 240445, 1);
INSERT INTO `lk9v6_alumni_data` (`alumni_id`, `graduation_year`, `fid`, `job`, `address`, `city`, `country`, `phone`, `gid`, `mobile`, `nationalnumber`, `department`, `division`, `with_honor`) VALUES (240445, 2016, '2', '', '', '', '', '', 'جيد جدا', '', '', '', '', '');
INSERT INTO `lk9v6_users` (`name`, `email`, `usertype`) VALUES ('احمد محمد ابراهيم الجندى', '', 'الخريجين');
INSERT INTO `lk9v6_alumni_main` (`id`, `user_id`, `approved`) VALUES (240446, 240446, 1);
INSERT INTO `lk9v6_alumni_data` (`alumni_id`, `graduation_year`, `fid`, `job`, `address`, `city`, `country`, `phone`, `gid`, `mobile`, `nationalnumber`, `department`, `division`, `with_honor`) VALUES (240446, 2016, '2', '', '', '', '', '', 'جيد جدا', '', '', '', '', '');
INSERT INTO `lk9v6_users` (`name`, `email`, `usertype`) VALUES ('احمد محمد على مصطفى ابراهيم', '', 'الخريجين');
INSERT INTO `lk9v6_alumni_main` (`id`, `user_id`, `approved`) VALUES (240447, 240447, 1);
INSERT INTO `lk9v6_alumni_data` (`alumni_id`, `graduation_year`, `fid`, `job`, `address`, `city`, `country`, `phone`, `gid`, `mobile`, `nationalnumber`, `department`, `division`, `with_honor`) VALUES (240447, 2016, '2', '', '', '', '', '', 'جيد جدا', '', '', '', '', '');
INSERT INTO `lk9v6_users` (`name`, `email`, `usertype`) VALUES ('احمد محمد محمود المغربى', '', 'الخريجين');
INSERT INTO `lk9v6_alumni_main` (`id`, `user_id`, `approved`) VALUES (240448, 240448, 1);
INSERT INTO `lk9v6_alumni_data` (`alumni_id`, `graduation_year`, `fid`, `job`, `address`, `city`, `country`, `phone`, `gid`, `mobile`, `nationalnumber`, `department`, `division`, `with_honor`) VALUES (240448, 2016, '2', '', '', '', '', '', 'جيد جدا', '', '', '', '', '');
INSERT INTO `lk9v6_users` (`name`, `email`, `usertype`) VALUES ('اريج احمد احمد محمد متولى', '', 'الخريجين');
INSERT INTO `lk9v6_alumni_main` (`id`, `user_id`, `approved`) VALUES (240449, 240449, 1);
INSERT INTO `lk9v6_alumni_data` (`alumni_id`, `graduation_year`, `fid`, `job`, `address`, `city`, `country`, `phone`, `gid`, `mobile`, `nationalnumber`, `department`, `division`, `with_honor`) VALUES (240449, 2016, '2', '', '', '', '', '', 'جيد جدا', '', '', '', '', '');
INSERT INTO `lk9v6_users` (`name`, `email`, `usertype`) VALUES ('اسامة محمد حسن جابر الدرديرى', '', 'الخريجين');
INSERT INTO `lk9v6_alumni_main` (`id`, `user_id`, `approved`) VALUES (240450, 240450, 1);
INSERT INTO `lk9v6_alumni_data` (`alumni_id`, `graduation_year`, `fid`, `job`, `address`, `city`, `country`, `phone`, `gid`, `mobile`, `nationalnumber`, `department`, `division`, `with_honor`) VALUES (240450, 2016, '2', '', '', '', '', '', 'جيد جدا', '', '', '', '', '');
INSERT INTO `lk9v6_users` (`name`, `email`, `usertype`) VALUES ('استر شحاته شرقاوى اقلاديوس', '', 'الخريجين');
INSERT INTO `lk9v6_alumni_main` (`id`, `user_id`, `approved`) VALUES (240451, 240451, 1);
INSERT INTO `lk9v6_alumni_data` (`alumni_id`, `graduation_year`, `fid`, `job`, `address`, `city`, `country`, `phone`, `gid`, `mobile`, `nationalnumber`, `department`, `division`, `with_honor`) VALUES (240451, 2016, '2', '', '', '', '', '', 'جيد جدا', '', '', '', '', '');
INSERT INTO `lk9v6_users` (`name`, `email`, `usertype`) VALUES ('اسراء ابراهيم حامد دسوقى', '', 'الخريجين');
INSERT INTO `lk9v6_alumni_main` (`id`, `user_id`, `approved`) VALUES (240452, 240452, 1);
INSERT INTO `lk9v6_alumni_data` (`alumni_id`, `graduation_year`, `fid`, `job`, `address`, `city`, `country`, `phone`, `gid`, `mobile`, `nationalnumber`, `department`, `division`, `with_honor`) VALUES (240452, 2016, '2', '', '', '', '', '', 'جيد جدا', '', '', '', '', '');
INSERT INTO `lk9v6_users` (`name`, `email`, `usertype`) VALUES ('اسراء احمد بدوى محمود سليمان', '', 'الخريجين');
INSERT INTO `lk9v6_alumni_main` (`id`, `user_id`, `approved`) VALUES (240453, 240453, 1);
INSERT INTO `lk9v6_alumni_data` (`alumni_id`, `graduation_year`, `fid`, `job`, `address`, `city`, `country`, `phone`, `gid`, `mobile`, `nationalnumber`, `department`, `division`, `with_honor`) VALUES (240453, 2016, '2', '', '', '', '', '', 'جيد جدا', '', '', '', '', '');
INSERT INTO `lk9v6_users` (`name`, `email`, `usertype`) VALUES ('اسراء احمد عبد الوهاب ادم سليمان', '', 'الخريجين');
INSERT INTO `lk9v6_alumni_main` (`id`, `user_id`, `approved`) VALUES (240454, 240454, 1);
INSERT INTO `lk9v6_alumni_data` (`alumni_id`, `graduation_year`, `fid`, `job`, `address`, `city`, `country`, `phone`, `gid`, `mobile`, `nationalnumber`, `department`, `division`, `with_honor`) VALUES (240454, 2016, '2', '', '', '', '', '', 'جيد جدا', '', '', '', '', '');
INSERT INTO `lk9v6_users` (`name`, `email`, `usertype`) VALUES ('اسراء احمد على احمد ابراهيم', '', 'الخريجين');
INSERT INTO `lk9v6_alumni_main` (`id`, `user_id`, `approved`) VALUES (240455, 240455, 1);
INSERT INTO `lk9v6_alumni_data` (`alumni_id`, `graduation_year`, `fid`, `job`, `address`, `city`, `country`, `phone`, `gid`, `mobile`, `nationalnumber`, `department`, `division`, `with_honor`) VALUES (240455, 2016, '2', '', '', '', '', '', 'جيد جدا', '', '', '', '', '');
INSERT INTO `lk9v6_users` (`name`, `email`, `usertype`) VALUES ('اسراء السباعى طلبه السباعى ', '', 'الخريجين');
INSERT INTO `lk9v6_alumni_main` (`id`, `user_id`, `approved`) VALUES (240456, 240456, 1);
INSERT INTO `lk9v6_alumni_data` (`alumni_id`, `graduation_year`, `fid`, `job`, `address`, `city`, `country`, `phone`, `gid`, `mobile`, `nationalnumber`, `department`, `division`, `with_honor`) VALUES (240456, 2016, '2', '', '', '', '', '', 'جيد جدا', '', '', '', '', '');
INSERT INTO `lk9v6_users` (`name`, `email`, `usertype`) VALUES ('اسراء حمدى حمدى حمامه', '', 'الخريجين');
INSERT INTO `lk9v6_alumni_main` (`id`, `user_id`, `approved`) VALUES (240457, 240457, 1);
INSERT INTO `lk9v6_alumni_data` (`alumni_id`, `graduation_year`, `fid`, `job`, `address`, `city`, `country`, `phone`, `gid`, `mobile`, `nationalnumber`, `department`, `division`, `with_honor`) VALUES (240457, 2016, '2', '', '', '', '', '', 'جيد جدا', '', '', '', '', '');
INSERT INTO `lk9v6_users` (`name`, `email`, `usertype`) VALUES ('اسراء خليل محمد خليل', '', 'الخريجين');
INSERT INTO `lk9v6_alumni_main` (`id`, `user_id`, `approved`) VALUES (240458, 240458, 1);
INSERT INTO `lk9v6_alumni_data` (`alumni_id`, `graduation_year`, `fid`, `job`, `address`, `city`, `country`, `phone`, `gid`, `mobile`, `nationalnumber`, `department`, `division`, `with_honor`) VALUES (240458, 2016, '2', '', '', '', '', '', 'جيد جدا', '', '', '', '', '');
INSERT INTO `lk9v6_users` (`name`, `email`, `usertype`) VALUES ('اسراء شكرى القوتلى عبد السميع رزق', '', 'الخريجين');
INSERT INTO `lk9v6_alumni_main` (`id`, `user_id`, `approved`) VALUES (240459, 240459, 1);
INSERT INTO `lk9v6_alumni_data` (`alumni_id`, `graduation_year`, `fid`, `job`, `address`, `city`, `country`, `phone`, `gid`, `mobile`, `nationalnumber`, `department`, `division`, `with_honor`) VALUES (240459, 2016, '2', '', '', '', '', '', 'جيد جدا', '', '', '', '', '');
INSERT INTO `lk9v6_users` (`name`, `email`, `usertype`) VALUES ('اسراء صلاح عبد السلام قطب', '', 'الخريجين');
INSERT INTO `lk9v6_alumni_main` (`id`, `user_id`, `approved`) VALUES (240460, 240460, 1);
INSERT INTO `lk9v6_alumni_data` (`alumni_id`, `graduation_year`, `fid`, `job`, `address`, `city`, `country`, `phone`, `gid`, `mobile`, `nationalnumber`, `department`, `division`, `with_honor`) VALUES (240460, 2016, '2', '', '', '', '', '', 'جيد جدا', '', '', '', '', '');
INSERT INTO `lk9v6_users` (`name`, `email`, `usertype`) VALUES ('اسراء عبد المجيد كمال الدماطى', '', 'الخريجين');
INSERT INTO `lk9v6_alumni_main` (`id`, `user_id`, `approved`) VALUES (240461, 240461, 1);
INSERT INTO `lk9v6_alumni_data` (`alumni_id`, `graduation_year`, `fid`, `job`, `address`, `city`, `country`, `phone`, `gid`, `mobile`, `nationalnumber`, `department`, `division`, `with_honor`) VALUES (240461, 2016, '2', '', '', '', '', '', 'جيد جدا', '', '', '', '', '');
INSERT INTO `lk9v6_users` (`name`, `email`, `usertype`) VALUES ('اسراء على بسيونى السكرى ', '', 'الخريجين');
INSERT INTO `lk9v6_alumni_main` (`id`, `user_id`, `approved`) VALUES (240462, 240462, 1);
INSERT INTO `lk9v6_alumni_data` (`alumni_id`, `graduation_year`, `fid`, `job`, `address`, `city`, `country`, `phone`, `gid`, `mobile`, `nationalnumber`, `department`, `division`, `with_honor`) VALUES (240462, 2016, '2', '', '', '', '', '', 'جيد جدا', '', '', '', '', '');
INSERT INTO `lk9v6_users` (`name`, `email`, `usertype`) VALUES ('اسراء فوزى على ابو الخير', '', 'الخريجين');
INSERT INTO `lk9v6_alumni_main` (`id`, `user_id`, `approved`) VALUES (240463, 240463, 1);
INSERT INTO `lk9v6_alumni_data` (`alumni_id`, `graduation_year`, `fid`, `job`, `address`, `city`, `country`, `phone`, `gid`, `mobile`, `nationalnumber`, `department`, `division`, `with_honor`) VALUES (240463, 2016, '2', '', '', '', '', '', 'جيد جدا', '', '', '', '', '');
INSERT INTO `lk9v6_users` (`name`, `email`, `usertype`) VALUES ('اسراء محمد السيد النجار', '', 'الخريجين');
INSERT INTO `lk9v6_alumni_main` (`id`, `user_id`, `approved`) VALUES (240464, 240464, 1);
INSERT INTO `lk9v6_alumni_data` (`alumni_id`, `graduation_year`, `fid`, `job`, `address`, `city`, `country`, `phone`, `gid`, `mobile`, `nationalnumber`, `department`, `division`, `with_honor`) VALUES (240464, 2016, '2', '', '', '', '', '', 'جيد جدا', '', '', '', '', '');
INSERT INTO `lk9v6_users` (`name`, `email`, `usertype`) VALUES ('اسراء محمود السيد سليم', '', 'الخريجين');
INSERT INTO `lk9v6_alumni_main` (`id`, `user_id`, `approved`) VALUES (240465, 240465, 1);
INSERT INTO `lk9v6_alumni_data` (`alumni_id`, `graduation_year`, `fid`, `job`, `address`, `city`, `country`, `phone`, `gid`, `mobile`, `nationalnumber`, `department`, `division`, `with_honor`) VALUES (240465, 2016, '2', '', '', '', '', '', 'جيد جدا', '', '', '', '', '');
INSERT INTO `lk9v6_users` (`name`, `email`, `usertype`) VALUES ('اسراء محمود كمال عبد الحليم شلش', '', 'الخريجين');
INSERT INTO `lk9v6_alumni_main` (`id`, `user_id`, `approved`) VALUES (240466, 240466, 1);
INSERT INTO `lk9v6_alumni_data` (`alumni_id`, `graduation_year`, `fid`, `job`, `address`, `city`, `country`, `phone`, `gid`, `mobile`, `nationalnumber`, `department`, `division`, `with_honor`) VALUES (240466, 2016, '2', '', '', '', '', '', 'جيد جدا', '', '', '', '', '');
INSERT INTO `lk9v6_users` (`name`, `email`, `usertype`) VALUES ('اسراء محمود يوسف احمد دياب', '', 'الخريجين');
INSERT INTO `lk9v6_alumni_main` (`id`, `user_id`, `approved`) VALUES (240467, 240467, 1);
INSERT INTO `lk9v6_alumni_data` (`alumni_id`, `graduation_year`, `fid`, `job`, `address`, `city`, `country`, `phone`, `gid`, `mobile`, `nationalnumber`, `department`, `division`, `with_honor`) VALUES (240467, 2016, '2', '', '', '', '', '', 'جيد جدا', '', '', '', '', '');
INSERT INTO `lk9v6_users` (`name`, `email`, `usertype`) VALUES ('اسراء مصطفى عبد الله عبد الحافظ', '', 'الخريجين');
INSERT INTO `lk9v6_alumni_main` (`id`, `user_id`, `approved`) VALUES (240468, 240468, 1);
INSERT INTO `lk9v6_alumni_data` (`alumni_id`, `graduation_year`, `fid`, `job`, `address`, `city`, `country`, `phone`, `gid`, `mobile`, `nationalnumber`, `department`, `division`, `with_honor`) VALUES (240468, 2016, '2', '', '', '', '', '', 'جيد جدا', '', '', '', '', '');
INSERT INTO `lk9v6_users` (`name`, `email`, `usertype`) VALUES ('اسراء منير فوزى صادق عيد', '', 'الخريجين');
INSERT INTO `lk9v6_alumni_main` (`id`, `user_id`, `approved`) VALUES (240469, 240469, 1);
INSERT INTO `lk9v6_alumni_data` (`alumni_id`, `graduation_year`, `fid`, `job`, `address`, `city`, `country`, `phone`, `gid`, `mobile`, `nationalnumber`, `department`, `division`, `with_honor`) VALUES (240469, 2016, '2', '', '', '', '', '', 'جيد جدا', '', '', '', '', '');
INSERT INTO `lk9v6_users` (`name`, `email`, `usertype`) VALUES ('اسراء يحى محمد السيد احمد', '', 'الخريجين');
INSERT INTO `lk9v6_alumni_main` (`id`, `user_id`, `approved`) VALUES (240470, 240470, 1);
INSERT INTO `lk9v6_alumni_data` (`alumni_id`, `graduation_year`, `fid`, `job`, `address`, `city`, `country`, `phone`, `gid`, `mobile`, `nationalnumber`, `department`, `division`, `with_honor`) VALUES (240470, 2016, '2', '', '', '', '', '', 'جيد جدا', '', '', '', '', '');
INSERT INTO `lk9v6_users` (`name`, `email`, `usertype`) VALUES ('اسلام حمدى عبد العظيم جابر', '', 'الخريجين');
INSERT INTO `lk9v6_alumni_main` (`id`, `user_id`, `approved`) VALUES (240471, 240471, 1);
INSERT INTO `lk9v6_alumni_data` (`alumni_id`, `graduation_year`, `fid`, `job`, `address`, `city`, `country`, `phone`, `gid`, `mobile`, `nationalnumber`, `department`, `division`, `with_honor`) VALUES (240471, 2016, '2', '', '', '', '', '', 'جيد جدا', '', '', '', '', '');
INSERT INTO `lk9v6_users` (`name`, `email`, `usertype`) VALUES ('اسلام عاطف ابراهيم حموده', '', 'الخريجين');
INSERT INTO `lk9v6_alumni_main` (`id`, `user_id`, `approved`) VALUES (240472, 240472, 1);
INSERT INTO `lk9v6_alumni_data` (`alumni_id`, `graduation_year`, `fid`, `job`, `address`, `city`, `country`, `phone`, `gid`, `mobile`, `nationalnumber`, `department`, `division`, `with_honor`) VALUES (240472, 2016, '2', '', '', '', '', '', 'جيد جدا', '', '', '', '', '');
INSERT INTO `lk9v6_users` (`name`, `email`, `usertype`) VALUES ('اسلام عبد الباسط محمد احمد كمون', '', 'الخريجين');
INSERT INTO `lk9v6_alumni_main` (`id`, `user_id`, `approved`) VALUES (240473, 240473, 1);
INSERT INTO `lk9v6_alumni_data` (`alumni_id`, `graduation_year`, `fid`, `job`, `address`, `city`, `country`, `phone`, `gid`, `mobile`, `nationalnumber`, `department`, `division`, `with_honor`) VALUES (240473, 2016, '2', '', '', '', '', '', 'جيد جدا', '', '', '', '', '');
INSERT INTO `lk9v6_users` (`name`, `email`, `usertype`) VALUES ('اسلام على حسن على التهامى', '', 'الخريجين');
INSERT INTO `lk9v6_alumni_main` (`id`, `user_id`, `approved`) VALUES (240474, 240474, 1);
INSERT INTO `lk9v6_alumni_data` (`alumni_id`, `graduation_year`, `fid`, `job`, `address`, `city`, `country`, `phone`, `gid`, `mobile`, `nationalnumber`, `department`, `division`, `with_honor`) VALUES (240474, 2016, '2', '', '', '', '', '', 'جيد جدا', '', '', '', '', '');
INSERT INTO `lk9v6_users` (`name`, `email`, `usertype`) VALUES ('اسلام محمود السيد على', '', 'الخريجين');
INSERT INTO `lk9v6_alumni_main` (`id`, `user_id`, `approved`) VALUES (240475, 240475, 1);
INSERT INTO `lk9v6_alumni_data` (`alumni_id`, `graduation_year`, `fid`, `job`, `address`, `city`, `country`, `phone`, `gid`, `mobile`, `nationalnumber`, `department`, `division`, `with_honor`) VALUES (240475, 2016, '2', '', '', '', '', '', 'جيد جدا', '', '', '', '', '');
INSERT INTO `lk9v6_users` (`name`, `email`, `usertype`) VALUES ('اسماء ابراهيم محمود المغنى', '', 'الخريجين');
INSERT INTO `lk9v6_alumni_main` (`id`, `user_id`, `approved`) VALUES (240476, 240476, 1);
INSERT INTO `lk9v6_alumni_data` (`alumni_id`, `graduation_year`, `fid`, `job`, `address`, `city`, `country`, `phone`, `gid`, `mobile`, `nationalnumber`, `department`, `division`, `with_honor`) VALUES (240476, 2016, '2', '', '', '', '', '', 'جيد جدا', '', '', '', '', '');
INSERT INTO `lk9v6_users` (`name`, `email`, `usertype`) VALUES ('اسماء ابو بكر الصيديق محمد عوض', '', 'الخريجين');
INSERT INTO `lk9v6_alumni_main` (`id`, `user_id`, `approved`) VALUES (240477, 240477, 1);
INSERT INTO `lk9v6_alumni_data` (`alumni_id`, `graduation_year`, `fid`, `job`, `address`, `city`, `country`, `phone`, `gid`, `mobile`, `nationalnumber`, `department`, `division`, `with_honor`) VALUES (240477, 2016, '2', '', '', '', '', '', 'جيد جدا', '', '', '', '', '');
INSERT INTO `lk9v6_users` (`name`, `email`, `usertype`) VALUES ('اسماء احمد مصطفى المسلمانى', '', 'الخريجين');
INSERT INTO `lk9v6_alumni_main` (`id`, `user_id`, `approved`) VALUES (240478, 240478, 1);
INSERT INTO `lk9v6_alumni_data` (`alumni_id`, `graduation_year`, `fid`, `job`, `address`, `city`, `country`, `phone`, `gid`, `mobile`, `nationalnumber`, `department`, `division`, `with_honor`) VALUES (240478, 2016, '2', '', '', '', '', '', 'جيد جدا', '', '', '', '', '');
INSERT INTO `lk9v6_users` (`name`, `email`, `usertype`) VALUES ('اسماء انور محمد عبد العاطى', '', 'الخريجين');
INSERT INTO `lk9v6_alumni_main` (`id`, `user_id`, `approved`) VALUES (240479, 240479, 1);
INSERT INTO `lk9v6_alumni_data` (`alumni_id`, `graduation_year`, `fid`, `job`, `address`, `city`, `country`, `phone`, `gid`, `mobile`, `nationalnumber`, `department`, `division`, `with_honor`) VALUES (240479, 2016, '2', '', '', '', '', '', 'جيد جدا', '', '', '', '', '');
INSERT INTO `lk9v6_users` (`name`, `email`, `usertype`) VALUES ('اسماء حافظ احمد حلاه', '', 'الخريجين');
INSERT INTO `lk9v6_alumni_main` (`id`, `user_id`, `approved`) VALUES (240480, 240480, 1);
INSERT INTO `lk9v6_alumni_data` (`alumni_id`, `graduation_year`, `fid`, `job`, `address`, `city`, `country`, `phone`, `gid`, `mobile`, `nationalnumber`, `department`, `division`, `with_honor`) VALUES (240480, 2016, '2', '', '', '', '', '', 'جيد جدا', '', '', '', '', '');
INSERT INTO `lk9v6_users` (`name`, `email`, `usertype`) VALUES ('اسماء حسن اسماعيل حسن يونس', '', 'الخريجين');
INSERT INTO `lk9v6_alumni_main` (`id`, `user_id`, `approved`) VALUES (240481, 240481, 1);
INSERT INTO `lk9v6_alumni_data` (`alumni_id`, `graduation_year`, `fid`, `job`, `address`, `city`, `country`, `phone`, `gid`, `mobile`, `nationalnumber`, `department`, `division`, `with_honor`) VALUES (240481, 2016, '2', '', '', '', '', '', 'جيد جدا', '', '', '', '', '');
INSERT INTO `lk9v6_users` (`name`, `email`, `usertype`) VALUES ('اسماء رفعت محمود على', '', 'الخريجين');
INSERT INTO `lk9v6_alumni_main` (`id`, `user_id`, `approved`) VALUES (240482, 240482, 1);
INSERT INTO `lk9v6_alumni_data` (`alumni_id`, `graduation_year`, `fid`, `job`, `address`, `city`, `country`, `phone`, `gid`, `mobile`, `nationalnumber`, `department`, `division`, `with_honor`) VALUES (240482, 2016, '2', '', '', '', '', '', 'جيد جدا', '', '', '', '', '');
INSERT INTO `lk9v6_users` (`name`, `email`, `usertype`) VALUES ('اسماء سعيد سلامه طه ', '', 'الخريجين');
INSERT INTO `lk9v6_alumni_main` (`id`, `user_id`, `approved`) VALUES (240483, 240483, 1);
INSERT INTO `lk9v6_alumni_data` (`alumni_id`, `graduation_year`, `fid`, `job`, `address`, `city`, `country`, `phone`, `gid`, `mobile`, `nationalnumber`, `department`, `division`, `with_honor`) VALUES (240483, 2016, '2', '', '', '', '', '', 'جيد جدا', '', '', '', '', '');
INSERT INTO `lk9v6_users` (`name`, `email`, `usertype`) VALUES ('اسماء سلامه يحى زكريا كونه', '', 'الخريجين');
INSERT INTO `lk9v6_alumni_main` (`id`, `user_id`, `approved`) VALUES (240484, 240484, 1);
INSERT INTO `lk9v6_alumni_data` (`alumni_id`, `graduation_year`, `fid`, `job`, `address`, `city`, `country`, `phone`, `gid`, `mobile`, `nationalnumber`, `department`, `division`, `with_honor`) VALUES (240484, 2016, '2', '', '', '', '', '', 'جيد جدا', '', '', '', '', '');
INSERT INTO `lk9v6_users` (`name`, `email`, `usertype`) VALUES ('اسماء سمير حسين قاسم ماضى ', '', 'الخريجين');
INSERT INTO `lk9v6_alumni_main` (`id`, `user_id`, `approved`) VALUES (240485, 240485, 1);
INSERT INTO `lk9v6_alumni_data` (`alumni_id`, `graduation_year`, `fid`, `job`, `address`, `city`, `country`, `phone`, `gid`, `mobile`, `nationalnumber`, `department`, `division`, `with_honor`) VALUES (240485, 2016, '2', '', '', '', '', '', 'جيد جدا', '', '', '', '', '');
INSERT INTO `lk9v6_users` (`name`, `email`, `usertype`) VALUES ('اسماء صبحى فرج محمد غلاب', '', 'الخريجين');
INSERT INTO `lk9v6_alumni_main` (`id`, `user_id`, `approved`) VALUES (240486, 240486, 1);
INSERT INTO `lk9v6_alumni_data` (`alumni_id`, `graduation_year`, `fid`, `job`, `address`, `city`, `country`, `phone`, `gid`, `mobile`, `nationalnumber`, `department`, `division`, `with_honor`) VALUES (240486, 2016, '2', '', '', '', '', '', 'جيد جدا', '', '', '', '', '');
INSERT INTO `lk9v6_users` (`name`, `email`, `usertype`) VALUES ('اسماء صلاح حسن محمد قاسم', '', 'الخريجين');
INSERT INTO `lk9v6_alumni_main` (`id`, `user_id`, `approved`) VALUES (240487, 240487, 1);
INSERT INTO `lk9v6_alumni_data` (`alumni_id`, `graduation_year`, `fid`, `job`, `address`, `city`, `country`, `phone`, `gid`, `mobile`, `nationalnumber`, `department`, `division`, `with_honor`) VALUES (240487, 2016, '2', '', '', '', '', '', 'جيد جدا', '', '', '', '', '');
INSERT INTO `lk9v6_users` (`name`, `email`, `usertype`) VALUES ('اسماء صلاح سامى حسين الغول', '', 'الخريجين');
INSERT INTO `lk9v6_alumni_main` (`id`, `user_id`, `approved`) VALUES (240488, 240488, 1);
INSERT INTO `lk9v6_alumni_data` (`alumni_id`, `graduation_year`, `fid`, `job`, `address`, `city`, `country`, `phone`, `gid`, `mobile`, `nationalnumber`, `department`, `division`, `with_honor`) VALUES (240488, 2016, '2', '', '', '', '', '', 'جيد جدا', '', '', '', '', '');
INSERT INTO `lk9v6_users` (`name`, `email`, `usertype`) VALUES ('اسماء عبد الحكيم محمد خليل المغربى', '', 'الخريجين');
INSERT INTO `lk9v6_alumni_main` (`id`, `user_id`, `approved`) VALUES (240489, 240489, 1);
INSERT INTO `lk9v6_alumni_data` (`alumni_id`, `graduation_year`, `fid`, `job`, `address`, `city`, `country`, `phone`, `gid`, `mobile`, `nationalnumber`, `department`, `division`, `with_honor`) VALUES (240489, 2016, '2', '', '', '', '', '', 'جيد جدا', '', '', '', '', '');
INSERT INTO `lk9v6_users` (`name`, `email`, `usertype`) VALUES ('اسماء عبد الرشيد محمد بدوى', '', 'الخريجين');
INSERT INTO `lk9v6_alumni_main` (`id`, `user_id`, `approved`) VALUES (240490, 240490, 1);
INSERT INTO `lk9v6_alumni_data` (`alumni_id`, `graduation_year`, `fid`, `job`, `address`, `city`, `country`, `phone`, `gid`, `mobile`, `nationalnumber`, `department`, `division`, `with_honor`) VALUES (240490, 2016, '2', '', '', '', '', '', 'جيد جدا', '', '', '', '', '');
INSERT INTO `lk9v6_users` (`name`, `email`, `usertype`) VALUES ('اسماء عبد المعطى عبد الهادى السماحى', '', 'الخريجين');
INSERT INTO `lk9v6_alumni_main` (`id`, `user_id`, `approved`) VALUES (240491, 240491, 1);
INSERT INTO `lk9v6_alumni_data` (`alumni_id`, `graduation_year`, `fid`, `job`, `address`, `city`, `country`, `phone`, `gid`, `mobile`, `nationalnumber`, `department`, `division`, `with_honor`) VALUES (240491, 2016, '2', '', '', '', '', '', 'جيد جدا', '', '', '', '', '');
INSERT INTO `lk9v6_users` (`name`, `email`, `usertype`) VALUES ('اسماء عبد الهادى عبد المجيد مشالى', '', 'الخريجين');
INSERT INTO `lk9v6_alumni_main` (`id`, `user_id`, `approved`) VALUES (240492, 240492, 1);
INSERT INTO `lk9v6_alumni_data` (`alumni_id`, `graduation_year`, `fid`, `job`, `address`, `city`, `country`, `phone`, `gid`, `mobile`, `nationalnumber`, `department`, `division`, `with_honor`) VALUES (240492, 2016, '2', '', '', '', '', '', 'جيد جدا', '', '', '', '', '');
INSERT INTO `lk9v6_users` (`name`, `email`, `usertype`) VALUES ('اسماء على على حسن القلفاط', '', 'الخريجين');
INSERT INTO `lk9v6_alumni_main` (`id`, `user_id`, `approved`) VALUES (240493, 240493, 1);
INSERT INTO `lk9v6_alumni_data` (`alumni_id`, `graduation_year`, `fid`, `job`, `address`, `city`, `country`, `phone`, `gid`, `mobile`, `nationalnumber`, `department`, `division`, `with_honor`) VALUES (240493, 2016, '2', '', '', '', '', '', 'جيد جدا', '', '', '', '', '');
INSERT INTO `lk9v6_users` (`name`, `email`, `usertype`) VALUES ('اسماء فوزى شعبان شعبان يحى ', '', 'الخريجين');
INSERT INTO `lk9v6_alumni_main` (`id`, `user_id`, `approved`) VALUES (240494, 240494, 1);
INSERT INTO `lk9v6_alumni_data` (`alumni_id`, `graduation_year`, `fid`, `job`, `address`, `city`, `country`, `phone`, `gid`, `mobile`, `nationalnumber`, `department`, `division`, `with_honor`) VALUES (240494, 2016, '2', '', '', '', '', '', 'جيد جدا', '', '', '', '', '');
INSERT INTO `lk9v6_users` (`name`, `email`, `usertype`) VALUES ('اسماء مجدى السيد حسن مرسى ', '', 'الخريجين');
INSERT INTO `lk9v6_alumni_main` (`id`, `user_id`, `approved`) VALUES (240495, 240495, 1);
INSERT INTO `lk9v6_alumni_data` (`alumni_id`, `graduation_year`, `fid`, `job`, `address`, `city`, `country`, `phone`, `gid`, `mobile`, `nationalnumber`, `department`, `division`, `with_honor`) VALUES (240495, 2016, '2', '', '', '', '', '', 'جيد جدا', '', '', '', '', '');
INSERT INTO `lk9v6_users` (`name`, `email`, `usertype`) VALUES ('اسماء محمد عبد الحميد محمد الكلاف', '', 'الخريجين');
INSERT INTO `lk9v6_alumni_main` (`id`, `user_id`, `approved`) VALUES (240496, 240496, 1);
INSERT INTO `lk9v6_alumni_data` (`alumni_id`, `graduation_year`, `fid`, `job`, `address`, `city`, `country`, `phone`, `gid`, `mobile`, `nationalnumber`, `department`, `division`, `with_honor`) VALUES (240496, 2016, '2', '', '', '', '', '', 'جيد جدا', '', '', '', '', '');
INSERT INTO `lk9v6_users` (`name`, `email`, `usertype`) VALUES ('اسماء محمد قطب جويده', '', 'الخريجين');
INSERT INTO `lk9v6_alumni_main` (`id`, `user_id`, `approved`) VALUES (240497, 240497, 1);
INSERT INTO `lk9v6_alumni_data` (`alumni_id`, `graduation_year`, `fid`, `job`, `address`, `city`, `country`, `phone`, `gid`, `mobile`, `nationalnumber`, `department`, `division`, `with_honor`) VALUES (240497, 2016, '2', '', '', '', '', '', 'جيد جدا', '', '', '', '', '');
INSERT INTO `lk9v6_users` (`name`, `email`, `usertype`) VALUES ('اسماء مسعد عوض شعبان ', '', 'الخريجين');
INSERT INTO `lk9v6_alumni_main` (`id`, `user_id`, `approved`) VALUES (240498, 240498, 1);
INSERT INTO `lk9v6_alumni_data` (`alumni_id`, `graduation_year`, `fid`, `job`, `address`, `city`, `country`, `phone`, `gid`, `mobile`, `nationalnumber`, `department`, `division`, `with_honor`) VALUES (240498, 2016, '2', '', '', '', '', '', 'جيد جدا', '', '', '', '', '');
INSERT INTO `lk9v6_users` (`name`, `email`, `usertype`) VALUES ('اسماء مصطفى اسماعيل محمد عطوه', '', 'الخريجين');
INSERT INTO `lk9v6_alumni_main` (`id`, `user_id`, `approved`) VALUES (240499, 240499, 1);
INSERT INTO `lk9v6_alumni_data` (`alumni_id`, `graduation_year`, `fid`, `job`, `address`, `city`, `country`, `phone`, `gid`, `mobile`, `nationalnumber`, `department`, `division`, `with_honor`) VALUES (240499, 2016, '2', '', '', '', '', '', 'جيد جدا', '', '', '', '', '');
INSERT INTO `lk9v6_users` (`name`, `email`, `usertype`) VALUES ('اسماء مصطفى محمد السيد الشربينى ', '', 'الخريجين');
INSERT INTO `lk9v6_alumni_main` (`id`, `user_id`, `approved`) VALUES (240500, 240500, 1);
INSERT INTO `lk9v6_alumni_data` (`alumni_id`, `graduation_year`, `fid`, `job`, `address`, `city`, `country`, `phone`, `gid`, `mobile`, `nationalnumber`, `department`, `division`, `with_honor`) VALUES (240500, 2016, '2', '', '', '', '', '', 'جيد جدا', '', '', '', '', '');
INSERT INTO `lk9v6_users` (`name`, `email`, `usertype`) VALUES ('اشرقت عبد الفتاح رمضان احمد', '', 'الخريجين');
INSERT INTO `lk9v6_alumni_main` (`id`, `user_id`, `approved`) VALUES (240501, 240501, 1);
INSERT INTO `lk9v6_alumni_data` (`alumni_id`, `graduation_year`, `fid`, `job`, `address`, `city`, `country`, `phone`, `gid`, `mobile`, `nationalnumber`, `department`, `division`, `with_honor`) VALUES (240501, 2016, '2', '', '', '', '', '', 'جيد جدا', '', '', '', '', '');
INSERT INTO `lk9v6_users` (`name`, `email`, `usertype`) VALUES ('الاء ابراهيم حامد يوسف فرج', '', 'الخريجين');
INSERT INTO `lk9v6_alumni_main` (`id`, `user_id`, `approved`) VALUES (240502, 240502, 1);
INSERT INTO `lk9v6_alumni_data` (`alumni_id`, `graduation_year`, `fid`, `job`, `address`, `city`, `country`, `phone`, `gid`, `mobile`, `nationalnumber`, `department`, `division`, `with_honor`) VALUES (240502, 2016, '2', '', '', '', '', '', 'جيد جدا', '', '', '', '', '');
INSERT INTO `lk9v6_users` (`name`, `email`, `usertype`) VALUES ('الاء احمد سعد محمد محمد', '', 'الخريجين');
INSERT INTO `lk9v6_alumni_main` (`id`, `user_id`, `approved`) VALUES (240503, 240503, 1);
INSERT INTO `lk9v6_alumni_data` (`alumni_id`, `graduation_year`, `fid`, `job`, `address`, `city`, `country`, `phone`, `gid`, `mobile`, `nationalnumber`, `department`, `division`, `with_honor`) VALUES (240503, 2016, '2', '', '', '', '', '', 'جيد جدا', '', '', '', '', '');
INSERT INTO `lk9v6_users` (`name`, `email`, `usertype`) VALUES ('الاء جمال عبد الحليم حسن', '', 'الخريجين');
INSERT INTO `lk9v6_alumni_main` (`id`, `user_id`, `approved`) VALUES (240504, 240504, 1);
INSERT INTO `lk9v6_alumni_data` (`alumni_id`, `graduation_year`, `fid`, `job`, `address`, `city`, `country`, `phone`, `gid`, `mobile`, `nationalnumber`, `department`, `division`, `with_honor`) VALUES (240504, 2016, '2', '', '', '', '', '', 'جيد جدا', '', '', '', '', '');
INSERT INTO `lk9v6_users` (`name`, `email`, `usertype`) VALUES ('الاء حسن ابراهيم حسن قطب', '', 'الخريجين');
INSERT INTO `lk9v6_alumni_main` (`id`, `user_id`, `approved`) VALUES (240505, 240505, 1);
INSERT INTO `lk9v6_alumni_data` (`alumni_id`, `graduation_year`, `fid`, `job`, `address`, `city`, `country`, `phone`, `gid`, `mobile`, `nationalnumber`, `department`, `division`, `with_honor`) VALUES (240505, 2016, '2', '', '', '', '', '', 'جيد جدا', '', '', '', '', '');
INSERT INTO `lk9v6_users` (`name`, `email`, `usertype`) VALUES ('الاء حمدين متولى محمد زايد', '', 'الخريجين');
INSERT INTO `lk9v6_alumni_main` (`id`, `user_id`, `approved`) VALUES (240506, 240506, 1);
INSERT INTO `lk9v6_alumni_data` (`alumni_id`, `graduation_year`, `fid`, `job`, `address`, `city`, `country`, `phone`, `gid`, `mobile`, `nationalnumber`, `department`, `division`, `with_honor`) VALUES (240506, 2016, '2', '', '', '', '', '', 'جيد جدا', '', '', '', '', '');
INSERT INTO `lk9v6_users` (`name`, `email`, `usertype`) VALUES ('الاء رزق حماده شيشى', '', 'الخريجين');
INSERT INTO `lk9v6_alumni_main` (`id`, `user_id`, `approved`) VALUES (240507, 240507, 1);
INSERT INTO `lk9v6_alumni_data` (`alumni_id`, `graduation_year`, `fid`, `job`, `address`, `city`, `country`, `phone`, `gid`, `mobile`, `nationalnumber`, `department`, `division`, `with_honor`) VALUES (240507, 2016, '2', '', '', '', '', '', 'جيد جدا', '', '', '', '', '');
INSERT INTO `lk9v6_users` (`name`, `email`, `usertype`) VALUES ('الاء صلاح الدين عبد العزيز جادو', '', 'الخريجين');
INSERT INTO `lk9v6_alumni_main` (`id`, `user_id`, `approved`) VALUES (240508, 240508, 1);
INSERT INTO `lk9v6_alumni_data` (`alumni_id`, `graduation_year`, `fid`, `job`, `address`, `city`, `country`, `phone`, `gid`, `mobile`, `nationalnumber`, `department`, `division`, `with_honor`) VALUES (240508, 2016, '2', '', '', '', '', '', 'جيد جدا', '', '', '', '', '');
INSERT INTO `lk9v6_users` (`name`, `email`, `usertype`) VALUES ('الاء عادل عبد المنعم مبروك', '', 'الخريجين');
INSERT INTO `lk9v6_alumni_main` (`id`, `user_id`, `approved`) VALUES (240509, 240509, 1);
INSERT INTO `lk9v6_alumni_data` (`alumni_id`, `graduation_year`, `fid`, `job`, `address`, `city`, `country`, `phone`, `gid`, `mobile`, `nationalnumber`, `department`, `division`, `with_honor`) VALUES (240509, 2016, '2', '', '', '', '', '', 'جيد جدا', '', '', '', '', '');
INSERT INTO `lk9v6_users` (`name`, `email`, `usertype`) VALUES ('الاء عصام عطية ابراهيم', '', 'الخريجين');
INSERT INTO `lk9v6_alumni_main` (`id`, `user_id`, `approved`) VALUES (240510, 240510, 1);
INSERT INTO `lk9v6_alumni_data` (`alumni_id`, `graduation_year`, `fid`, `job`, `address`, `city`, `country`, `phone`, `gid`, `mobile`, `nationalnumber`, `department`, `division`, `with_honor`) VALUES (240510, 2016, '2', '', '', '', '', '', 'جيد جدا', '', '', '', '', '');
INSERT INTO `lk9v6_users` (`name`, `email`, `usertype`) VALUES ('الاء لطفى ابو السعود محمود سلطان ', '', 'الخريجين');
INSERT INTO `lk9v6_alumni_main` (`id`, `user_id`, `approved`) VALUES (240511, 240511, 1);
INSERT INTO `lk9v6_alumni_data` (`alumni_id`, `graduation_year`, `fid`, `job`, `address`, `city`, `country`, `phone`, `gid`, `mobile`, `nationalnumber`, `department`, `division`, `with_honor`) VALUES (240511, 2016, '2', '', '', '', '', '', 'جيد جدا', '', '', '', '', '');
INSERT INTO `lk9v6_users` (`name`, `email`, `usertype`) VALUES ('السعيد عبد الصمد السعيد مخلوف ', '', 'الخريجين');
INSERT INTO `lk9v6_alumni_main` (`id`, `user_id`, `approved`) VALUES (240512, 240512, 1);
INSERT INTO `lk9v6_alumni_data` (`alumni_id`, `graduation_year`, `fid`, `job`, `address`, `city`, `country`, `phone`, `gid`, `mobile`, `nationalnumber`, `department`, `division`, `with_honor`) VALUES (240512, 2016, '2', '', '', '', '', '', 'جيد جدا', '', '', '', '', '');
INSERT INTO `lk9v6_users` (`name`, `email`, `usertype`) VALUES ('الشيماء رضى فوزى منصور رافع', '', 'الخريجين');
INSERT INTO `lk9v6_alumni_main` (`id`, `user_id`, `approved`) VALUES (240513, 240513, 1);
INSERT INTO `lk9v6_alumni_data` (`alumni_id`, `graduation_year`, `fid`, `job`, `address`, `city`, `country`, `phone`, `gid`, `mobile`, `nationalnumber`, `department`, `division`, `with_honor`) VALUES (240513, 2016, '2', '', '', '', '', '', 'جيد جدا', '', '', '', '', '');
INSERT INTO `lk9v6_users` (`name`, `email`, `usertype`) VALUES ('الشيماء مصطفى احمد محمد الشرنوبى', '', 'الخريجين');
INSERT INTO `lk9v6_alumni_main` (`id`, `user_id`, `approved`) VALUES (240514, 240514, 1);
INSERT INTO `lk9v6_alumni_data` (`alumni_id`, `graduation_year`, `fid`, `job`, `address`, `city`, `country`, `phone`, `gid`, `mobile`, `nationalnumber`, `department`, `division`, `with_honor`) VALUES (240514, 2016, '2', '', '', '', '', '', 'جيد جدا', '', '', '', '', '');
INSERT INTO `lk9v6_users` (`name`, `email`, `usertype`) VALUES ('الشيماء يحيى شندى هاشم بدوى', '', 'الخريجين');
INSERT INTO `lk9v6_alumni_main` (`id`, `user_id`, `approved`) VALUES (240515, 240515, 1);
INSERT INTO `lk9v6_alumni_data` (`alumni_id`, `graduation_year`, `fid`, `job`, `address`, `city`, `country`, `phone`, `gid`, `mobile`, `nationalnumber`, `department`, `division`, `with_honor`) VALUES (240515, 2016, '2', '', '', '', '', '', 'جيد جدا', '', '', '', '', '');
INSERT INTO `lk9v6_users` (`name`, `email`, `usertype`) VALUES ('الهام يسرى ابراهيم محمد دياب', '', 'الخريجين');
INSERT INTO `lk9v6_alumni_main` (`id`, `user_id`, `approved`) VALUES (240516, 240516, 1);
INSERT INTO `lk9v6_alumni_data` (`alumni_id`, `graduation_year`, `fid`, `job`, `address`, `city`, `country`, `phone`, `gid`, `mobile`, `nationalnumber`, `department`, `division`, `with_honor`) VALUES (240516, 2016, '2', '', '', '', '', '', 'جيد جدا', '', '', '', '', '');
INSERT INTO `lk9v6_users` (`name`, `email`, `usertype`) VALUES ('امانى عادل احمد شلبى ', '', 'الخريجين');
INSERT INTO `lk9v6_alumni_main` (`id`, `user_id`, `approved`) VALUES (240517, 240517, 1);
INSERT INTO `lk9v6_alumni_data` (`alumni_id`, `graduation_year`, `fid`, `job`, `address`, `city`, `country`, `phone`, `gid`, `mobile`, `nationalnumber`, `department`, `division`, `with_honor`) VALUES (240517, 2016, '2', '', '', '', '', '', 'جيد جدا', '', '', '', '', '');
INSERT INTO `lk9v6_users` (`name`, `email`, `usertype`) VALUES ('امانى عبد الفضيل عبده محمود الحمراوى', '', 'الخريجين');
INSERT INTO `lk9v6_alumni_main` (`id`, `user_id`, `approved`) VALUES (240518, 240518, 1);
INSERT INTO `lk9v6_alumni_data` (`alumni_id`, `graduation_year`, `fid`, `job`, `address`, `city`, `country`, `phone`, `gid`, `mobile`, `nationalnumber`, `department`, `division`, `with_honor`) VALUES (240518, 2016, '2', '', '', '', '', '', 'جيد جدا', '', '', '', '', '');
INSERT INTO `lk9v6_users` (`name`, `email`, `usertype`) VALUES ('امانى محمد مسعود غضابى', '', 'الخريجين');
INSERT INTO `lk9v6_alumni_main` (`id`, `user_id`, `approved`) VALUES (240519, 240519, 1);
INSERT INTO `lk9v6_alumni_data` (`alumni_id`, `graduation_year`, `fid`, `job`, `address`, `city`, `country`, `phone`, `gid`, `mobile`, `nationalnumber`, `department`, `division`, `with_honor`) VALUES (240519, 2016, '2', '', '', '', '', '', 'جيد جدا', '', '', '', '', '');
INSERT INTO `lk9v6_users` (`name`, `email`, `usertype`) VALUES ('امل شعبان عبد الخالق الجندى ', '', 'الخريجين');
INSERT INTO `lk9v6_alumni_main` (`id`, `user_id`, `approved`) VALUES (240520, 240520, 1);
INSERT INTO `lk9v6_alumni_data` (`alumni_id`, `graduation_year`, `fid`, `job`, `address`, `city`, `country`, `phone`, `gid`, `mobile`, `nationalnumber`, `department`, `division`, `with_honor`) VALUES (240520, 2016, '2', '', '', '', '', '', 'جيد جدا', '', '', '', '', '');
INSERT INTO `lk9v6_users` (`name`, `email`, `usertype`) VALUES ('امل محمد احمد محمد الجعرانى', '', 'الخريجين');
INSERT INTO `lk9v6_alumni_main` (`id`, `user_id`, `approved`) VALUES (240521, 240521, 1);
INSERT INTO `lk9v6_alumni_data` (`alumni_id`, `graduation_year`, `fid`, `job`, `address`, `city`, `country`, `phone`, `gid`, `mobile`, `nationalnumber`, `department`, `division`, `with_honor`) VALUES (240521, 2016, '2', '', '', '', '', '', 'جيد جدا', '', '', '', '', '');
INSERT INTO `lk9v6_users` (`name`, `email`, `usertype`) VALUES ('امل محمود حامد الحلو', '', 'الخريجين');
INSERT INTO `lk9v6_alumni_main` (`id`, `user_id`, `approved`) VALUES (240522, 240522, 1);
INSERT INTO `lk9v6_alumni_data` (`alumni_id`, `graduation_year`, `fid`, `job`, `address`, `city`, `country`, `phone`, `gid`, `mobile`, `nationalnumber`, `department`, `division`, `with_honor`) VALUES (240522, 2016, '2', '', '', '', '', '', 'جيد جدا', '', '', '', '', '');
INSERT INTO `lk9v6_users` (`name`, `email`, `usertype`) VALUES ('امنيه احمد عبد الغفار السيد', '', 'الخريجين');
INSERT INTO `lk9v6_alumni_main` (`id`, `user_id`, `approved`) VALUES (240523, 240523, 1);
INSERT INTO `lk9v6_alumni_data` (`alumni_id`, `graduation_year`, `fid`, `job`, `address`, `city`, `country`, `phone`, `gid`, `mobile`, `nationalnumber`, `department`, `division`, `with_honor`) VALUES (240523, 2016, '2', '', '', '', '', '', 'جيد جدا', '', '', '', '', '');
INSERT INTO `lk9v6_users` (`name`, `email`, `usertype`) VALUES ('امنيه احمد عبد اللطيف الشيخه', '', 'الخريجين');
INSERT INTO `lk9v6_alumni_main` (`id`, `user_id`, `approved`) VALUES (240524, 240524, 1);
INSERT INTO `lk9v6_alumni_data` (`alumni_id`, `graduation_year`, `fid`, `job`, `address`, `city`, `country`, `phone`, `gid`, `mobile`, `nationalnumber`, `department`, `division`, `with_honor`) VALUES (240524, 2016, '2', '', '', '', '', '', 'جيد جدا', '', '', '', '', '');
INSERT INTO `lk9v6_users` (`name`, `email`, `usertype`) VALUES ('امنيه حسن محمد ابو الخير احمد', '', 'الخريجين');
INSERT INTO `lk9v6_alumni_main` (`id`, `user_id`, `approved`) VALUES (240525, 240525, 1);
INSERT INTO `lk9v6_alumni_data` (`alumni_id`, `graduation_year`, `fid`, `job`, `address`, `city`, `country`, `phone`, `gid`, `mobile`, `nationalnumber`, `department`, `division`, `with_honor`) VALUES (240525, 2016, '2', '', '', '', '', '', 'جيد جدا', '', '', '', '', '');
INSERT INTO `lk9v6_users` (`name`, `email`, `usertype`) VALUES ('امنيه عادل عبد المنعم عبد السلام ابو شوشه', '', 'الخريجين');
INSERT INTO `lk9v6_alumni_main` (`id`, `user_id`, `approved`) VALUES (240526, 240526, 1);
INSERT INTO `lk9v6_alumni_data` (`alumni_id`, `graduation_year`, `fid`, `job`, `address`, `city`, `country`, `phone`, `gid`, `mobile`, `nationalnumber`, `department`, `division`, `with_honor`) VALUES (240526, 2016, '2', '', '', '', '', '', 'جيد جدا', '', '', '', '', '');
INSERT INTO `lk9v6_users` (`name`, `email`, `usertype`) VALUES ('امنيه عبد المنعم انور على علوان ', '', 'الخريجين');
INSERT INTO `lk9v6_alumni_main` (`id`, `user_id`, `approved`) VALUES (240527, 240527, 1);
INSERT INTO `lk9v6_alumni_data` (`alumni_id`, `graduation_year`, `fid`, `job`, `address`, `city`, `country`, `phone`, `gid`, `mobile`, `nationalnumber`, `department`, `division`, `with_honor`) VALUES (240527, 2016, '2', '', '', '', '', '', 'جيد جدا', '', '', '', '', '');
INSERT INTO `lk9v6_users` (`name`, `email`, `usertype`) VALUES ('امنيه محمد عبد التواب على عدس', '', 'الخريجين');
INSERT INTO `lk9v6_alumni_main` (`id`, `user_id`, `approved`) VALUES (240528, 240528, 1);
INSERT INTO `lk9v6_alumni_data` (`alumni_id`, `graduation_year`, `fid`, `job`, `address`, `city`, `country`, `phone`, `gid`, `mobile`, `nationalnumber`, `department`, `division`, `with_honor`) VALUES (240528, 2016, '2', '', '', '', '', '', 'جيد جدا', '', '', '', '', '');
INSERT INTO `lk9v6_users` (`name`, `email`, `usertype`) VALUES ('امنيه مدحت محمد محمود ابراهيم نظيف', '', 'الخريجين');
INSERT INTO `lk9v6_alumni_main` (`id`, `user_id`, `approved`) VALUES (240529, 240529, 1);
INSERT INTO `lk9v6_alumni_data` (`alumni_id`, `graduation_year`, `fid`, `job`, `address`, `city`, `country`, `phone`, `gid`, `mobile`, `nationalnumber`, `department`, `division`, `with_honor`) VALUES (240529, 2016, '2', '', '', '', '', '', 'جيد جدا', '', '', '', '', '');
INSERT INTO `lk9v6_users` (`name`, `email`, `usertype`) VALUES ('امنية مصطفى ابراهيم ابو الوفا', '', 'الخريجين');
INSERT INTO `lk9v6_alumni_main` (`id`, `user_id`, `approved`) VALUES (240530, 240530, 1);
INSERT INTO `lk9v6_alumni_data` (`alumni_id`, `graduation_year`, `fid`, `job`, `address`, `city`, `country`, `phone`, `gid`, `mobile`, `nationalnumber`, `department`, `division`, `with_honor`) VALUES (240530, 2016, '2', '', '', '', '', '', 'جيد جدا', '', '', '', '', '');
INSERT INTO `lk9v6_users` (`name`, `email`, `usertype`) VALUES ('اميره السيد مصطفى محمد عموش', '', 'الخريجين');
INSERT INTO `lk9v6_alumni_main` (`id`, `user_id`, `approved`) VALUES (240531, 240531, 1);
INSERT INTO `lk9v6_alumni_data` (`alumni_id`, `graduation_year`, `fid`, `job`, `address`, `city`, `country`, `phone`, `gid`, `mobile`, `nationalnumber`, `department`, `division`, `with_honor`) VALUES (240531, 2016, '2', '', '', '', '', '', 'جيد جدا', '', '', '', '', '');
INSERT INTO `lk9v6_users` (`name`, `email`, `usertype`) VALUES ('اميره جمال دسوقى عبد الواحد محمد الجزار', '', 'الخريجين');
INSERT INTO `lk9v6_alumni_main` (`id`, `user_id`, `approved`) VALUES (240532, 240532, 1);
INSERT INTO `lk9v6_alumni_data` (`alumni_id`, `graduation_year`, `fid`, `job`, `address`, `city`, `country`, `phone`, `gid`, `mobile`, `nationalnumber`, `department`, `division`, `with_honor`) VALUES (240532, 2016, '2', '', '', '', '', '', 'جيد جدا', '', '', '', '', '');
INSERT INTO `lk9v6_users` (`name`, `email`, `usertype`) VALUES ('اميرة رمضان محمد سالم الشقره', '', 'الخريجين');
INSERT INTO `lk9v6_alumni_main` (`id`, `user_id`, `approved`) VALUES (240533, 240533, 1);
INSERT INTO `lk9v6_alumni_data` (`alumni_id`, `graduation_year`, `fid`, `job`, `address`, `city`, `country`, `phone`, `gid`, `mobile`, `nationalnumber`, `department`, `division`, `with_honor`) VALUES (240533, 2016, '2', '', '', '', '', '', 'جيد جدا', '', '', '', '', '');
INSERT INTO `lk9v6_users` (`name`, `email`, `usertype`) VALUES ('اميره شوقى مصطفى على ', '', 'الخريجين');
INSERT INTO `lk9v6_alumni_main` (`id`, `user_id`, `approved`) VALUES (240534, 240534, 1);
INSERT INTO `lk9v6_alumni_data` (`alumni_id`, `graduation_year`, `fid`, `job`, `address`, `city`, `country`, `phone`, `gid`, `mobile`, `nationalnumber`, `department`, `division`, `with_honor`) VALUES (240534, 2016, '2', '', '', '', '', '', 'جيد جدا', '', '', '', '', '');
INSERT INTO `lk9v6_users` (`name`, `email`, `usertype`) VALUES ('اميره عبد المقصود خميس عبد المقصود عاشور', '', 'الخريجين');
INSERT INTO `lk9v6_alumni_main` (`id`, `user_id`, `approved`) VALUES (240535, 240535, 1);
INSERT INTO `lk9v6_alumni_data` (`alumni_id`, `graduation_year`, `fid`, `job`, `address`, `city`, `country`, `phone`, `gid`, `mobile`, `nationalnumber`, `department`, `division`, `with_honor`) VALUES (240535, 2016, '2', '', '', '', '', '', 'جيد جدا', '', '', '', '', '');
INSERT INTO `lk9v6_users` (`name`, `email`, `usertype`) VALUES ('اميره فتحى على حسن يس', '', 'الخريجين');
INSERT INTO `lk9v6_alumni_main` (`id`, `user_id`, `approved`) VALUES (240536, 240536, 1);
INSERT INTO `lk9v6_alumni_data` (`alumni_id`, `graduation_year`, `fid`, `job`, `address`, `city`, `country`, `phone`, `gid`, `mobile`, `nationalnumber`, `department`, `division`, `with_honor`) VALUES (240536, 2016, '2', '', '', '', '', '', 'جيد جدا', '', '', '', '', '');
INSERT INTO `lk9v6_users` (`name`, `email`, `usertype`) VALUES ('اميره محمد ابراهيم متولى عبد الكريم ', '', 'الخريجين');
INSERT INTO `lk9v6_alumni_main` (`id`, `user_id`, `approved`) VALUES (240537, 240537, 1);
INSERT INTO `lk9v6_alumni_data` (`alumni_id`, `graduation_year`, `fid`, `job`, `address`, `city`, `country`, `phone`, `gid`, `mobile`, `nationalnumber`, `department`, `division`, `with_honor`) VALUES (240537, 2016, '2', '', '', '', '', '', 'جيد جدا', '', '', '', '', '');
INSERT INTO `lk9v6_users` (`name`, `email`, `usertype`) VALUES ('اميمه نصر محمد عبد العظيم شحاته', '', 'الخريجين');
INSERT INTO `lk9v6_alumni_main` (`id`, `user_id`, `approved`) VALUES (240538, 240538, 1);
INSERT INTO `lk9v6_alumni_data` (`alumni_id`, `graduation_year`, `fid`, `job`, `address`, `city`, `country`, `phone`, `gid`, `mobile`, `nationalnumber`, `department`, `division`, `with_honor`) VALUES (240538, 2016, '2', '', '', '', '', '', 'جيد جدا', '', '', '', '', '');
INSERT INTO `lk9v6_users` (`name`, `email`, `usertype`) VALUES ('انجى حسام احمد محمد الطراوى ', '', 'الخريجين');
INSERT INTO `lk9v6_alumni_main` (`id`, `user_id`, `approved`) VALUES (240539, 240539, 1);
INSERT INTO `lk9v6_alumni_data` (`alumni_id`, `graduation_year`, `fid`, `job`, `address`, `city`, `country`, `phone`, `gid`, `mobile`, `nationalnumber`, `department`, `division`, `with_honor`) VALUES (240539, 2016, '2', '', '', '', '', '', 'جيد جدا', '', '', '', '', '');
INSERT INTO `lk9v6_users` (`name`, `email`, `usertype`) VALUES ('اندراوس يونان فرج حنا', '', 'الخريجين');
INSERT INTO `lk9v6_alumni_main` (`id`, `user_id`, `approved`) VALUES (240540, 240540, 1);
INSERT INTO `lk9v6_alumni_data` (`alumni_id`, `graduation_year`, `fid`, `job`, `address`, `city`, `country`, `phone`, `gid`, `mobile`, `nationalnumber`, `department`, `division`, `with_honor`) VALUES (240540, 2016, '2', '', '', '', '', '', 'جيد جدا', '', '', '', '', '');
INSERT INTO `lk9v6_users` (`name`, `email`, `usertype`) VALUES ('ايات احمد عبد الرحمن محمد مدين', '', 'الخريجين');
INSERT INTO `lk9v6_alumni_main` (`id`, `user_id`, `approved`) VALUES (240541, 240541, 1);
INSERT INTO `lk9v6_alumni_data` (`alumni_id`, `graduation_year`, `fid`, `job`, `address`, `city`, `country`, `phone`, `gid`, `mobile`, `nationalnumber`, `department`, `division`, `with_honor`) VALUES (240541, 2016, '2', '', '', '', '', '', 'جيد جدا', '', '', '', '', '');
INSERT INTO `lk9v6_users` (`name`, `email`, `usertype`) VALUES ('ايات عادل محمد عبد الحميد السلامى', '', 'الخريجين');
INSERT INTO `lk9v6_alumni_main` (`id`, `user_id`, `approved`) VALUES (240542, 240542, 1);
INSERT INTO `lk9v6_alumni_data` (`alumni_id`, `graduation_year`, `fid`, `job`, `address`, `city`, `country`, `phone`, `gid`, `mobile`, `nationalnumber`, `department`, `division`, `with_honor`) VALUES (240542, 2016, '2', '', '', '', '', '', 'جيد جدا', '', '', '', '', '');
INSERT INTO `lk9v6_users` (`name`, `email`, `usertype`) VALUES ('ايه الله محمد السعيد غانم السيد احمد', '', 'الخريجين');
INSERT INTO `lk9v6_alumni_main` (`id`, `user_id`, `approved`) VALUES (240543, 240543, 1);
INSERT INTO `lk9v6_alumni_data` (`alumni_id`, `graduation_year`, `fid`, `job`, `address`, `city`, `country`, `phone`, `gid`, `mobile`, `nationalnumber`, `department`, `division`, `with_honor`) VALUES (240543, 2016, '2', '', '', '', '', '', 'جيد جدا', '', '', '', '', '');
INSERT INTO `lk9v6_users` (`name`, `email`, `usertype`) VALUES ('ايمان ابراهيم عبد الرؤف حفينه', '', 'الخريجين');
INSERT INTO `lk9v6_alumni_main` (`id`, `user_id`, `approved`) VALUES (240544, 240544, 1);
INSERT INTO `lk9v6_alumni_data` (`alumni_id`, `graduation_year`, `fid`, `job`, `address`, `city`, `country`, `phone`, `gid`, `mobile`, `nationalnumber`, `department`, `division`, `with_honor`) VALUES (240544, 2016, '2', '', '', '', '', '', 'جيد جدا', '', '', '', '', '');
INSERT INTO `lk9v6_users` (`name`, `email`, `usertype`) VALUES ('ايمان احمد عامر محمود السحراوى', '', 'الخريجين');
INSERT INTO `lk9v6_alumni_main` (`id`, `user_id`, `approved`) VALUES (240545, 240545, 1);
INSERT INTO `lk9v6_alumni_data` (`alumni_id`, `graduation_year`, `fid`, `job`, `address`, `city`, `country`, `phone`, `gid`, `mobile`, `nationalnumber`, `department`, `division`, `with_honor`) VALUES (240545, 2016, '2', '', '', '', '', '', 'جيد جدا', '', '', '', '', '');
INSERT INTO `lk9v6_users` (`name`, `email`, `usertype`) VALUES ('ايمان احمد عبد المحسن عبد الله', '', 'الخريجين');
INSERT INTO `lk9v6_alumni_main` (`id`, `user_id`, `approved`) VALUES (240546, 240546, 1);
INSERT INTO `lk9v6_alumni_data` (`alumni_id`, `graduation_year`, `fid`, `job`, `address`, `city`, `country`, `phone`, `gid`, `mobile`, `nationalnumber`, `department`, `division`, `with_honor`) VALUES (240546, 2016, '2', '', '', '', '', '', 'جيد جدا', '', '', '', '', '');
INSERT INTO `lk9v6_users` (`name`, `email`, `usertype`) VALUES ('ايمان احمد محمد مصطفى ', '', 'الخريجين');
INSERT INTO `lk9v6_alumni_main` (`id`, `user_id`, `approved`) VALUES (240547, 240547, 1);
INSERT INTO `lk9v6_alumni_data` (`alumni_id`, `graduation_year`, `fid`, `job`, `address`, `city`, `country`, `phone`, `gid`, `mobile`, `nationalnumber`, `department`, `division`, `with_honor`) VALUES (240547, 2016, '2', '', '', '', '', '', 'جيد جدا', '', '', '', '', '');
INSERT INTO `lk9v6_users` (`name`, `email`, `usertype`) VALUES ('ايمان اشرف محمد عبد السلام', '', 'الخريجين');
INSERT INTO `lk9v6_alumni_main` (`id`, `user_id`, `approved`) VALUES (240548, 240548, 1);
INSERT INTO `lk9v6_alumni_data` (`alumni_id`, `graduation_year`, `fid`, `job`, `address`, `city`, `country`, `phone`, `gid`, `mobile`, `nationalnumber`, `department`, `division`, `with_honor`) VALUES (240548, 2016, '2', '', '', '', '', '', 'جيد جدا', '', '', '', '', '');
INSERT INTO `lk9v6_users` (`name`, `email`, `usertype`) VALUES ('ايمان بدر محمد محمد عطيه', '', 'الخريجين');
INSERT INTO `lk9v6_alumni_main` (`id`, `user_id`, `approved`) VALUES (240549, 240549, 1);
INSERT INTO `lk9v6_alumni_data` (`alumni_id`, `graduation_year`, `fid`, `job`, `address`, `city`, `country`, `phone`, `gid`, `mobile`, `nationalnumber`, `department`, `division`, `with_honor`) VALUES (240549, 2016, '2', '', '', '', '', '', 'جيد جدا', '', '', '', '', '');
INSERT INTO `lk9v6_users` (`name`, `email`, `usertype`) VALUES ('ايمان حافظ محمد الانور حافظ', '', 'الخريجين');
INSERT INTO `lk9v6_alumni_main` (`id`, `user_id`, `approved`) VALUES (240550, 240550, 1);
INSERT INTO `lk9v6_alumni_data` (`alumni_id`, `graduation_year`, `fid`, `job`, `address`, `city`, `country`, `phone`, `gid`, `mobile`, `nationalnumber`, `department`, `division`, `with_honor`) VALUES (240550, 2016, '2', '', '', '', '', '', 'جيد جدا', '', '', '', '', '');
INSERT INTO `lk9v6_users` (`name`, `email`, `usertype`) VALUES ('ايمان رضا فتحى الخواجه', '', 'الخريجين');
INSERT INTO `lk9v6_alumni_main` (`id`, `user_id`, `approved`) VALUES (240551, 240551, 1);
INSERT INTO `lk9v6_alumni_data` (`alumni_id`, `graduation_year`, `fid`, `job`, `address`, `city`, `country`, `phone`, `gid`, `mobile`, `nationalnumber`, `department`, `division`, `with_honor`) VALUES (240551, 2016, '2', '', '', '', '', '', 'جيد جدا', '', '', '', '', '');
INSERT INTO `lk9v6_users` (`name`, `email`, `usertype`) VALUES ('ايمان زكى خليل زكى المعداوى', '', 'الخريجين');
INSERT INTO `lk9v6_alumni_main` (`id`, `user_id`, `approved`) VALUES (240552, 240552, 1);
INSERT INTO `lk9v6_alumni_data` (`alumni_id`, `graduation_year`, `fid`, `job`, `address`, `city`, `country`, `phone`, `gid`, `mobile`, `nationalnumber`, `department`, `division`, `with_honor`) VALUES (240552, 2016, '2', '', '', '', '', '', 'جيد جدا', '', '', '', '', '');
INSERT INTO `lk9v6_users` (`name`, `email`, `usertype`) VALUES ('ايمان عثمان محمد حسين رجب', '', 'الخريجين');
INSERT INTO `lk9v6_alumni_main` (`id`, `user_id`, `approved`) VALUES (240553, 240553, 1);
INSERT INTO `lk9v6_alumni_data` (`alumni_id`, `graduation_year`, `fid`, `job`, `address`, `city`, `country`, `phone`, `gid`, `mobile`, `nationalnumber`, `department`, `division`, `with_honor`) VALUES (240553, 2016, '2', '', '', '', '', '', 'جيد جدا', '', '', '', '', '');
INSERT INTO `lk9v6_users` (`name`, `email`, `usertype`) VALUES ('ايمان لبيب ابراهيم بركات', '', 'الخريجين');
INSERT INTO `lk9v6_alumni_main` (`id`, `user_id`, `approved`) VALUES (240554, 240554, 1);
INSERT INTO `lk9v6_alumni_data` (`alumni_id`, `graduation_year`, `fid`, `job`, `address`, `city`, `country`, `phone`, `gid`, `mobile`, `nationalnumber`, `department`, `division`, `with_honor`) VALUES (240554, 2016, '2', '', '', '', '', '', 'جيد جدا', '', '', '', '', '');
INSERT INTO `lk9v6_users` (`name`, `email`, `usertype`) VALUES ('ايمان محمد عبد المطلب حميده ', '', 'الخريجين');
INSERT INTO `lk9v6_alumni_main` (`id`, `user_id`, `approved`) VALUES (240555, 240555, 1);
INSERT INTO `lk9v6_alumni_data` (`alumni_id`, `graduation_year`, `fid`, `job`, `address`, `city`, `country`, `phone`, `gid`, `mobile`, `nationalnumber`, `department`, `division`, `with_honor`) VALUES (240555, 2016, '2', '', '', '', '', '', 'جيد جدا', '', '', '', '', '');
INSERT INTO `lk9v6_users` (`name`, `email`, `usertype`) VALUES ('ايمان محمد على حسن محمد', '', 'الخريجين');
INSERT INTO `lk9v6_alumni_main` (`id`, `user_id`, `approved`) VALUES (240556, 240556, 1);
INSERT INTO `lk9v6_alumni_data` (`alumni_id`, `graduation_year`, `fid`, `job`, `address`, `city`, `country`, `phone`, `gid`, `mobile`, `nationalnumber`, `department`, `division`, `with_honor`) VALUES (240556, 2016, '2', '', '', '', '', '', 'جيد جدا', '', '', '', '', '');
INSERT INTO `lk9v6_users` (`name`, `email`, `usertype`) VALUES ('ايمان محمود بهى الدين ابراهيم بحيرى', '', 'الخريجين');
INSERT INTO `lk9v6_alumni_main` (`id`, `user_id`, `approved`) VALUES (240557, 240557, 1);
INSERT INTO `lk9v6_alumni_data` (`alumni_id`, `graduation_year`, `fid`, `job`, `address`, `city`, `country`, `phone`, `gid`, `mobile`, `nationalnumber`, `department`, `division`, `with_honor`) VALUES (240557, 2016, '2', '', '', '', '', '', 'جيد جدا', '', '', '', '', '');
INSERT INTO `lk9v6_users` (`name`, `email`, `usertype`) VALUES ('ايمان محمود عثمان عبد الرحيم احمد', '', 'الخريجين');
INSERT INTO `lk9v6_alumni_main` (`id`, `user_id`, `approved`) VALUES (240558, 240558, 1);
INSERT INTO `lk9v6_alumni_data` (`alumni_id`, `graduation_year`, `fid`, `job`, `address`, `city`, `country`, `phone`, `gid`, `mobile`, `nationalnumber`, `department`, `division`, `with_honor`) VALUES (240558, 2016, '2', '', '', '', '', '', 'جيد جدا', '', '', '', '', '');
INSERT INTO `lk9v6_users` (`name`, `email`, `usertype`) VALUES ('ايناس احمد محمد عبد الواحد غوش', '', 'الخريجين');
INSERT INTO `lk9v6_alumni_main` (`id`, `user_id`, `approved`) VALUES (240559, 240559, 1);
INSERT INTO `lk9v6_alumni_data` (`alumni_id`, `graduation_year`, `fid`, `job`, `address`, `city`, `country`, `phone`, `gid`, `mobile`, `nationalnumber`, `department`, `division`, `with_honor`) VALUES (240559, 2016, '2', '', '', '', '', '', 'جيد جدا', '', '', '', '', '');
INSERT INTO `lk9v6_users` (`name`, `email`, `usertype`) VALUES ('ايناس طه محمد قطب عبد الله', '', 'الخريجين');
INSERT INTO `lk9v6_alumni_main` (`id`, `user_id`, `approved`) VALUES (240560, 240560, 1);
INSERT INTO `lk9v6_alumni_data` (`alumni_id`, `graduation_year`, `fid`, `job`, `address`, `city`, `country`, `phone`, `gid`, `mobile`, `nationalnumber`, `department`, `division`, `with_honor`) VALUES (240560, 2016, '2', '', '', '', '', '', 'جيد جدا', '', '', '', '', '');
INSERT INTO `lk9v6_users` (`name`, `email`, `usertype`) VALUES ('ايناس محمد محمود عبد ربه', '', 'الخريجين');
INSERT INTO `lk9v6_alumni_main` (`id`, `user_id`, `approved`) VALUES (240561, 240561, 1);
INSERT INTO `lk9v6_alumni_data` (`alumni_id`, `graduation_year`, `fid`, `job`, `address`, `city`, `country`, `phone`, `gid`, `mobile`, `nationalnumber`, `department`, `division`, `with_honor`) VALUES (240561, 2016, '2', '', '', '', '', '', 'جيد جدا', '', '', '', '', '');
INSERT INTO `lk9v6_users` (`name`, `email`, `usertype`) VALUES ('ايناس محمود على حسنين', '', 'الخريجين');
INSERT INTO `lk9v6_alumni_main` (`id`, `user_id`, `approved`) VALUES (240562, 240562, 1);
INSERT INTO `lk9v6_alumni_data` (`alumni_id`, `graduation_year`, `fid`, `job`, `address`, `city`, `country`, `phone`, `gid`, `mobile`, `nationalnumber`, `department`, `division`, `with_honor`) VALUES (240562, 2016, '2', '', '', '', '', '', 'جيد جدا', '', '', '', '', '');
INSERT INTO `lk9v6_users` (`name`, `email`, `usertype`) VALUES ('ايه ابراهيم امبابى محمد دسوقى', '', 'الخريجين');
INSERT INTO `lk9v6_alumni_main` (`id`, `user_id`, `approved`) VALUES (240563, 240563, 1);
INSERT INTO `lk9v6_alumni_data` (`alumni_id`, `graduation_year`, `fid`, `job`, `address`, `city`, `country`, `phone`, `gid`, `mobile`, `nationalnumber`, `department`, `division`, `with_honor`) VALUES (240563, 2016, '2', '', '', '', '', '', 'جيد جدا', '', '', '', '', '');
INSERT INTO `lk9v6_users` (`name`, `email`, `usertype`) VALUES ('ايه احمد يسرى حسين محمود الكبشاوى', '', 'الخريجين');
INSERT INTO `lk9v6_alumni_main` (`id`, `user_id`, `approved`) VALUES (240564, 240564, 1);
INSERT INTO `lk9v6_alumni_data` (`alumni_id`, `graduation_year`, `fid`, `job`, `address`, `city`, `country`, `phone`, `gid`, `mobile`, `nationalnumber`, `department`, `division`, `with_honor`) VALUES (240564, 2016, '2', '', '', '', '', '', 'جيد جدا', '', '', '', '', '');
INSERT INTO `lk9v6_users` (`name`, `email`, `usertype`) VALUES ('ايه السيد محمد الرشيدى', '', 'الخريجين');
INSERT INTO `lk9v6_alumni_main` (`id`, `user_id`, `approved`) VALUES (240565, 240565, 1);
INSERT INTO `lk9v6_alumni_data` (`alumni_id`, `graduation_year`, `fid`, `job`, `address`, `city`, `country`, `phone`, `gid`, `mobile`, `nationalnumber`, `department`, `division`, `with_honor`) VALUES (240565, 2016, '2', '', '', '', '', '', 'جيد جدا', '', '', '', '', '');
INSERT INTO `lk9v6_users` (`name`, `email`, `usertype`) VALUES ('ايه امير رمزى رفعت ابو العنين', '', 'الخريجين');
INSERT INTO `lk9v6_alumni_main` (`id`, `user_id`, `approved`) VALUES (240566, 240566, 1);
INSERT INTO `lk9v6_alumni_data` (`alumni_id`, `graduation_year`, `fid`, `job`, `address`, `city`, `country`, `phone`, `gid`, `mobile`, `nationalnumber`, `department`, `division`, `with_honor`) VALUES (240566, 2016, '2', '', '', '', '', '', 'جيد جدا', '', '', '', '', '');
INSERT INTO `lk9v6_users` (`name`, `email`, `usertype`) VALUES ('ايه حسن السيد محمد', '', 'الخريجين');
INSERT INTO `lk9v6_alumni_main` (`id`, `user_id`, `approved`) VALUES (240567, 240567, 1);
INSERT INTO `lk9v6_alumni_data` (`alumni_id`, `graduation_year`, `fid`, `job`, `address`, `city`, `country`, `phone`, `gid`, `mobile`, `nationalnumber`, `department`, `division`, `with_honor`) VALUES (240567, 2016, '2', '', '', '', '', '', 'جيد جدا', '', '', '', '', '');
INSERT INTO `lk9v6_users` (`name`, `email`, `usertype`) VALUES ('ايه حمدى عبد الكريم احمد الحمراوى', '', 'الخريجين');
INSERT INTO `lk9v6_alumni_main` (`id`, `user_id`, `approved`) VALUES (240568, 240568, 1);
INSERT INTO `lk9v6_alumni_data` (`alumni_id`, `graduation_year`, `fid`, `job`, `address`, `city`, `country`, `phone`, `gid`, `mobile`, `nationalnumber`, `department`, `division`, `with_honor`) VALUES (240568, 2016, '2', '', '', '', '', '', 'جيد جدا', '', '', '', '', '');
INSERT INTO `lk9v6_users` (`name`, `email`, `usertype`) VALUES ('ايه حمدى فتح الله الخطيب', '', 'الخريجين');
INSERT INTO `lk9v6_alumni_main` (`id`, `user_id`, `approved`) VALUES (240569, 240569, 1);
INSERT INTO `lk9v6_alumni_data` (`alumni_id`, `graduation_year`, `fid`, `job`, `address`, `city`, `country`, `phone`, `gid`, `mobile`, `nationalnumber`, `department`, `division`, `with_honor`) VALUES (240569, 2016, '2', '', '', '', '', '', 'جيد جدا', '', '', '', '', '');
INSERT INTO `lk9v6_users` (`name`, `email`, `usertype`) VALUES ('ايه رمضان حسان توفيق ', '', 'الخريجين');
INSERT INTO `lk9v6_alumni_main` (`id`, `user_id`, `approved`) VALUES (240570, 240570, 1);
INSERT INTO `lk9v6_alumni_data` (`alumni_id`, `graduation_year`, `fid`, `job`, `address`, `city`, `country`, `phone`, `gid`, `mobile`, `nationalnumber`, `department`, `division`, `with_honor`) VALUES (240570, 2016, '2', '', '', '', '', '', 'جيد جدا', '', '', '', '', '');
INSERT INTO `lk9v6_users` (`name`, `email`, `usertype`) VALUES ('ايه سعيد عارف خليل الزهرى ', '', 'الخريجين');
INSERT INTO `lk9v6_alumni_main` (`id`, `user_id`, `approved`) VALUES (240571, 240571, 1);
INSERT INTO `lk9v6_alumni_data` (`alumni_id`, `graduation_year`, `fid`, `job`, `address`, `city`, `country`, `phone`, `gid`, `mobile`, `nationalnumber`, `department`, `division`, `with_honor`) VALUES (240571, 2016, '2', '', '', '', '', '', 'جيد جدا', '', '', '', '', '');
INSERT INTO `lk9v6_users` (`name`, `email`, `usertype`) VALUES ('ايه صلاح عبد الستار محمد الفضالى ', '', 'الخريجين');
INSERT INTO `lk9v6_alumni_main` (`id`, `user_id`, `approved`) VALUES (240572, 240572, 1);
INSERT INTO `lk9v6_alumni_data` (`alumni_id`, `graduation_year`, `fid`, `job`, `address`, `city`, `country`, `phone`, `gid`, `mobile`, `nationalnumber`, `department`, `division`, `with_honor`) VALUES (240572, 2016, '2', '', '', '', '', '', 'جيد جدا', '', '', '', '', '');
INSERT INTO `lk9v6_users` (`name`, `email`, `usertype`) VALUES ('ايه عز الدين محمد احمد خليفه      ', '', 'الخريجين');
INSERT INTO `lk9v6_alumni_main` (`id`, `user_id`, `approved`) VALUES (240573, 240573, 1);
INSERT INTO `lk9v6_alumni_data` (`alumni_id`, `graduation_year`, `fid`, `job`, `address`, `city`, `country`, `phone`, `gid`, `mobile`, `nationalnumber`, `department`, `division`, `with_honor`) VALUES (240573, 2016, '2', '', '', '', '', '', 'جيد جدا', '', '', '', '', '');
INSERT INTO `lk9v6_users` (`name`, `email`, `usertype`) VALUES ('ايه عصام محمد المسيرى', '', 'الخريجين');
INSERT INTO `lk9v6_alumni_main` (`id`, `user_id`, `approved`) VALUES (240574, 240574, 1);
INSERT INTO `lk9v6_alumni_data` (`alumni_id`, `graduation_year`, `fid`, `job`, `address`, `city`, `country`, `phone`, `gid`, `mobile`, `nationalnumber`, `department`, `division`, `with_honor`) VALUES (240574, 2016, '2', '', '', '', '', '', 'جيد جدا', '', '', '', '', '');
INSERT INTO `lk9v6_users` (`name`, `email`, `usertype`) VALUES ('ايه محمد ابرهيم الدسوقى', '', 'الخريجين');
INSERT INTO `lk9v6_alumni_main` (`id`, `user_id`, `approved`) VALUES (240575, 240575, 1);
INSERT INTO `lk9v6_alumni_data` (`alumni_id`, `graduation_year`, `fid`, `job`, `address`, `city`, `country`, `phone`, `gid`, `mobile`, `nationalnumber`, `department`, `division`, `with_honor`) VALUES (240575, 2016, '2', '', '', '', '', '', 'جيد جدا', '', '', '', '', '');
INSERT INTO `lk9v6_users` (`name`, `email`, `usertype`) VALUES ('ايه محمد على عبد الحميد', '', 'الخريجين');
INSERT INTO `lk9v6_alumni_main` (`id`, `user_id`, `approved`) VALUES (240576, 240576, 1);
INSERT INTO `lk9v6_alumni_data` (`alumni_id`, `graduation_year`, `fid`, `job`, `address`, `city`, `country`, `phone`, `gid`, `mobile`, `nationalnumber`, `department`, `division`, `with_honor`) VALUES (240576, 2016, '2', '', '', '', '', '', 'جيد جدا', '', '', '', '', '');
INSERT INTO `lk9v6_users` (`name`, `email`, `usertype`) VALUES ('ايه محمد فؤاد احمد جامع', '', 'الخريجين');
INSERT INTO `lk9v6_alumni_main` (`id`, `user_id`, `approved`) VALUES (240577, 240577, 1);
INSERT INTO `lk9v6_alumni_data` (`alumni_id`, `graduation_year`, `fid`, `job`, `address`, `city`, `country`, `phone`, `gid`, `mobile`, `nationalnumber`, `department`, `division`, `with_honor`) VALUES (240577, 2016, '2', '', '', '', '', '', 'جيد جدا', '', '', '', '', '');
INSERT INTO `lk9v6_users` (`name`, `email`, `usertype`) VALUES ('باسم فتحى مقبل عثمان الديب', '', 'الخريجين');
INSERT INTO `lk9v6_alumni_main` (`id`, `user_id`, `approved`) VALUES (240578, 240578, 1);
INSERT INTO `lk9v6_alumni_data` (`alumni_id`, `graduation_year`, `fid`, `job`, `address`, `city`, `country`, `phone`, `gid`, `mobile`, `nationalnumber`, `department`, `division`, `with_honor`) VALUES (240578, 2016, '2', '', '', '', '', '', 'جيد جدا', '', '', '', '', '');
INSERT INTO `lk9v6_users` (`name`, `email`, `usertype`) VALUES ('بانسيه عطية يوسف جاد قريطم', '', 'الخريجين');
INSERT INTO `lk9v6_alumni_main` (`id`, `user_id`, `approved`) VALUES (240579, 240579, 1);
INSERT INTO `lk9v6_alumni_data` (`alumni_id`, `graduation_year`, `fid`, `job`, `address`, `city`, `country`, `phone`, `gid`, `mobile`, `nationalnumber`, `department`, `division`, `with_honor`) VALUES (240579, 2016, '2', '', '', '', '', '', 'جيد جدا', '', '', '', '', '');
INSERT INTO `lk9v6_users` (`name`, `email`, `usertype`) VALUES ('بسنت بسيونى محمد بسيونى عبد التواب', '', 'الخريجين');
INSERT INTO `lk9v6_alumni_main` (`id`, `user_id`, `approved`) VALUES (240580, 240580, 1);
INSERT INTO `lk9v6_alumni_data` (`alumni_id`, `graduation_year`, `fid`, `job`, `address`, `city`, `country`, `phone`, `gid`, `mobile`, `nationalnumber`, `department`, `division`, `with_honor`) VALUES (240580, 2016, '2', '', '', '', '', '', 'جيد جدا', '', '', '', '', '');
INSERT INTO `lk9v6_users` (`name`, `email`, `usertype`) VALUES ('بسنت عادل اسماعيل حسين احمد ', '', 'الخريجين');
INSERT INTO `lk9v6_alumni_main` (`id`, `user_id`, `approved`) VALUES (240581, 240581, 1);
INSERT INTO `lk9v6_alumni_data` (`alumni_id`, `graduation_year`, `fid`, `job`, `address`, `city`, `country`, `phone`, `gid`, `mobile`, `nationalnumber`, `department`, `division`, `with_honor`) VALUES (240581, 2016, '2', '', '', '', '', '', 'جيد جدا', '', '', '', '', '');
INSERT INTO `lk9v6_users` (`name`, `email`, `usertype`) VALUES ('بسنت عادل عبد الهادى الراعى متولى', '', 'الخريجين');
INSERT INTO `lk9v6_alumni_main` (`id`, `user_id`, `approved`) VALUES (240582, 240582, 1);
INSERT INTO `lk9v6_alumni_data` (`alumni_id`, `graduation_year`, `fid`, `job`, `address`, `city`, `country`, `phone`, `gid`, `mobile`, `nationalnumber`, `department`, `division`, `with_honor`) VALUES (240582, 2016, '2', '', '', '', '', '', 'جيد جدا', '', '', '', '', '');
INSERT INTO `lk9v6_users` (`name`, `email`, `usertype`) VALUES ('بلال عبد الحميد محمد معوض العسكرى', '', 'الخريجين');
INSERT INTO `lk9v6_alumni_main` (`id`, `user_id`, `approved`) VALUES (240583, 240583, 1);
INSERT INTO `lk9v6_alumni_data` (`alumni_id`, `graduation_year`, `fid`, `job`, `address`, `city`, `country`, `phone`, `gid`, `mobile`, `nationalnumber`, `department`, `division`, `with_honor`) VALUES (240583, 2016, '2', '', '', '', '', '', 'جيد جدا', '', '', '', '', '');
INSERT INTO `lk9v6_users` (`name`, `email`, `usertype`) VALUES ('تغريد محمود محمد عبد العليم الضويمر ', '', 'الخريجين');
INSERT INTO `lk9v6_alumni_main` (`id`, `user_id`, `approved`) VALUES (240584, 240584, 1);
INSERT INTO `lk9v6_alumni_data` (`alumni_id`, `graduation_year`, `fid`, `job`, `address`, `city`, `country`, `phone`, `gid`, `mobile`, `nationalnumber`, `department`, `division`, `with_honor`) VALUES (240584, 2016, '2', '', '', '', '', '', 'جيد جدا', '', '', '', '', '');
INSERT INTO `lk9v6_users` (`name`, `email`, `usertype`) VALUES ('تقى محمد سعيد عبد السميع سليمان', '', 'الخريجين');
INSERT INTO `lk9v6_alumni_main` (`id`, `user_id`, `approved`) VALUES (240585, 240585, 1);
INSERT INTO `lk9v6_alumni_data` (`alumni_id`, `graduation_year`, `fid`, `job`, `address`, `city`, `country`, `phone`, `gid`, `mobile`, `nationalnumber`, `department`, `division`, `with_honor`) VALUES (240585, 2016, '2', '', '', '', '', '', 'جيد جدا', '', '', '', '', '');
INSERT INTO `lk9v6_users` (`name`, `email`, `usertype`) VALUES ('جابر السيد جابر صبحى', '', 'الخريجين');
INSERT INTO `lk9v6_alumni_main` (`id`, `user_id`, `approved`) VALUES (240586, 240586, 1);
INSERT INTO `lk9v6_alumni_data` (`alumni_id`, `graduation_year`, `fid`, `job`, `address`, `city`, `country`, `phone`, `gid`, `mobile`, `nationalnumber`, `department`, `division`, `with_honor`) VALUES (240586, 2016, '2', '', '', '', '', '', 'جيد جدا', '', '', '', '', '');
INSERT INTO `lk9v6_users` (`name`, `email`, `usertype`) VALUES ('جلال اشرف جلال المنيرى قطب', '', 'الخريجين');
INSERT INTO `lk9v6_alumni_main` (`id`, `user_id`, `approved`) VALUES (240587, 240587, 1);
INSERT INTO `lk9v6_alumni_data` (`alumni_id`, `graduation_year`, `fid`, `job`, `address`, `city`, `country`, `phone`, `gid`, `mobile`, `nationalnumber`, `department`, `division`, `with_honor`) VALUES (240587, 2016, '2', '', '', '', '', '', 'جيد جدا', '', '', '', '', '');
INSERT INTO `lk9v6_users` (`name`, `email`, `usertype`) VALUES ('جهاد على حسن محمود محمد', '', 'الخريجين');
INSERT INTO `lk9v6_alumni_main` (`id`, `user_id`, `approved`) VALUES (240588, 240588, 1);
INSERT INTO `lk9v6_alumni_data` (`alumni_id`, `graduation_year`, `fid`, `job`, `address`, `city`, `country`, `phone`, `gid`, `mobile`, `nationalnumber`, `department`, `division`, `with_honor`) VALUES (240588, 2016, '2', '', '', '', '', '', 'جيد جدا', '', '', '', '', '');
INSERT INTO `lk9v6_users` (`name`, `email`, `usertype`) VALUES ('جهاد عوض بدر فرج بدر', '', 'الخريجين');
INSERT INTO `lk9v6_alumni_main` (`id`, `user_id`, `approved`) VALUES (240589, 240589, 1);
INSERT INTO `lk9v6_alumni_data` (`alumni_id`, `graduation_year`, `fid`, `job`, `address`, `city`, `country`, `phone`, `gid`, `mobile`, `nationalnumber`, `department`, `division`, `with_honor`) VALUES (240589, 2016, '2', '', '', '', '', '', 'جيد جدا', '', '', '', '', '');
INSERT INTO `lk9v6_users` (`name`, `email`, `usertype`) VALUES ('جهاد محمود خليل حبليزه', '', 'الخريجين');
INSERT INTO `lk9v6_alumni_main` (`id`, `user_id`, `approved`) VALUES (240590, 240590, 1);
INSERT INTO `lk9v6_alumni_data` (`alumni_id`, `graduation_year`, `fid`, `job`, `address`, `city`, `country`, `phone`, `gid`, `mobile`, `nationalnumber`, `department`, `division`, `with_honor`) VALUES (240590, 2016, '2', '', '', '', '', '', 'جيد جدا', '', '', '', '', '');
INSERT INTO `lk9v6_users` (`name`, `email`, `usertype`) VALUES ('جهاد ممدوح عبد العزيز احمد الفقى', '', 'الخريجين');
INSERT INTO `lk9v6_alumni_main` (`id`, `user_id`, `approved`) VALUES (240591, 240591, 1);
INSERT INTO `lk9v6_alumni_data` (`alumni_id`, `graduation_year`, `fid`, `job`, `address`, `city`, `country`, `phone`, `gid`, `mobile`, `nationalnumber`, `department`, `division`, `with_honor`) VALUES (240591, 2016, '2', '', '', '', '', '', 'جيد جدا', '', '', '', '', '');
INSERT INTO `lk9v6_users` (`name`, `email`, `usertype`) VALUES ('جهاد يحيى عبد السلام عبد الناصر ', '', 'الخريجين');
INSERT INTO `lk9v6_alumni_main` (`id`, `user_id`, `approved`) VALUES (240592, 240592, 1);
INSERT INTO `lk9v6_alumni_data` (`alumni_id`, `graduation_year`, `fid`, `job`, `address`, `city`, `country`, `phone`, `gid`, `mobile`, `nationalnumber`, `department`, `division`, `with_honor`) VALUES (240592, 2016, '2', '', '', '', '', '', 'جيد جدا', '', '', '', '', '');
INSERT INTO `lk9v6_users` (`name`, `email`, `usertype`) VALUES ('جيانا عادل عزيز ميخائيل ', '', 'الخريجين');
INSERT INTO `lk9v6_alumni_main` (`id`, `user_id`, `approved`) VALUES (240593, 240593, 1);
INSERT INTO `lk9v6_alumni_data` (`alumni_id`, `graduation_year`, `fid`, `job`, `address`, `city`, `country`, `phone`, `gid`, `mobile`, `nationalnumber`, `department`, `division`, `with_honor`) VALUES (240593, 2016, '2', '', '', '', '', '', 'جيد جدا', '', '', '', '', '');
INSERT INTO `lk9v6_users` (`name`, `email`, `usertype`) VALUES ('جيلان جمال عبد القادر عبد السميع الحنفى', '', 'الخريجين');
INSERT INTO `lk9v6_alumni_main` (`id`, `user_id`, `approved`) VALUES (240594, 240594, 1);
INSERT INTO `lk9v6_alumni_data` (`alumni_id`, `graduation_year`, `fid`, `job`, `address`, `city`, `country`, `phone`, `gid`, `mobile`, `nationalnumber`, `department`, `division`, `with_honor`) VALUES (240594, 2016, '2', '', '', '', '', '', 'جيد جدا', '', '', '', '', '');
INSERT INTO `lk9v6_users` (`name`, `email`, `usertype`) VALUES ('حسام نبيل رشدى عبد اللطيف ', '', 'الخريجين');
INSERT INTO `lk9v6_alumni_main` (`id`, `user_id`, `approved`) VALUES (240595, 240595, 1);
INSERT INTO `lk9v6_alumni_data` (`alumni_id`, `graduation_year`, `fid`, `job`, `address`, `city`, `country`, `phone`, `gid`, `mobile`, `nationalnumber`, `department`, `division`, `with_honor`) VALUES (240595, 2016, '2', '', '', '', '', '', 'جيد جدا', '', '', '', '', '');
INSERT INTO `lk9v6_users` (`name`, `email`, `usertype`) VALUES ('حسن السيد عبد العزيز اسماعيل داغر ', '', 'الخريجين');
INSERT INTO `lk9v6_alumni_main` (`id`, `user_id`, `approved`) VALUES (240596, 240596, 1);
INSERT INTO `lk9v6_alumni_data` (`alumni_id`, `graduation_year`, `fid`, `job`, `address`, `city`, `country`, `phone`, `gid`, `mobile`, `nationalnumber`, `department`, `division`, `with_honor`) VALUES (240596, 2016, '2', '', '', '', '', '', 'جيد جدا', '', '', '', '', '');
INSERT INTO `lk9v6_users` (`name`, `email`, `usertype`) VALUES ('حسن السيد عبد القادر جبر', '', 'الخريجين');
INSERT INTO `lk9v6_alumni_main` (`id`, `user_id`, `approved`) VALUES (240597, 240597, 1);
INSERT INTO `lk9v6_alumni_data` (`alumni_id`, `graduation_year`, `fid`, `job`, `address`, `city`, `country`, `phone`, `gid`, `mobile`, `nationalnumber`, `department`, `division`, `with_honor`) VALUES (240597, 2016, '2', '', '', '', '', '', 'جيد جدا', '', '', '', '', '');
INSERT INTO `lk9v6_users` (`name`, `email`, `usertype`) VALUES ('حسناء حمدى السيد كامل المستكاوى', '', 'الخريجين');
INSERT INTO `lk9v6_alumni_main` (`id`, `user_id`, `approved`) VALUES (240598, 240598, 1);
INSERT INTO `lk9v6_alumni_data` (`alumni_id`, `graduation_year`, `fid`, `job`, `address`, `city`, `country`, `phone`, `gid`, `mobile`, `nationalnumber`, `department`, `division`, `with_honor`) VALUES (240598, 2016, '2', '', '', '', '', '', 'جيد جدا', '', '', '', '', '');
INSERT INTO `lk9v6_users` (`name`, `email`, `usertype`) VALUES ('حسناء مصطفى ابراهيم عيسى ابراهيم', '', 'الخريجين');
INSERT INTO `lk9v6_alumni_main` (`id`, `user_id`, `approved`) VALUES (240599, 240599, 1);
INSERT INTO `lk9v6_alumni_data` (`alumni_id`, `graduation_year`, `fid`, `job`, `address`, `city`, `country`, `phone`, `gid`, `mobile`, `nationalnumber`, `department`, `division`, `with_honor`) VALUES (240599, 2016, '2', '', '', '', '', '', 'جيد جدا', '', '', '', '', '');
INSERT INTO `lk9v6_users` (`name`, `email`, `usertype`) VALUES ('حسين على حنفى رفاعى', '', 'الخريجين');
INSERT INTO `lk9v6_alumni_main` (`id`, `user_id`, `approved`) VALUES (240600, 240600, 1);
INSERT INTO `lk9v6_alumni_data` (`alumni_id`, `graduation_year`, `fid`, `job`, `address`, `city`, `country`, `phone`, `gid`, `mobile`, `nationalnumber`, `department`, `division`, `with_honor`) VALUES (240600, 2016, '2', '', '', '', '', '', 'جيد جدا', '', '', '', '', '');
INSERT INTO `lk9v6_users` (`name`, `email`, `usertype`) VALUES ('حسين محمود حسين حسن سلام', '', 'الخريجين');
INSERT INTO `lk9v6_alumni_main` (`id`, `user_id`, `approved`) VALUES (240601, 240601, 1);
INSERT INTO `lk9v6_alumni_data` (`alumni_id`, `graduation_year`, `fid`, `job`, `address`, `city`, `country`, `phone`, `gid`, `mobile`, `nationalnumber`, `department`, `division`, `with_honor`) VALUES (240601, 2016, '2', '', '', '', '', '', 'جيد جدا', '', '', '', '', '');
INSERT INTO `lk9v6_users` (`name`, `email`, `usertype`) VALUES ('حمزه محمود محمود مهنا', '', 'الخريجين');
INSERT INTO `lk9v6_alumni_main` (`id`, `user_id`, `approved`) VALUES (240602, 240602, 1);
INSERT INTO `lk9v6_alumni_data` (`alumni_id`, `graduation_year`, `fid`, `job`, `address`, `city`, `country`, `phone`, `gid`, `mobile`, `nationalnumber`, `department`, `division`, `with_honor`) VALUES (240602, 2016, '2', '', '', '', '', '', 'جيد جدا', '', '', '', '', '');
INSERT INTO `lk9v6_users` (`name`, `email`, `usertype`) VALUES ('حميده السيد احمد محمد الهلى', '', 'الخريجين');
INSERT INTO `lk9v6_alumni_main` (`id`, `user_id`, `approved`) VALUES (240603, 240603, 1);
INSERT INTO `lk9v6_alumni_data` (`alumni_id`, `graduation_year`, `fid`, `job`, `address`, `city`, `country`, `phone`, `gid`, `mobile`, `nationalnumber`, `department`, `division`, `with_honor`) VALUES (240603, 2016, '2', '', '', '', '', '', 'جيد جدا', '', '', '', '', '');
INSERT INTO `lk9v6_users` (`name`, `email`, `usertype`) VALUES ('حنان رجب حسن شحاته محمد', '', 'الخريجين');
INSERT INTO `lk9v6_alumni_main` (`id`, `user_id`, `approved`) VALUES (240604, 240604, 1);
INSERT INTO `lk9v6_alumni_data` (`alumni_id`, `graduation_year`, `fid`, `job`, `address`, `city`, `country`, `phone`, `gid`, `mobile`, `nationalnumber`, `department`, `division`, `with_honor`) VALUES (240604, 2016, '2', '', '', '', '', '', 'جيد جدا', '', '', '', '', '');
INSERT INTO `lk9v6_users` (`name`, `email`, `usertype`) VALUES ('حنان فتحى على حسن عامر', '', 'الخريجين');
INSERT INTO `lk9v6_alumni_main` (`id`, `user_id`, `approved`) VALUES (240605, 240605, 1);
INSERT INTO `lk9v6_alumni_data` (`alumni_id`, `graduation_year`, `fid`, `job`, `address`, `city`, `country`, `phone`, `gid`, `mobile`, `nationalnumber`, `department`, `division`, `with_honor`) VALUES (240605, 2016, '2', '', '', '', '', '', 'جيد جدا', '', '', '', '', '');
INSERT INTO `lk9v6_users` (`name`, `email`, `usertype`) VALUES ('خالد عبد الناصر رجب عبد الغنى', '', 'الخريجين');
INSERT INTO `lk9v6_alumni_main` (`id`, `user_id`, `approved`) VALUES (240606, 240606, 1);
INSERT INTO `lk9v6_alumni_data` (`alumni_id`, `graduation_year`, `fid`, `job`, `address`, `city`, `country`, `phone`, `gid`, `mobile`, `nationalnumber`, `department`, `division`, `with_honor`) VALUES (240606, 2016, '2', '', '', '', '', '', 'جيد جدا', '', '', '', '', '');
INSERT INTO `lk9v6_users` (`name`, `email`, `usertype`) VALUES ('خلود محمد عبد المنعم حسين سلامه', '', 'الخريجين');
INSERT INTO `lk9v6_alumni_main` (`id`, `user_id`, `approved`) VALUES (240607, 240607, 1);
INSERT INTO `lk9v6_alumni_data` (`alumni_id`, `graduation_year`, `fid`, `job`, `address`, `city`, `country`, `phone`, `gid`, `mobile`, `nationalnumber`, `department`, `division`, `with_honor`) VALUES (240607, 2016, '2', '', '', '', '', '', 'جيد جدا', '', '', '', '', '');
INSERT INTO `lk9v6_users` (`name`, `email`, `usertype`) VALUES ('داليا سعيد ابراهيم شافع', '', 'الخريجين');
INSERT INTO `lk9v6_alumni_main` (`id`, `user_id`, `approved`) VALUES (240608, 240608, 1);
INSERT INTO `lk9v6_alumni_data` (`alumni_id`, `graduation_year`, `fid`, `job`, `address`, `city`, `country`, `phone`, `gid`, `mobile`, `nationalnumber`, `department`, `division`, `with_honor`) VALUES (240608, 2016, '2', '', '', '', '', '', 'جيد جدا', '', '', '', '', '');
INSERT INTO `lk9v6_users` (`name`, `email`, `usertype`) VALUES ('داليا مصطفى محمد ابراهيم عيسى', '', 'الخريجين');
INSERT INTO `lk9v6_alumni_main` (`id`, `user_id`, `approved`) VALUES (240609, 240609, 1);
INSERT INTO `lk9v6_alumni_data` (`alumni_id`, `graduation_year`, `fid`, `job`, `address`, `city`, `country`, `phone`, `gid`, `mobile`, `nationalnumber`, `department`, `division`, `with_honor`) VALUES (240609, 2016, '2', '', '', '', '', '', 'جيد جدا', '', '', '', '', '');
INSERT INTO `lk9v6_users` (`name`, `email`, `usertype`) VALUES ('دعاء حسن حامد ندا', '', 'الخريجين');
INSERT INTO `lk9v6_alumni_main` (`id`, `user_id`, `approved`) VALUES (240610, 240610, 1);
INSERT INTO `lk9v6_alumni_data` (`alumni_id`, `graduation_year`, `fid`, `job`, `address`, `city`, `country`, `phone`, `gid`, `mobile`, `nationalnumber`, `department`, `division`, `with_honor`) VALUES (240610, 2016, '2', '', '', '', '', '', 'جيد جدا', '', '', '', '', '');
INSERT INTO `lk9v6_users` (`name`, `email`, `usertype`) VALUES ('دعاء عادل محمد عبد الحميد الجمل', '', 'الخريجين');
INSERT INTO `lk9v6_alumni_main` (`id`, `user_id`, `approved`) VALUES (240611, 240611, 1);
INSERT INTO `lk9v6_alumni_data` (`alumni_id`, `graduation_year`, `fid`, `job`, `address`, `city`, `country`, `phone`, `gid`, `mobile`, `nationalnumber`, `department`, `division`, `with_honor`) VALUES (240611, 2016, '2', '', '', '', '', '', 'جيد جدا', '', '', '', '', '');
INSERT INTO `lk9v6_users` (`name`, `email`, `usertype`) VALUES ('دولاجى موريس سامى ميخائيل', '', 'الخريجين');
INSERT INTO `lk9v6_alumni_main` (`id`, `user_id`, `approved`) VALUES (240612, 240612, 1);
INSERT INTO `lk9v6_alumni_data` (`alumni_id`, `graduation_year`, `fid`, `job`, `address`, `city`, `country`, `phone`, `gid`, `mobile`, `nationalnumber`, `department`, `division`, `with_honor`) VALUES (240612, 2016, '2', '', '', '', '', '', 'جيد جدا', '', '', '', '', '');
INSERT INTO `lk9v6_users` (`name`, `email`, `usertype`) VALUES ('دينا بكر الصافى السيد ادريس ', '', 'الخريجين');
INSERT INTO `lk9v6_alumni_main` (`id`, `user_id`, `approved`) VALUES (240613, 240613, 1);
INSERT INTO `lk9v6_alumni_data` (`alumni_id`, `graduation_year`, `fid`, `job`, `address`, `city`, `country`, `phone`, `gid`, `mobile`, `nationalnumber`, `department`, `division`, `with_honor`) VALUES (240613, 2016, '2', '', '', '', '', '', 'جيد جدا', '', '', '', '', '');
INSERT INTO `lk9v6_users` (`name`, `email`, `usertype`) VALUES ('دينا جمال مرسى عبد السيد بدر', '', 'الخريجين');
INSERT INTO `lk9v6_alumni_main` (`id`, `user_id`, `approved`) VALUES (240614, 240614, 1);
INSERT INTO `lk9v6_alumni_data` (`alumni_id`, `graduation_year`, `fid`, `job`, `address`, `city`, `country`, `phone`, `gid`, `mobile`, `nationalnumber`, `department`, `division`, `with_honor`) VALUES (240614, 2016, '2', '', '', '', '', '', 'جيد جدا', '', '', '', '', '');
INSERT INTO `lk9v6_users` (`name`, `email`, `usertype`) VALUES ('دينا جمال مصطفى مصطفى غنيم', '', 'الخريجين');
INSERT INTO `lk9v6_alumni_main` (`id`, `user_id`, `approved`) VALUES (240615, 240615, 1);
INSERT INTO `lk9v6_alumni_data` (`alumni_id`, `graduation_year`, `fid`, `job`, `address`, `city`, `country`, `phone`, `gid`, `mobile`, `nationalnumber`, `department`, `division`, `with_honor`) VALUES (240615, 2016, '2', '', '', '', '', '', 'جيد جدا', '', '', '', '', '');
INSERT INTO `lk9v6_users` (`name`, `email`, `usertype`) VALUES ('دينا حبيب نصيف حنا', '', 'الخريجين');
INSERT INTO `lk9v6_alumni_main` (`id`, `user_id`, `approved`) VALUES (240616, 240616, 1);
INSERT INTO `lk9v6_alumni_data` (`alumni_id`, `graduation_year`, `fid`, `job`, `address`, `city`, `country`, `phone`, `gid`, `mobile`, `nationalnumber`, `department`, `division`, `with_honor`) VALUES (240616, 2016, '2', '', '', '', '', '', 'جيد جدا', '', '', '', '', '');
INSERT INTO `lk9v6_users` (`name`, `email`, `usertype`) VALUES ('دينا رومانى سعيد خليل', '', 'الخريجين');
INSERT INTO `lk9v6_alumni_main` (`id`, `user_id`, `approved`) VALUES (240617, 240617, 1);
INSERT INTO `lk9v6_alumni_data` (`alumni_id`, `graduation_year`, `fid`, `job`, `address`, `city`, `country`, `phone`, `gid`, `mobile`, `nationalnumber`, `department`, `division`, `with_honor`) VALUES (240617, 2016, '2', '', '', '', '', '', 'جيد جدا', '', '', '', '', '');
INSERT INTO `lk9v6_users` (`name`, `email`, `usertype`) VALUES ('دينا صابر محمد رمضان خير الدين', '', 'الخريجين');
INSERT INTO `lk9v6_alumni_main` (`id`, `user_id`, `approved`) VALUES (240618, 240618, 1);
INSERT INTO `lk9v6_alumni_data` (`alumni_id`, `graduation_year`, `fid`, `job`, `address`, `city`, `country`, `phone`, `gid`, `mobile`, `nationalnumber`, `department`, `division`, `with_honor`) VALUES (240618, 2016, '2', '', '', '', '', '', 'جيد جدا', '', '', '', '', '');
INSERT INTO `lk9v6_users` (`name`, `email`, `usertype`) VALUES ('دينا على محمد عباس على ', '', 'الخريجين');
INSERT INTO `lk9v6_alumni_main` (`id`, `user_id`, `approved`) VALUES (240619, 240619, 1);
INSERT INTO `lk9v6_alumni_data` (`alumni_id`, `graduation_year`, `fid`, `job`, `address`, `city`, `country`, `phone`, `gid`, `mobile`, `nationalnumber`, `department`, `division`, `with_honor`) VALUES (240619, 2016, '2', '', '', '', '', '', 'جيد جدا', '', '', '', '', '');
INSERT INTO `lk9v6_users` (`name`, `email`, `usertype`) VALUES ('دينا محمد الدسوقى محمد الدسوقى', '', 'الخريجين');
INSERT INTO `lk9v6_alumni_main` (`id`, `user_id`, `approved`) VALUES (240620, 240620, 1);
INSERT INTO `lk9v6_alumni_data` (`alumni_id`, `graduation_year`, `fid`, `job`, `address`, `city`, `country`, `phone`, `gid`, `mobile`, `nationalnumber`, `department`, `division`, `with_honor`) VALUES (240620, 2016, '2', '', '', '', '', '', 'جيد جدا', '', '', '', '', '');
INSERT INTO `lk9v6_users` (`name`, `email`, `usertype`) VALUES ('دينا مدحت عاصم سعد احمد عزمى ', '', 'الخريجين');
INSERT INTO `lk9v6_alumni_main` (`id`, `user_id`, `approved`) VALUES (240621, 240621, 1);
INSERT INTO `lk9v6_alumni_data` (`alumni_id`, `graduation_year`, `fid`, `job`, `address`, `city`, `country`, `phone`, `gid`, `mobile`, `nationalnumber`, `department`, `division`, `with_honor`) VALUES (240621, 2016, '2', '', '', '', '', '', 'جيد جدا', '', '', '', '', '');
INSERT INTO `lk9v6_users` (`name`, `email`, `usertype`) VALUES ('دينا يوسف شحاته خليل فرنسيس', '', 'الخريجين');
INSERT INTO `lk9v6_alumni_main` (`id`, `user_id`, `approved`) VALUES (240622, 240622, 1);
INSERT INTO `lk9v6_alumni_data` (`alumni_id`, `graduation_year`, `fid`, `job`, `address`, `city`, `country`, `phone`, `gid`, `mobile`, `nationalnumber`, `department`, `division`, `with_honor`) VALUES (240622, 2016, '2', '', '', '', '', '', 'جيد جدا', '', '', '', '', '');
INSERT INTO `lk9v6_users` (`name`, `email`, `usertype`) VALUES ('رانده نعمان حسن محمد سميه', '', 'الخريجين');
INSERT INTO `lk9v6_alumni_main` (`id`, `user_id`, `approved`) VALUES (240623, 240623, 1);
INSERT INTO `lk9v6_alumni_data` (`alumni_id`, `graduation_year`, `fid`, `job`, `address`, `city`, `country`, `phone`, `gid`, `mobile`, `nationalnumber`, `department`, `division`, `with_honor`) VALUES (240623, 2016, '2', '', '', '', '', '', 'جيد جدا', '', '', '', '', '');
INSERT INTO `lk9v6_users` (`name`, `email`, `usertype`) VALUES ('رانيا محمد عبد الحكيم قاسم', '', 'الخريجين');
INSERT INTO `lk9v6_alumni_main` (`id`, `user_id`, `approved`) VALUES (240624, 240624, 1);
INSERT INTO `lk9v6_alumni_data` (`alumni_id`, `graduation_year`, `fid`, `job`, `address`, `city`, `country`, `phone`, `gid`, `mobile`, `nationalnumber`, `department`, `division`, `with_honor`) VALUES (240624, 2016, '2', '', '', '', '', '', 'جيد جدا', '', '', '', '', '');
INSERT INTO `lk9v6_users` (`name`, `email`, `usertype`) VALUES ('رحاب السيد محمد عثمان الزعويلى', '', 'الخريجين');
INSERT INTO `lk9v6_alumni_main` (`id`, `user_id`, `approved`) VALUES (240625, 240625, 1);
INSERT INTO `lk9v6_alumni_data` (`alumni_id`, `graduation_year`, `fid`, `job`, `address`, `city`, `country`, `phone`, `gid`, `mobile`, `nationalnumber`, `department`, `division`, `with_honor`) VALUES (240625, 2016, '2', '', '', '', '', '', 'جيد جدا', '', '', '', '', '');
INSERT INTO `lk9v6_users` (`name`, `email`, `usertype`) VALUES ('رحمه السعيد سيد احمد الشهاوى', '', 'الخريجين');
INSERT INTO `lk9v6_alumni_main` (`id`, `user_id`, `approved`) VALUES (240626, 240626, 1);
INSERT INTO `lk9v6_alumni_data` (`alumni_id`, `graduation_year`, `fid`, `job`, `address`, `city`, `country`, `phone`, `gid`, `mobile`, `nationalnumber`, `department`, `division`, `with_honor`) VALUES (240626, 2016, '2', '', '', '', '', '', 'جيد جدا', '', '', '', '', '');
INSERT INTO `lk9v6_users` (`name`, `email`, `usertype`) VALUES ('رشا شوقى حسن محمد', '', 'الخريجين');
INSERT INTO `lk9v6_alumni_main` (`id`, `user_id`, `approved`) VALUES (240627, 240627, 1);
INSERT INTO `lk9v6_alumni_data` (`alumni_id`, `graduation_year`, `fid`, `job`, `address`, `city`, `country`, `phone`, `gid`, `mobile`, `nationalnumber`, `department`, `division`, `with_honor`) VALUES (240627, 2016, '2', '', '', '', '', '', 'جيد جدا', '', '', '', '', '');
INSERT INTO `lk9v6_users` (`name`, `email`, `usertype`) VALUES ('رشا عطيه على عبد التواب', '', 'الخريجين');
INSERT INTO `lk9v6_alumni_main` (`id`, `user_id`, `approved`) VALUES (240628, 240628, 1);
INSERT INTO `lk9v6_alumni_data` (`alumni_id`, `graduation_year`, `fid`, `job`, `address`, `city`, `country`, `phone`, `gid`, `mobile`, `nationalnumber`, `department`, `division`, `with_honor`) VALUES (240628, 2016, '2', '', '', '', '', '', 'جيد جدا', '', '', '', '', '');
INSERT INTO `lk9v6_users` (`name`, `email`, `usertype`) VALUES ('رشا محمد محمود حسين الورديانى', '', 'الخريجين');
INSERT INTO `lk9v6_alumni_main` (`id`, `user_id`, `approved`) VALUES (240629, 240629, 1);
INSERT INTO `lk9v6_alumni_data` (`alumni_id`, `graduation_year`, `fid`, `job`, `address`, `city`, `country`, `phone`, `gid`, `mobile`, `nationalnumber`, `department`, `division`, `with_honor`) VALUES (240629, 2016, '2', '', '', '', '', '', 'جيد جدا', '', '', '', '', '');
INSERT INTO `lk9v6_users` (`name`, `email`, `usertype`) VALUES ('رضوى عادل حسن بدر دليور', '', 'الخريجين');
INSERT INTO `lk9v6_alumni_main` (`id`, `user_id`, `approved`) VALUES (240630, 240630, 1);
INSERT INTO `lk9v6_alumni_data` (`alumni_id`, `graduation_year`, `fid`, `job`, `address`, `city`, `country`, `phone`, `gid`, `mobile`, `nationalnumber`, `department`, `division`, `with_honor`) VALUES (240630, 2016, '2', '', '', '', '', '', 'جيد جدا', '', '', '', '', '');
INSERT INTO `lk9v6_users` (`name`, `email`, `usertype`) VALUES ('رفعت صبرى ابراهيم محمد عياد', '', 'الخريجين');
INSERT INTO `lk9v6_alumni_main` (`id`, `user_id`, `approved`) VALUES (240631, 240631, 1);
INSERT INTO `lk9v6_alumni_data` (`alumni_id`, `graduation_year`, `fid`, `job`, `address`, `city`, `country`, `phone`, `gid`, `mobile`, `nationalnumber`, `department`, `division`, `with_honor`) VALUES (240631, 2016, '2', '', '', '', '', '', 'جيد جدا', '', '', '', '', '');
INSERT INTO `lk9v6_users` (`name`, `email`, `usertype`) VALUES ('رمضان شعبان عبد الستار طلبه حسن دميس', '', 'الخريجين');
INSERT INTO `lk9v6_alumni_main` (`id`, `user_id`, `approved`) VALUES (240632, 240632, 1);
INSERT INTO `lk9v6_alumni_data` (`alumni_id`, `graduation_year`, `fid`, `job`, `address`, `city`, `country`, `phone`, `gid`, `mobile`, `nationalnumber`, `department`, `division`, `with_honor`) VALUES (240632, 2016, '2', '', '', '', '', '', 'جيد جدا', '', '', '', '', '');
INSERT INTO `lk9v6_users` (`name`, `email`, `usertype`) VALUES ('رنا حسن محمود محمد خنيفر', '', 'الخريجين');
INSERT INTO `lk9v6_alumni_main` (`id`, `user_id`, `approved`) VALUES (240633, 240633, 1);
INSERT INTO `lk9v6_alumni_data` (`alumni_id`, `graduation_year`, `fid`, `job`, `address`, `city`, `country`, `phone`, `gid`, `mobile`, `nationalnumber`, `department`, `division`, `with_honor`) VALUES (240633, 2016, '2', '', '', '', '', '', 'جيد جدا', '', '', '', '', '');
INSERT INTO `lk9v6_users` (`name`, `email`, `usertype`) VALUES ('رنا على سيد على ابرهيم', '', 'الخريجين');
INSERT INTO `lk9v6_alumni_main` (`id`, `user_id`, `approved`) VALUES (240634, 240634, 1);
INSERT INTO `lk9v6_alumni_data` (`alumni_id`, `graduation_year`, `fid`, `job`, `address`, `city`, `country`, `phone`, `gid`, `mobile`, `nationalnumber`, `department`, `division`, `with_honor`) VALUES (240634, 2016, '2', '', '', '', '', '', 'جيد جدا', '', '', '', '', '');
INSERT INTO `lk9v6_users` (`name`, `email`, `usertype`) VALUES ('رنا عماد احمد محمد', '', 'الخريجين');
INSERT INTO `lk9v6_alumni_main` (`id`, `user_id`, `approved`) VALUES (240635, 240635, 1);
INSERT INTO `lk9v6_alumni_data` (`alumni_id`, `graduation_year`, `fid`, `job`, `address`, `city`, `country`, `phone`, `gid`, `mobile`, `nationalnumber`, `department`, `division`, `with_honor`) VALUES (240635, 2016, '2', '', '', '', '', '', 'جيد جدا', '', '', '', '', '');
INSERT INTO `lk9v6_users` (`name`, `email`, `usertype`) VALUES ('رنا محمد جابر عبد الحميد', '', 'الخريجين');
INSERT INTO `lk9v6_alumni_main` (`id`, `user_id`, `approved`) VALUES (240636, 240636, 1);
INSERT INTO `lk9v6_alumni_data` (`alumni_id`, `graduation_year`, `fid`, `job`, `address`, `city`, `country`, `phone`, `gid`, `mobile`, `nationalnumber`, `department`, `division`, `with_honor`) VALUES (240636, 2016, '2', '', '', '', '', '', 'جيد جدا', '', '', '', '', '');
INSERT INTO `lk9v6_users` (`name`, `email`, `usertype`) VALUES ('رنا محمد رضا عبد العظيم بشر', '', 'الخريجين');
INSERT INTO `lk9v6_alumni_main` (`id`, `user_id`, `approved`) VALUES (240637, 240637, 1);
INSERT INTO `lk9v6_alumni_data` (`alumni_id`, `graduation_year`, `fid`, `job`, `address`, `city`, `country`, `phone`, `gid`, `mobile`, `nationalnumber`, `department`, `division`, `with_honor`) VALUES (240637, 2016, '2', '', '', '', '', '', 'جيد جدا', '', '', '', '', '');
INSERT INTO `lk9v6_users` (`name`, `email`, `usertype`) VALUES ('رنا محمد عبد الرحمن احمد محمد', '', 'الخريجين');
INSERT INTO `lk9v6_alumni_main` (`id`, `user_id`, `approved`) VALUES (240638, 240638, 1);
INSERT INTO `lk9v6_alumni_data` (`alumni_id`, `graduation_year`, `fid`, `job`, `address`, `city`, `country`, `phone`, `gid`, `mobile`, `nationalnumber`, `department`, `division`, `with_honor`) VALUES (240638, 2016, '2', '', '', '', '', '', 'جيد جدا', '', '', '', '', '');
INSERT INTO `lk9v6_users` (`name`, `email`, `usertype`) VALUES ('رهاد بسيونى ابراهيم على بلتاجى', '', 'الخريجين');
INSERT INTO `lk9v6_alumni_main` (`id`, `user_id`, `approved`) VALUES (240639, 240639, 1);
INSERT INTO `lk9v6_alumni_data` (`alumni_id`, `graduation_year`, `fid`, `job`, `address`, `city`, `country`, `phone`, `gid`, `mobile`, `nationalnumber`, `department`, `division`, `with_honor`) VALUES (240639, 2016, '2', '', '', '', '', '', 'جيد جدا', '', '', '', '', '');
INSERT INTO `lk9v6_users` (`name`, `email`, `usertype`) VALUES ('روان سعيد محمد احمد السماحى', '', 'الخريجين');
INSERT INTO `lk9v6_alumni_main` (`id`, `user_id`, `approved`) VALUES (240640, 240640, 1);
INSERT INTO `lk9v6_alumni_data` (`alumni_id`, `graduation_year`, `fid`, `job`, `address`, `city`, `country`, `phone`, `gid`, `mobile`, `nationalnumber`, `department`, `division`, `with_honor`) VALUES (240640, 2016, '2', '', '', '', '', '', 'جيد جدا', '', '', '', '', '');
INSERT INTO `lk9v6_users` (`name`, `email`, `usertype`) VALUES ('روان صلاح الدين عبد الحميد محمد ابو ستيت', '', 'الخريجين');
INSERT INTO `lk9v6_alumni_main` (`id`, `user_id`, `approved`) VALUES (240641, 240641, 1);
INSERT INTO `lk9v6_alumni_data` (`alumni_id`, `graduation_year`, `fid`, `job`, `address`, `city`, `country`, `phone`, `gid`, `mobile`, `nationalnumber`, `department`, `division`, `with_honor`) VALUES (240641, 2016, '2', '', '', '', '', '', 'جيد جدا', '', '', '', '', '');
INSERT INTO `lk9v6_users` (`name`, `email`, `usertype`) VALUES ('روان على حسن على الزينى', '', 'الخريجين');
INSERT INTO `lk9v6_alumni_main` (`id`, `user_id`, `approved`) VALUES (240642, 240642, 1);
INSERT INTO `lk9v6_alumni_data` (`alumni_id`, `graduation_year`, `fid`, `job`, `address`, `city`, `country`, `phone`, `gid`, `mobile`, `nationalnumber`, `department`, `division`, `with_honor`) VALUES (240642, 2016, '2', '', '', '', '', '', 'جيد جدا', '', '', '', '', '');
INSERT INTO `lk9v6_users` (`name`, `email`, `usertype`) VALUES ('روان محمد محمود محمد خنيفر', '', 'الخريجين');
INSERT INTO `lk9v6_alumni_main` (`id`, `user_id`, `approved`) VALUES (240643, 240643, 1);
INSERT INTO `lk9v6_alumni_data` (`alumni_id`, `graduation_year`, `fid`, `job`, `address`, `city`, `country`, `phone`, `gid`, `mobile`, `nationalnumber`, `department`, `division`, `with_honor`) VALUES (240643, 2016, '2', '', '', '', '', '', 'جيد جدا', '', '', '', '', '');
INSERT INTO `lk9v6_users` (`name`, `email`, `usertype`) VALUES ('رياض رجب رياض ابراهيم رزق', '', 'الخريجين');
INSERT INTO `lk9v6_alumni_main` (`id`, `user_id`, `approved`) VALUES (240644, 240644, 1);
INSERT INTO `lk9v6_alumni_data` (`alumni_id`, `graduation_year`, `fid`, `job`, `address`, `city`, `country`, `phone`, `gid`, `mobile`, `nationalnumber`, `department`, `division`, `with_honor`) VALUES (240644, 2016, '2', '', '', '', '', '', 'جيد جدا', '', '', '', '', '');
INSERT INTO `lk9v6_users` (`name`, `email`, `usertype`) VALUES ('ريان محمود عبد المقصود محمد عبد المقصود', '', 'الخريجين');
INSERT INTO `lk9v6_alumni_main` (`id`, `user_id`, `approved`) VALUES (240645, 240645, 1);
INSERT INTO `lk9v6_alumni_data` (`alumni_id`, `graduation_year`, `fid`, `job`, `address`, `city`, `country`, `phone`, `gid`, `mobile`, `nationalnumber`, `department`, `division`, `with_honor`) VALUES (240645, 2016, '2', '', '', '', '', '', 'جيد جدا', '', '', '', '', '');
INSERT INTO `lk9v6_users` (`name`, `email`, `usertype`) VALUES ('ريم خالد عبد المجيد زبادى', '', 'الخريجين');
INSERT INTO `lk9v6_alumni_main` (`id`, `user_id`, `approved`) VALUES (240646, 240646, 1);
INSERT INTO `lk9v6_alumni_data` (`alumni_id`, `graduation_year`, `fid`, `job`, `address`, `city`, `country`, `phone`, `gid`, `mobile`, `nationalnumber`, `department`, `division`, `with_honor`) VALUES (240646, 2016, '2', '', '', '', '', '', 'جيد جدا', '', '', '', '', '');
INSERT INTO `lk9v6_users` (`name`, `email`, `usertype`) VALUES ('ريم عمر عوض بهنسى ', '', 'الخريجين');
INSERT INTO `lk9v6_alumni_main` (`id`, `user_id`, `approved`) VALUES (240647, 240647, 1);
INSERT INTO `lk9v6_alumni_data` (`alumni_id`, `graduation_year`, `fid`, `job`, `address`, `city`, `country`, `phone`, `gid`, `mobile`, `nationalnumber`, `department`, `division`, `with_honor`) VALUES (240647, 2016, '2', '', '', '', '', '', 'جيد جدا', '', '', '', '', '');
INSERT INTO `lk9v6_users` (`name`, `email`, `usertype`) VALUES ('ريم مجدى محمد حسين ', '', 'الخريجين');
INSERT INTO `lk9v6_alumni_main` (`id`, `user_id`, `approved`) VALUES (240648, 240648, 1);
INSERT INTO `lk9v6_alumni_data` (`alumni_id`, `graduation_year`, `fid`, `job`, `address`, `city`, `country`, `phone`, `gid`, `mobile`, `nationalnumber`, `department`, `division`, `with_honor`) VALUES (240648, 2016, '2', '', '', '', '', '', 'جيد جدا', '', '', '', '', '');
INSERT INTO `lk9v6_users` (`name`, `email`, `usertype`) VALUES ('ريم محمد فرج والى بهى الدين ', '', 'الخريجين');
INSERT INTO `lk9v6_alumni_main` (`id`, `user_id`, `approved`) VALUES (240649, 240649, 1);
INSERT INTO `lk9v6_alumni_data` (`alumni_id`, `graduation_year`, `fid`, `job`, `address`, `city`, `country`, `phone`, `gid`, `mobile`, `nationalnumber`, `department`, `division`, `with_honor`) VALUES (240649, 2016, '2', '', '', '', '', '', 'جيد جدا', '', '', '', '', '');
INSERT INTO `lk9v6_users` (`name`, `email`, `usertype`) VALUES ('ريم مصطفى محمد محمد عماره', '', 'الخريجين');
INSERT INTO `lk9v6_alumni_main` (`id`, `user_id`, `approved`) VALUES (240650, 240650, 1);
INSERT INTO `lk9v6_alumni_data` (`alumni_id`, `graduation_year`, `fid`, `job`, `address`, `city`, `country`, `phone`, `gid`, `mobile`, `nationalnumber`, `department`, `division`, `with_honor`) VALUES (240650, 2016, '2', '', '', '', '', '', 'جيد جدا', '', '', '', '', '');
INSERT INTO `lk9v6_users` (`name`, `email`, `usertype`) VALUES ('ريهام الحفناوى طاهر الشيوى ', '', 'الخريجين');
INSERT INTO `lk9v6_alumni_main` (`id`, `user_id`, `approved`) VALUES (240651, 240651, 1);
INSERT INTO `lk9v6_alumni_data` (`alumni_id`, `graduation_year`, `fid`, `job`, `address`, `city`, `country`, `phone`, `gid`, `mobile`, `nationalnumber`, `department`, `division`, `with_honor`) VALUES (240651, 2016, '2', '', '', '', '', '', 'جيد جدا', '', '', '', '', '');
INSERT INTO `lk9v6_users` (`name`, `email`, `usertype`) VALUES ('ريهام السيد محمد السيد جمعه', '', 'الخريجين');
INSERT INTO `lk9v6_alumni_main` (`id`, `user_id`, `approved`) VALUES (240652, 240652, 1);
INSERT INTO `lk9v6_alumni_data` (`alumni_id`, `graduation_year`, `fid`, `job`, `address`, `city`, `country`, `phone`, `gid`, `mobile`, `nationalnumber`, `department`, `division`, `with_honor`) VALUES (240652, 2016, '2', '', '', '', '', '', 'جيد جدا', '', '', '', '', '');
INSERT INTO `lk9v6_users` (`name`, `email`, `usertype`) VALUES ('ريهام عبد الصادق عبد العاطى مجد البيسى', '', 'الخريجين');
INSERT INTO `lk9v6_alumni_main` (`id`, `user_id`, `approved`) VALUES (240653, 240653, 1);
INSERT INTO `lk9v6_alumni_data` (`alumni_id`, `graduation_year`, `fid`, `job`, `address`, `city`, `country`, `phone`, `gid`, `mobile`, `nationalnumber`, `department`, `division`, `with_honor`) VALUES (240653, 2016, '2', '', '', '', '', '', 'جيد جدا', '', '', '', '', '');
INSERT INTO `lk9v6_users` (`name`, `email`, `usertype`) VALUES ('ريهام محمد السيد محمد احمد على', '', 'الخريجين');
INSERT INTO `lk9v6_alumni_main` (`id`, `user_id`, `approved`) VALUES (240654, 240654, 1);
INSERT INTO `lk9v6_alumni_data` (`alumni_id`, `graduation_year`, `fid`, `job`, `address`, `city`, `country`, `phone`, `gid`, `mobile`, `nationalnumber`, `department`, `division`, `with_honor`) VALUES (240654, 2016, '2', '', '', '', '', '', 'جيد جدا', '', '', '', '', '');
INSERT INTO `lk9v6_users` (`name`, `email`, `usertype`) VALUES ('ريهام محمد حامد ابراهيم حسن', '', 'الخريجين');
INSERT INTO `lk9v6_alumni_main` (`id`, `user_id`, `approved`) VALUES (240655, 240655, 1);
INSERT INTO `lk9v6_alumni_data` (`alumni_id`, `graduation_year`, `fid`, `job`, `address`, `city`, `country`, `phone`, `gid`, `mobile`, `nationalnumber`, `department`, `division`, `with_honor`) VALUES (240655, 2016, '2', '', '', '', '', '', 'جيد جدا', '', '', '', '', '');
INSERT INTO `lk9v6_users` (`name`, `email`, `usertype`) VALUES ('ريهام ميلاد معوض لوقا', '', 'الخريجين');
INSERT INTO `lk9v6_alumni_main` (`id`, `user_id`, `approved`) VALUES (240656, 240656, 1);
INSERT INTO `lk9v6_alumni_data` (`alumni_id`, `graduation_year`, `fid`, `job`, `address`, `city`, `country`, `phone`, `gid`, `mobile`, `nationalnumber`, `department`, `division`, `with_honor`) VALUES (240656, 2016, '2', '', '', '', '', '', 'جيد جدا', '', '', '', '', '');
INSERT INTO `lk9v6_users` (`name`, `email`, `usertype`) VALUES ('ريهام يوسف محمد خليل مصطفى محمد ', '', 'الخريجين');
INSERT INTO `lk9v6_alumni_main` (`id`, `user_id`, `approved`) VALUES (240657, 240657, 1);
INSERT INTO `lk9v6_alumni_data` (`alumni_id`, `graduation_year`, `fid`, `job`, `address`, `city`, `country`, `phone`, `gid`, `mobile`, `nationalnumber`, `department`, `division`, `with_honor`) VALUES (240657, 2016, '2', '', '', '', '', '', 'جيد جدا', '', '', '', '', '');
INSERT INTO `lk9v6_users` (`name`, `email`, `usertype`) VALUES ('ريوان عزمى نجيب احمد دره ', '', 'الخريجين');
INSERT INTO `lk9v6_alumni_main` (`id`, `user_id`, `approved`) VALUES (240658, 240658, 1);
INSERT INTO `lk9v6_alumni_data` (`alumni_id`, `graduation_year`, `fid`, `job`, `address`, `city`, `country`, `phone`, `gid`, `mobile`, `nationalnumber`, `department`, `division`, `with_honor`) VALUES (240658, 2016, '2', '', '', '', '', '', 'جيد جدا', '', '', '', '', '');
INSERT INTO `lk9v6_users` (`name`, `email`, `usertype`) VALUES ('زهراء على حسن ولى الدين على الشوكى ', '', 'الخريجين');
INSERT INTO `lk9v6_alumni_main` (`id`, `user_id`, `approved`) VALUES (240659, 240659, 1);
INSERT INTO `lk9v6_alumni_data` (`alumni_id`, `graduation_year`, `fid`, `job`, `address`, `city`, `country`, `phone`, `gid`, `mobile`, `nationalnumber`, `department`, `division`, `with_honor`) VALUES (240659, 2016, '2', '', '', '', '', '', 'جيد جدا', '', '', '', '', '');
INSERT INTO `lk9v6_users` (`name`, `email`, `usertype`) VALUES ('زينب اسامة عفت احمد على ', '', 'الخريجين');
INSERT INTO `lk9v6_alumni_main` (`id`, `user_id`, `approved`) VALUES (240660, 240660, 1);
INSERT INTO `lk9v6_alumni_data` (`alumni_id`, `graduation_year`, `fid`, `job`, `address`, `city`, `country`, `phone`, `gid`, `mobile`, `nationalnumber`, `department`, `division`, `with_honor`) VALUES (240660, 2016, '2', '', '', '', '', '', 'جيد جدا', '', '', '', '', '');
INSERT INTO `lk9v6_users` (`name`, `email`, `usertype`) VALUES ('زينب على ابراهيم على حسن', '', 'الخريجين');
INSERT INTO `lk9v6_alumni_main` (`id`, `user_id`, `approved`) VALUES (240661, 240661, 1);
INSERT INTO `lk9v6_alumni_data` (`alumni_id`, `graduation_year`, `fid`, `job`, `address`, `city`, `country`, `phone`, `gid`, `mobile`, `nationalnumber`, `department`, `division`, `with_honor`) VALUES (240661, 2016, '2', '', '', '', '', '', 'جيد جدا', '', '', '', '', '');
INSERT INTO `lk9v6_users` (`name`, `email`, `usertype`) VALUES ('ساره ابراهيم السيد حنفى محمد', '', 'الخريجين');
INSERT INTO `lk9v6_alumni_main` (`id`, `user_id`, `approved`) VALUES (240662, 240662, 1);
INSERT INTO `lk9v6_alumni_data` (`alumni_id`, `graduation_year`, `fid`, `job`, `address`, `city`, `country`, `phone`, `gid`, `mobile`, `nationalnumber`, `department`, `division`, `with_honor`) VALUES (240662, 2016, '2', '', '', '', '', '', 'جيد جدا', '', '', '', '', '');
INSERT INTO `lk9v6_users` (`name`, `email`, `usertype`) VALUES ('ساره احمد فوده على الزيات', '', 'الخريجين');
INSERT INTO `lk9v6_alumni_main` (`id`, `user_id`, `approved`) VALUES (240663, 240663, 1);
INSERT INTO `lk9v6_alumni_data` (`alumni_id`, `graduation_year`, `fid`, `job`, `address`, `city`, `country`, `phone`, `gid`, `mobile`, `nationalnumber`, `department`, `division`, `with_honor`) VALUES (240663, 2016, '2', '', '', '', '', '', 'جيد جدا', '', '', '', '', '');
INSERT INTO `lk9v6_users` (`name`, `email`, `usertype`) VALUES ('ساره احمد وفيق فهمى', '', 'الخريجين');
INSERT INTO `lk9v6_alumni_main` (`id`, `user_id`, `approved`) VALUES (240664, 240664, 1);
INSERT INTO `lk9v6_alumni_data` (`alumni_id`, `graduation_year`, `fid`, `job`, `address`, `city`, `country`, `phone`, `gid`, `mobile`, `nationalnumber`, `department`, `division`, `with_honor`) VALUES (240664, 2016, '2', '', '', '', '', '', 'جيد جدا', '', '', '', '', '');
INSERT INTO `lk9v6_users` (`name`, `email`, `usertype`) VALUES ('ساره السعيد عبد المجيد الصياد', '', 'الخريجين');
INSERT INTO `lk9v6_alumni_main` (`id`, `user_id`, `approved`) VALUES (240665, 240665, 1);
INSERT INTO `lk9v6_alumni_data` (`alumni_id`, `graduation_year`, `fid`, `job`, `address`, `city`, `country`, `phone`, `gid`, `mobile`, `nationalnumber`, `department`, `division`, `with_honor`) VALUES (240665, 2016, '2', '', '', '', '', '', 'جيد جدا', '', '', '', '', '');
INSERT INTO `lk9v6_users` (`name`, `email`, `usertype`) VALUES ('ساره السيد عبد القادر مجاهد', '', 'الخريجين');
INSERT INTO `lk9v6_alumni_main` (`id`, `user_id`, `approved`) VALUES (240666, 240666, 1);
INSERT INTO `lk9v6_alumni_data` (`alumni_id`, `graduation_year`, `fid`, `job`, `address`, `city`, `country`, `phone`, `gid`, `mobile`, `nationalnumber`, `department`, `division`, `with_honor`) VALUES (240666, 2016, '2', '', '', '', '', '', 'جيد جدا', '', '', '', '', '');
INSERT INTO `lk9v6_users` (`name`, `email`, `usertype`) VALUES ('ساره ايمن محمد برغش', '', 'الخريجين');
INSERT INTO `lk9v6_alumni_main` (`id`, `user_id`, `approved`) VALUES (240667, 240667, 1);
INSERT INTO `lk9v6_alumni_data` (`alumni_id`, `graduation_year`, `fid`, `job`, `address`, `city`, `country`, `phone`, `gid`, `mobile`, `nationalnumber`, `department`, `division`, `with_honor`) VALUES (240667, 2016, '2', '', '', '', '', '', 'جيد جدا', '', '', '', '', '');
INSERT INTO `lk9v6_users` (`name`, `email`, `usertype`) VALUES ('ساره جمال احمد عبد الحليم ', '', 'الخريجين');
INSERT INTO `lk9v6_alumni_main` (`id`, `user_id`, `approved`) VALUES (240668, 240668, 1);
INSERT INTO `lk9v6_alumni_data` (`alumni_id`, `graduation_year`, `fid`, `job`, `address`, `city`, `country`, `phone`, `gid`, `mobile`, `nationalnumber`, `department`, `division`, `with_honor`) VALUES (240668, 2016, '2', '', '', '', '', '', 'جيد جدا', '', '', '', '', '');
INSERT INTO `lk9v6_users` (`name`, `email`, `usertype`) VALUES ('ساره جمال محمد جمعة على', '', 'الخريجين');
INSERT INTO `lk9v6_alumni_main` (`id`, `user_id`, `approved`) VALUES (240669, 240669, 1);
INSERT INTO `lk9v6_alumni_data` (`alumni_id`, `graduation_year`, `fid`, `job`, `address`, `city`, `country`, `phone`, `gid`, `mobile`, `nationalnumber`, `department`, `division`, `with_honor`) VALUES (240669, 2016, '2', '', '', '', '', '', 'جيد جدا', '', '', '', '', '');
INSERT INTO `lk9v6_users` (`name`, `email`, `usertype`) VALUES ('ساره حامد عبد الحفيظ  مختار السعدنى', '', 'الخريجين');
INSERT INTO `lk9v6_alumni_main` (`id`, `user_id`, `approved`) VALUES (240670, 240670, 1);
INSERT INTO `lk9v6_alumni_data` (`alumni_id`, `graduation_year`, `fid`, `job`, `address`, `city`, `country`, `phone`, `gid`, `mobile`, `nationalnumber`, `department`, `division`, `with_honor`) VALUES (240670, 2016, '2', '', '', '', '', '', 'جيد جدا', '', '', '', '', '');
INSERT INTO `lk9v6_users` (`name`, `email`, `usertype`) VALUES ('ساره حامد عبد الحكيم محمد', '', 'الخريجين');
INSERT INTO `lk9v6_alumni_main` (`id`, `user_id`, `approved`) VALUES (240671, 240671, 1);
INSERT INTO `lk9v6_alumni_data` (`alumni_id`, `graduation_year`, `fid`, `job`, `address`, `city`, `country`, `phone`, `gid`, `mobile`, `nationalnumber`, `department`, `division`, `with_honor`) VALUES (240671, 2016, '2', '', '', '', '', '', 'جيد جدا', '', '', '', '', '');
INSERT INTO `lk9v6_users` (`name`, `email`, `usertype`) VALUES ('ساره خير الله سعد خير الله', '', 'الخريجين');
INSERT INTO `lk9v6_alumni_main` (`id`, `user_id`, `approved`) VALUES (240672, 240672, 1);
INSERT INTO `lk9v6_alumni_data` (`alumni_id`, `graduation_year`, `fid`, `job`, `address`, `city`, `country`, `phone`, `gid`, `mobile`, `nationalnumber`, `department`, `division`, `with_honor`) VALUES (240672, 2016, '2', '', '', '', '', '', 'جيد جدا', '', '', '', '', '');
INSERT INTO `lk9v6_users` (`name`, `email`, `usertype`) VALUES ('ساره رضا محمد خليف', '', 'الخريجين');
INSERT INTO `lk9v6_alumni_main` (`id`, `user_id`, `approved`) VALUES (240673, 240673, 1);
INSERT INTO `lk9v6_alumni_data` (`alumni_id`, `graduation_year`, `fid`, `job`, `address`, `city`, `country`, `phone`, `gid`, `mobile`, `nationalnumber`, `department`, `division`, `with_honor`) VALUES (240673, 2016, '2', '', '', '', '', '', 'جيد جدا', '', '', '', '', '');
INSERT INTO `lk9v6_users` (`name`, `email`, `usertype`) VALUES ('ساره سامى محمد محمد شيحه ', '', 'الخريجين');
INSERT INTO `lk9v6_alumni_main` (`id`, `user_id`, `approved`) VALUES (240674, 240674, 1);
INSERT INTO `lk9v6_alumni_data` (`alumni_id`, `graduation_year`, `fid`, `job`, `address`, `city`, `country`, `phone`, `gid`, `mobile`, `nationalnumber`, `department`, `division`, `with_honor`) VALUES (240674, 2016, '2', '', '', '', '', '', 'جيد جدا', '', '', '', '', '');
INSERT INTO `lk9v6_users` (`name`, `email`, `usertype`) VALUES ('ساره سعد جبر خليل', '', 'الخريجين');
INSERT INTO `lk9v6_alumni_main` (`id`, `user_id`, `approved`) VALUES (240675, 240675, 1);
INSERT INTO `lk9v6_alumni_data` (`alumni_id`, `graduation_year`, `fid`, `job`, `address`, `city`, `country`, `phone`, `gid`, `mobile`, `nationalnumber`, `department`, `division`, `with_honor`) VALUES (240675, 2016, '2', '', '', '', '', '', 'جيد جدا', '', '', '', '', '');
INSERT INTO `lk9v6_users` (`name`, `email`, `usertype`) VALUES ('ساره شعبان اسماعيل عبد المجيد بدر ', '', 'الخريجين');
INSERT INTO `lk9v6_alumni_main` (`id`, `user_id`, `approved`) VALUES (240676, 240676, 1);
INSERT INTO `lk9v6_alumni_data` (`alumni_id`, `graduation_year`, `fid`, `job`, `address`, `city`, `country`, `phone`, `gid`, `mobile`, `nationalnumber`, `department`, `division`, `with_honor`) VALUES (240676, 2016, '2', '', '', '', '', '', 'جيد جدا', '', '', '', '', '');
INSERT INTO `lk9v6_users` (`name`, `email`, `usertype`) VALUES ('ساره طارق حسنى القطان', '', 'الخريجين');
INSERT INTO `lk9v6_alumni_main` (`id`, `user_id`, `approved`) VALUES (240677, 240677, 1);
INSERT INTO `lk9v6_alumni_data` (`alumni_id`, `graduation_year`, `fid`, `job`, `address`, `city`, `country`, `phone`, `gid`, `mobile`, `nationalnumber`, `department`, `division`, `with_honor`) VALUES (240677, 2016, '2', '', '', '', '', '', 'جيد جدا', '', '', '', '', '');
INSERT INTO `lk9v6_users` (`name`, `email`, `usertype`) VALUES ('ساره فتحى معروف المدبولى ', '', 'الخريجين');
INSERT INTO `lk9v6_alumni_main` (`id`, `user_id`, `approved`) VALUES (240678, 240678, 1);
INSERT INTO `lk9v6_alumni_data` (`alumni_id`, `graduation_year`, `fid`, `job`, `address`, `city`, `country`, `phone`, `gid`, `mobile`, `nationalnumber`, `department`, `division`, `with_honor`) VALUES (240678, 2016, '2', '', '', '', '', '', 'جيد جدا', '', '', '', '', '');
INSERT INTO `lk9v6_users` (`name`, `email`, `usertype`) VALUES ('ساره محمد ابراهيم عبد الغفار ابو السعد', '', 'الخريجين');
INSERT INTO `lk9v6_alumni_main` (`id`, `user_id`, `approved`) VALUES (240679, 240679, 1);
INSERT INTO `lk9v6_alumni_data` (`alumni_id`, `graduation_year`, `fid`, `job`, `address`, `city`, `country`, `phone`, `gid`, `mobile`, `nationalnumber`, `department`, `division`, `with_honor`) VALUES (240679, 2016, '2', '', '', '', '', '', 'جيد جدا', '', '', '', '', '');
INSERT INTO `lk9v6_users` (`name`, `email`, `usertype`) VALUES ('ساره محمد ابراهيم على ابو عريضه ', '', 'الخريجين');
INSERT INTO `lk9v6_alumni_main` (`id`, `user_id`, `approved`) VALUES (240680, 240680, 1);
INSERT INTO `lk9v6_alumni_data` (`alumni_id`, `graduation_year`, `fid`, `job`, `address`, `city`, `country`, `phone`, `gid`, `mobile`, `nationalnumber`, `department`, `division`, `with_honor`) VALUES (240680, 2016, '2', '', '', '', '', '', 'جيد جدا', '', '', '', '', '');
INSERT INTO `lk9v6_users` (`name`, `email`, `usertype`) VALUES ('ساره محمد عطية ابراهيم زايد ', '', 'الخريجين');
INSERT INTO `lk9v6_alumni_main` (`id`, `user_id`, `approved`) VALUES (240681, 240681, 1);
INSERT INTO `lk9v6_alumni_data` (`alumni_id`, `graduation_year`, `fid`, `job`, `address`, `city`, `country`, `phone`, `gid`, `mobile`, `nationalnumber`, `department`, `division`, `with_honor`) VALUES (240681, 2016, '2', '', '', '', '', '', 'جيد جدا', '', '', '', '', '');
INSERT INTO `lk9v6_users` (`name`, `email`, `usertype`) VALUES ('ساره مصطفى احمد ابراهيم المرشدى ', '', 'الخريجين');
INSERT INTO `lk9v6_alumni_main` (`id`, `user_id`, `approved`) VALUES (240682, 240682, 1);
INSERT INTO `lk9v6_alumni_data` (`alumni_id`, `graduation_year`, `fid`, `job`, `address`, `city`, `country`, `phone`, `gid`, `mobile`, `nationalnumber`, `department`, `division`, `with_honor`) VALUES (240682, 2016, '2', '', '', '', '', '', 'جيد جدا', '', '', '', '', '');
INSERT INTO `lk9v6_users` (`name`, `email`, `usertype`) VALUES ('ساره موسى احمد حسن موسى بشر', '', 'الخريجين');
INSERT INTO `lk9v6_alumni_main` (`id`, `user_id`, `approved`) VALUES (240683, 240683, 1);
INSERT INTO `lk9v6_alumni_data` (`alumni_id`, `graduation_year`, `fid`, `job`, `address`, `city`, `country`, `phone`, `gid`, `mobile`, `nationalnumber`, `department`, `division`, `with_honor`) VALUES (240683, 2016, '2', '', '', '', '', '', 'جيد جدا', '', '', '', '', '');
INSERT INTO `lk9v6_users` (`name`, `email`, `usertype`) VALUES ('سالى طلعت محمد فريد محمد حمزه بطاح', '', 'الخريجين');
INSERT INTO `lk9v6_alumni_main` (`id`, `user_id`, `approved`) VALUES (240684, 240684, 1);
INSERT INTO `lk9v6_alumni_data` (`alumni_id`, `graduation_year`, `fid`, `job`, `address`, `city`, `country`, `phone`, `gid`, `mobile`, `nationalnumber`, `department`, `division`, `with_honor`) VALUES (240684, 2016, '2', '', '', '', '', '', 'جيد جدا', '', '', '', '', '');
INSERT INTO `lk9v6_users` (`name`, `email`, `usertype`) VALUES ('سالى فتحى عبد العليم عبد الحميد سلامه', '', 'الخريجين');
INSERT INTO `lk9v6_alumni_main` (`id`, `user_id`, `approved`) VALUES (240685, 240685, 1);
INSERT INTO `lk9v6_alumni_data` (`alumni_id`, `graduation_year`, `fid`, `job`, `address`, `city`, `country`, `phone`, `gid`, `mobile`, `nationalnumber`, `department`, `division`, `with_honor`) VALUES (240685, 2016, '2', '', '', '', '', '', 'جيد جدا', '', '', '', '', '');
INSERT INTO `lk9v6_users` (`name`, `email`, `usertype`) VALUES ('ساميه محمد عبد الرحمن احمد محمد', '', 'الخريجين');
INSERT INTO `lk9v6_alumni_main` (`id`, `user_id`, `approved`) VALUES (240686, 240686, 1);
INSERT INTO `lk9v6_alumni_data` (`alumni_id`, `graduation_year`, `fid`, `job`, `address`, `city`, `country`, `phone`, `gid`, `mobile`, `nationalnumber`, `department`, `division`, `with_honor`) VALUES (240686, 2016, '2', '', '', '', '', '', 'جيد جدا', '', '', '', '', '');
INSERT INTO `lk9v6_users` (`name`, `email`, `usertype`) VALUES ('سحر امين احمد غانم', '', 'الخريجين');
INSERT INTO `lk9v6_alumni_main` (`id`, `user_id`, `approved`) VALUES (240687, 240687, 1);
INSERT INTO `lk9v6_alumni_data` (`alumni_id`, `graduation_year`, `fid`, `job`, `address`, `city`, `country`, `phone`, `gid`, `mobile`, `nationalnumber`, `department`, `division`, `with_honor`) VALUES (240687, 2016, '2', '', '', '', '', '', 'جيد جدا', '', '', '', '', '');
INSERT INTO `lk9v6_users` (`name`, `email`, `usertype`) VALUES ('سحر مجدى عبد الوهاب محمد فتيحه', '', 'الخريجين');
INSERT INTO `lk9v6_alumni_main` (`id`, `user_id`, `approved`) VALUES (240688, 240688, 1);
INSERT INTO `lk9v6_alumni_data` (`alumni_id`, `graduation_year`, `fid`, `job`, `address`, `city`, `country`, `phone`, `gid`, `mobile`, `nationalnumber`, `department`, `division`, `with_honor`) VALUES (240688, 2016, '2', '', '', '', '', '', 'جيد جدا', '', '', '', '', '');
INSERT INTO `lk9v6_users` (`name`, `email`, `usertype`) VALUES ('سعاد صبرى احمد محمد عليوى ', '', 'الخريجين');
INSERT INTO `lk9v6_alumni_main` (`id`, `user_id`, `approved`) VALUES (240689, 240689, 1);
INSERT INTO `lk9v6_alumni_data` (`alumni_id`, `graduation_year`, `fid`, `job`, `address`, `city`, `country`, `phone`, `gid`, `mobile`, `nationalnumber`, `department`, `division`, `with_honor`) VALUES (240689, 2016, '2', '', '', '', '', '', 'جيد جدا', '', '', '', '', '');
INSERT INTO `lk9v6_users` (`name`, `email`, `usertype`) VALUES ('سعد مبروك سعد محمد ابو مندور ', '', 'الخريجين');
INSERT INTO `lk9v6_alumni_main` (`id`, `user_id`, `approved`) VALUES (240690, 240690, 1);
INSERT INTO `lk9v6_alumni_data` (`alumni_id`, `graduation_year`, `fid`, `job`, `address`, `city`, `country`, `phone`, `gid`, `mobile`, `nationalnumber`, `department`, `division`, `with_honor`) VALUES (240690, 2016, '2', '', '', '', '', '', 'جيد جدا', '', '', '', '', '');
INSERT INTO `lk9v6_users` (`name`, `email`, `usertype`) VALUES ('سلمى احمد انور شحاته السيد', '', 'الخريجين');
INSERT INTO `lk9v6_alumni_main` (`id`, `user_id`, `approved`) VALUES (240691, 240691, 1);
INSERT INTO `lk9v6_alumni_data` (`alumni_id`, `graduation_year`, `fid`, `job`, `address`, `city`, `country`, `phone`, `gid`, `mobile`, `nationalnumber`, `department`, `division`, `with_honor`) VALUES (240691, 2016, '2', '', '', '', '', '', 'جيد جدا', '', '', '', '', '');
INSERT INTO `lk9v6_users` (`name`, `email`, `usertype`) VALUES ('سلمى على محمد على عبد الرازق', '', 'الخريجين');
INSERT INTO `lk9v6_alumni_main` (`id`, `user_id`, `approved`) VALUES (240692, 240692, 1);
INSERT INTO `lk9v6_alumni_data` (`alumni_id`, `graduation_year`, `fid`, `job`, `address`, `city`, `country`, `phone`, `gid`, `mobile`, `nationalnumber`, `department`, `division`, `with_honor`) VALUES (240692, 2016, '2', '', '', '', '', '', 'جيد جدا', '', '', '', '', '');
INSERT INTO `lk9v6_users` (`name`, `email`, `usertype`) VALUES ('سلمى مجدى خليل احمد محمدين ', '', 'الخريجين');
INSERT INTO `lk9v6_alumni_main` (`id`, `user_id`, `approved`) VALUES (240693, 240693, 1);
INSERT INTO `lk9v6_alumni_data` (`alumni_id`, `graduation_year`, `fid`, `job`, `address`, `city`, `country`, `phone`, `gid`, `mobile`, `nationalnumber`, `department`, `division`, `with_honor`) VALUES (240693, 2016, '2', '', '', '', '', '', 'جيد جدا', '', '', '', '', '');
INSERT INTO `lk9v6_users` (`name`, `email`, `usertype`) VALUES ('سلمى محمد عبد العظيم امام عبد الله', '', 'الخريجين');
INSERT INTO `lk9v6_alumni_main` (`id`, `user_id`, `approved`) VALUES (240694, 240694, 1);
INSERT INTO `lk9v6_alumni_data` (`alumni_id`, `graduation_year`, `fid`, `job`, `address`, `city`, `country`, `phone`, `gid`, `mobile`, `nationalnumber`, `department`, `division`, `with_honor`) VALUES (240694, 2016, '2', '', '', '', '', '', 'جيد جدا', '', '', '', '', '');
INSERT INTO `lk9v6_users` (`name`, `email`, `usertype`) VALUES ('سلمى محمد عيد الراوى عبد الله', '', 'الخريجين');
INSERT INTO `lk9v6_alumni_main` (`id`, `user_id`, `approved`) VALUES (240695, 240695, 1);
INSERT INTO `lk9v6_alumni_data` (`alumni_id`, `graduation_year`, `fid`, `job`, `address`, `city`, `country`, `phone`, `gid`, `mobile`, `nationalnumber`, `department`, `division`, `with_honor`) VALUES (240695, 2016, '2', '', '', '', '', '', 'جيد جدا', '', '', '', '', '');
INSERT INTO `lk9v6_users` (`name`, `email`, `usertype`) VALUES ('سلمى نائل محمد رشاد السيد عثمان', '', 'الخريجين');
INSERT INTO `lk9v6_alumni_main` (`id`, `user_id`, `approved`) VALUES (240696, 240696, 1);
INSERT INTO `lk9v6_alumni_data` (`alumni_id`, `graduation_year`, `fid`, `job`, `address`, `city`, `country`, `phone`, `gid`, `mobile`, `nationalnumber`, `department`, `division`, `with_honor`) VALUES (240696, 2016, '2', '', '', '', '', '', 'جيد جدا', '', '', '', '', '');
INSERT INTO `lk9v6_users` (`name`, `email`, `usertype`) VALUES ('سلوى محمد محمد عليبه', '', 'الخريجين');
INSERT INTO `lk9v6_alumni_main` (`id`, `user_id`, `approved`) VALUES (240697, 240697, 1);
INSERT INTO `lk9v6_alumni_data` (`alumni_id`, `graduation_year`, `fid`, `job`, `address`, `city`, `country`, `phone`, `gid`, `mobile`, `nationalnumber`, `department`, `division`, `with_honor`) VALUES (240697, 2016, '2', '', '', '', '', '', 'جيد جدا', '', '', '', '', '');
INSERT INTO `lk9v6_users` (`name`, `email`, `usertype`) VALUES ('سماء منصور احمد ابراهيم منصور ', '', 'الخريجين');
INSERT INTO `lk9v6_alumni_main` (`id`, `user_id`, `approved`) VALUES (240698, 240698, 1);
INSERT INTO `lk9v6_alumni_data` (`alumni_id`, `graduation_year`, `fid`, `job`, `address`, `city`, `country`, `phone`, `gid`, `mobile`, `nationalnumber`, `department`, `division`, `with_honor`) VALUES (240698, 2016, '2', '', '', '', '', '', 'جيد جدا', '', '', '', '', '');
INSERT INTO `lk9v6_users` (`name`, `email`, `usertype`) VALUES ('سماح فتحى اسماعيل محمد العساوى', '', 'الخريجين');
INSERT INTO `lk9v6_alumni_main` (`id`, `user_id`, `approved`) VALUES (240699, 240699, 1);
INSERT INTO `lk9v6_alumni_data` (`alumni_id`, `graduation_year`, `fid`, `job`, `address`, `city`, `country`, `phone`, `gid`, `mobile`, `nationalnumber`, `department`, `division`, `with_honor`) VALUES (240699, 2016, '2', '', '', '', '', '', 'جيد جدا', '', '', '', '', '');
INSERT INTO `lk9v6_users` (`name`, `email`, `usertype`) VALUES ('سمر رجب عبد الحى عوض', '', 'الخريجين');
INSERT INTO `lk9v6_alumni_main` (`id`, `user_id`, `approved`) VALUES (240700, 240700, 1);
INSERT INTO `lk9v6_alumni_data` (`alumni_id`, `graduation_year`, `fid`, `job`, `address`, `city`, `country`, `phone`, `gid`, `mobile`, `nationalnumber`, `department`, `division`, `with_honor`) VALUES (240700, 2016, '2', '', '', '', '', '', 'جيد جدا', '', '', '', '', '');
INSERT INTO `lk9v6_users` (`name`, `email`, `usertype`) VALUES ('سمر سالم سعد محمد عبد الغنى', '', 'الخريجين');
INSERT INTO `lk9v6_alumni_main` (`id`, `user_id`, `approved`) VALUES (240701, 240701, 1);
INSERT INTO `lk9v6_alumni_data` (`alumni_id`, `graduation_year`, `fid`, `job`, `address`, `city`, `country`, `phone`, `gid`, `mobile`, `nationalnumber`, `department`, `division`, `with_honor`) VALUES (240701, 2016, '2', '', '', '', '', '', 'جيد جدا', '', '', '', '', '');
INSERT INTO `lk9v6_users` (`name`, `email`, `usertype`) VALUES ('سمر عبد الحميد محمد محمد ناصر', '', 'الخريجين');
INSERT INTO `lk9v6_alumni_main` (`id`, `user_id`, `approved`) VALUES (240702, 240702, 1);
INSERT INTO `lk9v6_alumni_data` (`alumni_id`, `graduation_year`, `fid`, `job`, `address`, `city`, `country`, `phone`, `gid`, `mobile`, `nationalnumber`, `department`, `division`, `with_honor`) VALUES (240702, 2016, '2', '', '', '', '', '', 'جيد جدا', '', '', '', '', '');
INSERT INTO `lk9v6_users` (`name`, `email`, `usertype`) VALUES ('سمر عبد الرحيم السيد ابو غزاله', '', 'الخريجين');
INSERT INTO `lk9v6_alumni_main` (`id`, `user_id`, `approved`) VALUES (240703, 240703, 1);
INSERT INTO `lk9v6_alumni_data` (`alumni_id`, `graduation_year`, `fid`, `job`, `address`, `city`, `country`, `phone`, `gid`, `mobile`, `nationalnumber`, `department`, `division`, `with_honor`) VALUES (240703, 2016, '2', '', '', '', '', '', 'جيد جدا', '', '', '', '', '');
INSERT INTO `lk9v6_users` (`name`, `email`, `usertype`) VALUES ('سمر عبد المجيد محمد عبد المجيد فرج', '', 'الخريجين');
INSERT INTO `lk9v6_alumni_main` (`id`, `user_id`, `approved`) VALUES (240704, 240704, 1);
INSERT INTO `lk9v6_alumni_data` (`alumni_id`, `graduation_year`, `fid`, `job`, `address`, `city`, `country`, `phone`, `gid`, `mobile`, `nationalnumber`, `department`, `division`, `with_honor`) VALUES (240704, 2016, '2', '', '', '', '', '', 'جيد جدا', '', '', '', '', '');
INSERT INTO `lk9v6_users` (`name`, `email`, `usertype`) VALUES ('سمر على محمود على البهوتى', '', 'الخريجين');
INSERT INTO `lk9v6_alumni_main` (`id`, `user_id`, `approved`) VALUES (240705, 240705, 1);
INSERT INTO `lk9v6_alumni_data` (`alumni_id`, `graduation_year`, `fid`, `job`, `address`, `city`, `country`, `phone`, `gid`, `mobile`, `nationalnumber`, `department`, `division`, `with_honor`) VALUES (240705, 2016, '2', '', '', '', '', '', 'جيد جدا', '', '', '', '', '');
INSERT INTO `lk9v6_users` (`name`, `email`, `usertype`) VALUES ('سمر محمد محمد ابراهيم ', '', 'الخريجين');
INSERT INTO `lk9v6_alumni_main` (`id`, `user_id`, `approved`) VALUES (240706, 240706, 1);
INSERT INTO `lk9v6_alumni_data` (`alumni_id`, `graduation_year`, `fid`, `job`, `address`, `city`, `country`, `phone`, `gid`, `mobile`, `nationalnumber`, `department`, `division`, `with_honor`) VALUES (240706, 2016, '2', '', '', '', '', '', 'جيد جدا', '', '', '', '', '');
INSERT INTO `lk9v6_users` (`name`, `email`, `usertype`) VALUES ('سمر محمود بسيونى الغنام ', '', 'الخريجين');
INSERT INTO `lk9v6_alumni_main` (`id`, `user_id`, `approved`) VALUES (240707, 240707, 1);
INSERT INTO `lk9v6_alumni_data` (`alumni_id`, `graduation_year`, `fid`, `job`, `address`, `city`, `country`, `phone`, `gid`, `mobile`, `nationalnumber`, `department`, `division`, `with_honor`) VALUES (240707, 2016, '2', '', '', '', '', '', 'جيد جدا', '', '', '', '', '');
INSERT INTO `lk9v6_users` (`name`, `email`, `usertype`) VALUES ('سمر محمود جمعه عبد القادرمحمد ', '', 'الخريجين');
INSERT INTO `lk9v6_alumni_main` (`id`, `user_id`, `approved`) VALUES (240708, 240708, 1);
INSERT INTO `lk9v6_alumni_data` (`alumni_id`, `graduation_year`, `fid`, `job`, `address`, `city`, `country`, `phone`, `gid`, `mobile`, `nationalnumber`, `department`, `division`, `with_honor`) VALUES (240708, 2016, '2', '', '', '', '', '', 'جيد جدا', '', '', '', '', '');
INSERT INTO `lk9v6_users` (`name`, `email`, `usertype`) VALUES ('سميره احمد سامى محمد بازينه', '', 'الخريجين');
INSERT INTO `lk9v6_alumni_main` (`id`, `user_id`, `approved`) VALUES (240709, 240709, 1);
INSERT INTO `lk9v6_alumni_data` (`alumni_id`, `graduation_year`, `fid`, `job`, `address`, `city`, `country`, `phone`, `gid`, `mobile`, `nationalnumber`, `department`, `division`, `with_honor`) VALUES (240709, 2016, '2', '', '', '', '', '', 'جيد جدا', '', '', '', '', '');
INSERT INTO `lk9v6_users` (`name`, `email`, `usertype`) VALUES ('سميه عبد الحميد احمد زغلول ', '', 'الخريجين');
INSERT INTO `lk9v6_alumni_main` (`id`, `user_id`, `approved`) VALUES (240710, 240710, 1);
INSERT INTO `lk9v6_alumni_data` (`alumni_id`, `graduation_year`, `fid`, `job`, `address`, `city`, `country`, `phone`, `gid`, `mobile`, `nationalnumber`, `department`, `division`, `with_honor`) VALUES (240710, 2016, '2', '', '', '', '', '', 'جيد جدا', '', '', '', '', '');
INSERT INTO `lk9v6_users` (`name`, `email`, `usertype`) VALUES ('سها عبد العليم سعد الدين احمد', '', 'الخريجين');
INSERT INTO `lk9v6_alumni_main` (`id`, `user_id`, `approved`) VALUES (240711, 240711, 1);
INSERT INTO `lk9v6_alumni_data` (`alumni_id`, `graduation_year`, `fid`, `job`, `address`, `city`, `country`, `phone`, `gid`, `mobile`, `nationalnumber`, `department`, `division`, `with_honor`) VALUES (240711, 2016, '2', '', '', '', '', '', 'جيد جدا', '', '', '', '', '');
INSERT INTO `lk9v6_users` (`name`, `email`, `usertype`) VALUES ('سها عبد الفتاح الشمندى عبد العال رشوان  ', '', 'الخريجين');
INSERT INTO `lk9v6_alumni_main` (`id`, `user_id`, `approved`) VALUES (240712, 240712, 1);
INSERT INTO `lk9v6_alumni_data` (`alumni_id`, `graduation_year`, `fid`, `job`, `address`, `city`, `country`, `phone`, `gid`, `mobile`, `nationalnumber`, `department`, `division`, `with_honor`) VALUES (240712, 2016, '2', '', '', '', '', '', 'جيد جدا', '', '', '', '', '');
INSERT INTO `lk9v6_users` (`name`, `email`, `usertype`) VALUES ('سهيل حمدى عبد الحفيظ شعيب', '', 'الخريجين');
INSERT INTO `lk9v6_alumni_main` (`id`, `user_id`, `approved`) VALUES (240713, 240713, 1);
INSERT INTO `lk9v6_alumni_data` (`alumni_id`, `graduation_year`, `fid`, `job`, `address`, `city`, `country`, `phone`, `gid`, `mobile`, `nationalnumber`, `department`, `division`, `with_honor`) VALUES (240713, 2016, '2', '', '', '', '', '', 'جيد جدا', '', '', '', '', '');
INSERT INTO `lk9v6_users` (`name`, `email`, `usertype`) VALUES ('سهيله جبرعبد الحليم زياده ', '', 'الخريجين');
INSERT INTO `lk9v6_alumni_main` (`id`, `user_id`, `approved`) VALUES (240714, 240714, 1);
INSERT INTO `lk9v6_alumni_data` (`alumni_id`, `graduation_year`, `fid`, `job`, `address`, `city`, `country`, `phone`, `gid`, `mobile`, `nationalnumber`, `department`, `division`, `with_honor`) VALUES (240714, 2016, '2', '', '', '', '', '', 'جيد جدا', '', '', '', '', '');
INSERT INTO `lk9v6_users` (`name`, `email`, `usertype`) VALUES ('سوسن حمدى حسين احمد محمد حسن ', '', 'الخريجين');
INSERT INTO `lk9v6_alumni_main` (`id`, `user_id`, `approved`) VALUES (240715, 240715, 1);
INSERT INTO `lk9v6_alumni_data` (`alumni_id`, `graduation_year`, `fid`, `job`, `address`, `city`, `country`, `phone`, `gid`, `mobile`, `nationalnumber`, `department`, `division`, `with_honor`) VALUES (240715, 2016, '2', '', '', '', '', '', 'جيد جدا', '', '', '', '', '');
INSERT INTO `lk9v6_users` (`name`, `email`, `usertype`) VALUES ('شادى حسن محمد اسماعيل', '', 'الخريجين');
INSERT INTO `lk9v6_alumni_main` (`id`, `user_id`, `approved`) VALUES (240716, 240716, 1);
INSERT INTO `lk9v6_alumni_data` (`alumni_id`, `graduation_year`, `fid`, `job`, `address`, `city`, `country`, `phone`, `gid`, `mobile`, `nationalnumber`, `department`, `division`, `with_honor`) VALUES (240716, 2016, '2', '', '', '', '', '', 'جيد جدا', '', '', '', '', '');
INSERT INTO `lk9v6_users` (`name`, `email`, `usertype`) VALUES ('شادى معتز محمد عبد الحليم عبد ربه', '', 'الخريجين');
INSERT INTO `lk9v6_alumni_main` (`id`, `user_id`, `approved`) VALUES (240717, 240717, 1);
INSERT INTO `lk9v6_alumni_data` (`alumni_id`, `graduation_year`, `fid`, `job`, `address`, `city`, `country`, `phone`, `gid`, `mobile`, `nationalnumber`, `department`, `division`, `with_honor`) VALUES (240717, 2016, '2', '', '', '', '', '', 'جيد جدا', '', '', '', '', '');
INSERT INTO `lk9v6_users` (`name`, `email`, `usertype`) VALUES ('شاهنده اشرف احمد عادل الشريف', '', 'الخريجين');
INSERT INTO `lk9v6_alumni_main` (`id`, `user_id`, `approved`) VALUES (240718, 240718, 1);
INSERT INTO `lk9v6_alumni_data` (`alumni_id`, `graduation_year`, `fid`, `job`, `address`, `city`, `country`, `phone`, `gid`, `mobile`, `nationalnumber`, `department`, `division`, `with_honor`) VALUES (240718, 2016, '2', '', '', '', '', '', 'جيد جدا', '', '', '', '', '');
INSERT INTO `lk9v6_users` (`name`, `email`, `usertype`) VALUES ('شروق محمد علاء الدين زين العابدين الركايبى', '', 'الخريجين');
INSERT INTO `lk9v6_alumni_main` (`id`, `user_id`, `approved`) VALUES (240719, 240719, 1);
INSERT INTO `lk9v6_alumni_data` (`alumni_id`, `graduation_year`, `fid`, `job`, `address`, `city`, `country`, `phone`, `gid`, `mobile`, `nationalnumber`, `department`, `division`, `with_honor`) VALUES (240719, 2016, '2', '', '', '', '', '', 'جيد جدا', '', '', '', '', '');
INSERT INTO `lk9v6_users` (`name`, `email`, `usertype`) VALUES ('شرين جرجس مارون جرجس', '', 'الخريجين');
INSERT INTO `lk9v6_alumni_main` (`id`, `user_id`, `approved`) VALUES (240720, 240720, 1);
INSERT INTO `lk9v6_alumni_data` (`alumni_id`, `graduation_year`, `fid`, `job`, `address`, `city`, `country`, `phone`, `gid`, `mobile`, `nationalnumber`, `department`, `division`, `with_honor`) VALUES (240720, 2016, '2', '', '', '', '', '', 'جيد جدا', '', '', '', '', '');
INSERT INTO `lk9v6_users` (`name`, `email`, `usertype`) VALUES ('شرين صلاح الدين محمود الطباخ', '', 'الخريجين');
INSERT INTO `lk9v6_alumni_main` (`id`, `user_id`, `approved`) VALUES (240721, 240721, 1);
INSERT INTO `lk9v6_alumni_data` (`alumni_id`, `graduation_year`, `fid`, `job`, `address`, `city`, `country`, `phone`, `gid`, `mobile`, `nationalnumber`, `department`, `division`, `with_honor`) VALUES (240721, 2016, '2', '', '', '', '', '', 'جيد جدا', '', '', '', '', '');
INSERT INTO `lk9v6_users` (`name`, `email`, `usertype`) VALUES ('شمس ابراهيم محمد منصور جاد', '', 'الخريجين');
INSERT INTO `lk9v6_alumni_main` (`id`, `user_id`, `approved`) VALUES (240722, 240722, 1);
INSERT INTO `lk9v6_alumni_data` (`alumni_id`, `graduation_year`, `fid`, `job`, `address`, `city`, `country`, `phone`, `gid`, `mobile`, `nationalnumber`, `department`, `division`, `with_honor`) VALUES (240722, 2016, '2', '', '', '', '', '', 'جيد جدا', '', '', '', '', '');
INSERT INTO `lk9v6_users` (`name`, `email`, `usertype`) VALUES ('شيرين فتح الله مصطفى يونس ', '', 'الخريجين');
INSERT INTO `lk9v6_alumni_main` (`id`, `user_id`, `approved`) VALUES (240723, 240723, 1);
INSERT INTO `lk9v6_alumni_data` (`alumni_id`, `graduation_year`, `fid`, `job`, `address`, `city`, `country`, `phone`, `gid`, `mobile`, `nationalnumber`, `department`, `division`, `with_honor`) VALUES (240723, 2016, '2', '', '', '', '', '', 'جيد جدا', '', '', '', '', '');
INSERT INTO `lk9v6_users` (`name`, `email`, `usertype`) VALUES ('شيرين مصطفى حسن قاسم ', '', 'الخريجين');
INSERT INTO `lk9v6_alumni_main` (`id`, `user_id`, `approved`) VALUES (240724, 240724, 1);
INSERT INTO `lk9v6_alumni_data` (`alumni_id`, `graduation_year`, `fid`, `job`, `address`, `city`, `country`, `phone`, `gid`, `mobile`, `nationalnumber`, `department`, `division`, `with_honor`) VALUES (240724, 2016, '2', '', '', '', '', '', 'جيد جدا', '', '', '', '', '');
INSERT INTO `lk9v6_users` (`name`, `email`, `usertype`) VALUES ('شيماء اسماعيل محمد محمد كويله', '', 'الخريجين');
INSERT INTO `lk9v6_alumni_main` (`id`, `user_id`, `approved`) VALUES (240725, 240725, 1);
INSERT INTO `lk9v6_alumni_data` (`alumni_id`, `graduation_year`, `fid`, `job`, `address`, `city`, `country`, `phone`, `gid`, `mobile`, `nationalnumber`, `department`, `division`, `with_honor`) VALUES (240725, 2016, '2', '', '', '', '', '', 'جيد جدا', '', '', '', '', '');
INSERT INTO `lk9v6_users` (`name`, `email`, `usertype`) VALUES ('شيماء زكريا عبد الفتاح رجب ابراهيم', '', 'الخريجين');
INSERT INTO `lk9v6_alumni_main` (`id`, `user_id`, `approved`) VALUES (240726, 240726, 1);
INSERT INTO `lk9v6_alumni_data` (`alumni_id`, `graduation_year`, `fid`, `job`, `address`, `city`, `country`, `phone`, `gid`, `mobile`, `nationalnumber`, `department`, `division`, `with_honor`) VALUES (240726, 2016, '2', '', '', '', '', '', 'جيد جدا', '', '', '', '', '');
INSERT INTO `lk9v6_users` (`name`, `email`, `usertype`) VALUES ('شيماء شكرى يوسف معوض عبد الله', '', 'الخريجين');
INSERT INTO `lk9v6_alumni_main` (`id`, `user_id`, `approved`) VALUES (240727, 240727, 1);
INSERT INTO `lk9v6_alumni_data` (`alumni_id`, `graduation_year`, `fid`, `job`, `address`, `city`, `country`, `phone`, `gid`, `mobile`, `nationalnumber`, `department`, `division`, `with_honor`) VALUES (240727, 2016, '2', '', '', '', '', '', 'جيد جدا', '', '', '', '', '');
INSERT INTO `lk9v6_users` (`name`, `email`, `usertype`) VALUES ('شيماء عبد الحارس حسن دسوقى', '', 'الخريجين');
INSERT INTO `lk9v6_alumni_main` (`id`, `user_id`, `approved`) VALUES (240728, 240728, 1);
INSERT INTO `lk9v6_alumni_data` (`alumni_id`, `graduation_year`, `fid`, `job`, `address`, `city`, `country`, `phone`, `gid`, `mobile`, `nationalnumber`, `department`, `division`, `with_honor`) VALUES (240728, 2016, '2', '', '', '', '', '', 'جيد جدا', '', '', '', '', '');
INSERT INTO `lk9v6_users` (`name`, `email`, `usertype`) VALUES ('شيماء عصام يوسف محمد المهدى ', '', 'الخريجين');
INSERT INTO `lk9v6_alumni_main` (`id`, `user_id`, `approved`) VALUES (240729, 240729, 1);
INSERT INTO `lk9v6_alumni_data` (`alumni_id`, `graduation_year`, `fid`, `job`, `address`, `city`, `country`, `phone`, `gid`, `mobile`, `nationalnumber`, `department`, `division`, `with_honor`) VALUES (240729, 2016, '2', '', '', '', '', '', 'جيد جدا', '', '', '', '', '');
INSERT INTO `lk9v6_users` (`name`, `email`, `usertype`) VALUES ('شيماء محمد يوسف يحيى عمر ', '', 'الخريجين');
INSERT INTO `lk9v6_alumni_main` (`id`, `user_id`, `approved`) VALUES (240730, 240730, 1);
INSERT INTO `lk9v6_alumni_data` (`alumni_id`, `graduation_year`, `fid`, `job`, `address`, `city`, `country`, `phone`, `gid`, `mobile`, `nationalnumber`, `department`, `division`, `with_honor`) VALUES (240730, 2016, '2', '', '', '', '', '', 'جيد جدا', '', '', '', '', '');
INSERT INTO `lk9v6_users` (`name`, `email`, `usertype`) VALUES ('شيماء مختار احمد حسن ', '', 'الخريجين');
INSERT INTO `lk9v6_alumni_main` (`id`, `user_id`, `approved`) VALUES (240731, 240731, 1);
INSERT INTO `lk9v6_alumni_data` (`alumni_id`, `graduation_year`, `fid`, `job`, `address`, `city`, `country`, `phone`, `gid`, `mobile`, `nationalnumber`, `department`, `division`, `with_honor`) VALUES (240731, 2016, '2', '', '', '', '', '', 'جيد جدا', '', '', '', '', '');
INSERT INTO `lk9v6_users` (`name`, `email`, `usertype`) VALUES ('شيماء هاشم عبد النبي مصطفى عطيه', '', 'الخريجين');
INSERT INTO `lk9v6_alumni_main` (`id`, `user_id`, `approved`) VALUES (240732, 240732, 1);
INSERT INTO `lk9v6_alumni_data` (`alumni_id`, `graduation_year`, `fid`, `job`, `address`, `city`, `country`, `phone`, `gid`, `mobile`, `nationalnumber`, `department`, `division`, `with_honor`) VALUES (240732, 2016, '2', '', '', '', '', '', 'جيد جدا', '', '', '', '', '');
INSERT INTO `lk9v6_users` (`name`, `email`, `usertype`) VALUES ('صباح محمد ابو سعيد عبد الجواد', '', 'الخريجين');
INSERT INTO `lk9v6_alumni_main` (`id`, `user_id`, `approved`) VALUES (240733, 240733, 1);
INSERT INTO `lk9v6_alumni_data` (`alumni_id`, `graduation_year`, `fid`, `job`, `address`, `city`, `country`, `phone`, `gid`, `mobile`, `nationalnumber`, `department`, `division`, `with_honor`) VALUES (240733, 2016, '2', '', '', '', '', '', 'جيد جدا', '', '', '', '', '');
INSERT INTO `lk9v6_users` (`name`, `email`, `usertype`) VALUES ('ضحى مجدى عبد الرحمن الضلعى  ', '', 'الخريجين');
INSERT INTO `lk9v6_alumni_main` (`id`, `user_id`, `approved`) VALUES (240734, 240734, 1);
INSERT INTO `lk9v6_alumni_data` (`alumni_id`, `graduation_year`, `fid`, `job`, `address`, `city`, `country`, `phone`, `gid`, `mobile`, `nationalnumber`, `department`, `division`, `with_honor`) VALUES (240734, 2016, '2', '', '', '', '', '', 'جيد جدا', '', '', '', '', '');
INSERT INTO `lk9v6_users` (`name`, `email`, `usertype`) VALUES ('طارق ابراهيم مصطفى عبد الحميد محمد', '', 'الخريجين');
INSERT INTO `lk9v6_alumni_main` (`id`, `user_id`, `approved`) VALUES (240735, 240735, 1);
INSERT INTO `lk9v6_alumni_data` (`alumni_id`, `graduation_year`, `fid`, `job`, `address`, `city`, `country`, `phone`, `gid`, `mobile`, `nationalnumber`, `department`, `division`, `with_honor`) VALUES (240735, 2016, '2', '', '', '', '', '', 'جيد جدا', '', '', '', '', '');
INSERT INTO `lk9v6_users` (`name`, `email`, `usertype`) VALUES ('عاصم مجدى محمود اسماعيل الدمنهورى ', '', 'الخريجين');
INSERT INTO `lk9v6_alumni_main` (`id`, `user_id`, `approved`) VALUES (240736, 240736, 1);
INSERT INTO `lk9v6_alumni_data` (`alumni_id`, `graduation_year`, `fid`, `job`, `address`, `city`, `country`, `phone`, `gid`, `mobile`, `nationalnumber`, `department`, `division`, `with_honor`) VALUES (240736, 2016, '2', '', '', '', '', '', 'جيد جدا', '', '', '', '', '');
INSERT INTO `lk9v6_users` (`name`, `email`, `usertype`) VALUES ('عاطف محمد عوض ابراهيم الادكاوى', '', 'الخريجين');
INSERT INTO `lk9v6_alumni_main` (`id`, `user_id`, `approved`) VALUES (240737, 240737, 1);
INSERT INTO `lk9v6_alumni_data` (`alumni_id`, `graduation_year`, `fid`, `job`, `address`, `city`, `country`, `phone`, `gid`, `mobile`, `nationalnumber`, `department`, `division`, `with_honor`) VALUES (240737, 2016, '2', '', '', '', '', '', 'جيد جدا', '', '', '', '', '');
INSERT INTO `lk9v6_users` (`name`, `email`, `usertype`) VALUES ('عائشه حسين محمود محمد سلام', '', 'الخريجين');
INSERT INTO `lk9v6_alumni_main` (`id`, `user_id`, `approved`) VALUES (240738, 240738, 1);
INSERT INTO `lk9v6_alumni_data` (`alumni_id`, `graduation_year`, `fid`, `job`, `address`, `city`, `country`, `phone`, `gid`, `mobile`, `nationalnumber`, `department`, `division`, `with_honor`) VALUES (240738, 2016, '2', '', '', '', '', '', 'جيد جدا', '', '', '', '', '');
INSERT INTO `lk9v6_users` (`name`, `email`, `usertype`) VALUES ('عبد الحميد رضا عبد الحميد المنشاوى', '', 'الخريجين');
INSERT INTO `lk9v6_alumni_main` (`id`, `user_id`, `approved`) VALUES (240739, 240739, 1);
INSERT INTO `lk9v6_alumni_data` (`alumni_id`, `graduation_year`, `fid`, `job`, `address`, `city`, `country`, `phone`, `gid`, `mobile`, `nationalnumber`, `department`, `division`, `with_honor`) VALUES (240739, 2016, '2', '', '', '', '', '', 'جيد جدا', '', '', '', '', '');
INSERT INTO `lk9v6_users` (`name`, `email`, `usertype`) VALUES ('عبد الرحمن احمد محمد سلامة الامام', '', 'الخريجين');
INSERT INTO `lk9v6_alumni_main` (`id`, `user_id`, `approved`) VALUES (240740, 240740, 1);
INSERT INTO `lk9v6_alumni_data` (`alumni_id`, `graduation_year`, `fid`, `job`, `address`, `city`, `country`, `phone`, `gid`, `mobile`, `nationalnumber`, `department`, `division`, `with_honor`) VALUES (240740, 2016, '2', '', '', '', '', '', 'جيد جدا', '', '', '', '', '');
INSERT INTO `lk9v6_users` (`name`, `email`, `usertype`) VALUES ('عبد الرحمن طاهر سعيد الرحمانى', '', 'الخريجين');
INSERT INTO `lk9v6_alumni_main` (`id`, `user_id`, `approved`) VALUES (240741, 240741, 1);
INSERT INTO `lk9v6_alumni_data` (`alumni_id`, `graduation_year`, `fid`, `job`, `address`, `city`, `country`, `phone`, `gid`, `mobile`, `nationalnumber`, `department`, `division`, `with_honor`) VALUES (240741, 2016, '2', '', '', '', '', '', 'جيد جدا', '', '', '', '', '');
INSERT INTO `lk9v6_users` (`name`, `email`, `usertype`) VALUES ('عبد العليم على عبد الصادق العلقامى', '', 'الخريجين');
INSERT INTO `lk9v6_alumni_main` (`id`, `user_id`, `approved`) VALUES (240742, 240742, 1);
INSERT INTO `lk9v6_alumni_data` (`alumni_id`, `graduation_year`, `fid`, `job`, `address`, `city`, `country`, `phone`, `gid`, `mobile`, `nationalnumber`, `department`, `division`, `with_honor`) VALUES (240742, 2016, '2', '', '', '', '', '', 'جيد جدا', '', '', '', '', '');
INSERT INTO `lk9v6_users` (`name`, `email`, `usertype`) VALUES ('عبير حسن محمد السيد ', '', 'الخريجين');
INSERT INTO `lk9v6_alumni_main` (`id`, `user_id`, `approved`) VALUES (240743, 240743, 1);
INSERT INTO `lk9v6_alumni_data` (`alumni_id`, `graduation_year`, `fid`, `job`, `address`, `city`, `country`, `phone`, `gid`, `mobile`, `nationalnumber`, `department`, `division`, `with_honor`) VALUES (240743, 2016, '2', '', '', '', '', '', 'جيد جدا', '', '', '', '', '');
INSERT INTO `lk9v6_users` (`name`, `email`, `usertype`) VALUES ('عبير محمد محمد ابو طالب ', '', 'الخريجين');
INSERT INTO `lk9v6_alumni_main` (`id`, `user_id`, `approved`) VALUES (240744, 240744, 1);
INSERT INTO `lk9v6_alumni_data` (`alumni_id`, `graduation_year`, `fid`, `job`, `address`, `city`, `country`, `phone`, `gid`, `mobile`, `nationalnumber`, `department`, `division`, `with_honor`) VALUES (240744, 2016, '2', '', '', '', '', '', 'جيد جدا', '', '', '', '', '');
INSERT INTO `lk9v6_users` (`name`, `email`, `usertype`) VALUES ('عبير نبيل كمال الترعاوى', '', 'الخريجين');
INSERT INTO `lk9v6_alumni_main` (`id`, `user_id`, `approved`) VALUES (240745, 240745, 1);
INSERT INTO `lk9v6_alumni_data` (`alumni_id`, `graduation_year`, `fid`, `job`, `address`, `city`, `country`, `phone`, `gid`, `mobile`, `nationalnumber`, `department`, `division`, `with_honor`) VALUES (240745, 2016, '2', '', '', '', '', '', 'جيد جدا', '', '', '', '', '');
INSERT INTO `lk9v6_users` (`name`, `email`, `usertype`) VALUES ('عدنان محمد وفا جلال', '', 'الخريجين');
INSERT INTO `lk9v6_alumni_main` (`id`, `user_id`, `approved`) VALUES (240746, 240746, 1);
INSERT INTO `lk9v6_alumni_data` (`alumni_id`, `graduation_year`, `fid`, `job`, `address`, `city`, `country`, `phone`, `gid`, `mobile`, `nationalnumber`, `department`, `division`, `with_honor`) VALUES (240746, 2016, '2', '', '', '', '', '', 'جيد جدا', '', '', '', '', '');
INSERT INTO `lk9v6_users` (`name`, `email`, `usertype`) VALUES ('عزت محمد محمد احمد الصمودى ', '', 'الخريجين');
INSERT INTO `lk9v6_alumni_main` (`id`, `user_id`, `approved`) VALUES (240747, 240747, 1);
INSERT INTO `lk9v6_alumni_data` (`alumni_id`, `graduation_year`, `fid`, `job`, `address`, `city`, `country`, `phone`, `gid`, `mobile`, `nationalnumber`, `department`, `division`, `with_honor`) VALUES (240747, 2016, '2', '', '', '', '', '', 'جيد جدا', '', '', '', '', '');
INSERT INTO `lk9v6_users` (`name`, `email`, `usertype`) VALUES ('عزه عبد الناصر السيد خطاب', '', 'الخريجين');
INSERT INTO `lk9v6_alumni_main` (`id`, `user_id`, `approved`) VALUES (240748, 240748, 1);
INSERT INTO `lk9v6_alumni_data` (`alumni_id`, `graduation_year`, `fid`, `job`, `address`, `city`, `country`, `phone`, `gid`, `mobile`, `nationalnumber`, `department`, `division`, `with_honor`) VALUES (240748, 2016, '2', '', '', '', '', '', 'جيد جدا', '', '', '', '', '');
INSERT INTO `lk9v6_users` (`name`, `email`, `usertype`) VALUES ('عزه كمال سعد محمد الاخرس', '', 'الخريجين');
INSERT INTO `lk9v6_alumni_main` (`id`, `user_id`, `approved`) VALUES (240749, 240749, 1);
INSERT INTO `lk9v6_alumni_data` (`alumni_id`, `graduation_year`, `fid`, `job`, `address`, `city`, `country`, `phone`, `gid`, `mobile`, `nationalnumber`, `department`, `division`, `with_honor`) VALUES (240749, 2016, '2', '', '', '', '', '', 'جيد جدا', '', '', '', '', '');
INSERT INTO `lk9v6_users` (`name`, `email`, `usertype`) VALUES ('عزه محمد سيد احمد مغازى', '', 'الخريجين');
INSERT INTO `lk9v6_alumni_main` (`id`, `user_id`, `approved`) VALUES (240750, 240750, 1);
INSERT INTO `lk9v6_alumni_data` (`alumni_id`, `graduation_year`, `fid`, `job`, `address`, `city`, `country`, `phone`, `gid`, `mobile`, `nationalnumber`, `department`, `division`, `with_honor`) VALUES (240750, 2016, '2', '', '', '', '', '', 'جيد جدا', '', '', '', '', '');
INSERT INTO `lk9v6_users` (`name`, `email`, `usertype`) VALUES ('علا عادل السيد بسيونى عرفه', '', 'الخريجين');
INSERT INTO `lk9v6_alumni_main` (`id`, `user_id`, `approved`) VALUES (240751, 240751, 1);
INSERT INTO `lk9v6_alumni_data` (`alumni_id`, `graduation_year`, `fid`, `job`, `address`, `city`, `country`, `phone`, `gid`, `mobile`, `nationalnumber`, `department`, `division`, `with_honor`) VALUES (240751, 2016, '2', '', '', '', '', '', 'جيد جدا', '', '', '', '', '');
INSERT INTO `lk9v6_users` (`name`, `email`, `usertype`) VALUES ('علا علاء الدين محمد عبده ', '', 'الخريجين');
INSERT INTO `lk9v6_alumni_main` (`id`, `user_id`, `approved`) VALUES (240752, 240752, 1);
INSERT INTO `lk9v6_alumni_data` (`alumni_id`, `graduation_year`, `fid`, `job`, `address`, `city`, `country`, `phone`, `gid`, `mobile`, `nationalnumber`, `department`, `division`, `with_honor`) VALUES (240752, 2016, '2', '', '', '', '', '', 'جيد جدا', '', '', '', '', '');
INSERT INTO `lk9v6_users` (`name`, `email`, `usertype`) VALUES ('علاء بسيونى محمد درويش ', '', 'الخريجين');
INSERT INTO `lk9v6_alumni_main` (`id`, `user_id`, `approved`) VALUES (240753, 240753, 1);
INSERT INTO `lk9v6_alumni_data` (`alumni_id`, `graduation_year`, `fid`, `job`, `address`, `city`, `country`, `phone`, `gid`, `mobile`, `nationalnumber`, `department`, `division`, `with_honor`) VALUES (240753, 2016, '2', '', '', '', '', '', 'جيد جدا', '', '', '', '', '');
INSERT INTO `lk9v6_users` (`name`, `email`, `usertype`) VALUES ('على جمال عبد الفتاح جاب الله', '', 'الخريجين');
INSERT INTO `lk9v6_alumni_main` (`id`, `user_id`, `approved`) VALUES (240754, 240754, 1);
INSERT INTO `lk9v6_alumni_data` (`alumni_id`, `graduation_year`, `fid`, `job`, `address`, `city`, `country`, `phone`, `gid`, `mobile`, `nationalnumber`, `department`, `division`, `with_honor`) VALUES (240754, 2016, '2', '', '', '', '', '', 'جيد جدا', '', '', '', '', '');
INSERT INTO `lk9v6_users` (`name`, `email`, `usertype`) VALUES ('على محمد على محمد حسن ', '', 'الخريجين');
INSERT INTO `lk9v6_alumni_main` (`id`, `user_id`, `approved`) VALUES (240755, 240755, 1);
INSERT INTO `lk9v6_alumni_data` (`alumni_id`, `graduation_year`, `fid`, `job`, `address`, `city`, `country`, `phone`, `gid`, `mobile`, `nationalnumber`, `department`, `division`, `with_honor`) VALUES (240755, 2016, '2', '', '', '', '', '', 'جيد جدا', '', '', '', '', '');
INSERT INTO `lk9v6_users` (`name`, `email`, `usertype`) VALUES ('علياء جمال محمد محمد ابو العنين', '', 'الخريجين');
INSERT INTO `lk9v6_alumni_main` (`id`, `user_id`, `approved`) VALUES (240756, 240756, 1);
INSERT INTO `lk9v6_alumni_data` (`alumni_id`, `graduation_year`, `fid`, `job`, `address`, `city`, `country`, `phone`, `gid`, `mobile`, `nationalnumber`, `department`, `division`, `with_honor`) VALUES (240756, 2016, '2', '', '', '', '', '', 'جيد جدا', '', '', '', '', '');
INSERT INTO `lk9v6_users` (`name`, `email`, `usertype`) VALUES ('علياء عبد الله مبروك محمد ترابيس', '', 'الخريجين');
INSERT INTO `lk9v6_alumni_main` (`id`, `user_id`, `approved`) VALUES (240757, 240757, 1);
INSERT INTO `lk9v6_alumni_data` (`alumni_id`, `graduation_year`, `fid`, `job`, `address`, `city`, `country`, `phone`, `gid`, `mobile`, `nationalnumber`, `department`, `division`, `with_honor`) VALUES (240757, 2016, '2', '', '', '', '', '', 'جيد جدا', '', '', '', '', '');
INSERT INTO `lk9v6_users` (`name`, `email`, `usertype`) VALUES ('علياء على عبد المولى محمود شاهين', '', 'الخريجين');
INSERT INTO `lk9v6_alumni_main` (`id`, `user_id`, `approved`) VALUES (240758, 240758, 1);
INSERT INTO `lk9v6_alumni_data` (`alumni_id`, `graduation_year`, `fid`, `job`, `address`, `city`, `country`, `phone`, `gid`, `mobile`, `nationalnumber`, `department`, `division`, `with_honor`) VALUES (240758, 2016, '2', '', '', '', '', '', 'جيد جدا', '', '', '', '', '');
INSERT INTO `lk9v6_users` (`name`, `email`, `usertype`) VALUES ('علياء مصطفى محمد على رجب', '', 'الخريجين');
INSERT INTO `lk9v6_alumni_main` (`id`, `user_id`, `approved`) VALUES (240759, 240759, 1);
INSERT INTO `lk9v6_alumni_data` (`alumni_id`, `graduation_year`, `fid`, `job`, `address`, `city`, `country`, `phone`, `gid`, `mobile`, `nationalnumber`, `department`, `division`, `with_honor`) VALUES (240759, 2016, '2', '', '', '', '', '', 'جيد جدا', '', '', '', '', '');
INSERT INTO `lk9v6_users` (`name`, `email`, `usertype`) VALUES ('عماد عادل بانوب اسعد حنا', '', 'الخريجين');
INSERT INTO `lk9v6_alumni_main` (`id`, `user_id`, `approved`) VALUES (240760, 240760, 1);
INSERT INTO `lk9v6_alumni_data` (`alumni_id`, `graduation_year`, `fid`, `job`, `address`, `city`, `country`, `phone`, `gid`, `mobile`, `nationalnumber`, `department`, `division`, `with_honor`) VALUES (240760, 2016, '2', '', '', '', '', '', 'جيد جدا', '', '', '', '', '');
INSERT INTO `lk9v6_users` (`name`, `email`, `usertype`) VALUES ('عماد علاء الدين غريب محمد الشبراوى', '', 'الخريجين');
INSERT INTO `lk9v6_alumni_main` (`id`, `user_id`, `approved`) VALUES (240761, 240761, 1);
INSERT INTO `lk9v6_alumni_data` (`alumni_id`, `graduation_year`, `fid`, `job`, `address`, `city`, `country`, `phone`, `gid`, `mobile`, `nationalnumber`, `department`, `division`, `with_honor`) VALUES (240761, 2016, '2', '', '', '', '', '', 'جيد جدا', '', '', '', '', '');
INSERT INTO `lk9v6_users` (`name`, `email`, `usertype`) VALUES ('عمرو عادل جابر محمد عطا ', '', 'الخريجين');
INSERT INTO `lk9v6_alumni_main` (`id`, `user_id`, `approved`) VALUES (240762, 240762, 1);
INSERT INTO `lk9v6_alumni_data` (`alumni_id`, `graduation_year`, `fid`, `job`, `address`, `city`, `country`, `phone`, `gid`, `mobile`, `nationalnumber`, `department`, `division`, `with_honor`) VALUES (240762, 2016, '2', '', '', '', '', '', 'جيد جدا', '', '', '', '', '');
INSERT INTO `lk9v6_users` (`name`, `email`, `usertype`) VALUES ('عمرو محمد عبد الحليم ابراهيم سليم', '', 'الخريجين');
INSERT INTO `lk9v6_alumni_main` (`id`, `user_id`, `approved`) VALUES (240763, 240763, 1);
INSERT INTO `lk9v6_alumni_data` (`alumni_id`, `graduation_year`, `fid`, `job`, `address`, `city`, `country`, `phone`, `gid`, `mobile`, `nationalnumber`, `department`, `division`, `with_honor`) VALUES (240763, 2016, '2', '', '', '', '', '', 'جيد جدا', '', '', '', '', '');
INSERT INTO `lk9v6_users` (`name`, `email`, `usertype`) VALUES ('عمرو مدحت داود محمود سامى ', '', 'الخريجين');
INSERT INTO `lk9v6_alumni_main` (`id`, `user_id`, `approved`) VALUES (240764, 240764, 1);
INSERT INTO `lk9v6_alumni_data` (`alumni_id`, `graduation_year`, `fid`, `job`, `address`, `city`, `country`, `phone`, `gid`, `mobile`, `nationalnumber`, `department`, `division`, `with_honor`) VALUES (240764, 2016, '2', '', '', '', '', '', 'جيد جدا', '', '', '', '', '');
INSERT INTO `lk9v6_users` (`name`, `email`, `usertype`) VALUES ('عمرو مصطفى عبد المقصود حسين شحاته', '', 'الخريجين');
INSERT INTO `lk9v6_alumni_main` (`id`, `user_id`, `approved`) VALUES (240765, 240765, 1);
INSERT INTO `lk9v6_alumni_data` (`alumni_id`, `graduation_year`, `fid`, `job`, `address`, `city`, `country`, `phone`, `gid`, `mobile`, `nationalnumber`, `department`, `division`, `with_honor`) VALUES (240765, 2016, '2', '', '', '', '', '', 'جيد جدا', '', '', '', '', '');
INSERT INTO `lk9v6_users` (`name`, `email`, `usertype`) VALUES ('غاده اسامه هلال ابو العزم', '', 'الخريجين');
INSERT INTO `lk9v6_alumni_main` (`id`, `user_id`, `approved`) VALUES (240766, 240766, 1);
INSERT INTO `lk9v6_alumni_data` (`alumni_id`, `graduation_year`, `fid`, `job`, `address`, `city`, `country`, `phone`, `gid`, `mobile`, `nationalnumber`, `department`, `division`, `with_honor`) VALUES (240766, 2016, '2', '', '', '', '', '', 'جيد جدا', '', '', '', '', '');
INSERT INTO `lk9v6_users` (`name`, `email`, `usertype`) VALUES ('غاده اشرف حسن غطاس ', '', 'الخريجين');
INSERT INTO `lk9v6_alumni_main` (`id`, `user_id`, `approved`) VALUES (240767, 240767, 1);
INSERT INTO `lk9v6_alumni_data` (`alumni_id`, `graduation_year`, `fid`, `job`, `address`, `city`, `country`, `phone`, `gid`, `mobile`, `nationalnumber`, `department`, `division`, `with_honor`) VALUES (240767, 2016, '2', '', '', '', '', '', 'جيد جدا', '', '', '', '', '');
INSERT INTO `lk9v6_users` (`name`, `email`, `usertype`) VALUES ('غاده ايمن عبده محمد برغش', '', 'الخريجين');
INSERT INTO `lk9v6_alumni_main` (`id`, `user_id`, `approved`) VALUES (240768, 240768, 1);
INSERT INTO `lk9v6_alumni_data` (`alumni_id`, `graduation_year`, `fid`, `job`, `address`, `city`, `country`, `phone`, `gid`, `mobile`, `nationalnumber`, `department`, `division`, `with_honor`) VALUES (240768, 2016, '2', '', '', '', '', '', 'جيد جدا', '', '', '', '', '');
INSERT INTO `lk9v6_users` (`name`, `email`, `usertype`) VALUES ('غاده صلاح محمود احمد', '', 'الخريجين');
INSERT INTO `lk9v6_alumni_main` (`id`, `user_id`, `approved`) VALUES (240769, 240769, 1);
INSERT INTO `lk9v6_alumni_data` (`alumni_id`, `graduation_year`, `fid`, `job`, `address`, `city`, `country`, `phone`, `gid`, `mobile`, `nationalnumber`, `department`, `division`, `with_honor`) VALUES (240769, 2016, '2', '', '', '', '', '', 'جيد جدا', '', '', '', '', '');
INSERT INTO `lk9v6_users` (`name`, `email`, `usertype`) VALUES ('غاده متولى السعيد الشامى', '', 'الخريجين');
INSERT INTO `lk9v6_alumni_main` (`id`, `user_id`, `approved`) VALUES (240770, 240770, 1);
INSERT INTO `lk9v6_alumni_data` (`alumni_id`, `graduation_year`, `fid`, `job`, `address`, `city`, `country`, `phone`, `gid`, `mobile`, `nationalnumber`, `department`, `division`, `with_honor`) VALUES (240770, 2016, '2', '', '', '', '', '', 'جيد جدا', '', '', '', '', '');
INSERT INTO `lk9v6_users` (`name`, `email`, `usertype`) VALUES ('غدير غازى محمد بركات ', '', 'الخريجين');
INSERT INTO `lk9v6_alumni_main` (`id`, `user_id`, `approved`) VALUES (240771, 240771, 1);
INSERT INTO `lk9v6_alumni_data` (`alumni_id`, `graduation_year`, `fid`, `job`, `address`, `city`, `country`, `phone`, `gid`, `mobile`, `nationalnumber`, `department`, `division`, `with_honor`) VALUES (240771, 2016, '2', '', '', '', '', '', 'جيد جدا', '', '', '', '', '');
INSERT INTO `lk9v6_users` (`name`, `email`, `usertype`) VALUES ('فاتن السعيد فتحى على ناصر', '', 'الخريجين');
INSERT INTO `lk9v6_alumni_main` (`id`, `user_id`, `approved`) VALUES (240772, 240772, 1);
INSERT INTO `lk9v6_alumni_data` (`alumni_id`, `graduation_year`, `fid`, `job`, `address`, `city`, `country`, `phone`, `gid`, `mobile`, `nationalnumber`, `department`, `division`, `with_honor`) VALUES (240772, 2016, '2', '', '', '', '', '', 'جيد جدا', '', '', '', '', '');
INSERT INTO `lk9v6_users` (`name`, `email`, `usertype`) VALUES ('فادى محمد اسماعيل بلال ', '', 'الخريجين');
INSERT INTO `lk9v6_alumni_main` (`id`, `user_id`, `approved`) VALUES (240773, 240773, 1);
INSERT INTO `lk9v6_alumni_data` (`alumni_id`, `graduation_year`, `fid`, `job`, `address`, `city`, `country`, `phone`, `gid`, `mobile`, `nationalnumber`, `department`, `division`, `with_honor`) VALUES (240773, 2016, '2', '', '', '', '', '', 'جيد جدا', '', '', '', '', '');
INSERT INTO `lk9v6_users` (`name`, `email`, `usertype`) VALUES ('فاطمه الزهراء عادل ابوالمجد ابوالمجد حسن عامر', '', 'الخريجين');
INSERT INTO `lk9v6_alumni_main` (`id`, `user_id`, `approved`) VALUES (240774, 240774, 1);
INSERT INTO `lk9v6_alumni_data` (`alumni_id`, `graduation_year`, `fid`, `job`, `address`, `city`, `country`, `phone`, `gid`, `mobile`, `nationalnumber`, `department`, `division`, `with_honor`) VALUES (240774, 2016, '2', '', '', '', '', '', 'جيد جدا', '', '', '', '', '');
INSERT INTO `lk9v6_users` (`name`, `email`, `usertype`) VALUES ('فاطمه الزهراء كامل ابراهيم يوسف سالم', '', 'الخريجين');
INSERT INTO `lk9v6_alumni_main` (`id`, `user_id`, `approved`) VALUES (240775, 240775, 1);
INSERT INTO `lk9v6_alumni_data` (`alumni_id`, `graduation_year`, `fid`, `job`, `address`, `city`, `country`, `phone`, `gid`, `mobile`, `nationalnumber`, `department`, `division`, `with_honor`) VALUES (240775, 2016, '2', '', '', '', '', '', 'جيد جدا', '', '', '', '', '');
INSERT INTO `lk9v6_users` (`name`, `email`, `usertype`) VALUES ('فاطمه السيد اسماعيل عبد الجواد', '', 'الخريجين');
INSERT INTO `lk9v6_alumni_main` (`id`, `user_id`, `approved`) VALUES (240776, 240776, 1);
INSERT INTO `lk9v6_alumni_data` (`alumni_id`, `graduation_year`, `fid`, `job`, `address`, `city`, `country`, `phone`, `gid`, `mobile`, `nationalnumber`, `department`, `division`, `with_honor`) VALUES (240776, 2016, '2', '', '', '', '', '', 'جيد جدا', '', '', '', '', '');
INSERT INTO `lk9v6_users` (`name`, `email`, `usertype`) VALUES ('فاطمه حسنى على محمد بركات', '', 'الخريجين');
INSERT INTO `lk9v6_alumni_main` (`id`, `user_id`, `approved`) VALUES (240777, 240777, 1);
INSERT INTO `lk9v6_alumni_data` (`alumni_id`, `graduation_year`, `fid`, `job`, `address`, `city`, `country`, `phone`, `gid`, `mobile`, `nationalnumber`, `department`, `division`, `with_honor`) VALUES (240777, 2016, '2', '', '', '', '', '', 'جيد جدا', '', '', '', '', '');
INSERT INTO `lk9v6_users` (`name`, `email`, `usertype`) VALUES ('فاطمه محمد عبد الله السيد حجازى', '', 'الخريجين');
INSERT INTO `lk9v6_alumni_main` (`id`, `user_id`, `approved`) VALUES (240778, 240778, 1);
INSERT INTO `lk9v6_alumni_data` (`alumni_id`, `graduation_year`, `fid`, `job`, `address`, `city`, `country`, `phone`, `gid`, `mobile`, `nationalnumber`, `department`, `division`, `with_honor`) VALUES (240778, 2016, '2', '', '', '', '', '', 'جيد جدا', '', '', '', '', '');
INSERT INTO `lk9v6_users` (`name`, `email`, `usertype`) VALUES ('فرح هشام اسماعيل محمد', '', 'الخريجين');
INSERT INTO `lk9v6_alumni_main` (`id`, `user_id`, `approved`) VALUES (240779, 240779, 1);
INSERT INTO `lk9v6_alumni_data` (`alumni_id`, `graduation_year`, `fid`, `job`, `address`, `city`, `country`, `phone`, `gid`, `mobile`, `nationalnumber`, `department`, `division`, `with_honor`) VALUES (240779, 2016, '2', '', '', '', '', '', 'جيد جدا', '', '', '', '', '');
INSERT INTO `lk9v6_users` (`name`, `email`, `usertype`) VALUES ('فردوس خالد سعيد عبد الله الزقم', '', 'الخريجين');
INSERT INTO `lk9v6_alumni_main` (`id`, `user_id`, `approved`) VALUES (240780, 240780, 1);
INSERT INTO `lk9v6_alumni_data` (`alumni_id`, `graduation_year`, `fid`, `job`, `address`, `city`, `country`, `phone`, `gid`, `mobile`, `nationalnumber`, `department`, `division`, `with_honor`) VALUES (240780, 2016, '2', '', '', '', '', '', 'جيد جدا', '', '', '', '', '');
INSERT INTO `lk9v6_users` (`name`, `email`, `usertype`) VALUES ('فيفيان السيد محمد السيد درويش ', '', 'الخريجين');
INSERT INTO `lk9v6_alumni_main` (`id`, `user_id`, `approved`) VALUES (240781, 240781, 1);
INSERT INTO `lk9v6_alumni_data` (`alumni_id`, `graduation_year`, `fid`, `job`, `address`, `city`, `country`, `phone`, `gid`, `mobile`, `nationalnumber`, `department`, `division`, `with_honor`) VALUES (240781, 2016, '2', '', '', '', '', '', 'جيد جدا', '', '', '', '', '');
INSERT INTO `lk9v6_users` (`name`, `email`, `usertype`) VALUES ('كارولين مجدى انيس حنا ', '', 'الخريجين');
INSERT INTO `lk9v6_alumni_main` (`id`, `user_id`, `approved`) VALUES (240782, 240782, 1);
INSERT INTO `lk9v6_alumni_data` (`alumni_id`, `graduation_year`, `fid`, `job`, `address`, `city`, `country`, `phone`, `gid`, `mobile`, `nationalnumber`, `department`, `division`, `with_honor`) VALUES (240782, 2016, '2', '', '', '', '', '', 'جيد جدا', '', '', '', '', '');
INSERT INTO `lk9v6_users` (`name`, `email`, `usertype`) VALUES ('كرستين ميلاد عطا الله واصف موسى', '', 'الخريجين');
INSERT INTO `lk9v6_alumni_main` (`id`, `user_id`, `approved`) VALUES (240783, 240783, 1);
INSERT INTO `lk9v6_alumni_data` (`alumni_id`, `graduation_year`, `fid`, `job`, `address`, `city`, `country`, `phone`, `gid`, `mobile`, `nationalnumber`, `department`, `division`, `with_honor`) VALUES (240783, 2016, '2', '', '', '', '', '', 'جيد جدا', '', '', '', '', '');
INSERT INTO `lk9v6_users` (`name`, `email`, `usertype`) VALUES ('كريم احمد محمد عبد الكريم', '', 'الخريجين');
INSERT INTO `lk9v6_alumni_main` (`id`, `user_id`, `approved`) VALUES (240784, 240784, 1);
INSERT INTO `lk9v6_alumni_data` (`alumni_id`, `graduation_year`, `fid`, `job`, `address`, `city`, `country`, `phone`, `gid`, `mobile`, `nationalnumber`, `department`, `division`, `with_honor`) VALUES (240784, 2016, '2', '', '', '', '', '', 'جيد جدا', '', '', '', '', '');
INSERT INTO `lk9v6_users` (`name`, `email`, `usertype`) VALUES ('كريم صبرى عبد الحميد محمود ', '', 'الخريجين');
INSERT INTO `lk9v6_alumni_main` (`id`, `user_id`, `approved`) VALUES (240785, 240785, 1);
INSERT INTO `lk9v6_alumni_data` (`alumni_id`, `graduation_year`, `fid`, `job`, `address`, `city`, `country`, `phone`, `gid`, `mobile`, `nationalnumber`, `department`, `division`, `with_honor`) VALUES (240785, 2016, '2', '', '', '', '', '', 'جيد جدا', '', '', '', '', '');
INSERT INTO `lk9v6_users` (`name`, `email`, `usertype`) VALUES ('كريم عابد عبد الحميد عبد المنعم العدل', '', 'الخريجين');
INSERT INTO `lk9v6_alumni_main` (`id`, `user_id`, `approved`) VALUES (240786, 240786, 1);
INSERT INTO `lk9v6_alumni_data` (`alumni_id`, `graduation_year`, `fid`, `job`, `address`, `city`, `country`, `phone`, `gid`, `mobile`, `nationalnumber`, `department`, `division`, `with_honor`) VALUES (240786, 2016, '2', '', '', '', '', '', 'جيد جدا', '', '', '', '', '');
INSERT INTO `lk9v6_users` (`name`, `email`, `usertype`) VALUES ('كريم محمد احمد عبد السلام المرادنى ', '', 'الخريجين');
INSERT INTO `lk9v6_alumni_main` (`id`, `user_id`, `approved`) VALUES (240787, 240787, 1);
INSERT INTO `lk9v6_alumni_data` (`alumni_id`, `graduation_year`, `fid`, `job`, `address`, `city`, `country`, `phone`, `gid`, `mobile`, `nationalnumber`, `department`, `division`, `with_honor`) VALUES (240787, 2016, '2', '', '', '', '', '', 'جيد جدا', '', '', '', '', '');
INSERT INTO `lk9v6_users` (`name`, `email`, `usertype`) VALUES ('كيرلس جمال لويس عبده مقار', '', 'الخريجين');
INSERT INTO `lk9v6_alumni_main` (`id`, `user_id`, `approved`) VALUES (240788, 240788, 1);
INSERT INTO `lk9v6_alumni_data` (`alumni_id`, `graduation_year`, `fid`, `job`, `address`, `city`, `country`, `phone`, `gid`, `mobile`, `nationalnumber`, `department`, `division`, `with_honor`) VALUES (240788, 2016, '2', '', '', '', '', '', 'جيد جدا', '', '', '', '', '');
INSERT INTO `lk9v6_users` (`name`, `email`, `usertype`) VALUES ('لبنى عطية مرشدى حسن ابو خاطر', '', 'الخريجين');
INSERT INTO `lk9v6_alumni_main` (`id`, `user_id`, `approved`) VALUES (240789, 240789, 1);
INSERT INTO `lk9v6_alumni_data` (`alumni_id`, `graduation_year`, `fid`, `job`, `address`, `city`, `country`, `phone`, `gid`, `mobile`, `nationalnumber`, `department`, `division`, `with_honor`) VALUES (240789, 2016, '2', '', '', '', '', '', 'جيد جدا', '', '', '', '', '');
INSERT INTO `lk9v6_users` (`name`, `email`, `usertype`) VALUES ('لبنى محمد فوزى عبد المقصود ابو العينين', '', 'الخريجين');
INSERT INTO `lk9v6_alumni_main` (`id`, `user_id`, `approved`) VALUES (240790, 240790, 1);
INSERT INTO `lk9v6_alumni_data` (`alumni_id`, `graduation_year`, `fid`, `job`, `address`, `city`, `country`, `phone`, `gid`, `mobile`, `nationalnumber`, `department`, `division`, `with_honor`) VALUES (240790, 2016, '2', '', '', '', '', '', 'جيد جدا', '', '', '', '', '');
INSERT INTO `lk9v6_users` (`name`, `email`, `usertype`) VALUES ('لمياء منير بسيونى محمد غريب', '', 'الخريجين');
INSERT INTO `lk9v6_alumni_main` (`id`, `user_id`, `approved`) VALUES (240791, 240791, 1);
INSERT INTO `lk9v6_alumni_data` (`alumni_id`, `graduation_year`, `fid`, `job`, `address`, `city`, `country`, `phone`, `gid`, `mobile`, `nationalnumber`, `department`, `division`, `with_honor`) VALUES (240791, 2016, '2', '', '', '', '', '', 'جيد جدا', '', '', '', '', '');
INSERT INTO `lk9v6_users` (`name`, `email`, `usertype`) VALUES ('لينا طلعت عبد المنعم محمد على', '', 'الخريجين');
INSERT INTO `lk9v6_alumni_main` (`id`, `user_id`, `approved`) VALUES (240792, 240792, 1);
INSERT INTO `lk9v6_alumni_data` (`alumni_id`, `graduation_year`, `fid`, `job`, `address`, `city`, `country`, `phone`, `gid`, `mobile`, `nationalnumber`, `department`, `division`, `with_honor`) VALUES (240792, 2016, '2', '', '', '', '', '', 'جيد جدا', '', '', '', '', '');
INSERT INTO `lk9v6_users` (`name`, `email`, `usertype`) VALUES ('لينه حسن عبد الجواد الحوفى', '', 'الخريجين');
INSERT INTO `lk9v6_alumni_main` (`id`, `user_id`, `approved`) VALUES (240793, 240793, 1);
INSERT INTO `lk9v6_alumni_data` (`alumni_id`, `graduation_year`, `fid`, `job`, `address`, `city`, `country`, `phone`, `gid`, `mobile`, `nationalnumber`, `department`, `division`, `with_honor`) VALUES (240793, 2016, '2', '', '', '', '', '', 'جيد جدا', '', '', '', '', '');
INSERT INTO `lk9v6_users` (`name`, `email`, `usertype`) VALUES ('ماجد محمد عبد البديع على', '', 'الخريجين');
INSERT INTO `lk9v6_alumni_main` (`id`, `user_id`, `approved`) VALUES (240794, 240794, 1);
INSERT INTO `lk9v6_alumni_data` (`alumni_id`, `graduation_year`, `fid`, `job`, `address`, `city`, `country`, `phone`, `gid`, `mobile`, `nationalnumber`, `department`, `division`, `with_honor`) VALUES (240794, 2016, '2', '', '', '', '', '', 'جيد جدا', '', '', '', '', '');
INSERT INTO `lk9v6_users` (`name`, `email`, `usertype`) VALUES ('ماجده محمد مصطفى عبد العزيز حامد', '', 'الخريجين');
INSERT INTO `lk9v6_alumni_main` (`id`, `user_id`, `approved`) VALUES (240795, 240795, 1);
INSERT INTO `lk9v6_alumni_data` (`alumni_id`, `graduation_year`, `fid`, `job`, `address`, `city`, `country`, `phone`, `gid`, `mobile`, `nationalnumber`, `department`, `division`, `with_honor`) VALUES (240795, 2016, '2', '', '', '', '', '', 'جيد جدا', '', '', '', '', '');
INSERT INTO `lk9v6_users` (`name`, `email`, `usertype`) VALUES ('مارى اسكندر ايوب اسكندر', '', 'الخريجين');
INSERT INTO `lk9v6_alumni_main` (`id`, `user_id`, `approved`) VALUES (240796, 240796, 1);
INSERT INTO `lk9v6_alumni_data` (`alumni_id`, `graduation_year`, `fid`, `job`, `address`, `city`, `country`, `phone`, `gid`, `mobile`, `nationalnumber`, `department`, `division`, `with_honor`) VALUES (240796, 2016, '2', '', '', '', '', '', 'جيد جدا', '', '', '', '', '');
INSERT INTO `lk9v6_users` (`name`, `email`, `usertype`) VALUES ('مارينا اديسون تكلا عريان تكلا', '', 'الخريجين');
INSERT INTO `lk9v6_alumni_main` (`id`, `user_id`, `approved`) VALUES (240797, 240797, 1);
INSERT INTO `lk9v6_alumni_data` (`alumni_id`, `graduation_year`, `fid`, `job`, `address`, `city`, `country`, `phone`, `gid`, `mobile`, `nationalnumber`, `department`, `division`, `with_honor`) VALUES (240797, 2016, '2', '', '', '', '', '', 'جيد جدا', '', '', '', '', '');
INSERT INTO `lk9v6_users` (`name`, `email`, `usertype`) VALUES ('مارينا مجدى فؤاد ابوسيف ', '', 'الخريجين');
INSERT INTO `lk9v6_alumni_main` (`id`, `user_id`, `approved`) VALUES (240798, 240798, 1);
INSERT INTO `lk9v6_alumni_data` (`alumni_id`, `graduation_year`, `fid`, `job`, `address`, `city`, `country`, `phone`, `gid`, `mobile`, `nationalnumber`, `department`, `division`, `with_honor`) VALUES (240798, 2016, '2', '', '', '', '', '', 'جيد جدا', '', '', '', '', '');
INSERT INTO `lk9v6_users` (`name`, `email`, `usertype`) VALUES ('محمد ابو اليزيد راشد عبد المولى', '', 'الخريجين');
INSERT INTO `lk9v6_alumni_main` (`id`, `user_id`, `approved`) VALUES (240799, 240799, 1);
INSERT INTO `lk9v6_alumni_data` (`alumni_id`, `graduation_year`, `fid`, `job`, `address`, `city`, `country`, `phone`, `gid`, `mobile`, `nationalnumber`, `department`, `division`, `with_honor`) VALUES (240799, 2016, '2', '', '', '', '', '', 'جيد جدا', '', '', '', '', '');
INSERT INTO `lk9v6_users` (`name`, `email`, `usertype`) VALUES ('محمد التايب رياض نصار ', '', 'الخريجين');
INSERT INTO `lk9v6_alumni_main` (`id`, `user_id`, `approved`) VALUES (240800, 240800, 1);
INSERT INTO `lk9v6_alumni_data` (`alumni_id`, `graduation_year`, `fid`, `job`, `address`, `city`, `country`, `phone`, `gid`, `mobile`, `nationalnumber`, `department`, `division`, `with_honor`) VALUES (240800, 2016, '2', '', '', '', '', '', 'جيد جدا', '', '', '', '', '');
INSERT INTO `lk9v6_users` (`name`, `email`, `usertype`) VALUES ('محمد جمال عطية حسين عشرة', '', 'الخريجين');
INSERT INTO `lk9v6_alumni_main` (`id`, `user_id`, `approved`) VALUES (240801, 240801, 1);
INSERT INTO `lk9v6_alumni_data` (`alumni_id`, `graduation_year`, `fid`, `job`, `address`, `city`, `country`, `phone`, `gid`, `mobile`, `nationalnumber`, `department`, `division`, `with_honor`) VALUES (240801, 2016, '2', '', '', '', '', '', 'جيد جدا', '', '', '', '', '');
INSERT INTO `lk9v6_users` (`name`, `email`, `usertype`) VALUES ('محمد جمعه السعيد عطيه البسطراوى ', '', 'الخريجين');
INSERT INTO `lk9v6_alumni_main` (`id`, `user_id`, `approved`) VALUES (240802, 240802, 1);
INSERT INTO `lk9v6_alumni_data` (`alumni_id`, `graduation_year`, `fid`, `job`, `address`, `city`, `country`, `phone`, `gid`, `mobile`, `nationalnumber`, `department`, `division`, `with_honor`) VALUES (240802, 2016, '2', '', '', '', '', '', 'جيد جدا', '', '', '', '', '');
INSERT INTO `lk9v6_users` (`name`, `email`, `usertype`) VALUES ('محمد سعد محمد سعد محمد موسى', '', 'الخريجين');
INSERT INTO `lk9v6_alumni_main` (`id`, `user_id`, `approved`) VALUES (240803, 240803, 1);
INSERT INTO `lk9v6_alumni_data` (`alumni_id`, `graduation_year`, `fid`, `job`, `address`, `city`, `country`, `phone`, `gid`, `mobile`, `nationalnumber`, `department`, `division`, `with_honor`) VALUES (240803, 2016, '2', '', '', '', '', '', 'جيد جدا', '', '', '', '', '');
INSERT INTO `lk9v6_users` (`name`, `email`, `usertype`) VALUES ('محمد عاصم عبد السلام عبد المجيد المرحومى ', '', 'الخريجين');
INSERT INTO `lk9v6_alumni_main` (`id`, `user_id`, `approved`) VALUES (240804, 240804, 1);
INSERT INTO `lk9v6_alumni_data` (`alumni_id`, `graduation_year`, `fid`, `job`, `address`, `city`, `country`, `phone`, `gid`, `mobile`, `nationalnumber`, `department`, `division`, `with_honor`) VALUES (240804, 2016, '2', '', '', '', '', '', 'جيد جدا', '', '', '', '', '');
INSERT INTO `lk9v6_users` (`name`, `email`, `usertype`) VALUES ('محمد عاطف عبد الغفار ابراهيم', '', 'الخريجين');
INSERT INTO `lk9v6_alumni_main` (`id`, `user_id`, `approved`) VALUES (240805, 240805, 1);
INSERT INTO `lk9v6_alumni_data` (`alumni_id`, `graduation_year`, `fid`, `job`, `address`, `city`, `country`, `phone`, `gid`, `mobile`, `nationalnumber`, `department`, `division`, `with_honor`) VALUES (240805, 2016, '2', '', '', '', '', '', 'جيد جدا', '', '', '', '', '');
INSERT INTO `lk9v6_users` (`name`, `email`, `usertype`) VALUES ('محمد عبد السميع زين العابدين عبد الله', '', 'الخريجين');
INSERT INTO `lk9v6_alumni_main` (`id`, `user_id`, `approved`) VALUES (240806, 240806, 1);
INSERT INTO `lk9v6_alumni_data` (`alumni_id`, `graduation_year`, `fid`, `job`, `address`, `city`, `country`, `phone`, `gid`, `mobile`, `nationalnumber`, `department`, `division`, `with_honor`) VALUES (240806, 2016, '2', '', '', '', '', '', 'جيد جدا', '', '', '', '', '');
INSERT INTO `lk9v6_users` (`name`, `email`, `usertype`) VALUES ('محمد عبده سيد احمد محمود منيسى', '', 'الخريجين');
INSERT INTO `lk9v6_alumni_main` (`id`, `user_id`, `approved`) VALUES (240807, 240807, 1);
INSERT INTO `lk9v6_alumni_data` (`alumni_id`, `graduation_year`, `fid`, `job`, `address`, `city`, `country`, `phone`, `gid`, `mobile`, `nationalnumber`, `department`, `division`, `with_honor`) VALUES (240807, 2016, '2', '', '', '', '', '', 'جيد جدا', '', '', '', '', '');
INSERT INTO `lk9v6_users` (`name`, `email`, `usertype`) VALUES ('محمد فتحى توفيق عبد الفتاح', '', 'الخريجين');
INSERT INTO `lk9v6_alumni_main` (`id`, `user_id`, `approved`) VALUES (240808, 240808, 1);
INSERT INTO `lk9v6_alumni_data` (`alumni_id`, `graduation_year`, `fid`, `job`, `address`, `city`, `country`, `phone`, `gid`, `mobile`, `nationalnumber`, `department`, `division`, `with_honor`) VALUES (240808, 2016, '2', '', '', '', '', '', 'جيد جدا', '', '', '', '', '');
INSERT INTO `lk9v6_users` (`name`, `email`, `usertype`) VALUES ('محمد محمد هانى احمد فياض', '', 'الخريجين');
INSERT INTO `lk9v6_alumni_main` (`id`, `user_id`, `approved`) VALUES (240809, 240809, 1);
INSERT INTO `lk9v6_alumni_data` (`alumni_id`, `graduation_year`, `fid`, `job`, `address`, `city`, `country`, `phone`, `gid`, `mobile`, `nationalnumber`, `department`, `division`, `with_honor`) VALUES (240809, 2016, '2', '', '', '', '', '', 'جيد جدا', '', '', '', '', '');
INSERT INTO `lk9v6_users` (`name`, `email`, `usertype`) VALUES ('محمد محمود عبد الرازق عبد الله', '', 'الخريجين');
INSERT INTO `lk9v6_alumni_main` (`id`, `user_id`, `approved`) VALUES (240810, 240810, 1);
INSERT INTO `lk9v6_alumni_data` (`alumni_id`, `graduation_year`, `fid`, `job`, `address`, `city`, `country`, `phone`, `gid`, `mobile`, `nationalnumber`, `department`, `division`, `with_honor`) VALUES (240810, 2016, '2', '', '', '', '', '', 'جيد جدا', '', '', '', '', '');
INSERT INTO `lk9v6_users` (`name`, `email`, `usertype`) VALUES ('محمد محمود عبد السيد حشيش ', '', 'الخريجين');
INSERT INTO `lk9v6_alumni_main` (`id`, `user_id`, `approved`) VALUES (240811, 240811, 1);
INSERT INTO `lk9v6_alumni_data` (`alumni_id`, `graduation_year`, `fid`, `job`, `address`, `city`, `country`, `phone`, `gid`, `mobile`, `nationalnumber`, `department`, `division`, `with_honor`) VALUES (240811, 2016, '2', '', '', '', '', '', 'جيد جدا', '', '', '', '', '');
INSERT INTO `lk9v6_users` (`name`, `email`, `usertype`) VALUES ('محمد محمود محمد مصطفى عبد الكريم', '', 'الخريجين');
INSERT INTO `lk9v6_alumni_main` (`id`, `user_id`, `approved`) VALUES (240812, 240812, 1);
INSERT INTO `lk9v6_alumni_data` (`alumni_id`, `graduation_year`, `fid`, `job`, `address`, `city`, `country`, `phone`, `gid`, `mobile`, `nationalnumber`, `department`, `division`, `with_honor`) VALUES (240812, 2016, '2', '', '', '', '', '', 'جيد جدا', '', '', '', '', '');
INSERT INTO `lk9v6_users` (`name`, `email`, `usertype`) VALUES ('محمد مصطفى محمد الصيفى ', '', 'الخريجين');
INSERT INTO `lk9v6_alumni_main` (`id`, `user_id`, `approved`) VALUES (240813, 240813, 1);
INSERT INTO `lk9v6_alumni_data` (`alumni_id`, `graduation_year`, `fid`, `job`, `address`, `city`, `country`, `phone`, `gid`, `mobile`, `nationalnumber`, `department`, `division`, `with_honor`) VALUES (240813, 2016, '2', '', '', '', '', '', 'جيد جدا', '', '', '', '', '');
INSERT INTO `lk9v6_users` (`name`, `email`, `usertype`) VALUES ('محمد نبيل رجب محمد الحوشى', '', 'الخريجين');
INSERT INTO `lk9v6_alumni_main` (`id`, `user_id`, `approved`) VALUES (240814, 240814, 1);
INSERT INTO `lk9v6_alumni_data` (`alumni_id`, `graduation_year`, `fid`, `job`, `address`, `city`, `country`, `phone`, `gid`, `mobile`, `nationalnumber`, `department`, `division`, `with_honor`) VALUES (240814, 2016, '2', '', '', '', '', '', 'جيد جدا', '', '', '', '', '');
INSERT INTO `lk9v6_users` (`name`, `email`, `usertype`) VALUES ('محمد هشام مصطفى الفوال', '', 'الخريجين');
INSERT INTO `lk9v6_alumni_main` (`id`, `user_id`, `approved`) VALUES (240815, 240815, 1);
INSERT INTO `lk9v6_alumni_data` (`alumni_id`, `graduation_year`, `fid`, `job`, `address`, `city`, `country`, `phone`, `gid`, `mobile`, `nationalnumber`, `department`, `division`, `with_honor`) VALUES (240815, 2016, '2', '', '', '', '', '', 'جيد جدا', '', '', '', '', '');
INSERT INTO `lk9v6_users` (`name`, `email`, `usertype`) VALUES ('محمود احمد نبيل عبد المجيد شوشه', '', 'الخريجين');
INSERT INTO `lk9v6_alumni_main` (`id`, `user_id`, `approved`) VALUES (240816, 240816, 1);
INSERT INTO `lk9v6_alumni_data` (`alumni_id`, `graduation_year`, `fid`, `job`, `address`, `city`, `country`, `phone`, `gid`, `mobile`, `nationalnumber`, `department`, `division`, `with_honor`) VALUES (240816, 2016, '2', '', '', '', '', '', 'جيد جدا', '', '', '', '', '');
INSERT INTO `lk9v6_users` (`name`, `email`, `usertype`) VALUES ('محمود السيد ادريس رضوان كاشيك', '', 'الخريجين');
INSERT INTO `lk9v6_alumni_main` (`id`, `user_id`, `approved`) VALUES (240817, 240817, 1);
INSERT INTO `lk9v6_alumni_data` (`alumni_id`, `graduation_year`, `fid`, `job`, `address`, `city`, `country`, `phone`, `gid`, `mobile`, `nationalnumber`, `department`, `division`, `with_honor`) VALUES (240817, 2016, '2', '', '', '', '', '', 'جيد جدا', '', '', '', '', '');
INSERT INTO `lk9v6_users` (`name`, `email`, `usertype`) VALUES ('محمود عباس عبد الحميد احمد سلام', '', 'الخريجين');
INSERT INTO `lk9v6_alumni_main` (`id`, `user_id`, `approved`) VALUES (240818, 240818, 1);
INSERT INTO `lk9v6_alumni_data` (`alumni_id`, `graduation_year`, `fid`, `job`, `address`, `city`, `country`, `phone`, `gid`, `mobile`, `nationalnumber`, `department`, `division`, `with_honor`) VALUES (240818, 2016, '2', '', '', '', '', '', 'جيد جدا', '', '', '', '', '');
INSERT INTO `lk9v6_users` (`name`, `email`, `usertype`) VALUES ('مرام احمد مشكور على زايد', '', 'الخريجين');
INSERT INTO `lk9v6_alumni_main` (`id`, `user_id`, `approved`) VALUES (240819, 240819, 1);
INSERT INTO `lk9v6_alumni_data` (`alumni_id`, `graduation_year`, `fid`, `job`, `address`, `city`, `country`, `phone`, `gid`, `mobile`, `nationalnumber`, `department`, `division`, `with_honor`) VALUES (240819, 2016, '2', '', '', '', '', '', 'جيد جدا', '', '', '', '', '');
INSERT INTO `lk9v6_users` (`name`, `email`, `usertype`) VALUES ('مرفت السيد محمد عيد الغبارى', '', 'الخريجين');
INSERT INTO `lk9v6_alumni_main` (`id`, `user_id`, `approved`) VALUES (240820, 240820, 1);
INSERT INTO `lk9v6_alumni_data` (`alumni_id`, `graduation_year`, `fid`, `job`, `address`, `city`, `country`, `phone`, `gid`, `mobile`, `nationalnumber`, `department`, `division`, `with_honor`) VALUES (240820, 2016, '2', '', '', '', '', '', 'جيد جدا', '', '', '', '', '');
INSERT INTO `lk9v6_users` (`name`, `email`, `usertype`) VALUES ('مروان ابراهيم سامح انور ابراهيم عابدين', '', 'الخريجين');
INSERT INTO `lk9v6_alumni_main` (`id`, `user_id`, `approved`) VALUES (240821, 240821, 1);
INSERT INTO `lk9v6_alumni_data` (`alumni_id`, `graduation_year`, `fid`, `job`, `address`, `city`, `country`, `phone`, `gid`, `mobile`, `nationalnumber`, `department`, `division`, `with_honor`) VALUES (240821, 2016, '2', '', '', '', '', '', 'جيد جدا', '', '', '', '', '');
INSERT INTO `lk9v6_users` (`name`, `email`, `usertype`) VALUES ('مروان عبد الحافظ زيدان عبد الجواد', '', 'الخريجين');
INSERT INTO `lk9v6_alumni_main` (`id`, `user_id`, `approved`) VALUES (240822, 240822, 1);
INSERT INTO `lk9v6_alumni_data` (`alumni_id`, `graduation_year`, `fid`, `job`, `address`, `city`, `country`, `phone`, `gid`, `mobile`, `nationalnumber`, `department`, `division`, `with_honor`) VALUES (240822, 2016, '2', '', '', '', '', '', 'جيد جدا', '', '', '', '', '');
INSERT INTO `lk9v6_users` (`name`, `email`, `usertype`) VALUES ('مروج مصطفى محمد عثمان', '', 'الخريجين');
INSERT INTO `lk9v6_alumni_main` (`id`, `user_id`, `approved`) VALUES (240823, 240823, 1);
INSERT INTO `lk9v6_alumni_data` (`alumni_id`, `graduation_year`, `fid`, `job`, `address`, `city`, `country`, `phone`, `gid`, `mobile`, `nationalnumber`, `department`, `division`, `with_honor`) VALUES (240823, 2016, '2', '', '', '', '', '', 'جيد جدا', '', '', '', '', '');
INSERT INTO `lk9v6_users` (`name`, `email`, `usertype`) VALUES ('مروه اسماعيل حسن حسن فرحات', '', 'الخريجين');
INSERT INTO `lk9v6_alumni_main` (`id`, `user_id`, `approved`) VALUES (240824, 240824, 1);
INSERT INTO `lk9v6_alumni_data` (`alumni_id`, `graduation_year`, `fid`, `job`, `address`, `city`, `country`, `phone`, `gid`, `mobile`, `nationalnumber`, `department`, `division`, `with_honor`) VALUES (240824, 2016, '2', '', '', '', '', '', 'جيد جدا', '', '', '', '', '');
INSERT INTO `lk9v6_users` (`name`, `email`, `usertype`) VALUES ('مروه الدسوقى السيد محمد عطية ', '', 'الخريجين');
INSERT INTO `lk9v6_alumni_main` (`id`, `user_id`, `approved`) VALUES (240825, 240825, 1);
INSERT INTO `lk9v6_alumni_data` (`alumni_id`, `graduation_year`, `fid`, `job`, `address`, `city`, `country`, `phone`, `gid`, `mobile`, `nationalnumber`, `department`, `division`, `with_honor`) VALUES (240825, 2016, '2', '', '', '', '', '', 'جيد جدا', '', '', '', '', '');
INSERT INTO `lk9v6_users` (`name`, `email`, `usertype`) VALUES ('مروه السيد سامى السعيد خليل', '', 'الخريجين');
INSERT INTO `lk9v6_alumni_main` (`id`, `user_id`, `approved`) VALUES (240826, 240826, 1);
INSERT INTO `lk9v6_alumni_data` (`alumni_id`, `graduation_year`, `fid`, `job`, `address`, `city`, `country`, `phone`, `gid`, `mobile`, `nationalnumber`, `department`, `division`, `with_honor`) VALUES (240826, 2016, '2', '', '', '', '', '', 'جيد جدا', '', '', '', '', '');
INSERT INTO `lk9v6_users` (`name`, `email`, `usertype`) VALUES ('مروه حسن على ربيع', '', 'الخريجين');
INSERT INTO `lk9v6_alumni_main` (`id`, `user_id`, `approved`) VALUES (240827, 240827, 1);
INSERT INTO `lk9v6_alumni_data` (`alumni_id`, `graduation_year`, `fid`, `job`, `address`, `city`, `country`, `phone`, `gid`, `mobile`, `nationalnumber`, `department`, `division`, `with_honor`) VALUES (240827, 2016, '2', '', '', '', '', '', 'جيد جدا', '', '', '', '', '');
INSERT INTO `lk9v6_users` (`name`, `email`, `usertype`) VALUES ('مروه درويش مصطفى حسن الخضرى ', '', 'الخريجين');
INSERT INTO `lk9v6_alumni_main` (`id`, `user_id`, `approved`) VALUES (240828, 240828, 1);
INSERT INTO `lk9v6_alumni_data` (`alumni_id`, `graduation_year`, `fid`, `job`, `address`, `city`, `country`, `phone`, `gid`, `mobile`, `nationalnumber`, `department`, `division`, `with_honor`) VALUES (240828, 2016, '2', '', '', '', '', '', 'جيد جدا', '', '', '', '', '');
INSERT INTO `lk9v6_users` (`name`, `email`, `usertype`) VALUES ('مروه عبد المحسن محمد احمد', '', 'الخريجين');
INSERT INTO `lk9v6_alumni_main` (`id`, `user_id`, `approved`) VALUES (240829, 240829, 1);
INSERT INTO `lk9v6_alumni_data` (`alumni_id`, `graduation_year`, `fid`, `job`, `address`, `city`, `country`, `phone`, `gid`, `mobile`, `nationalnumber`, `department`, `division`, `with_honor`) VALUES (240829, 2016, '2', '', '', '', '', '', 'جيد جدا', '', '', '', '', '');
INSERT INTO `lk9v6_users` (`name`, `email`, `usertype`) VALUES ('مروه عصام الدين السيد عبد المنعم خليل ', '', 'الخريجين');
INSERT INTO `lk9v6_alumni_main` (`id`, `user_id`, `approved`) VALUES (240830, 240830, 1);
INSERT INTO `lk9v6_alumni_data` (`alumni_id`, `graduation_year`, `fid`, `job`, `address`, `city`, `country`, `phone`, `gid`, `mobile`, `nationalnumber`, `department`, `division`, `with_honor`) VALUES (240830, 2016, '2', '', '', '', '', '', 'جيد جدا', '', '', '', '', '');
INSERT INTO `lk9v6_users` (`name`, `email`, `usertype`) VALUES ('مروه وليد احمد شوقى عبد الرزاق ', '', 'الخريجين');
INSERT INTO `lk9v6_alumni_main` (`id`, `user_id`, `approved`) VALUES (240831, 240831, 1);
INSERT INTO `lk9v6_alumni_data` (`alumni_id`, `graduation_year`, `fid`, `job`, `address`, `city`, `country`, `phone`, `gid`, `mobile`, `nationalnumber`, `department`, `division`, `with_honor`) VALUES (240831, 2016, '2', '', '', '', '', '', 'جيد جدا', '', '', '', '', '');
INSERT INTO `lk9v6_users` (`name`, `email`, `usertype`) VALUES ('مريم محمود محمود السيد المتولى', '', 'الخريجين');
INSERT INTO `lk9v6_alumni_main` (`id`, `user_id`, `approved`) VALUES (240832, 240832, 1);
INSERT INTO `lk9v6_alumni_data` (`alumni_id`, `graduation_year`, `fid`, `job`, `address`, `city`, `country`, `phone`, `gid`, `mobile`, `nationalnumber`, `department`, `division`, `with_honor`) VALUES (240832, 2016, '2', '', '', '', '', '', 'جيد جدا', '', '', '', '', '');
INSERT INTO `lk9v6_users` (`name`, `email`, `usertype`) VALUES ('مصطفى ابراهيم مصطفى ابراهيم بركات', '', 'الخريجين');
INSERT INTO `lk9v6_alumni_main` (`id`, `user_id`, `approved`) VALUES (240833, 240833, 1);
INSERT INTO `lk9v6_alumni_data` (`alumni_id`, `graduation_year`, `fid`, `job`, `address`, `city`, `country`, `phone`, `gid`, `mobile`, `nationalnumber`, `department`, `division`, `with_honor`) VALUES (240833, 2016, '2', '', '', '', '', '', 'جيد جدا', '', '', '', '', '');
INSERT INTO `lk9v6_users` (`name`, `email`, `usertype`) VALUES ('مصطفى احمد ابراهيم احمد زيان', '', 'الخريجين');
INSERT INTO `lk9v6_alumni_main` (`id`, `user_id`, `approved`) VALUES (240834, 240834, 1);
INSERT INTO `lk9v6_alumni_data` (`alumni_id`, `graduation_year`, `fid`, `job`, `address`, `city`, `country`, `phone`, `gid`, `mobile`, `nationalnumber`, `department`, `division`, `with_honor`) VALUES (240834, 2016, '2', '', '', '', '', '', 'جيد جدا', '', '', '', '', '');
INSERT INTO `lk9v6_users` (`name`, `email`, `usertype`) VALUES ('مصطفى محمد صلاح فتحى النحاس', '', 'الخريجين');
INSERT INTO `lk9v6_alumni_main` (`id`, `user_id`, `approved`) VALUES (240835, 240835, 1);
INSERT INTO `lk9v6_alumni_data` (`alumni_id`, `graduation_year`, `fid`, `job`, `address`, `city`, `country`, `phone`, `gid`, `mobile`, `nationalnumber`, `department`, `division`, `with_honor`) VALUES (240835, 2016, '2', '', '', '', '', '', 'جيد جدا', '', '', '', '', '');
INSERT INTO `lk9v6_users` (`name`, `email`, `usertype`) VALUES ('مصطفى محمود عبد السلام محمود', '', 'الخريجين');
INSERT INTO `lk9v6_alumni_main` (`id`, `user_id`, `approved`) VALUES (240836, 240836, 1);
INSERT INTO `lk9v6_alumni_data` (`alumni_id`, `graduation_year`, `fid`, `job`, `address`, `city`, `country`, `phone`, `gid`, `mobile`, `nationalnumber`, `department`, `division`, `with_honor`) VALUES (240836, 2016, '2', '', '', '', '', '', 'جيد جدا', '', '', '', '', '');
INSERT INTO `lk9v6_users` (`name`, `email`, `usertype`) VALUES ('معتز اشرف احمد محمد الكسار', '', 'الخريجين');
INSERT INTO `lk9v6_alumni_main` (`id`, `user_id`, `approved`) VALUES (240837, 240837, 1);
INSERT INTO `lk9v6_alumni_data` (`alumni_id`, `graduation_year`, `fid`, `job`, `address`, `city`, `country`, `phone`, `gid`, `mobile`, `nationalnumber`, `department`, `division`, `with_honor`) VALUES (240837, 2016, '2', '', '', '', '', '', 'جيد جدا', '', '', '', '', '');
INSERT INTO `lk9v6_users` (`name`, `email`, `usertype`) VALUES ('منار سامى ابراهيم الشوادفى ', '', 'الخريجين');
INSERT INTO `lk9v6_alumni_main` (`id`, `user_id`, `approved`) VALUES (240838, 240838, 1);
INSERT INTO `lk9v6_alumni_data` (`alumni_id`, `graduation_year`, `fid`, `job`, `address`, `city`, `country`, `phone`, `gid`, `mobile`, `nationalnumber`, `department`, `division`, `with_honor`) VALUES (240838, 2016, '2', '', '', '', '', '', 'جيد جدا', '', '', '', '', '');
INSERT INTO `lk9v6_users` (`name`, `email`, `usertype`) VALUES ('منار محمد احمد الفقى', '', 'الخريجين');
INSERT INTO `lk9v6_alumni_main` (`id`, `user_id`, `approved`) VALUES (240839, 240839, 1);
INSERT INTO `lk9v6_alumni_data` (`alumni_id`, `graduation_year`, `fid`, `job`, `address`, `city`, `country`, `phone`, `gid`, `mobile`, `nationalnumber`, `department`, `division`, `with_honor`) VALUES (240839, 2016, '2', '', '', '', '', '', 'جيد جدا', '', '', '', '', '');
INSERT INTO `lk9v6_users` (`name`, `email`, `usertype`) VALUES ('منه الله عبد العزيز ابراهيم عياد', '', 'الخريجين');
INSERT INTO `lk9v6_alumni_main` (`id`, `user_id`, `approved`) VALUES (240840, 240840, 1);
INSERT INTO `lk9v6_alumni_data` (`alumni_id`, `graduation_year`, `fid`, `job`, `address`, `city`, `country`, `phone`, `gid`, `mobile`, `nationalnumber`, `department`, `division`, `with_honor`) VALUES (240840, 2016, '2', '', '', '', '', '', 'جيد جدا', '', '', '', '', '');
INSERT INTO `lk9v6_users` (`name`, `email`, `usertype`) VALUES ('منه الله محمود شعبان محمد حسين', '', 'الخريجين');
INSERT INTO `lk9v6_alumni_main` (`id`, `user_id`, `approved`) VALUES (240841, 240841, 1);
INSERT INTO `lk9v6_alumni_data` (`alumni_id`, `graduation_year`, `fid`, `job`, `address`, `city`, `country`, `phone`, `gid`, `mobile`, `nationalnumber`, `department`, `division`, `with_honor`) VALUES (240841, 2016, '2', '', '', '', '', '', 'جيد جدا', '', '', '', '', '');
INSERT INTO `lk9v6_users` (`name`, `email`, `usertype`) VALUES ('منه الله محمود عطية احمد شحاته', '', 'الخريجين');
INSERT INTO `lk9v6_alumni_main` (`id`, `user_id`, `approved`) VALUES (240842, 240842, 1);
INSERT INTO `lk9v6_alumni_data` (`alumni_id`, `graduation_year`, `fid`, `job`, `address`, `city`, `country`, `phone`, `gid`, `mobile`, `nationalnumber`, `department`, `division`, `with_honor`) VALUES (240842, 2016, '2', '', '', '', '', '', 'جيد جدا', '', '', '', '', '');
INSERT INTO `lk9v6_users` (`name`, `email`, `usertype`) VALUES ('منه الله مصطفى خميس السيد خميس', '', 'الخريجين');
INSERT INTO `lk9v6_alumni_main` (`id`, `user_id`, `approved`) VALUES (240843, 240843, 1);
INSERT INTO `lk9v6_alumni_data` (`alumni_id`, `graduation_year`, `fid`, `job`, `address`, `city`, `country`, `phone`, `gid`, `mobile`, `nationalnumber`, `department`, `division`, `with_honor`) VALUES (240843, 2016, '2', '', '', '', '', '', 'جيد جدا', '', '', '', '', '');
INSERT INTO `lk9v6_users` (`name`, `email`, `usertype`) VALUES ('منه الله ناصر عمر محمد رحمى', '', 'الخريجين');
INSERT INTO `lk9v6_alumni_main` (`id`, `user_id`, `approved`) VALUES (240844, 240844, 1);
INSERT INTO `lk9v6_alumni_data` (`alumni_id`, `graduation_year`, `fid`, `job`, `address`, `city`, `country`, `phone`, `gid`, `mobile`, `nationalnumber`, `department`, `division`, `with_honor`) VALUES (240844, 2016, '2', '', '', '', '', '', 'جيد جدا', '', '', '', '', '');
INSERT INTO `lk9v6_users` (`name`, `email`, `usertype`) VALUES ('منه الله هادى ابراهيم نجا', '', 'الخريجين');
INSERT INTO `lk9v6_alumni_main` (`id`, `user_id`, `approved`) VALUES (240845, 240845, 1);
INSERT INTO `lk9v6_alumni_data` (`alumni_id`, `graduation_year`, `fid`, `job`, `address`, `city`, `country`, `phone`, `gid`, `mobile`, `nationalnumber`, `department`, `division`, `with_honor`) VALUES (240845, 2016, '2', '', '', '', '', '', 'جيد جدا', '', '', '', '', '');
INSERT INTO `lk9v6_users` (`name`, `email`, `usertype`) VALUES ('منه الله هشام وجدى محمد', '', 'الخريجين');
INSERT INTO `lk9v6_alumni_main` (`id`, `user_id`, `approved`) VALUES (240846, 240846, 1);
INSERT INTO `lk9v6_alumni_data` (`alumni_id`, `graduation_year`, `fid`, `job`, `address`, `city`, `country`, `phone`, `gid`, `mobile`, `nationalnumber`, `department`, `division`, `with_honor`) VALUES (240846, 2016, '2', '', '', '', '', '', 'جيد جدا', '', '', '', '', '');
INSERT INTO `lk9v6_users` (`name`, `email`, `usertype`) VALUES ('منى شريف توفيق محمد', '', 'الخريجين');
INSERT INTO `lk9v6_alumni_main` (`id`, `user_id`, `approved`) VALUES (240847, 240847, 1);
INSERT INTO `lk9v6_alumni_data` (`alumni_id`, `graduation_year`, `fid`, `job`, `address`, `city`, `country`, `phone`, `gid`, `mobile`, `nationalnumber`, `department`, `division`, `with_honor`) VALUES (240847, 2016, '2', '', '', '', '', '', 'جيد جدا', '', '', '', '', '');
INSERT INTO `lk9v6_users` (`name`, `email`, `usertype`) VALUES ('منى فيصل عبد السلام احمد حرفوش', '', 'الخريجين');
INSERT INTO `lk9v6_alumni_main` (`id`, `user_id`, `approved`) VALUES (240848, 240848, 1);
INSERT INTO `lk9v6_alumni_data` (`alumni_id`, `graduation_year`, `fid`, `job`, `address`, `city`, `country`, `phone`, `gid`, `mobile`, `nationalnumber`, `department`, `division`, `with_honor`) VALUES (240848, 2016, '2', '', '', '', '', '', 'جيد جدا', '', '', '', '', '');
INSERT INTO `lk9v6_users` (`name`, `email`, `usertype`) VALUES ('منى محمود عيد ناجى', '', 'الخريجين');
INSERT INTO `lk9v6_alumni_main` (`id`, `user_id`, `approved`) VALUES (240849, 240849, 1);
INSERT INTO `lk9v6_alumni_data` (`alumni_id`, `graduation_year`, `fid`, `job`, `address`, `city`, `country`, `phone`, `gid`, `mobile`, `nationalnumber`, `department`, `division`, `with_honor`) VALUES (240849, 2016, '2', '', '', '', '', '', 'جيد جدا', '', '', '', '', '');
INSERT INTO `lk9v6_users` (`name`, `email`, `usertype`) VALUES ('منى مصطفى عوض مشهور', '', 'الخريجين');
INSERT INTO `lk9v6_alumni_main` (`id`, `user_id`, `approved`) VALUES (240850, 240850, 1);
INSERT INTO `lk9v6_alumni_data` (`alumni_id`, `graduation_year`, `fid`, `job`, `address`, `city`, `country`, `phone`, `gid`, `mobile`, `nationalnumber`, `department`, `division`, `with_honor`) VALUES (240850, 2016, '2', '', '', '', '', '', 'جيد جدا', '', '', '', '', '');
INSERT INTO `lk9v6_users` (`name`, `email`, `usertype`) VALUES ('مها سعيد عبد الرحيم موسى ', '', 'الخريجين');
INSERT INTO `lk9v6_alumni_main` (`id`, `user_id`, `approved`) VALUES (240851, 240851, 1);
INSERT INTO `lk9v6_alumni_data` (`alumni_id`, `graduation_year`, `fid`, `job`, `address`, `city`, `country`, `phone`, `gid`, `mobile`, `nationalnumber`, `department`, `division`, `with_honor`) VALUES (240851, 2016, '2', '', '', '', '', '', 'جيد جدا', '', '', '', '', '');
INSERT INTO `lk9v6_users` (`name`, `email`, `usertype`) VALUES ('مها عبد الفتاح محمد درويش بدوى', '', 'الخريجين');
INSERT INTO `lk9v6_alumni_main` (`id`, `user_id`, `approved`) VALUES (240852, 240852, 1);
INSERT INTO `lk9v6_alumni_data` (`alumni_id`, `graduation_year`, `fid`, `job`, `address`, `city`, `country`, `phone`, `gid`, `mobile`, `nationalnumber`, `department`, `division`, `with_honor`) VALUES (240852, 2016, '2', '', '', '', '', '', 'جيد جدا', '', '', '', '', '');
INSERT INTO `lk9v6_users` (`name`, `email`, `usertype`) VALUES ('مها محى الدين احمد محمد عوض الله', '', 'الخريجين');
INSERT INTO `lk9v6_alumni_main` (`id`, `user_id`, `approved`) VALUES (240853, 240853, 1);
INSERT INTO `lk9v6_alumni_data` (`alumni_id`, `graduation_year`, `fid`, `job`, `address`, `city`, `country`, `phone`, `gid`, `mobile`, `nationalnumber`, `department`, `division`, `with_honor`) VALUES (240853, 2016, '2', '', '', '', '', '', 'جيد جدا', '', '', '', '', '');
INSERT INTO `lk9v6_users` (`name`, `email`, `usertype`) VALUES ('مهاد فاروق انور محمد حسين', '', 'الخريجين');
INSERT INTO `lk9v6_alumni_main` (`id`, `user_id`, `approved`) VALUES (240854, 240854, 1);
INSERT INTO `lk9v6_alumni_data` (`alumni_id`, `graduation_year`, `fid`, `job`, `address`, `city`, `country`, `phone`, `gid`, `mobile`, `nationalnumber`, `department`, `division`, `with_honor`) VALUES (240854, 2016, '2', '', '', '', '', '', 'جيد جدا', '', '', '', '', '');
INSERT INTO `lk9v6_users` (`name`, `email`, `usertype`) VALUES ('مونيكا جمال وديد جرجس', '', 'الخريجين');
INSERT INTO `lk9v6_alumni_main` (`id`, `user_id`, `approved`) VALUES (240855, 240855, 1);
INSERT INTO `lk9v6_alumni_data` (`alumni_id`, `graduation_year`, `fid`, `job`, `address`, `city`, `country`, `phone`, `gid`, `mobile`, `nationalnumber`, `department`, `division`, `with_honor`) VALUES (240855, 2016, '2', '', '', '', '', '', 'جيد جدا', '', '', '', '', '');
INSERT INTO `lk9v6_users` (`name`, `email`, `usertype`) VALUES ('مونيكا موريس سامى جرجس', '', 'الخريجين');
INSERT INTO `lk9v6_alumni_main` (`id`, `user_id`, `approved`) VALUES (240856, 240856, 1);
INSERT INTO `lk9v6_alumni_data` (`alumni_id`, `graduation_year`, `fid`, `job`, `address`, `city`, `country`, `phone`, `gid`, `mobile`, `nationalnumber`, `department`, `division`, `with_honor`) VALUES (240856, 2016, '2', '', '', '', '', '', 'جيد جدا', '', '', '', '', '');
INSERT INTO `lk9v6_users` (`name`, `email`, `usertype`) VALUES ('مونيكا ناجح عبد النور عجيب', '', 'الخريجين');
INSERT INTO `lk9v6_alumni_main` (`id`, `user_id`, `approved`) VALUES (240857, 240857, 1);
INSERT INTO `lk9v6_alumni_data` (`alumni_id`, `graduation_year`, `fid`, `job`, `address`, `city`, `country`, `phone`, `gid`, `mobile`, `nationalnumber`, `department`, `division`, `with_honor`) VALUES (240857, 2016, '2', '', '', '', '', '', 'جيد جدا', '', '', '', '', '');
INSERT INTO `lk9v6_users` (`name`, `email`, `usertype`) VALUES ('مى احمد محمد احمد الشامى', '', 'الخريجين');
INSERT INTO `lk9v6_alumni_main` (`id`, `user_id`, `approved`) VALUES (240858, 240858, 1);
INSERT INTO `lk9v6_alumni_data` (`alumni_id`, `graduation_year`, `fid`, `job`, `address`, `city`, `country`, `phone`, `gid`, `mobile`, `nationalnumber`, `department`, `division`, `with_honor`) VALUES (240858, 2016, '2', '', '', '', '', '', 'جيد جدا', '', '', '', '', '');
INSERT INTO `lk9v6_users` (`name`, `email`, `usertype`) VALUES ('مى احمد محمد احمد يونس', '', 'الخريجين');
INSERT INTO `lk9v6_alumni_main` (`id`, `user_id`, `approved`) VALUES (240859, 240859, 1);
INSERT INTO `lk9v6_alumni_data` (`alumni_id`, `graduation_year`, `fid`, `job`, `address`, `city`, `country`, `phone`, `gid`, `mobile`, `nationalnumber`, `department`, `division`, `with_honor`) VALUES (240859, 2016, '2', '', '', '', '', '', 'جيد جدا', '', '', '', '', '');
INSERT INTO `lk9v6_users` (`name`, `email`, `usertype`) VALUES ('مى حسن محمد محمد الفيومى', '', 'الخريجين');
INSERT INTO `lk9v6_alumni_main` (`id`, `user_id`, `approved`) VALUES (240860, 240860, 1);
INSERT INTO `lk9v6_alumni_data` (`alumni_id`, `graduation_year`, `fid`, `job`, `address`, `city`, `country`, `phone`, `gid`, `mobile`, `nationalnumber`, `department`, `division`, `with_honor`) VALUES (240860, 2016, '2', '', '', '', '', '', 'جيد جدا', '', '', '', '', '');
INSERT INTO `lk9v6_users` (`name`, `email`, `usertype`) VALUES ('مى صلاح عبد العال فواز رشوان', '', 'الخريجين');
INSERT INTO `lk9v6_alumni_main` (`id`, `user_id`, `approved`) VALUES (240861, 240861, 1);
INSERT INTO `lk9v6_alumni_data` (`alumni_id`, `graduation_year`, `fid`, `job`, `address`, `city`, `country`, `phone`, `gid`, `mobile`, `nationalnumber`, `department`, `division`, `with_honor`) VALUES (240861, 2016, '2', '', '', '', '', '', 'جيد جدا', '', '', '', '', '');
INSERT INTO `lk9v6_users` (`name`, `email`, `usertype`) VALUES ('مى على حسن على عطا الله', '', 'الخريجين');
INSERT INTO `lk9v6_alumni_main` (`id`, `user_id`, `approved`) VALUES (240862, 240862, 1);
INSERT INTO `lk9v6_alumni_data` (`alumni_id`, `graduation_year`, `fid`, `job`, `address`, `city`, `country`, `phone`, `gid`, `mobile`, `nationalnumber`, `department`, `division`, `with_honor`) VALUES (240862, 2016, '2', '', '', '', '', '', 'جيد جدا', '', '', '', '', '');
INSERT INTO `lk9v6_users` (`name`, `email`, `usertype`) VALUES ('مى محمد السيد محمد شاهين', '', 'الخريجين');
INSERT INTO `lk9v6_alumni_main` (`id`, `user_id`, `approved`) VALUES (240863, 240863, 1);
INSERT INTO `lk9v6_alumni_data` (`alumni_id`, `graduation_year`, `fid`, `job`, `address`, `city`, `country`, `phone`, `gid`, `mobile`, `nationalnumber`, `department`, `division`, `with_honor`) VALUES (240863, 2016, '2', '', '', '', '', '', 'جيد جدا', '', '', '', '', '');
INSERT INTO `lk9v6_users` (`name`, `email`, `usertype`) VALUES ('مى محمد جميل السيد عقده ', '', 'الخريجين');
INSERT INTO `lk9v6_alumni_main` (`id`, `user_id`, `approved`) VALUES (240864, 240864, 1);
INSERT INTO `lk9v6_alumni_data` (`alumni_id`, `graduation_year`, `fid`, `job`, `address`, `city`, `country`, `phone`, `gid`, `mobile`, `nationalnumber`, `department`, `division`, `with_honor`) VALUES (240864, 2016, '2', '', '', '', '', '', 'جيد جدا', '', '', '', '', '');
INSERT INTO `lk9v6_users` (`name`, `email`, `usertype`) VALUES ('مى محمد محمود الشاعر', '', 'الخريجين');
INSERT INTO `lk9v6_alumni_main` (`id`, `user_id`, `approved`) VALUES (240865, 240865, 1);
INSERT INTO `lk9v6_alumni_data` (`alumni_id`, `graduation_year`, `fid`, `job`, `address`, `city`, `country`, `phone`, `gid`, `mobile`, `nationalnumber`, `department`, `division`, `with_honor`) VALUES (240865, 2016, '2', '', '', '', '', '', 'جيد جدا', '', '', '', '', '');
INSERT INTO `lk9v6_users` (`name`, `email`, `usertype`) VALUES ('مى مدحت ابراهيم فؤاد عبد الله رجب ', '', 'الخريجين');
INSERT INTO `lk9v6_alumni_main` (`id`, `user_id`, `approved`) VALUES (240866, 240866, 1);
INSERT INTO `lk9v6_alumni_data` (`alumni_id`, `graduation_year`, `fid`, `job`, `address`, `city`, `country`, `phone`, `gid`, `mobile`, `nationalnumber`, `department`, `division`, `with_honor`) VALUES (240866, 2016, '2', '', '', '', '', '', 'جيد جدا', '', '', '', '', '');
INSERT INTO `lk9v6_users` (`name`, `email`, `usertype`) VALUES ('مى مصطفى عبد الحميد بكور', '', 'الخريجين');
INSERT INTO `lk9v6_alumni_main` (`id`, `user_id`, `approved`) VALUES (240867, 240867, 1);
INSERT INTO `lk9v6_alumni_data` (`alumni_id`, `graduation_year`, `fid`, `job`, `address`, `city`, `country`, `phone`, `gid`, `mobile`, `nationalnumber`, `department`, `division`, `with_honor`) VALUES (240867, 2016, '2', '', '', '', '', '', 'جيد جدا', '', '', '', '', '');
INSERT INTO `lk9v6_users` (`name`, `email`, `usertype`) VALUES ('مى ناصر عبد الخالق محمد سمك', '', 'الخريجين');
INSERT INTO `lk9v6_alumni_main` (`id`, `user_id`, `approved`) VALUES (240868, 240868, 1);
INSERT INTO `lk9v6_alumni_data` (`alumni_id`, `graduation_year`, `fid`, `job`, `address`, `city`, `country`, `phone`, `gid`, `mobile`, `nationalnumber`, `department`, `division`, `with_honor`) VALUES (240868, 2016, '2', '', '', '', '', '', 'جيد جدا', '', '', '', '', '');
INSERT INTO `lk9v6_users` (`name`, `email`, `usertype`) VALUES ('مياده احمد محمد محمد عبد العاطى ', '', 'الخريجين');
INSERT INTO `lk9v6_alumni_main` (`id`, `user_id`, `approved`) VALUES (240869, 240869, 1);
INSERT INTO `lk9v6_alumni_data` (`alumni_id`, `graduation_year`, `fid`, `job`, `address`, `city`, `country`, `phone`, `gid`, `mobile`, `nationalnumber`, `department`, `division`, `with_honor`) VALUES (240869, 2016, '2', '', '', '', '', '', 'جيد جدا', '', '', '', '', '');
INSERT INTO `lk9v6_users` (`name`, `email`, `usertype`) VALUES ('مياده حسام الدين مصطفى محمد محمود', '', 'الخريجين');
INSERT INTO `lk9v6_alumni_main` (`id`, `user_id`, `approved`) VALUES (240870, 240870, 1);
INSERT INTO `lk9v6_alumni_data` (`alumni_id`, `graduation_year`, `fid`, `job`, `address`, `city`, `country`, `phone`, `gid`, `mobile`, `nationalnumber`, `department`, `division`, `with_honor`) VALUES (240870, 2016, '2', '', '', '', '', '', 'جيد جدا', '', '', '', '', '');
INSERT INTO `lk9v6_users` (`name`, `email`, `usertype`) VALUES ('مياده عفت محمد خميس سليمان', '', 'الخريجين');
INSERT INTO `lk9v6_alumni_main` (`id`, `user_id`, `approved`) VALUES (240871, 240871, 1);
INSERT INTO `lk9v6_alumni_data` (`alumni_id`, `graduation_year`, `fid`, `job`, `address`, `city`, `country`, `phone`, `gid`, `mobile`, `nationalnumber`, `department`, `division`, `with_honor`) VALUES (240871, 2016, '2', '', '', '', '', '', 'جيد جدا', '', '', '', '', '');
INSERT INTO `lk9v6_users` (`name`, `email`, `usertype`) VALUES ('مياده محمد محمد امين عبد الكريم', '', 'الخريجين');
INSERT INTO `lk9v6_alumni_main` (`id`, `user_id`, `approved`) VALUES (240872, 240872, 1);
INSERT INTO `lk9v6_alumni_data` (`alumni_id`, `graduation_year`, `fid`, `job`, `address`, `city`, `country`, `phone`, `gid`, `mobile`, `nationalnumber`, `department`, `division`, `with_honor`) VALUES (240872, 2016, '2', '', '', '', '', '', 'جيد جدا', '', '', '', '', '');
INSERT INTO `lk9v6_users` (`name`, `email`, `usertype`) VALUES ('ميار حاتم زكريا امين صبيح', '', 'الخريجين');
INSERT INTO `lk9v6_alumni_main` (`id`, `user_id`, `approved`) VALUES (240873, 240873, 1);
INSERT INTO `lk9v6_alumni_data` (`alumni_id`, `graduation_year`, `fid`, `job`, `address`, `city`, `country`, `phone`, `gid`, `mobile`, `nationalnumber`, `department`, `division`, `with_honor`) VALUES (240873, 2016, '2', '', '', '', '', '', 'جيد جدا', '', '', '', '', '');
INSERT INTO `lk9v6_users` (`name`, `email`, `usertype`) VALUES ('ميار عبد الفتاح السيد محمد البمباوى ', '', 'الخريجين');
INSERT INTO `lk9v6_alumni_main` (`id`, `user_id`, `approved`) VALUES (240874, 240874, 1);
INSERT INTO `lk9v6_alumni_data` (`alumni_id`, `graduation_year`, `fid`, `job`, `address`, `city`, `country`, `phone`, `gid`, `mobile`, `nationalnumber`, `department`, `division`, `with_honor`) VALUES (240874, 2016, '2', '', '', '', '', '', 'جيد جدا', '', '', '', '', '');
INSERT INTO `lk9v6_users` (`name`, `email`, `usertype`) VALUES ('ميراى وفيق عزيز ابراهيم سليمان', '', 'الخريجين');
INSERT INTO `lk9v6_alumni_main` (`id`, `user_id`, `approved`) VALUES (240875, 240875, 1);
INSERT INTO `lk9v6_alumni_data` (`alumni_id`, `graduation_year`, `fid`, `job`, `address`, `city`, `country`, `phone`, `gid`, `mobile`, `nationalnumber`, `department`, `division`, `with_honor`) VALUES (240875, 2016, '2', '', '', '', '', '', 'جيد جدا', '', '', '', '', '');
INSERT INTO `lk9v6_users` (`name`, `email`, `usertype`) VALUES ('ميرنا احمد محمود احمد محمود ', '', 'الخريجين');
INSERT INTO `lk9v6_alumni_main` (`id`, `user_id`, `approved`) VALUES (240876, 240876, 1);
INSERT INTO `lk9v6_alumni_data` (`alumni_id`, `graduation_year`, `fid`, `job`, `address`, `city`, `country`, `phone`, `gid`, `mobile`, `nationalnumber`, `department`, `division`, `with_honor`) VALUES (240876, 2016, '2', '', '', '', '', '', 'جيد جدا', '', '', '', '', '');
INSERT INTO `lk9v6_users` (`name`, `email`, `usertype`) VALUES ('ميرنا سامى عبد العزيز ابراهيم', '', 'الخريجين');
INSERT INTO `lk9v6_alumni_main` (`id`, `user_id`, `approved`) VALUES (240877, 240877, 1);
INSERT INTO `lk9v6_alumni_data` (`alumni_id`, `graduation_year`, `fid`, `job`, `address`, `city`, `country`, `phone`, `gid`, `mobile`, `nationalnumber`, `department`, `division`, `with_honor`) VALUES (240877, 2016, '2', '', '', '', '', '', 'جيد جدا', '', '', '', '', '');
INSERT INTO `lk9v6_users` (`name`, `email`, `usertype`) VALUES ('ميرنا موريس ميلاد ملك عبد القدوس', '', 'الخريجين');
INSERT INTO `lk9v6_alumni_main` (`id`, `user_id`, `approved`) VALUES (240878, 240878, 1);
INSERT INTO `lk9v6_alumni_data` (`alumni_id`, `graduation_year`, `fid`, `job`, `address`, `city`, `country`, `phone`, `gid`, `mobile`, `nationalnumber`, `department`, `division`, `with_honor`) VALUES (240878, 2016, '2', '', '', '', '', '', 'جيد جدا', '', '', '', '', '');
INSERT INTO `lk9v6_users` (`name`, `email`, `usertype`) VALUES ('ميرنا نبيل عدلى بنيامين', '', 'الخريجين');
INSERT INTO `lk9v6_alumni_main` (`id`, `user_id`, `approved`) VALUES (240879, 240879, 1);
INSERT INTO `lk9v6_alumni_data` (`alumni_id`, `graduation_year`, `fid`, `job`, `address`, `city`, `country`, `phone`, `gid`, `mobile`, `nationalnumber`, `department`, `division`, `with_honor`) VALUES (240879, 2016, '2', '', '', '', '', '', 'جيد جدا', '', '', '', '', '');
INSERT INTO `lk9v6_users` (`name`, `email`, `usertype`) VALUES ('نادين ناصر محمد ابراهيم على فخرى', '', 'الخريجين');
INSERT INTO `lk9v6_alumni_main` (`id`, `user_id`, `approved`) VALUES (240880, 240880, 1);
INSERT INTO `lk9v6_alumni_data` (`alumni_id`, `graduation_year`, `fid`, `job`, `address`, `city`, `country`, `phone`, `gid`, `mobile`, `nationalnumber`, `department`, `division`, `with_honor`) VALUES (240880, 2016, '2', '', '', '', '', '', 'جيد جدا', '', '', '', '', '');
INSERT INTO `lk9v6_users` (`name`, `email`, `usertype`) VALUES ('نالى شاكر مينا سمعان', '', 'الخريجين');
INSERT INTO `lk9v6_alumni_main` (`id`, `user_id`, `approved`) VALUES (240881, 240881, 1);
INSERT INTO `lk9v6_alumni_data` (`alumni_id`, `graduation_year`, `fid`, `job`, `address`, `city`, `country`, `phone`, `gid`, `mobile`, `nationalnumber`, `department`, `division`, `with_honor`) VALUES (240881, 2016, '2', '', '', '', '', '', 'جيد جدا', '', '', '', '', '');
INSERT INTO `lk9v6_users` (`name`, `email`, `usertype`) VALUES ('نانسى محمد جمال طه على فرج', '', 'الخريجين');
INSERT INTO `lk9v6_alumni_main` (`id`, `user_id`, `approved`) VALUES (240882, 240882, 1);
INSERT INTO `lk9v6_alumni_data` (`alumni_id`, `graduation_year`, `fid`, `job`, `address`, `city`, `country`, `phone`, `gid`, `mobile`, `nationalnumber`, `department`, `division`, `with_honor`) VALUES (240882, 2016, '2', '', '', '', '', '', 'جيد جدا', '', '', '', '', '');
INSERT INTO `lk9v6_users` (`name`, `email`, `usertype`) VALUES ('نبيل ابراهيم حلمى ابراهيم موسى', '', 'الخريجين');
INSERT INTO `lk9v6_alumni_main` (`id`, `user_id`, `approved`) VALUES (240883, 240883, 1);
INSERT INTO `lk9v6_alumni_data` (`alumni_id`, `graduation_year`, `fid`, `job`, `address`, `city`, `country`, `phone`, `gid`, `mobile`, `nationalnumber`, `department`, `division`, `with_honor`) VALUES (240883, 2016, '2', '', '', '', '', '', 'جيد جدا', '', '', '', '', '');
INSERT INTO `lk9v6_users` (`name`, `email`, `usertype`) VALUES ('نجلاء سعيد محمد عبد المجيد', '', 'الخريجين');
INSERT INTO `lk9v6_alumni_main` (`id`, `user_id`, `approved`) VALUES (240884, 240884, 1);
INSERT INTO `lk9v6_alumni_data` (`alumni_id`, `graduation_year`, `fid`, `job`, `address`, `city`, `country`, `phone`, `gid`, `mobile`, `nationalnumber`, `department`, `division`, `with_honor`) VALUES (240884, 2016, '2', '', '', '', '', '', 'جيد جدا', '', '', '', '', '');
INSERT INTO `lk9v6_users` (`name`, `email`, `usertype`) VALUES ('ندا السيد طه دياب الفخرانى', '', 'الخريجين');
INSERT INTO `lk9v6_alumni_main` (`id`, `user_id`, `approved`) VALUES (240885, 240885, 1);
INSERT INTO `lk9v6_alumni_data` (`alumni_id`, `graduation_year`, `fid`, `job`, `address`, `city`, `country`, `phone`, `gid`, `mobile`, `nationalnumber`, `department`, `division`, `with_honor`) VALUES (240885, 2016, '2', '', '', '', '', '', 'جيد جدا', '', '', '', '', '');
INSERT INTO `lk9v6_users` (`name`, `email`, `usertype`) VALUES ('ندى حسام محمد محمود السيد عزب', '', 'الخريجين');
INSERT INTO `lk9v6_alumni_main` (`id`, `user_id`, `approved`) VALUES (240886, 240886, 1);
INSERT INTO `lk9v6_alumni_data` (`alumni_id`, `graduation_year`, `fid`, `job`, `address`, `city`, `country`, `phone`, `gid`, `mobile`, `nationalnumber`, `department`, `division`, `with_honor`) VALUES (240886, 2016, '2', '', '', '', '', '', 'جيد جدا', '', '', '', '', '');
INSERT INTO `lk9v6_users` (`name`, `email`, `usertype`) VALUES ('ندى صلاح عبد العظيم اسماعيل احمد ', '', 'الخريجين');
INSERT INTO `lk9v6_alumni_main` (`id`, `user_id`, `approved`) VALUES (240887, 240887, 1);
INSERT INTO `lk9v6_alumni_data` (`alumni_id`, `graduation_year`, `fid`, `job`, `address`, `city`, `country`, `phone`, `gid`, `mobile`, `nationalnumber`, `department`, `division`, `with_honor`) VALUES (240887, 2016, '2', '', '', '', '', '', 'جيد جدا', '', '', '', '', '');
INSERT INTO `lk9v6_users` (`name`, `email`, `usertype`) VALUES ('ندى مجدى محمد عبد الرازق عبد المجيد', '', 'الخريجين');
INSERT INTO `lk9v6_alumni_main` (`id`, `user_id`, `approved`) VALUES (240888, 240888, 1);
INSERT INTO `lk9v6_alumni_data` (`alumni_id`, `graduation_year`, `fid`, `job`, `address`, `city`, `country`, `phone`, `gid`, `mobile`, `nationalnumber`, `department`, `division`, `with_honor`) VALUES (240888, 2016, '2', '', '', '', '', '', 'جيد جدا', '', '', '', '', '');
INSERT INTO `lk9v6_users` (`name`, `email`, `usertype`) VALUES ('ندى محمد نصر عبد الفتاح القط ', '', 'الخريجين');
INSERT INTO `lk9v6_alumni_main` (`id`, `user_id`, `approved`) VALUES (240889, 240889, 1);
INSERT INTO `lk9v6_alumni_data` (`alumni_id`, `graduation_year`, `fid`, `job`, `address`, `city`, `country`, `phone`, `gid`, `mobile`, `nationalnumber`, `department`, `division`, `with_honor`) VALUES (240889, 2016, '2', '', '', '', '', '', 'جيد جدا', '', '', '', '', '');
INSERT INTO `lk9v6_users` (`name`, `email`, `usertype`) VALUES ('ندى محمود محمد محمدين محمد', '', 'الخريجين');
INSERT INTO `lk9v6_alumni_main` (`id`, `user_id`, `approved`) VALUES (240890, 240890, 1);
INSERT INTO `lk9v6_alumni_data` (`alumni_id`, `graduation_year`, `fid`, `job`, `address`, `city`, `country`, `phone`, `gid`, `mobile`, `nationalnumber`, `department`, `division`, `with_honor`) VALUES (240890, 2016, '2', '', '', '', '', '', 'جيد جدا', '', '', '', '', '');
INSERT INTO `lk9v6_users` (`name`, `email`, `usertype`) VALUES ('نسمه احمد محمد احمد رضوان ', '', 'الخريجين');
INSERT INTO `lk9v6_alumni_main` (`id`, `user_id`, `approved`) VALUES (240891, 240891, 1);
INSERT INTO `lk9v6_alumni_data` (`alumni_id`, `graduation_year`, `fid`, `job`, `address`, `city`, `country`, `phone`, `gid`, `mobile`, `nationalnumber`, `department`, `division`, `with_honor`) VALUES (240891, 2016, '2', '', '', '', '', '', 'جيد جدا', '', '', '', '', '');
INSERT INTO `lk9v6_users` (`name`, `email`, `usertype`) VALUES ('نسمه احمد محمد عبد المطلب متولى', '', 'الخريجين');
INSERT INTO `lk9v6_alumni_main` (`id`, `user_id`, `approved`) VALUES (240892, 240892, 1);
INSERT INTO `lk9v6_alumni_data` (`alumni_id`, `graduation_year`, `fid`, `job`, `address`, `city`, `country`, `phone`, `gid`, `mobile`, `nationalnumber`, `department`, `division`, `with_honor`) VALUES (240892, 2016, '2', '', '', '', '', '', 'جيد جدا', '', '', '', '', '');
INSERT INTO `lk9v6_users` (`name`, `email`, `usertype`) VALUES ('نسمه صلاح عثمان حامد عثمان ', '', 'الخريجين');
INSERT INTO `lk9v6_alumni_main` (`id`, `user_id`, `approved`) VALUES (240893, 240893, 1);
INSERT INTO `lk9v6_alumni_data` (`alumni_id`, `graduation_year`, `fid`, `job`, `address`, `city`, `country`, `phone`, `gid`, `mobile`, `nationalnumber`, `department`, `division`, `with_honor`) VALUES (240893, 2016, '2', '', '', '', '', '', 'جيد جدا', '', '', '', '', '');
INSERT INTO `lk9v6_users` (`name`, `email`, `usertype`) VALUES ('نشوى عادل محمود عفيفى البربرى', '', 'الخريجين');
INSERT INTO `lk9v6_alumni_main` (`id`, `user_id`, `approved`) VALUES (240894, 240894, 1);
INSERT INTO `lk9v6_alumni_data` (`alumni_id`, `graduation_year`, `fid`, `job`, `address`, `city`, `country`, `phone`, `gid`, `mobile`, `nationalnumber`, `department`, `division`, `with_honor`) VALUES (240894, 2016, '2', '', '', '', '', '', 'جيد جدا', '', '', '', '', '');
INSERT INTO `lk9v6_users` (`name`, `email`, `usertype`) VALUES ('نشوى عبد الله حسن محمد العمروسى', '', 'الخريجين');
INSERT INTO `lk9v6_alumni_main` (`id`, `user_id`, `approved`) VALUES (240895, 240895, 1);
INSERT INTO `lk9v6_alumni_data` (`alumni_id`, `graduation_year`, `fid`, `job`, `address`, `city`, `country`, `phone`, `gid`, `mobile`, `nationalnumber`, `department`, `division`, `with_honor`) VALUES (240895, 2016, '2', '', '', '', '', '', 'جيد جدا', '', '', '', '', '');
INSERT INTO `lk9v6_users` (`name`, `email`, `usertype`) VALUES ('نعمه محمد عبد الرءوف احمد', '', 'الخريجين');
INSERT INTO `lk9v6_alumni_main` (`id`, `user_id`, `approved`) VALUES (240896, 240896, 1);
INSERT INTO `lk9v6_alumni_data` (`alumni_id`, `graduation_year`, `fid`, `job`, `address`, `city`, `country`, `phone`, `gid`, `mobile`, `nationalnumber`, `department`, `division`, `with_honor`) VALUES (240896, 2016, '2', '', '', '', '', '', 'جيد جدا', '', '', '', '', '');
INSERT INTO `lk9v6_users` (`name`, `email`, `usertype`) VALUES ('نعيمه محمد على عبد الرحمن ودن', '', 'الخريجين');
INSERT INTO `lk9v6_alumni_main` (`id`, `user_id`, `approved`) VALUES (240897, 240897, 1);
INSERT INTO `lk9v6_alumni_data` (`alumni_id`, `graduation_year`, `fid`, `job`, `address`, `city`, `country`, `phone`, `gid`, `mobile`, `nationalnumber`, `department`, `division`, `with_honor`) VALUES (240897, 2016, '2', '', '', '', '', '', 'جيد جدا', '', '', '', '', '');
INSERT INTO `lk9v6_users` (`name`, `email`, `usertype`) VALUES ('نغم رمضان مسعود سعد', '', 'الخريجين');
INSERT INTO `lk9v6_alumni_main` (`id`, `user_id`, `approved`) VALUES (240898, 240898, 1);
INSERT INTO `lk9v6_alumni_data` (`alumni_id`, `graduation_year`, `fid`, `job`, `address`, `city`, `country`, `phone`, `gid`, `mobile`, `nationalnumber`, `department`, `division`, `with_honor`) VALUES (240898, 2016, '2', '', '', '', '', '', 'جيد جدا', '', '', '', '', '');
INSERT INTO `lk9v6_users` (`name`, `email`, `usertype`) VALUES ('نغم سامى السيد السيد الصردى', '', 'الخريجين');
INSERT INTO `lk9v6_alumni_main` (`id`, `user_id`, `approved`) VALUES (240899, 240899, 1);
INSERT INTO `lk9v6_alumni_data` (`alumni_id`, `graduation_year`, `fid`, `job`, `address`, `city`, `country`, `phone`, `gid`, `mobile`, `nationalnumber`, `department`, `division`, `with_honor`) VALUES (240899, 2016, '2', '', '', '', '', '', 'جيد جدا', '', '', '', '', '');
INSERT INTO `lk9v6_users` (`name`, `email`, `usertype`) VALUES ('نهاد نبيل محمود القاضى', '', 'الخريجين');
INSERT INTO `lk9v6_alumni_main` (`id`, `user_id`, `approved`) VALUES (240900, 240900, 1);
INSERT INTO `lk9v6_alumni_data` (`alumni_id`, `graduation_year`, `fid`, `job`, `address`, `city`, `country`, `phone`, `gid`, `mobile`, `nationalnumber`, `department`, `division`, `with_honor`) VALUES (240900, 2016, '2', '', '', '', '', '', 'جيد جدا', '', '', '', '', '');
INSERT INTO `lk9v6_users` (`name`, `email`, `usertype`) VALUES ('نهال مصطفى على على مطر', '', 'الخريجين');
INSERT INTO `lk9v6_alumni_main` (`id`, `user_id`, `approved`) VALUES (240901, 240901, 1);
INSERT INTO `lk9v6_alumni_data` (`alumni_id`, `graduation_year`, `fid`, `job`, `address`, `city`, `country`, `phone`, `gid`, `mobile`, `nationalnumber`, `department`, `division`, `with_honor`) VALUES (240901, 2016, '2', '', '', '', '', '', 'جيد جدا', '', '', '', '', '');
INSERT INTO `lk9v6_users` (`name`, `email`, `usertype`) VALUES ('نهله محمد بسيونى على بديوى ', '', 'الخريجين');
INSERT INTO `lk9v6_alumni_main` (`id`, `user_id`, `approved`) VALUES (240902, 240902, 1);
INSERT INTO `lk9v6_alumni_data` (`alumni_id`, `graduation_year`, `fid`, `job`, `address`, `city`, `country`, `phone`, `gid`, `mobile`, `nationalnumber`, `department`, `division`, `with_honor`) VALUES (240902, 2016, '2', '', '', '', '', '', 'جيد جدا', '', '', '', '', '');
INSERT INTO `lk9v6_users` (`name`, `email`, `usertype`) VALUES ('نهله محمد حسن حسن الخطيب', '', 'الخريجين');
INSERT INTO `lk9v6_alumni_main` (`id`, `user_id`, `approved`) VALUES (240903, 240903, 1);
INSERT INTO `lk9v6_alumni_data` (`alumni_id`, `graduation_year`, `fid`, `job`, `address`, `city`, `country`, `phone`, `gid`, `mobile`, `nationalnumber`, `department`, `division`, `with_honor`) VALUES (240903, 2016, '2', '', '', '', '', '', 'جيد جدا', '', '', '', '', '');
INSERT INTO `lk9v6_users` (`name`, `email`, `usertype`) VALUES ('نهله محمد محمد عبد الفتاح كيلانى', '', 'الخريجين');
INSERT INTO `lk9v6_alumni_main` (`id`, `user_id`, `approved`) VALUES (240904, 240904, 1);
INSERT INTO `lk9v6_alumni_data` (`alumni_id`, `graduation_year`, `fid`, `job`, `address`, `city`, `country`, `phone`, `gid`, `mobile`, `nationalnumber`, `department`, `division`, `with_honor`) VALUES (240904, 2016, '2', '', '', '', '', '', 'جيد جدا', '', '', '', '', '');
INSERT INTO `lk9v6_users` (`name`, `email`, `usertype`) VALUES ('نهله محمود محمد حسن حنفى', '', 'الخريجين');
INSERT INTO `lk9v6_alumni_main` (`id`, `user_id`, `approved`) VALUES (240905, 240905, 1);
INSERT INTO `lk9v6_alumni_data` (`alumni_id`, `graduation_year`, `fid`, `job`, `address`, `city`, `country`, `phone`, `gid`, `mobile`, `nationalnumber`, `department`, `division`, `with_honor`) VALUES (240905, 2016, '2', '', '', '', '', '', 'جيد جدا', '', '', '', '', '');
INSERT INTO `lk9v6_users` (`name`, `email`, `usertype`) VALUES ('نهى احمد مصطفى احمد خفاجة', '', 'الخريجين');
INSERT INTO `lk9v6_alumni_main` (`id`, `user_id`, `approved`) VALUES (240906, 240906, 1);
INSERT INTO `lk9v6_alumni_data` (`alumni_id`, `graduation_year`, `fid`, `job`, `address`, `city`, `country`, `phone`, `gid`, `mobile`, `nationalnumber`, `department`, `division`, `with_honor`) VALUES (240906, 2016, '2', '', '', '', '', '', 'جيد جدا', '', '', '', '', '');
INSERT INTO `lk9v6_users` (`name`, `email`, `usertype`) VALUES ('نهى الشحات محمد عبد العزيز مبارك', '', 'الخريجين');
INSERT INTO `lk9v6_alumni_main` (`id`, `user_id`, `approved`) VALUES (240907, 240907, 1);
INSERT INTO `lk9v6_alumni_data` (`alumni_id`, `graduation_year`, `fid`, `job`, `address`, `city`, `country`, `phone`, `gid`, `mobile`, `nationalnumber`, `department`, `division`, `with_honor`) VALUES (240907, 2016, '2', '', '', '', '', '', 'جيد جدا', '', '', '', '', '');
INSERT INTO `lk9v6_users` (`name`, `email`, `usertype`) VALUES ('نهى محمد حسن على سالم ', '', 'الخريجين');
INSERT INTO `lk9v6_alumni_main` (`id`, `user_id`, `approved`) VALUES (240908, 240908, 1);
INSERT INTO `lk9v6_alumni_data` (`alumni_id`, `graduation_year`, `fid`, `job`, `address`, `city`, `country`, `phone`, `gid`, `mobile`, `nationalnumber`, `department`, `division`, `with_honor`) VALUES (240908, 2016, '2', '', '', '', '', '', 'جيد جدا', '', '', '', '', '');
INSERT INTO `lk9v6_users` (`name`, `email`, `usertype`) VALUES ('نهى محمد محمد المهندس', '', 'الخريجين');
INSERT INTO `lk9v6_alumni_main` (`id`, `user_id`, `approved`) VALUES (240909, 240909, 1);
INSERT INTO `lk9v6_alumni_data` (`alumni_id`, `graduation_year`, `fid`, `job`, `address`, `city`, `country`, `phone`, `gid`, `mobile`, `nationalnumber`, `department`, `division`, `with_honor`) VALUES (240909, 2016, '2', '', '', '', '', '', 'جيد جدا', '', '', '', '', '');
INSERT INTO `lk9v6_users` (`name`, `email`, `usertype`) VALUES ('نور محمد عاشور عبد الله مبروك', '', 'الخريجين');
INSERT INTO `lk9v6_alumni_main` (`id`, `user_id`, `approved`) VALUES (240910, 240910, 1);
INSERT INTO `lk9v6_alumni_data` (`alumni_id`, `graduation_year`, `fid`, `job`, `address`, `city`, `country`, `phone`, `gid`, `mobile`, `nationalnumber`, `department`, `division`, `with_honor`) VALUES (240910, 2016, '2', '', '', '', '', '', 'جيد جدا', '', '', '', '', '');
INSERT INTO `lk9v6_users` (`name`, `email`, `usertype`) VALUES ('نورا موسى على موسى', '', 'الخريجين');
INSERT INTO `lk9v6_alumni_main` (`id`, `user_id`, `approved`) VALUES (240911, 240911, 1);
INSERT INTO `lk9v6_alumni_data` (`alumni_id`, `graduation_year`, `fid`, `job`, `address`, `city`, `country`, `phone`, `gid`, `mobile`, `nationalnumber`, `department`, `division`, `with_honor`) VALUES (240911, 2016, '2', '', '', '', '', '', 'جيد جدا', '', '', '', '', '');
INSERT INTO `lk9v6_users` (`name`, `email`, `usertype`) VALUES ('نوران عصام محمود احمد عارف', '', 'الخريجين');
INSERT INTO `lk9v6_alumni_main` (`id`, `user_id`, `approved`) VALUES (240912, 240912, 1);
INSERT INTO `lk9v6_alumni_data` (`alumni_id`, `graduation_year`, `fid`, `job`, `address`, `city`, `country`, `phone`, `gid`, `mobile`, `nationalnumber`, `department`, `division`, `with_honor`) VALUES (240912, 2016, '2', '', '', '', '', '', 'جيد جدا', '', '', '', '', '');
INSERT INTO `lk9v6_users` (`name`, `email`, `usertype`) VALUES ('نوران مدحت محمد عبد السلام خليف', '', 'الخريجين');
INSERT INTO `lk9v6_alumni_main` (`id`, `user_id`, `approved`) VALUES (240913, 240913, 1);
INSERT INTO `lk9v6_alumni_data` (`alumni_id`, `graduation_year`, `fid`, `job`, `address`, `city`, `country`, `phone`, `gid`, `mobile`, `nationalnumber`, `department`, `division`, `with_honor`) VALUES (240913, 2016, '2', '', '', '', '', '', 'جيد جدا', '', '', '', '', '');
INSERT INTO `lk9v6_users` (`name`, `email`, `usertype`) VALUES ('نورهان احمد حسين محمود سليم ', '', 'الخريجين');
INSERT INTO `lk9v6_alumni_main` (`id`, `user_id`, `approved`) VALUES (240914, 240914, 1);
INSERT INTO `lk9v6_alumni_data` (`alumni_id`, `graduation_year`, `fid`, `job`, `address`, `city`, `country`, `phone`, `gid`, `mobile`, `nationalnumber`, `department`, `division`, `with_honor`) VALUES (240914, 2016, '2', '', '', '', '', '', 'جيد جدا', '', '', '', '', '');
INSERT INTO `lk9v6_users` (`name`, `email`, `usertype`) VALUES ('نورهان السيد عبد الله محمود بكر', '', 'الخريجين');
INSERT INTO `lk9v6_alumni_main` (`id`, `user_id`, `approved`) VALUES (240915, 240915, 1);
INSERT INTO `lk9v6_alumni_data` (`alumni_id`, `graduation_year`, `fid`, `job`, `address`, `city`, `country`, `phone`, `gid`, `mobile`, `nationalnumber`, `department`, `division`, `with_honor`) VALUES (240915, 2016, '2', '', '', '', '', '', 'جيد جدا', '', '', '', '', '');
INSERT INTO `lk9v6_users` (`name`, `email`, `usertype`) VALUES ('نورهان السيد على حسن الجندى', '', 'الخريجين');
INSERT INTO `lk9v6_alumni_main` (`id`, `user_id`, `approved`) VALUES (240916, 240916, 1);
INSERT INTO `lk9v6_alumni_data` (`alumni_id`, `graduation_year`, `fid`, `job`, `address`, `city`, `country`, `phone`, `gid`, `mobile`, `nationalnumber`, `department`, `division`, `with_honor`) VALUES (240916, 2016, '2', '', '', '', '', '', 'جيد جدا', '', '', '', '', '');
INSERT INTO `lk9v6_users` (`name`, `email`, `usertype`) VALUES ('نورهان حسن كامل عبد الفتاح', '', 'الخريجين');
INSERT INTO `lk9v6_alumni_main` (`id`, `user_id`, `approved`) VALUES (240917, 240917, 1);
INSERT INTO `lk9v6_alumni_data` (`alumni_id`, `graduation_year`, `fid`, `job`, `address`, `city`, `country`, `phone`, `gid`, `mobile`, `nationalnumber`, `department`, `division`, `with_honor`) VALUES (240917, 2016, '2', '', '', '', '', '', 'جيد جدا', '', '', '', '', '');
INSERT INTO `lk9v6_users` (`name`, `email`, `usertype`) VALUES ('نورهان سعيد محمد ابو سالم', '', 'الخريجين');
INSERT INTO `lk9v6_alumni_main` (`id`, `user_id`, `approved`) VALUES (240918, 240918, 1);
INSERT INTO `lk9v6_alumni_data` (`alumni_id`, `graduation_year`, `fid`, `job`, `address`, `city`, `country`, `phone`, `gid`, `mobile`, `nationalnumber`, `department`, `division`, `with_honor`) VALUES (240918, 2016, '2', '', '', '', '', '', 'جيد جدا', '', '', '', '', '');
INSERT INTO `lk9v6_users` (`name`, `email`, `usertype`) VALUES ('نورهان شعبان محمد عمران مرسى', '', 'الخريجين');
INSERT INTO `lk9v6_alumni_main` (`id`, `user_id`, `approved`) VALUES (240919, 240919, 1);
INSERT INTO `lk9v6_alumni_data` (`alumni_id`, `graduation_year`, `fid`, `job`, `address`, `city`, `country`, `phone`, `gid`, `mobile`, `nationalnumber`, `department`, `division`, `with_honor`) VALUES (240919, 2016, '2', '', '', '', '', '', 'جيد جدا', '', '', '', '', '');
INSERT INTO `lk9v6_users` (`name`, `email`, `usertype`) VALUES ('نورهان شكرى رضوان محمد حبيب', '', 'الخريجين');
INSERT INTO `lk9v6_alumni_main` (`id`, `user_id`, `approved`) VALUES (240920, 240920, 1);
INSERT INTO `lk9v6_alumni_data` (`alumni_id`, `graduation_year`, `fid`, `job`, `address`, `city`, `country`, `phone`, `gid`, `mobile`, `nationalnumber`, `department`, `division`, `with_honor`) VALUES (240920, 2016, '2', '', '', '', '', '', 'جيد جدا', '', '', '', '', '');
INSERT INTO `lk9v6_users` (`name`, `email`, `usertype`) VALUES ('نورهان صلاح الدين ابراهيم على عبده  ', '', 'الخريجين');
INSERT INTO `lk9v6_alumni_main` (`id`, `user_id`, `approved`) VALUES (240921, 240921, 1);
INSERT INTO `lk9v6_alumni_data` (`alumni_id`, `graduation_year`, `fid`, `job`, `address`, `city`, `country`, `phone`, `gid`, `mobile`, `nationalnumber`, `department`, `division`, `with_honor`) VALUES (240921, 2016, '2', '', '', '', '', '', 'جيد جدا', '', '', '', '', '');
INSERT INTO `lk9v6_users` (`name`, `email`, `usertype`) VALUES ('نورهان على حامد حامد سلطان ', '', 'الخريجين');
INSERT INTO `lk9v6_alumni_main` (`id`, `user_id`, `approved`) VALUES (240922, 240922, 1);
INSERT INTO `lk9v6_alumni_data` (`alumni_id`, `graduation_year`, `fid`, `job`, `address`, `city`, `country`, `phone`, `gid`, `mobile`, `nationalnumber`, `department`, `division`, `with_honor`) VALUES (240922, 2016, '2', '', '', '', '', '', 'جيد جدا', '', '', '', '', '');
INSERT INTO `lk9v6_users` (`name`, `email`, `usertype`) VALUES ('نورهان عماد اسماعيل على البدرى', '', 'الخريجين');
INSERT INTO `lk9v6_alumni_main` (`id`, `user_id`, `approved`) VALUES (240923, 240923, 1);
INSERT INTO `lk9v6_alumni_data` (`alumni_id`, `graduation_year`, `fid`, `job`, `address`, `city`, `country`, `phone`, `gid`, `mobile`, `nationalnumber`, `department`, `division`, `with_honor`) VALUES (240923, 2016, '2', '', '', '', '', '', 'جيد جدا', '', '', '', '', '');
INSERT INTO `lk9v6_users` (`name`, `email`, `usertype`) VALUES ('نورهان فرج كامل محمد حشيش', '', 'الخريجين');
INSERT INTO `lk9v6_alumni_main` (`id`, `user_id`, `approved`) VALUES (240924, 240924, 1);
INSERT INTO `lk9v6_alumni_data` (`alumni_id`, `graduation_year`, `fid`, `job`, `address`, `city`, `country`, `phone`, `gid`, `mobile`, `nationalnumber`, `department`, `division`, `with_honor`) VALUES (240924, 2016, '2', '', '', '', '', '', 'جيد جدا', '', '', '', '', '');
INSERT INTO `lk9v6_users` (`name`, `email`, `usertype`) VALUES ('نورهان فهمى عاطف سلطان حسين', '', 'الخريجين');
INSERT INTO `lk9v6_alumni_main` (`id`, `user_id`, `approved`) VALUES (240925, 240925, 1);
INSERT INTO `lk9v6_alumni_data` (`alumni_id`, `graduation_year`, `fid`, `job`, `address`, `city`, `country`, `phone`, `gid`, `mobile`, `nationalnumber`, `department`, `division`, `with_honor`) VALUES (240925, 2016, '2', '', '', '', '', '', 'جيد جدا', '', '', '', '', '');
INSERT INTO `lk9v6_users` (`name`, `email`, `usertype`) VALUES ('نورهان كرم على محمد شيبه', '', 'الخريجين');
INSERT INTO `lk9v6_alumni_main` (`id`, `user_id`, `approved`) VALUES (240926, 240926, 1);
INSERT INTO `lk9v6_alumni_data` (`alumni_id`, `graduation_year`, `fid`, `job`, `address`, `city`, `country`, `phone`, `gid`, `mobile`, `nationalnumber`, `department`, `division`, `with_honor`) VALUES (240926, 2016, '2', '', '', '', '', '', 'جيد جدا', '', '', '', '', '');
INSERT INTO `lk9v6_users` (`name`, `email`, `usertype`) VALUES ('نورهان محمد عبد النبى محمد اللبودى', '', 'الخريجين');
INSERT INTO `lk9v6_alumni_main` (`id`, `user_id`, `approved`) VALUES (240927, 240927, 1);
INSERT INTO `lk9v6_alumni_data` (`alumni_id`, `graduation_year`, `fid`, `job`, `address`, `city`, `country`, `phone`, `gid`, `mobile`, `nationalnumber`, `department`, `division`, `with_honor`) VALUES (240927, 2016, '2', '', '', '', '', '', 'جيد جدا', '', '', '', '', '');
INSERT INTO `lk9v6_users` (`name`, `email`, `usertype`) VALUES ('نيفين منصور السيد على شراره', '', 'الخريجين');
INSERT INTO `lk9v6_alumni_main` (`id`, `user_id`, `approved`) VALUES (240928, 240928, 1);
INSERT INTO `lk9v6_alumni_data` (`alumni_id`, `graduation_year`, `fid`, `job`, `address`, `city`, `country`, `phone`, `gid`, `mobile`, `nationalnumber`, `department`, `division`, `with_honor`) VALUES (240928, 2016, '2', '', '', '', '', '', 'جيد جدا', '', '', '', '', '');
INSERT INTO `lk9v6_users` (`name`, `email`, `usertype`) VALUES ('هاجر احمد زكى دياب', '', 'الخريجين');
INSERT INTO `lk9v6_alumni_main` (`id`, `user_id`, `approved`) VALUES (240929, 240929, 1);
INSERT INTO `lk9v6_alumni_data` (`alumni_id`, `graduation_year`, `fid`, `job`, `address`, `city`, `country`, `phone`, `gid`, `mobile`, `nationalnumber`, `department`, `division`, `with_honor`) VALUES (240929, 2016, '2', '', '', '', '', '', 'جيد جدا', '', '', '', '', '');
INSERT INTO `lk9v6_users` (`name`, `email`, `usertype`) VALUES ('هاجر الشربينى الشربينى ابراهيم ابو المجد', '', 'الخريجين');
INSERT INTO `lk9v6_alumni_main` (`id`, `user_id`, `approved`) VALUES (240930, 240930, 1);
INSERT INTO `lk9v6_alumni_data` (`alumni_id`, `graduation_year`, `fid`, `job`, `address`, `city`, `country`, `phone`, `gid`, `mobile`, `nationalnumber`, `department`, `division`, `with_honor`) VALUES (240930, 2016, '2', '', '', '', '', '', 'جيد جدا', '', '', '', '', '');
INSERT INTO `lk9v6_users` (`name`, `email`, `usertype`) VALUES ('هاجر سعيد ابراهيم ابو العنين ', '', 'الخريجين');
INSERT INTO `lk9v6_alumni_main` (`id`, `user_id`, `approved`) VALUES (240931, 240931, 1);
INSERT INTO `lk9v6_alumni_data` (`alumni_id`, `graduation_year`, `fid`, `job`, `address`, `city`, `country`, `phone`, `gid`, `mobile`, `nationalnumber`, `department`, `division`, `with_honor`) VALUES (240931, 2016, '2', '', '', '', '', '', 'جيد جدا', '', '', '', '', '');
INSERT INTO `lk9v6_users` (`name`, `email`, `usertype`) VALUES ('هادى حسين محمد القزق', '', 'الخريجين');
INSERT INTO `lk9v6_alumni_main` (`id`, `user_id`, `approved`) VALUES (240932, 240932, 1);
INSERT INTO `lk9v6_alumni_data` (`alumni_id`, `graduation_year`, `fid`, `job`, `address`, `city`, `country`, `phone`, `gid`, `mobile`, `nationalnumber`, `department`, `division`, `with_honor`) VALUES (240932, 2016, '2', '', '', '', '', '', 'جيد جدا', '', '', '', '', '');
INSERT INTO `lk9v6_users` (`name`, `email`, `usertype`) VALUES ('هادى رزق ابو زيد ابراهيم', '', 'الخريجين');
INSERT INTO `lk9v6_alumni_main` (`id`, `user_id`, `approved`) VALUES (240933, 240933, 1);
INSERT INTO `lk9v6_alumni_data` (`alumni_id`, `graduation_year`, `fid`, `job`, `address`, `city`, `country`, `phone`, `gid`, `mobile`, `nationalnumber`, `department`, `division`, `with_honor`) VALUES (240933, 2016, '2', '', '', '', '', '', 'جيد جدا', '', '', '', '', '');
INSERT INTO `lk9v6_users` (`name`, `email`, `usertype`) VALUES ('هادى ممدوح شاكر عوض الله', '', 'الخريجين');
INSERT INTO `lk9v6_alumni_main` (`id`, `user_id`, `approved`) VALUES (240934, 240934, 1);
INSERT INTO `lk9v6_alumni_data` (`alumni_id`, `graduation_year`, `fid`, `job`, `address`, `city`, `country`, `phone`, `gid`, `mobile`, `nationalnumber`, `department`, `division`, `with_honor`) VALUES (240934, 2016, '2', '', '', '', '', '', 'جيد جدا', '', '', '', '', '');
INSERT INTO `lk9v6_users` (`name`, `email`, `usertype`) VALUES ('هبه الله ابراهيم زيد محمد حسين', '', 'الخريجين');
INSERT INTO `lk9v6_alumni_main` (`id`, `user_id`, `approved`) VALUES (240935, 240935, 1);
INSERT INTO `lk9v6_alumni_data` (`alumni_id`, `graduation_year`, `fid`, `job`, `address`, `city`, `country`, `phone`, `gid`, `mobile`, `nationalnumber`, `department`, `division`, `with_honor`) VALUES (240935, 2016, '2', '', '', '', '', '', 'جيد جدا', '', '', '', '', '');
INSERT INTO `lk9v6_users` (`name`, `email`, `usertype`) VALUES ('هبه حسن عطية رخا', '', 'الخريجين');
INSERT INTO `lk9v6_alumni_main` (`id`, `user_id`, `approved`) VALUES (240936, 240936, 1);
INSERT INTO `lk9v6_alumni_data` (`alumni_id`, `graduation_year`, `fid`, `job`, `address`, `city`, `country`, `phone`, `gid`, `mobile`, `nationalnumber`, `department`, `division`, `with_honor`) VALUES (240936, 2016, '2', '', '', '', '', '', 'جيد جدا', '', '', '', '', '');
INSERT INTO `lk9v6_users` (`name`, `email`, `usertype`) VALUES ('هبه حمدى كمال الدين شعبان', '', 'الخريجين');
INSERT INTO `lk9v6_alumni_main` (`id`, `user_id`, `approved`) VALUES (240937, 240937, 1);
INSERT INTO `lk9v6_alumni_data` (`alumni_id`, `graduation_year`, `fid`, `job`, `address`, `city`, `country`, `phone`, `gid`, `mobile`, `nationalnumber`, `department`, `division`, `with_honor`) VALUES (240937, 2016, '2', '', '', '', '', '', 'جيد جدا', '', '', '', '', '');
INSERT INTO `lk9v6_users` (`name`, `email`, `usertype`) VALUES ('هبه سامى محمد عبد المجيد', '', 'الخريجين');
INSERT INTO `lk9v6_alumni_main` (`id`, `user_id`, `approved`) VALUES (240938, 240938, 1);
INSERT INTO `lk9v6_alumni_data` (`alumni_id`, `graduation_year`, `fid`, `job`, `address`, `city`, `country`, `phone`, `gid`, `mobile`, `nationalnumber`, `department`, `division`, `with_honor`) VALUES (240938, 2016, '2', '', '', '', '', '', 'جيد جدا', '', '', '', '', '');
INSERT INTO `lk9v6_users` (`name`, `email`, `usertype`) VALUES ('هبه ضياء محمد محمود على', '', 'الخريجين');
INSERT INTO `lk9v6_alumni_main` (`id`, `user_id`, `approved`) VALUES (240939, 240939, 1);
INSERT INTO `lk9v6_alumni_data` (`alumni_id`, `graduation_year`, `fid`, `job`, `address`, `city`, `country`, `phone`, `gid`, `mobile`, `nationalnumber`, `department`, `division`, `with_honor`) VALUES (240939, 2016, '2', '', '', '', '', '', 'جيد جدا', '', '', '', '', '');
INSERT INTO `lk9v6_users` (`name`, `email`, `usertype`) VALUES ('هبه فوزى درويش ابو غنيم ', '', 'الخريجين');
INSERT INTO `lk9v6_alumni_main` (`id`, `user_id`, `approved`) VALUES (240940, 240940, 1);
INSERT INTO `lk9v6_alumni_data` (`alumni_id`, `graduation_year`, `fid`, `job`, `address`, `city`, `country`, `phone`, `gid`, `mobile`, `nationalnumber`, `department`, `division`, `with_honor`) VALUES (240940, 2016, '2', '', '', '', '', '', 'جيد جدا', '', '', '', '', '');
INSERT INTO `lk9v6_users` (`name`, `email`, `usertype`) VALUES ('هبه فوزى محمد حزيمه', '', 'الخريجين');
INSERT INTO `lk9v6_alumni_main` (`id`, `user_id`, `approved`) VALUES (240941, 240941, 1);
INSERT INTO `lk9v6_alumni_data` (`alumni_id`, `graduation_year`, `fid`, `job`, `address`, `city`, `country`, `phone`, `gid`, `mobile`, `nationalnumber`, `department`, `division`, `with_honor`) VALUES (240941, 2016, '2', '', '', '', '', '', 'جيد جدا', '', '', '', '', '');
INSERT INTO `lk9v6_users` (`name`, `email`, `usertype`) VALUES ('هبه فؤاد زين العابدين ابراهيم ', '', 'الخريجين');
INSERT INTO `lk9v6_alumni_main` (`id`, `user_id`, `approved`) VALUES (240942, 240942, 1);
INSERT INTO `lk9v6_alumni_data` (`alumni_id`, `graduation_year`, `fid`, `job`, `address`, `city`, `country`, `phone`, `gid`, `mobile`, `nationalnumber`, `department`, `division`, `with_honor`) VALUES (240942, 2016, '2', '', '', '', '', '', 'جيد جدا', '', '', '', '', '');
INSERT INTO `lk9v6_users` (`name`, `email`, `usertype`) VALUES ('هبه كامل محمد احمد الشعراوى', '', 'الخريجين');
INSERT INTO `lk9v6_alumni_main` (`id`, `user_id`, `approved`) VALUES (240943, 240943, 1);
INSERT INTO `lk9v6_alumni_data` (`alumni_id`, `graduation_year`, `fid`, `job`, `address`, `city`, `country`, `phone`, `gid`, `mobile`, `nationalnumber`, `department`, `division`, `with_honor`) VALUES (240943, 2016, '2', '', '', '', '', '', 'جيد جدا', '', '', '', '', '');
INSERT INTO `lk9v6_users` (`name`, `email`, `usertype`) VALUES ('هبه مجدى محمود مصطفى بحبح', '', 'الخريجين');
INSERT INTO `lk9v6_alumni_main` (`id`, `user_id`, `approved`) VALUES (240944, 240944, 1);
INSERT INTO `lk9v6_alumni_data` (`alumni_id`, `graduation_year`, `fid`, `job`, `address`, `city`, `country`, `phone`, `gid`, `mobile`, `nationalnumber`, `department`, `division`, `with_honor`) VALUES (240944, 2016, '2', '', '', '', '', '', 'جيد جدا', '', '', '', '', '');
INSERT INTO `lk9v6_users` (`name`, `email`, `usertype`) VALUES ('هدى السيد السيد محمد فوده', '', 'الخريجين');
INSERT INTO `lk9v6_alumni_main` (`id`, `user_id`, `approved`) VALUES (240945, 240945, 1);
INSERT INTO `lk9v6_alumni_data` (`alumni_id`, `graduation_year`, `fid`, `job`, `address`, `city`, `country`, `phone`, `gid`, `mobile`, `nationalnumber`, `department`, `division`, `with_honor`) VALUES (240945, 2016, '2', '', '', '', '', '', 'جيد جدا', '', '', '', '', '');
INSERT INTO `lk9v6_users` (`name`, `email`, `usertype`) VALUES ('هدى محمد عبد المحسن حسن على البراوى', '', 'الخريجين');
INSERT INTO `lk9v6_alumni_main` (`id`, `user_id`, `approved`) VALUES (240946, 240946, 1);
INSERT INTO `lk9v6_alumni_data` (`alumni_id`, `graduation_year`, `fid`, `job`, `address`, `city`, `country`, `phone`, `gid`, `mobile`, `nationalnumber`, `department`, `division`, `with_honor`) VALUES (240946, 2016, '2', '', '', '', '', '', 'جيد جدا', '', '', '', '', '');
INSERT INTO `lk9v6_users` (`name`, `email`, `usertype`) VALUES ('هدير اشرف فتحى ابراهيم ', '', 'الخريجين');
INSERT INTO `lk9v6_alumni_main` (`id`, `user_id`, `approved`) VALUES (240947, 240947, 1);
INSERT INTO `lk9v6_alumni_data` (`alumni_id`, `graduation_year`, `fid`, `job`, `address`, `city`, `country`, `phone`, `gid`, `mobile`, `nationalnumber`, `department`, `division`, `with_honor`) VALUES (240947, 2016, '2', '', '', '', '', '', 'جيد جدا', '', '', '', '', '');
INSERT INTO `lk9v6_users` (`name`, `email`, `usertype`) VALUES ('هدير السعيد سعد محمد الفقى ', '', 'الخريجين');
INSERT INTO `lk9v6_alumni_main` (`id`, `user_id`, `approved`) VALUES (240948, 240948, 1);
INSERT INTO `lk9v6_alumni_data` (`alumni_id`, `graduation_year`, `fid`, `job`, `address`, `city`, `country`, `phone`, `gid`, `mobile`, `nationalnumber`, `department`, `division`, `with_honor`) VALUES (240948, 2016, '2', '', '', '', '', '', 'جيد جدا', '', '', '', '', '');
INSERT INTO `lk9v6_users` (`name`, `email`, `usertype`) VALUES ('هدير حمدى عبد الله بدر ', '', 'الخريجين');
INSERT INTO `lk9v6_alumni_main` (`id`, `user_id`, `approved`) VALUES (240949, 240949, 1);
INSERT INTO `lk9v6_alumni_data` (`alumni_id`, `graduation_year`, `fid`, `job`, `address`, `city`, `country`, `phone`, `gid`, `mobile`, `nationalnumber`, `department`, `division`, `with_honor`) VALUES (240949, 2016, '2', '', '', '', '', '', 'جيد جدا', '', '', '', '', '');
INSERT INTO `lk9v6_users` (`name`, `email`, `usertype`) VALUES ('هدير سعيد شندى بدران', '', 'الخريجين');
INSERT INTO `lk9v6_alumni_main` (`id`, `user_id`, `approved`) VALUES (240950, 240950, 1);
INSERT INTO `lk9v6_alumni_data` (`alumni_id`, `graduation_year`, `fid`, `job`, `address`, `city`, `country`, `phone`, `gid`, `mobile`, `nationalnumber`, `department`, `division`, `with_honor`) VALUES (240950, 2016, '2', '', '', '', '', '', 'جيد جدا', '', '', '', '', '');
INSERT INTO `lk9v6_users` (`name`, `email`, `usertype`) VALUES ('هدير فوزى فرج الله سليمان', '', 'الخريجين');
INSERT INTO `lk9v6_alumni_main` (`id`, `user_id`, `approved`) VALUES (240951, 240951, 1);
INSERT INTO `lk9v6_alumni_data` (`alumni_id`, `graduation_year`, `fid`, `job`, `address`, `city`, `country`, `phone`, `gid`, `mobile`, `nationalnumber`, `department`, `division`, `with_honor`) VALUES (240951, 2016, '2', '', '', '', '', '', 'جيد جدا', '', '', '', '', '');
INSERT INTO `lk9v6_users` (`name`, `email`, `usertype`) VALUES ('هديه ربيع عبد الونيس محمود محمد', '', 'الخريجين');
INSERT INTO `lk9v6_alumni_main` (`id`, `user_id`, `approved`) VALUES (240952, 240952, 1);
INSERT INTO `lk9v6_alumni_data` (`alumni_id`, `graduation_year`, `fid`, `job`, `address`, `city`, `country`, `phone`, `gid`, `mobile`, `nationalnumber`, `department`, `division`, `with_honor`) VALUES (240952, 2016, '2', '', '', '', '', '', 'جيد جدا', '', '', '', '', '');
INSERT INTO `lk9v6_users` (`name`, `email`, `usertype`) VALUES ('هشام محمد احمد اسماعيل داود', '', 'الخريجين');
INSERT INTO `lk9v6_alumni_main` (`id`, `user_id`, `approved`) VALUES (240953, 240953, 1);
INSERT INTO `lk9v6_alumni_data` (`alumni_id`, `graduation_year`, `fid`, `job`, `address`, `city`, `country`, `phone`, `gid`, `mobile`, `nationalnumber`, `department`, `division`, `with_honor`) VALUES (240953, 2016, '2', '', '', '', '', '', 'جيد جدا', '', '', '', '', '');
INSERT INTO `lk9v6_users` (`name`, `email`, `usertype`) VALUES ('هشام محمود عبد المنعم ابراهيم الجندى ', '', 'الخريجين');
INSERT INTO `lk9v6_alumni_main` (`id`, `user_id`, `approved`) VALUES (240954, 240954, 1);
INSERT INTO `lk9v6_alumni_data` (`alumni_id`, `graduation_year`, `fid`, `job`, `address`, `city`, `country`, `phone`, `gid`, `mobile`, `nationalnumber`, `department`, `division`, `with_honor`) VALUES (240954, 2016, '2', '', '', '', '', '', 'جيد جدا', '', '', '', '', '');
INSERT INTO `lk9v6_users` (`name`, `email`, `usertype`) VALUES ('همسه محمود مصطفى محمود بدران', '', 'الخريجين');
INSERT INTO `lk9v6_alumni_main` (`id`, `user_id`, `approved`) VALUES (240955, 240955, 1);
INSERT INTO `lk9v6_alumni_data` (`alumni_id`, `graduation_year`, `fid`, `job`, `address`, `city`, `country`, `phone`, `gid`, `mobile`, `nationalnumber`, `department`, `division`, `with_honor`) VALUES (240955, 2016, '2', '', '', '', '', '', 'جيد جدا', '', '', '', '', '');
INSERT INTO `lk9v6_users` (`name`, `email`, `usertype`) VALUES ('هند اسماعيل محمد محمد النكلاوى', '', 'الخريجين');
INSERT INTO `lk9v6_alumni_main` (`id`, `user_id`, `approved`) VALUES (240956, 240956, 1);
INSERT INTO `lk9v6_alumni_data` (`alumni_id`, `graduation_year`, `fid`, `job`, `address`, `city`, `country`, `phone`, `gid`, `mobile`, `nationalnumber`, `department`, `division`, `with_honor`) VALUES (240956, 2016, '2', '', '', '', '', '', 'جيد جدا', '', '', '', '', '');
INSERT INTO `lk9v6_users` (`name`, `email`, `usertype`) VALUES ('هند عبد الحميد محمد عدس', '', 'الخريجين');
INSERT INTO `lk9v6_alumni_main` (`id`, `user_id`, `approved`) VALUES (240957, 240957, 1);
INSERT INTO `lk9v6_alumni_data` (`alumni_id`, `graduation_year`, `fid`, `job`, `address`, `city`, `country`, `phone`, `gid`, `mobile`, `nationalnumber`, `department`, `division`, `with_honor`) VALUES (240957, 2016, '2', '', '', '', '', '', 'جيد جدا', '', '', '', '', '');
INSERT INTO `lk9v6_users` (`name`, `email`, `usertype`) VALUES ('هيثم عادل يوسف عبد العزيز البدوى', '', 'الخريجين');
INSERT INTO `lk9v6_alumni_main` (`id`, `user_id`, `approved`) VALUES (240958, 240958, 1);
INSERT INTO `lk9v6_alumni_data` (`alumni_id`, `graduation_year`, `fid`, `job`, `address`, `city`, `country`, `phone`, `gid`, `mobile`, `nationalnumber`, `department`, `division`, `with_honor`) VALUES (240958, 2016, '2', '', '', '', '', '', 'جيد جدا', '', '', '', '', '');
INSERT INTO `lk9v6_users` (`name`, `email`, `usertype`) VALUES ('هيثم يونس محروس سالم ', '', 'الخريجين');
INSERT INTO `lk9v6_alumni_main` (`id`, `user_id`, `approved`) VALUES (240959, 240959, 1);
INSERT INTO `lk9v6_alumni_data` (`alumni_id`, `graduation_year`, `fid`, `job`, `address`, `city`, `country`, `phone`, `gid`, `mobile`, `nationalnumber`, `department`, `division`, `with_honor`) VALUES (240959, 2016, '2', '', '', '', '', '', 'جيد جدا', '', '', '', '', '');
INSERT INTO `lk9v6_users` (`name`, `email`, `usertype`) VALUES ('وفاء صبرى مصطفى شرف ', '', 'الخريجين');
INSERT INTO `lk9v6_alumni_main` (`id`, `user_id`, `approved`) VALUES (240960, 240960, 1);
INSERT INTO `lk9v6_alumni_data` (`alumni_id`, `graduation_year`, `fid`, `job`, `address`, `city`, `country`, `phone`, `gid`, `mobile`, `nationalnumber`, `department`, `division`, `with_honor`) VALUES (240960, 2016, '2', '', '', '', '', '', 'جيد جدا', '', '', '', '', '');
INSERT INTO `lk9v6_users` (`name`, `email`, `usertype`) VALUES ('ولاء خضر محمد عوينات', '', 'الخريجين');
INSERT INTO `lk9v6_alumni_main` (`id`, `user_id`, `approved`) VALUES (240961, 240961, 1);
INSERT INTO `lk9v6_alumni_data` (`alumni_id`, `graduation_year`, `fid`, `job`, `address`, `city`, `country`, `phone`, `gid`, `mobile`, `nationalnumber`, `department`, `division`, `with_honor`) VALUES (240961, 2016, '2', '', '', '', '', '', 'جيد جدا', '', '', '', '', '');
INSERT INTO `lk9v6_users` (`name`, `email`, `usertype`) VALUES ('ولاء علاء الدين حامد محمود الاشلم ', '', 'الخريجين');
INSERT INTO `lk9v6_alumni_main` (`id`, `user_id`, `approved`) VALUES (240962, 240962, 1);
INSERT INTO `lk9v6_alumni_data` (`alumni_id`, `graduation_year`, `fid`, `job`, `address`, `city`, `country`, `phone`, `gid`, `mobile`, `nationalnumber`, `department`, `division`, `with_honor`) VALUES (240962, 2016, '2', '', '', '', '', '', 'جيد جدا', '', '', '', '', '');
INSERT INTO `lk9v6_users` (`name`, `email`, `usertype`) VALUES ('وليد محمد الشاملى محمد يحى', '', 'الخريجين');
INSERT INTO `lk9v6_alumni_main` (`id`, `user_id`, `approved`) VALUES (240963, 240963, 1);
INSERT INTO `lk9v6_alumni_data` (`alumni_id`, `graduation_year`, `fid`, `job`, `address`, `city`, `country`, `phone`, `gid`, `mobile`, `nationalnumber`, `department`, `division`, `with_honor`) VALUES (240963, 2016, '2', '', '', '', '', '', 'جيد جدا', '', '', '', '', '');
INSERT INTO `lk9v6_users` (`name`, `email`, `usertype`) VALUES ('وئام صبرى احمد عبد المجيد عبد الرازق ', '', 'الخريجين');
INSERT INTO `lk9v6_alumni_main` (`id`, `user_id`, `approved`) VALUES (240964, 240964, 1);
INSERT INTO `lk9v6_alumni_data` (`alumni_id`, `graduation_year`, `fid`, `job`, `address`, `city`, `country`, `phone`, `gid`, `mobile`, `nationalnumber`, `department`, `division`, `with_honor`) VALUES (240964, 2016, '2', '', '', '', '', '', 'جيد جدا', '', '', '', '', '');
INSERT INTO `lk9v6_users` (`name`, `email`, `usertype`) VALUES ('يارا عادل عبد الغفار محمد على موسى', '', 'الخريجين');
INSERT INTO `lk9v6_alumni_main` (`id`, `user_id`, `approved`) VALUES (240965, 240965, 1);
INSERT INTO `lk9v6_alumni_data` (`alumni_id`, `graduation_year`, `fid`, `job`, `address`, `city`, `country`, `phone`, `gid`, `mobile`, `nationalnumber`, `department`, `division`, `with_honor`) VALUES (240965, 2016, '2', '', '', '', '', '', 'جيد جدا', '', '', '', '', '');
INSERT INTO `lk9v6_users` (`name`, `email`, `usertype`) VALUES ('ياسمين احمد محمود محمد النبراوى ', '', 'الخريجين');
INSERT INTO `lk9v6_alumni_main` (`id`, `user_id`, `approved`) VALUES (240966, 240966, 1);
INSERT INTO `lk9v6_alumni_data` (`alumni_id`, `graduation_year`, `fid`, `job`, `address`, `city`, `country`, `phone`, `gid`, `mobile`, `nationalnumber`, `department`, `division`, `with_honor`) VALUES (240966, 2016, '2', '', '', '', '', '', 'جيد جدا', '', '', '', '', '');
INSERT INTO `lk9v6_users` (`name`, `email`, `usertype`) VALUES ('ياسمين توفيق السيد على مرسى ', '', 'الخريجين');
INSERT INTO `lk9v6_alumni_main` (`id`, `user_id`, `approved`) VALUES (240967, 240967, 1);
INSERT INTO `lk9v6_alumni_data` (`alumni_id`, `graduation_year`, `fid`, `job`, `address`, `city`, `country`, `phone`, `gid`, `mobile`, `nationalnumber`, `department`, `division`, `with_honor`) VALUES (240967, 2016, '2', '', '', '', '', '', 'جيد جدا', '', '', '', '', '');
INSERT INTO `lk9v6_users` (`name`, `email`, `usertype`) VALUES ('ياسمين سعيد عبد القادر سويلم سليمان ', '', 'الخريجين');
INSERT INTO `lk9v6_alumni_main` (`id`, `user_id`, `approved`) VALUES (240968, 240968, 1);
INSERT INTO `lk9v6_alumni_data` (`alumni_id`, `graduation_year`, `fid`, `job`, `address`, `city`, `country`, `phone`, `gid`, `mobile`, `nationalnumber`, `department`, `division`, `with_honor`) VALUES (240968, 2016, '2', '', '', '', '', '', 'جيد جدا', '', '', '', '', '');
INSERT INTO `lk9v6_users` (`name`, `email`, `usertype`) VALUES ('ياسمين شحاته جابر عبد العاطى', '', 'الخريجين');
INSERT INTO `lk9v6_alumni_main` (`id`, `user_id`, `approved`) VALUES (240969, 240969, 1);
INSERT INTO `lk9v6_alumni_data` (`alumni_id`, `graduation_year`, `fid`, `job`, `address`, `city`, `country`, `phone`, `gid`, `mobile`, `nationalnumber`, `department`, `division`, `with_honor`) VALUES (240969, 2016, '2', '', '', '', '', '', 'جيد جدا', '', '', '', '', '');
INSERT INTO `lk9v6_users` (`name`, `email`, `usertype`) VALUES ('ياسمين محمد احمد محمد زهران', '', 'الخريجين');
INSERT INTO `lk9v6_alumni_main` (`id`, `user_id`, `approved`) VALUES (240970, 240970, 1);
INSERT INTO `lk9v6_alumni_data` (`alumni_id`, `graduation_year`, `fid`, `job`, `address`, `city`, `country`, `phone`, `gid`, `mobile`, `nationalnumber`, `department`, `division`, `with_honor`) VALUES (240970, 2016, '2', '', '', '', '', '', 'جيد جدا', '', '', '', '', '');
INSERT INTO `lk9v6_users` (`name`, `email`, `usertype`) VALUES ('ياسمين محمد رزق صابر نمير', '', 'الخريجين');
INSERT INTO `lk9v6_alumni_main` (`id`, `user_id`, `approved`) VALUES (240971, 240971, 1);
INSERT INTO `lk9v6_alumni_data` (`alumni_id`, `graduation_year`, `fid`, `job`, `address`, `city`, `country`, `phone`, `gid`, `mobile`, `nationalnumber`, `department`, `division`, `with_honor`) VALUES (240971, 2016, '2', '', '', '', '', '', 'جيد جدا', '', '', '', '', '');
INSERT INTO `lk9v6_users` (`name`, `email`, `usertype`) VALUES ('يحيى ياقوت عزت دغيم ', '', 'الخريجين');
INSERT INTO `lk9v6_alumni_main` (`id`, `user_id`, `approved`) VALUES (240972, 240972, 1);
INSERT INTO `lk9v6_alumni_data` (`alumni_id`, `graduation_year`, `fid`, `job`, `address`, `city`, `country`, `phone`, `gid`, `mobile`, `nationalnumber`, `department`, `division`, `with_honor`) VALUES (240972, 2016, '2', '', '', '', '', '', 'جيد جدا', '', '', '', '', '');
INSERT INTO `lk9v6_users` (`name`, `email`, `usertype`) VALUES ('يمنى اسلام سعد على العراقى ', '', 'الخريجين');
INSERT INTO `lk9v6_alumni_main` (`id`, `user_id`, `approved`) VALUES (240973, 240973, 1);
INSERT INTO `lk9v6_alumni_data` (`alumni_id`, `graduation_year`, `fid`, `job`, `address`, `city`, `country`, `phone`, `gid`, `mobile`, `nationalnumber`, `department`, `division`, `with_honor`) VALUES (240973, 2016, '2', '', '', '', '', '', 'جيد جدا', '', '', '', '', '');
INSERT INTO `lk9v6_users` (`name`, `email`, `usertype`) VALUES ('يمنى مبروك عبد العاطى على العشماوى', '', 'الخريجين');
INSERT INTO `lk9v6_alumni_main` (`id`, `user_id`, `approved`) VALUES (240974, 240974, 1);
INSERT INTO `lk9v6_alumni_data` (`alumni_id`, `graduation_year`, `fid`, `job`, `address`, `city`, `country`, `phone`, `gid`, `mobile`, `nationalnumber`, `department`, `division`, `with_honor`) VALUES (240974, 2016, '2', '', '', '', '', '', 'جيد جدا', '', '', '', '', '');
INSERT INTO `lk9v6_users` (`name`, `email`, `usertype`) VALUES ('يمنى محمد بسيونى محمد محفوظ', '', 'الخريجين');
INSERT INTO `lk9v6_alumni_main` (`id`, `user_id`, `approved`) VALUES (240975, 240975, 1);
INSERT INTO `lk9v6_alumni_data` (`alumni_id`, `graduation_year`, `fid`, `job`, `address`, `city`, `country`, `phone`, `gid`, `mobile`, `nationalnumber`, `department`, `division`, `with_honor`) VALUES (240975, 2016, '2', '', '', '', '', '', 'جيد جدا', '', '', '', '', '');
INSERT INTO `lk9v6_users` (`name`, `email`, `usertype`) VALUES ('يمنى محمد محمد على المرشدى', '', 'الخريجين');
INSERT INTO `lk9v6_alumni_main` (`id`, `user_id`, `approved`) VALUES (240976, 240976, 1);
INSERT INTO `lk9v6_alumni_data` (`alumni_id`, `graduation_year`, `fid`, `job`, `address`, `city`, `country`, `phone`, `gid`, `mobile`, `nationalnumber`, `department`, `division`, `with_honor`) VALUES (240976, 2016, '2', '', '', '', '', '', 'جيد جدا', '', '', '', '', '');
INSERT INTO `lk9v6_users` (`name`, `email`, `usertype`) VALUES ('يوستينا جرجس واصف مليكه معوض ', '', 'الخريجين');
INSERT INTO `lk9v6_alumni_main` (`id`, `user_id`, `approved`) VALUES (240977, 240977, 1);
INSERT INTO `lk9v6_alumni_data` (`alumni_id`, `graduation_year`, `fid`, `job`, `address`, `city`, `country`, `phone`, `gid`, `mobile`, `nationalnumber`, `department`, `division`, `with_honor`) VALUES (240977, 2016, '2', '', '', '', '', '', 'جيد جدا', '', '', '', '', '');
INSERT INTO `lk9v6_users` (`name`, `email`, `usertype`) VALUES ('يوستينا طلعت وديع يوسف', '', 'الخريجين');
INSERT INTO `lk9v6_alumni_main` (`id`, `user_id`, `approved`) VALUES (240978, 240978, 1);
INSERT INTO `lk9v6_alumni_data` (`alumni_id`, `graduation_year`, `fid`, `job`, `address`, `city`, `country`, `phone`, `gid`, `mobile`, `nationalnumber`, `department`, `division`, `with_honor`) VALUES (240978, 2016, '2', '', '', '', '', '', 'جيد جدا', '', '', '', '', '');
INSERT INTO `lk9v6_users` (`name`, `email`, `usertype`) VALUES ('احمد العبد محمد عبد الله مطاوع', '', 'الخريجين');
INSERT INTO `lk9v6_alumni_main` (`id`, `user_id`, `approved`) VALUES (240979, 240979, 1);
INSERT INTO `lk9v6_alumni_data` (`alumni_id`, `graduation_year`, `fid`, `job`, `address`, `city`, `country`, `phone`, `gid`, `mobile`, `nationalnumber`, `department`, `division`, `with_honor`) VALUES (240979, 2016, '2', '', '', '', '', '', 'ممتاز', '', '', '', '', '');
INSERT INTO `lk9v6_users` (`name`, `email`, `usertype`) VALUES ('احمد صلاح جابر القمارى', '', 'الخريجين');
INSERT INTO `lk9v6_alumni_main` (`id`, `user_id`, `approved`) VALUES (240980, 240980, 1);
INSERT INTO `lk9v6_alumni_data` (`alumni_id`, `graduation_year`, `fid`, `job`, `address`, `city`, `country`, `phone`, `gid`, `mobile`, `nationalnumber`, `department`, `division`, `with_honor`) VALUES (240980, 2016, '2', '', '', '', '', '', 'ممتاز', '', '', '', '', '');
INSERT INTO `lk9v6_users` (`name`, `email`, `usertype`) VALUES ('احمد محمد امين شعبان البرماوى', '', 'الخريجين');
INSERT INTO `lk9v6_alumni_main` (`id`, `user_id`, `approved`) VALUES (240981, 240981, 1);
INSERT INTO `lk9v6_alumni_data` (`alumni_id`, `graduation_year`, `fid`, `job`, `address`, `city`, `country`, `phone`, `gid`, `mobile`, `nationalnumber`, `department`, `division`, `with_honor`) VALUES (240981, 2016, '2', '', '', '', '', '', 'ممتاز', '', '', '', '', '');
INSERT INTO `lk9v6_users` (`name`, `email`, `usertype`) VALUES ('احمد محمد سعد غازى البغدادى ', '', 'الخريجين');
INSERT INTO `lk9v6_alumni_main` (`id`, `user_id`, `approved`) VALUES (240982, 240982, 1);
INSERT INTO `lk9v6_alumni_data` (`alumni_id`, `graduation_year`, `fid`, `job`, `address`, `city`, `country`, `phone`, `gid`, `mobile`, `nationalnumber`, `department`, `division`, `with_honor`) VALUES (240982, 2016, '2', '', '', '', '', '', 'ممتاز', '', '', '', '', '');
INSERT INTO `lk9v6_users` (`name`, `email`, `usertype`) VALUES ('احمد يحيى احمد سيد احمد', '', 'الخريجين');
INSERT INTO `lk9v6_alumni_main` (`id`, `user_id`, `approved`) VALUES (240983, 240983, 1);
INSERT INTO `lk9v6_alumni_data` (`alumni_id`, `graduation_year`, `fid`, `job`, `address`, `city`, `country`, `phone`, `gid`, `mobile`, `nationalnumber`, `department`, `division`, `with_honor`) VALUES (240983, 2016, '2', '', '', '', '', '', 'ممتاز', '', '', '', '', '');
INSERT INTO `lk9v6_users` (`name`, `email`, `usertype`) VALUES ('اسر احمد فوزى احمد بدير', '', 'الخريجين');
INSERT INTO `lk9v6_alumni_main` (`id`, `user_id`, `approved`) VALUES (240984, 240984, 1);
INSERT INTO `lk9v6_alumni_data` (`alumni_id`, `graduation_year`, `fid`, `job`, `address`, `city`, `country`, `phone`, `gid`, `mobile`, `nationalnumber`, `department`, `division`, `with_honor`) VALUES (240984, 2016, '2', '', '', '', '', '', 'ممتاز', '', '', '', '', '');
INSERT INTO `lk9v6_users` (`name`, `email`, `usertype`) VALUES ('اسراء سالم مرعى عبد العليم', '', 'الخريجين');
INSERT INTO `lk9v6_alumni_main` (`id`, `user_id`, `approved`) VALUES (240985, 240985, 1);
INSERT INTO `lk9v6_alumni_data` (`alumni_id`, `graduation_year`, `fid`, `job`, `address`, `city`, `country`, `phone`, `gid`, `mobile`, `nationalnumber`, `department`, `division`, `with_honor`) VALUES (240985, 2016, '2', '', '', '', '', '', 'ممتاز', '', '', '', '', '');
INSERT INTO `lk9v6_users` (`name`, `email`, `usertype`) VALUES ('اسراء سعيد محمود مبارك عيد', '', 'الخريجين');
INSERT INTO `lk9v6_alumni_main` (`id`, `user_id`, `approved`) VALUES (240986, 240986, 1);
INSERT INTO `lk9v6_alumni_data` (`alumni_id`, `graduation_year`, `fid`, `job`, `address`, `city`, `country`, `phone`, `gid`, `mobile`, `nationalnumber`, `department`, `division`, `with_honor`) VALUES (240986, 2016, '2', '', '', '', '', '', 'ممتاز', '', '', '', '', '');
INSERT INTO `lk9v6_users` (`name`, `email`, `usertype`) VALUES ('اسراء صبرى محروس شمسيه', '', 'الخريجين');
INSERT INTO `lk9v6_alumni_main` (`id`, `user_id`, `approved`) VALUES (240987, 240987, 1);
INSERT INTO `lk9v6_alumni_data` (`alumni_id`, `graduation_year`, `fid`, `job`, `address`, `city`, `country`, `phone`, `gid`, `mobile`, `nationalnumber`, `department`, `division`, `with_honor`) VALUES (240987, 2016, '2', '', '', '', '', '', 'ممتاز', '', '', '', '', '');
INSERT INTO `lk9v6_users` (`name`, `email`, `usertype`) VALUES ('اسراء عادل عبد العزيز حسن عمر', '', 'الخريجين');
INSERT INTO `lk9v6_alumni_main` (`id`, `user_id`, `approved`) VALUES (240988, 240988, 1);
INSERT INTO `lk9v6_alumni_data` (`alumni_id`, `graduation_year`, `fid`, `job`, `address`, `city`, `country`, `phone`, `gid`, `mobile`, `nationalnumber`, `department`, `division`, `with_honor`) VALUES (240988, 2016, '2', '', '', '', '', '', 'ممتاز', '', '', '', '', '');
INSERT INTO `lk9v6_users` (`name`, `email`, `usertype`) VALUES ('اسراء عبد الحليم سليمان عبد الحليم بكرى', '', 'الخريجين');
INSERT INTO `lk9v6_alumni_main` (`id`, `user_id`, `approved`) VALUES (240989, 240989, 1);
INSERT INTO `lk9v6_alumni_data` (`alumni_id`, `graduation_year`, `fid`, `job`, `address`, `city`, `country`, `phone`, `gid`, `mobile`, `nationalnumber`, `department`, `division`, `with_honor`) VALUES (240989, 2016, '2', '', '', '', '', '', 'ممتاز', '', '', '', '', '');
INSERT INTO `lk9v6_users` (`name`, `email`, `usertype`) VALUES ('اسراء عبد المنعم عبد اللطيف على', '', 'الخريجين');
INSERT INTO `lk9v6_alumni_main` (`id`, `user_id`, `approved`) VALUES (240990, 240990, 1);
INSERT INTO `lk9v6_alumni_data` (`alumni_id`, `graduation_year`, `fid`, `job`, `address`, `city`, `country`, `phone`, `gid`, `mobile`, `nationalnumber`, `department`, `division`, `with_honor`) VALUES (240990, 2016, '2', '', '', '', '', '', 'ممتاز', '', '', '', '', '');
INSERT INTO `lk9v6_users` (`name`, `email`, `usertype`) VALUES ('اسلام محمد احمد على احمد', '', 'الخريجين');
INSERT INTO `lk9v6_alumni_main` (`id`, `user_id`, `approved`) VALUES (240991, 240991, 1);
INSERT INTO `lk9v6_alumni_data` (`alumni_id`, `graduation_year`, `fid`, `job`, `address`, `city`, `country`, `phone`, `gid`, `mobile`, `nationalnumber`, `department`, `division`, `with_honor`) VALUES (240991, 2016, '2', '', '', '', '', '', 'ممتاز', '', '', '', '', '');
INSERT INTO `lk9v6_users` (`name`, `email`, `usertype`) VALUES ('اسماء رفيع محمد شعبان', '', 'الخريجين');
INSERT INTO `lk9v6_alumni_main` (`id`, `user_id`, `approved`) VALUES (240992, 240992, 1);
INSERT INTO `lk9v6_alumni_data` (`alumni_id`, `graduation_year`, `fid`, `job`, `address`, `city`, `country`, `phone`, `gid`, `mobile`, `nationalnumber`, `department`, `division`, `with_honor`) VALUES (240992, 2016, '2', '', '', '', '', '', 'ممتاز', '', '', '', '', '');
INSERT INTO `lk9v6_users` (`name`, `email`, `usertype`) VALUES ('اسماء عبد الباسط عبد السميع عبد الحليم', '', 'الخريجين');
INSERT INTO `lk9v6_alumni_main` (`id`, `user_id`, `approved`) VALUES (240993, 240993, 1);
INSERT INTO `lk9v6_alumni_data` (`alumni_id`, `graduation_year`, `fid`, `job`, `address`, `city`, `country`, `phone`, `gid`, `mobile`, `nationalnumber`, `department`, `division`, `with_honor`) VALUES (240993, 2016, '2', '', '', '', '', '', 'ممتاز', '', '', '', '', '');
INSERT INTO `lk9v6_users` (`name`, `email`, `usertype`) VALUES ('اسماء عبد العزيز وصال مرسى حمد', '', 'الخريجين');
INSERT INTO `lk9v6_alumni_main` (`id`, `user_id`, `approved`) VALUES (240994, 240994, 1);
INSERT INTO `lk9v6_alumni_data` (`alumni_id`, `graduation_year`, `fid`, `job`, `address`, `city`, `country`, `phone`, `gid`, `mobile`, `nationalnumber`, `department`, `division`, `with_honor`) VALUES (240994, 2016, '2', '', '', '', '', '', 'ممتاز', '', '', '', '', '');
INSERT INTO `lk9v6_users` (`name`, `email`, `usertype`) VALUES ('الاء سامى خليل ابراهيم محمد', '', 'الخريجين');
INSERT INTO `lk9v6_alumni_main` (`id`, `user_id`, `approved`) VALUES (240995, 240995, 1);
INSERT INTO `lk9v6_alumni_data` (`alumni_id`, `graduation_year`, `fid`, `job`, `address`, `city`, `country`, `phone`, `gid`, `mobile`, `nationalnumber`, `department`, `division`, `with_honor`) VALUES (240995, 2016, '2', '', '', '', '', '', 'ممتاز', '', '', '', '', '');
INSERT INTO `lk9v6_users` (`name`, `email`, `usertype`) VALUES ('امل محمد عيد عبد المنعم فايد', '', 'الخريجين');
INSERT INTO `lk9v6_alumni_main` (`id`, `user_id`, `approved`) VALUES (240996, 240996, 1);
INSERT INTO `lk9v6_alumni_data` (`alumni_id`, `graduation_year`, `fid`, `job`, `address`, `city`, `country`, `phone`, `gid`, `mobile`, `nationalnumber`, `department`, `division`, `with_honor`) VALUES (240996, 2016, '2', '', '', '', '', '', 'ممتاز', '', '', '', '', '');
INSERT INTO `lk9v6_users` (`name`, `email`, `usertype`) VALUES ('امنيه ابراهيم عباس زيتون', '', 'الخريجين');
INSERT INTO `lk9v6_alumni_main` (`id`, `user_id`, `approved`) VALUES (240997, 240997, 1);
INSERT INTO `lk9v6_alumni_data` (`alumni_id`, `graduation_year`, `fid`, `job`, `address`, `city`, `country`, `phone`, `gid`, `mobile`, `nationalnumber`, `department`, `division`, `with_honor`) VALUES (240997, 2016, '2', '', '', '', '', '', 'ممتاز', '', '', '', '', '');
INSERT INTO `lk9v6_users` (`name`, `email`, `usertype`) VALUES ('اميره محمد يوسف الشاذلى', '', 'الخريجين');
INSERT INTO `lk9v6_alumni_main` (`id`, `user_id`, `approved`) VALUES (240998, 240998, 1);
INSERT INTO `lk9v6_alumni_data` (`alumni_id`, `graduation_year`, `fid`, `job`, `address`, `city`, `country`, `phone`, `gid`, `mobile`, `nationalnumber`, `department`, `division`, `with_honor`) VALUES (240998, 2016, '2', '', '', '', '', '', 'ممتاز', '', '', '', '', '');
INSERT INTO `lk9v6_users` (`name`, `email`, `usertype`) VALUES ('اميمه خميس حلمى محمد عبد الباقى ', '', 'الخريجين');
INSERT INTO `lk9v6_alumni_main` (`id`, `user_id`, `approved`) VALUES (240999, 240999, 1);
INSERT INTO `lk9v6_alumni_data` (`alumni_id`, `graduation_year`, `fid`, `job`, `address`, `city`, `country`, `phone`, `gid`, `mobile`, `nationalnumber`, `department`, `division`, `with_honor`) VALUES (240999, 2016, '2', '', '', '', '', '', 'ممتاز', '', '', '', '', '');
INSERT INTO `lk9v6_users` (`name`, `email`, `usertype`) VALUES ('ايمان احمد على حسن عبد الواحد', '', 'الخريجين');
INSERT INTO `lk9v6_alumni_main` (`id`, `user_id`, `approved`) VALUES (241000, 241000, 1);
INSERT INTO `lk9v6_alumni_data` (`alumni_id`, `graduation_year`, `fid`, `job`, `address`, `city`, `country`, `phone`, `gid`, `mobile`, `nationalnumber`, `department`, `division`, `with_honor`) VALUES (241000, 2016, '2', '', '', '', '', '', 'ممتاز', '', '', '', '', '');
INSERT INTO `lk9v6_users` (`name`, `email`, `usertype`) VALUES ('ايمان دومه عبد السلام محمد عطية ', '', 'الخريجين');
INSERT INTO `lk9v6_alumni_main` (`id`, `user_id`, `approved`) VALUES (241001, 241001, 1);
INSERT INTO `lk9v6_alumni_data` (`alumni_id`, `graduation_year`, `fid`, `job`, `address`, `city`, `country`, `phone`, `gid`, `mobile`, `nationalnumber`, `department`, `division`, `with_honor`) VALUES (241001, 2016, '2', '', '', '', '', '', 'ممتاز', '', '', '', '', '');
INSERT INTO `lk9v6_users` (`name`, `email`, `usertype`) VALUES ('ايمان شعبان محمد الشحات', '', 'الخريجين');
INSERT INTO `lk9v6_alumni_main` (`id`, `user_id`, `approved`) VALUES (241002, 241002, 1);
INSERT INTO `lk9v6_alumni_data` (`alumni_id`, `graduation_year`, `fid`, `job`, `address`, `city`, `country`, `phone`, `gid`, `mobile`, `nationalnumber`, `department`, `division`, `with_honor`) VALUES (241002, 2016, '2', '', '', '', '', '', 'ممتاز', '', '', '', '', '');
INSERT INTO `lk9v6_users` (`name`, `email`, `usertype`) VALUES ('ايمان عبد الحليم محمد جمال الدين', '', 'الخريجين');
INSERT INTO `lk9v6_alumni_main` (`id`, `user_id`, `approved`) VALUES (241003, 241003, 1);
INSERT INTO `lk9v6_alumni_data` (`alumni_id`, `graduation_year`, `fid`, `job`, `address`, `city`, `country`, `phone`, `gid`, `mobile`, `nationalnumber`, `department`, `division`, `with_honor`) VALUES (241003, 2016, '2', '', '', '', '', '', 'ممتاز', '', '', '', '', '');
INSERT INTO `lk9v6_users` (`name`, `email`, `usertype`) VALUES ('ايمان عبد المقصود يوسف عبد المقصود غباشى', '', 'الخريجين');
INSERT INTO `lk9v6_alumni_main` (`id`, `user_id`, `approved`) VALUES (241004, 241004, 1);
INSERT INTO `lk9v6_alumni_data` (`alumni_id`, `graduation_year`, `fid`, `job`, `address`, `city`, `country`, `phone`, `gid`, `mobile`, `nationalnumber`, `department`, `division`, `with_honor`) VALUES (241004, 2016, '2', '', '', '', '', '', 'ممتاز', '', '', '', '', '');
INSERT INTO `lk9v6_users` (`name`, `email`, `usertype`) VALUES ('ايمان محمد احمد الفيل', '', 'الخريجين');
INSERT INTO `lk9v6_alumni_main` (`id`, `user_id`, `approved`) VALUES (241005, 241005, 1);
INSERT INTO `lk9v6_alumni_data` (`alumni_id`, `graduation_year`, `fid`, `job`, `address`, `city`, `country`, `phone`, `gid`, `mobile`, `nationalnumber`, `department`, `division`, `with_honor`) VALUES (241005, 2016, '2', '', '', '', '', '', 'ممتاز', '', '', '', '', '');
INSERT INTO `lk9v6_users` (`name`, `email`, `usertype`) VALUES ('ايه احمد عوض هيكل', '', 'الخريجين');
INSERT INTO `lk9v6_alumni_main` (`id`, `user_id`, `approved`) VALUES (241006, 241006, 1);
INSERT INTO `lk9v6_alumni_data` (`alumni_id`, `graduation_year`, `fid`, `job`, `address`, `city`, `country`, `phone`, `gid`, `mobile`, `nationalnumber`, `department`, `division`, `with_honor`) VALUES (241006, 2016, '2', '', '', '', '', '', 'ممتاز', '', '', '', '', '');
INSERT INTO `lk9v6_users` (`name`, `email`, `usertype`) VALUES ('ايه بدر حسن على هواش ', '', 'الخريجين');
INSERT INTO `lk9v6_alumni_main` (`id`, `user_id`, `approved`) VALUES (241007, 241007, 1);
INSERT INTO `lk9v6_alumni_data` (`alumni_id`, `graduation_year`, `fid`, `job`, `address`, `city`, `country`, `phone`, `gid`, `mobile`, `nationalnumber`, `department`, `division`, `with_honor`) VALUES (241007, 2016, '2', '', '', '', '', '', 'ممتاز', '', '', '', '', '');
INSERT INTO `lk9v6_users` (`name`, `email`, `usertype`) VALUES ('ايه حسين ابراهيم محمود على', '', 'الخريجين');
INSERT INTO `lk9v6_alumni_main` (`id`, `user_id`, `approved`) VALUES (241008, 241008, 1);
INSERT INTO `lk9v6_alumni_data` (`alumni_id`, `graduation_year`, `fid`, `job`, `address`, `city`, `country`, `phone`, `gid`, `mobile`, `nationalnumber`, `department`, `division`, `with_honor`) VALUES (241008, 2016, '2', '', '', '', '', '', 'ممتاز', '', '', '', '', '');
INSERT INTO `lk9v6_users` (`name`, `email`, `usertype`) VALUES ('ايه محمد محمد خلاف', '', 'الخريجين');
INSERT INTO `lk9v6_alumni_main` (`id`, `user_id`, `approved`) VALUES (241009, 241009, 1);
INSERT INTO `lk9v6_alumni_data` (`alumni_id`, `graduation_year`, `fid`, `job`, `address`, `city`, `country`, `phone`, `gid`, `mobile`, `nationalnumber`, `department`, `division`, `with_honor`) VALUES (241009, 2016, '2', '', '', '', '', '', 'ممتاز', '', '', '', '', '');
INSERT INTO `lk9v6_users` (`name`, `email`, `usertype`) VALUES ('ايه مصطفى احمد جوده', '', 'الخريجين');
INSERT INTO `lk9v6_alumni_main` (`id`, `user_id`, `approved`) VALUES (241010, 241010, 1);
INSERT INTO `lk9v6_alumni_data` (`alumni_id`, `graduation_year`, `fid`, `job`, `address`, `city`, `country`, `phone`, `gid`, `mobile`, `nationalnumber`, `department`, `division`, `with_honor`) VALUES (241010, 2016, '2', '', '', '', '', '', 'ممتاز', '', '', '', '', '');
INSERT INTO `lk9v6_users` (`name`, `email`, `usertype`) VALUES ('ايه مهدى صابر الدسوقى البسطويسى ', '', 'الخريجين');
INSERT INTO `lk9v6_alumni_main` (`id`, `user_id`, `approved`) VALUES (241011, 241011, 1);
INSERT INTO `lk9v6_alumni_data` (`alumni_id`, `graduation_year`, `fid`, `job`, `address`, `city`, `country`, `phone`, `gid`, `mobile`, `nationalnumber`, `department`, `division`, `with_honor`) VALUES (241011, 2016, '2', '', '', '', '', '', 'ممتاز', '', '', '', '', '');
INSERT INTO `lk9v6_users` (`name`, `email`, `usertype`) VALUES ('بتول عبد العزيز فتوح عبد العزيز ', '', 'الخريجين');
INSERT INTO `lk9v6_alumni_main` (`id`, `user_id`, `approved`) VALUES (241012, 241012, 1);
INSERT INTO `lk9v6_alumni_data` (`alumni_id`, `graduation_year`, `fid`, `job`, `address`, `city`, `country`, `phone`, `gid`, `mobile`, `nationalnumber`, `department`, `division`, `with_honor`) VALUES (241012, 2016, '2', '', '', '', '', '', 'ممتاز', '', '', '', '', '');
INSERT INTO `lk9v6_users` (`name`, `email`, `usertype`) VALUES ('بسمه طارق عبده مصطفى ابو العز', '', 'الخريجين');
INSERT INTO `lk9v6_alumni_main` (`id`, `user_id`, `approved`) VALUES (241013, 241013, 1);
INSERT INTO `lk9v6_alumni_data` (`alumni_id`, `graduation_year`, `fid`, `job`, `address`, `city`, `country`, `phone`, `gid`, `mobile`, `nationalnumber`, `department`, `division`, `with_honor`) VALUES (241013, 2016, '2', '', '', '', '', '', 'ممتاز', '', '', '', '', '');
INSERT INTO `lk9v6_users` (`name`, `email`, `usertype`) VALUES ('بسمه عبد الجواد احمد عبد الجواد ', '', 'الخريجين');
INSERT INTO `lk9v6_alumni_main` (`id`, `user_id`, `approved`) VALUES (241014, 241014, 1);
INSERT INTO `lk9v6_alumni_data` (`alumni_id`, `graduation_year`, `fid`, `job`, `address`, `city`, `country`, `phone`, `gid`, `mobile`, `nationalnumber`, `department`, `division`, `with_honor`) VALUES (241014, 2016, '2', '', '', '', '', '', 'ممتاز', '', '', '', '', '');
INSERT INTO `lk9v6_users` (`name`, `email`, `usertype`) VALUES ('بسمه محمد السباعى السيد حراز', '', 'الخريجين');
INSERT INTO `lk9v6_alumni_main` (`id`, `user_id`, `approved`) VALUES (241015, 241015, 1);
INSERT INTO `lk9v6_alumni_data` (`alumni_id`, `graduation_year`, `fid`, `job`, `address`, `city`, `country`, `phone`, `gid`, `mobile`, `nationalnumber`, `department`, `division`, `with_honor`) VALUES (241015, 2016, '2', '', '', '', '', '', 'ممتاز', '', '', '', '', '');
INSERT INTO `lk9v6_users` (`name`, `email`, `usertype`) VALUES ('بسمه محمد السيد عبد الهادى السكرى', '', 'الخريجين');
INSERT INTO `lk9v6_alumni_main` (`id`, `user_id`, `approved`) VALUES (241016, 241016, 1);
INSERT INTO `lk9v6_alumni_data` (`alumni_id`, `graduation_year`, `fid`, `job`, `address`, `city`, `country`, `phone`, `gid`, `mobile`, `nationalnumber`, `department`, `division`, `with_honor`) VALUES (241016, 2016, '2', '', '', '', '', '', 'ممتاز', '', '', '', '', '');
INSERT INTO `lk9v6_users` (`name`, `email`, `usertype`) VALUES ('بسمه محمد معوض حسين معوض', '', 'الخريجين');
INSERT INTO `lk9v6_alumni_main` (`id`, `user_id`, `approved`) VALUES (241017, 241017, 1);
INSERT INTO `lk9v6_alumni_data` (`alumni_id`, `graduation_year`, `fid`, `job`, `address`, `city`, `country`, `phone`, `gid`, `mobile`, `nationalnumber`, `department`, `division`, `with_honor`) VALUES (241017, 2016, '2', '', '', '', '', '', 'ممتاز', '', '', '', '', '');
INSERT INTO `lk9v6_users` (`name`, `email`, `usertype`) VALUES ('بسمه ناصر زكريا زكى الطنيخى', '', 'الخريجين');
INSERT INTO `lk9v6_alumni_main` (`id`, `user_id`, `approved`) VALUES (241018, 241018, 1);
INSERT INTO `lk9v6_alumni_data` (`alumni_id`, `graduation_year`, `fid`, `job`, `address`, `city`, `country`, `phone`, `gid`, `mobile`, `nationalnumber`, `department`, `division`, `with_honor`) VALUES (241018, 2016, '2', '', '', '', '', '', 'ممتاز', '', '', '', '', '');
INSERT INTO `lk9v6_users` (`name`, `email`, `usertype`) VALUES ('تقى السيد محمد على حسن', '', 'الخريجين');
INSERT INTO `lk9v6_alumni_main` (`id`, `user_id`, `approved`) VALUES (241019, 241019, 1);
INSERT INTO `lk9v6_alumni_data` (`alumni_id`, `graduation_year`, `fid`, `job`, `address`, `city`, `country`, `phone`, `gid`, `mobile`, `nationalnumber`, `department`, `division`, `with_honor`) VALUES (241019, 2016, '2', '', '', '', '', '', 'ممتاز', '', '', '', '', '');
INSERT INTO `lk9v6_users` (`name`, `email`, `usertype`) VALUES ('جهاد عبد المتعال على يوسف نجم', '', 'الخريجين');
INSERT INTO `lk9v6_alumni_main` (`id`, `user_id`, `approved`) VALUES (241020, 241020, 1);
INSERT INTO `lk9v6_alumni_data` (`alumni_id`, `graduation_year`, `fid`, `job`, `address`, `city`, `country`, `phone`, `gid`, `mobile`, `nationalnumber`, `department`, `division`, `with_honor`) VALUES (241020, 2016, '2', '', '', '', '', '', 'ممتاز', '', '', '', '', '');
INSERT INTO `lk9v6_users` (`name`, `email`, `usertype`) VALUES ('جهاد محمد عمر احمد ابو خشبه', '', 'الخريجين');
INSERT INTO `lk9v6_alumni_main` (`id`, `user_id`, `approved`) VALUES (241021, 241021, 1);
INSERT INTO `lk9v6_alumni_data` (`alumni_id`, `graduation_year`, `fid`, `job`, `address`, `city`, `country`, `phone`, `gid`, `mobile`, `nationalnumber`, `department`, `division`, `with_honor`) VALUES (241021, 2016, '2', '', '', '', '', '', 'ممتاز', '', '', '', '', '');
INSERT INTO `lk9v6_users` (`name`, `email`, `usertype`) VALUES ('خيرات محمد عبد المنعم محمد عبد الحميد', '', 'الخريجين');
INSERT INTO `lk9v6_alumni_main` (`id`, `user_id`, `approved`) VALUES (241022, 241022, 1);
INSERT INTO `lk9v6_alumni_data` (`alumni_id`, `graduation_year`, `fid`, `job`, `address`, `city`, `country`, `phone`, `gid`, `mobile`, `nationalnumber`, `department`, `division`, `with_honor`) VALUES (241022, 2016, '2', '', '', '', '', '', 'ممتاز', '', '', '', '', '');
INSERT INTO `lk9v6_users` (`name`, `email`, `usertype`) VALUES ('دعاء لطفى محمد حزيمه', '', 'الخريجين');
INSERT INTO `lk9v6_alumni_main` (`id`, `user_id`, `approved`) VALUES (241023, 241023, 1);
INSERT INTO `lk9v6_alumni_data` (`alumni_id`, `graduation_year`, `fid`, `job`, `address`, `city`, `country`, `phone`, `gid`, `mobile`, `nationalnumber`, `department`, `division`, `with_honor`) VALUES (241023, 2016, '2', '', '', '', '', '', 'ممتاز', '', '', '', '', '');
INSERT INTO `lk9v6_users` (`name`, `email`, `usertype`) VALUES ('دينا احمد ابراهيم حنفى على', '', 'الخريجين');
INSERT INTO `lk9v6_alumni_main` (`id`, `user_id`, `approved`) VALUES (241024, 241024, 1);
INSERT INTO `lk9v6_alumni_data` (`alumni_id`, `graduation_year`, `fid`, `job`, `address`, `city`, `country`, `phone`, `gid`, `mobile`, `nationalnumber`, `department`, `division`, `with_honor`) VALUES (241024, 2016, '2', '', '', '', '', '', 'ممتاز', '', '', '', '', '');
INSERT INTO `lk9v6_users` (`name`, `email`, `usertype`) VALUES ('دينا حامد السيد مرعى', '', 'الخريجين');
INSERT INTO `lk9v6_alumni_main` (`id`, `user_id`, `approved`) VALUES (241025, 241025, 1);
INSERT INTO `lk9v6_alumni_data` (`alumni_id`, `graduation_year`, `fid`, `job`, `address`, `city`, `country`, `phone`, `gid`, `mobile`, `nationalnumber`, `department`, `division`, `with_honor`) VALUES (241025, 2016, '2', '', '', '', '', '', 'ممتاز', '', '', '', '', '');
INSERT INTO `lk9v6_users` (`name`, `email`, `usertype`) VALUES ('دينا سعد عبد الله غلاب', '', 'الخريجين');
INSERT INTO `lk9v6_alumni_main` (`id`, `user_id`, `approved`) VALUES (241026, 241026, 1);
INSERT INTO `lk9v6_alumni_data` (`alumni_id`, `graduation_year`, `fid`, `job`, `address`, `city`, `country`, `phone`, `gid`, `mobile`, `nationalnumber`, `department`, `division`, `with_honor`) VALUES (241026, 2016, '2', '', '', '', '', '', 'ممتاز', '', '', '', '', '');
INSERT INTO `lk9v6_users` (`name`, `email`, `usertype`) VALUES ('دينا على المعتصم بالله عبد الله عبد الفتاح', '', 'الخريجين');
INSERT INTO `lk9v6_alumni_main` (`id`, `user_id`, `approved`) VALUES (241027, 241027, 1);
INSERT INTO `lk9v6_alumni_data` (`alumni_id`, `graduation_year`, `fid`, `job`, `address`, `city`, `country`, `phone`, `gid`, `mobile`, `nationalnumber`, `department`, `division`, `with_honor`) VALUES (241027, 2016, '2', '', '', '', '', '', 'ممتاز', '', '', '', '', '');
INSERT INTO `lk9v6_users` (`name`, `email`, `usertype`) VALUES ('دينا مصطفى حسين عبد اللطيف', '', 'الخريجين');
INSERT INTO `lk9v6_alumni_main` (`id`, `user_id`, `approved`) VALUES (241028, 241028, 1);
INSERT INTO `lk9v6_alumni_data` (`alumni_id`, `graduation_year`, `fid`, `job`, `address`, `city`, `country`, `phone`, `gid`, `mobile`, `nationalnumber`, `department`, `division`, `with_honor`) VALUES (241028, 2016, '2', '', '', '', '', '', 'ممتاز', '', '', '', '', '');
INSERT INTO `lk9v6_users` (`name`, `email`, `usertype`) VALUES ('رشا على مصطفى على احمد', '', 'الخريجين');
INSERT INTO `lk9v6_alumni_main` (`id`, `user_id`, `approved`) VALUES (241029, 241029, 1);
INSERT INTO `lk9v6_alumni_data` (`alumni_id`, `graduation_year`, `fid`, `job`, `address`, `city`, `country`, `phone`, `gid`, `mobile`, `nationalnumber`, `department`, `division`, `with_honor`) VALUES (241029, 2016, '2', '', '', '', '', '', 'ممتاز', '', '', '', '', '');
INSERT INTO `lk9v6_users` (`name`, `email`, `usertype`) VALUES ('رضوى علاء احمد عبد النعيم', '', 'الخريجين');
INSERT INTO `lk9v6_alumni_main` (`id`, `user_id`, `approved`) VALUES (241030, 241030, 1);
INSERT INTO `lk9v6_alumni_data` (`alumni_id`, `graduation_year`, `fid`, `job`, `address`, `city`, `country`, `phone`, `gid`, `mobile`, `nationalnumber`, `department`, `division`, `with_honor`) VALUES (241030, 2016, '2', '', '', '', '', '', 'ممتاز', '', '', '', '', '');
INSERT INTO `lk9v6_users` (`name`, `email`, `usertype`) VALUES ('رنا عادل محمد على خلف', '', 'الخريجين');
INSERT INTO `lk9v6_alumni_main` (`id`, `user_id`, `approved`) VALUES (241031, 241031, 1);
INSERT INTO `lk9v6_alumni_data` (`alumni_id`, `graduation_year`, `fid`, `job`, `address`, `city`, `country`, `phone`, `gid`, `mobile`, `nationalnumber`, `department`, `division`, `with_honor`) VALUES (241031, 2016, '2', '', '', '', '', '', 'ممتاز', '', '', '', '', '');
INSERT INTO `lk9v6_users` (`name`, `email`, `usertype`) VALUES ('رنا محمد يوسف يوسف عريف', '', 'الخريجين');
INSERT INTO `lk9v6_alumni_main` (`id`, `user_id`, `approved`) VALUES (241032, 241032, 1);
INSERT INTO `lk9v6_alumni_data` (`alumni_id`, `graduation_year`, `fid`, `job`, `address`, `city`, `country`, `phone`, `gid`, `mobile`, `nationalnumber`, `department`, `division`, `with_honor`) VALUES (241032, 2016, '2', '', '', '', '', '', 'ممتاز', '', '', '', '', '');
INSERT INTO `lk9v6_users` (`name`, `email`, `usertype`) VALUES ('روان محمد ياسر محمد حافظ', '', 'الخريجين');
INSERT INTO `lk9v6_alumni_main` (`id`, `user_id`, `approved`) VALUES (241033, 241033, 1);
INSERT INTO `lk9v6_alumni_data` (`alumni_id`, `graduation_year`, `fid`, `job`, `address`, `city`, `country`, `phone`, `gid`, `mobile`, `nationalnumber`, `department`, `division`, `with_honor`) VALUES (241033, 2016, '2', '', '', '', '', '', 'ممتاز', '', '', '', '', '');
INSERT INTO `lk9v6_users` (`name`, `email`, `usertype`) VALUES ('روتانا وجدى حسن جاد حسن ', '', 'الخريجين');
INSERT INTO `lk9v6_alumni_main` (`id`, `user_id`, `approved`) VALUES (241034, 241034, 1);
INSERT INTO `lk9v6_alumni_data` (`alumni_id`, `graduation_year`, `fid`, `job`, `address`, `city`, `country`, `phone`, `gid`, `mobile`, `nationalnumber`, `department`, `division`, `with_honor`) VALUES (241034, 2016, '2', '', '', '', '', '', 'ممتاز', '', '', '', '', '');
INSERT INTO `lk9v6_users` (`name`, `email`, `usertype`) VALUES ('رولا السيد مصطفى السيد ', '', 'الخريجين');
INSERT INTO `lk9v6_alumni_main` (`id`, `user_id`, `approved`) VALUES (241035, 241035, 1);
INSERT INTO `lk9v6_alumni_data` (`alumni_id`, `graduation_year`, `fid`, `job`, `address`, `city`, `country`, `phone`, `gid`, `mobile`, `nationalnumber`, `department`, `division`, `with_honor`) VALUES (241035, 2016, '2', '', '', '', '', '', 'ممتاز', '', '', '', '', '');
INSERT INTO `lk9v6_users` (`name`, `email`, `usertype`) VALUES ('ريم عبد التواب السعيد سعد', '', 'الخريجين');
INSERT INTO `lk9v6_alumni_main` (`id`, `user_id`, `approved`) VALUES (241036, 241036, 1);
INSERT INTO `lk9v6_alumni_data` (`alumni_id`, `graduation_year`, `fid`, `job`, `address`, `city`, `country`, `phone`, `gid`, `mobile`, `nationalnumber`, `department`, `division`, `with_honor`) VALUES (241036, 2016, '2', '', '', '', '', '', 'ممتاز', '', '', '', '', '');
INSERT INTO `lk9v6_users` (`name`, `email`, `usertype`) VALUES ('ريهام احمد عبد الرازق سعد حسنين ', '', 'الخريجين');
INSERT INTO `lk9v6_alumni_main` (`id`, `user_id`, `approved`) VALUES (241037, 241037, 1);
INSERT INTO `lk9v6_alumni_data` (`alumni_id`, `graduation_year`, `fid`, `job`, `address`, `city`, `country`, `phone`, `gid`, `mobile`, `nationalnumber`, `department`, `division`, `with_honor`) VALUES (241037, 2016, '2', '', '', '', '', '', 'ممتاز', '', '', '', '', '');
INSERT INTO `lk9v6_users` (`name`, `email`, `usertype`) VALUES ('ريهام حسن حسن محمد غازى', '', 'الخريجين');
INSERT INTO `lk9v6_alumni_main` (`id`, `user_id`, `approved`) VALUES (241038, 241038, 1);
INSERT INTO `lk9v6_alumni_data` (`alumni_id`, `graduation_year`, `fid`, `job`, `address`, `city`, `country`, `phone`, `gid`, `mobile`, `nationalnumber`, `department`, `division`, `with_honor`) VALUES (241038, 2016, '2', '', '', '', '', '', 'ممتاز', '', '', '', '', '');
INSERT INTO `lk9v6_users` (`name`, `email`, `usertype`) VALUES ('زينب مجدى محمد نجيب عبد الصادق', '', 'الخريجين');
INSERT INTO `lk9v6_alumni_main` (`id`, `user_id`, `approved`) VALUES (241039, 241039, 1);
INSERT INTO `lk9v6_alumni_data` (`alumni_id`, `graduation_year`, `fid`, `job`, `address`, `city`, `country`, `phone`, `gid`, `mobile`, `nationalnumber`, `department`, `division`, `with_honor`) VALUES (241039, 2016, '2', '', '', '', '', '', 'ممتاز', '', '', '', '', '');
INSERT INTO `lk9v6_users` (`name`, `email`, `usertype`) VALUES ('ساره احمد فرحان محمد صفار', '', 'الخريجين');
INSERT INTO `lk9v6_alumni_main` (`id`, `user_id`, `approved`) VALUES (241040, 241040, 1);
INSERT INTO `lk9v6_alumni_data` (`alumni_id`, `graduation_year`, `fid`, `job`, `address`, `city`, `country`, `phone`, `gid`, `mobile`, `nationalnumber`, `department`, `division`, `with_honor`) VALUES (241040, 2016, '2', '', '', '', '', '', 'ممتاز', '', '', '', '', '');
INSERT INTO `lk9v6_users` (`name`, `email`, `usertype`) VALUES ('ساره بهاء الدين زكريا ابراهيم', '', 'الخريجين');
INSERT INTO `lk9v6_alumni_main` (`id`, `user_id`, `approved`) VALUES (241041, 241041, 1);
INSERT INTO `lk9v6_alumni_data` (`alumni_id`, `graduation_year`, `fid`, `job`, `address`, `city`, `country`, `phone`, `gid`, `mobile`, `nationalnumber`, `department`, `division`, `with_honor`) VALUES (241041, 2016, '2', '', '', '', '', '', 'ممتاز', '', '', '', '', '');
INSERT INTO `lk9v6_users` (`name`, `email`, `usertype`) VALUES ('ساره سامى محمد فتح الله يوسف ', '', 'الخريجين');
INSERT INTO `lk9v6_alumni_main` (`id`, `user_id`, `approved`) VALUES (241042, 241042, 1);
INSERT INTO `lk9v6_alumni_data` (`alumni_id`, `graduation_year`, `fid`, `job`, `address`, `city`, `country`, `phone`, `gid`, `mobile`, `nationalnumber`, `department`, `division`, `with_honor`) VALUES (241042, 2016, '2', '', '', '', '', '', 'ممتاز', '', '', '', '', '');
INSERT INTO `lk9v6_users` (`name`, `email`, `usertype`) VALUES ('ساره سمير عبد العزيز السيد جنينه', '', 'الخريجين');
INSERT INTO `lk9v6_alumni_main` (`id`, `user_id`, `approved`) VALUES (241043, 241043, 1);
INSERT INTO `lk9v6_alumni_data` (`alumni_id`, `graduation_year`, `fid`, `job`, `address`, `city`, `country`, `phone`, `gid`, `mobile`, `nationalnumber`, `department`, `division`, `with_honor`) VALUES (241043, 2016, '2', '', '', '', '', '', 'ممتاز', '', '', '', '', '');
INSERT INTO `lk9v6_users` (`name`, `email`, `usertype`) VALUES ('ساره عاطف عبد المنعم جابر', '', 'الخريجين');
INSERT INTO `lk9v6_alumni_main` (`id`, `user_id`, `approved`) VALUES (241044, 241044, 1);
INSERT INTO `lk9v6_alumni_data` (`alumni_id`, `graduation_year`, `fid`, `job`, `address`, `city`, `country`, `phone`, `gid`, `mobile`, `nationalnumber`, `department`, `division`, `with_honor`) VALUES (241044, 2016, '2', '', '', '', '', '', 'ممتاز', '', '', '', '', '');
INSERT INTO `lk9v6_users` (`name`, `email`, `usertype`) VALUES ('ساره عبد العزيز محمد فرج', '', 'الخريجين');
INSERT INTO `lk9v6_alumni_main` (`id`, `user_id`, `approved`) VALUES (241045, 241045, 1);
INSERT INTO `lk9v6_alumni_data` (`alumni_id`, `graduation_year`, `fid`, `job`, `address`, `city`, `country`, `phone`, `gid`, `mobile`, `nationalnumber`, `department`, `division`, `with_honor`) VALUES (241045, 2016, '2', '', '', '', '', '', 'ممتاز', '', '', '', '', '');
INSERT INTO `lk9v6_users` (`name`, `email`, `usertype`) VALUES ('ساره عصام سيد عبد العزيز المسيرى', '', 'الخريجين');
INSERT INTO `lk9v6_alumni_main` (`id`, `user_id`, `approved`) VALUES (241046, 241046, 1);
INSERT INTO `lk9v6_alumni_data` (`alumni_id`, `graduation_year`, `fid`, `job`, `address`, `city`, `country`, `phone`, `gid`, `mobile`, `nationalnumber`, `department`, `division`, `with_honor`) VALUES (241046, 2016, '2', '', '', '', '', '', 'ممتاز', '', '', '', '', '');
INSERT INTO `lk9v6_users` (`name`, `email`, `usertype`) VALUES ('سامح محمود فتحى عبد الرحمن الخازندار', '', 'الخريجين');
INSERT INTO `lk9v6_alumni_main` (`id`, `user_id`, `approved`) VALUES (241047, 241047, 1);
INSERT INTO `lk9v6_alumni_data` (`alumni_id`, `graduation_year`, `fid`, `job`, `address`, `city`, `country`, `phone`, `gid`, `mobile`, `nationalnumber`, `department`, `division`, `with_honor`) VALUES (241047, 2016, '2', '', '', '', '', '', 'ممتاز', '', '', '', '', '');
INSERT INTO `lk9v6_users` (`name`, `email`, `usertype`) VALUES ('ساميه احمد جمال ابراهيم', '', 'الخريجين');
INSERT INTO `lk9v6_alumni_main` (`id`, `user_id`, `approved`) VALUES (241048, 241048, 1);
INSERT INTO `lk9v6_alumni_data` (`alumni_id`, `graduation_year`, `fid`, `job`, `address`, `city`, `country`, `phone`, `gid`, `mobile`, `nationalnumber`, `department`, `division`, `with_honor`) VALUES (241048, 2016, '2', '', '', '', '', '', 'ممتاز', '', '', '', '', '');
INSERT INTO `lk9v6_users` (`name`, `email`, `usertype`) VALUES ('ساميه مصباح هنداوى السيد رجب', '', 'الخريجين');
INSERT INTO `lk9v6_alumni_main` (`id`, `user_id`, `approved`) VALUES (241049, 241049, 1);
INSERT INTO `lk9v6_alumni_data` (`alumni_id`, `graduation_year`, `fid`, `job`, `address`, `city`, `country`, `phone`, `gid`, `mobile`, `nationalnumber`, `department`, `division`, `with_honor`) VALUES (241049, 2016, '2', '', '', '', '', '', 'ممتاز', '', '', '', '', '');
INSERT INTO `lk9v6_users` (`name`, `email`, `usertype`) VALUES ('سلمى احمد عبده احمد مشالى', '', 'الخريجين');
INSERT INTO `lk9v6_alumni_main` (`id`, `user_id`, `approved`) VALUES (241050, 241050, 1);
INSERT INTO `lk9v6_alumni_data` (`alumni_id`, `graduation_year`, `fid`, `job`, `address`, `city`, `country`, `phone`, `gid`, `mobile`, `nationalnumber`, `department`, `division`, `with_honor`) VALUES (241050, 2016, '2', '', '', '', '', '', 'ممتاز', '', '', '', '', '');
INSERT INTO `lk9v6_users` (`name`, `email`, `usertype`) VALUES ('سلمى جمال قبارى حسين احمد', '', 'الخريجين');
INSERT INTO `lk9v6_alumni_main` (`id`, `user_id`, `approved`) VALUES (241051, 241051, 1);
INSERT INTO `lk9v6_alumni_data` (`alumni_id`, `graduation_year`, `fid`, `job`, `address`, `city`, `country`, `phone`, `gid`, `mobile`, `nationalnumber`, `department`, `division`, `with_honor`) VALUES (241051, 2016, '2', '', '', '', '', '', 'ممتاز', '', '', '', '', '');
INSERT INTO `lk9v6_users` (`name`, `email`, `usertype`) VALUES ('سلمى حسن السيد على احمد', '', 'الخريجين');
INSERT INTO `lk9v6_alumni_main` (`id`, `user_id`, `approved`) VALUES (241052, 241052, 1);
INSERT INTO `lk9v6_alumni_data` (`alumni_id`, `graduation_year`, `fid`, `job`, `address`, `city`, `country`, `phone`, `gid`, `mobile`, `nationalnumber`, `department`, `division`, `with_honor`) VALUES (241052, 2016, '2', '', '', '', '', '', 'ممتاز', '', '', '', '', '');
INSERT INTO `lk9v6_users` (`name`, `email`, `usertype`) VALUES ('سلمى طارق عبد العاطى عبد العاطى يوسف', '', 'الخريجين');
INSERT INTO `lk9v6_alumni_main` (`id`, `user_id`, `approved`) VALUES (241053, 241053, 1);
INSERT INTO `lk9v6_alumni_data` (`alumni_id`, `graduation_year`, `fid`, `job`, `address`, `city`, `country`, `phone`, `gid`, `mobile`, `nationalnumber`, `department`, `division`, `with_honor`) VALUES (241053, 2016, '2', '', '', '', '', '', 'ممتاز', '', '', '', '', '');
INSERT INTO `lk9v6_users` (`name`, `email`, `usertype`) VALUES ('سلمى فوزى حسن احمد محمد ', '', 'الخريجين');
INSERT INTO `lk9v6_alumni_main` (`id`, `user_id`, `approved`) VALUES (241054, 241054, 1);
INSERT INTO `lk9v6_alumni_data` (`alumni_id`, `graduation_year`, `fid`, `job`, `address`, `city`, `country`, `phone`, `gid`, `mobile`, `nationalnumber`, `department`, `division`, `with_honor`) VALUES (241054, 2016, '2', '', '', '', '', '', 'ممتاز', '', '', '', '', '');
INSERT INTO `lk9v6_users` (`name`, `email`, `usertype`) VALUES ('سلمى محمد رجب صالح عبد الله', '', 'الخريجين');
INSERT INTO `lk9v6_alumni_main` (`id`, `user_id`, `approved`) VALUES (241055, 241055, 1);
INSERT INTO `lk9v6_alumni_data` (`alumni_id`, `graduation_year`, `fid`, `job`, `address`, `city`, `country`, `phone`, `gid`, `mobile`, `nationalnumber`, `department`, `division`, `with_honor`) VALUES (241055, 2016, '2', '', '', '', '', '', 'ممتاز', '', '', '', '', '');
INSERT INTO `lk9v6_users` (`name`, `email`, `usertype`) VALUES ('سماح رجب احمد محمد ', '', 'الخريجين');
INSERT INTO `lk9v6_alumni_main` (`id`, `user_id`, `approved`) VALUES (241056, 241056, 1);
INSERT INTO `lk9v6_alumni_data` (`alumni_id`, `graduation_year`, `fid`, `job`, `address`, `city`, `country`, `phone`, `gid`, `mobile`, `nationalnumber`, `department`, `division`, `with_honor`) VALUES (241056, 2016, '2', '', '', '', '', '', 'ممتاز', '', '', '', '', '');
INSERT INTO `lk9v6_users` (`name`, `email`, `usertype`) VALUES ('سمر حلمى محمد احمد خاطر', '', 'الخريجين');
INSERT INTO `lk9v6_alumni_main` (`id`, `user_id`, `approved`) VALUES (241057, 241057, 1);
INSERT INTO `lk9v6_alumni_data` (`alumni_id`, `graduation_year`, `fid`, `job`, `address`, `city`, `country`, `phone`, `gid`, `mobile`, `nationalnumber`, `department`, `division`, `with_honor`) VALUES (241057, 2016, '2', '', '', '', '', '', 'ممتاز', '', '', '', '', '');
INSERT INTO `lk9v6_users` (`name`, `email`, `usertype`) VALUES ('سمر مجدى محمود خليفه اسماعيل ', '', 'الخريجين');
INSERT INTO `lk9v6_alumni_main` (`id`, `user_id`, `approved`) VALUES (241058, 241058, 1);
INSERT INTO `lk9v6_alumni_data` (`alumni_id`, `graduation_year`, `fid`, `job`, `address`, `city`, `country`, `phone`, `gid`, `mobile`, `nationalnumber`, `department`, `division`, `with_honor`) VALUES (241058, 2016, '2', '', '', '', '', '', 'ممتاز', '', '', '', '', '');
INSERT INTO `lk9v6_users` (`name`, `email`, `usertype`) VALUES ('شريف جمال عبد الواحد على عبد الواحد', '', 'الخريجين');
INSERT INTO `lk9v6_alumni_main` (`id`, `user_id`, `approved`) VALUES (241059, 241059, 1);
INSERT INTO `lk9v6_alumni_data` (`alumni_id`, `graduation_year`, `fid`, `job`, `address`, `city`, `country`, `phone`, `gid`, `mobile`, `nationalnumber`, `department`, `division`, `with_honor`) VALUES (241059, 2016, '2', '', '', '', '', '', 'ممتاز', '', '', '', '', '');
INSERT INTO `lk9v6_users` (`name`, `email`, `usertype`) VALUES ('شيماء ابراهيم ناطق خليل', '', 'الخريجين');
INSERT INTO `lk9v6_alumni_main` (`id`, `user_id`, `approved`) VALUES (241060, 241060, 1);
INSERT INTO `lk9v6_alumni_data` (`alumni_id`, `graduation_year`, `fid`, `job`, `address`, `city`, `country`, `phone`, `gid`, `mobile`, `nationalnumber`, `department`, `division`, `with_honor`) VALUES (241060, 2016, '2', '', '', '', '', '', 'ممتاز', '', '', '', '', '');
INSERT INTO `lk9v6_users` (`name`, `email`, `usertype`) VALUES ('شيماء صالح على محمد صالح', '', 'الخريجين');
INSERT INTO `lk9v6_alumni_main` (`id`, `user_id`, `approved`) VALUES (241061, 241061, 1);
INSERT INTO `lk9v6_alumni_data` (`alumni_id`, `graduation_year`, `fid`, `job`, `address`, `city`, `country`, `phone`, `gid`, `mobile`, `nationalnumber`, `department`, `division`, `with_honor`) VALUES (241061, 2016, '2', '', '', '', '', '', 'ممتاز', '', '', '', '', '');
INSERT INTO `lk9v6_users` (`name`, `email`, `usertype`) VALUES ('شيماء صديق السيد الوكيل ', '', 'الخريجين');
INSERT INTO `lk9v6_alumni_main` (`id`, `user_id`, `approved`) VALUES (241062, 241062, 1);
INSERT INTO `lk9v6_alumni_data` (`alumni_id`, `graduation_year`, `fid`, `job`, `address`, `city`, `country`, `phone`, `gid`, `mobile`, `nationalnumber`, `department`, `division`, `with_honor`) VALUES (241062, 2016, '2', '', '', '', '', '', 'ممتاز', '', '', '', '', '');
INSERT INTO `lk9v6_users` (`name`, `email`, `usertype`) VALUES ('ضحى طارق ابراهيم محمود حسن ', '', 'الخريجين');
INSERT INTO `lk9v6_alumni_main` (`id`, `user_id`, `approved`) VALUES (241063, 241063, 1);
INSERT INTO `lk9v6_alumni_data` (`alumni_id`, `graduation_year`, `fid`, `job`, `address`, `city`, `country`, `phone`, `gid`, `mobile`, `nationalnumber`, `department`, `division`, `with_honor`) VALUES (241063, 2016, '2', '', '', '', '', '', 'ممتاز', '', '', '', '', '');
INSERT INTO `lk9v6_users` (`name`, `email`, `usertype`) VALUES ('عبد الرحمن صبحى اسماعيل حسن ', '', 'الخريجين');
INSERT INTO `lk9v6_alumni_main` (`id`, `user_id`, `approved`) VALUES (241064, 241064, 1);
INSERT INTO `lk9v6_alumni_data` (`alumni_id`, `graduation_year`, `fid`, `job`, `address`, `city`, `country`, `phone`, `gid`, `mobile`, `nationalnumber`, `department`, `division`, `with_honor`) VALUES (241064, 2016, '2', '', '', '', '', '', 'ممتاز', '', '', '', '', '');
INSERT INTO `lk9v6_users` (`name`, `email`, `usertype`) VALUES ('عبد الوهاب محمد يسرى عبد الوهاب النجار ', '', 'الخريجين');
INSERT INTO `lk9v6_alumni_main` (`id`, `user_id`, `approved`) VALUES (241065, 241065, 1);
INSERT INTO `lk9v6_alumni_data` (`alumni_id`, `graduation_year`, `fid`, `job`, `address`, `city`, `country`, `phone`, `gid`, `mobile`, `nationalnumber`, `department`, `division`, `with_honor`) VALUES (241065, 2016, '2', '', '', '', '', '', 'ممتاز', '', '', '', '', '');
INSERT INTO `lk9v6_users` (`name`, `email`, `usertype`) VALUES ('عبير عبد الغنى عبد الله بركات', '', 'الخريجين');
INSERT INTO `lk9v6_alumni_main` (`id`, `user_id`, `approved`) VALUES (241066, 241066, 1);
INSERT INTO `lk9v6_alumni_data` (`alumni_id`, `graduation_year`, `fid`, `job`, `address`, `city`, `country`, `phone`, `gid`, `mobile`, `nationalnumber`, `department`, `division`, `with_honor`) VALUES (241066, 2016, '2', '', '', '', '', '', 'ممتاز', '', '', '', '', '');
INSERT INTO `lk9v6_users` (`name`, `email`, `usertype`) VALUES ('عزه محروس محمود هندى', '', 'الخريجين');
INSERT INTO `lk9v6_alumni_main` (`id`, `user_id`, `approved`) VALUES (241067, 241067, 1);
INSERT INTO `lk9v6_alumni_data` (`alumni_id`, `graduation_year`, `fid`, `job`, `address`, `city`, `country`, `phone`, `gid`, `mobile`, `nationalnumber`, `department`, `division`, `with_honor`) VALUES (241067, 2016, '2', '', '', '', '', '', 'ممتاز', '', '', '', '', '');
INSERT INTO `lk9v6_users` (`name`, `email`, `usertype`) VALUES ('علا حسام الدين محمود حسنى الشوباشى', '', 'الخريجين');
INSERT INTO `lk9v6_alumni_main` (`id`, `user_id`, `approved`) VALUES (241068, 241068, 1);
INSERT INTO `lk9v6_alumni_data` (`alumni_id`, `graduation_year`, `fid`, `job`, `address`, `city`, `country`, `phone`, `gid`, `mobile`, `nationalnumber`, `department`, `division`, `with_honor`) VALUES (241068, 2016, '2', '', '', '', '', '', 'ممتاز', '', '', '', '', '');
INSERT INTO `lk9v6_users` (`name`, `email`, `usertype`) VALUES ('عمرو حسنى ابراهيم خليل ابراهيم شلبى', '', 'الخريجين');
INSERT INTO `lk9v6_alumni_main` (`id`, `user_id`, `approved`) VALUES (241069, 241069, 1);
INSERT INTO `lk9v6_alumni_data` (`alumni_id`, `graduation_year`, `fid`, `job`, `address`, `city`, `country`, `phone`, `gid`, `mobile`, `nationalnumber`, `department`, `division`, `with_honor`) VALUES (241069, 2016, '2', '', '', '', '', '', 'ممتاز', '', '', '', '', '');
INSERT INTO `lk9v6_users` (`name`, `email`, `usertype`) VALUES ('غنى مسعود رضوان محمد عبد الله', '', 'الخريجين');
INSERT INTO `lk9v6_alumni_main` (`id`, `user_id`, `approved`) VALUES (241070, 241070, 1);
INSERT INTO `lk9v6_alumni_data` (`alumni_id`, `graduation_year`, `fid`, `job`, `address`, `city`, `country`, `phone`, `gid`, `mobile`, `nationalnumber`, `department`, `division`, `with_honor`) VALUES (241070, 2016, '2', '', '', '', '', '', 'ممتاز', '', '', '', '', '');
INSERT INTO `lk9v6_users` (`name`, `email`, `usertype`) VALUES ('فاتن محمد حامد ابو خليل', '', 'الخريجين');
INSERT INTO `lk9v6_alumni_main` (`id`, `user_id`, `approved`) VALUES (241071, 241071, 1);
INSERT INTO `lk9v6_alumni_data` (`alumni_id`, `graduation_year`, `fid`, `job`, `address`, `city`, `country`, `phone`, `gid`, `mobile`, `nationalnumber`, `department`, `division`, `with_honor`) VALUES (241071, 2016, '2', '', '', '', '', '', 'ممتاز', '', '', '', '', '');
INSERT INTO `lk9v6_users` (`name`, `email`, `usertype`) VALUES ('فاطمه زغلول السيد ابو زيد جلال ', '', 'الخريجين');
INSERT INTO `lk9v6_alumni_main` (`id`, `user_id`, `approved`) VALUES (241072, 241072, 1);
INSERT INTO `lk9v6_alumni_data` (`alumni_id`, `graduation_year`, `fid`, `job`, `address`, `city`, `country`, `phone`, `gid`, `mobile`, `nationalnumber`, `department`, `division`, `with_honor`) VALUES (241072, 2016, '2', '', '', '', '', '', 'ممتاز', '', '', '', '', '');
INSERT INTO `lk9v6_users` (`name`, `email`, `usertype`) VALUES ('فاطمه سلامه حلمى حبيبه ', '', 'الخريجين');
INSERT INTO `lk9v6_alumni_main` (`id`, `user_id`, `approved`) VALUES (241073, 241073, 1);
INSERT INTO `lk9v6_alumni_data` (`alumni_id`, `graduation_year`, `fid`, `job`, `address`, `city`, `country`, `phone`, `gid`, `mobile`, `nationalnumber`, `department`, `division`, `with_honor`) VALUES (241073, 2016, '2', '', '', '', '', '', 'ممتاز', '', '', '', '', '');
INSERT INTO `lk9v6_users` (`name`, `email`, `usertype`) VALUES ('فاطمه شعبان محمد طقيشم', '', 'الخريجين');
INSERT INTO `lk9v6_alumni_main` (`id`, `user_id`, `approved`) VALUES (241074, 241074, 1);
INSERT INTO `lk9v6_alumni_data` (`alumni_id`, `graduation_year`, `fid`, `job`, `address`, `city`, `country`, `phone`, `gid`, `mobile`, `nationalnumber`, `department`, `division`, `with_honor`) VALUES (241074, 2016, '2', '', '', '', '', '', 'ممتاز', '', '', '', '', '');
INSERT INTO `lk9v6_users` (`name`, `email`, `usertype`) VALUES ('كارولين يوسف هرمينا جرس', '', 'الخريجين');
INSERT INTO `lk9v6_alumni_main` (`id`, `user_id`, `approved`) VALUES (241075, 241075, 1);
INSERT INTO `lk9v6_alumni_data` (`alumni_id`, `graduation_year`, `fid`, `job`, `address`, `city`, `country`, `phone`, `gid`, `mobile`, `nationalnumber`, `department`, `division`, `with_honor`) VALUES (241075, 2016, '2', '', '', '', '', '', 'ممتاز', '', '', '', '', '');
INSERT INTO `lk9v6_users` (`name`, `email`, `usertype`) VALUES ('كيريا فاروق فؤاد سعيد', '', 'الخريجين');
INSERT INTO `lk9v6_alumni_main` (`id`, `user_id`, `approved`) VALUES (241076, 241076, 1);
INSERT INTO `lk9v6_alumni_data` (`alumni_id`, `graduation_year`, `fid`, `job`, `address`, `city`, `country`, `phone`, `gid`, `mobile`, `nationalnumber`, `department`, `division`, `with_honor`) VALUES (241076, 2016, '2', '', '', '', '', '', 'ممتاز', '', '', '', '', '');
INSERT INTO `lk9v6_users` (`name`, `email`, `usertype`) VALUES ('مارتينا عادل عزمى عزيز ', '', 'الخريجين');
INSERT INTO `lk9v6_alumni_main` (`id`, `user_id`, `approved`) VALUES (241077, 241077, 1);
INSERT INTO `lk9v6_alumni_data` (`alumni_id`, `graduation_year`, `fid`, `job`, `address`, `city`, `country`, `phone`, `gid`, `mobile`, `nationalnumber`, `department`, `division`, `with_honor`) VALUES (241077, 2016, '2', '', '', '', '', '', 'ممتاز', '', '', '', '', '');
INSERT INTO `lk9v6_users` (`name`, `email`, `usertype`) VALUES ('محمد سمير اسماعيل عطيه', '', 'الخريجين');
INSERT INTO `lk9v6_alumni_main` (`id`, `user_id`, `approved`) VALUES (241078, 241078, 1);
INSERT INTO `lk9v6_alumni_data` (`alumni_id`, `graduation_year`, `fid`, `job`, `address`, `city`, `country`, `phone`, `gid`, `mobile`, `nationalnumber`, `department`, `division`, `with_honor`) VALUES (241078, 2016, '2', '', '', '', '', '', 'ممتاز', '', '', '', '', '');
INSERT INTO `lk9v6_users` (`name`, `email`, `usertype`) VALUES ('محمد عادل محمد حسن القاصد', '', 'الخريجين');
INSERT INTO `lk9v6_alumni_main` (`id`, `user_id`, `approved`) VALUES (241079, 241079, 1);
INSERT INTO `lk9v6_alumni_data` (`alumni_id`, `graduation_year`, `fid`, `job`, `address`, `city`, `country`, `phone`, `gid`, `mobile`, `nationalnumber`, `department`, `division`, `with_honor`) VALUES (241079, 2016, '2', '', '', '', '', '', 'ممتاز', '', '', '', '', '');
INSERT INTO `lk9v6_users` (`name`, `email`, `usertype`) VALUES ('محمد مدحت عبد التواب السيد', '', 'الخريجين');
INSERT INTO `lk9v6_alumni_main` (`id`, `user_id`, `approved`) VALUES (241080, 241080, 1);
INSERT INTO `lk9v6_alumni_data` (`alumni_id`, `graduation_year`, `fid`, `job`, `address`, `city`, `country`, `phone`, `gid`, `mobile`, `nationalnumber`, `department`, `division`, `with_honor`) VALUES (241080, 2016, '2', '', '', '', '', '', 'ممتاز', '', '', '', '', '');
INSERT INTO `lk9v6_users` (`name`, `email`, `usertype`) VALUES ('محمد ناصر صبحى محمود الكيلاوى', '', 'الخريجين');
INSERT INTO `lk9v6_alumni_main` (`id`, `user_id`, `approved`) VALUES (241081, 241081, 1);
INSERT INTO `lk9v6_alumni_data` (`alumni_id`, `graduation_year`, `fid`, `job`, `address`, `city`, `country`, `phone`, `gid`, `mobile`, `nationalnumber`, `department`, `division`, `with_honor`) VALUES (241081, 2016, '2', '', '', '', '', '', 'ممتاز', '', '', '', '', '');
INSERT INTO `lk9v6_users` (`name`, `email`, `usertype`) VALUES ('مرنا ميشيل ادوارد تاوضروس ', '', 'الخريجين');
INSERT INTO `lk9v6_alumni_main` (`id`, `user_id`, `approved`) VALUES (241082, 241082, 1);
INSERT INTO `lk9v6_alumni_data` (`alumni_id`, `graduation_year`, `fid`, `job`, `address`, `city`, `country`, `phone`, `gid`, `mobile`, `nationalnumber`, `department`, `division`, `with_honor`) VALUES (241082, 2016, '2', '', '', '', '', '', 'ممتاز', '', '', '', '', '');
INSERT INTO `lk9v6_users` (`name`, `email`, `usertype`) VALUES ('مروه رضا مصطفى الشهاوى', '', 'الخريجين');
INSERT INTO `lk9v6_alumni_main` (`id`, `user_id`, `approved`) VALUES (241083, 241083, 1);
INSERT INTO `lk9v6_alumni_data` (`alumni_id`, `graduation_year`, `fid`, `job`, `address`, `city`, `country`, `phone`, `gid`, `mobile`, `nationalnumber`, `department`, `division`, `with_honor`) VALUES (241083, 2016, '2', '', '', '', '', '', 'ممتاز', '', '', '', '', '');
INSERT INTO `lk9v6_users` (`name`, `email`, `usertype`) VALUES ('مروه طلعت حشمت مبروك', '', 'الخريجين');
INSERT INTO `lk9v6_alumni_main` (`id`, `user_id`, `approved`) VALUES (241084, 241084, 1);
INSERT INTO `lk9v6_alumni_data` (`alumni_id`, `graduation_year`, `fid`, `job`, `address`, `city`, `country`, `phone`, `gid`, `mobile`, `nationalnumber`, `department`, `division`, `with_honor`) VALUES (241084, 2016, '2', '', '', '', '', '', 'ممتاز', '', '', '', '', '');
INSERT INTO `lk9v6_users` (`name`, `email`, `usertype`) VALUES ('مريم اسامه محمد منير عبد الحميد على', '', 'الخريجين');
INSERT INTO `lk9v6_alumni_main` (`id`, `user_id`, `approved`) VALUES (241085, 241085, 1);
INSERT INTO `lk9v6_alumni_data` (`alumni_id`, `graduation_year`, `fid`, `job`, `address`, `city`, `country`, `phone`, `gid`, `mobile`, `nationalnumber`, `department`, `division`, `with_honor`) VALUES (241085, 2016, '2', '', '', '', '', '', 'ممتاز', '', '', '', '', '');
INSERT INTO `lk9v6_users` (`name`, `email`, `usertype`) VALUES ('مريم اسماعيل فتحى شعبان جميل ', '', 'الخريجين');
INSERT INTO `lk9v6_alumni_main` (`id`, `user_id`, `approved`) VALUES (241086, 241086, 1);
INSERT INTO `lk9v6_alumni_data` (`alumni_id`, `graduation_year`, `fid`, `job`, `address`, `city`, `country`, `phone`, `gid`, `mobile`, `nationalnumber`, `department`, `division`, `with_honor`) VALUES (241086, 2016, '2', '', '', '', '', '', 'ممتاز', '', '', '', '', '');
INSERT INTO `lk9v6_users` (`name`, `email`, `usertype`) VALUES ('مريم محمد على عرفه العطار', '', 'الخريجين');
INSERT INTO `lk9v6_alumni_main` (`id`, `user_id`, `approved`) VALUES (241087, 241087, 1);
INSERT INTO `lk9v6_alumni_data` (`alumni_id`, `graduation_year`, `fid`, `job`, `address`, `city`, `country`, `phone`, `gid`, `mobile`, `nationalnumber`, `department`, `division`, `with_honor`) VALUES (241087, 2016, '2', '', '', '', '', '', 'ممتاز', '', '', '', '', '');
INSERT INTO `lk9v6_users` (`name`, `email`, `usertype`) VALUES ('ملك احمد حسام الدين السيد محمد ابو عيانه', '', 'الخريجين');
INSERT INTO `lk9v6_alumni_main` (`id`, `user_id`, `approved`) VALUES (241088, 241088, 1);
INSERT INTO `lk9v6_alumni_data` (`alumni_id`, `graduation_year`, `fid`, `job`, `address`, `city`, `country`, `phone`, `gid`, `mobile`, `nationalnumber`, `department`, `division`, `with_honor`) VALUES (241088, 2016, '2', '', '', '', '', '', 'ممتاز', '', '', '', '', '');
INSERT INTO `lk9v6_users` (`name`, `email`, `usertype`) VALUES ('منة الله محمد محمود القاضى  حسين ', '', 'الخريجين');
INSERT INTO `lk9v6_alumni_main` (`id`, `user_id`, `approved`) VALUES (241089, 241089, 1);
INSERT INTO `lk9v6_alumni_data` (`alumni_id`, `graduation_year`, `fid`, `job`, `address`, `city`, `country`, `phone`, `gid`, `mobile`, `nationalnumber`, `department`, `division`, `with_honor`) VALUES (241089, 2016, '2', '', '', '', '', '', 'ممتاز', '', '', '', '', '');
INSERT INTO `lk9v6_users` (`name`, `email`, `usertype`) VALUES ('مى فرج حسن صالح ', '', 'الخريجين');
INSERT INTO `lk9v6_alumni_main` (`id`, `user_id`, `approved`) VALUES (241090, 241090, 1);
INSERT INTO `lk9v6_alumni_data` (`alumni_id`, `graduation_year`, `fid`, `job`, `address`, `city`, `country`, `phone`, `gid`, `mobile`, `nationalnumber`, `department`, `division`, `with_honor`) VALUES (241090, 2016, '2', '', '', '', '', '', 'ممتاز', '', '', '', '', '');
INSERT INTO `lk9v6_users` (`name`, `email`, `usertype`) VALUES ('مى فكرى اسماعيل مصطفى', '', 'الخريجين');
INSERT INTO `lk9v6_alumni_main` (`id`, `user_id`, `approved`) VALUES (241091, 241091, 1);
INSERT INTO `lk9v6_alumni_data` (`alumni_id`, `graduation_year`, `fid`, `job`, `address`, `city`, `country`, `phone`, `gid`, `mobile`, `nationalnumber`, `department`, `division`, `with_honor`) VALUES (241091, 2016, '2', '', '', '', '', '', 'ممتاز', '', '', '', '', '');
INSERT INTO `lk9v6_users` (`name`, `email`, `usertype`) VALUES ('مى محمد عبد الحميد عبد الوهاب', '', 'الخريجين');
INSERT INTO `lk9v6_alumni_main` (`id`, `user_id`, `approved`) VALUES (241092, 241092, 1);
INSERT INTO `lk9v6_alumni_data` (`alumni_id`, `graduation_year`, `fid`, `job`, `address`, `city`, `country`, `phone`, `gid`, `mobile`, `nationalnumber`, `department`, `division`, `with_honor`) VALUES (241092, 2016, '2', '', '', '', '', '', 'ممتاز', '', '', '', '', '');
INSERT INTO `lk9v6_users` (`name`, `email`, `usertype`) VALUES ('مى محمد محمد الحوشى', '', 'الخريجين');
INSERT INTO `lk9v6_alumni_main` (`id`, `user_id`, `approved`) VALUES (241093, 241093, 1);
INSERT INTO `lk9v6_alumni_data` (`alumni_id`, `graduation_year`, `fid`, `job`, `address`, `city`, `country`, `phone`, `gid`, `mobile`, `nationalnumber`, `department`, `division`, `with_honor`) VALUES (241093, 2016, '2', '', '', '', '', '', 'ممتاز', '', '', '', '', '');
INSERT INTO `lk9v6_users` (`name`, `email`, `usertype`) VALUES ('مياده ممدوح مرسى شعبان', '', 'الخريجين');
INSERT INTO `lk9v6_alumni_main` (`id`, `user_id`, `approved`) VALUES (241094, 241094, 1);
INSERT INTO `lk9v6_alumni_data` (`alumni_id`, `graduation_year`, `fid`, `job`, `address`, `city`, `country`, `phone`, `gid`, `mobile`, `nationalnumber`, `department`, `division`, `with_honor`) VALUES (241094, 2016, '2', '', '', '', '', '', 'ممتاز', '', '', '', '', '');
INSERT INTO `lk9v6_users` (`name`, `email`, `usertype`) VALUES ('ميران احمد عبد العليم محمود الحجار', '', 'الخريجين');
INSERT INTO `lk9v6_alumni_main` (`id`, `user_id`, `approved`) VALUES (241095, 241095, 1);
INSERT INTO `lk9v6_alumni_data` (`alumni_id`, `graduation_year`, `fid`, `job`, `address`, `city`, `country`, `phone`, `gid`, `mobile`, `nationalnumber`, `department`, `division`, `with_honor`) VALUES (241095, 2016, '2', '', '', '', '', '', 'ممتاز', '', '', '', '', '');
INSERT INTO `lk9v6_users` (`name`, `email`, `usertype`) VALUES ('ميرنا خيرى سعيد عطية', '', 'الخريجين');
INSERT INTO `lk9v6_alumni_main` (`id`, `user_id`, `approved`) VALUES (241096, 241096, 1);
INSERT INTO `lk9v6_alumni_data` (`alumni_id`, `graduation_year`, `fid`, `job`, `address`, `city`, `country`, `phone`, `gid`, `mobile`, `nationalnumber`, `department`, `division`, `with_honor`) VALUES (241096, 2016, '2', '', '', '', '', '', 'ممتاز', '', '', '', '', '');
INSERT INTO `lk9v6_users` (`name`, `email`, `usertype`) VALUES ('مينا نعيم فخرى فهمى', '', 'الخريجين');
INSERT INTO `lk9v6_alumni_main` (`id`, `user_id`, `approved`) VALUES (241097, 241097, 1);
INSERT INTO `lk9v6_alumni_data` (`alumni_id`, `graduation_year`, `fid`, `job`, `address`, `city`, `country`, `phone`, `gid`, `mobile`, `nationalnumber`, `department`, `division`, `with_honor`) VALUES (241097, 2016, '2', '', '', '', '', '', 'ممتاز', '', '', '', '', '');
INSERT INTO `lk9v6_users` (`name`, `email`, `usertype`) VALUES ('نجوى ابراهيم احمد سالم', '', 'الخريجين');
INSERT INTO `lk9v6_alumni_main` (`id`, `user_id`, `approved`) VALUES (241098, 241098, 1);
INSERT INTO `lk9v6_alumni_data` (`alumni_id`, `graduation_year`, `fid`, `job`, `address`, `city`, `country`, `phone`, `gid`, `mobile`, `nationalnumber`, `department`, `division`, `with_honor`) VALUES (241098, 2016, '2', '', '', '', '', '', 'ممتاز', '', '', '', '', '');
INSERT INTO `lk9v6_users` (`name`, `email`, `usertype`) VALUES ('ندى محمد شعبان محمد احمد', '', 'الخريجين');
INSERT INTO `lk9v6_alumni_main` (`id`, `user_id`, `approved`) VALUES (241099, 241099, 1);
INSERT INTO `lk9v6_alumni_data` (`alumni_id`, `graduation_year`, `fid`, `job`, `address`, `city`, `country`, `phone`, `gid`, `mobile`, `nationalnumber`, `department`, `division`, `with_honor`) VALUES (241099, 2016, '2', '', '', '', '', '', 'ممتاز', '', '', '', '', '');
INSERT INTO `lk9v6_users` (`name`, `email`, `usertype`) VALUES ('نرمين يحيى محمد محمد حسن شلتوت', '', 'الخريجين');
INSERT INTO `lk9v6_alumni_main` (`id`, `user_id`, `approved`) VALUES (241100, 241100, 1);
INSERT INTO `lk9v6_alumni_data` (`alumni_id`, `graduation_year`, `fid`, `job`, `address`, `city`, `country`, `phone`, `gid`, `mobile`, `nationalnumber`, `department`, `division`, `with_honor`) VALUES (241100, 2016, '2', '', '', '', '', '', 'ممتاز', '', '', '', '', '');
INSERT INTO `lk9v6_users` (`name`, `email`, `usertype`) VALUES ('نسرين صالح محمد عبد العاطى كشك', '', 'الخريجين');
INSERT INTO `lk9v6_alumni_main` (`id`, `user_id`, `approved`) VALUES (241101, 241101, 1);
INSERT INTO `lk9v6_alumni_data` (`alumni_id`, `graduation_year`, `fid`, `job`, `address`, `city`, `country`, `phone`, `gid`, `mobile`, `nationalnumber`, `department`, `division`, `with_honor`) VALUES (241101, 2016, '2', '', '', '', '', '', 'ممتاز', '', '', '', '', '');
INSERT INTO `lk9v6_users` (`name`, `email`, `usertype`) VALUES ('نهى امين محمد الحلو', '', 'الخريجين');
INSERT INTO `lk9v6_alumni_main` (`id`, `user_id`, `approved`) VALUES (241102, 241102, 1);
INSERT INTO `lk9v6_alumni_data` (`alumni_id`, `graduation_year`, `fid`, `job`, `address`, `city`, `country`, `phone`, `gid`, `mobile`, `nationalnumber`, `department`, `division`, `with_honor`) VALUES (241102, 2016, '2', '', '', '', '', '', 'ممتاز', '', '', '', '', '');
INSERT INTO `lk9v6_users` (`name`, `email`, `usertype`) VALUES ('نور الهدى خيرى محمد سعد جاويش', '', 'الخريجين');
INSERT INTO `lk9v6_alumni_main` (`id`, `user_id`, `approved`) VALUES (241103, 241103, 1);
INSERT INTO `lk9v6_alumni_data` (`alumni_id`, `graduation_year`, `fid`, `job`, `address`, `city`, `country`, `phone`, `gid`, `mobile`, `nationalnumber`, `department`, `division`, `with_honor`) VALUES (241103, 2016, '2', '', '', '', '', '', 'ممتاز', '', '', '', '', '');
INSERT INTO `lk9v6_users` (`name`, `email`, `usertype`) VALUES ('نوران السيد صلاح لاشين ', '', 'الخريجين');
INSERT INTO `lk9v6_alumni_main` (`id`, `user_id`, `approved`) VALUES (241104, 241104, 1);
INSERT INTO `lk9v6_alumni_data` (`alumni_id`, `graduation_year`, `fid`, `job`, `address`, `city`, `country`, `phone`, `gid`, `mobile`, `nationalnumber`, `department`, `division`, `with_honor`) VALUES (241104, 2016, '2', '', '', '', '', '', 'ممتاز', '', '', '', '', '');
INSERT INTO `lk9v6_users` (`name`, `email`, `usertype`) VALUES ('نورهان مسعد السعيد قطب سعيد ', '', 'الخريجين');
INSERT INTO `lk9v6_alumni_main` (`id`, `user_id`, `approved`) VALUES (241105, 241105, 1);
INSERT INTO `lk9v6_alumni_data` (`alumni_id`, `graduation_year`, `fid`, `job`, `address`, `city`, `country`, `phone`, `gid`, `mobile`, `nationalnumber`, `department`, `division`, `with_honor`) VALUES (241105, 2016, '2', '', '', '', '', '', 'ممتاز', '', '', '', '', '');
INSERT INTO `lk9v6_users` (`name`, `email`, `usertype`) VALUES ('هاجر حمدى بسيونى شعبان على', '', 'الخريجين');
INSERT INTO `lk9v6_alumni_main` (`id`, `user_id`, `approved`) VALUES (241106, 241106, 1);
INSERT INTO `lk9v6_alumni_data` (`alumni_id`, `graduation_year`, `fid`, `job`, `address`, `city`, `country`, `phone`, `gid`, `mobile`, `nationalnumber`, `department`, `division`, `with_honor`) VALUES (241106, 2016, '2', '', '', '', '', '', 'ممتاز', '', '', '', '', '');
INSERT INTO `lk9v6_users` (`name`, `email`, `usertype`) VALUES ('هانى عدلى غبريال ساويرس', '', 'الخريجين');
INSERT INTO `lk9v6_alumni_main` (`id`, `user_id`, `approved`) VALUES (241107, 241107, 1);
INSERT INTO `lk9v6_alumni_data` (`alumni_id`, `graduation_year`, `fid`, `job`, `address`, `city`, `country`, `phone`, `gid`, `mobile`, `nationalnumber`, `department`, `division`, `with_honor`) VALUES (241107, 2016, '2', '', '', '', '', '', 'ممتاز', '', '', '', '', '');
INSERT INTO `lk9v6_users` (`name`, `email`, `usertype`) VALUES ('هبه احمد عبد الرحمن عبد اللطيف ', '', 'الخريجين');
INSERT INTO `lk9v6_alumni_main` (`id`, `user_id`, `approved`) VALUES (241108, 241108, 1);
INSERT INTO `lk9v6_alumni_data` (`alumni_id`, `graduation_year`, `fid`, `job`, `address`, `city`, `country`, `phone`, `gid`, `mobile`, `nationalnumber`, `department`, `division`, `with_honor`) VALUES (241108, 2016, '2', '', '', '', '', '', 'ممتاز', '', '', '', '', '');
INSERT INTO `lk9v6_users` (`name`, `email`, `usertype`) VALUES ('هبه رجب محمد ابراهيم عابدين', '', 'الخريجين');
INSERT INTO `lk9v6_alumni_main` (`id`, `user_id`, `approved`) VALUES (241109, 241109, 1);
INSERT INTO `lk9v6_alumni_data` (`alumni_id`, `graduation_year`, `fid`, `job`, `address`, `city`, `country`, `phone`, `gid`, `mobile`, `nationalnumber`, `department`, `division`, `with_honor`) VALUES (241109, 2016, '2', '', '', '', '', '', 'ممتاز', '', '', '', '', '');
INSERT INTO `lk9v6_users` (`name`, `email`, `usertype`) VALUES ('هبه عبد السلام محمود عبد السلام مرعى', '', 'الخريجين');
INSERT INTO `lk9v6_alumni_main` (`id`, `user_id`, `approved`) VALUES (241110, 241110, 1);
INSERT INTO `lk9v6_alumni_data` (`alumni_id`, `graduation_year`, `fid`, `job`, `address`, `city`, `country`, `phone`, `gid`, `mobile`, `nationalnumber`, `department`, `division`, `with_honor`) VALUES (241110, 2016, '2', '', '', '', '', '', 'ممتاز', '', '', '', '', '');
INSERT INTO `lk9v6_users` (`name`, `email`, `usertype`) VALUES ('هبه عبد المجيد رشاد حسانين فياز', '', 'الخريجين');
INSERT INTO `lk9v6_alumni_main` (`id`, `user_id`, `approved`) VALUES (241111, 241111, 1);
INSERT INTO `lk9v6_alumni_data` (`alumni_id`, `graduation_year`, `fid`, `job`, `address`, `city`, `country`, `phone`, `gid`, `mobile`, `nationalnumber`, `department`, `division`, `with_honor`) VALUES (241111, 2016, '2', '', '', '', '', '', 'ممتاز', '', '', '', '', '');
INSERT INTO `lk9v6_users` (`name`, `email`, `usertype`) VALUES ('هبه نبيل موسى خليل المتينى', '', 'الخريجين');
INSERT INTO `lk9v6_alumni_main` (`id`, `user_id`, `approved`) VALUES (241112, 241112, 1);
INSERT INTO `lk9v6_alumni_data` (`alumni_id`, `graduation_year`, `fid`, `job`, `address`, `city`, `country`, `phone`, `gid`, `mobile`, `nationalnumber`, `department`, `division`, `with_honor`) VALUES (241112, 2016, '2', '', '', '', '', '', 'ممتاز', '', '', '', '', '');
INSERT INTO `lk9v6_users` (`name`, `email`, `usertype`) VALUES ('هدير حمدى بسيونى شعبان على', '', 'الخريجين');
INSERT INTO `lk9v6_alumni_main` (`id`, `user_id`, `approved`) VALUES (241113, 241113, 1);
INSERT INTO `lk9v6_alumni_data` (`alumni_id`, `graduation_year`, `fid`, `job`, `address`, `city`, `country`, `phone`, `gid`, `mobile`, `nationalnumber`, `department`, `division`, `with_honor`) VALUES (241113, 2016, '2', '', '', '', '', '', 'ممتاز', '', '', '', '', '');
INSERT INTO `lk9v6_users` (`name`, `email`, `usertype`) VALUES ('هدير مدحت احمد محمد البنا', '', 'الخريجين');
INSERT INTO `lk9v6_alumni_main` (`id`, `user_id`, `approved`) VALUES (241114, 241114, 1);
INSERT INTO `lk9v6_alumni_data` (`alumni_id`, `graduation_year`, `fid`, `job`, `address`, `city`, `country`, `phone`, `gid`, `mobile`, `nationalnumber`, `department`, `division`, `with_honor`) VALUES (241114, 2016, '2', '', '', '', '', '', 'ممتاز', '', '', '', '', '');
INSERT INTO `lk9v6_users` (`name`, `email`, `usertype`) VALUES ('هديل حسن عزمى الدرشابى', '', 'الخريجين');
INSERT INTO `lk9v6_alumni_main` (`id`, `user_id`, `approved`) VALUES (241115, 241115, 1);
INSERT INTO `lk9v6_alumni_data` (`alumni_id`, `graduation_year`, `fid`, `job`, `address`, `city`, `country`, `phone`, `gid`, `mobile`, `nationalnumber`, `department`, `division`, `with_honor`) VALUES (241115, 2016, '2', '', '', '', '', '', 'ممتاز', '', '', '', '', '');
INSERT INTO `lk9v6_users` (`name`, `email`, `usertype`) VALUES ('هناء محمد عبد المنعم على برغوث', '', 'الخريجين');
INSERT INTO `lk9v6_alumni_main` (`id`, `user_id`, `approved`) VALUES (241116, 241116, 1);
INSERT INTO `lk9v6_alumni_data` (`alumni_id`, `graduation_year`, `fid`, `job`, `address`, `city`, `country`, `phone`, `gid`, `mobile`, `nationalnumber`, `department`, `division`, `with_honor`) VALUES (241116, 2016, '2', '', '', '', '', '', 'ممتاز', '', '', '', '', '');
INSERT INTO `lk9v6_users` (`name`, `email`, `usertype`) VALUES ('هناء ناجى رضوان شاور', '', 'الخريجين');
INSERT INTO `lk9v6_alumni_main` (`id`, `user_id`, `approved`) VALUES (241117, 241117, 1);
INSERT INTO `lk9v6_alumni_data` (`alumni_id`, `graduation_year`, `fid`, `job`, `address`, `city`, `country`, `phone`, `gid`, `mobile`, `nationalnumber`, `department`, `division`, `with_honor`) VALUES (241117, 2016, '2', '', '', '', '', '', 'ممتاز', '', '', '', '', '');
INSERT INTO `lk9v6_users` (`name`, `email`, `usertype`) VALUES ('ياسمين حسنى محمد احمد ', '', 'الخريجين');
INSERT INTO `lk9v6_alumni_main` (`id`, `user_id`, `approved`) VALUES (241118, 241118, 1);
INSERT INTO `lk9v6_alumni_data` (`alumni_id`, `graduation_year`, `fid`, `job`, `address`, `city`, `country`, `phone`, `gid`, `mobile`, `nationalnumber`, `department`, `division`, `with_honor`) VALUES (241118, 2016, '2', '', '', '', '', '', 'ممتاز', '', '', '', '', '');
INSERT INTO `lk9v6_users` (`name`, `email`, `usertype`) VALUES ('ياسمين سعيد محمود السيد السقا', '', 'الخريجين');
INSERT INTO `lk9v6_alumni_main` (`id`, `user_id`, `approved`) VALUES (241119, 241119, 1);
INSERT INTO `lk9v6_alumni_data` (`alumni_id`, `graduation_year`, `fid`, `job`, `address`, `city`, `country`, `phone`, `gid`, `mobile`, `nationalnumber`, `department`, `division`, `with_honor`) VALUES (241119, 2016, '2', '', '', '', '', '', 'ممتاز', '', '', '', '', '');
INSERT INTO `lk9v6_users` (`name`, `email`, `usertype`) VALUES ('ياسمين عادل صابر احمد محمد', '', 'الخريجين');
INSERT INTO `lk9v6_alumni_main` (`id`, `user_id`, `approved`) VALUES (241120, 241120, 1);
INSERT INTO `lk9v6_alumni_data` (`alumni_id`, `graduation_year`, `fid`, `job`, `address`, `city`, `country`, `phone`, `gid`, `mobile`, `nationalnumber`, `department`, `division`, `with_honor`) VALUES (241120, 2016, '2', '', '', '', '', '', 'ممتاز', '', '', '', '', '');
INSERT INTO `lk9v6_users` (`name`, `email`, `usertype`) VALUES ('ياسمين محمد عبد الحفيظ محمد احمد', '', 'الخريجين');
INSERT INTO `lk9v6_alumni_main` (`id`, `user_id`, `approved`) VALUES (241121, 241121, 1);
INSERT INTO `lk9v6_alumni_data` (`alumni_id`, `graduation_year`, `fid`, `job`, `address`, `city`, `country`, `phone`, `gid`, `mobile`, `nationalnumber`, `department`, `division`, `with_honor`) VALUES (241121, 2016, '2', '', '', '', '', '', 'ممتاز', '', '', '', '', '');
INSERT INTO `lk9v6_users` (`name`, `email`, `usertype`) VALUES ('يسر عبد الرحمن محمود القراقصى', '', 'الخريجين');
INSERT INTO `lk9v6_alumni_main` (`id`, `user_id`, `approved`) VALUES (241122, 241122, 1);
INSERT INTO `lk9v6_alumni_data` (`alumni_id`, `graduation_year`, `fid`, `job`, `address`, `city`, `country`, `phone`, `gid`, `mobile`, `nationalnumber`, `department`, `division`, `with_honor`) VALUES (241122, 2016, '2', '', '', '', '', '', 'ممتاز', '', '', '', '', '');
