INSERT INTO `lk9v6_users` (`name`, `email`, `usertype`) VALUES ('مها محمود ابوضيف يوسف', 'maha13s04518@alexu.edu.eg', 'الخريجين');
INSERT INTO `lk9v6_alumni_main` (`id`, `user_id`, `approved`) VALUES (165174, 165174, 1);
INSERT INTO `lk9v6_alumni_data` (`alumni_id`, `graduation_year`, `fid`, `job`, `address`, `city`, `country`, `phone`, `gid`, `mobile`, `nationalnumber`, `department`, `division`, `with_honor`) VALUES (165174, 2015, '1', '', '', '', '', '035776027', '4', '01060616179', '', 'علوم الحاسب الآلي', 'العلوم الطبيعية', '');
INSERT INTO `lk9v6_users` (`name`, `email`, `usertype`) VALUES ('الشيماء على صابر على على', 'alshaima13s04839@alexu.edu.eg', 'الخريجين');
INSERT INTO `lk9v6_alumni_main` (`id`, `user_id`, `approved`) VALUES (165175, 165175, 1);
INSERT INTO `lk9v6_alumni_data` (`alumni_id`, `graduation_year`, `fid`, `job`, `address`, `city`, `country`, `phone`, `gid`, `mobile`, `nationalnumber`, `department`, `division`, `with_honor`) VALUES (165175, 2015, '1', '', '', '', '', '4349643', '4', '01067610162', '', 'الكيمياء', 'العلوم البيولوجية', '');
INSERT INTO `lk9v6_users` (`name`, `email`, `usertype`) VALUES ('اية سيد عبدالفتاح محمد محمود', 'aya13s05240@alexu.edu.eg', 'الخريجين');
INSERT INTO `lk9v6_alumni_main` (`id`, `user_id`, `approved`) VALUES (165176, 165176, 1);
INSERT INTO `lk9v6_alumni_data` (`alumni_id`, `graduation_year`, `fid`, `job`, `address`, `city`, `country`, `phone`, `gid`, `mobile`, `nationalnumber`, `department`, `division`, `with_honor`) VALUES (165176, 2015, '1', '', '', '', '', '0453697494', '4', '01024448664', '', 'الكيمياء', 'العلوم البيولوجية', '');
INSERT INTO `lk9v6_users` (`name`, `email`, `usertype`) VALUES ('دعاء سعد سليمان محمد', 'doaa13s05236@alexu.edu.eg', 'الخريجين');
INSERT INTO `lk9v6_alumni_main` (`id`, `user_id`, `approved`) VALUES (165177, 165177, 1);
INSERT INTO `lk9v6_alumni_data` (`alumni_id`, `graduation_year`, `fid`, `job`, `address`, `city`, `country`, `phone`, `gid`, `mobile`, `nationalnumber`, `department`, `division`, `with_honor`) VALUES (165177, 2015, '1', '', '', '', '', '3550611', '4', '01287488524', '', 'الميكروبيولوجى', 'العلوم البيولوجية', '');
INSERT INTO `lk9v6_users` (`name`, `email`, `usertype`) VALUES ('سامح حسين احمد عبد الدايم', 'sameh13s06418@alexu.edu.eg', 'الخريجين');
INSERT INTO `lk9v6_alumni_main` (`id`, `user_id`, `approved`) VALUES (165178, 165178, 1);
INSERT INTO `lk9v6_alumni_data` (`alumni_id`, `graduation_year`, `fid`, `job`, `address`, `city`, `country`, `phone`, `gid`, `mobile`, `nationalnumber`, `department`, `division`, `with_honor`) VALUES (165178, 2015, '1', '', '', '', '', '4440271', '4', '01092328439', '', 'الكيمياء', 'العلوم البيولوجية', '');
INSERT INTO `lk9v6_users` (`name`, `email`, `usertype`) VALUES ('محمد عبد الفتاح على محمد محمد', 'mohamed13s06217@alexu.edu.eg', 'الخريجين');
INSERT INTO `lk9v6_alumni_main` (`id`, `user_id`, `approved`) VALUES (165179, 165179, 1);
INSERT INTO `lk9v6_alumni_data` (`alumni_id`, `graduation_year`, `fid`, `job`, `address`, `city`, `country`, `phone`, `gid`, `mobile`, `nationalnumber`, `department`, `division`, `with_honor`) VALUES (165179, 2015, '1', '', '', '', '', '5265083', '4', '01110911522', '', 'الميكروبيولوجى', 'العلوم البيولوجية', '');
INSERT INTO `lk9v6_users` (`name`, `email`, `usertype`) VALUES ('هبه عبده بهجت عبدالمهيمن', 'heba13s05823@alexu.edu.eg', 'الخريجين');
INSERT INTO `lk9v6_alumni_main` (`id`, `user_id`, `approved`) VALUES (165180, 165180, 1);
INSERT INTO `lk9v6_alumni_data` (`alumni_id`, `graduation_year`, `fid`, `job`, `address`, `city`, `country`, `phone`, `gid`, `mobile`, `nationalnumber`, `department`, `division`, `with_honor`) VALUES (165180, 2015, '1', '', '', '', '', '5184566', '3', '01220238882', '', 'الكيمياء', 'العلوم البيولوجية', '');
INSERT INTO `lk9v6_users` (`name`, `email`, `usertype`) VALUES ('مصطفى محمد الحبشى معوض', 'mustafa13s06778@alexu.edu.eg', 'الخريجين');
INSERT INTO `lk9v6_alumni_main` (`id`, `user_id`, `approved`) VALUES (165181, 165181, 1);
INSERT INTO `lk9v6_alumni_data` (`alumni_id`, `graduation_year`, `fid`, `job`, `address`, `city`, `country`, `phone`, `gid`, `mobile`, `nationalnumber`, `department`, `division`, `with_honor`) VALUES (165181, 2015, '1', '', '', '', '', '034390761', '3', '01153508161', '', 'الكيمياء', 'العلوم البيولوجية', '');
INSERT INTO `lk9v6_users` (`name`, `email`, `usertype`) VALUES ('بسمه جرجس حلمى برتلا', 'basma13s06379@alexu.edu.eg', 'الخريجين');
INSERT INTO `lk9v6_alumni_main` (`id`, `user_id`, `approved`) VALUES (165182, 165182, 1);
INSERT INTO `lk9v6_alumni_data` (`alumni_id`, `graduation_year`, `fid`, `job`, `address`, `city`, `country`, `phone`, `gid`, `mobile`, `nationalnumber`, `department`, `division`, `with_honor`) VALUES (165182, 2015, '1', '', '', '', '', '01226684090', '3', '01226684090', '', 'الكيمياء', 'العلوم البيولوجية', '');
INSERT INTO `lk9v6_users` (`name`, `email`, `usertype`) VALUES ('امنيه عبدالحميد محمد شلبى', 'omnia13s04909@alexu.edu.eg', 'الخريجين');
INSERT INTO `lk9v6_alumni_main` (`id`, `user_id`, `approved`) VALUES (165183, 165183, 1);
INSERT INTO `lk9v6_alumni_data` (`alumni_id`, `graduation_year`, `fid`, `job`, `address`, `city`, `country`, `phone`, `gid`, `mobile`, `nationalnumber`, `department`, `division`, `with_honor`) VALUES (165183, 2015, '1', '', '', '', '', '0453327728', '3', '01009391292', '', 'الكيمياء', 'العلوم البيولوجية', '');
INSERT INTO `lk9v6_users` (`name`, `email`, `usertype`) VALUES ('حسام حسن محمد فايد', 'hossam13s03716@alexu.edu.eg', 'الخريجين');
INSERT INTO `lk9v6_alumni_main` (`id`, `user_id`, `approved`) VALUES (165184, 165184, 1);
INSERT INTO `lk9v6_alumni_data` (`alumni_id`, `graduation_year`, `fid`, `job`, `address`, `city`, `country`, `phone`, `gid`, `mobile`, `nationalnumber`, `department`, `division`, `with_honor`) VALUES (165184, 2014, '1', '', '', '', '', '0453334168', '2', '01001983908', '', 'الجيولوجيا', 'العلوم الجيولوجية', '');
INSERT INTO `lk9v6_users` (`name`, `email`, `usertype`) VALUES ('حسن ابراهيم محمد دياب', 'hassan13s05122@alexu.edu.eg', 'الخريجين');
INSERT INTO `lk9v6_alumni_main` (`id`, `user_id`, `approved`) VALUES (165185, 165185, 1);
INSERT INTO `lk9v6_alumni_data` (`alumni_id`, `graduation_year`, `fid`, `job`, `address`, `city`, `country`, `phone`, `gid`, `mobile`, `nationalnumber`, `department`, `division`, `with_honor`) VALUES (165185, 2015, '1', '', '', '', '', '0453686620', '5', '0190556929', '', 'الجيولوجيا', 'العلوم الجيولوجية', '');
INSERT INTO `lk9v6_users` (`name`, `email`, `usertype`) VALUES ('اسماء عبداللطيف فهمى محمد المهدى', 'asmaa13s05049@alexu.edu.eg', 'الخريجين');
INSERT INTO `lk9v6_alumni_main` (`id`, `user_id`, `approved`) VALUES (165186, 165186, 1);
INSERT INTO `lk9v6_alumni_data` (`alumni_id`, `graduation_year`, `fid`, `job`, `address`, `city`, `country`, `phone`, `gid`, `mobile`, `nationalnumber`, `department`, `division`, `with_honor`) VALUES (165186, 2015, '1', '', '', '', '', '0453731963', '4', '01025021061', '', 'الجيولوجيا', 'العلوم الجيولوجية', '');
INSERT INTO `lk9v6_users` (`name`, `email`, `usertype`) VALUES ('ايمان جمال السيد السيد غازى', 'eman13s06817@alexu.edu.eg', 'الخريجين');
INSERT INTO `lk9v6_alumni_main` (`id`, `user_id`, `approved`) VALUES (165187, 165187, 1);
INSERT INTO `lk9v6_alumni_data` (`alumni_id`, `graduation_year`, `fid`, `job`, `address`, `city`, `country`, `phone`, `gid`, `mobile`, `nationalnumber`, `department`, `division`, `with_honor`) VALUES (165187, 2015, '1', '', '', '', '', '0452215019', '4', '01206483414', '', 'الجيولوجيا', 'العلوم الجيولوجية', '');
INSERT INTO `lk9v6_users` (`name`, `email`, `usertype`) VALUES ('طارق احمد محمد بسيونى ناضر', 'tarek13s04147@alexu.edu.eg', 'الخريجين');
INSERT INTO `lk9v6_alumni_main` (`id`, `user_id`, `approved`) VALUES (165188, 165188, 1);
INSERT INTO `lk9v6_alumni_data` (`alumni_id`, `graduation_year`, `fid`, `job`, `address`, `city`, `country`, `phone`, `gid`, `mobile`, `nationalnumber`, `department`, `division`, `with_honor`) VALUES (165188, 2015, '1', '', '', '', '', '5073021', '4', '01008200952', '', 'الجيولوجيا', 'العلوم الجيولوجية', '');
INSERT INTO `lk9v6_users` (`name`, `email`, `usertype`) VALUES ('عمر مختار محمود زايد', 'omar13s06549@alexu.edu.eg', 'الخريجين');
INSERT INTO `lk9v6_alumni_main` (`id`, `user_id`, `approved`) VALUES (165189, 165189, 1);
INSERT INTO `lk9v6_alumni_data` (`alumni_id`, `graduation_year`, `fid`, `job`, `address`, `city`, `country`, `phone`, `gid`, `mobile`, `nationalnumber`, `department`, `division`, `with_honor`) VALUES (165189, 2015, '1', '', '', '', '', '035457694', '4', '01119207672', '', 'الجيولوجيا', 'العلوم الجيولوجية', '');
INSERT INTO `lk9v6_users` (`name`, `email`, `usertype`) VALUES ('محمد حسن جابر احمد', 'mohamed13s04631@alexu.edu.eg', 'الخريجين');
INSERT INTO `lk9v6_alumni_main` (`id`, `user_id`, `approved`) VALUES (165190, 165190, 1);
INSERT INTO `lk9v6_alumni_data` (`alumni_id`, `graduation_year`, `fid`, `job`, `address`, `city`, `country`, `phone`, `gid`, `mobile`, `nationalnumber`, `department`, `division`, `with_honor`) VALUES (165190, 2015, '1', '', '', '', '', '4400972', '4', '01092819688', '', 'الجيولوجيا', 'العلوم الجيولوجية', '');
INSERT INTO `lk9v6_users` (`name`, `email`, `usertype`) VALUES ('محمد صلاح الدين محمد عبدالغنى سيدروحه', 'mohamed13s05427@alexu.edu.eg', 'الخريجين');
INSERT INTO `lk9v6_alumni_main` (`id`, `user_id`, `approved`) VALUES (165191, 165191, 1);
INSERT INTO `lk9v6_alumni_data` (`alumni_id`, `graduation_year`, `fid`, `job`, `address`, `city`, `country`, `phone`, `gid`, `mobile`, `nationalnumber`, `department`, `division`, `with_honor`) VALUES (165191, 2015, '1', '', '', '', '', '0472971197', '4', '01004254865', '', 'الجيولوجيا', 'العلوم الجيولوجية', '');
INSERT INTO `lk9v6_users` (`name`, `email`, `usertype`) VALUES ('محمد عبدالحميد محمد عبدالحميد الصعيدى', 'mohamed13s05708@alexu.edu.eg', 'الخريجين');
INSERT INTO `lk9v6_alumni_main` (`id`, `user_id`, `approved`) VALUES (165192, 165192, 1);
INSERT INTO `lk9v6_alumni_data` (`alumni_id`, `graduation_year`, `fid`, `job`, `address`, `city`, `country`, `phone`, `gid`, `mobile`, `nationalnumber`, `department`, `division`, `with_honor`) VALUES (165192, 2015, '1', '', '', '', '', '0452960442', '4', '01009696215', '', 'الجيولوجيا', 'العلوم الجيولوجية', '');
INSERT INTO `lk9v6_users` (`name`, `email`, `usertype`) VALUES ('محمود عادل محمد مكى', 'mahmoud13s04972@alexu.edu.eg', 'الخريجين');
INSERT INTO `lk9v6_alumni_main` (`id`, `user_id`, `approved`) VALUES (165193, 165193, 1);
INSERT INTO `lk9v6_alumni_data` (`alumni_id`, `graduation_year`, `fid`, `job`, `address`, `city`, `country`, `phone`, `gid`, `mobile`, `nationalnumber`, `department`, `division`, `with_honor`) VALUES (165193, 2015, '1', '', '', '', '', '0453687701', '4', '01064066712', '', 'الجيولوجيا', 'العلوم الجيولوجية', '');
INSERT INTO `lk9v6_users` (`name`, `email`, `usertype`) VALUES ('منه احمد ابوالنصر شهاب الدين', 'menna13s05653@alexu.edu.eg', 'الخريجين');
INSERT INTO `lk9v6_alumni_main` (`id`, `user_id`, `approved`) VALUES (165194, 165194, 1);
INSERT INTO `lk9v6_alumni_data` (`alumni_id`, `graduation_year`, `fid`, `job`, `address`, `city`, `country`, `phone`, `gid`, `mobile`, `nationalnumber`, `department`, `division`, `with_honor`) VALUES (165194, 2015, '1', '', '', '', '', '0472971999', '4', '01011784808', '', 'الجيولوجيا', 'العلوم الجيولوجية', '');
INSERT INTO `lk9v6_users` (`name`, `email`, `usertype`) VALUES ('محمد التهامى محمد اسماعيل حسن', 'mohamed13s04407@alexu.edu.eg', 'الخريجين');
INSERT INTO `lk9v6_alumni_main` (`id`, `user_id`, `approved`) VALUES (165195, 165195, 1);
INSERT INTO `lk9v6_alumni_data` (`alumni_id`, `graduation_year`, `fid`, `job`, `address`, `city`, `country`, `phone`, `gid`, `mobile`, `nationalnumber`, `department`, `division`, `with_honor`) VALUES (165195, 2015, '1', '', '', '', '', '01277577648', '3', '01066346508', '', 'الجيولوجيا', 'العلوم الجيولوجية', '');
INSERT INTO `lk9v6_users` (`name`, `email`, `usertype`) VALUES ('طارق محمد محمد الشناط', 'tarek13s04142@alexu.edu.eg', 'الخريجين');
INSERT INTO `lk9v6_alumni_main` (`id`, `user_id`, `approved`) VALUES (165196, 165196, 1);
INSERT INTO `lk9v6_alumni_data` (`alumni_id`, `graduation_year`, `fid`, `job`, `address`, `city`, `country`, `phone`, `gid`, `mobile`, `nationalnumber`, `department`, `division`, `with_honor`) VALUES (165196, 2015, '1', '', '', '', '', '0472719828', '3', '01002876971', '', 'الجيولوجيا', 'العلوم الجيولوجية', '');
INSERT INTO `lk9v6_users` (`name`, `email`, `usertype`) VALUES ('ابراهيم محمد احمد درويش', 'ibrahim13s04424@alexu.edu.eg', 'الخريجين');
INSERT INTO `lk9v6_alumni_main` (`id`, `user_id`, `approved`) VALUES (165197, 165197, 1);
INSERT INTO `lk9v6_alumni_data` (`alumni_id`, `graduation_year`, `fid`, `job`, `address`, `city`, `country`, `phone`, `gid`, `mobile`, `nationalnumber`, `department`, `division`, `with_honor`) VALUES (165197, 2015, '1', '', '', '', '', '033227493', '3', '01093802663', '', 'الجيولوجيا', 'العلوم الجيولوجية', '');
INSERT INTO `lk9v6_users` (`name`, `email`, `usertype`) VALUES ('ساره عصام حلمى محمود سلام', 'sara13s04661@alexu.edu.eg', 'الخريجين');
INSERT INTO `lk9v6_alumni_main` (`id`, `user_id`, `approved`) VALUES (165198, 165198, 1);
INSERT INTO `lk9v6_alumni_data` (`alumni_id`, `graduation_year`, `fid`, `job`, `address`, `city`, `country`, `phone`, `gid`, `mobile`, `nationalnumber`, `department`, `division`, `with_honor`) VALUES (165198, 2015, '1', '', '', '', '', '0452216228', '3', '0180750347', '', 'الجيولوجيا', 'العلوم الجيولوجية', '');
INSERT INTO `lk9v6_users` (`name`, `email`, `usertype`) VALUES ('احمد محمد عبد المنعم محمد', 'ahmed13s01281@alexu.edu.eg', 'الخريجين');
INSERT INTO `lk9v6_alumni_main` (`id`, `user_id`, `approved`) VALUES (165199, 165199, 1);
INSERT INTO `lk9v6_alumni_data` (`alumni_id`, `graduation_year`, `fid`, `job`, `address`, `city`, `country`, `phone`, `gid`, `mobile`, `nationalnumber`, `department`, `division`, `with_honor`) VALUES (165199, 2014, '1', '', '', '', '', '000000000', '2', '01125696046', '', 'الكيمياء', 'العلوم الجيولوجية', '');
INSERT INTO `lk9v6_users` (`name`, `email`, `usertype`) VALUES ('محمد السيد محمد حسن', 'mohamed13s01323@alexu.edu.eg', 'الخريجين');
INSERT INTO `lk9v6_alumni_main` (`id`, `user_id`, `approved`) VALUES (165200, 165200, 1);
INSERT INTO `lk9v6_alumni_data` (`alumni_id`, `graduation_year`, `fid`, `job`, `address`, `city`, `country`, `phone`, `gid`, `mobile`, `nationalnumber`, `department`, `division`, `with_honor`) VALUES (165200, 2014, '1', '', '', '', '', '035091235', '3', '01141935538', '', 'الكيمياء', 'العلوم الجيولوجية', '');
INSERT INTO `lk9v6_users` (`name`, `email`, `usertype`) VALUES ('احمد حمدى يوسف على', 'ahmed13s05305@alexu.edu.eg', 'الخريجين');
INSERT INTO `lk9v6_alumni_main` (`id`, `user_id`, `approved`) VALUES (165201, 165201, 1);
INSERT INTO `lk9v6_alumni_data` (`alumni_id`, `graduation_year`, `fid`, `job`, `address`, `city`, `country`, `phone`, `gid`, `mobile`, `nationalnumber`, `department`, `division`, `with_honor`) VALUES (165201, 2015, '1', '', '', '', '', '0473836086', '5', '01091135369', '', 'الجيوفيزياء', 'العلوم الجيولوجية', '');
INSERT INTO `lk9v6_users` (`name`, `email`, `usertype`) VALUES ('محمد مصطفى على على ريشه', 'mohamed13s04837@alexu.edu.eg', 'الخريجين');
INSERT INTO `lk9v6_alumni_main` (`id`, `user_id`, `approved`) VALUES (165202, 165202, 1);
INSERT INTO `lk9v6_alumni_data` (`alumni_id`, `graduation_year`, `fid`, `job`, `address`, `city`, `country`, `phone`, `gid`, `mobile`, `nationalnumber`, `department`, `division`, `with_honor`) VALUES (165202, 2015, '1', '', '', '', '', '5262933', '5', '01111736371', '', 'الجيوفيزياء', 'العلوم الجيولوجية', '');
INSERT INTO `lk9v6_users` (`name`, `email`, `usertype`) VALUES ('عبد الرحمن محمود محمد أحمد على', 'abdelrahman13s05860@alexu.edu.eg', 'الخريجين');
INSERT INTO `lk9v6_alumni_main` (`id`, `user_id`, `approved`) VALUES (165203, 165203, 1);
INSERT INTO `lk9v6_alumni_data` (`alumni_id`, `graduation_year`, `fid`, `job`, `address`, `city`, `country`, `phone`, `gid`, `mobile`, `nationalnumber`, `department`, `division`, `with_honor`) VALUES (165203, 2015, '1', '', '', '', '', '033950536', '5', '01090530451', '', 'الجيوفيزياء', 'العلوم الجيولوجية', '');
INSERT INTO `lk9v6_users` (`name`, `email`, `usertype`) VALUES ('اشرف طارق عبد العزيز درويش', 'ashraf13s04327@alexu.edu.eg', 'الخريجين');
INSERT INTO `lk9v6_alumni_main` (`id`, `user_id`, `approved`) VALUES (165204, 165204, 1);
INSERT INTO `lk9v6_alumni_data` (`alumni_id`, `graduation_year`, `fid`, `job`, `address`, `city`, `country`, `phone`, `gid`, `mobile`, `nationalnumber`, `department`, `division`, `with_honor`) VALUES (165204, 2015, '1', '', '', '', '', '034404362', '4', '01205921218', '', 'الكيمياء', 'العلوم الجيولوجية', '');
INSERT INTO `lk9v6_users` (`name`, `email`, `usertype`) VALUES ('بسنت السيد خليل السيد الشبكى', 'basant13s04809@alexu.edu.eg', 'الخريجين');
INSERT INTO `lk9v6_alumni_main` (`id`, `user_id`, `approved`) VALUES (165205, 165205, 1);
INSERT INTO `lk9v6_alumni_data` (`alumni_id`, `graduation_year`, `fid`, `job`, `address`, `city`, `country`, `phone`, `gid`, `mobile`, `nationalnumber`, `department`, `division`, `with_honor`) VALUES (165205, 2015, '1', '', '', '', '', '035562919', '4', '01224611186', '', 'الجيوفيزياء', 'العلوم الجيولوجية', '');
INSERT INTO `lk9v6_users` (`name`, `email`, `usertype`) VALUES ('ساره جلال طه محمد مصطفى', 'sara13s04736@alexu.edu.eg', 'الخريجين');
INSERT INTO `lk9v6_alumni_main` (`id`, `user_id`, `approved`) VALUES (165206, 165206, 1);
INSERT INTO `lk9v6_alumni_data` (`alumni_id`, `graduation_year`, `fid`, `job`, `address`, `city`, `country`, `phone`, `gid`, `mobile`, `nationalnumber`, `department`, `division`, `with_honor`) VALUES (165206, 2015, '1', '', '', '', '', '034363179', '4', '01063999351', '', 'الكيمياء', 'العلوم الجيولوجية', '');
INSERT INTO `lk9v6_users` (`name`, `email`, `usertype`) VALUES ('عبدالحميد احمد عبدالحميد احمد', 'abdelhamed13s04507@alexu.edu.eg', 'الخريجين');
INSERT INTO `lk9v6_alumni_main` (`id`, `user_id`, `approved`) VALUES (165207, 165207, 1);
INSERT INTO `lk9v6_alumni_data` (`alumni_id`, `graduation_year`, `fid`, `job`, `address`, `city`, `country`, `phone`, `gid`, `mobile`, `nationalnumber`, `department`, `division`, `with_honor`) VALUES (165207, 2015, '1', '', '', '', '', '4444563', '4', '0193403573', '', 'الجيوفيزياء', 'العلوم الجيولوجية', '');
INSERT INTO `lk9v6_users` (`name`, `email`, `usertype`) VALUES ('محمد سامى عبد الحميد عجمى', 'mohamed13s06209@alexu.edu.eg', 'الخريجين');
INSERT INTO `lk9v6_alumni_main` (`id`, `user_id`, `approved`) VALUES (165208, 165208, 1);
INSERT INTO `lk9v6_alumni_data` (`alumni_id`, `graduation_year`, `fid`, `job`, `address`, `city`, `country`, `phone`, `gid`, `mobile`, `nationalnumber`, `department`, `division`, `with_honor`) VALUES (165208, 2015, '1', '', '', '', '', '035040466', '4', '0179126612', '', 'الجيوفيزياء', 'العلوم الجيولوجية', '');
INSERT INTO `lk9v6_users` (`name`, `email`, `usertype`) VALUES ('محمد سعيد احمد عبدالله حسنين', 'mohamed13s04924@alexu.edu.eg', 'الخريجين');
INSERT INTO `lk9v6_alumni_main` (`id`, `user_id`, `approved`) VALUES (165209, 165209, 1);
INSERT INTO `lk9v6_alumni_data` (`alumni_id`, `graduation_year`, `fid`, `job`, `address`, `city`, `country`, `phone`, `gid`, `mobile`, `nationalnumber`, `department`, `division`, `with_honor`) VALUES (165209, 2015, '1', '', '', '', '', '033232198', '4', '01113596252', '', 'الجيوفيزياء', 'العلوم الجيولوجية', '');
INSERT INTO `lk9v6_users` (`name`, `email`, `usertype`) VALUES ('نورهان محمد ابوالفتوح مصطفى مصطفى خلف', 'nourhan13s04762@alexu.edu.eg', 'الخريجين');
INSERT INTO `lk9v6_alumni_main` (`id`, `user_id`, `approved`) VALUES (165210, 165210, 1);
INSERT INTO `lk9v6_alumni_data` (`alumni_id`, `graduation_year`, `fid`, `job`, `address`, `city`, `country`, `phone`, `gid`, `mobile`, `nationalnumber`, `department`, `division`, `with_honor`) VALUES (165210, 2015, '1', '', '', '', '', '4861767', '4', '01006492536', '', 'الكيمياء', 'العلوم الجيولوجية', '');
INSERT INTO `lk9v6_users` (`name`, `email`, `usertype`) VALUES ('هدير حسن عبد الفتاح حسن سيد احمد', 'hadeer13s04377@alexu.edu.eg', 'الخريجين');
INSERT INTO `lk9v6_alumni_main` (`id`, `user_id`, `approved`) VALUES (165211, 165211, 1);
INSERT INTO `lk9v6_alumni_data` (`alumni_id`, `graduation_year`, `fid`, `job`, `address`, `city`, `country`, `phone`, `gid`, `mobile`, `nationalnumber`, `department`, `division`, `with_honor`) VALUES (165211, 2015, '1', '', '', '', '', '035768273', '4', '01203660074', '', 'الجيوفيزياء', 'العلوم الجيولوجية', '');
INSERT INTO `lk9v6_users` (`name`, `email`, `usertype`) VALUES ('ولاء محمد عبد العاطى حسن', 'walaa13s04511@alexu.edu.eg', 'الخريجين');
INSERT INTO `lk9v6_alumni_main` (`id`, `user_id`, `approved`) VALUES (165212, 165212, 1);
INSERT INTO `lk9v6_alumni_data` (`alumni_id`, `graduation_year`, `fid`, `job`, `address`, `city`, `country`, `phone`, `gid`, `mobile`, `nationalnumber`, `department`, `division`, `with_honor`) VALUES (165212, 2015, '1', '', '', '', '', '034365373', '4', '0180249072', '', 'الكيمياء', 'العلوم الجيولوجية', '');
INSERT INTO `lk9v6_users` (`name`, `email`, `usertype`) VALUES ('خليل محمد حسن خليل', 'khalil13s05056@alexu.edu.eg', 'الخريجين');
INSERT INTO `lk9v6_alumni_main` (`id`, `user_id`, `approved`) VALUES (165213, 165213, 1);
INSERT INTO `lk9v6_alumni_data` (`alumni_id`, `graduation_year`, `fid`, `job`, `address`, `city`, `country`, `phone`, `gid`, `mobile`, `nationalnumber`, `department`, `division`, `with_honor`) VALUES (165213, 2015, '1', '', '', '', '', '034875511', '3', '01220065950', '', 'الكيمياء', 'العلوم الجيولوجية', '');
INSERT INTO `lk9v6_users` (`name`, `email`, `usertype`) VALUES ('دينا مصطفى السيد سالم عبدالمعطى', 'dina13s05389@alexu.edu.eg', 'الخريجين');
INSERT INTO `lk9v6_alumni_main` (`id`, `user_id`, `approved`) VALUES (165214, 165214, 1);
INSERT INTO `lk9v6_alumni_data` (`alumni_id`, `graduation_year`, `fid`, `job`, `address`, `city`, `country`, `phone`, `gid`, `mobile`, `nationalnumber`, `department`, `division`, `with_honor`) VALUES (165214, 2015, '1', '', '', '', '', '033226920', '3', '01200978795', '', 'الكيمياء', 'العلوم الجيولوجية', '');
INSERT INTO `lk9v6_users` (`name`, `email`, `usertype`) VALUES ('شروق حسن غنيم محمد حسن', 'sherok13s04697@alexu.edu.eg', 'الخريجين');
INSERT INTO `lk9v6_alumni_main` (`id`, `user_id`, `approved`) VALUES (165215, 165215, 1);
INSERT INTO `lk9v6_alumni_data` (`alumni_id`, `graduation_year`, `fid`, `job`, `address`, `city`, `country`, `phone`, `gid`, `mobile`, `nationalnumber`, `department`, `division`, `with_honor`) VALUES (165215, 2015, '1', '', '', '', '', '5627353', '3', '0182167409', '', 'الكيمياء', 'العلوم الجيولوجية', '');
INSERT INTO `lk9v6_users` (`name`, `email`, `usertype`) VALUES ('عبد الله خميس ابراهيم إسماعيل', 'abdullah13s06641@alexu.edu.eg', 'الخريجين');
INSERT INTO `lk9v6_alumni_main` (`id`, `user_id`, `approved`) VALUES (165216, 165216, 1);
INSERT INTO `lk9v6_alumni_data` (`alumni_id`, `graduation_year`, `fid`, `job`, `address`, `city`, `country`, `phone`, `gid`, `mobile`, `nationalnumber`, `department`, `division`, `with_honor`) VALUES (165216, 2015, '1', '', '', '', '', '035629740', '3', '01017960016', '', 'الجيوفيزياء', 'العلوم الجيولوجية', '');
INSERT INTO `lk9v6_users` (`name`, `email`, `usertype`) VALUES ('اسراء عبد الودود حسن محمد خليفه', 'esraa13s06140@alexu.edu.eg', 'الخريجين');
INSERT INTO `lk9v6_alumni_main` (`id`, `user_id`, `approved`) VALUES (165217, 165217, 1);
INSERT INTO `lk9v6_alumni_data` (`alumni_id`, `graduation_year`, `fid`, `job`, `address`, `city`, `country`, `phone`, `gid`, `mobile`, `nationalnumber`, `department`, `division`, `with_honor`) VALUES (165217, 2015, '1', '', '', '', '', '034389504', '3', '01202823607', '', 'الكيمياء', 'العلوم الجيولوجية', '');
INSERT INTO `lk9v6_users` (`name`, `email`, `usertype`) VALUES ('احمد نصر احمد محمد احمد', 'ahmed13s04773@alexu.edu.eg', 'الخريجين');
INSERT INTO `lk9v6_alumni_main` (`id`, `user_id`, `approved`) VALUES (165218, 165218, 1);
INSERT INTO `lk9v6_alumni_data` (`alumni_id`, `graduation_year`, `fid`, `job`, `address`, `city`, `country`, `phone`, `gid`, `mobile`, `nationalnumber`, `department`, `division`, `with_honor`) VALUES (165218, 2015, '1', '', '', '', '', '5781660', '3', '0184738089', '', 'الكيمياء', 'العلوم الجيولوجية', '');
INSERT INTO `lk9v6_users` (`name`, `email`, `usertype`) VALUES ('محمد خليل على خليل يوسف', 'mohamed13s04698@alexu.edu.eg', 'الخريجين');
INSERT INTO `lk9v6_alumni_main` (`id`, `user_id`, `approved`) VALUES (165219, 165219, 1);
INSERT INTO `lk9v6_alumni_data` (`alumni_id`, `graduation_year`, `fid`, `job`, `address`, `city`, `country`, `phone`, `gid`, `mobile`, `nationalnumber`, `department`, `division`, `with_honor`) VALUES (165219, 2015, '1', '', '', '', '', '4350965', '3', '0185666025', '', 'الكيمياء', 'العلوم الجيولوجية', '');
INSERT INTO `lk9v6_users` (`name`, `email`, `usertype`) VALUES ('طه عبد العزيز مصطفى الخولى', 'taha13s04132@alexu.edu.eg', 'الخريجين');
INSERT INTO `lk9v6_alumni_main` (`id`, `user_id`, `approved`) VALUES (165220, 165220, 1);
INSERT INTO `lk9v6_alumni_data` (`alumni_id`, `graduation_year`, `fid`, `job`, `address`, `city`, `country`, `phone`, `gid`, `mobile`, `nationalnumber`, `department`, `division`, `with_honor`) VALUES (165220, 2015, '1', '', '', '', '', '3241130', '3', '01220081209', '', 'الجيوفيزياء', 'العلوم الجيولوجية', '');
INSERT INTO `lk9v6_users` (`name`, `email`, `usertype`) VALUES ('محمد عزت محمد احمد عاصم', 'mohamed13s05700@alexu.edu.eg', 'الخريجين');
INSERT INTO `lk9v6_alumni_main` (`id`, `user_id`, `approved`) VALUES (165221, 165221, 1);
INSERT INTO `lk9v6_alumni_data` (`alumni_id`, `graduation_year`, `fid`, `job`, `address`, `city`, `country`, `phone`, `gid`, `mobile`, `nationalnumber`, `department`, `division`, `with_honor`) VALUES (165221, 2015, '1', '', '', '', '', '035762337', '3', '01204466269', '', 'الكيمياء', 'العلوم الجيولوجية', '');
INSERT INTO `lk9v6_users` (`name`, `email`, `usertype`) VALUES ('نورهان عباس محمود حسن حماد', 'nourhan13s04626@alexu.edu.eg', 'الخريجين');
INSERT INTO `lk9v6_alumni_main` (`id`, `user_id`, `approved`) VALUES (165222, 165222, 1);
INSERT INTO `lk9v6_alumni_data` (`alumni_id`, `graduation_year`, `fid`, `job`, `address`, `city`, `country`, `phone`, `gid`, `mobile`, `nationalnumber`, `department`, `division`, `with_honor`) VALUES (165222, 2015, '1', '', '', '', '', '4338862', '3', '01007609115', '', 'الكيمياء', 'العلوم الجيولوجية', '');
INSERT INTO `lk9v6_users` (`name`, `email`, `usertype`) VALUES ('دنيا سامى محمود محمد شحاتة', 'dina13s06522@alexu.edu.eg', 'الخريجين');
INSERT INTO `lk9v6_alumni_main` (`id`, `user_id`, `approved`) VALUES (165223, 165223, 1);
INSERT INTO `lk9v6_alumni_data` (`alumni_id`, `graduation_year`, `fid`, `job`, `address`, `city`, `country`, `phone`, `gid`, `mobile`, `nationalnumber`, `department`, `division`, `with_honor`) VALUES (165223, 2015, '1', '', '', '', '', '034948743', '3', '0196968282', '', 'الكيمياء', 'العلوم الجيولوجية', '');
INSERT INTO `lk9v6_users` (`name`, `email`, `usertype`) VALUES ('كريم محمد زكى على', 'karim13s06831@alexu.edu.eg', 'الخريجين');
INSERT INTO `lk9v6_alumni_main` (`id`, `user_id`, `approved`) VALUES (165224, 165224, 1);
INSERT INTO `lk9v6_alumni_data` (`alumni_id`, `graduation_year`, `fid`, `job`, `address`, `city`, `country`, `phone`, `gid`, `mobile`, `nationalnumber`, `department`, `division`, `with_honor`) VALUES (165224, 2015, '1', '', '', '', '', '5038331', '3', '01283341721', '', 'الكيمياء', 'العلوم الجيولوجية', '');
INSERT INTO `lk9v6_users` (`name`, `email`, `usertype`) VALUES ('اسراء ممدوح جابر محمد', 'esraa13s04662@alexu.edu.eg', 'الخريجين');
INSERT INTO `lk9v6_alumni_main` (`id`, `user_id`, `approved`) VALUES (165225, 165225, 1);
INSERT INTO `lk9v6_alumni_data` (`alumni_id`, `graduation_year`, `fid`, `job`, `address`, `city`, `country`, `phone`, `gid`, `mobile`, `nationalnumber`, `department`, `division`, `with_honor`) VALUES (165225, 2015, '1', '', '', '', '', '033592412', '3', '0190088220', '', 'الكيمياء', 'العلوم الجيولوجية', '');
INSERT INTO `lk9v6_users` (`name`, `email`, `usertype`) VALUES ('نضال صلاح محمد عشوش', 'nedal13s04267@alexu.edu.eg', 'الخريجين');
INSERT INTO `lk9v6_alumni_main` (`id`, `user_id`, `approved`) VALUES (165226, 165226, 1);
INSERT INTO `lk9v6_alumni_data` (`alumni_id`, `graduation_year`, `fid`, `job`, `address`, `city`, `country`, `phone`, `gid`, `mobile`, `nationalnumber`, `department`, `division`, `with_honor`) VALUES (165226, 2015, '1', '', '', '', '', '035432154', '3', '01068327276', '', 'الجيوفيزياء', 'العلوم الجيولوجية', '');
INSERT INTO `lk9v6_users` (`name`, `email`, `usertype`) VALUES ('محمد سعد حسن ابو زيد', 'mohamed13s04711@alexu.edu.eg', 'الخريجين');
INSERT INTO `lk9v6_alumni_main` (`id`, `user_id`, `approved`) VALUES (165227, 165227, 1);
INSERT INTO `lk9v6_alumni_data` (`alumni_id`, `graduation_year`, `fid`, `job`, `address`, `city`, `country`, `phone`, `gid`, `mobile`, `nationalnumber`, `department`, `division`, `with_honor`) VALUES (165227, 2015, '1', '', '', '', '', '4371806', '3', '01226709014', '', 'الكيمياء', 'العلوم الجيولوجية', '');
INSERT INTO `lk9v6_users` (`name`, `email`, `usertype`) VALUES ('محمود حمزة احمد رفاعى', 'mahmoud13s04190@alexu.edu.eg', 'الخريجين');
INSERT INTO `lk9v6_alumni_main` (`id`, `user_id`, `approved`) VALUES (165228, 165228, 1);
INSERT INTO `lk9v6_alumni_data` (`alumni_id`, `graduation_year`, `fid`, `job`, `address`, `city`, `country`, `phone`, `gid`, `mobile`, `nationalnumber`, `department`, `division`, `with_honor`) VALUES (165228, 2015, '1', '', '', '', '', '0311111', '2', '01146310281', '', 'الجيوفيزياء', 'العلوم الجيولوجية', '');
INSERT INTO `lk9v6_users` (`name`, `email`, `usertype`) VALUES ('محمد مصطفى مصطفى السيد', 'mohamed13s06627@alexu.edu.eg', 'الخريجين');
INSERT INTO `lk9v6_alumni_main` (`id`, `user_id`, `approved`) VALUES (165229, 165229, 1);
INSERT INTO `lk9v6_alumni_data` (`alumni_id`, `graduation_year`, `fid`, `job`, `address`, `city`, `country`, `phone`, `gid`, `mobile`, `nationalnumber`, `department`, `division`, `with_honor`) VALUES (165229, 2015, '1', '', '', '', '', '3094132', '2', '01225772859', '', 'الجيوفيزياء', 'العلوم الجيولوجية', '');
INSERT INTO `lk9v6_users` (`name`, `email`, `usertype`) VALUES ('رانا محمد سعيد عباس غازى', 'rania13s06299@alexu.edu.eg', 'الخريجين');
INSERT INTO `lk9v6_alumni_main` (`id`, `user_id`, `approved`) VALUES (165230, 165230, 1);
INSERT INTO `lk9v6_alumni_data` (`alumni_id`, `graduation_year`, `fid`, `job`, `address`, `city`, `country`, `phone`, `gid`, `mobile`, `nationalnumber`, `department`, `division`, `with_honor`) VALUES (165230, 2015, '1', '', '', '', '', '033934391', '2', '01220513162', '', 'الجيوفيزياء', 'العلوم الجيولوجية', '');
INSERT INTO `lk9v6_users` (`name`, `email`, `usertype`) VALUES ('شروق مجدى عبدالله ابو شعره', 'sherok13s04802@alexu.edu.eg', 'الخريجين');
INSERT INTO `lk9v6_alumni_main` (`id`, `user_id`, `approved`) VALUES (165231, 165231, 1);
INSERT INTO `lk9v6_alumni_data` (`alumni_id`, `graduation_year`, `fid`, `job`, `address`, `city`, `country`, `phone`, `gid`, `mobile`, `nationalnumber`, `department`, `division`, `with_honor`) VALUES (165231, 2015, '1', '', '', '', '', '0453323827', '2', '01011942152', '', 'الكيمياء', 'العلوم الجيولوجية', '');
INSERT INTO `lk9v6_users` (`name`, `email`, `usertype`) VALUES ('احمد عبد المنعم متولى محمد ', 'ahmed13s00394@alexu.edu.eg', 'الخريجين');
INSERT INTO `lk9v6_alumni_main` (`id`, `user_id`, `approved`) VALUES (165232, 165232, 1);
INSERT INTO `lk9v6_alumni_data` (`alumni_id`, `graduation_year`, `fid`, `job`, `address`, `city`, `country`, `phone`, `gid`, `mobile`, `nationalnumber`, `department`, `division`, `with_honor`) VALUES (165232, 2015, '1', '', '', '', '', '035014458', '2', '01116618714', '', 'الجيوفيزياء', 'العلوم الجيولوجية', '');
INSERT INTO `lk9v6_users` (`name`, `email`, `usertype`) VALUES ('السيد شعبان السيد الضوي', 'elsayed13s03702@alexu.edu.eg', 'الخريجين');
INSERT INTO `lk9v6_alumni_main` (`id`, `user_id`, `approved`) VALUES (165233, 165233, 1);
INSERT INTO `lk9v6_alumni_data` (`alumni_id`, `graduation_year`, `fid`, `job`, `address`, `city`, `country`, `phone`, `gid`, `mobile`, `nationalnumber`, `department`, `division`, `with_honor`) VALUES (165233, 2015, '1', '', '', '', '', '4972104', '2', '01289208412', '', 'الكيمياء', 'العلوم الجيولوجية', '');
INSERT INTO `lk9v6_users` (`name`, `email`, `usertype`) VALUES ('اميرة حسن ابراهيم حسن', 'amira13s02856@alexu.edu.eg', 'الخريجين');
INSERT INTO `lk9v6_alumni_main` (`id`, `user_id`, `approved`) VALUES (165234, 165234, 1);
INSERT INTO `lk9v6_alumni_data` (`alumni_id`, `graduation_year`, `fid`, `job`, `address`, `city`, `country`, `phone`, `gid`, `mobile`, `nationalnumber`, `department`, `division`, `with_honor`) VALUES (165234, 2013, '1', '', '', '', '', '0452502947', '3', '01270134315', '', 'الكيمياء', 'العلوم الطبيعية', '');
INSERT INTO `lk9v6_users` (`name`, `email`, `usertype`) VALUES ('سارة عبد الفتاح أحمد عبد الفتاح', 'sara13s05871@alexu.edu.eg', 'الخريجين');
INSERT INTO `lk9v6_alumni_main` (`id`, `user_id`, `approved`) VALUES (165235, 165235, 1);
INSERT INTO `lk9v6_alumni_data` (`alumni_id`, `graduation_year`, `fid`, `job`, `address`, `city`, `country`, `phone`, `gid`, `mobile`, `nationalnumber`, `department`, `division`, `with_honor`) VALUES (165235, 2014, '1', '', '', '', '', '0453431108', '3', '01157340039', '', 'الكيمياء', 'العلوم الطبيعية', '');
INSERT INTO `lk9v6_users` (`name`, `email`, `usertype`) VALUES ('اسماء مبروك السيد عبد العزيز', 'asmaa13s04478@alexu.edu.eg', 'الخريجين');
INSERT INTO `lk9v6_alumni_main` (`id`, `user_id`, `approved`) VALUES (165236, 165236, 1);
INSERT INTO `lk9v6_alumni_data` (`alumni_id`, `graduation_year`, `fid`, `job`, `address`, `city`, `country`, `phone`, `gid`, `mobile`, `nationalnumber`, `department`, `division`, `with_honor`) VALUES (165236, 2015, '1', '', '', '', '', '033309979', '4', '01288459480', '', 'الكيمياء', 'العلوم الطبيعية', '');
INSERT INTO `lk9v6_users` (`name`, `email`, `usertype`) VALUES ('ايه عباس عبدالعزيز ابراهيم', 'aya13s04537@alexu.edu.eg', 'الخريجين');
INSERT INTO `lk9v6_alumni_main` (`id`, `user_id`, `approved`) VALUES (165237, 165237, 1);
INSERT INTO `lk9v6_alumni_data` (`alumni_id`, `graduation_year`, `fid`, `job`, `address`, `city`, `country`, `phone`, `gid`, `mobile`, `nationalnumber`, `department`, `division`, `with_honor`) VALUES (165237, 2015, '1', '', '', '', '', '3927919', '4', '01226075506', '', 'الكيمياء', 'العلوم الطبيعية', '');
INSERT INTO `lk9v6_users` (`name`, `email`, `usertype`) VALUES ('جهاد جابر رجب جابر', 'gihad13s06477@alexu.edu.eg', 'الخريجين');
INSERT INTO `lk9v6_alumni_main` (`id`, `user_id`, `approved`) VALUES (165238, 165238, 1);
INSERT INTO `lk9v6_alumni_data` (`alumni_id`, `graduation_year`, `fid`, `job`, `address`, `city`, `country`, `phone`, `gid`, `mobile`, `nationalnumber`, `department`, `division`, `with_honor`) VALUES (165238, 2015, '1', '', '', '', '', '5565513', '4', '01289966776', '', 'الكيمياء', 'العلوم الطبيعية', '');
INSERT INTO `lk9v6_users` (`name`, `email`, `usertype`) VALUES ('الشيماء محمد محمود محمد', 'alshaima13s06366@alexu.edu.eg', 'الخريجين');
INSERT INTO `lk9v6_alumni_main` (`id`, `user_id`, `approved`) VALUES (165239, 165239, 1);
INSERT INTO `lk9v6_alumni_data` (`alumni_id`, `graduation_year`, `fid`, `job`, `address`, `city`, `country`, `phone`, `gid`, `mobile`, `nationalnumber`, `department`, `division`, `with_honor`) VALUES (165239, 2015, '1', '', '', '', '', '034857908', '3', '01112252897', '', 'الكيمياء', 'العلوم الطبيعية', '');
INSERT INTO `lk9v6_users` (`name`, `email`, `usertype`) VALUES ('يسريه جمال محمد عبدالباقى شلضم', 'yosria13s04344@alexu.edu.eg', 'الخريجين');
INSERT INTO `lk9v6_alumni_main` (`id`, `user_id`, `approved`) VALUES (165240, 165240, 1);
INSERT INTO `lk9v6_alumni_data` (`alumni_id`, `graduation_year`, `fid`, `job`, `address`, `city`, `country`, `phone`, `gid`, `mobile`, `nationalnumber`, `department`, `division`, `with_honor`) VALUES (165240, 2015, '1', '', '', '', '', '01145998491', '3', '01019296265', '', 'الكيمياء', 'العلوم الطبيعية', '');
INSERT INTO `lk9v6_users` (`name`, `email`, `usertype`) VALUES ('فاطمه محمود رجب عزب', 'fatma13s06134@alexu.edu.eg', 'الخريجين');
INSERT INTO `lk9v6_alumni_main` (`id`, `user_id`, `approved`) VALUES (165241, 165241, 1);
INSERT INTO `lk9v6_alumni_data` (`alumni_id`, `graduation_year`, `fid`, `job`, `address`, `city`, `country`, `phone`, `gid`, `mobile`, `nationalnumber`, `department`, `division`, `with_honor`) VALUES (165241, 2015, '1', '', '', '', '', '03598746', '3', '01229039566', '', 'الكيمياء', 'العلوم الطبيعية', '');
INSERT INTO `lk9v6_users` (`name`, `email`, `usertype`) VALUES ('شيماء جمال سالم مالك سالم', 'shaimaa13s04498@alexu.edu.eg', 'الخريجين');
INSERT INTO `lk9v6_alumni_main` (`id`, `user_id`, `approved`) VALUES (165242, 165242, 1);
INSERT INTO `lk9v6_alumni_data` (`alumni_id`, `graduation_year`, `fid`, `job`, `address`, `city`, `country`, `phone`, `gid`, `mobile`, `nationalnumber`, `department`, `division`, `with_honor`) VALUES (165242, 2015, '1', '', '', '', '', '5046202', '3', '01285539509', '', 'الكيمياء', 'العلوم الطبيعية', '');
INSERT INTO `lk9v6_users` (`name`, `email`, `usertype`) VALUES ('ايه طارق ابراهيم السيد', 'aya13s04641@alexu.edu.eg', 'الخريجين');
INSERT INTO `lk9v6_alumni_main` (`id`, `user_id`, `approved`) VALUES (165243, 165243, 1);
INSERT INTO `lk9v6_alumni_data` (`alumni_id`, `graduation_year`, `fid`, `job`, `address`, `city`, `country`, `phone`, `gid`, `mobile`, `nationalnumber`, `department`, `division`, `with_honor`) VALUES (165243, 2015, '1', '', '', '', '', '033917303', '3', '01211442006', '', 'الكيمياء', 'العلوم الطبيعية', '');
INSERT INTO `lk9v6_users` (`name`, `email`, `usertype`) VALUES ('اسراء محمد احمد محمد', 'esraa13s04520@alexu.edu.eg', 'الخريجين');
INSERT INTO `lk9v6_alumni_main` (`id`, `user_id`, `approved`) VALUES (165244, 165244, 1);
INSERT INTO `lk9v6_alumni_data` (`alumni_id`, `graduation_year`, `fid`, `job`, `address`, `city`, `country`, `phone`, `gid`, `mobile`, `nationalnumber`, `department`, `division`, `with_honor`) VALUES (165244, 2015, '1', '', '', '', '', '035348112', '3', '01014614403', '', 'الكيمياء', 'العلوم الطبيعية', '');
INSERT INTO `lk9v6_users` (`name`, `email`, `usertype`) VALUES ('شريهان هشام ابراهيم النجار', 'sherihan13s06476@alexu.edu.eg', 'الخريجين');
INSERT INTO `lk9v6_alumni_main` (`id`, `user_id`, `approved`) VALUES (165245, 165245, 1);
INSERT INTO `lk9v6_alumni_data` (`alumni_id`, `graduation_year`, `fid`, `job`, `address`, `city`, `country`, `phone`, `gid`, `mobile`, `nationalnumber`, `department`, `division`, `with_honor`) VALUES (165245, 2015, '1', '', '', '', '', '035757633', '3', '01201409801', '', 'الكيمياء', 'العلوم الطبيعية', '');
INSERT INTO `lk9v6_users` (`name`, `email`, `usertype`) VALUES ('مصطفى محمود احمد نورالدين محمد', 'mustafa13s04489@alexu.edu.eg', 'الخريجين');
INSERT INTO `lk9v6_alumni_main` (`id`, `user_id`, `approved`) VALUES (165246, 165246, 1);
INSERT INTO `lk9v6_alumni_data` (`alumni_id`, `graduation_year`, `fid`, `job`, `address`, `city`, `country`, `phone`, `gid`, `mobile`, `nationalnumber`, `department`, `division`, `with_honor`) VALUES (165246, 2015, '1', '', '', '', '', '035343748', '3', '01221394053', '', 'الكيمياء', 'العلوم الطبيعية', '');
INSERT INTO `lk9v6_users` (`name`, `email`, `usertype`) VALUES ('عبدالرحمن مصطفي رجب حسن محمد', 'abdelrahman13s02556@alexu.edu.eg', 'الخريجين');
INSERT INTO `lk9v6_alumni_main` (`id`, `user_id`, `approved`) VALUES (165247, 165247, 1);
INSERT INTO `lk9v6_alumni_data` (`alumni_id`, `graduation_year`, `fid`, `job`, `address`, `city`, `country`, `phone`, `gid`, `mobile`, `nationalnumber`, `department`, `division`, `with_honor`) VALUES (165247, 2015, '1', '', '', '', '', '5616065', '3', '01276683040', '', 'الكيمياء', 'العلوم الطبيعية', '');
INSERT INTO `lk9v6_users` (`name`, `email`, `usertype`) VALUES ('شيماء لطفى محمود محمد منصور', 'shaimaa13s04814@alexu.edu.eg', 'الخريجين');
INSERT INTO `lk9v6_alumni_main` (`id`, `user_id`, `approved`) VALUES (165248, 165248, 1);
INSERT INTO `lk9v6_alumni_data` (`alumni_id`, `graduation_year`, `fid`, `job`, `address`, `city`, `country`, `phone`, `gid`, `mobile`, `nationalnumber`, `department`, `division`, `with_honor`) VALUES (165248, 2015, '1', '', '', '', '', '034286123', '3', '01271001912', '', 'الكيمياء', 'العلوم الطبيعية', '');
INSERT INTO `lk9v6_users` (`name`, `email`, `usertype`) VALUES ('محمود على محمد على الرفاعى', 'mahmoud13s04615@alexu.edu.eg', 'الخريجين');
INSERT INTO `lk9v6_alumni_main` (`id`, `user_id`, `approved`) VALUES (165249, 165249, 1);
INSERT INTO `lk9v6_alumni_data` (`alumni_id`, `graduation_year`, `fid`, `job`, `address`, `city`, `country`, `phone`, `gid`, `mobile`, `nationalnumber`, `department`, `division`, `with_honor`) VALUES (165249, 2015, '1', '', '', '', '', '033191911', '3', '01202823681', '', 'الكيمياء', 'العلوم الطبيعية', '');
INSERT INTO `lk9v6_users` (`name`, `email`, `usertype`) VALUES ('اميرة صالح عبدالعزيز عبدالهادى ', 'amira13s00790@alexu.edu.eg', 'الخريجين');
INSERT INTO `lk9v6_alumni_main` (`id`, `user_id`, `approved`) VALUES (165250, 165250, 1);
INSERT INTO `lk9v6_alumni_data` (`alumni_id`, `graduation_year`, `fid`, `job`, `address`, `city`, `country`, `phone`, `gid`, `mobile`, `nationalnumber`, `department`, `division`, `with_honor`) VALUES (165250, 2015, '1', '', '', '', '', '5001306', '3', '01207999498', '', 'علوم البحار الفيزيائية', 'العلوم الطبيعية', '');
INSERT INTO `lk9v6_users` (`name`, `email`, `usertype`) VALUES ('انجى ميخائيل فايز ارمانيوس', 'engy13s06662@alexu.edu.eg', 'الخريجين');
INSERT INTO `lk9v6_alumni_main` (`id`, `user_id`, `approved`) VALUES (165251, 165251, 1);
INSERT INTO `lk9v6_alumni_data` (`alumni_id`, `graduation_year`, `fid`, `job`, `address`, `city`, `country`, `phone`, `gid`, `mobile`, `nationalnumber`, `department`, `division`, `with_honor`) VALUES (165251, 2015, '1', '', '', '', '', '039610076', '3', '0124502015', '', 'علوم الحاسب الآلي', 'العلوم الطبيعية', '');
INSERT INTO `lk9v6_users` (`name`, `email`, `usertype`) VALUES ('مى محمد محمود خيرت محمود', 'mai13s04399@alexu.edu.eg', 'الخريجين');
INSERT INTO `lk9v6_alumni_main` (`id`, `user_id`, `approved`) VALUES (165252, 165252, 1);
INSERT INTO `lk9v6_alumni_data` (`alumni_id`, `graduation_year`, `fid`, `job`, `address`, `city`, `country`, `phone`, `gid`, `mobile`, `nationalnumber`, `department`, `division`, `with_honor`) VALUES (165252, 2015, '1', '', '', '', '', '032204150', '3', '01009351677', '', 'علوم الحاسب الآلي', 'العلوم الطبيعية', '');
INSERT INTO `lk9v6_users` (`name`, `email`, `usertype`) VALUES ('محمد احمد ابراهيم على عبدالرازق', 'mohamed13s04345@alexu.edu.eg', 'الخريجين');
INSERT INTO `lk9v6_alumni_main` (`id`, `user_id`, `approved`) VALUES (165253, 165253, 1);
INSERT INTO `lk9v6_alumni_data` (`alumni_id`, `graduation_year`, `fid`, `job`, `address`, `city`, `country`, `phone`, `gid`, `mobile`, `nationalnumber`, `department`, `division`, `with_honor`) VALUES (165253, 2015, '1', '', '', '', '', '4282633', '3', '01223520995', '', 'الكيمياء', 'العلوم الطبيعية', '');
INSERT INTO `lk9v6_users` (`name`, `email`, `usertype`) VALUES ('مصطفى محمد احمد محمد المصرى', 'mustafa13s04634@alexu.edu.eg', 'الخريجين');
INSERT INTO `lk9v6_alumni_main` (`id`, `user_id`, `approved`) VALUES (165254, 165254, 1);
INSERT INTO `lk9v6_alumni_data` (`alumni_id`, `graduation_year`, `fid`, `job`, `address`, `city`, `country`, `phone`, `gid`, `mobile`, `nationalnumber`, `department`, `division`, `with_honor`) VALUES (165254, 2015, '1', '', '', '', '', '035282093', '3', '01114415793', '', 'علوم الحاسب الآلي', 'العلوم الطبيعية', '');
INSERT INTO `lk9v6_users` (`name`, `email`, `usertype`) VALUES ('احمد محمد عبد الجواد عبد الجواد', 'ahmed13s04353@alexu.edu.eg', 'الخريجين');
INSERT INTO `lk9v6_alumni_main` (`id`, `user_id`, `approved`) VALUES (165255, 165255, 1);
INSERT INTO `lk9v6_alumni_data` (`alumni_id`, `graduation_year`, `fid`, `job`, `address`, `city`, `country`, `phone`, `gid`, `mobile`, `nationalnumber`, `department`, `division`, `with_honor`) VALUES (165255, 2015, '1', '', '', '', '', '5622550', '3', '01114119763', '', 'الكيمياء', 'العلوم الطبيعية', '');
INSERT INTO `lk9v6_users` (`name`, `email`, `usertype`) VALUES ('احمد خالد زكريا حسنين', 'ahmed13s06200@alexu.edu.eg', 'الخريجين');
INSERT INTO `lk9v6_alumni_main` (`id`, `user_id`, `approved`) VALUES (165256, 165256, 1);
INSERT INTO `lk9v6_alumni_data` (`alumni_id`, `graduation_year`, `fid`, `job`, `address`, `city`, `country`, `phone`, `gid`, `mobile`, `nationalnumber`, `department`, `division`, `with_honor`) VALUES (165256, 2015, '1', '', '', '', '', '033015216', '3', '01287691314', '', 'الكيمياء', 'العلوم الطبيعية', '');
INSERT INTO `lk9v6_users` (`name`, `email`, `usertype`) VALUES ('مصطفى نبيه السيد ابوالفتوح', 'mustafa13s04504@alexu.edu.eg', 'الخريجين');
INSERT INTO `lk9v6_alumni_main` (`id`, `user_id`, `approved`) VALUES (165257, 165257, 1);
INSERT INTO `lk9v6_alumni_data` (`alumni_id`, `graduation_year`, `fid`, `job`, `address`, `city`, `country`, `phone`, `gid`, `mobile`, `nationalnumber`, `department`, `division`, `with_honor`) VALUES (165257, 2015, '1', '', '', '', '', '5369845', '3', '01207528656', '', 'الكيمياء', 'العلوم الطبيعية', '');
INSERT INTO `lk9v6_users` (`name`, `email`, `usertype`) VALUES ('احمد محمود احمد شاهين ', 'ahmed13s02831@alexu.edu.eg', 'الخريجين');
INSERT INTO `lk9v6_alumni_main` (`id`, `user_id`, `approved`) VALUES (165258, 165258, 1);
INSERT INTO `lk9v6_alumni_data` (`alumni_id`, `graduation_year`, `fid`, `job`, `address`, `city`, `country`, `phone`, `gid`, `mobile`, `nationalnumber`, `department`, `division`, `with_honor`) VALUES (165258, 2015, '1', '', '', '', '', '0453042459', '2', '01116643654', '', 'علوم البحار الفيزيائية', 'العلوم الطبيعية', '');
INSERT INTO `lk9v6_users` (`name`, `email`, `usertype`) VALUES ('احمد مصطفى رشوان عثمان سعيد ', 'ahmed13s00752@alexu.edu.eg', 'الخريجين');
INSERT INTO `lk9v6_alumni_main` (`id`, `user_id`, `approved`) VALUES (165259, 165259, 1);
INSERT INTO `lk9v6_alumni_data` (`alumni_id`, `graduation_year`, `fid`, `job`, `address`, `city`, `country`, `phone`, `gid`, `mobile`, `nationalnumber`, `department`, `division`, `with_honor`) VALUES (165259, 2015, '1', '', '', '', '', '035026560', '2', '01285356082', '', 'علوم البحار الفيزيائية', 'العلوم الطبيعية', '');
INSERT INTO `lk9v6_users` (`name`, `email`, `usertype`) VALUES ('احمد محمد احمد محمد احمد', 'ahmed13s02311@alexu.edu.eg', 'الخريجين');
INSERT INTO `lk9v6_alumni_main` (`id`, `user_id`, `approved`) VALUES (165260, 165260, 1);
INSERT INTO `lk9v6_alumni_data` (`alumni_id`, `graduation_year`, `fid`, `job`, `address`, `city`, `country`, `phone`, `gid`, `mobile`, `nationalnumber`, `department`, `division`, `with_honor`) VALUES (165260, 2014, '1', '', '', '', '', '035737578', '2', '01066495448', '', 'الكيمياء', 'العلوم الطبيعية', '');
INSERT INTO `lk9v6_users` (`name`, `email`, `usertype`) VALUES ('شيرين احمد احمد ابراهيم ', 'sherin13s02535@alexu.edu.eg', 'الخريجين');
INSERT INTO `lk9v6_alumni_main` (`id`, `user_id`, `approved`) VALUES (165261, 165261, 1);
INSERT INTO `lk9v6_alumni_data` (`alumni_id`, `graduation_year`, `fid`, `job`, `address`, `city`, `country`, `phone`, `gid`, `mobile`, `nationalnumber`, `department`, `division`, `with_honor`) VALUES (165261, 2014, '1', '', '', '', '', '035735220', '5', '01003804906', '', 'الفيزياء', 'العلوم الطبيعية', '');
INSERT INTO `lk9v6_users` (`name`, `email`, `usertype`) VALUES ('اسراء صبحى سيد عبدالعلى', 'esraa13s00030@alexu.edu.eg', 'الخريجين');
INSERT INTO `lk9v6_alumni_main` (`id`, `user_id`, `approved`) VALUES (165262, 165262, 1);
INSERT INTO `lk9v6_alumni_data` (`alumni_id`, `graduation_year`, `fid`, `job`, `address`, `city`, `country`, `phone`, `gid`, `mobile`, `nationalnumber`, `department`, `division`, `with_honor`) VALUES (165262, 2014, '1', '', '', '', '', '3612152', '3', '01092011499', '', 'الفيزياء', 'العلوم الطبيعية', '');
INSERT INTO `lk9v6_users` (`name`, `email`, `usertype`) VALUES ('عائشه رجب محمد متولى', 'aisha13s04888@alexu.edu.eg', 'الخريجين');
INSERT INTO `lk9v6_alumni_main` (`id`, `user_id`, `approved`) VALUES (165263, 165263, 1);
INSERT INTO `lk9v6_alumni_data` (`alumni_id`, `graduation_year`, `fid`, `job`, `address`, `city`, `country`, `phone`, `gid`, `mobile`, `nationalnumber`, `department`, `division`, `with_honor`) VALUES (165263, 2015, '1', '', '', '', '', '5361867', '5', '01092839034', '', 'الميكروبيولوجى', 'العلوم البيولوجية', '');
INSERT INTO `lk9v6_users` (`name`, `email`, `usertype`) VALUES ('سماهر محمد عبد الرحيم احمد على', 'smaher13s06060@alexu.edu.eg', 'الخريجين');
INSERT INTO `lk9v6_alumni_main` (`id`, `user_id`, `approved`) VALUES (165264, 165264, 1);
INSERT INTO `lk9v6_alumni_data` (`alumni_id`, `graduation_year`, `fid`, `job`, `address`, `city`, `country`, `phone`, `gid`, `mobile`, `nationalnumber`, `department`, `division`, `with_honor`) VALUES (165264, 2015, '1', '', '', '', '', '5918688', '5', '0105668701', '', 'الميكروبيولوجى', 'العلوم البيولوجية', '');
INSERT INTO `lk9v6_users` (`name`, `email`, `usertype`) VALUES ('مروه فوزى سعيد عبدالعزيز صومع', 'marwa13s05386@alexu.edu.eg', 'الخريجين');
INSERT INTO `lk9v6_alumni_main` (`id`, `user_id`, `approved`) VALUES (165265, 165265, 1);
INSERT INTO `lk9v6_alumni_data` (`alumni_id`, `graduation_year`, `fid`, `job`, `address`, `city`, `country`, `phone`, `gid`, `mobile`, `nationalnumber`, `department`, `division`, `with_honor`) VALUES (165265, 2015, '1', '', '', '', '', '035289720', '5', '01126080451', '', 'الميكروبيولوجى', 'العلوم البيولوجية', '');
INSERT INTO `lk9v6_users` (`name`, `email`, `usertype`) VALUES ('لورا هنرى سمير لبيب حنا', 'lora13s04954@alexu.edu.eg', 'الخريجين');
INSERT INTO `lk9v6_alumni_main` (`id`, `user_id`, `approved`) VALUES (165266, 165266, 1);
INSERT INTO `lk9v6_alumni_data` (`alumni_id`, `graduation_year`, `fid`, `job`, `address`, `city`, `country`, `phone`, `gid`, `mobile`, `nationalnumber`, `department`, `division`, `with_honor`) VALUES (165266, 2015, '1', '', '', '', '', '5741921', '5', '01229447658', '', 'الميكروبيولوجى', 'العلوم البيولوجية', '');
INSERT INTO `lk9v6_users` (`name`, `email`, `usertype`) VALUES ('نيفين طارق فتحى مصيلحى على', 'nevin13s04486@alexu.edu.eg', 'الخريجين');
INSERT INTO `lk9v6_alumni_main` (`id`, `user_id`, `approved`) VALUES (165267, 165267, 1);
INSERT INTO `lk9v6_alumni_data` (`alumni_id`, `graduation_year`, `fid`, `job`, `address`, `city`, `country`, `phone`, `gid`, `mobile`, `nationalnumber`, `department`, `division`, `with_honor`) VALUES (165267, 2015, '1', '', '', '', '', '035458542', '5', '01210873131', '', 'الفيزياء', 'العلوم الطبيعية', '');
INSERT INTO `lk9v6_users` (`name`, `email`, `usertype`) VALUES ('منه الله عبد العظيم سعد عبد العظيم الجنيدى', 'menna13s04779@alexu.edu.eg', 'الخريجين');
INSERT INTO `lk9v6_alumni_main` (`id`, `user_id`, `approved`) VALUES (165268, 165268, 1);
INSERT INTO `lk9v6_alumni_data` (`alumni_id`, `graduation_year`, `fid`, `job`, `address`, `city`, `country`, `phone`, `gid`, `mobile`, `nationalnumber`, `department`, `division`, `with_honor`) VALUES (165268, 2015, '1', '', '', '', '', '034260204', '5', '01221872827', '', 'الفيزياء', 'العلوم الطبيعية', '');
INSERT INTO `lk9v6_users` (`name`, `email`, `usertype`) VALUES ('محمد محمود حنفى محمود مرسى', 'mohamed13s06213@alexu.edu.eg', 'الخريجين');
INSERT INTO `lk9v6_alumni_main` (`id`, `user_id`, `approved`) VALUES (165269, 165269, 1);
INSERT INTO `lk9v6_alumni_data` (`alumni_id`, `graduation_year`, `fid`, `job`, `address`, `city`, `country`, `phone`, `gid`, `mobile`, `nationalnumber`, `department`, `division`, `with_honor`) VALUES (165269, 2015, '1', '', '', '', '', '035062041', '5', '0172931379', '', 'الفيزياء', 'العلوم الطبيعية', '');
INSERT INTO `lk9v6_users` (`name`, `email`, `usertype`) VALUES ('غاده محمد احمد المسيرى', 'ghada13s05180@alexu.edu.eg', 'الخريجين');
INSERT INTO `lk9v6_alumni_main` (`id`, `user_id`, `approved`) VALUES (165270, 165270, 1);
INSERT INTO `lk9v6_alumni_data` (`alumni_id`, `graduation_year`, `fid`, `job`, `address`, `city`, `country`, `phone`, `gid`, `mobile`, `nationalnumber`, `department`, `division`, `with_honor`) VALUES (165270, 2015, '1', '', '', '', '', '0452993327', '5', '01120405428', '', 'الكيمياء الحيوية', 'العلوم البيولوجية', '');
INSERT INTO `lk9v6_users` (`name`, `email`, `usertype`) VALUES ('عبير خليفه صفوت قصدى محمد', 'abeer13s05493@alexu.edu.eg', 'الخريجين');
INSERT INTO `lk9v6_alumni_main` (`id`, `user_id`, `approved`) VALUES (165271, 165271, 1);
INSERT INTO `lk9v6_alumni_data` (`alumni_id`, `graduation_year`, `fid`, `job`, `address`, `city`, `country`, `phone`, `gid`, `mobile`, `nationalnumber`, `department`, `division`, `with_honor`) VALUES (165271, 2015, '1', '', '', '', '', '0453741547', '5', '01006397905', '', 'الكيمياء الحيوية', 'العلوم البيولوجية', '');
INSERT INTO `lk9v6_users` (`name`, `email`, `usertype`) VALUES ('محمد شوقى محمد الحسينى على عطا الله', 'mohamed13s05732@alexu.edu.eg', 'الخريجين');
INSERT INTO `lk9v6_alumni_main` (`id`, `user_id`, `approved`) VALUES (165272, 165272, 1);
INSERT INTO `lk9v6_alumni_data` (`alumni_id`, `graduation_year`, `fid`, `job`, `address`, `city`, `country`, `phone`, `gid`, `mobile`, `nationalnumber`, `department`, `division`, `with_honor`) VALUES (165272, 2015, '1', '', '', '', '', '032045128', '5', '01001910352', '', 'الميكروبيولوجى', 'العلوم البيولوجية', '');
INSERT INTO `lk9v6_users` (`name`, `email`, `usertype`) VALUES ('لميس شمس الدين محمد عبد الفضيل', 'lamis13s05194@alexu.edu.eg', 'الخريجين');
INSERT INTO `lk9v6_alumni_main` (`id`, `user_id`, `approved`) VALUES (165273, 165273, 1);
INSERT INTO `lk9v6_alumni_data` (`alumni_id`, `graduation_year`, `fid`, `job`, `address`, `city`, `country`, `phone`, `gid`, `mobile`, `nationalnumber`, `department`, `division`, `with_honor`) VALUES (165273, 2015, '1', '', '', '', '', '5377201', '5', '01227604833', '', 'الميكروبيولوجى', 'العلوم البيولوجية', '');
INSERT INTO `lk9v6_users` (`name`, `email`, `usertype`) VALUES ('سارة احمد غانم دياب', 'sara13s06076@alexu.edu.eg', 'الخريجين');
INSERT INTO `lk9v6_alumni_main` (`id`, `user_id`, `approved`) VALUES (165274, 165274, 1);
INSERT INTO `lk9v6_alumni_data` (`alumni_id`, `graduation_year`, `fid`, `job`, `address`, `city`, `country`, `phone`, `gid`, `mobile`, `nationalnumber`, `department`, `division`, `with_honor`) VALUES (165274, 2015, '1', '', '', '', '', '5043437', '5', '01069974046', '', 'الفيزياء', 'العلوم الطبيعية', '');
INSERT INTO `lk9v6_users` (`name`, `email`, `usertype`) VALUES ('اسماء احمد ابراهيم سالم محمد', 'asmaa13s05192@alexu.edu.eg', 'الخريجين');
INSERT INTO `lk9v6_alumni_main` (`id`, `user_id`, `approved`) VALUES (165275, 165275, 1);
INSERT INTO `lk9v6_alumni_data` (`alumni_id`, `graduation_year`, `fid`, `job`, `address`, `city`, `country`, `phone`, `gid`, `mobile`, `nationalnumber`, `department`, `division`, `with_honor`) VALUES (165275, 2015, '1', '', '', '', '', '4420357', '5', '01019561227', '', 'الميكروبيولوجى', 'العلوم البيولوجية', '');
INSERT INTO `lk9v6_users` (`name`, `email`, `usertype`) VALUES ('محمد رضوان محمد رضوان', 'mohamed13s04550@alexu.edu.eg', 'الخريجين');
INSERT INTO `lk9v6_alumni_main` (`id`, `user_id`, `approved`) VALUES (165276, 165276, 1);
INSERT INTO `lk9v6_alumni_data` (`alumni_id`, `graduation_year`, `fid`, `job`, `address`, `city`, `country`, `phone`, `gid`, `mobile`, `nationalnumber`, `department`, `division`, `with_honor`) VALUES (165276, 2015, '1', '', '', '', '', '033302824', '5', '01286617624', '', 'الفيزياء', 'العلوم الطبيعية', '');
INSERT INTO `lk9v6_users` (`name`, `email`, `usertype`) VALUES ('محمود عادل عبد الغفار عبد العاطى', 'mahmoud13s04425@alexu.edu.eg', 'الخريجين');
INSERT INTO `lk9v6_alumni_main` (`id`, `user_id`, `approved`) VALUES (165277, 165277, 1);
INSERT INTO `lk9v6_alumni_data` (`alumni_id`, `graduation_year`, `fid`, `job`, `address`, `city`, `country`, `phone`, `gid`, `mobile`, `nationalnumber`, `department`, `division`, `with_honor`) VALUES (165277, 2015, '1', '', '', '', '', '01090418184', '5', '01221058917', '', 'الفيزياء', 'العلوم الطبيعية', '');
INSERT INTO `lk9v6_users` (`name`, `email`, `usertype`) VALUES ('اميره عمادالدين عبدالعزيز عيسى', 'amira13s05712@alexu.edu.eg', 'الخريجين');
INSERT INTO `lk9v6_alumni_main` (`id`, `user_id`, `approved`) VALUES (165278, 165278, 1);
INSERT INTO `lk9v6_alumni_data` (`alumni_id`, `graduation_year`, `fid`, `job`, `address`, `city`, `country`, `phone`, `gid`, `mobile`, `nationalnumber`, `department`, `division`, `with_honor`) VALUES (165278, 2015, '1', '', '', '', '', '034306101', '5', '0188551797', '', 'الكيمياء الحيوية', 'العلوم البيولوجية', '');
INSERT INTO `lk9v6_users` (`name`, `email`, `usertype`) VALUES ('نهال سراج الدين عبدالمطلب عبدالله', 'nehal13s05615@alexu.edu.eg', 'الخريجين');
INSERT INTO `lk9v6_alumni_main` (`id`, `user_id`, `approved`) VALUES (165279, 165279, 1);
INSERT INTO `lk9v6_alumni_data` (`alumni_id`, `graduation_year`, `fid`, `job`, `address`, `city`, `country`, `phone`, `gid`, `mobile`, `nationalnumber`, `department`, `division`, `with_honor`) VALUES (165279, 2015, '1', '', '', '', '', '0453681177', '5', '01094834079', '', 'الميكروبيولوجى', 'العلوم البيولوجية', '');
INSERT INTO `lk9v6_users` (`name`, `email`, `usertype`) VALUES ('اسماء ابراهيم محمد ابراهيم', 'asmaa13s06485@alexu.edu.eg', 'الخريجين');
INSERT INTO `lk9v6_alumni_main` (`id`, `user_id`, `approved`) VALUES (165280, 165280, 1);
INSERT INTO `lk9v6_alumni_data` (`alumni_id`, `graduation_year`, `fid`, `job`, `address`, `city`, `country`, `phone`, `gid`, `mobile`, `nationalnumber`, `department`, `division`, `with_honor`) VALUES (165280, 2015, '1', '', '', '', '', '034354032', '5', '01212451023', '', 'الكيمياء', 'العلوم الطبيعية', '');
INSERT INTO `lk9v6_users` (`name`, `email`, `usertype`) VALUES ('هنادى حسين عبدالباسط محمد', 'hanady13s04527@alexu.edu.eg', 'الخريجين');
INSERT INTO `lk9v6_alumni_main` (`id`, `user_id`, `approved`) VALUES (165281, 165281, 1);
INSERT INTO `lk9v6_alumni_data` (`alumni_id`, `graduation_year`, `fid`, `job`, `address`, `city`, `country`, `phone`, `gid`, `mobile`, `nationalnumber`, `department`, `division`, `with_honor`) VALUES (165281, 2015, '1', '', '', '', '', '033812620', '5', '01118606776', '', 'الفيزياء', 'العلوم الطبيعية', '');
INSERT INTO `lk9v6_users` (`name`, `email`, `usertype`) VALUES ('شيماء محمود محمد شرف الدين', 'shaimaa13s05383@alexu.edu.eg', 'الخريجين');
INSERT INTO `lk9v6_alumni_main` (`id`, `user_id`, `approved`) VALUES (165282, 165282, 1);
INSERT INTO `lk9v6_alumni_data` (`alumni_id`, `graduation_year`, `fid`, `job`, `address`, `city`, `country`, `phone`, `gid`, `mobile`, `nationalnumber`, `department`, `division`, `with_honor`) VALUES (165282, 2015, '1', '', '', '', '', '0164869615', '5', '0164869615', '', 'الكيمياء الحيوية', 'العلوم البيولوجية', '');
INSERT INTO `lk9v6_users` (`name`, `email`, `usertype`) VALUES ('هدير محمد ابراهيم على', 'hadeer13s06198@alexu.edu.eg', 'الخريجين');
INSERT INTO `lk9v6_alumni_main` (`id`, `user_id`, `approved`) VALUES (165283, 165283, 1);
INSERT INTO `lk9v6_alumni_data` (`alumni_id`, `graduation_year`, `fid`, `job`, `address`, `city`, `country`, `phone`, `gid`, `mobile`, `nationalnumber`, `department`, `division`, `with_honor`) VALUES (165283, 2015, '1', '', '', '', '', '01283951355', '5', '01226410602', '', 'الفيزياء', 'العلوم الطبيعية', '');
INSERT INTO `lk9v6_users` (`name`, `email`, `usertype`) VALUES ('اسماء مصطفى حسن سيد احمد', 'asmaa13s04464@alexu.edu.eg', 'الخريجين');
INSERT INTO `lk9v6_alumni_main` (`id`, `user_id`, `approved`) VALUES (165284, 165284, 1);
INSERT INTO `lk9v6_alumni_data` (`alumni_id`, `graduation_year`, `fid`, `job`, `address`, `city`, `country`, `phone`, `gid`, `mobile`, `nationalnumber`, `department`, `division`, `with_honor`) VALUES (165284, 2015, '1', '', '', '', '', '4408083', '5', '01149901255', '', 'الفيزياء', 'العلوم الطبيعية', '');
INSERT INTO `lk9v6_users` (`name`, `email`, `usertype`) VALUES ('ماجد فيليب خله زخارى', 'maged13s04072@alexu.edu.eg', 'الخريجين');
INSERT INTO `lk9v6_alumni_main` (`id`, `user_id`, `approved`) VALUES (165285, 165285, 1);
INSERT INTO `lk9v6_alumni_data` (`alumni_id`, `graduation_year`, `fid`, `job`, `address`, `city`, `country`, `phone`, `gid`, `mobile`, `nationalnumber`, `department`, `division`, `with_honor`) VALUES (165285, 2015, '1', '', '', '', '', '5501651', '5', '01206059444', '', 'الفيزياء', 'العلوم الطبيعية', '');
INSERT INTO `lk9v6_users` (`name`, `email`, `usertype`) VALUES ('سهير احمد حسن شوقى السيد', 'sohir13s05704@alexu.edu.eg', 'الخريجين');
INSERT INTO `lk9v6_alumni_main` (`id`, `user_id`, `approved`) VALUES (165286, 165286, 1);
INSERT INTO `lk9v6_alumni_data` (`alumni_id`, `graduation_year`, `fid`, `job`, `address`, `city`, `country`, `phone`, `gid`, `mobile`, `nationalnumber`, `department`, `division`, `with_honor`) VALUES (165286, 2015, '1', '', '', '', '', '5549856', '5', '01062367015', '', 'الميكروبيولوجى', 'العلوم البيولوجية', '');
INSERT INTO `lk9v6_users` (`name`, `email`, `usertype`) VALUES ('ايمان رجب محمد ابويوسف', 'eman13s05403@alexu.edu.eg', 'الخريجين');
INSERT INTO `lk9v6_alumni_main` (`id`, `user_id`, `approved`) VALUES (165287, 165287, 1);
INSERT INTO `lk9v6_alumni_data` (`alumni_id`, `graduation_year`, `fid`, `job`, `address`, `city`, `country`, `phone`, `gid`, `mobile`, `nationalnumber`, `department`, `division`, `with_honor`) VALUES (165287, 2015, '1', '', '', '', '', '0452563951', '5', '01063261825', '', 'الكيمياء الحيوية', 'العلوم البيولوجية', '');
INSERT INTO `lk9v6_users` (`name`, `email`, `usertype`) VALUES ('ولاء صلاح الدين محمد ابراهيم', 'walaa13s05646@alexu.edu.eg', 'الخريجين');
INSERT INTO `lk9v6_alumni_main` (`id`, `user_id`, `approved`) VALUES (165288, 165288, 1);
INSERT INTO `lk9v6_alumni_data` (`alumni_id`, `graduation_year`, `fid`, `job`, `address`, `city`, `country`, `phone`, `gid`, `mobile`, `nationalnumber`, `department`, `division`, `with_honor`) VALUES (165288, 2015, '1', '', '', '', '', '3309986', '5', '01286734172', '', 'الميكروبيولوجى', 'العلوم البيولوجية', '');
INSERT INTO `lk9v6_users` (`name`, `email`, `usertype`) VALUES ('بلال محمود عبد الراضى مصطفى', 'belal13s06119@alexu.edu.eg', 'الخريجين');
INSERT INTO `lk9v6_alumni_main` (`id`, `user_id`, `approved`) VALUES (165289, 165289, 1);
INSERT INTO `lk9v6_alumni_data` (`alumni_id`, `graduation_year`, `fid`, `job`, `address`, `city`, `country`, `phone`, `gid`, `mobile`, `nationalnumber`, `department`, `division`, `with_honor`) VALUES (165289, 2015, '1', '', '', '', '', '01114913621', '5', '0183810335', '', 'الميكروبيولوجى', 'العلوم البيولوجية', '');
INSERT INTO `lk9v6_users` (`name`, `email`, `usertype`) VALUES ('مى صلاح محمد سليم محمد', 'mai13s05484@alexu.edu.eg', 'الخريجين');
INSERT INTO `lk9v6_alumni_main` (`id`, `user_id`, `approved`) VALUES (165290, 165290, 1);
INSERT INTO `lk9v6_alumni_data` (`alumni_id`, `graduation_year`, `fid`, `job`, `address`, `city`, `country`, `phone`, `gid`, `mobile`, `nationalnumber`, `department`, `division`, `with_honor`) VALUES (165290, 2015, '1', '', '', '', '', '035934794', '5', '01120773799', '', 'الكيمياء الحيوية', 'العلوم البيولوجية', '');
INSERT INTO `lk9v6_users` (`name`, `email`, `usertype`) VALUES ('هبه حسين احمد على', 'heba13s05680@alexu.edu.eg', 'الخريجين');
INSERT INTO `lk9v6_alumni_main` (`id`, `user_id`, `approved`) VALUES (165291, 165291, 1);
INSERT INTO `lk9v6_alumni_data` (`alumni_id`, `graduation_year`, `fid`, `job`, `address`, `city`, `country`, `phone`, `gid`, `mobile`, `nationalnumber`, `department`, `division`, `with_honor`) VALUES (165291, 2015, '1', '', '', '', '', '035033211', '5', '01112580538', '', 'الميكروبيولوجى', 'العلوم البيولوجية', '');
INSERT INTO `lk9v6_users` (`name`, `email`, `usertype`) VALUES ('ملكه السيد محمد يحيى فايد', 'malka13s05333@alexu.edu.eg', 'الخريجين');
INSERT INTO `lk9v6_alumni_main` (`id`, `user_id`, `approved`) VALUES (165292, 165292, 1);
INSERT INTO `lk9v6_alumni_data` (`alumni_id`, `graduation_year`, `fid`, `job`, `address`, `city`, `country`, `phone`, `gid`, `mobile`, `nationalnumber`, `department`, `division`, `with_honor`) VALUES (165292, 2015, '1', '', '', '', '', '000000000', '5', '01068857130', '', 'الكيمياء الحيوية', 'العلوم البيولوجية', '');
INSERT INTO `lk9v6_users` (`name`, `email`, `usertype`) VALUES ('ايمان شريف السيد حسنين السعدنى', 'eman13s06872@alexu.edu.eg', 'الخريجين');
INSERT INTO `lk9v6_alumni_main` (`id`, `user_id`, `approved`) VALUES (165293, 165293, 1);
INSERT INTO `lk9v6_alumni_data` (`alumni_id`, `graduation_year`, `fid`, `job`, `address`, `city`, `country`, `phone`, `gid`, `mobile`, `nationalnumber`, `department`, `division`, `with_honor`) VALUES (165293, 2015, '1', '', '', '', '', '5768457', '5', '01122749228', '', 'الفيزياء', 'العلوم الطبيعية', '');
INSERT INTO `lk9v6_users` (`name`, `email`, `usertype`) VALUES ('نسمه محمد محمود السيد محمد حلوج', 'nesma13s04391@alexu.edu.eg', 'الخريجين');
INSERT INTO `lk9v6_alumni_main` (`id`, `user_id`, `approved`) VALUES (165294, 165294, 1);
INSERT INTO `lk9v6_alumni_data` (`alumni_id`, `graduation_year`, `fid`, `job`, `address`, `city`, `country`, `phone`, `gid`, `mobile`, `nationalnumber`, `department`, `division`, `with_honor`) VALUES (165294, 2015, '1', '', '', '', '', '034836315', '5', '0182707933', '', 'الفيزياء', 'العلوم الطبيعية', '');
INSERT INTO `lk9v6_users` (`name`, `email`, `usertype`) VALUES ('هدير مصطفى عبدالمعز على', 'hadeer13s05077@alexu.edu.eg', 'الخريجين');
INSERT INTO `lk9v6_alumni_main` (`id`, `user_id`, `approved`) VALUES (165295, 165295, 1);
INSERT INTO `lk9v6_alumni_data` (`alumni_id`, `graduation_year`, `fid`, `job`, `address`, `city`, `country`, `phone`, `gid`, `mobile`, `nationalnumber`, `department`, `division`, `with_honor`) VALUES (165295, 2015, '1', '', '', '', '', '034958547', '5', '01278340345', '', 'الكيمياء الحيوية', 'العلوم البيولوجية', '');
INSERT INTO `lk9v6_users` (`name`, `email`, `usertype`) VALUES ('علاء محمد الجازولى مصطفى محمود', 'alaa13s04427@alexu.edu.eg', 'الخريجين');
INSERT INTO `lk9v6_alumni_main` (`id`, `user_id`, `approved`) VALUES (165296, 165296, 1);
INSERT INTO `lk9v6_alumni_data` (`alumni_id`, `graduation_year`, `fid`, `job`, `address`, `city`, `country`, `phone`, `gid`, `mobile`, `nationalnumber`, `department`, `division`, `with_honor`) VALUES (165296, 2015, '1', '', '', '', '', '01028054434', '5', '01283951355', '', 'الفيزياء', 'العلوم الطبيعية', '');
INSERT INTO `lk9v6_users` (`name`, `email`, `usertype`) VALUES ('نيرين احمد عزت ابو الخير', 'nerin13s05318@alexu.edu.eg', 'الخريجين');
INSERT INTO `lk9v6_alumni_main` (`id`, `user_id`, `approved`) VALUES (165297, 165297, 1);
INSERT INTO `lk9v6_alumni_data` (`alumni_id`, `graduation_year`, `fid`, `job`, `address`, `city`, `country`, `phone`, `gid`, `mobile`, `nationalnumber`, `department`, `division`, `with_honor`) VALUES (165297, 2015, '1', '', '', '', '', '01003268224', '5', '01228184498', '', 'الكيمياء الحيوية', 'العلوم البيولوجية', '');
INSERT INTO `lk9v6_users` (`name`, `email`, `usertype`) VALUES ('ساره شريف السيد حسنين السعدنى', 'sara13s06842@alexu.edu.eg', 'الخريجين');
INSERT INTO `lk9v6_alumni_main` (`id`, `user_id`, `approved`) VALUES (165298, 165298, 1);
INSERT INTO `lk9v6_alumni_data` (`alumni_id`, `graduation_year`, `fid`, `job`, `address`, `city`, `country`, `phone`, `gid`, `mobile`, `nationalnumber`, `department`, `division`, `with_honor`) VALUES (165298, 2015, '1', '', '', '', '', '035768457', '5', '0117468485', '', 'الفيزياء', 'العلوم الطبيعية', '');
INSERT INTO `lk9v6_users` (`name`, `email`, `usertype`) VALUES ('محمود على محمود فهيم', 'mahmoud13s05153@alexu.edu.eg', 'الخريجين');
INSERT INTO `lk9v6_alumni_main` (`id`, `user_id`, `approved`) VALUES (165299, 165299, 1);
INSERT INTO `lk9v6_alumni_data` (`alumni_id`, `graduation_year`, `fid`, `job`, `address`, `city`, `country`, `phone`, `gid`, `mobile`, `nationalnumber`, `department`, `division`, `with_honor`) VALUES (165299, 2015, '1', '', '', '', '', '035039075', '5', '01287258582', '', 'الكيمياء الحيوية', 'العلوم البيولوجية', '');
INSERT INTO `lk9v6_users` (`name`, `email`, `usertype`) VALUES ('محمود رضا ابراهيم سليم', 'mahmoud13s05319@alexu.edu.eg', 'الخريجين');
INSERT INTO `lk9v6_alumni_main` (`id`, `user_id`, `approved`) VALUES (165300, 165300, 1);
INSERT INTO `lk9v6_alumni_data` (`alumni_id`, `graduation_year`, `fid`, `job`, `address`, `city`, `country`, `phone`, `gid`, `mobile`, `nationalnumber`, `department`, `division`, `with_honor`) VALUES (165300, 2015, '1', '', '', '', '', '032135021', '5', '01142625635', '', 'الكيمياء الحيوية', 'العلوم البيولوجية', '');
INSERT INTO `lk9v6_users` (`name`, `email`, `usertype`) VALUES ('روجان مصطفى احمد مرسى درويش', 'rogan13s04872@alexu.edu.eg', 'الخريجين');
INSERT INTO `lk9v6_alumni_main` (`id`, `user_id`, `approved`) VALUES (165301, 165301, 1);
INSERT INTO `lk9v6_alumni_data` (`alumni_id`, `graduation_year`, `fid`, `job`, `address`, `city`, `country`, `phone`, `gid`, `mobile`, `nationalnumber`, `department`, `division`, `with_honor`) VALUES (165301, 2015, '1', '', '', '', '', '034292958', '5', '01207420493', '', 'الميكروبيولوجى', 'العلوم البيولوجية', '');
INSERT INTO `lk9v6_users` (`name`, `email`, `usertype`) VALUES ('محمد ابراهيم محمد السييد', 'mohamed13s06792@alexu.edu.eg', 'الخريجين');
INSERT INTO `lk9v6_alumni_main` (`id`, `user_id`, `approved`) VALUES (165302, 165302, 1);
INSERT INTO `lk9v6_alumni_data` (`alumni_id`, `graduation_year`, `fid`, `job`, `address`, `city`, `country`, `phone`, `gid`, `mobile`, `nationalnumber`, `department`, `division`, `with_honor`) VALUES (165302, 2015, '1', '', '', '', '', '033800051', '5', '01271485439', '', 'الفيزياء', 'العلوم الطبيعية', '');
INSERT INTO `lk9v6_users` (`name`, `email`, `usertype`) VALUES ('علا مصطفى على محمد', 'ola13s05221@alexu.edu.eg', 'الخريجين');
INSERT INTO `lk9v6_alumni_main` (`id`, `user_id`, `approved`) VALUES (165303, 165303, 1);
INSERT INTO `lk9v6_alumni_data` (`alumni_id`, `graduation_year`, `fid`, `job`, `address`, `city`, `country`, `phone`, `gid`, `mobile`, `nationalnumber`, `department`, `division`, `with_honor`) VALUES (165303, 2015, '1', '', '', '', '', '033232911', '4', '01225986464', '', 'الميكروبيولوجى', 'العلوم البيولوجية', '');
INSERT INTO `lk9v6_users` (`name`, `email`, `usertype`) VALUES ('ايناس على محمد عثمان', 'enas13s04080@alexu.edu.eg', 'الخريجين');
INSERT INTO `lk9v6_alumni_main` (`id`, `user_id`, `approved`) VALUES (165304, 165304, 1);
INSERT INTO `lk9v6_alumni_data` (`alumni_id`, `graduation_year`, `fid`, `job`, `address`, `city`, `country`, `phone`, `gid`, `mobile`, `nationalnumber`, `department`, `division`, `with_honor`) VALUES (165304, 2015, '1', '', '', '', '', '035352742', '4', '01115660862', '', 'الفيزياء', 'العلوم الطبيعية', '');
INSERT INTO `lk9v6_users` (`name`, `email`, `usertype`) VALUES ('اسراء محمد يوسف على ابراهيم', 'esraa13s05688@alexu.edu.eg', 'الخريجين');
INSERT INTO `lk9v6_alumni_main` (`id`, `user_id`, `approved`) VALUES (165305, 165305, 1);
INSERT INTO `lk9v6_alumni_data` (`alumni_id`, `graduation_year`, `fid`, `job`, `address`, `city`, `country`, `phone`, `gid`, `mobile`, `nationalnumber`, `department`, `division`, `with_honor`) VALUES (165305, 2015, '1', '', '', '', '', '035629884', '4', '0185837365', '', 'الكيمياء الحيوية', 'العلوم البيولوجية', '');
INSERT INTO `lk9v6_users` (`name`, `email`, `usertype`) VALUES ('هدى سمير عبد اللطيف محمود', 'hoda13s05092@alexu.edu.eg', 'الخريجين');
INSERT INTO `lk9v6_alumni_main` (`id`, `user_id`, `approved`) VALUES (165306, 165306, 1);
INSERT INTO `lk9v6_alumni_data` (`alumni_id`, `graduation_year`, `fid`, `job`, `address`, `city`, `country`, `phone`, `gid`, `mobile`, `nationalnumber`, `department`, `division`, `with_honor`) VALUES (165306, 2015, '1', '', '', '', '', '01111133712', '4', '01152455085', '', 'الميكروبيولوجى', 'العلوم البيولوجية', '');
INSERT INTO `lk9v6_users` (`name`, `email`, `usertype`) VALUES ('منى كمال الدين حسن سليمان', 'mona13s05633@alexu.edu.eg', 'الخريجين');
INSERT INTO `lk9v6_alumni_main` (`id`, `user_id`, `approved`) VALUES (165307, 165307, 1);
INSERT INTO `lk9v6_alumni_data` (`alumni_id`, `graduation_year`, `fid`, `job`, `address`, `city`, `country`, `phone`, `gid`, `mobile`, `nationalnumber`, `department`, `division`, `with_honor`) VALUES (165307, 2015, '1', '', '', '', '', '3815004', '4', '0188317565', '', 'الميكروبيولوجى', 'العلوم البيولوجية', '');
INSERT INTO `lk9v6_users` (`name`, `email`, `usertype`) VALUES ('اسراء احمد احمد عامر عبدالرحمن', 'esraa13s05715@alexu.edu.eg', 'الخريجين');
INSERT INTO `lk9v6_alumni_main` (`id`, `user_id`, `approved`) VALUES (165308, 165308, 1);
INSERT INTO `lk9v6_alumni_data` (`alumni_id`, `graduation_year`, `fid`, `job`, `address`, `city`, `country`, `phone`, `gid`, `mobile`, `nationalnumber`, `department`, `division`, `with_honor`) VALUES (165308, 2015, '1', '', '', '', '', '5540478', '4', '01125206466', '', 'علوم البيئة', 'العلوم البيولوجية', '');
INSERT INTO `lk9v6_users` (`name`, `email`, `usertype`) VALUES ('هدير جلال حسن احمد الدرينى', 'hadeer13s04803@alexu.edu.eg', 'الخريجين');
INSERT INTO `lk9v6_alumni_main` (`id`, `user_id`, `approved`) VALUES (165309, 165309, 1);
INSERT INTO `lk9v6_alumni_data` (`alumni_id`, `graduation_year`, `fid`, `job`, `address`, `city`, `country`, `phone`, `gid`, `mobile`, `nationalnumber`, `department`, `division`, `with_honor`) VALUES (165309, 2015, '1', '', '', '', '', '034819334', '4', '01223659064', '', 'الفيزياء', 'العلوم الطبيعية', '');
INSERT INTO `lk9v6_users` (`name`, `email`, `usertype`) VALUES ('الاء محمد خليل ابراهيم', 'alaa13s05053@alexu.edu.eg', 'الخريجين');
INSERT INTO `lk9v6_alumni_main` (`id`, `user_id`, `approved`) VALUES (165310, 165310, 1);
INSERT INTO `lk9v6_alumni_data` (`alumni_id`, `graduation_year`, `fid`, `job`, `address`, `city`, `country`, `phone`, `gid`, `mobile`, `nationalnumber`, `department`, `division`, `with_honor`) VALUES (165310, 2015, '1', '', '', '', '', '4941260', '4', '01220458398', '', 'الميكروبيولوجى', 'العلوم البيولوجية', '');
INSERT INTO `lk9v6_users` (`name`, `email`, `usertype`) VALUES ('سحر على شعبان على فياله', 'sahar13s05068@alexu.edu.eg', 'الخريجين');
INSERT INTO `lk9v6_alumni_main` (`id`, `user_id`, `approved`) VALUES (165311, 165311, 1);
INSERT INTO `lk9v6_alumni_data` (`alumni_id`, `graduation_year`, `fid`, `job`, `address`, `city`, `country`, `phone`, `gid`, `mobile`, `nationalnumber`, `department`, `division`, `with_honor`) VALUES (165311, 2015, '1', '', '', '', '', '0452990367', '4', '01013459125', '', 'الكيمياء الحيوية', 'العلوم البيولوجية', '');
INSERT INTO `lk9v6_users` (`name`, `email`, `usertype`) VALUES ('سلمى عبدالفتاح حيدر عبدالمنعم', 'salma13s04856@alexu.edu.eg', 'الخريجين');
INSERT INTO `lk9v6_alumni_main` (`id`, `user_id`, `approved`) VALUES (165312, 165312, 1);
INSERT INTO `lk9v6_alumni_data` (`alumni_id`, `graduation_year`, `fid`, `job`, `address`, `city`, `country`, `phone`, `gid`, `mobile`, `nationalnumber`, `department`, `division`, `with_honor`) VALUES (165312, 2015, '1', '', '', '', '', '4254048', '4', '01063925681', '', 'الكيمياء الحيوية', 'العلوم البيولوجية', '');
INSERT INTO `lk9v6_users` (`name`, `email`, `usertype`) VALUES ('مى مصطفى عبدالحميد مصطفى شهاب', 'mai13s05492@alexu.edu.eg', 'الخريجين');
INSERT INTO `lk9v6_alumni_main` (`id`, `user_id`, `approved`) VALUES (165313, 165313, 1);
INSERT INTO `lk9v6_alumni_data` (`alumni_id`, `graduation_year`, `fid`, `job`, `address`, `city`, `country`, `phone`, `gid`, `mobile`, `nationalnumber`, `department`, `division`, `with_honor`) VALUES (165313, 2015, '1', '', '', '', '', '4270380', '4', '01007623343', '', 'الكيمياء الحيوية', 'العلوم البيولوجية', '');
INSERT INTO `lk9v6_users` (`name`, `email`, `usertype`) VALUES ('اسراء حمدى عبد ربه عبد الحافظ', 'esraa13s04560@alexu.edu.eg', 'الخريجين');
INSERT INTO `lk9v6_alumni_main` (`id`, `user_id`, `approved`) VALUES (165314, 165314, 1);
INSERT INTO `lk9v6_alumni_data` (`alumni_id`, `graduation_year`, `fid`, `job`, `address`, `city`, `country`, `phone`, `gid`, `mobile`, `nationalnumber`, `department`, `division`, `with_honor`) VALUES (165314, 2015, '1', '', '', '', '', '035770036', '4', '0192128365', '', 'الفيزياء', 'العلوم الطبيعية', '');
INSERT INTO `lk9v6_users` (`name`, `email`, `usertype`) VALUES ('سمر اشرف محمد شعبان على', 'samar13s05779@alexu.edu.eg', 'الخريجين');
INSERT INTO `lk9v6_alumni_main` (`id`, `user_id`, `approved`) VALUES (165315, 165315, 1);
INSERT INTO `lk9v6_alumni_data` (`alumni_id`, `graduation_year`, `fid`, `job`, `address`, `city`, `country`, `phone`, `gid`, `mobile`, `nationalnumber`, `department`, `division`, `with_honor`) VALUES (165315, 2015, '1', '', '', '', '', '4834276', '4', '01019708353', '', 'الكيمياء الحيوية', 'العلوم البيولوجية', '');
INSERT INTO `lk9v6_users` (`name`, `email`, `usertype`) VALUES ('امانى ابراهيم رضا السيد حجازى', 'amany13s04301@alexu.edu.eg', 'الخريجين');
INSERT INTO `lk9v6_alumni_main` (`id`, `user_id`, `approved`) VALUES (165316, 165316, 1);
INSERT INTO `lk9v6_alumni_data` (`alumni_id`, `graduation_year`, `fid`, `job`, `address`, `city`, `country`, `phone`, `gid`, `mobile`, `nationalnumber`, `department`, `division`, `with_honor`) VALUES (165316, 2015, '1', '', '', '', '', '034851242', '4', '01223233138', '', 'الفيزياء', 'العلوم الطبيعية', '');
INSERT INTO `lk9v6_users` (`name`, `email`, `usertype`) VALUES ('امانى السيد السيد الشرقاوى', 'amany13s04896@alexu.edu.eg', 'الخريجين');
INSERT INTO `lk9v6_alumni_main` (`id`, `user_id`, `approved`) VALUES (165317, 165317, 1);
INSERT INTO `lk9v6_alumni_data` (`alumni_id`, `graduation_year`, `fid`, `job`, `address`, `city`, `country`, `phone`, `gid`, `mobile`, `nationalnumber`, `department`, `division`, `with_honor`) VALUES (165317, 2015, '1', '', '', '', '', '035136481', '4', '01096830959', '', 'الميكروبيولوجى', 'العلوم البيولوجية', '');
INSERT INTO `lk9v6_users` (`name`, `email`, `usertype`) VALUES ('رحاب محمد ابراهيم شعوط', 'rehab13s05736@alexu.edu.eg', 'الخريجين');
INSERT INTO `lk9v6_alumni_main` (`id`, `user_id`, `approved`) VALUES (165318, 165318, 1);
INSERT INTO `lk9v6_alumni_data` (`alumni_id`, `graduation_year`, `fid`, `job`, `address`, `city`, `country`, `phone`, `gid`, `mobile`, `nationalnumber`, `department`, `division`, `with_honor`) VALUES (165318, 2015, '1', '', '', '', '', '0472534278', '4', '01012246692', '', 'الميكروبيولوجى', 'العلوم البيولوجية', '');
INSERT INTO `lk9v6_users` (`name`, `email`, `usertype`) VALUES ('ايه النبوى محمدمحمدابراهيم', 'aya13s05000@alexu.edu.eg', 'الخريجين');
INSERT INTO `lk9v6_alumni_main` (`id`, `user_id`, `approved`) VALUES (165319, 165319, 1);
INSERT INTO `lk9v6_alumni_data` (`alumni_id`, `graduation_year`, `fid`, `job`, `address`, `city`, `country`, `phone`, `gid`, `mobile`, `nationalnumber`, `department`, `division`, `with_honor`) VALUES (165319, 2015, '1', '', '', '', '', '0143431574', '4', '01143431574', '', 'الكيمياء الحيوية', 'العلوم البيولوجية', '');
INSERT INTO `lk9v6_users` (`name`, `email`, `usertype`) VALUES ('ولاء عنتر ابراهيم احمد سعد الدين', 'walaa13s04974@alexu.edu.eg', 'الخريجين');
INSERT INTO `lk9v6_alumni_main` (`id`, `user_id`, `approved`) VALUES (165320, 165320, 1);
INSERT INTO `lk9v6_alumni_data` (`alumni_id`, `graduation_year`, `fid`, `job`, `address`, `city`, `country`, `phone`, `gid`, `mobile`, `nationalnumber`, `department`, `division`, `with_honor`) VALUES (165320, 2015, '1', '', '', '', '', '035071303', '4', '01123166760', '', 'علوم البيئة', 'العلوم البيولوجية', '');
INSERT INTO `lk9v6_users` (`name`, `email`, `usertype`) VALUES ('شيرين السيد عبد الرحمن السواح', 'sherin13s06877@alexu.edu.eg', 'الخريجين');
INSERT INTO `lk9v6_alumni_main` (`id`, `user_id`, `approved`) VALUES (165321, 165321, 1);
INSERT INTO `lk9v6_alumni_data` (`alumni_id`, `graduation_year`, `fid`, `job`, `address`, `city`, `country`, `phone`, `gid`, `mobile`, `nationalnumber`, `department`, `division`, `with_honor`) VALUES (165321, 2015, '1', '', '', '', '', '4885475', '4', '01286197753', '', 'الميكروبيولوجى', 'العلوم البيولوجية', '');
INSERT INTO `lk9v6_users` (`name`, `email`, `usertype`) VALUES ('جهاد عاطف محمد محمد عبد الدايم', 'gihad13s05350@alexu.edu.eg', 'الخريجين');
INSERT INTO `lk9v6_alumni_main` (`id`, `user_id`, `approved`) VALUES (165322, 165322, 1);
INSERT INTO `lk9v6_alumni_data` (`alumni_id`, `graduation_year`, `fid`, `job`, `address`, `city`, `country`, `phone`, `gid`, `mobile`, `nationalnumber`, `department`, `division`, `with_honor`) VALUES (165322, 2015, '1', '', '', '', '', '9625016', '4', '01140761434', '', 'الكيمياء الحيوية', 'العلوم البيولوجية', '');
INSERT INTO `lk9v6_users` (`name`, `email`, `usertype`) VALUES ('ياسمين حسنى احمد سليمان على', 'yasmin13s04722@alexu.edu.eg', 'الخريجين');
INSERT INTO `lk9v6_alumni_main` (`id`, `user_id`, `approved`) VALUES (165323, 165323, 1);
INSERT INTO `lk9v6_alumni_data` (`alumni_id`, `graduation_year`, `fid`, `job`, `address`, `city`, `country`, `phone`, `gid`, `mobile`, `nationalnumber`, `department`, `division`, `with_honor`) VALUES (165323, 2015, '1', '', '', '', '', '035957089', '4', '01014728709', '', 'الفيزياء', 'العلوم الطبيعية', '');
INSERT INTO `lk9v6_users` (`name`, `email`, `usertype`) VALUES ('امنيه محمود منصور احمد الشاهد', 'omnia13s05330@alexu.edu.eg', 'الخريجين');
INSERT INTO `lk9v6_alumni_main` (`id`, `user_id`, `approved`) VALUES (165324, 165324, 1);
INSERT INTO `lk9v6_alumni_data` (`alumni_id`, `graduation_year`, `fid`, `job`, `address`, `city`, `country`, `phone`, `gid`, `mobile`, `nationalnumber`, `department`, `division`, `with_honor`) VALUES (165324, 2015, '1', '', '', '', '', '033829063', '4', '01223026083', '', 'الكيمياء الحيوية', 'العلوم البيولوجية', '');
INSERT INTO `lk9v6_users` (`name`, `email`, `usertype`) VALUES ('ريهام رضوان عبدالعزيز احمد رضوان', 'reham13s04318@alexu.edu.eg', 'الخريجين');
INSERT INTO `lk9v6_alumni_main` (`id`, `user_id`, `approved`) VALUES (165325, 165325, 1);
INSERT INTO `lk9v6_alumni_data` (`alumni_id`, `graduation_year`, `fid`, `job`, `address`, `city`, `country`, `phone`, `gid`, `mobile`, `nationalnumber`, `department`, `division`, `with_honor`) VALUES (165325, 2015, '1', '', '', '', '', '034204821', '4', '01287584002', '', 'الفيزياء', 'العلوم الطبيعية', '');
INSERT INTO `lk9v6_users` (`name`, `email`, `usertype`) VALUES ('سلمى احمد محمد القاضى', 'salma13s04833@alexu.edu.eg', 'الخريجين');
INSERT INTO `lk9v6_alumni_main` (`id`, `user_id`, `approved`) VALUES (165326, 165326, 1);
INSERT INTO `lk9v6_alumni_data` (`alumni_id`, `graduation_year`, `fid`, `job`, `address`, `city`, `country`, `phone`, `gid`, `mobile`, `nationalnumber`, `department`, `division`, `with_honor`) VALUES (165326, 2015, '1', '', '', '', '', '5824270', '4', '01225330477', '', 'الميكروبيولوجى', 'العلوم البيولوجية', '');
INSERT INTO `lk9v6_users` (`name`, `email`, `usertype`) VALUES ('علا شكرى محمد عرفه خطاب القرط', 'ola13s05316@alexu.edu.eg', 'الخريجين');
INSERT INTO `lk9v6_alumni_main` (`id`, `user_id`, `approved`) VALUES (165327, 165327, 1);
INSERT INTO `lk9v6_alumni_data` (`alumni_id`, `graduation_year`, `fid`, `job`, `address`, `city`, `country`, `phone`, `gid`, `mobile`, `nationalnumber`, `department`, `division`, `with_honor`) VALUES (165327, 2015, '1', '', '', '', '', '035033211', '4', '01112580538', '', 'الميكروبيولوجى', 'العلوم البيولوجية', '');
INSERT INTO `lk9v6_users` (`name`, `email`, `usertype`) VALUES ('محمود محمد سالم محمد قمر', 'mahmoud13s06109@alexu.edu.eg', 'الخريجين');
INSERT INTO `lk9v6_alumni_main` (`id`, `user_id`, `approved`) VALUES (165328, 165328, 1);
INSERT INTO `lk9v6_alumni_data` (`alumni_id`, `graduation_year`, `fid`, `job`, `address`, `city`, `country`, `phone`, `gid`, `mobile`, `nationalnumber`, `department`, `division`, `with_honor`) VALUES (165328, 2015, '1', '', '', '', '', '035053877', '4', '01111881712', '', 'الفيزياء', 'العلوم الطبيعية', '');
INSERT INTO `lk9v6_users` (`name`, `email`, `usertype`) VALUES ('فاطمه عصمت محمد عبده منصور', 'fatma13s04986@alexu.edu.eg', 'الخريجين');
INSERT INTO `lk9v6_alumni_main` (`id`, `user_id`, `approved`) VALUES (165329, 165329, 1);
INSERT INTO `lk9v6_alumni_data` (`alumni_id`, `graduation_year`, `fid`, `job`, `address`, `city`, `country`, `phone`, `gid`, `mobile`, `nationalnumber`, `department`, `division`, `with_honor`) VALUES (165329, 2015, '1', '', '', '', '', '4803732', '4', '01229376370', '', 'الميكروبيولوجى', 'العلوم البيولوجية', '');
INSERT INTO `lk9v6_users` (`name`, `email`, `usertype`) VALUES ('امنية على عبدالله فريج', 'omnia13s04908@alexu.edu.eg', 'الخريجين');
INSERT INTO `lk9v6_alumni_main` (`id`, `user_id`, `approved`) VALUES (165330, 165330, 1);
INSERT INTO `lk9v6_alumni_data` (`alumni_id`, `graduation_year`, `fid`, `job`, `address`, `city`, `country`, `phone`, `gid`, `mobile`, `nationalnumber`, `department`, `division`, `with_honor`) VALUES (165330, 2015, '1', '', '', '', '', '0453685708', '4', '01064380730', '', 'الكيمياء الحيوية', 'العلوم البيولوجية', '');
INSERT INTO `lk9v6_users` (`name`, `email`, `usertype`) VALUES ('مى عصام عبدالرحمن محمود', 'mai13s05665@alexu.edu.eg', 'الخريجين');
INSERT INTO `lk9v6_alumni_main` (`id`, `user_id`, `approved`) VALUES (165331, 165331, 1);
INSERT INTO `lk9v6_alumni_data` (`alumni_id`, `graduation_year`, `fid`, `job`, `address`, `city`, `country`, `phone`, `gid`, `mobile`, `nationalnumber`, `department`, `division`, `with_honor`) VALUES (165331, 2015, '1', '', '', '', '', '039543071', '4', '01229347323', '', 'علوم البيئة', 'العلوم البيولوجية', '');
INSERT INTO `lk9v6_users` (`name`, `email`, `usertype`) VALUES ('هدير دسوقى عبدالفتاح مسعود', 'hadeer13s05661@alexu.edu.eg', 'الخريجين');
INSERT INTO `lk9v6_alumni_main` (`id`, `user_id`, `approved`) VALUES (165332, 165332, 1);
INSERT INTO `lk9v6_alumni_data` (`alumni_id`, `graduation_year`, `fid`, `job`, `address`, `city`, `country`, `phone`, `gid`, `mobile`, `nationalnumber`, `department`, `division`, `with_honor`) VALUES (165332, 2015, '1', '', '', '', '', '0453770863', '4', '01060516201', '', 'الكيمياء الحيوية', 'العلوم البيولوجية', '');
INSERT INTO `lk9v6_users` (`name`, `email`, `usertype`) VALUES ('اسراء اشرف نبوى محمد', 'esraa13s05720@alexu.edu.eg', 'الخريجين');
INSERT INTO `lk9v6_alumni_main` (`id`, `user_id`, `approved`) VALUES (165333, 165333, 1);
INSERT INTO `lk9v6_alumni_data` (`alumni_id`, `graduation_year`, `fid`, `job`, `address`, `city`, `country`, `phone`, `gid`, `mobile`, `nationalnumber`, `department`, `division`, `with_honor`) VALUES (165333, 2015, '1', '', '', '', '', '034593910', '4', '01273249498', '', 'علوم البيئة', 'العلوم البيولوجية', '');
INSERT INTO `lk9v6_users` (`name`, `email`, `usertype`) VALUES ('اسامه محمد جمال عبدالناصر ابراهيم عبدربه', 'osama13s04575@alexu.edu.eg', 'الخريجين');
INSERT INTO `lk9v6_alumni_main` (`id`, `user_id`, `approved`) VALUES (165334, 165334, 1);
INSERT INTO `lk9v6_alumni_data` (`alumni_id`, `graduation_year`, `fid`, `job`, `address`, `city`, `country`, `phone`, `gid`, `mobile`, `nationalnumber`, `department`, `division`, `with_honor`) VALUES (165334, 2015, '1', '', '', '', '', '5063328', '4', '01270268905', '', 'الفيزياء', 'العلوم الطبيعية', '');
INSERT INTO `lk9v6_users` (`name`, `email`, `usertype`) VALUES ('منى حسين على على حسين', 'mona13s05618@alexu.edu.eg', 'الخريجين');
INSERT INTO `lk9v6_alumni_main` (`id`, `user_id`, `approved`) VALUES (165335, 165335, 1);
INSERT INTO `lk9v6_alumni_data` (`alumni_id`, `graduation_year`, `fid`, `job`, `address`, `city`, `country`, `phone`, `gid`, `mobile`, `nationalnumber`, `department`, `division`, `with_honor`) VALUES (165335, 2015, '1', '', '', '', '', '5365024', '4', '01063072904', '', 'الكيمياء الحيوية', 'العلوم البيولوجية', '');
INSERT INTO `lk9v6_users` (`name`, `email`, `usertype`) VALUES ('ايه سعددسوقي سعددرويش', 'aya13s05848@alexu.edu.eg', 'الخريجين');
INSERT INTO `lk9v6_alumni_main` (`id`, `user_id`, `approved`) VALUES (165336, 165336, 1);
INSERT INTO `lk9v6_alumni_data` (`alumni_id`, `graduation_year`, `fid`, `job`, `address`, `city`, `country`, `phone`, `gid`, `mobile`, `nationalnumber`, `department`, `division`, `with_honor`) VALUES (165336, 2015, '1', '', '', '', '', '3248056', '4', '01280965411', '', 'الكيمياء الحيوية', 'العلوم البيولوجية', '');
INSERT INTO `lk9v6_users` (`name`, `email`, `usertype`) VALUES ('منار عبدالمطلب محمد عبدالمعطى خطاب', 'manar13s05402@alexu.edu.eg', 'الخريجين');
INSERT INTO `lk9v6_alumni_main` (`id`, `user_id`, `approved`) VALUES (165337, 165337, 1);
INSERT INTO `lk9v6_alumni_data` (`alumni_id`, `graduation_year`, `fid`, `job`, `address`, `city`, `country`, `phone`, `gid`, `mobile`, `nationalnumber`, `department`, `division`, `with_honor`) VALUES (165337, 2015, '1', '', '', '', '', '035272417', '4', '01020365698', '', 'علوم البيئة', 'العلوم البيولوجية', '');
INSERT INTO `lk9v6_users` (`name`, `email`, `usertype`) VALUES ('سمر محمد السيد ابراهيم محمد', 'samar13s05532@alexu.edu.eg', 'الخريجين');
INSERT INTO `lk9v6_alumni_main` (`id`, `user_id`, `approved`) VALUES (165338, 165338, 1);
INSERT INTO `lk9v6_alumni_data` (`alumni_id`, `graduation_year`, `fid`, `job`, `address`, `city`, `country`, `phone`, `gid`, `mobile`, `nationalnumber`, `department`, `division`, `with_honor`) VALUES (165338, 2015, '1', '', '', '', '', '5615359', '4', '01155650191', '', 'الكيمياء الحيوية', 'العلوم البيولوجية', '');
INSERT INTO `lk9v6_users` (`name`, `email`, `usertype`) VALUES ('محمد احمد زيد حسن على', 'mohamed13s04866@alexu.edu.eg', 'الخريجين');
INSERT INTO `lk9v6_alumni_main` (`id`, `user_id`, `approved`) VALUES (165339, 165339, 1);
INSERT INTO `lk9v6_alumni_data` (`alumni_id`, `graduation_year`, `fid`, `job`, `address`, `city`, `country`, `phone`, `gid`, `mobile`, `nationalnumber`, `department`, `division`, `with_honor`) VALUES (165339, 2015, '1', '', '', '', '', '3198132', '4', '01202988814', '', 'الجيولوجيا', 'العلوم الجيولوجية', '');
INSERT INTO `lk9v6_users` (`name`, `email`, `usertype`) VALUES ('نورهان عبد الغنى عبد الوهاب عبد الغنى', 'nourhan13s05358@alexu.edu.eg', 'الخريجين');
INSERT INTO `lk9v6_alumni_main` (`id`, `user_id`, `approved`) VALUES (165340, 165340, 1);
INSERT INTO `lk9v6_alumni_data` (`alumni_id`, `graduation_year`, `fid`, `job`, `address`, `city`, `country`, `phone`, `gid`, `mobile`, `nationalnumber`, `department`, `division`, `with_honor`) VALUES (165340, 2015, '1', '', '', '', '', '034481331', '4', '01146554986', '', 'الكيمياء الحيوية', 'العلوم البيولوجية', '');
INSERT INTO `lk9v6_users` (`name`, `email`, `usertype`) VALUES ('ايه على حسن محمد', 'aya13s06658@alexu.edu.eg', 'الخريجين');
INSERT INTO `lk9v6_alumni_main` (`id`, `user_id`, `approved`) VALUES (165341, 165341, 1);
INSERT INTO `lk9v6_alumni_data` (`alumni_id`, `graduation_year`, `fid`, `job`, `address`, `city`, `country`, `phone`, `gid`, `mobile`, `nationalnumber`, `department`, `division`, `with_honor`) VALUES (165341, 2015, '1', '', '', '', '', '3245590', '4', '01201957252', '', 'الفيزياء', 'العلوم الطبيعية', '');
INSERT INTO `lk9v6_users` (`name`, `email`, `usertype`) VALUES ('امنيه محمد ابراهيم حسين المراكبى', 'omnia13s04315@alexu.edu.eg', 'الخريجين');
INSERT INTO `lk9v6_alumni_main` (`id`, `user_id`, `approved`) VALUES (165342, 165342, 1);
INSERT INTO `lk9v6_alumni_data` (`alumni_id`, `graduation_year`, `fid`, `job`, `address`, `city`, `country`, `phone`, `gid`, `mobile`, `nationalnumber`, `department`, `division`, `with_honor`) VALUES (165342, 2015, '1', '', '', '', '', '3604825', '4', '0102709854', '', 'الفيزياء', 'العلوم الطبيعية', '');
INSERT INTO `lk9v6_users` (`name`, `email`, `usertype`) VALUES ('مصطفى  العدوى مصطفى احمد على', 'mustafa13s04322@alexu.edu.eg', 'الخريجين');
INSERT INTO `lk9v6_alumni_main` (`id`, `user_id`, `approved`) VALUES (165343, 165343, 1);
INSERT INTO `lk9v6_alumni_data` (`alumni_id`, `graduation_year`, `fid`, `job`, `address`, `city`, `country`, `phone`, `gid`, `mobile`, `nationalnumber`, `department`, `division`, `with_honor`) VALUES (165343, 2015, '1', '', '', '', '', '5554470', '4', '01145290692', '', 'الفيزياء', 'العلوم الطبيعية', '');
INSERT INTO `lk9v6_users` (`name`, `email`, `usertype`) VALUES ('شرين يوسف على السيد ابو زيد', 'sherin13s05423@alexu.edu.eg', 'الخريجين');
INSERT INTO `lk9v6_alumni_main` (`id`, `user_id`, `approved`) VALUES (165344, 165344, 1);
INSERT INTO `lk9v6_alumni_data` (`alumni_id`, `graduation_year`, `fid`, `job`, `address`, `city`, `country`, `phone`, `gid`, `mobile`, `nationalnumber`, `department`, `division`, `with_honor`) VALUES (165344, 2015, '1', '', '', '', '', '0453641818', '4', '01112708298', '', 'الكيمياء الحيوية', 'العلوم البيولوجية', '');
INSERT INTO `lk9v6_users` (`name`, `email`, `usertype`) VALUES ('محمد رزق نصر ابوالعنين', 'mohamed13s05695@alexu.edu.eg', 'الخريجين');
INSERT INTO `lk9v6_alumni_main` (`id`, `user_id`, `approved`) VALUES (165345, 165345, 1);
INSERT INTO `lk9v6_alumni_data` (`alumni_id`, `graduation_year`, `fid`, `job`, `address`, `city`, `country`, `phone`, `gid`, `mobile`, `nationalnumber`, `department`, `division`, `with_honor`) VALUES (165345, 2015, '1', '', '', '', '', '0453730935', '4', '01144792468', '', 'الكيمياء الحيوية', 'العلوم البيولوجية', '');
INSERT INTO `lk9v6_users` (`name`, `email`, `usertype`) VALUES ('ساره ميخائيل بشاى ميخائيل بشاى', 'sara13s05429@alexu.edu.eg', 'الخريجين');
INSERT INTO `lk9v6_alumni_main` (`id`, `user_id`, `approved`) VALUES (165346, 165346, 1);
INSERT INTO `lk9v6_alumni_data` (`alumni_id`, `graduation_year`, `fid`, `job`, `address`, `city`, `country`, `phone`, `gid`, `mobile`, `nationalnumber`, `department`, `division`, `with_honor`) VALUES (165346, 2015, '1', '', '', '', '', '033628089', '4', '01286045328', '', 'الميكروبيولوجى', 'العلوم البيولوجية', '');
INSERT INTO `lk9v6_users` (`name`, `email`, `usertype`) VALUES ('علا على خليل السيد', 'ola13s05085@alexu.edu.eg', 'الخريجين');
INSERT INTO `lk9v6_alumni_main` (`id`, `user_id`, `approved`) VALUES (165347, 165347, 1);
INSERT INTO `lk9v6_alumni_data` (`alumni_id`, `graduation_year`, `fid`, `job`, `address`, `city`, `country`, `phone`, `gid`, `mobile`, `nationalnumber`, `department`, `division`, `with_honor`) VALUES (165347, 2015, '1', '', '', '', '', '033626694', '4', '0189805650', '', 'علوم البيئة', 'العلوم البيولوجية', '');
INSERT INTO `lk9v6_users` (`name`, `email`, `usertype`) VALUES ('ياسمين محمد حامد محمد السواح', 'yasmin13s05239@alexu.edu.eg', 'الخريجين');
INSERT INTO `lk9v6_alumni_main` (`id`, `user_id`, `approved`) VALUES (165348, 165348, 1);
INSERT INTO `lk9v6_alumni_data` (`alumni_id`, `graduation_year`, `fid`, `job`, `address`, `city`, `country`, `phone`, `gid`, `mobile`, `nationalnumber`, `department`, `division`, `with_honor`) VALUES (165348, 2015, '1', '', '', '', '', '035603638', '4', '01003567746', '', 'الكيمياء الحيوية', 'العلوم البيولوجية', '');
INSERT INTO `lk9v6_users` (`name`, `email`, `usertype`) VALUES ('شروق على ابراهيم عجمى حسين الجمال', 'sherok13s04767@alexu.edu.eg', 'الخريجين');
INSERT INTO `lk9v6_alumni_main` (`id`, `user_id`, `approved`) VALUES (165349, 165349, 1);
INSERT INTO `lk9v6_alumni_data` (`alumni_id`, `graduation_year`, `fid`, `job`, `address`, `city`, `country`, `phone`, `gid`, `mobile`, `nationalnumber`, `department`, `division`, `with_honor`) VALUES (165349, 2015, '1', '', '', '', '', '035015109', '4', '01284481096', '', 'الفيزياء', 'العلوم الطبيعية', '');
INSERT INTO `lk9v6_users` (`name`, `email`, `usertype`) VALUES ('شيماء اسماعيل محمد اسماعيل البنا', 'shaimaa13s04570@alexu.edu.eg', 'الخريجين');
INSERT INTO `lk9v6_alumni_main` (`id`, `user_id`, `approved`) VALUES (165350, 165350, 1);
INSERT INTO `lk9v6_alumni_data` (`alumni_id`, `graduation_year`, `fid`, `job`, `address`, `city`, `country`, `phone`, `gid`, `mobile`, `nationalnumber`, `department`, `division`, `with_honor`) VALUES (165350, 2015, '1', '', '', '', '', '035624211', '4', '01140474194', '', 'الفيزياء', 'العلوم الطبيعية', '');
INSERT INTO `lk9v6_users` (`name`, `email`, `usertype`) VALUES ('كريم محمد احمد محمود', 'karim13s04799@alexu.edu.eg', 'الخريجين');
INSERT INTO `lk9v6_alumni_main` (`id`, `user_id`, `approved`) VALUES (165351, 165351, 1);
INSERT INTO `lk9v6_alumni_data` (`alumni_id`, `graduation_year`, `fid`, `job`, `address`, `city`, `country`, `phone`, `gid`, `mobile`, `nationalnumber`, `department`, `division`, `with_honor`) VALUES (165351, 2015, '1', '', '', '', '', '035007642', '4', '01286686016', '', 'الفيزياء', 'العلوم الطبيعية', '');
INSERT INTO `lk9v6_users` (`name`, `email`, `usertype`) VALUES ('دعاء محمد ابراهيم زكى', 'doaa13s05134@alexu.edu.eg', 'الخريجين');
INSERT INTO `lk9v6_alumni_main` (`id`, `user_id`, `approved`) VALUES (165352, 165352, 1);
INSERT INTO `lk9v6_alumni_data` (`alumni_id`, `graduation_year`, `fid`, `job`, `address`, `city`, `country`, `phone`, `gid`, `mobile`, `nationalnumber`, `department`, `division`, `with_honor`) VALUES (165352, 2015, '1', '', '', '', '', '4869761', '4', '0194840023', '', 'علوم البيئة', 'العلوم البيولوجية', '');
INSERT INTO `lk9v6_users` (`name`, `email`, `usertype`) VALUES ('سحر صبحى حسن عبد العزيز زايد', 'sahar13s06098@alexu.edu.eg', 'الخريجين');
INSERT INTO `lk9v6_alumni_main` (`id`, `user_id`, `approved`) VALUES (165353, 165353, 1);
INSERT INTO `lk9v6_alumni_data` (`alumni_id`, `graduation_year`, `fid`, `job`, `address`, `city`, `country`, `phone`, `gid`, `mobile`, `nationalnumber`, `department`, `division`, `with_honor`) VALUES (165353, 2015, '1', '', '', '', '', '0453760656', '4', '0192215604', '', 'الميكروبيولوجى', 'العلوم البيولوجية', '');
INSERT INTO `lk9v6_users` (`name`, `email`, `usertype`) VALUES ('شيماء محمدالبدرى عبد اللاه محمد', 'shaimaa13s05668@alexu.edu.eg', 'الخريجين');
INSERT INTO `lk9v6_alumni_main` (`id`, `user_id`, `approved`) VALUES (165354, 165354, 1);
INSERT INTO `lk9v6_alumni_data` (`alumni_id`, `graduation_year`, `fid`, `job`, `address`, `city`, `country`, `phone`, `gid`, `mobile`, `nationalnumber`, `department`, `division`, `with_honor`) VALUES (165354, 2015, '1', '', '', '', '', '033244706', '4', '01122499831', '', 'الميكروبيولوجى', 'العلوم البيولوجية', '');
INSERT INTO `lk9v6_users` (`name`, `email`, `usertype`) VALUES ('داليا السعيد يوسف اسماعيل حسين', 'dalia13s04441@alexu.edu.eg', 'الخريجين');
INSERT INTO `lk9v6_alumni_main` (`id`, `user_id`, `approved`) VALUES (165355, 165355, 1);
INSERT INTO `lk9v6_alumni_data` (`alumni_id`, `graduation_year`, `fid`, `job`, `address`, `city`, `country`, `phone`, `gid`, `mobile`, `nationalnumber`, `department`, `division`, `with_honor`) VALUES (165355, 2015, '1', '', '', '', '', '01021765610', '4', '01021557524', '', 'الفيزياء', 'العلوم الطبيعية', '');
INSERT INTO `lk9v6_users` (`name`, `email`, `usertype`) VALUES ('هدير الشناوى محمد عبدالحليم المغربى', 'hadeer13s05311@alexu.edu.eg', 'الخريجين');
INSERT INTO `lk9v6_alumni_main` (`id`, `user_id`, `approved`) VALUES (165356, 165356, 1);
INSERT INTO `lk9v6_alumni_data` (`alumni_id`, `graduation_year`, `fid`, `job`, `address`, `city`, `country`, `phone`, `gid`, `mobile`, `nationalnumber`, `department`, `division`, `with_honor`) VALUES (165356, 2015, '1', '', '', '', '', '0452706706', '4', '0198360509', '', 'الكيمياء الحيوية', 'العلوم البيولوجية', '');
INSERT INTO `lk9v6_users` (`name`, `email`, `usertype`) VALUES ('ايمان فهمى فؤاد خفاجى المعطاوى', 'eman13s05491@alexu.edu.eg', 'الخريجين');
INSERT INTO `lk9v6_alumni_main` (`id`, `user_id`, `approved`) VALUES (165357, 165357, 1);
INSERT INTO `lk9v6_alumni_data` (`alumni_id`, `graduation_year`, `fid`, `job`, `address`, `city`, `country`, `phone`, `gid`, `mobile`, `nationalnumber`, `department`, `division`, `with_honor`) VALUES (165357, 2015, '1', '', '', '', '', '035378198', '4', '01223893433', '', 'الميكروبيولوجى', 'العلوم البيولوجية', '');
INSERT INTO `lk9v6_users` (`name`, `email`, `usertype`) VALUES ('نورهان محمود محمد محمود', 'nourhan13s05757@alexu.edu.eg', 'الخريجين');
INSERT INTO `lk9v6_alumni_main` (`id`, `user_id`, `approved`) VALUES (165358, 165358, 1);
INSERT INTO `lk9v6_alumni_data` (`alumni_id`, `graduation_year`, `fid`, `job`, `address`, `city`, `country`, `phone`, `gid`, `mobile`, `nationalnumber`, `department`, `division`, `with_honor`) VALUES (165358, 2015, '1', '', '', '', '', '4347045', '4', '01125952646', '', 'علوم البيئة', 'العلوم البيولوجية', '');
INSERT INTO `lk9v6_users` (`name`, `email`, `usertype`) VALUES ('مصطفى علاء معوض السيد عويس', 'mustafa13s04505@alexu.edu.eg', 'الخريجين');
INSERT INTO `lk9v6_alumni_main` (`id`, `user_id`, `approved`) VALUES (165359, 165359, 1);
INSERT INTO `lk9v6_alumni_data` (`alumni_id`, `graduation_year`, `fid`, `job`, `address`, `city`, `country`, `phone`, `gid`, `mobile`, `nationalnumber`, `department`, `division`, `with_honor`) VALUES (165359, 2015, '1', '', '', '', '', '5746982', '4', '01208717825', '', 'الفيزياء', 'العلوم الطبيعية', '');
INSERT INTO `lk9v6_users` (`name`, `email`, `usertype`) VALUES ('وفاء رمضان فوزى النجار', 'wafaa13s04795@alexu.edu.eg', 'الخريجين');
INSERT INTO `lk9v6_alumni_main` (`id`, `user_id`, `approved`) VALUES (165360, 165360, 1);
INSERT INTO `lk9v6_alumni_data` (`alumni_id`, `graduation_year`, `fid`, `job`, `address`, `city`, `country`, `phone`, `gid`, `mobile`, `nationalnumber`, `department`, `division`, `with_honor`) VALUES (165360, 2015, '1', '', '', '', '', '01017479289', '4', '01225200328', '', 'الفيزياء', 'العلوم الطبيعية', '');
INSERT INTO `lk9v6_users` (`name`, `email`, `usertype`) VALUES ('مارى آن سهيل سمعان منصور', 'mary13s05862@alexu.edu.eg', 'الخريجين');
INSERT INTO `lk9v6_alumni_main` (`id`, `user_id`, `approved`) VALUES (165361, 165361, 1);
INSERT INTO `lk9v6_alumni_data` (`alumni_id`, `graduation_year`, `fid`, `job`, `address`, `city`, `country`, `phone`, `gid`, `mobile`, `nationalnumber`, `department`, `division`, `with_honor`) VALUES (165361, 2015, '1', '', '', '', '', '5435264', '4', '01202199522', '', 'الميكروبيولوجى', 'العلوم البيولوجية', '');
INSERT INTO `lk9v6_users` (`name`, `email`, `usertype`) VALUES ('نورهان محمد مصباح ابراهيم', 'nourhan13s04776@alexu.edu.eg', 'الخريجين');
INSERT INTO `lk9v6_alumni_main` (`id`, `user_id`, `approved`) VALUES (165362, 165362, 1);
INSERT INTO `lk9v6_alumni_data` (`alumni_id`, `graduation_year`, `fid`, `job`, `address`, `city`, `country`, `phone`, `gid`, `mobile`, `nationalnumber`, `department`, `division`, `with_honor`) VALUES (165362, 2015, '1', '', '', '', '', '01205711324', '4', '01205711324', '', 'الفيزياء', 'العلوم الطبيعية', '');
INSERT INTO `lk9v6_users` (`name`, `email`, `usertype`) VALUES ('نانسى محسن صبحى حناالله', 'nancy13s04874@alexu.edu.eg', 'الخريجين');
INSERT INTO `lk9v6_alumni_main` (`id`, `user_id`, `approved`) VALUES (165363, 165363, 1);
INSERT INTO `lk9v6_alumni_data` (`alumni_id`, `graduation_year`, `fid`, `job`, `address`, `city`, `country`, `phone`, `gid`, `mobile`, `nationalnumber`, `department`, `division`, `with_honor`) VALUES (165363, 2015, '1', '', '', '', '', '035845675', '4', '01201056110', '', 'الكيمياء الحيوية', 'العلوم البيولوجية', '');
INSERT INTO `lk9v6_users` (`name`, `email`, `usertype`) VALUES ('ولاء كمال اسماعيل احمد ابو زهره', 'walaa13s05176@alexu.edu.eg', 'الخريجين');
INSERT INTO `lk9v6_alumni_main` (`id`, `user_id`, `approved`) VALUES (165364, 165364, 1);
INSERT INTO `lk9v6_alumni_data` (`alumni_id`, `graduation_year`, `fid`, `job`, `address`, `city`, `country`, `phone`, `gid`, `mobile`, `nationalnumber`, `department`, `division`, `with_honor`) VALUES (165364, 2015, '1', '', '', '', '', '0452245435', '4', '0185003630', '', 'الكيمياء الحيوية', 'العلوم البيولوجية', '');
INSERT INTO `lk9v6_users` (`name`, `email`, `usertype`) VALUES ('منه الله يحيى على حسن قره', 'menna13s05184@alexu.edu.eg', 'الخريجين');
INSERT INTO `lk9v6_alumni_main` (`id`, `user_id`, `approved`) VALUES (165365, 165365, 1);
INSERT INTO `lk9v6_alumni_data` (`alumni_id`, `graduation_year`, `fid`, `job`, `address`, `city`, `country`, `phone`, `gid`, `mobile`, `nationalnumber`, `department`, `division`, `with_honor`) VALUES (165365, 2015, '1', '', '', '', '', '4847142', '4', '01067048977', '', 'الميكروبيولوجى', 'العلوم البيولوجية', '');
INSERT INTO `lk9v6_users` (`name`, `email`, `usertype`) VALUES ('ايه سالم محمود الغول', 'aya13s05452@alexu.edu.eg', 'الخريجين');
INSERT INTO `lk9v6_alumni_main` (`id`, `user_id`, `approved`) VALUES (165366, 165366, 1);
INSERT INTO `lk9v6_alumni_data` (`alumni_id`, `graduation_year`, `fid`, `job`, `address`, `city`, `country`, `phone`, `gid`, `mobile`, `nationalnumber`, `department`, `division`, `with_honor`) VALUES (165366, 2015, '1', '', '', '', '', '01005671704', '4', '01022910664', '', 'الكيمياء الحيوية', 'العلوم البيولوجية', '');
INSERT INTO `lk9v6_users` (`name`, `email`, `usertype`) VALUES ('ايه عبد الرؤف عبد العاطى شحاته', 'aya13s04467@alexu.edu.eg', 'الخريجين');
INSERT INTO `lk9v6_alumni_main` (`id`, `user_id`, `approved`) VALUES (165367, 165367, 1);
INSERT INTO `lk9v6_alumni_data` (`alumni_id`, `graduation_year`, `fid`, `job`, `address`, `city`, `country`, `phone`, `gid`, `mobile`, `nationalnumber`, `department`, `division`, `with_honor`) VALUES (165367, 2015, '1', '', '', '', '', '3248814', '4', '01276952929', '', 'الفيزياء', 'العلوم الطبيعية', '');
INSERT INTO `lk9v6_users` (`name`, `email`, `usertype`) VALUES ('اسماء انس ممدوح منصور', 'asmaa13s05625@alexu.edu.eg', 'الخريجين');
INSERT INTO `lk9v6_alumni_main` (`id`, `user_id`, `approved`) VALUES (165368, 165368, 1);
INSERT INTO `lk9v6_alumni_data` (`alumni_id`, `graduation_year`, `fid`, `job`, `address`, `city`, `country`, `phone`, `gid`, `mobile`, `nationalnumber`, `department`, `division`, `with_honor`) VALUES (165368, 2015, '1', '', '', '', '', '0472600282', '4', '01092511554', '', 'الكيمياء الحيوية', 'العلوم البيولوجية', '');
INSERT INTO `lk9v6_users` (`name`, `email`, `usertype`) VALUES ('هدير محمود محمد محمد', 'hadeer13s06265@alexu.edu.eg', 'الخريجين');
INSERT INTO `lk9v6_alumni_main` (`id`, `user_id`, `approved`) VALUES (165369, 165369, 1);
INSERT INTO `lk9v6_alumni_data` (`alumni_id`, `graduation_year`, `fid`, `job`, `address`, `city`, `country`, `phone`, `gid`, `mobile`, `nationalnumber`, `department`, `division`, `with_honor`) VALUES (165369, 2015, '1', '', '', '', '', '033609909', '4', '01227280048', '', 'الفيزياء', 'العلوم الطبيعية', '');
INSERT INTO `lk9v6_users` (`name`, `email`, `usertype`) VALUES ('ندى السيد عبدالسلام محمد قاسم', 'nada13s05553@alexu.edu.eg', 'الخريجين');
INSERT INTO `lk9v6_alumni_main` (`id`, `user_id`, `approved`) VALUES (165370, 165370, 1);
INSERT INTO `lk9v6_alumni_data` (`alumni_id`, `graduation_year`, `fid`, `job`, `address`, `city`, `country`, `phone`, `gid`, `mobile`, `nationalnumber`, `department`, `division`, `with_honor`) VALUES (165370, 2015, '1', '', '', '', '', '035852993', '4', '01006968161', '', 'الكيمياء الحيوية', 'العلوم البيولوجية', '');
INSERT INTO `lk9v6_users` (`name`, `email`, `usertype`) VALUES ('احمد سعيد على على', 'ahmed13s04782@alexu.edu.eg', 'الخريجين');
INSERT INTO `lk9v6_alumni_main` (`id`, `user_id`, `approved`) VALUES (165371, 165371, 1);
INSERT INTO `lk9v6_alumni_data` (`alumni_id`, `graduation_year`, `fid`, `job`, `address`, `city`, `country`, `phone`, `gid`, `mobile`, `nationalnumber`, `department`, `division`, `with_honor`) VALUES (165371, 2015, '1', '', '', '', '', '034442762', '4', '01276785045', '', 'الفيزياء', 'العلوم الطبيعية', '');
INSERT INTO `lk9v6_users` (`name`, `email`, `usertype`) VALUES ('مادونا زكى كامل اسكندر فانوس', 'madona13s04842@alexu.edu.eg', 'الخريجين');
INSERT INTO `lk9v6_alumni_main` (`id`, `user_id`, `approved`) VALUES (165372, 165372, 1);
INSERT INTO `lk9v6_alumni_data` (`alumni_id`, `graduation_year`, `fid`, `job`, `address`, `city`, `country`, `phone`, `gid`, `mobile`, `nationalnumber`, `department`, `division`, `with_honor`) VALUES (165372, 2015, '1', '', '', '', '', '5739409', '4', '01286000262', '', 'الكيمياء الحيوية', 'العلوم البيولوجية', '');
INSERT INTO `lk9v6_users` (`name`, `email`, `usertype`) VALUES ('خالد ابراهيم السيد امين', 'khaled13s04385@alexu.edu.eg', 'الخريجين');
INSERT INTO `lk9v6_alumni_main` (`id`, `user_id`, `approved`) VALUES (165373, 165373, 1);
INSERT INTO `lk9v6_alumni_data` (`alumni_id`, `graduation_year`, `fid`, `job`, `address`, `city`, `country`, `phone`, `gid`, `mobile`, `nationalnumber`, `department`, `division`, `with_honor`) VALUES (165373, 2015, '1', '', '', '', '', '5282127', '4', '0184130387', '', 'الفيزياء', 'العلوم الطبيعية', '');
INSERT INTO `lk9v6_users` (`name`, `email`, `usertype`) VALUES ('سهام ابراهيم احمد ابراهيم خليل', 'seham13s05679@alexu.edu.eg', 'الخريجين');
INSERT INTO `lk9v6_alumni_main` (`id`, `user_id`, `approved`) VALUES (165374, 165374, 1);
INSERT INTO `lk9v6_alumni_data` (`alumni_id`, `graduation_year`, `fid`, `job`, `address`, `city`, `country`, `phone`, `gid`, `mobile`, `nationalnumber`, `department`, `division`, `with_honor`) VALUES (165374, 2015, '1', '', '', '', '', '033015482', '4', '01205863023', '', 'علوم البيئة', 'العلوم البيولوجية', '');
INSERT INTO `lk9v6_users` (`name`, `email`, `usertype`) VALUES ('محمد صالح محمود يوسف', 'mohamed13s06587@alexu.edu.eg', 'الخريجين');
INSERT INTO `lk9v6_alumni_main` (`id`, `user_id`, `approved`) VALUES (165375, 165375, 1);
INSERT INTO `lk9v6_alumni_data` (`alumni_id`, `graduation_year`, `fid`, `job`, `address`, `city`, `country`, `phone`, `gid`, `mobile`, `nationalnumber`, `department`, `division`, `with_honor`) VALUES (165375, 2015, '1', '', '', '', '', '4259966', '4', '01145684788', '', 'الفيزياء', 'العلوم الطبيعية', '');
INSERT INTO `lk9v6_users` (`name`, `email`, `usertype`) VALUES ('هاجر ابراهيم عطيه الشامى', 'hager13s06495@alexu.edu.eg', 'الخريجين');
INSERT INTO `lk9v6_alumni_main` (`id`, `user_id`, `approved`) VALUES (165376, 165376, 1);
INSERT INTO `lk9v6_alumni_data` (`alumni_id`, `graduation_year`, `fid`, `job`, `address`, `city`, `country`, `phone`, `gid`, `mobile`, `nationalnumber`, `department`, `division`, `with_honor`) VALUES (165376, 2015, '1', '', '', '', '', '033600127', '4', '0174548834', '', 'الميكروبيولوجى', 'العلوم البيولوجية', '');
INSERT INTO `lk9v6_users` (`name`, `email`, `usertype`) VALUES ('سمر يسرى حسنين السيد صلاح', 'samar13s05780@alexu.edu.eg', 'الخريجين');
INSERT INTO `lk9v6_alumni_main` (`id`, `user_id`, `approved`) VALUES (165377, 165377, 1);
INSERT INTO `lk9v6_alumni_data` (`alumni_id`, `graduation_year`, `fid`, `job`, `address`, `city`, `country`, `phone`, `gid`, `mobile`, `nationalnumber`, `department`, `division`, `with_honor`) VALUES (165377, 2015, '1', '', '', '', '', '5269750', '4', '0180098902', '', 'الكيمياء الحيوية', 'العلوم البيولوجية', '');
INSERT INTO `lk9v6_users` (`name`, `email`, `usertype`) VALUES ('ايمان احمد عبدالغنى محمد الشريف', 'eman13s04308@alexu.edu.eg', 'الخريجين');
INSERT INTO `lk9v6_alumni_main` (`id`, `user_id`, `approved`) VALUES (165378, 165378, 1);
INSERT INTO `lk9v6_alumni_data` (`alumni_id`, `graduation_year`, `fid`, `job`, `address`, `city`, `country`, `phone`, `gid`, `mobile`, `nationalnumber`, `department`, `division`, `with_honor`) VALUES (165378, 2015, '1', '', '', '', '', '0453118261', '4', '01100449184', '', 'الجيولوجيا', 'العلوم الجيولوجية', '');
INSERT INTO `lk9v6_users` (`name`, `email`, `usertype`) VALUES ('احمد محمود احمد محمد الجمال', 'ahmed13s04384@alexu.edu.eg', 'الخريجين');
INSERT INTO `lk9v6_alumni_main` (`id`, `user_id`, `approved`) VALUES (165379, 165379, 1);
INSERT INTO `lk9v6_alumni_data` (`alumni_id`, `graduation_year`, `fid`, `job`, `address`, `city`, `country`, `phone`, `gid`, `mobile`, `nationalnumber`, `department`, `division`, `with_honor`) VALUES (165379, 2015, '1', '', '', '', '', '035038142', '4', '01274539433', '', 'الفيزياء', 'العلوم الطبيعية', '');
INSERT INTO `lk9v6_users` (`name`, `email`, `usertype`) VALUES ('يوسف حسام محمود بدوى الزينى', 'yousif13s04718@alexu.edu.eg', 'الخريجين');
INSERT INTO `lk9v6_alumni_main` (`id`, `user_id`, `approved`) VALUES (165380, 165380, 1);
INSERT INTO `lk9v6_alumni_data` (`alumni_id`, `graduation_year`, `fid`, `job`, `address`, `city`, `country`, `phone`, `gid`, `mobile`, `nationalnumber`, `department`, `division`, `with_honor`) VALUES (165380, 2015, '1', '', '', '', '', '4272300', '4', '0110111585', '', 'الفيزياء', 'العلوم الطبيعية', '');
INSERT INTO `lk9v6_users` (`name`, `email`, `usertype`) VALUES ('محمد السيد فهمى السيد سليمان', 'mohamed13s04388@alexu.edu.eg', 'الخريجين');
INSERT INTO `lk9v6_alumni_main` (`id`, `user_id`, `approved`) VALUES (165381, 165381, 1);
INSERT INTO `lk9v6_alumni_data` (`alumni_id`, `graduation_year`, `fid`, `job`, `address`, `city`, `country`, `phone`, `gid`, `mobile`, `nationalnumber`, `department`, `division`, `with_honor`) VALUES (165381, 2015, '1', '', '', '', '', '039506735', '4', '01011945357', '', 'الفيزياء', 'العلوم الطبيعية', '');
INSERT INTO `lk9v6_users` (`name`, `email`, `usertype`) VALUES ('مريم محمد عبدالحميد محمد', 'mariem13s05361@alexu.edu.eg', 'الخريجين');
INSERT INTO `lk9v6_alumni_main` (`id`, `user_id`, `approved`) VALUES (165382, 165382, 1);
INSERT INTO `lk9v6_alumni_data` (`alumni_id`, `graduation_year`, `fid`, `job`, `address`, `city`, `country`, `phone`, `gid`, `mobile`, `nationalnumber`, `department`, `division`, `with_honor`) VALUES (165382, 2015, '1', '', '', '', '', '5023941', '4', '01287031139', '', 'علوم البيئة', 'العلوم البيولوجية', '');
INSERT INTO `lk9v6_users` (`name`, `email`, `usertype`) VALUES ('ابتهال حسن عبدالرحمن ابراهيم عنب', 'ibtihal13s05066@alexu.edu.eg', 'الخريجين');
INSERT INTO `lk9v6_alumni_main` (`id`, `user_id`, `approved`) VALUES (165383, 165383, 1);
INSERT INTO `lk9v6_alumni_data` (`alumni_id`, `graduation_year`, `fid`, `job`, `address`, `city`, `country`, `phone`, `gid`, `mobile`, `nationalnumber`, `department`, `division`, `with_honor`) VALUES (165383, 2015, '1', '', '', '', '', '5270429', '4', '01005221631', '', 'الميكروبيولوجى', 'العلوم البيولوجية', '');
INSERT INTO `lk9v6_users` (`name`, `email`, `usertype`) VALUES ('اسراء اسماعيل احمد محمد', 'esraa13s04445@alexu.edu.eg', 'الخريجين');
INSERT INTO `lk9v6_alumni_main` (`id`, `user_id`, `approved`) VALUES (165384, 165384, 1);
INSERT INTO `lk9v6_alumni_data` (`alumni_id`, `graduation_year`, `fid`, `job`, `address`, `city`, `country`, `phone`, `gid`, `mobile`, `nationalnumber`, `department`, `division`, `with_honor`) VALUES (165384, 2015, '1', '', '', '', '', '034201322', '4', '01061924337', '', 'الفيزياء', 'العلوم الطبيعية', '');
INSERT INTO `lk9v6_users` (`name`, `email`, `usertype`) VALUES ('دينا فتحى حسن السيد جاد الرب', 'dina13s05518@alexu.edu.eg', 'الخريجين');
INSERT INTO `lk9v6_alumni_main` (`id`, `user_id`, `approved`) VALUES (165385, 165385, 1);
INSERT INTO `lk9v6_alumni_data` (`alumni_id`, `graduation_year`, `fid`, `job`, `address`, `city`, `country`, `phone`, `gid`, `mobile`, `nationalnumber`, `department`, `division`, `with_honor`) VALUES (165385, 2015, '1', '', '', '', '', '3080644', '4', '01272290222', '', 'علوم البيئة', 'العلوم البيولوجية', '');
INSERT INTO `lk9v6_users` (`name`, `email`, `usertype`) VALUES ('شيماء على مسعود محمد احمد النوسانى', 'shaimaa13s05250@alexu.edu.eg', 'الخريجين');
INSERT INTO `lk9v6_alumni_main` (`id`, `user_id`, `approved`) VALUES (165386, 165386, 1);
INSERT INTO `lk9v6_alumni_data` (`alumni_id`, `graduation_year`, `fid`, `job`, `address`, `city`, `country`, `phone`, `gid`, `mobile`, `nationalnumber`, `department`, `division`, `with_honor`) VALUES (165386, 2015, '1', '', '', '', '', '0452233493', '4', '01225577846', '', 'الميكروبيولوجى', 'العلوم البيولوجية', '');
INSERT INTO `lk9v6_users` (`name`, `email`, `usertype`) VALUES ('صفاء محمد على محمد شرابى', 'safaa13s04870@alexu.edu.eg', 'الخريجين');
INSERT INTO `lk9v6_alumni_main` (`id`, `user_id`, `approved`) VALUES (165387, 165387, 1);
INSERT INTO `lk9v6_alumni_data` (`alumni_id`, `graduation_year`, `fid`, `job`, `address`, `city`, `country`, `phone`, `gid`, `mobile`, `nationalnumber`, `department`, `division`, `with_honor`) VALUES (165387, 2015, '1', '', '', '', '', '0472514186', '4', '01226376038', '', 'الكيمياء الحيوية', 'العلوم البيولوجية', '');
INSERT INTO `lk9v6_users` (`name`, `email`, `usertype`) VALUES ('ايه ممدوح محمد حسنين عبد الرسول', 'aya13s05415@alexu.edu.eg', 'الخريجين');
INSERT INTO `lk9v6_alumni_main` (`id`, `user_id`, `approved`) VALUES (165388, 165388, 1);
INSERT INTO `lk9v6_alumni_data` (`alumni_id`, `graduation_year`, `fid`, `job`, `address`, `city`, `country`, `phone`, `gid`, `mobile`, `nationalnumber`, `department`, `division`, `with_honor`) VALUES (165388, 2015, '1', '', '', '', '', '033591745', '4', '01270165893', '', 'الميكروبيولوجى', 'العلوم البيولوجية', '');
INSERT INTO `lk9v6_users` (`name`, `email`, `usertype`) VALUES ('ساره سمير جمال غريب عبدالمعطى', 'sara13s05147@alexu.edu.eg', 'الخريجين');
INSERT INTO `lk9v6_alumni_main` (`id`, `user_id`, `approved`) VALUES (165389, 165389, 1);
INSERT INTO `lk9v6_alumni_data` (`alumni_id`, `graduation_year`, `fid`, `job`, `address`, `city`, `country`, `phone`, `gid`, `mobile`, `nationalnumber`, `department`, `division`, `with_honor`) VALUES (165389, 2015, '1', '', '', '', '', '3307592', '4', '01284986309', '', 'علوم البيئة', 'العلوم البيولوجية', '');
INSERT INTO `lk9v6_users` (`name`, `email`, `usertype`) VALUES ('ولاء غريب محمد محمود حمد', 'walaa13s05084@alexu.edu.eg', 'الخريجين');
INSERT INTO `lk9v6_alumni_main` (`id`, `user_id`, `approved`) VALUES (165390, 165390, 1);
INSERT INTO `lk9v6_alumni_data` (`alumni_id`, `graduation_year`, `fid`, `job`, `address`, `city`, `country`, `phone`, `gid`, `mobile`, `nationalnumber`, `department`, `division`, `with_honor`) VALUES (165390, 2015, '1', '', '', '', '', '0452232343', '4', '01226694967', '', 'علوم البيئة', 'العلوم البيولوجية', '');
INSERT INTO `lk9v6_users` (`name`, `email`, `usertype`) VALUES ('مهيتاب مصطفى ابراهيم', 'mohiab13s06539@alexu.edu.eg', 'الخريجين');
INSERT INTO `lk9v6_alumni_main` (`id`, `user_id`, `approved`) VALUES (165391, 165391, 1);
INSERT INTO `lk9v6_alumni_data` (`alumni_id`, `graduation_year`, `fid`, `job`, `address`, `city`, `country`, `phone`, `gid`, `mobile`, `nationalnumber`, `department`, `division`, `with_honor`) VALUES (165391, 2015, '1', '', '', '', '', '5454865', '4', '01202582844', '', 'الميكروبيولوجى', 'العلوم البيولوجية', '');
INSERT INTO `lk9v6_users` (`name`, `email`, `usertype`) VALUES ('ياسمين احمد رياض فتح الله', 'yasmin13s06376@alexu.edu.eg', 'الخريجين');
INSERT INTO `lk9v6_alumni_main` (`id`, `user_id`, `approved`) VALUES (165392, 165392, 1);
INSERT INTO `lk9v6_alumni_data` (`alumni_id`, `graduation_year`, `fid`, `job`, `address`, `city`, `country`, `phone`, `gid`, `mobile`, `nationalnumber`, `department`, `division`, `with_honor`) VALUES (165392, 2015, '1', '', '', '', '', '4342231', '4', '01116962146', '', 'الكيمياء الحيوية', 'العلوم البيولوجية', '');
INSERT INTO `lk9v6_users` (`name`, `email`, `usertype`) VALUES ('محمود عاقل عبدالعال احمد', 'mahmoud13s04323@alexu.edu.eg', 'الخريجين');
INSERT INTO `lk9v6_alumni_main` (`id`, `user_id`, `approved`) VALUES (165393, 165393, 1);
INSERT INTO `lk9v6_alumni_data` (`alumni_id`, `graduation_year`, `fid`, `job`, `address`, `city`, `country`, `phone`, `gid`, `mobile`, `nationalnumber`, `department`, `division`, `with_honor`) VALUES (165393, 2015, '1', '', '', '', '', '032060308', '4', '01127040995', '', 'الفيزياء', 'العلوم الطبيعية', '');
INSERT INTO `lk9v6_users` (`name`, `email`, `usertype`) VALUES ('نرمين محمد السيد محمد عوض', 'nermin13s04360@alexu.edu.eg', 'الخريجين');
INSERT INTO `lk9v6_alumni_main` (`id`, `user_id`, `approved`) VALUES (165394, 165394, 1);
INSERT INTO `lk9v6_alumni_data` (`alumni_id`, `graduation_year`, `fid`, `job`, `address`, `city`, `country`, `phone`, `gid`, `mobile`, `nationalnumber`, `department`, `division`, `with_honor`) VALUES (165394, 2015, '1', '', '', '', '', '033615541', '4', '01026610624', '', 'الفيزياء', 'العلوم الطبيعية', '');
INSERT INTO `lk9v6_users` (`name`, `email`, `usertype`) VALUES ('يوستينا نسيم حليم غالى', 'youstina13s06115@alexu.edu.eg', 'الخريجين');
INSERT INTO `lk9v6_alumni_main` (`id`, `user_id`, `approved`) VALUES (165395, 165395, 1);
INSERT INTO `lk9v6_alumni_data` (`alumni_id`, `graduation_year`, `fid`, `job`, `address`, `city`, `country`, `phone`, `gid`, `mobile`, `nationalnumber`, `department`, `division`, `with_honor`) VALUES (165395, 2015, '1', '', '', '', '', '034651394', '4', '01285854794', '', 'الميكروبيولوجى', 'العلوم البيولوجية', '');
INSERT INTO `lk9v6_users` (`name`, `email`, `usertype`) VALUES ('هند حمدى مصطفى حسن القبانى', 'hend13s05582@alexu.edu.eg', 'الخريجين');
INSERT INTO `lk9v6_alumni_main` (`id`, `user_id`, `approved`) VALUES (165396, 165396, 1);
INSERT INTO `lk9v6_alumni_data` (`alumni_id`, `graduation_year`, `fid`, `job`, `address`, `city`, `country`, `phone`, `gid`, `mobile`, `nationalnumber`, `department`, `division`, `with_honor`) VALUES (165396, 2015, '1', '', '', '', '', '4852210', '4', '01225290014', '', 'الكيمياء الحيوية', 'العلوم البيولوجية', '');
INSERT INTO `lk9v6_users` (`name`, `email`, `usertype`) VALUES ('اميرة ناصر عبدالعال حسن محجوب', 'amira13s04566@alexu.edu.eg', 'الخريجين');
INSERT INTO `lk9v6_alumni_main` (`id`, `user_id`, `approved`) VALUES (165397, 165397, 1);
INSERT INTO `lk9v6_alumni_data` (`alumni_id`, `graduation_year`, `fid`, `job`, `address`, `city`, `country`, `phone`, `gid`, `mobile`, `nationalnumber`, `department`, `division`, `with_honor`) VALUES (165397, 2015, '1', '', '', '', '', '033259566', '4', '01287319723', '', 'الفيزياء', 'العلوم الطبيعية', '');
INSERT INTO `lk9v6_users` (`name`, `email`, `usertype`) VALUES ('ايمان على الصغير محمد احمد', 'eman13s06121@alexu.edu.eg', 'الخريجين');
INSERT INTO `lk9v6_alumni_main` (`id`, `user_id`, `approved`) VALUES (165398, 165398, 1);
INSERT INTO `lk9v6_alumni_data` (`alumni_id`, `graduation_year`, `fid`, `job`, `address`, `city`, `country`, `phone`, `gid`, `mobile`, `nationalnumber`, `department`, `division`, `with_honor`) VALUES (165398, 2015, '1', '', '', '', '', '034435760', '4', '01207874499', '', 'الفيزياء', 'العلوم الطبيعية', '');
INSERT INTO `lk9v6_users` (`name`, `email`, `usertype`) VALUES ('نرمين شعبان امين على الزعويلى', 'nermin13s05213@alexu.edu.eg', 'الخريجين');
INSERT INTO `lk9v6_alumni_main` (`id`, `user_id`, `approved`) VALUES (165399, 165399, 1);
INSERT INTO `lk9v6_alumni_data` (`alumni_id`, `graduation_year`, `fid`, `job`, `address`, `city`, `country`, `phone`, `gid`, `mobile`, `nationalnumber`, `department`, `division`, `with_honor`) VALUES (165399, 2015, '1', '', '', '', '', '0453641615', '4', '01066612851', '', 'الميكروبيولوجى', 'العلوم البيولوجية', '');
INSERT INTO `lk9v6_users` (`name`, `email`, `usertype`) VALUES ('ميريت سمعان بشير غبريال', 'mirit13s05494@alexu.edu.eg', 'الخريجين');
INSERT INTO `lk9v6_alumni_main` (`id`, `user_id`, `approved`) VALUES (165400, 165400, 1);
INSERT INTO `lk9v6_alumni_data` (`alumni_id`, `graduation_year`, `fid`, `job`, `address`, `city`, `country`, `phone`, `gid`, `mobile`, `nationalnumber`, `department`, `division`, `with_honor`) VALUES (165400, 2015, '1', '', '', '', '', '5323707', '4', '01221293174', '', 'الميكروبيولوجى', 'العلوم البيولوجية', '');
INSERT INTO `lk9v6_users` (`name`, `email`, `usertype`) VALUES ('نورهان محمد عبد الحميد محمد', 'nourhan13s06321@alexu.edu.eg', 'الخريجين');
INSERT INTO `lk9v6_alumni_main` (`id`, `user_id`, `approved`) VALUES (165401, 165401, 1);
INSERT INTO `lk9v6_alumni_data` (`alumni_id`, `graduation_year`, `fid`, `job`, `address`, `city`, `country`, `phone`, `gid`, `mobile`, `nationalnumber`, `department`, `division`, `with_honor`) VALUES (165401, 2015, '1', '', '', '', '', '035850576', '4', '0192236945', '', 'الفيزياء', 'العلوم الطبيعية', '');
INSERT INTO `lk9v6_users` (`name`, `email`, `usertype`) VALUES ('فاطمه سعيد داود سليمان حسين', 'fatma13s04975@alexu.edu.eg', 'الخريجين');
INSERT INTO `lk9v6_alumni_main` (`id`, `user_id`, `approved`) VALUES (165402, 165402, 1);
INSERT INTO `lk9v6_alumni_data` (`alumni_id`, `graduation_year`, `fid`, `job`, `address`, `city`, `country`, `phone`, `gid`, `mobile`, `nationalnumber`, `department`, `division`, `with_honor`) VALUES (165402, 2015, '1', '', '', '', '', '033246564', '4', '01278710761', '', 'الميكروبيولوجى', 'العلوم البيولوجية', '');
INSERT INTO `lk9v6_users` (`name`, `email`, `usertype`) VALUES ('منى محمد احمد حسين', 'mona13s06308@alexu.edu.eg', 'الخريجين');
INSERT INTO `lk9v6_alumni_main` (`id`, `user_id`, `approved`) VALUES (165403, 165403, 1);
INSERT INTO `lk9v6_alumni_data` (`alumni_id`, `graduation_year`, `fid`, `job`, `address`, `city`, `country`, `phone`, `gid`, `mobile`, `nationalnumber`, `department`, `division`, `with_honor`) VALUES (165403, 2015, '1', '', '', '', '', '4423434', '4', '01229278073', '', 'الفيزياء', 'العلوم الطبيعية', '');
INSERT INTO `lk9v6_users` (`name`, `email`, `usertype`) VALUES ('أحمد حسين محمد شحاته ', 'ahmed13s06708@alexu.edu.eg', 'الخريجين');
INSERT INTO `lk9v6_alumni_main` (`id`, `user_id`, `approved`) VALUES (165404, 165404, 1);
INSERT INTO `lk9v6_alumni_data` (`alumni_id`, `graduation_year`, `fid`, `job`, `address`, `city`, `country`, `phone`, `gid`, `mobile`, `nationalnumber`, `department`, `division`, `with_honor`) VALUES (165404, 2015, '1', '', '', '', '', '035051223', '4', '01206293528', '', 'الفيزياء', 'العلوم الطبيعية', '');
INSERT INTO `lk9v6_users` (`name`, `email`, `usertype`) VALUES ('هاجر محمود احمد محمود الصباغ', 'hager13s05269@alexu.edu.eg', 'الخريجين');
INSERT INTO `lk9v6_alumni_main` (`id`, `user_id`, `approved`) VALUES (165405, 165405, 1);
INSERT INTO `lk9v6_alumni_data` (`alumni_id`, `graduation_year`, `fid`, `job`, `address`, `city`, `country`, `phone`, `gid`, `mobile`, `nationalnumber`, `department`, `division`, `with_honor`) VALUES (165405, 2015, '1', '', '', '', '', '035357517', '4', '01225613138', '', 'علوم البيئة', 'العلوم البيولوجية', '');
INSERT INTO `lk9v6_users` (`name`, `email`, `usertype`) VALUES ('سلمى حسن زكى حسن محمد', 'salma13s05207@alexu.edu.eg', 'الخريجين');
INSERT INTO `lk9v6_alumni_main` (`id`, `user_id`, `approved`) VALUES (165406, 165406, 1);
INSERT INTO `lk9v6_alumni_data` (`alumni_id`, `graduation_year`, `fid`, `job`, `address`, `city`, `country`, `phone`, `gid`, `mobile`, `nationalnumber`, `department`, `division`, `with_honor`) VALUES (165406, 2015, '1', '', '', '', '', '5484954', '4', '01229902491', '', 'علوم البيئة', 'العلوم البيولوجية', '');
INSERT INTO `lk9v6_users` (`name`, `email`, `usertype`) VALUES ('ايه على فتحى احمد كمال التيجانى', 'aya13s04574@alexu.edu.eg', 'الخريجين');
INSERT INTO `lk9v6_alumni_main` (`id`, `user_id`, `approved`) VALUES (165407, 165407, 1);
INSERT INTO `lk9v6_alumni_data` (`alumni_id`, `graduation_year`, `fid`, `job`, `address`, `city`, `country`, `phone`, `gid`, `mobile`, `nationalnumber`, `department`, `division`, `with_honor`) VALUES (165407, 2015, '1', '', '', '', '', '034360358', '4', '01228279258', '', 'الفيزياء', 'العلوم الطبيعية', '');
INSERT INTO `lk9v6_users` (`name`, `email`, `usertype`) VALUES ('عبير مجدى محمد فرحات', 'abeer13s05849@alexu.edu.eg', 'الخريجين');
INSERT INTO `lk9v6_alumni_main` (`id`, `user_id`, `approved`) VALUES (165408, 165408, 1);
INSERT INTO `lk9v6_alumni_data` (`alumni_id`, `graduation_year`, `fid`, `job`, `address`, `city`, `country`, `phone`, `gid`, `mobile`, `nationalnumber`, `department`, `division`, `with_honor`) VALUES (165408, 2015, '1', '', '', '', '', '0464944327', '4', '01119034943', '', 'علوم البيئة', 'العلوم البيولوجية', '');
INSERT INTO `lk9v6_users` (`name`, `email`, `usertype`) VALUES ('سارة علاء ابراهيم حسن', 'sara13s06327@alexu.edu.eg', 'الخريجين');
INSERT INTO `lk9v6_alumni_main` (`id`, `user_id`, `approved`) VALUES (165409, 165409, 1);
INSERT INTO `lk9v6_alumni_data` (`alumni_id`, `graduation_year`, `fid`, `job`, `address`, `city`, `country`, `phone`, `gid`, `mobile`, `nationalnumber`, `department`, `division`, `with_honor`) VALUES (165409, 2015, '1', '', '', '', '', '3632415', '4', '01201201991', '', 'الفيزياء', 'العلوم الطبيعية', '');
INSERT INTO `lk9v6_users` (`name`, `email`, `usertype`) VALUES ('محمد صلاح عبدالمعز عطية', 'mohamed13s04510@alexu.edu.eg', 'الخريجين');
INSERT INTO `lk9v6_alumni_main` (`id`, `user_id`, `approved`) VALUES (165410, 165410, 1);
INSERT INTO `lk9v6_alumni_data` (`alumni_id`, `graduation_year`, `fid`, `job`, `address`, `city`, `country`, `phone`, `gid`, `mobile`, `nationalnumber`, `department`, `division`, `with_honor`) VALUES (165410, 2015, '1', '', '', '', '', '0452502294', '4', '01227430080', '', 'الفيزياء', 'العلوم الطبيعية', '');
INSERT INTO `lk9v6_users` (`name`, `email`, `usertype`) VALUES ('نورهان محمد سعد سيد احمد عطيه', 'nourhan13s05737@alexu.edu.eg', 'الخريجين');
INSERT INTO `lk9v6_alumni_main` (`id`, `user_id`, `approved`) VALUES (165411, 165411, 1);
INSERT INTO `lk9v6_alumni_data` (`alumni_id`, `graduation_year`, `fid`, `job`, `address`, `city`, `country`, `phone`, `gid`, `mobile`, `nationalnumber`, `department`, `division`, `with_honor`) VALUES (165411, 2015, '1', '', '', '', '', '0472970402', '4', '0192356507', '', 'الكيمياء الحيوية', 'العلوم البيولوجية', '');
INSERT INTO `lk9v6_users` (`name`, `email`, `usertype`) VALUES ('مديحه الشلامونى خليل رجب عبدالله', 'madiha13s05488@alexu.edu.eg', 'الخريجين');
INSERT INTO `lk9v6_alumni_main` (`id`, `user_id`, `approved`) VALUES (165412, 165412, 1);
INSERT INTO `lk9v6_alumni_data` (`alumni_id`, `graduation_year`, `fid`, `job`, `address`, `city`, `country`, `phone`, `gid`, `mobile`, `nationalnumber`, `department`, `division`, `with_honor`) VALUES (165412, 2015, '1', '', '', '', '', '0452660348', '4', '01149108959', '', 'الكيمياء الحيوية', 'العلوم البيولوجية', '');
INSERT INTO `lk9v6_users` (`name`, `email`, `usertype`) VALUES ('ايه احمد الحسين محمد الحنفى', 'aya13s05666@alexu.edu.eg', 'الخريجين');
INSERT INTO `lk9v6_alumni_main` (`id`, `user_id`, `approved`) VALUES (165413, 165413, 1);
INSERT INTO `lk9v6_alumni_data` (`alumni_id`, `graduation_year`, `fid`, `job`, `address`, `city`, `country`, `phone`, `gid`, `mobile`, `nationalnumber`, `department`, `division`, `with_honor`) VALUES (165413, 2015, '1', '', '', '', '', '5067196', '4', '01129125000', '', 'الميكروبيولوجى', 'العلوم البيولوجية', '');
INSERT INTO `lk9v6_users` (`name`, `email`, `usertype`) VALUES ('هدير عبد المالك محمد احمد روبى', 'hadeer13s05370@alexu.edu.eg', 'الخريجين');
INSERT INTO `lk9v6_alumni_main` (`id`, `user_id`, `approved`) VALUES (165414, 165414, 1);
INSERT INTO `lk9v6_alumni_data` (`alumni_id`, `graduation_year`, `fid`, `job`, `address`, `city`, `country`, `phone`, `gid`, `mobile`, `nationalnumber`, `department`, `division`, `with_honor`) VALUES (165414, 2015, '1', '', '', '', '', '035046908', '4', '01284912018', '', 'الكيمياء الحيوية', 'العلوم البيولوجية', '');
INSERT INTO `lk9v6_users` (`name`, `email`, `usertype`) VALUES ('ايمان عطيه الله حسن عبد العليم', 'eman13s05124@alexu.edu.eg', 'الخريجين');
INSERT INTO `lk9v6_alumni_main` (`id`, `user_id`, `approved`) VALUES (165415, 165415, 1);
INSERT INTO `lk9v6_alumni_data` (`alumni_id`, `graduation_year`, `fid`, `job`, `address`, `city`, `country`, `phone`, `gid`, `mobile`, `nationalnumber`, `department`, `division`, `with_honor`) VALUES (165415, 2015, '1', '', '', '', '', '039571471', '4', '01289021035', '', 'علوم البيئة', 'العلوم البيولوجية', '');
INSERT INTO `lk9v6_users` (`name`, `email`, `usertype`) VALUES ('اسماء محمود لطفى هاشم كيلانى', 'asmaa13s05137@alexu.edu.eg', 'الخريجين');
INSERT INTO `lk9v6_alumni_main` (`id`, `user_id`, `approved`) VALUES (165416, 165416, 1);
INSERT INTO `lk9v6_alumni_data` (`alumni_id`, `graduation_year`, `fid`, `job`, `address`, `city`, `country`, `phone`, `gid`, `mobile`, `nationalnumber`, `department`, `division`, `with_honor`) VALUES (165416, 2015, '1', '', '', '', '', '5068511', '4', '01009941985', '', 'الميكروبيولوجى', 'العلوم البيولوجية', '');
INSERT INTO `lk9v6_users` (`name`, `email`, `usertype`) VALUES ('اشرف محمد عبد النعيم حسين', 'ashraf13s05430@alexu.edu.eg', 'الخريجين');
INSERT INTO `lk9v6_alumni_main` (`id`, `user_id`, `approved`) VALUES (165417, 165417, 1);
INSERT INTO `lk9v6_alumni_data` (`alumni_id`, `graduation_year`, `fid`, `job`, `address`, `city`, `country`, `phone`, `gid`, `mobile`, `nationalnumber`, `department`, `division`, `with_honor`) VALUES (165417, 2015, '1', '', '', '', '', '0000000', '4', '01224288997', '', 'علوم البيئة', 'العلوم البيولوجية', '');
INSERT INTO `lk9v6_users` (`name`, `email`, `usertype`) VALUES ('امنيه عبد الرسول محمد متولى', 'omnia13s04946@alexu.edu.eg', 'الخريجين');
INSERT INTO `lk9v6_alumni_main` (`id`, `user_id`, `approved`) VALUES (165418, 165418, 1);
INSERT INTO `lk9v6_alumni_data` (`alumni_id`, `graduation_year`, `fid`, `job`, `address`, `city`, `country`, `phone`, `gid`, `mobile`, `nationalnumber`, `department`, `division`, `with_honor`) VALUES (165418, 2015, '1', '', '', '', '', '035293136', '4', '01277078884', '', 'الكيمياء الحيوية', 'العلوم البيولوجية', '');
INSERT INTO `lk9v6_users` (`name`, `email`, `usertype`) VALUES ('احمد عبدالعزيز السيد عبدالعزيز جنينه', 'ahmed13s05252@alexu.edu.eg', 'الخريجين');
INSERT INTO `lk9v6_alumni_main` (`id`, `user_id`, `approved`) VALUES (165419, 165419, 1);
INSERT INTO `lk9v6_alumni_data` (`alumni_id`, `graduation_year`, `fid`, `job`, `address`, `city`, `country`, `phone`, `gid`, `mobile`, `nationalnumber`, `department`, `division`, `with_honor`) VALUES (165419, 2015, '1', '', '', '', '', '0452243214', '4', '01204926630', '', 'الكيمياء الحيوية', 'العلوم البيولوجية', '');
INSERT INTO `lk9v6_users` (`name`, `email`, `usertype`) VALUES ('محمد عبدالحميد محمد عبدالله', 'mohamed13s05036@alexu.edu.eg', 'الخريجين');
INSERT INTO `lk9v6_alumni_main` (`id`, `user_id`, `approved`) VALUES (165420, 165420, 1);
INSERT INTO `lk9v6_alumni_data` (`alumni_id`, `graduation_year`, `fid`, `job`, `address`, `city`, `country`, `phone`, `gid`, `mobile`, `nationalnumber`, `department`, `division`, `with_honor`) VALUES (165420, 2015, '1', '', '', '', '', '0453561453', '4', '01146074260', '', 'الميكروبيولوجى', 'العلوم البيولوجية', '');
INSERT INTO `lk9v6_users` (`name`, `email`, `usertype`) VALUES ('دينا ابراهيم صادق احمد العبد', 'dina13s05278@alexu.edu.eg', 'الخريجين');
INSERT INTO `lk9v6_alumni_main` (`id`, `user_id`, `approved`) VALUES (165421, 165421, 1);
INSERT INTO `lk9v6_alumni_data` (`alumni_id`, `graduation_year`, `fid`, `job`, `address`, `city`, `country`, `phone`, `gid`, `mobile`, `nationalnumber`, `department`, `division`, `with_honor`) VALUES (165421, 2015, '1', '', '', '', '', '5611434', '4', '01003644681', '', 'الميكروبيولوجى', 'العلوم البيولوجية', '');
INSERT INTO `lk9v6_users` (`name`, `email`, `usertype`) VALUES ('اسراء سعيد احمد عبد ربه ابراهيم', 'esraa13s04997@alexu.edu.eg', 'الخريجين');
INSERT INTO `lk9v6_alumni_main` (`id`, `user_id`, `approved`) VALUES (165422, 165422, 1);
INSERT INTO `lk9v6_alumni_data` (`alumni_id`, `graduation_year`, `fid`, `job`, `address`, `city`, `country`, `phone`, `gid`, `mobile`, `nationalnumber`, `department`, `division`, `with_honor`) VALUES (165422, 2015, '1', '', '', '', '', '2201239', '4', '01206222850', '', 'الميكروبيولوجى', 'العلوم البيولوجية', '');
INSERT INTO `lk9v6_users` (`name`, `email`, `usertype`) VALUES ('نعناعه منسى سعد منسى عبدالجواد', 'nenaa13s05211@alexu.edu.eg', 'الخريجين');
INSERT INTO `lk9v6_alumni_main` (`id`, `user_id`, `approved`) VALUES (165423, 165423, 1);
INSERT INTO `lk9v6_alumni_data` (`alumni_id`, `graduation_year`, `fid`, `job`, `address`, `city`, `country`, `phone`, `gid`, `mobile`, `nationalnumber`, `department`, `division`, `with_honor`) VALUES (165423, 2015, '1', '', '', '', '', '0472773891', '4', '0192213402', '', 'الكيمياء الحيوية', 'العلوم البيولوجية', '');
INSERT INTO `lk9v6_users` (`name`, `email`, `usertype`) VALUES ('محمود جابر عبدالسلام محمود', 'mahmoud13s04985@alexu.edu.eg', 'الخريجين');
INSERT INTO `lk9v6_alumni_main` (`id`, `user_id`, `approved`) VALUES (165424, 165424, 1);
INSERT INTO `lk9v6_alumni_data` (`alumni_id`, `graduation_year`, `fid`, `job`, `address`, `city`, `country`, `phone`, `gid`, `mobile`, `nationalnumber`, `department`, `division`, `with_honor`) VALUES (165424, 2015, '1', '', '', '', '', '0452409438', '4', '01115620656', '', 'الميكروبيولوجى', 'العلوم البيولوجية', '');
INSERT INTO `lk9v6_users` (`name`, `email`, `usertype`) VALUES ('اسراء محمد اسماعيل خضر', 'esraa13s04820@alexu.edu.eg', 'الخريجين');
INSERT INTO `lk9v6_alumni_main` (`id`, `user_id`, `approved`) VALUES (165425, 165425, 1);
INSERT INTO `lk9v6_alumni_data` (`alumni_id`, `graduation_year`, `fid`, `job`, `address`, `city`, `country`, `phone`, `gid`, `mobile`, `nationalnumber`, `department`, `division`, `with_honor`) VALUES (165425, 2015, '1', '', '', '', '', '3801792', '4', '01123553067', '', 'الميكروبيولوجى', 'العلوم البيولوجية', '');
INSERT INTO `lk9v6_users` (`name`, `email`, `usertype`) VALUES ('هند محمد محمود على فتح الله درغام', 'hend13s05702@alexu.edu.eg', 'الخريجين');
INSERT INTO `lk9v6_alumni_main` (`id`, `user_id`, `approved`) VALUES (165426, 165426, 1);
INSERT INTO `lk9v6_alumni_data` (`alumni_id`, `graduation_year`, `fid`, `job`, `address`, `city`, `country`, `phone`, `gid`, `mobile`, `nationalnumber`, `department`, `division`, `with_honor`) VALUES (165426, 2015, '1', '', '', '', '', '3760174', '4', '01069242456', '', 'الكيمياء الحيوية', 'العلوم البيولوجية', '');
INSERT INTO `lk9v6_users` (`name`, `email`, `usertype`) VALUES ('الهام محمد محمود عبدالباقى', 'elham13s05844@alexu.edu.eg', 'الخريجين');
INSERT INTO `lk9v6_alumni_main` (`id`, `user_id`, `approved`) VALUES (165427, 165427, 1);
INSERT INTO `lk9v6_alumni_data` (`alumni_id`, `graduation_year`, `fid`, `job`, `address`, `city`, `country`, `phone`, `gid`, `mobile`, `nationalnumber`, `department`, `division`, `with_honor`) VALUES (165427, 2015, '1', '', '', '', '', '3614954', '4', '01275302982', '', 'الكيمياء الحيوية', 'العلوم البيولوجية', '');
INSERT INTO `lk9v6_users` (`name`, `email`, `usertype`) VALUES ('ماهيتاب فتحى حسن حسين', 'mahitab13s05761@alexu.edu.eg', 'الخريجين');
INSERT INTO `lk9v6_alumni_main` (`id`, `user_id`, `approved`) VALUES (165428, 165428, 1);
INSERT INTO `lk9v6_alumni_data` (`alumni_id`, `graduation_year`, `fid`, `job`, `address`, `city`, `country`, `phone`, `gid`, `mobile`, `nationalnumber`, `department`, `division`, `with_honor`) VALUES (165428, 2015, '1', '', '', '', '', '035777402', '4', '01272365876', '', 'الميكروبيولوجى', 'العلوم البيولوجية', '');
INSERT INTO `lk9v6_users` (`name`, `email`, `usertype`) VALUES ('شاهنده احمد فؤاد صديق جابر', 'shahinda13s04500@alexu.edu.eg', 'الخريجين');
INSERT INTO `lk9v6_alumni_main` (`id`, `user_id`, `approved`) VALUES (165429, 165429, 1);
INSERT INTO `lk9v6_alumni_data` (`alumni_id`, `graduation_year`, `fid`, `job`, `address`, `city`, `country`, `phone`, `gid`, `mobile`, `nationalnumber`, `department`, `division`, `with_honor`) VALUES (165429, 2015, '1', '', '', '', '', '034451331', '4', '01224353870', '', 'الفيزياء', 'العلوم الطبيعية', '');
INSERT INTO `lk9v6_users` (`name`, `email`, `usertype`) VALUES ('رنا عادل حسن محمد', 'rana13s04784@alexu.edu.eg', 'الخريجين');
INSERT INTO `lk9v6_alumni_main` (`id`, `user_id`, `approved`) VALUES (165430, 165430, 1);
INSERT INTO `lk9v6_alumni_data` (`alumni_id`, `graduation_year`, `fid`, `job`, `address`, `city`, `country`, `phone`, `gid`, `mobile`, `nationalnumber`, `department`, `division`, `with_honor`) VALUES (165430, 2015, '1', '', '', '', '', '5337410', '4', '01061176428', '', 'الفيزياء', 'العلوم الطبيعية', '');
INSERT INTO `lk9v6_users` (`name`, `email`, `usertype`) VALUES ('ياسمين ابراهيم متولى احمد حسين', 'yasmin13s05675@alexu.edu.eg', 'الخريجين');
INSERT INTO `lk9v6_alumni_main` (`id`, `user_id`, `approved`) VALUES (165431, 165431, 1);
INSERT INTO `lk9v6_alumni_data` (`alumni_id`, `graduation_year`, `fid`, `job`, `address`, `city`, `country`, `phone`, `gid`, `mobile`, `nationalnumber`, `department`, `division`, `with_honor`) VALUES (165431, 2015, '1', '', '', '', '', '033247742', '4', '01003193311', '', 'الكيمياء الحيوية', 'العلوم البيولوجية', '');
INSERT INTO `lk9v6_users` (`name`, `email`, `usertype`) VALUES ('مى محمد عبدالعظيم عبدالحليم', 'mai13s05605@alexu.edu.eg', 'الخريجين');
INSERT INTO `lk9v6_alumni_main` (`id`, `user_id`, `approved`) VALUES (165432, 165432, 1);
INSERT INTO `lk9v6_alumni_data` (`alumni_id`, `graduation_year`, `fid`, `job`, `address`, `city`, `country`, `phone`, `gid`, `mobile`, `nationalnumber`, `department`, `division`, `with_honor`) VALUES (165432, 2015, '1', '', '', '', '', '5044030', '4', '0184942847', '', 'علوم البيئة', 'العلوم البيولوجية', '');
INSERT INTO `lk9v6_users` (`name`, `email`, `usertype`) VALUES ('اسراء جمال مرسى محمد عطيه', 'esraa13s04740@alexu.edu.eg', 'الخريجين');
INSERT INTO `lk9v6_alumni_main` (`id`, `user_id`, `approved`) VALUES (165433, 165433, 1);
INSERT INTO `lk9v6_alumni_data` (`alumni_id`, `graduation_year`, `fid`, `job`, `address`, `city`, `country`, `phone`, `gid`, `mobile`, `nationalnumber`, `department`, `division`, `with_honor`) VALUES (165433, 2015, '1', '', '', '', '', '5933764', '4', '01221429948', '', 'الفيزياء', 'العلوم الطبيعية', '');
INSERT INTO `lk9v6_users` (`name`, `email`, `usertype`) VALUES ('احمد السيد احمد جميعى', 'ahmed13s05123@alexu.edu.eg', 'الخريجين');
INSERT INTO `lk9v6_alumni_main` (`id`, `user_id`, `approved`) VALUES (165434, 165434, 1);
INSERT INTO `lk9v6_alumni_data` (`alumni_id`, `graduation_year`, `fid`, `job`, `address`, `city`, `country`, `phone`, `gid`, `mobile`, `nationalnumber`, `department`, `division`, `with_honor`) VALUES (165434, 2015, '1', '', '', '', '', '035632772', '4', '01110456586', '', 'الكيمياء الحيوية', 'العلوم البيولوجية', '');
INSERT INTO `lk9v6_users` (`name`, `email`, `usertype`) VALUES ('محمود شكرى حافظ شيخ روحه', 'mahmoud13s04554@alexu.edu.eg', 'الخريجين');
INSERT INTO `lk9v6_alumni_main` (`id`, `user_id`, `approved`) VALUES (165435, 165435, 1);
INSERT INTO `lk9v6_alumni_data` (`alumni_id`, `graduation_year`, `fid`, `job`, `address`, `city`, `country`, `phone`, `gid`, `mobile`, `nationalnumber`, `department`, `division`, `with_honor`) VALUES (165435, 2015, '1', '', '', '', '', '034487934', '4', '01277748115', '', 'الفيزياء', 'العلوم الطبيعية', '');
INSERT INTO `lk9v6_users` (`name`, `email`, `usertype`) VALUES ('اسماء زناتى احمد احمد عامر', 'asmaa13s05259@alexu.edu.eg', 'الخريجين');
INSERT INTO `lk9v6_alumni_main` (`id`, `user_id`, `approved`) VALUES (165436, 165436, 1);
INSERT INTO `lk9v6_alumni_data` (`alumni_id`, `graduation_year`, `fid`, `job`, `address`, `city`, `country`, `phone`, `gid`, `mobile`, `nationalnumber`, `department`, `division`, `with_honor`) VALUES (165436, 2015, '1', '', '', '', '', '0473436484', '4', '01121600677', '', 'الميكروبيولوجى', 'العلوم البيولوجية', '');
INSERT INTO `lk9v6_users` (`name`, `email`, `usertype`) VALUES ('احمد عشرى حبشى ابراهيم حبشى', 'ahmed13s06106@alexu.edu.eg', 'الخريجين');
INSERT INTO `lk9v6_alumni_main` (`id`, `user_id`, `approved`) VALUES (165437, 165437, 1);
INSERT INTO `lk9v6_alumni_data` (`alumni_id`, `graduation_year`, `fid`, `job`, `address`, `city`, `country`, `phone`, `gid`, `mobile`, `nationalnumber`, `department`, `division`, `with_honor`) VALUES (165437, 2015, '1', '', '', '', '', '0452290190', '4', '01097518450', '', 'الفيزياء', 'العلوم الطبيعية', '');
INSERT INTO `lk9v6_users` (`name`, `email`, `usertype`) VALUES ('محمد عبد الكريم على محمد', 'mohamed13s06435@alexu.edu.eg', 'الخريجين');
INSERT INTO `lk9v6_alumni_main` (`id`, `user_id`, `approved`) VALUES (165438, 165438, 1);
INSERT INTO `lk9v6_alumni_data` (`alumni_id`, `graduation_year`, `fid`, `job`, `address`, `city`, `country`, `phone`, `gid`, `mobile`, `nationalnumber`, `department`, `division`, `with_honor`) VALUES (165438, 2015, '1', '', '', '', '', '01200095301', '4', '01028960159', '', 'الفيزياء', 'العلوم الطبيعية', '');
INSERT INTO `lk9v6_users` (`name`, `email`, `usertype`) VALUES ('احمد محمد حسن على ابوريه', 'ahmed13s05292@alexu.edu.eg', 'الخريجين');
INSERT INTO `lk9v6_alumni_main` (`id`, `user_id`, `approved`) VALUES (165439, 165439, 1);
INSERT INTO `lk9v6_alumni_data` (`alumni_id`, `graduation_year`, `fid`, `job`, `address`, `city`, `country`, `phone`, `gid`, `mobile`, `nationalnumber`, `department`, `division`, `with_honor`) VALUES (165439, 2015, '1', '', '', '', '', '0452814624', '4', '01115723741', '', 'الميكروبيولوجى', 'العلوم البيولوجية', '');
INSERT INTO `lk9v6_users` (`name`, `email`, `usertype`) VALUES ('نهال حامد احمد اسماعيل', 'nehal13s05701@alexu.edu.eg', 'الخريجين');
INSERT INTO `lk9v6_alumni_main` (`id`, `user_id`, `approved`) VALUES (165440, 165440, 1);
INSERT INTO `lk9v6_alumni_data` (`alumni_id`, `graduation_year`, `fid`, `job`, `address`, `city`, `country`, `phone`, `gid`, `mobile`, `nationalnumber`, `department`, `division`, `with_honor`) VALUES (165440, 2015, '1', '', '', '', '', '035016013', '4', '01145746522', '', 'الكيمياء الحيوية', 'العلوم البيولوجية', '');
INSERT INTO `lk9v6_users` (`name`, `email`, `usertype`) VALUES ('محمد صابر نعيم بخيت', 'mohamed13s04604@alexu.edu.eg', 'الخريجين');
INSERT INTO `lk9v6_alumni_main` (`id`, `user_id`, `approved`) VALUES (165441, 165441, 1);
INSERT INTO `lk9v6_alumni_data` (`alumni_id`, `graduation_year`, `fid`, `job`, `address`, `city`, `country`, `phone`, `gid`, `mobile`, `nationalnumber`, `department`, `division`, `with_honor`) VALUES (165441, 2015, '1', '', '', '', '', '033634314', '4', '01274293992', '', 'الجيولوجيا', 'العلوم الجيولوجية', '');
INSERT INTO `lk9v6_users` (`name`, `email`, `usertype`) VALUES ('هدير يسرى منصور شربوى', 'hadeer13s06434@alexu.edu.eg', 'الخريجين');
INSERT INTO `lk9v6_alumni_main` (`id`, `user_id`, `approved`) VALUES (165442, 165442, 1);
INSERT INTO `lk9v6_alumni_data` (`alumni_id`, `graduation_year`, `fid`, `job`, `address`, `city`, `country`, `phone`, `gid`, `mobile`, `nationalnumber`, `department`, `division`, `with_honor`) VALUES (165442, 2015, '1', '', '', '', '', '035047249', '4', '0187918338', '', 'الميكروبيولوجى', 'العلوم البيولوجية', '');
INSERT INTO `lk9v6_users` (`name`, `email`, `usertype`) VALUES ('دينا ابراهيم عامر حسن عامر ', 'dina13s06702@alexu.edu.eg', 'الخريجين');
INSERT INTO `lk9v6_alumni_main` (`id`, `user_id`, `approved`) VALUES (165443, 165443, 1);
INSERT INTO `lk9v6_alumni_data` (`alumni_id`, `graduation_year`, `fid`, `job`, `address`, `city`, `country`, `phone`, `gid`, `mobile`, `nationalnumber`, `department`, `division`, `with_honor`) VALUES (165443, 2015, '1', '', '', '', '', '034954941', '4', '0123118606', '', 'الفيزياء', 'العلوم الطبيعية', '');
INSERT INTO `lk9v6_users` (`name`, `email`, `usertype`) VALUES ('سيمون سمير توفيق اسرائيل منقريوس', 'simon13s04895@alexu.edu.eg', 'الخريجين');
INSERT INTO `lk9v6_alumni_main` (`id`, `user_id`, `approved`) VALUES (165444, 165444, 1);
INSERT INTO `lk9v6_alumni_data` (`alumni_id`, `graduation_year`, `fid`, `job`, `address`, `city`, `country`, `phone`, `gid`, `mobile`, `nationalnumber`, `department`, `division`, `with_honor`) VALUES (165444, 2015, '1', '', '', '', '', '5275765', '4', '01287908079', '', 'الميكروبيولوجى', 'العلوم البيولوجية', '');
INSERT INTO `lk9v6_users` (`name`, `email`, `usertype`) VALUES ('ساره السيد محمد حسن عبد الفتاح', 'sara13s05456@alexu.edu.eg', 'الخريجين');
INSERT INTO `lk9v6_alumni_main` (`id`, `user_id`, `approved`) VALUES (165445, 165445, 1);
INSERT INTO `lk9v6_alumni_data` (`alumni_id`, `graduation_year`, `fid`, `job`, `address`, `city`, `country`, `phone`, `gid`, `mobile`, `nationalnumber`, `department`, `division`, `with_honor`) VALUES (165445, 2015, '1', '', '', '', '', '3818853', '4', '01225481273', '', 'الكيمياء الحيوية', 'العلوم البيولوجية', '');
INSERT INTO `lk9v6_users` (`name`, `email`, `usertype`) VALUES ('ايمن محمد نجيب محمد احمد', 'ayman13s06104@alexu.edu.eg', 'الخريجين');
INSERT INTO `lk9v6_alumni_main` (`id`, `user_id`, `approved`) VALUES (165446, 165446, 1);
INSERT INTO `lk9v6_alumni_data` (`alumni_id`, `graduation_year`, `fid`, `job`, `address`, `city`, `country`, `phone`, `gid`, `mobile`, `nationalnumber`, `department`, `division`, `with_honor`) VALUES (165446, 2015, '1', '', '', '', '', '035273138', '4', '01145606397', '', 'الفيزياء', 'العلوم الطبيعية', '');
INSERT INTO `lk9v6_users` (`name`, `email`, `usertype`) VALUES ('فاطمه عبداللاه احمد محمد السايح', 'fatma13s05619@alexu.edu.eg', 'الخريجين');
INSERT INTO `lk9v6_alumni_main` (`id`, `user_id`, `approved`) VALUES (165447, 165447, 1);
INSERT INTO `lk9v6_alumni_data` (`alumni_id`, `graduation_year`, `fid`, `job`, `address`, `city`, `country`, `phone`, `gid`, `mobile`, `nationalnumber`, `department`, `division`, `with_honor`) VALUES (165447, 2015, '1', '', '', '', '', '9580095', '4', '01006159268', '', 'علوم البيئة', 'العلوم البيولوجية', '');
INSERT INTO `lk9v6_users` (`name`, `email`, `usertype`) VALUES ('اسماء عبدالله السيد محمد', 'asmaa13s05023@alexu.edu.eg', 'الخريجين');
INSERT INTO `lk9v6_alumni_main` (`id`, `user_id`, `approved`) VALUES (165448, 165448, 1);
INSERT INTO `lk9v6_alumni_data` (`alumni_id`, `graduation_year`, `fid`, `job`, `address`, `city`, `country`, `phone`, `gid`, `mobile`, `nationalnumber`, `department`, `division`, `with_honor`) VALUES (165448, 2015, '1', '', '', '', '', '01284897904', '4', '01284413038', '', 'الكيمياء الحيوية', 'العلوم البيولوجية', '');
INSERT INTO `lk9v6_users` (`name`, `email`, `usertype`) VALUES ('رانا اشرف محمد احمد نبيه الجندى', 'rana13s05512@alexu.edu.eg', 'الخريجين');
INSERT INTO `lk9v6_alumni_main` (`id`, `user_id`, `approved`) VALUES (165449, 165449, 1);
INSERT INTO `lk9v6_alumni_data` (`alumni_id`, `graduation_year`, `fid`, `job`, `address`, `city`, `country`, `phone`, `gid`, `mobile`, `nationalnumber`, `department`, `division`, `with_honor`) VALUES (165449, 2015, '1', '', '', '', '', '034357865', '4', '01221892226', '', 'الميكروبيولوجى', 'العلوم البيولوجية', '');
INSERT INTO `lk9v6_users` (`name`, `email`, `usertype`) VALUES ('سامر احمد عبد العال السيد', 'samer13s06546@alexu.edu.eg', 'الخريجين');
INSERT INTO `lk9v6_alumni_main` (`id`, `user_id`, `approved`) VALUES (165450, 165450, 1);
INSERT INTO `lk9v6_alumni_data` (`alumni_id`, `graduation_year`, `fid`, `job`, `address`, `city`, `country`, `phone`, `gid`, `mobile`, `nationalnumber`, `department`, `division`, `with_honor`) VALUES (165450, 2015, '1', '', '', '', '', '035340517', '4', '01278513218', '', 'علوم البيئة', 'العلوم البيولوجية', '');
INSERT INTO `lk9v6_users` (`name`, `email`, `usertype`) VALUES ('اسماء محمد محمد حسين موسى', 'asmaa13s04435@alexu.edu.eg', 'الخريجين');
INSERT INTO `lk9v6_alumni_main` (`id`, `user_id`, `approved`) VALUES (165451, 165451, 1);
INSERT INTO `lk9v6_alumni_data` (`alumni_id`, `graduation_year`, `fid`, `job`, `address`, `city`, `country`, `phone`, `gid`, `mobile`, `nationalnumber`, `department`, `division`, `with_honor`) VALUES (165451, 2015, '1', '', '', '', '', '033807732', '4', '01202885513', '', 'الفيزياء', 'العلوم الطبيعية', '');
INSERT INTO `lk9v6_users` (`name`, `email`, `usertype`) VALUES ('منه الله خالد عبده ثابت', 'menna13s05501@alexu.edu.eg', 'الخريجين');
INSERT INTO `lk9v6_alumni_main` (`id`, `user_id`, `approved`) VALUES (165452, 165452, 1);
INSERT INTO `lk9v6_alumni_data` (`alumni_id`, `graduation_year`, `fid`, `job`, `address`, `city`, `country`, `phone`, `gid`, `mobile`, `nationalnumber`, `department`, `division`, `with_honor`) VALUES (165452, 2015, '1', '', '', '', '', '034701503', '4', '0183381822', '', 'الكيمياء الحيوية', 'العلوم البيولوجية', '');
INSERT INTO `lk9v6_users` (`name`, `email`, `usertype`) VALUES ('الاء خليل غريب خليل السعدنى', 'alaa13s04577@alexu.edu.eg', 'الخريجين');
INSERT INTO `lk9v6_alumni_main` (`id`, `user_id`, `approved`) VALUES (165453, 165453, 1);
INSERT INTO `lk9v6_alumni_data` (`alumni_id`, `graduation_year`, `fid`, `job`, `address`, `city`, `country`, `phone`, `gid`, `mobile`, `nationalnumber`, `department`, `division`, `with_honor`) VALUES (165453, 2015, '1', '', '', '', '', '5736087', '4', '01277988282', '', 'الفيزياء', 'العلوم الطبيعية', '');
INSERT INTO `lk9v6_users` (`name`, `email`, `usertype`) VALUES ('مروه صبرى على على العشماوى', 'marwa13s05842@alexu.edu.eg', 'الخريجين');
INSERT INTO `lk9v6_alumni_main` (`id`, `user_id`, `approved`) VALUES (165454, 165454, 1);
INSERT INTO `lk9v6_alumni_data` (`alumni_id`, `graduation_year`, `fid`, `job`, `address`, `city`, `country`, `phone`, `gid`, `mobile`, `nationalnumber`, `department`, `division`, `with_honor`) VALUES (165454, 2015, '1', '', '', '', '', '035285693', '4', '01120729871', '', 'علوم البيئة', 'العلوم البيولوجية', '');
INSERT INTO `lk9v6_users` (`name`, `email`, `usertype`) VALUES ('مريم حسنى محمد صالح السبكى', 'mariem13s05755@alexu.edu.eg', 'الخريجين');
INSERT INTO `lk9v6_alumni_main` (`id`, `user_id`, `approved`) VALUES (165455, 165455, 1);
INSERT INTO `lk9v6_alumni_data` (`alumni_id`, `graduation_year`, `fid`, `job`, `address`, `city`, `country`, `phone`, `gid`, `mobile`, `nationalnumber`, `department`, `division`, `with_honor`) VALUES (165455, 2015, '1', '', '', '', '', '5539534', '4', '0192214828', '', 'الميكروبيولوجى', 'العلوم البيولوجية', '');
INSERT INTO `lk9v6_users` (`name`, `email`, `usertype`) VALUES ('احمد محمد احمد على يوسف', 'ahmed13s06252@alexu.edu.eg', 'الخريجين');
INSERT INTO `lk9v6_alumni_main` (`id`, `user_id`, `approved`) VALUES (165456, 165456, 1);
INSERT INTO `lk9v6_alumni_data` (`alumni_id`, `graduation_year`, `fid`, `job`, `address`, `city`, `country`, `phone`, `gid`, `mobile`, `nationalnumber`, `department`, `division`, `with_honor`) VALUES (165456, 2015, '1', '', '', '', '', '01227034119', '4', '01276361467', '', 'الجيولوجيا', 'العلوم الجيولوجية', '');
INSERT INTO `lk9v6_users` (`name`, `email`, `usertype`) VALUES ('احمد محمد كامل سليمان', 'ahmed13s06335@alexu.edu.eg', 'الخريجين');
INSERT INTO `lk9v6_alumni_main` (`id`, `user_id`, `approved`) VALUES (165457, 165457, 1);
INSERT INTO `lk9v6_alumni_data` (`alumni_id`, `graduation_year`, `fid`, `job`, `address`, `city`, `country`, `phone`, `gid`, `mobile`, `nationalnumber`, `department`, `division`, `with_honor`) VALUES (165457, 2015, '1', '', '', '', '', '033614144', '4', '01006324071', '', 'علوم البيئة', 'العلوم البيولوجية', '');
INSERT INTO `lk9v6_users` (`name`, `email`, `usertype`) VALUES ('شيماء السيد محمد محمد ابو نوارج', 'shaimaa13s06365@alexu.edu.eg', 'الخريجين');
INSERT INTO `lk9v6_alumni_main` (`id`, `user_id`, `approved`) VALUES (165458, 165458, 1);
INSERT INTO `lk9v6_alumni_data` (`alumni_id`, `graduation_year`, `fid`, `job`, `address`, `city`, `country`, `phone`, `gid`, `mobile`, `nationalnumber`, `department`, `division`, `with_honor`) VALUES (165458, 2015, '1', '', '', '', '', '5056831', '4', '0171068575', '', 'الفيزياء', 'العلوم الطبيعية', '');
INSERT INTO `lk9v6_users` (`name`, `email`, `usertype`) VALUES ('نجوى محمد على محمد رجب', 'nagwa13s05555@alexu.edu.eg', 'الخريجين');
INSERT INTO `lk9v6_alumni_main` (`id`, `user_id`, `approved`) VALUES (165459, 165459, 1);
INSERT INTO `lk9v6_alumni_data` (`alumni_id`, `graduation_year`, `fid`, `job`, `address`, `city`, `country`, `phone`, `gid`, `mobile`, `nationalnumber`, `department`, `division`, `with_honor`) VALUES (165459, 2015, '1', '', '', '', '', '035373956', '4', '01226714459', '', 'علوم البيئة', 'العلوم البيولوجية', '');
INSERT INTO `lk9v6_users` (`name`, `email`, `usertype`) VALUES ('ندى احمد رأفت عبدالعال بسيونى', 'nada13s05798@alexu.edu.eg', 'الخريجين');
INSERT INTO `lk9v6_alumni_main` (`id`, `user_id`, `approved`) VALUES (165460, 165460, 1);
INSERT INTO `lk9v6_alumni_data` (`alumni_id`, `graduation_year`, `fid`, `job`, `address`, `city`, `country`, `phone`, `gid`, `mobile`, `nationalnumber`, `department`, `division`, `with_honor`) VALUES (165460, 2015, '1', '', '', '', '', '5260307', '4', '01225434821', '', 'علوم البيئة', 'العلوم البيولوجية', '');
INSERT INTO `lk9v6_users` (`name`, `email`, `usertype`) VALUES ('خلود محمد عبدالعزيز محمد طلبه', 'khloud13s05204@alexu.edu.eg', 'الخريجين');
INSERT INTO `lk9v6_alumni_main` (`id`, `user_id`, `approved`) VALUES (165461, 165461, 1);
INSERT INTO `lk9v6_alumni_data` (`alumni_id`, `graduation_year`, `fid`, `job`, `address`, `city`, `country`, `phone`, `gid`, `mobile`, `nationalnumber`, `department`, `division`, `with_honor`) VALUES (165461, 2015, '1', '', '', '', '', '5379361', '4', '01285717208', '', 'علوم البيئة', 'العلوم البيولوجية', '');
INSERT INTO `lk9v6_users` (`name`, `email`, `usertype`) VALUES ('محمد عماد مغاورى السيد', 'mohamed13s04514@alexu.edu.eg', 'الخريجين');
INSERT INTO `lk9v6_alumni_main` (`id`, `user_id`, `approved`) VALUES (165462, 165462, 1);
INSERT INTO `lk9v6_alumni_data` (`alumni_id`, `graduation_year`, `fid`, `job`, `address`, `city`, `country`, `phone`, `gid`, `mobile`, `nationalnumber`, `department`, `division`, `with_honor`) VALUES (165462, 2015, '1', '', '', '', '', '034701203', '4', '01090592736', '', 'الفيزياء', 'العلوم الطبيعية', '');
INSERT INTO `lk9v6_users` (`name`, `email`, `usertype`) VALUES ('اسراء حكيم توفيق خميس عيد', 'esraa13s05157@alexu.edu.eg', 'الخريجين');
INSERT INTO `lk9v6_alumni_main` (`id`, `user_id`, `approved`) VALUES (165463, 165463, 1);
INSERT INTO `lk9v6_alumni_data` (`alumni_id`, `graduation_year`, `fid`, `job`, `address`, `city`, `country`, `phone`, `gid`, `mobile`, `nationalnumber`, `department`, `division`, `with_honor`) VALUES (165463, 2015, '1', '', '', '', '', '4400040', '4', '01289627381', '', 'الميكروبيولوجى', 'العلوم البيولوجية', '');
INSERT INTO `lk9v6_users` (`name`, `email`, `usertype`) VALUES ('نورهان ابراهيم ابراهيم ابو ديبه', 'nourhan13s05445@alexu.edu.eg', 'الخريجين');
INSERT INTO `lk9v6_alumni_main` (`id`, `user_id`, `approved`) VALUES (165464, 165464, 1);
INSERT INTO `lk9v6_alumni_data` (`alumni_id`, `graduation_year`, `fid`, `job`, `address`, `city`, `country`, `phone`, `gid`, `mobile`, `nationalnumber`, `department`, `division`, `with_honor`) VALUES (165464, 2015, '1', '', '', '', '', '035225553', '4', '01061025239', '', 'الكيمياء الحيوية', 'العلوم البيولوجية', '');
INSERT INTO `lk9v6_users` (`name`, `email`, `usertype`) VALUES ('عبير علاء الدين السيد على بخيت', 'abeer13s05222@alexu.edu.eg', 'الخريجين');
INSERT INTO `lk9v6_alumni_main` (`id`, `user_id`, `approved`) VALUES (165465, 165465, 1);
INSERT INTO `lk9v6_alumni_data` (`alumni_id`, `graduation_year`, `fid`, `job`, `address`, `city`, `country`, `phone`, `gid`, `mobile`, `nationalnumber`, `department`, `division`, `with_honor`) VALUES (165465, 2015, '1', '', '', '', '', '034484458', '4', '01144871031', '', 'الكيمياء الحيوية', 'العلوم البيولوجية', '');
INSERT INTO `lk9v6_users` (`name`, `email`, `usertype`) VALUES ('ناديه مصطفى البكرى عبدالصادق', 'nadia13s05545@alexu.edu.eg', 'الخريجين');
INSERT INTO `lk9v6_alumni_main` (`id`, `user_id`, `approved`) VALUES (165466, 165466, 1);
INSERT INTO `lk9v6_alumni_data` (`alumni_id`, `graduation_year`, `fid`, `job`, `address`, `city`, `country`, `phone`, `gid`, `mobile`, `nationalnumber`, `department`, `division`, `with_honor`) VALUES (165466, 2015, '1', '', '', '', '', '033803281', '4', '01118292226', '', 'الكيمياء الحيوية', 'العلوم البيولوجية', '');
INSERT INTO `lk9v6_users` (`name`, `email`, `usertype`) VALUES ('احمد فرج مصطفى ابراهيم', 'ahmed13s06333@alexu.edu.eg', 'الخريجين');
INSERT INTO `lk9v6_alumni_main` (`id`, `user_id`, `approved`) VALUES (165467, 165467, 1);
INSERT INTO `lk9v6_alumni_data` (`alumni_id`, `graduation_year`, `fid`, `job`, `address`, `city`, `country`, `phone`, `gid`, `mobile`, `nationalnumber`, `department`, `division`, `with_honor`) VALUES (165467, 2015, '1', '', '', '', '', '033915733', '4', '01277240065', '', 'الكيمياء الحيوية', 'العلوم البيولوجية', '');
INSERT INTO `lk9v6_users` (`name`, `email`, `usertype`) VALUES ('محمد خالد محمد محمد مرسى', 'mohamed13s04707@alexu.edu.eg', 'الخريجين');
INSERT INTO `lk9v6_alumni_main` (`id`, `user_id`, `approved`) VALUES (165468, 165468, 1);
INSERT INTO `lk9v6_alumni_data` (`alumni_id`, `graduation_year`, `fid`, `job`, `address`, `city`, `country`, `phone`, `gid`, `mobile`, `nationalnumber`, `department`, `division`, `with_honor`) VALUES (165468, 2015, '1', '', '', '', '', '033326618', '4', '01112441816', '', 'الفيزياء', 'العلوم الطبيعية', '');
INSERT INTO `lk9v6_users` (`name`, `email`, `usertype`) VALUES ('هدير جمال محمود على مرسى', 'hadeer13s05054@alexu.edu.eg', 'الخريجين');
INSERT INTO `lk9v6_alumni_main` (`id`, `user_id`, `approved`) VALUES (165469, 165469, 1);
INSERT INTO `lk9v6_alumni_data` (`alumni_id`, `graduation_year`, `fid`, `job`, `address`, `city`, `country`, `phone`, `gid`, `mobile`, `nationalnumber`, `department`, `division`, `with_honor`) VALUES (165469, 2015, '1', '', '', '', '', '5233873', '4', '0186470041', '', 'الكيمياء الحيوية', 'العلوم البيولوجية', '');
INSERT INTO `lk9v6_users` (`name`, `email`, `usertype`) VALUES ('الشيماء احمد محمود رضوان', 'alshaima13s05703@alexu.edu.eg', 'الخريجين');
INSERT INTO `lk9v6_alumni_main` (`id`, `user_id`, `approved`) VALUES (165470, 165470, 1);
INSERT INTO `lk9v6_alumni_data` (`alumni_id`, `graduation_year`, `fid`, `job`, `address`, `city`, `country`, `phone`, `gid`, `mobile`, `nationalnumber`, `department`, `division`, `with_honor`) VALUES (165470, 2015, '1', '', '', '', '', '035233478', '4', '0195911651', '', 'الكيمياء الحيوية', 'العلوم البيولوجية', '');
INSERT INTO `lk9v6_users` (`name`, `email`, `usertype`) VALUES ('محمود رمضان محمود ابراهيم محمد', 'mahmoud13s04526@alexu.edu.eg', 'الخريجين');
INSERT INTO `lk9v6_alumni_main` (`id`, `user_id`, `approved`) VALUES (165471, 165471, 1);
INSERT INTO `lk9v6_alumni_data` (`alumni_id`, `graduation_year`, `fid`, `job`, `address`, `city`, `country`, `phone`, `gid`, `mobile`, `nationalnumber`, `department`, `division`, `with_honor`) VALUES (165471, 2015, '1', '', '', '', '', '035369568', '4', '01287574856', '', 'الفيزياء', 'العلوم الطبيعية', '');
INSERT INTO `lk9v6_users` (`name`, `email`, `usertype`) VALUES ('نور وجيه فتحى البنهاوى', 'nour13s06424@alexu.edu.eg', 'الخريجين');
INSERT INTO `lk9v6_alumni_main` (`id`, `user_id`, `approved`) VALUES (165472, 165472, 1);
INSERT INTO `lk9v6_alumni_data` (`alumni_id`, `graduation_year`, `fid`, `job`, `address`, `city`, `country`, `phone`, `gid`, `mobile`, `nationalnumber`, `department`, `division`, `with_honor`) VALUES (165472, 2015, '1', '', '', '', '', '034210662', '4', '01004608209', '', 'علوم البيئة', 'العلوم البيولوجية', '');
INSERT INTO `lk9v6_users` (`name`, `email`, `usertype`) VALUES ('دعاء محمد احمد على خليل', 'doaa13s04925@alexu.edu.eg', 'الخريجين');
INSERT INTO `lk9v6_alumni_main` (`id`, `user_id`, `approved`) VALUES (165473, 165473, 1);
INSERT INTO `lk9v6_alumni_data` (`alumni_id`, `graduation_year`, `fid`, `job`, `address`, `city`, `country`, `phone`, `gid`, `mobile`, `nationalnumber`, `department`, `division`, `with_honor`) VALUES (165473, 2015, '1', '', '', '', '', '5361733', '4', '01224658937', '', 'علوم البيئة', 'العلوم البيولوجية', '');
INSERT INTO `lk9v6_users` (`name`, `email`, `usertype`) VALUES ('زينب جابر مصطفى اسماعيل الشامى', 'zeynep13s04277@alexu.edu.eg', 'الخريجين');
INSERT INTO `lk9v6_alumni_main` (`id`, `user_id`, `approved`) VALUES (165474, 165474, 1);
INSERT INTO `lk9v6_alumni_data` (`alumni_id`, `graduation_year`, `fid`, `job`, `address`, `city`, `country`, `phone`, `gid`, `mobile`, `nationalnumber`, `department`, `division`, `with_honor`) VALUES (165474, 2015, '1', '', '', '', '', '4852034', '4', '01229771903', '', 'الفيزياء', 'العلوم الطبيعية', '');
INSERT INTO `lk9v6_users` (`name`, `email`, `usertype`) VALUES ('كريمه سعد سعيد على', 'karima13s05283@alexu.edu.eg', 'الخريجين');
INSERT INTO `lk9v6_alumni_main` (`id`, `user_id`, `approved`) VALUES (165475, 165475, 1);
INSERT INTO `lk9v6_alumni_data` (`alumni_id`, `graduation_year`, `fid`, `job`, `address`, `city`, `country`, `phone`, `gid`, `mobile`, `nationalnumber`, `department`, `division`, `with_honor`) VALUES (165475, 2015, '1', '', '', '', '', '035058830', '4', '01061498817', '', 'علوم البيئة', 'العلوم البيولوجية', '');
INSERT INTO `lk9v6_users` (`name`, `email`, `usertype`) VALUES ('احمد محمد احمد طه الشيشينى', 'ahmed13s04508@alexu.edu.eg', 'الخريجين');
INSERT INTO `lk9v6_alumni_main` (`id`, `user_id`, `approved`) VALUES (165476, 165476, 1);
INSERT INTO `lk9v6_alumni_data` (`alumni_id`, `graduation_year`, `fid`, `job`, `address`, `city`, `country`, `phone`, `gid`, `mobile`, `nationalnumber`, `department`, `division`, `with_honor`) VALUES (165476, 2015, '1', '', '', '', '', '033627913', '4', '0189706754', '', 'الفيزياء', 'العلوم الطبيعية', '');
INSERT INTO `lk9v6_users` (`name`, `email`, `usertype`) VALUES ('هبه فرج محمد محمود الصايم', 'heba13s05214@alexu.edu.eg', 'الخريجين');
INSERT INTO `lk9v6_alumni_main` (`id`, `user_id`, `approved`) VALUES (165477, 165477, 1);
INSERT INTO `lk9v6_alumni_data` (`alumni_id`, `graduation_year`, `fid`, `job`, `address`, `city`, `country`, `phone`, `gid`, `mobile`, `nationalnumber`, `department`, `division`, `with_honor`) VALUES (165477, 2015, '1', '', '', '', '', '0453011437', '4', '01019660733', '', 'الكيمياء الحيوية', 'العلوم البيولوجية', '');
INSERT INTO `lk9v6_users` (`name`, `email`, `usertype`) VALUES ('نسمه هشام محمد عبده حسين', 'nesma13s04422@alexu.edu.eg', 'الخريجين');
INSERT INTO `lk9v6_alumni_main` (`id`, `user_id`, `approved`) VALUES (165478, 165478, 1);
INSERT INTO `lk9v6_alumni_data` (`alumni_id`, `graduation_year`, `fid`, `job`, `address`, `city`, `country`, `phone`, `gid`, `mobile`, `nationalnumber`, `department`, `division`, `with_honor`) VALUES (165478, 2015, '1', '', '', '', '', '5221485', '4', '01223529759', '', 'الفيزياء', 'العلوم الطبيعية', '');
INSERT INTO `lk9v6_users` (`name`, `email`, `usertype`) VALUES ('هاجر رضا رمزى عليوه', 'hager13s04806@alexu.edu.eg', 'الخريجين');
INSERT INTO `lk9v6_alumni_main` (`id`, `user_id`, `approved`) VALUES (165479, 165479, 1);
INSERT INTO `lk9v6_alumni_data` (`alumni_id`, `graduation_year`, `fid`, `job`, `address`, `city`, `country`, `phone`, `gid`, `mobile`, `nationalnumber`, `department`, `division`, `with_honor`) VALUES (165479, 2015, '1', '', '', '', '', '01221310522', '4', '01289531882', '', 'الفيزياء', 'العلوم الطبيعية', '');
INSERT INTO `lk9v6_users` (`name`, `email`, `usertype`) VALUES ('محمد ممدوح بدر محمد رشدى', 'mohamed13s04600@alexu.edu.eg', 'الخريجين');
INSERT INTO `lk9v6_alumni_main` (`id`, `user_id`, `approved`) VALUES (165480, 165480, 1);
INSERT INTO `lk9v6_alumni_data` (`alumni_id`, `graduation_year`, `fid`, `job`, `address`, `city`, `country`, `phone`, `gid`, `mobile`, `nationalnumber`, `department`, `division`, `with_honor`) VALUES (165480, 2015, '1', '', '', '', '', '035775483', '4', '0182207288', '', 'الفيزياء', 'العلوم الطبيعية', '');
INSERT INTO `lk9v6_users` (`name`, `email`, `usertype`) VALUES ('عبدالرحمن جمال على محمد المغنى', 'abdelrahman13s04778@alexu.edu.eg', 'الخريجين');
INSERT INTO `lk9v6_alumni_main` (`id`, `user_id`, `approved`) VALUES (165481, 165481, 1);
INSERT INTO `lk9v6_alumni_data` (`alumni_id`, `graduation_year`, `fid`, `job`, `address`, `city`, `country`, `phone`, `gid`, `mobile`, `nationalnumber`, `department`, `division`, `with_honor`) VALUES (165481, 2015, '1', '', '', '', '', '035876823', '4', '01111928904', '', 'الفيزياء', 'العلوم الطبيعية', '');
INSERT INTO `lk9v6_users` (`name`, `email`, `usertype`) VALUES ('هبه احمد محمد على بخيت', 'heba13s04476@alexu.edu.eg', 'الخريجين');
INSERT INTO `lk9v6_alumni_main` (`id`, `user_id`, `approved`) VALUES (165482, 165482, 1);
INSERT INTO `lk9v6_alumni_data` (`alumni_id`, `graduation_year`, `fid`, `job`, `address`, `city`, `country`, `phone`, `gid`, `mobile`, `nationalnumber`, `department`, `division`, `with_honor`) VALUES (165482, 2015, '1', '', '', '', '', '0190835674', '4', '0190835674', '', 'الفيزياء', 'العلوم الطبيعية', '');
INSERT INTO `lk9v6_users` (`name`, `email`, `usertype`) VALUES ('اميره محمد جابر ادريس عبد اللاه', 'amira13s05693@alexu.edu.eg', 'الخريجين');
INSERT INTO `lk9v6_alumni_main` (`id`, `user_id`, `approved`) VALUES (165483, 165483, 1);
INSERT INTO `lk9v6_alumni_data` (`alumni_id`, `graduation_year`, `fid`, `job`, `address`, `city`, `country`, `phone`, `gid`, `mobile`, `nationalnumber`, `department`, `division`, `with_honor`) VALUES (165483, 2015, '1', '', '', '', '', '5067196', '4', '01114285459', '', 'الكيمياء الحيوية', 'العلوم البيولوجية', '');
INSERT INTO `lk9v6_users` (`name`, `email`, `usertype`) VALUES ('منى عبدالرحمن عبدالمقصود عبدالرحمن', 'mona13s04513@alexu.edu.eg', 'الخريجين');
INSERT INTO `lk9v6_alumni_main` (`id`, `user_id`, `approved`) VALUES (165484, 165484, 1);
INSERT INTO `lk9v6_alumni_data` (`alumni_id`, `graduation_year`, `fid`, `job`, `address`, `city`, `country`, `phone`, `gid`, `mobile`, `nationalnumber`, `department`, `division`, `with_honor`) VALUES (165484, 2015, '1', '', '', '', '', '035003752', '4', '0187667052', '', 'الفيزياء', 'العلوم الطبيعية', '');
INSERT INTO `lk9v6_users` (`name`, `email`, `usertype`) VALUES ('اميره جرجس سامى سليم', 'amira13s05552@alexu.edu.eg', 'الخريجين');
INSERT INTO `lk9v6_alumni_main` (`id`, `user_id`, `approved`) VALUES (165485, 165485, 1);
INSERT INTO `lk9v6_alumni_data` (`alumni_id`, `graduation_year`, `fid`, `job`, `address`, `city`, `country`, `phone`, `gid`, `mobile`, `nationalnumber`, `department`, `division`, `with_honor`) VALUES (165485, 2015, '1', '', '', '', '', '0453602102', '4', '0183982138', '', 'الميكروبيولوجى', 'العلوم البيولوجية', '');
INSERT INTO `lk9v6_users` (`name`, `email`, `usertype`) VALUES ('ايه على السيد على حسين', 'aya13s05813@alexu.edu.eg', 'الخريجين');
INSERT INTO `lk9v6_alumni_main` (`id`, `user_id`, `approved`) VALUES (165486, 165486, 1);
INSERT INTO `lk9v6_alumni_data` (`alumni_id`, `graduation_year`, `fid`, `job`, `address`, `city`, `country`, `phone`, `gid`, `mobile`, `nationalnumber`, `department`, `division`, `with_honor`) VALUES (165486, 2015, '1', '', '', '', '', '034958024', '4', '01222436397', '', 'علوم البيئة', 'العلوم البيولوجية', '');
INSERT INTO `lk9v6_users` (`name`, `email`, `usertype`) VALUES ('منى محمد عبدالحميد احمد حميده', 'mona13s05113@alexu.edu.eg', 'الخريجين');
INSERT INTO `lk9v6_alumni_main` (`id`, `user_id`, `approved`) VALUES (165487, 165487, 1);
INSERT INTO `lk9v6_alumni_data` (`alumni_id`, `graduation_year`, `fid`, `job`, `address`, `city`, `country`, `phone`, `gid`, `mobile`, `nationalnumber`, `department`, `division`, `with_honor`) VALUES (165487, 2015, '1', '', '', '', '', '0452228071', '4', '01060656264', '', 'علوم البيئة', 'العلوم البيولوجية', '');
INSERT INTO `lk9v6_users` (`name`, `email`, `usertype`) VALUES ('محمد على انور على محمد', 'mohamed13s04628@alexu.edu.eg', 'الخريجين');
INSERT INTO `lk9v6_alumni_main` (`id`, `user_id`, `approved`) VALUES (165488, 165488, 1);
INSERT INTO `lk9v6_alumni_data` (`alumni_id`, `graduation_year`, `fid`, `job`, `address`, `city`, `country`, `phone`, `gid`, `mobile`, `nationalnumber`, `department`, `division`, `with_honor`) VALUES (165488, 2015, '1', '', '', '', '', '034451235', '4', '01284374566', '', 'الفيزياء', 'العلوم الطبيعية', '');
INSERT INTO `lk9v6_users` (`name`, `email`, `usertype`) VALUES ('احمد محمد عبد الحميد محمد', 'ahmed13s06576@alexu.edu.eg', 'الخريجين');
INSERT INTO `lk9v6_alumni_main` (`id`, `user_id`, `approved`) VALUES (165489, 165489, 1);
INSERT INTO `lk9v6_alumni_data` (`alumni_id`, `graduation_year`, `fid`, `job`, `address`, `city`, `country`, `phone`, `gid`, `mobile`, `nationalnumber`, `department`, `division`, `with_honor`) VALUES (165489, 2015, '1', '', '', '', '', '035458693', '4', '01067207759', '', 'الفيزياء', 'العلوم الطبيعية', '');
INSERT INTO `lk9v6_users` (`name`, `email`, `usertype`) VALUES ('ميار فرج السيد عيد حليمه', 'mayar13s06155@alexu.edu.eg', 'الخريجين');
INSERT INTO `lk9v6_alumni_main` (`id`, `user_id`, `approved`) VALUES (165490, 165490, 1);
INSERT INTO `lk9v6_alumni_data` (`alumni_id`, `graduation_year`, `fid`, `job`, `address`, `city`, `country`, `phone`, `gid`, `mobile`, `nationalnumber`, `department`, `division`, `with_honor`) VALUES (165490, 2015, '1', '', '', '', '', '033306678', '4', '01067203856', '', 'علوم البيئة', 'العلوم البيولوجية', '');
INSERT INTO `lk9v6_users` (`name`, `email`, `usertype`) VALUES ('ياسمين مصطفى غريب خليل السعدنى', 'yasmin13s05470@alexu.edu.eg', 'الخريجين');
INSERT INTO `lk9v6_alumni_main` (`id`, `user_id`, `approved`) VALUES (165491, 165491, 1);
INSERT INTO `lk9v6_alumni_data` (`alumni_id`, `graduation_year`, `fid`, `job`, `address`, `city`, `country`, `phone`, `gid`, `mobile`, `nationalnumber`, `department`, `division`, `with_honor`) VALUES (165491, 2015, '1', '', '', '', '', '5779147', '4', '01277430181', '', 'الكيمياء الحيوية', 'العلوم البيولوجية', '');
INSERT INTO `lk9v6_users` (`name`, `email`, `usertype`) VALUES ('هاله محمد عبد الله توفيق كرشه', 'hala13s04296@alexu.edu.eg', 'الخريجين');
INSERT INTO `lk9v6_alumni_main` (`id`, `user_id`, `approved`) VALUES (165492, 165492, 1);
INSERT INTO `lk9v6_alumni_data` (`alumni_id`, `graduation_year`, `fid`, `job`, `address`, `city`, `country`, `phone`, `gid`, `mobile`, `nationalnumber`, `department`, `division`, `with_honor`) VALUES (165492, 2015, '1', '', '', '', '', '035343641', '4', '01096034495', '', 'الفيزياء', 'العلوم الطبيعية', '');
INSERT INTO `lk9v6_users` (`name`, `email`, `usertype`) VALUES ('ايمان شاكر محمود عبدالحليم عوض ندا', 'eman13s05543@alexu.edu.eg', 'الخريجين');
INSERT INTO `lk9v6_alumni_main` (`id`, `user_id`, `approved`) VALUES (165493, 165493, 1);
INSERT INTO `lk9v6_alumni_data` (`alumni_id`, `graduation_year`, `fid`, `job`, `address`, `city`, `country`, `phone`, `gid`, `mobile`, `nationalnumber`, `department`, `division`, `with_honor`) VALUES (165493, 2015, '1', '', '', '', '', '0453641111', '4', '01143754101', '', 'الميكروبيولوجى', 'العلوم البيولوجية', '');
INSERT INTO `lk9v6_users` (`name`, `email`, `usertype`) VALUES ('نور الهدى محمد خفاجة محمد عامر', 'nour13s05179@alexu.edu.eg', 'الخريجين');
INSERT INTO `lk9v6_alumni_main` (`id`, `user_id`, `approved`) VALUES (165494, 165494, 1);
INSERT INTO `lk9v6_alumni_data` (`alumni_id`, `graduation_year`, `fid`, `job`, `address`, `city`, `country`, `phone`, `gid`, `mobile`, `nationalnumber`, `department`, `division`, `with_honor`) VALUES (165494, 2015, '1', '', '', '', '', '0472718318', '4', '01026278288', '', 'علوم البيئة', 'العلوم البيولوجية', '');
INSERT INTO `lk9v6_users` (`name`, `email`, `usertype`) VALUES ('خلود بكر عاطف عاطف ابوالعيد', 'khloud13s05379@alexu.edu.eg', 'الخريجين');
INSERT INTO `lk9v6_alumni_main` (`id`, `user_id`, `approved`) VALUES (165495, 165495, 1);
INSERT INTO `lk9v6_alumni_data` (`alumni_id`, `graduation_year`, `fid`, `job`, `address`, `city`, `country`, `phone`, `gid`, `mobile`, `nationalnumber`, `department`, `division`, `with_honor`) VALUES (165495, 2015, '1', '', '', '', '', '0472712327', '4', '01007257036', '', 'الكيمياء الحيوية', 'العلوم البيولوجية', '');
INSERT INTO `lk9v6_users` (`name`, `email`, `usertype`) VALUES ('مها كرم محمد الجوهرى', 'maha13s05105@alexu.edu.eg', 'الخريجين');
INSERT INTO `lk9v6_alumni_main` (`id`, `user_id`, `approved`) VALUES (165496, 165496, 1);
INSERT INTO `lk9v6_alumni_data` (`alumni_id`, `graduation_year`, `fid`, `job`, `address`, `city`, `country`, `phone`, `gid`, `mobile`, `nationalnumber`, `department`, `division`, `with_honor`) VALUES (165496, 2015, '1', '', '', '', '', '035909872', '4', '01067692672', '', 'علوم البيئة', 'العلوم البيولوجية', '');
INSERT INTO `lk9v6_users` (`name`, `email`, `usertype`) VALUES ('هدير حمدى السيد امين', 'hadeer13s05562@alexu.edu.eg', 'الخريجين');
INSERT INTO `lk9v6_alumni_main` (`id`, `user_id`, `approved`) VALUES (165497, 165497, 1);
INSERT INTO `lk9v6_alumni_data` (`alumni_id`, `graduation_year`, `fid`, `job`, `address`, `city`, `country`, `phone`, `gid`, `mobile`, `nationalnumber`, `department`, `division`, `with_honor`) VALUES (165497, 2015, '1', '', '', '', '', '033608987', '4', '01273359093', '', 'الميكروبيولوجى', 'العلوم البيولوجية', '');
INSERT INTO `lk9v6_users` (`name`, `email`, `usertype`) VALUES ('ناديه اسامه محمود فهمى موسى', 'nadia13s05260@alexu.edu.eg', 'الخريجين');
INSERT INTO `lk9v6_alumni_main` (`id`, `user_id`, `approved`) VALUES (165498, 165498, 1);
INSERT INTO `lk9v6_alumni_data` (`alumni_id`, `graduation_year`, `fid`, `job`, `address`, `city`, `country`, `phone`, `gid`, `mobile`, `nationalnumber`, `department`, `division`, `with_honor`) VALUES (165498, 2015, '1', '', '', '', '', '035432736', '4', '01227092831', '', 'علوم البيئة', 'العلوم البيولوجية', '');
INSERT INTO `lk9v6_users` (`name`, `email`, `usertype`) VALUES ('حماده اشرف عرفان سالم ابراهيم', 'hamada13s05070@alexu.edu.eg', 'الخريجين');
INSERT INTO `lk9v6_alumni_main` (`id`, `user_id`, `approved`) VALUES (165499, 165499, 1);
INSERT INTO `lk9v6_alumni_data` (`alumni_id`, `graduation_year`, `fid`, `job`, `address`, `city`, `country`, `phone`, `gid`, `mobile`, `nationalnumber`, `department`, `division`, `with_honor`) VALUES (165499, 2015, '1', '', '', '', '', '0452531837', '4', '01220053669', '', 'الكيمياء الحيوية', 'العلوم البيولوجية', '');
INSERT INTO `lk9v6_users` (`name`, `email`, `usertype`) VALUES ('ولاء على محمد عبد الماجد', 'walaa13s05377@alexu.edu.eg', 'الخريجين');
INSERT INTO `lk9v6_alumni_main` (`id`, `user_id`, `approved`) VALUES (165500, 165500, 1);
INSERT INTO `lk9v6_alumni_data` (`alumni_id`, `graduation_year`, `fid`, `job`, `address`, `city`, `country`, `phone`, `gid`, `mobile`, `nationalnumber`, `department`, `division`, `with_honor`) VALUES (165500, 2015, '1', '', '', '', '', '035922050', '4', '01223649665', '', 'علوم البيئة', 'العلوم البيولوجية', '');
INSERT INTO `lk9v6_users` (`name`, `email`, `usertype`) VALUES ('خالد احمد محمود شريف نصر', 'khaled13s04813@alexu.edu.eg', 'الخريجين');
INSERT INTO `lk9v6_alumni_main` (`id`, `user_id`, `approved`) VALUES (165501, 165501, 1);
INSERT INTO `lk9v6_alumni_data` (`alumni_id`, `graduation_year`, `fid`, `job`, `address`, `city`, `country`, `phone`, `gid`, `mobile`, `nationalnumber`, `department`, `division`, `with_honor`) VALUES (165501, 2015, '1', '', '', '', '', '3082000', '4', '01278951401', '', 'الفيزياء', 'العلوم الطبيعية', '');
INSERT INTO `lk9v6_users` (`name`, `email`, `usertype`) VALUES ('اسامه عبدالبر عبدالمنعم الصباغ', 'osama13s04412@alexu.edu.eg', 'الخريجين');
INSERT INTO `lk9v6_alumni_main` (`id`, `user_id`, `approved`) VALUES (165502, 165502, 1);
INSERT INTO `lk9v6_alumni_data` (`alumni_id`, `graduation_year`, `fid`, `job`, `address`, `city`, `country`, `phone`, `gid`, `mobile`, `nationalnumber`, `department`, `division`, `with_honor`) VALUES (165502, 2015, '1', '', '', '', '', '0453926850', '4', '01113583586', '', 'الفيزياء', 'العلوم الطبيعية', '');
INSERT INTO `lk9v6_users` (`name`, `email`, `usertype`) VALUES ('اسماء جمال حسن عبدالحافظ بيومى', 'asmaa13s05699@alexu.edu.eg', 'الخريجين');
INSERT INTO `lk9v6_alumni_main` (`id`, `user_id`, `approved`) VALUES (165503, 165503, 1);
INSERT INTO `lk9v6_alumni_data` (`alumni_id`, `graduation_year`, `fid`, `job`, `address`, `city`, `country`, `phone`, `gid`, `mobile`, `nationalnumber`, `department`, `division`, `with_honor`) VALUES (165503, 2015, '1', '', '', '', '', '035612433', '4', '01002321657', '', 'علوم البيئة', 'العلوم البيولوجية', '');
INSERT INTO `lk9v6_users` (`name`, `email`, `usertype`) VALUES ('اسماء السيد مصطفى السيد فرغلى', 'asmaa13s04862@alexu.edu.eg', 'الخريجين');
INSERT INTO `lk9v6_alumni_main` (`id`, `user_id`, `approved`) VALUES (165504, 165504, 1);
INSERT INTO `lk9v6_alumni_data` (`alumni_id`, `graduation_year`, `fid`, `job`, `address`, `city`, `country`, `phone`, `gid`, `mobile`, `nationalnumber`, `department`, `division`, `with_honor`) VALUES (165504, 2015, '1', '', '', '', '', '035485529', '4', '01201130538', '', 'علوم البيئة', 'العلوم البيولوجية', '');
INSERT INTO `lk9v6_users` (`name`, `email`, `usertype`) VALUES ('نورهان السيد محمد اسماعيل سيد احمد', 'nourhan13s05620@alexu.edu.eg', 'الخريجين');
INSERT INTO `lk9v6_alumni_main` (`id`, `user_id`, `approved`) VALUES (165505, 165505, 1);
INSERT INTO `lk9v6_alumni_data` (`alumni_id`, `graduation_year`, `fid`, `job`, `address`, `city`, `country`, `phone`, `gid`, `mobile`, `nationalnumber`, `department`, `division`, `with_honor`) VALUES (165505, 2015, '1', '', '', '', '', '035070679', '4', '01205856064', '', 'علوم البيئة', 'العلوم البيولوجية', '');
INSERT INTO `lk9v6_users` (`name`, `email`, `usertype`) VALUES ('ريهام ابراهيم فتحى ابراهيم الصعيدى', 'reham13s04734@alexu.edu.eg', 'الخريجين');
INSERT INTO `lk9v6_alumni_main` (`id`, `user_id`, `approved`) VALUES (165506, 165506, 1);
INSERT INTO `lk9v6_alumni_data` (`alumni_id`, `graduation_year`, `fid`, `job`, `address`, `city`, `country`, `phone`, `gid`, `mobile`, `nationalnumber`, `department`, `division`, `with_honor`) VALUES (165506, 2015, '1', '', '', '', '', '0452991266', '4', '0191402375', '', 'الفيزياء', 'العلوم الطبيعية', '');
INSERT INTO `lk9v6_users` (`name`, `email`, `usertype`) VALUES ('بسنت عادل السيد ابراهيم حجازى', 'basant13s04955@alexu.edu.eg', 'الخريجين');
INSERT INTO `lk9v6_alumni_main` (`id`, `user_id`, `approved`) VALUES (165507, 165507, 1);
INSERT INTO `lk9v6_alumni_data` (`alumni_id`, `graduation_year`, `fid`, `job`, `address`, `city`, `country`, `phone`, `gid`, `mobile`, `nationalnumber`, `department`, `division`, `with_honor`) VALUES (165507, 2015, '1', '', '', '', '', '033235715', '4', '01220854131', '', 'علوم البيئة', 'العلوم البيولوجية', '');
INSERT INTO `lk9v6_users` (`name`, `email`, `usertype`) VALUES ('مينا جورج لطفى قرياقوس', 'mina13s05824@alexu.edu.eg', 'الخريجين');
INSERT INTO `lk9v6_alumni_main` (`id`, `user_id`, `approved`) VALUES (165508, 165508, 1);
INSERT INTO `lk9v6_alumni_data` (`alumni_id`, `graduation_year`, `fid`, `job`, `address`, `city`, `country`, `phone`, `gid`, `mobile`, `nationalnumber`, `department`, `division`, `with_honor`) VALUES (165508, 2015, '1', '', '', '', '', '035269581', '4', '01275298520', '', 'الكيمياء الحيوية', 'العلوم البيولوجية', '');
INSERT INTO `lk9v6_users` (`name`, `email`, `usertype`) VALUES ('محمد حامد عبدالجيد خضر', 'mohamed13s05601@alexu.edu.eg', 'الخريجين');
INSERT INTO `lk9v6_alumni_main` (`id`, `user_id`, `approved`) VALUES (165509, 165509, 1);
INSERT INTO `lk9v6_alumni_data` (`alumni_id`, `graduation_year`, `fid`, `job`, `address`, `city`, `country`, `phone`, `gid`, `mobile`, `nationalnumber`, `department`, `division`, `with_honor`) VALUES (165509, 2015, '1', '', '', '', '', '0452702299', '4', '01145324499', '', 'علوم البيئة', 'العلوم البيولوجية', '');
INSERT INTO `lk9v6_users` (`name`, `email`, `usertype`) VALUES ('اسماء نبيل عبدالفتاح سالم', 'asmaa13s04488@alexu.edu.eg', 'الخريجين');
INSERT INTO `lk9v6_alumni_main` (`id`, `user_id`, `approved`) VALUES (165510, 165510, 1);
INSERT INTO `lk9v6_alumni_data` (`alumni_id`, `graduation_year`, `fid`, `job`, `address`, `city`, `country`, `phone`, `gid`, `mobile`, `nationalnumber`, `department`, `division`, `with_honor`) VALUES (165510, 2015, '1', '', '', '', '', '9501781', '4', '01282166887', '', 'الفيزياء', 'العلوم الطبيعية', '');
INSERT INTO `lk9v6_users` (`name`, `email`, `usertype`) VALUES ('اسماء عصام احمد مدنى احمد', 'asmaa13s04666@alexu.edu.eg', 'الخريجين');
INSERT INTO `lk9v6_alumni_main` (`id`, `user_id`, `approved`) VALUES (165511, 165511, 1);
INSERT INTO `lk9v6_alumni_data` (`alumni_id`, `graduation_year`, `fid`, `job`, `address`, `city`, `country`, `phone`, `gid`, `mobile`, `nationalnumber`, `department`, `division`, `with_honor`) VALUES (165511, 2015, '1', '', '', '', '', '5065777', '4', '01068684056', '', 'الفيزياء', 'العلوم الطبيعية', '');
INSERT INTO `lk9v6_users` (`name`, `email`, `usertype`) VALUES ('ابانوب سعد شفيق سعد', 'abanob13s04906@alexu.edu.eg', 'الخريجين');
INSERT INTO `lk9v6_alumni_main` (`id`, `user_id`, `approved`) VALUES (165512, 165512, 1);
INSERT INTO `lk9v6_alumni_data` (`alumni_id`, `graduation_year`, `fid`, `job`, `address`, `city`, `country`, `phone`, `gid`, `mobile`, `nationalnumber`, `department`, `division`, `with_honor`) VALUES (165512, 2015, '1', '', '', '', '', '5355610', '4', '01276146468', '', 'الميكروبيولوجى', 'العلوم البيولوجية', '');
INSERT INTO `lk9v6_users` (`name`, `email`, `usertype`) VALUES ('ياسر عبد الفتاح مصطفى حسين مصطفى', 'yasser13s04272@alexu.edu.eg', 'الخريجين');
INSERT INTO `lk9v6_alumni_main` (`id`, `user_id`, `approved`) VALUES (165513, 165513, 1);
INSERT INTO `lk9v6_alumni_data` (`alumni_id`, `graduation_year`, `fid`, `job`, `address`, `city`, `country`, `phone`, `gid`, `mobile`, `nationalnumber`, `department`, `division`, `with_honor`) VALUES (165513, 2015, '1', '', '', '', '', '4808404', '4', '01279810733', '', 'الفيزياء', 'العلوم الطبيعية', '');
INSERT INTO `lk9v6_users` (`name`, `email`, `usertype`) VALUES ('ايمان محمود محمد عبد الغفار', 'eman13s05272@alexu.edu.eg', 'الخريجين');
INSERT INTO `lk9v6_alumni_main` (`id`, `user_id`, `approved`) VALUES (165514, 165514, 1);
INSERT INTO `lk9v6_alumni_data` (`alumni_id`, `graduation_year`, `fid`, `job`, `address`, `city`, `country`, `phone`, `gid`, `mobile`, `nationalnumber`, `department`, `division`, `with_honor`) VALUES (165514, 2015, '1', '', '', '', '', '5905006', '4', '01224371510', '', 'الميكروبيولوجى', 'العلوم البيولوجية', '');
INSERT INTO `lk9v6_users` (`name`, `email`, `usertype`) VALUES ('ايمان السيد احمد محمد رضوان', 'eman13s05366@alexu.edu.eg', 'الخريجين');
INSERT INTO `lk9v6_alumni_main` (`id`, `user_id`, `approved`) VALUES (165515, 165515, 1);
INSERT INTO `lk9v6_alumni_data` (`alumni_id`, `graduation_year`, `fid`, `job`, `address`, `city`, `country`, `phone`, `gid`, `mobile`, `nationalnumber`, `department`, `division`, `with_honor`) VALUES (165515, 2015, '1', '', '', '', '', '3616155', '4', '01202579998', '', 'علوم البيئة', 'العلوم البيولوجية', '');
INSERT INTO `lk9v6_users` (`name`, `email`, `usertype`) VALUES ('بسمة فوزى سعد نعمة الله', 'basma13s05638@alexu.edu.eg', 'الخريجين');
INSERT INTO `lk9v6_alumni_main` (`id`, `user_id`, `approved`) VALUES (165516, 165516, 1);
INSERT INTO `lk9v6_alumni_data` (`alumni_id`, `graduation_year`, `fid`, `job`, `address`, `city`, `country`, `phone`, `gid`, `mobile`, `nationalnumber`, `department`, `division`, `with_honor`) VALUES (165516, 2015, '1', '', '', '', '', '2572474', '4', '01069269920', '', 'علوم البيئة', 'العلوم البيولوجية', '');
INSERT INTO `lk9v6_users` (`name`, `email`, `usertype`) VALUES ('سلمى حسن عمر محمد سليم', 'salma13s06399@alexu.edu.eg', 'الخريجين');
INSERT INTO `lk9v6_alumni_main` (`id`, `user_id`, `approved`) VALUES (165517, 165517, 1);
INSERT INTO `lk9v6_alumni_data` (`alumni_id`, `graduation_year`, `fid`, `job`, `address`, `city`, `country`, `phone`, `gid`, `mobile`, `nationalnumber`, `department`, `division`, `with_honor`) VALUES (165517, 2015, '1', '', '', '', '', '035927983', '4', '0126143350', '', 'الفيزياء', 'العلوم الطبيعية', '');
INSERT INTO `lk9v6_users` (`name`, `email`, `usertype`) VALUES ('منار صابر عبد المنعم سيد احمد يس', 'manar13s04709@alexu.edu.eg', 'الخريجين');
INSERT INTO `lk9v6_alumni_main` (`id`, `user_id`, `approved`) VALUES (165518, 165518, 1);
INSERT INTO `lk9v6_alumni_data` (`alumni_id`, `graduation_year`, `fid`, `job`, `address`, `city`, `country`, `phone`, `gid`, `mobile`, `nationalnumber`, `department`, `division`, `with_honor`) VALUES (165518, 2015, '1', '', '', '', '', '035004674', '4', '01288371680', '', 'الفيزياء', 'العلوم الطبيعية', '');
INSERT INTO `lk9v6_users` (`name`, `email`, `usertype`) VALUES ('فرج عادل فرج باشا', 'farag13s05232@alexu.edu.eg', 'الخريجين');
INSERT INTO `lk9v6_alumni_main` (`id`, `user_id`, `approved`) VALUES (165519, 165519, 1);
INSERT INTO `lk9v6_alumni_data` (`alumni_id`, `graduation_year`, `fid`, `job`, `address`, `city`, `country`, `phone`, `gid`, `mobile`, `nationalnumber`, `department`, `division`, `with_honor`) VALUES (165519, 2015, '1', '', '', '', '', '0472715262', '4', '01069201979', '', 'علوم البيئة', 'العلوم البيولوجية', '');
INSERT INTO `lk9v6_users` (`name`, `email`, `usertype`) VALUES ('هدير طارق احمد محمد جادالله', 'hadeer13s05166@alexu.edu.eg', 'الخريجين');
INSERT INTO `lk9v6_alumni_main` (`id`, `user_id`, `approved`) VALUES (165520, 165520, 1);
INSERT INTO `lk9v6_alumni_data` (`alumni_id`, `graduation_year`, `fid`, `job`, `address`, `city`, `country`, `phone`, `gid`, `mobile`, `nationalnumber`, `department`, `division`, `with_honor`) VALUES (165520, 2015, '1', '', '', '', '', '034455652', '4', '01272018867', '', 'الكيمياء الحيوية', 'العلوم البيولوجية', '');
INSERT INTO `lk9v6_users` (`name`, `email`, `usertype`) VALUES ('احمد رمضان اسماعيل محمد ابوالوفا', 'ahmed13s04756@alexu.edu.eg', 'الخريجين');
INSERT INTO `lk9v6_alumni_main` (`id`, `user_id`, `approved`) VALUES (165521, 165521, 1);
INSERT INTO `lk9v6_alumni_data` (`alumni_id`, `graduation_year`, `fid`, `job`, `address`, `city`, `country`, `phone`, `gid`, `mobile`, `nationalnumber`, `department`, `division`, `with_honor`) VALUES (165521, 2015, '1', '', '', '', '', '0453050017', '4', '01028742845', '', 'الفيزياء', 'العلوم الطبيعية', '');
INSERT INTO `lk9v6_users` (`name`, `email`, `usertype`) VALUES ('دينا محمود ابراهيم السيد سعدالله', 'dina13s04584@alexu.edu.eg', 'الخريجين');
INSERT INTO `lk9v6_alumni_main` (`id`, `user_id`, `approved`) VALUES (165522, 165522, 1);
INSERT INTO `lk9v6_alumni_data` (`alumni_id`, `graduation_year`, `fid`, `job`, `address`, `city`, `country`, `phone`, `gid`, `mobile`, `nationalnumber`, `department`, `division`, `with_honor`) VALUES (165522, 2015, '1', '', '', '', '', '033807700', '4', '01501852176', '', 'الفيزياء', 'العلوم الطبيعية', '');
INSERT INTO `lk9v6_users` (`name`, `email`, `usertype`) VALUES ('محمود محمد ابراهيم محمد على', 'mahmoud13s04319@alexu.edu.eg', 'الخريجين');
INSERT INTO `lk9v6_alumni_main` (`id`, `user_id`, `approved`) VALUES (165523, 165523, 1);
INSERT INTO `lk9v6_alumni_data` (`alumni_id`, `graduation_year`, `fid`, `job`, `address`, `city`, `country`, `phone`, `gid`, `mobile`, `nationalnumber`, `department`, `division`, `with_honor`) VALUES (165523, 2015, '1', '', '', '', '', '034363329', '4', '01273056316', '', 'الفيزياء', 'العلوم الطبيعية', '');
INSERT INTO `lk9v6_users` (`name`, `email`, `usertype`) VALUES ('هبة ناصر محمد عبد المعطى', 'heba13s05335@alexu.edu.eg', 'الخريجين');
INSERT INTO `lk9v6_alumni_main` (`id`, `user_id`, `approved`) VALUES (165524, 165524, 1);
INSERT INTO `lk9v6_alumni_data` (`alumni_id`, `graduation_year`, `fid`, `job`, `address`, `city`, `country`, `phone`, `gid`, `mobile`, `nationalnumber`, `department`, `division`, `with_honor`) VALUES (165524, 2015, '1', '', '', '', '', '033025816', '4', '01228764192', '', 'علوم البيئة', 'العلوم البيولوجية', '');
INSERT INTO `lk9v6_users` (`name`, `email`, `usertype`) VALUES ('اسلام جابر السيد عبدالمحسن', 'islam13s04494@alexu.edu.eg', 'الخريجين');
INSERT INTO `lk9v6_alumni_main` (`id`, `user_id`, `approved`) VALUES (165525, 165525, 1);
INSERT INTO `lk9v6_alumni_data` (`alumni_id`, `graduation_year`, `fid`, `job`, `address`, `city`, `country`, `phone`, `gid`, `mobile`, `nationalnumber`, `department`, `division`, `with_honor`) VALUES (165525, 2015, '1', '', '', '', '', '4418829', '4', '01282257659', '', 'الفيزياء', 'العلوم الطبيعية', '');
INSERT INTO `lk9v6_users` (`name`, `email`, `usertype`) VALUES ('ياسمين جابر انور يونس', 'yasmin13s05315@alexu.edu.eg', 'الخريجين');
INSERT INTO `lk9v6_alumni_main` (`id`, `user_id`, `approved`) VALUES (165526, 165526, 1);
INSERT INTO `lk9v6_alumni_data` (`alumni_id`, `graduation_year`, `fid`, `job`, `address`, `city`, `country`, `phone`, `gid`, `mobile`, `nationalnumber`, `department`, `division`, `with_honor`) VALUES (165526, 2015, '1', '', '', '', '', '4855929', '4', '01229070068', '', 'علوم البيئة', 'العلوم البيولوجية', '');
INSERT INTO `lk9v6_users` (`name`, `email`, `usertype`) VALUES ('اميره السيد صلاح الدين السيد دوير', 'amira13s05233@alexu.edu.eg', 'الخريجين');
INSERT INTO `lk9v6_alumni_main` (`id`, `user_id`, `approved`) VALUES (165527, 165527, 1);
INSERT INTO `lk9v6_alumni_data` (`alumni_id`, `graduation_year`, `fid`, `job`, `address`, `city`, `country`, `phone`, `gid`, `mobile`, `nationalnumber`, `department`, `division`, `with_honor`) VALUES (165527, 2015, '1', '', '', '', '', '0473479519', '4', '01008750535', '', 'علوم البيئة', 'العلوم البيولوجية', '');
INSERT INTO `lk9v6_users` (`name`, `email`, `usertype`) VALUES ('محمود صلاح يوسف محمد حسن', 'mahmoud13s04325@alexu.edu.eg', 'الخريجين');
INSERT INTO `lk9v6_alumni_main` (`id`, `user_id`, `approved`) VALUES (165528, 165528, 1);
INSERT INTO `lk9v6_alumni_data` (`alumni_id`, `graduation_year`, `fid`, `job`, `address`, `city`, `country`, `phone`, `gid`, `mobile`, `nationalnumber`, `department`, `division`, `with_honor`) VALUES (165528, 2015, '1', '', '', '', '', '033301044', '4', '01116209165', '', 'الفيزياء', 'العلوم الطبيعية', '');
INSERT INTO `lk9v6_users` (`name`, `email`, `usertype`) VALUES ('ياسمين كمال موسى محمود طاحون', 'yasmin13s05205@alexu.edu.eg', 'الخريجين');
INSERT INTO `lk9v6_alumni_main` (`id`, `user_id`, `approved`) VALUES (165529, 165529, 1);
INSERT INTO `lk9v6_alumni_data` (`alumni_id`, `graduation_year`, `fid`, `job`, `address`, `city`, `country`, `phone`, `gid`, `mobile`, `nationalnumber`, `department`, `division`, `with_honor`) VALUES (165529, 2015, '1', '', '', '', '', '034487704', '4', '01211592958', '', 'الكيمياء الحيوية', 'العلوم البيولوجية', '');
INSERT INTO `lk9v6_users` (`name`, `email`, `usertype`) VALUES ('الشيماء حسنى محمد ابوالحسن احمد', 'alshaima13s05334@alexu.edu.eg', 'الخريجين');
INSERT INTO `lk9v6_alumni_main` (`id`, `user_id`, `approved`) VALUES (165530, 165530, 1);
INSERT INTO `lk9v6_alumni_data` (`alumni_id`, `graduation_year`, `fid`, `job`, `address`, `city`, `country`, `phone`, `gid`, `mobile`, `nationalnumber`, `department`, `division`, `with_honor`) VALUES (165530, 2015, '1', '', '', '', '', '3905214', '4', '01226932465', '', 'علوم البيئة', 'العلوم البيولوجية', '');
INSERT INTO `lk9v6_users` (`name`, `email`, `usertype`) VALUES ('شيماء مجدى محمود الشناوى', 'shaimaa13s04652@alexu.edu.eg', 'الخريجين');
INSERT INTO `lk9v6_alumni_main` (`id`, `user_id`, `approved`) VALUES (165531, 165531, 1);
INSERT INTO `lk9v6_alumni_data` (`alumni_id`, `graduation_year`, `fid`, `job`, `address`, `city`, `country`, `phone`, `gid`, `mobile`, `nationalnumber`, `department`, `division`, `with_honor`) VALUES (165531, 2015, '1', '', '', '', '', '039591208', '4', '01284386679', '', 'الفيزياء', 'العلوم الطبيعية', '');
INSERT INTO `lk9v6_users` (`name`, `email`, `usertype`) VALUES ('سهير صبرى لحظى شفيق', 'sohir13s04389@alexu.edu.eg', 'الخريجين');
INSERT INTO `lk9v6_alumni_main` (`id`, `user_id`, `approved`) VALUES (165532, 165532, 1);
INSERT INTO `lk9v6_alumni_data` (`alumni_id`, `graduation_year`, `fid`, `job`, `address`, `city`, `country`, `phone`, `gid`, `mobile`, `nationalnumber`, `department`, `division`, `with_honor`) VALUES (165532, 2015, '1', '', '', '', '', '5025338', '4', '01278667743', '', 'الفيزياء', 'العلوم الطبيعية', '');
INSERT INTO `lk9v6_users` (`name`, `email`, `usertype`) VALUES ('اميره ابراهيم حسن محمد توفيق', 'amira13s05753@alexu.edu.eg', 'الخريجين');
INSERT INTO `lk9v6_alumni_main` (`id`, `user_id`, `approved`) VALUES (165533, 165533, 1);
INSERT INTO `lk9v6_alumni_data` (`alumni_id`, `graduation_year`, `fid`, `job`, `address`, `city`, `country`, `phone`, `gid`, `mobile`, `nationalnumber`, `department`, `division`, `with_honor`) VALUES (165533, 2015, '1', '', '', '', '', '4410507', '4', '01067162621', '', 'علوم البيئة', 'العلوم البيولوجية', '');
INSERT INTO `lk9v6_users` (`name`, `email`, `usertype`) VALUES ('محمد انور حمدان عبدالوارث', 'mohamed13s04378@alexu.edu.eg', 'الخريجين');
INSERT INTO `lk9v6_alumni_main` (`id`, `user_id`, `approved`) VALUES (165534, 165534, 1);
INSERT INTO `lk9v6_alumni_data` (`alumni_id`, `graduation_year`, `fid`, `job`, `address`, `city`, `country`, `phone`, `gid`, `mobile`, `nationalnumber`, `department`, `division`, `with_honor`) VALUES (165534, 2015, '1', '', '', '', '', '204433086', '4', '0183158206', '', 'الجيولوجيا', 'العلوم الجيولوجية', '');
INSERT INTO `lk9v6_users` (`name`, `email`, `usertype`) VALUES ('رحاب عبدالرازق ابراهيم عبدالرازق', 'rehab13s04715@alexu.edu.eg', 'الخريجين');
INSERT INTO `lk9v6_alumni_main` (`id`, `user_id`, `approved`) VALUES (165535, 165535, 1);
INSERT INTO `lk9v6_alumni_data` (`alumni_id`, `graduation_year`, `fid`, `job`, `address`, `city`, `country`, `phone`, `gid`, `mobile`, `nationalnumber`, `department`, `division`, `with_honor`) VALUES (165535, 2015, '1', '', '', '', '', '4243159', '4', '01002935467', '', 'الفيزياء', 'العلوم الطبيعية', '');
INSERT INTO `lk9v6_users` (`name`, `email`, `usertype`) VALUES ('علاء ضيف فرج سعد محمود', 'alaa13s04466@alexu.edu.eg', 'الخريجين');
INSERT INTO `lk9v6_alumni_main` (`id`, `user_id`, `approved`) VALUES (165536, 165536, 1);
INSERT INTO `lk9v6_alumni_data` (`alumni_id`, `graduation_year`, `fid`, `job`, `address`, `city`, `country`, `phone`, `gid`, `mobile`, `nationalnumber`, `department`, `division`, `with_honor`) VALUES (165536, 2015, '1', '', '', '', '', '034383045', '4', '01222612324', '', 'الفيزياء', 'العلوم الطبيعية', '');
INSERT INTO `lk9v6_users` (`name`, `email`, `usertype`) VALUES ('لمياء يوسف احمد محمد يوسف', 'lamya13s06177@alexu.edu.eg', 'الخريجين');
INSERT INTO `lk9v6_alumni_main` (`id`, `user_id`, `approved`) VALUES (165537, 165537, 1);
INSERT INTO `lk9v6_alumni_data` (`alumni_id`, `graduation_year`, `fid`, `job`, `address`, `city`, `country`, `phone`, `gid`, `mobile`, `nationalnumber`, `department`, `division`, `with_honor`) VALUES (165537, 2015, '1', '', '', '', '', '4834276', '4', '01151198267', '', 'علوم البيئة', 'العلوم البيولوجية', '');
INSERT INTO `lk9v6_users` (`name`, `email`, `usertype`) VALUES ('ريهام محمد احمد عبد النعيم قاسم', 'reham13s04294@alexu.edu.eg', 'الخريجين');
INSERT INTO `lk9v6_alumni_main` (`id`, `user_id`, `approved`) VALUES (165538, 165538, 1);
INSERT INTO `lk9v6_alumni_data` (`alumni_id`, `graduation_year`, `fid`, `job`, `address`, `city`, `country`, `phone`, `gid`, `mobile`, `nationalnumber`, `department`, `division`, `with_honor`) VALUES (165538, 2015, '1', '', '', '', '', '4817211', '4', '01000074331', '', 'الفيزياء', 'العلوم الطبيعية', '');
INSERT INTO `lk9v6_users` (`name`, `email`, `usertype`) VALUES ('هدير عبد العال احمد عمران', 'hadeer13s06510@alexu.edu.eg', 'الخريجين');
INSERT INTO `lk9v6_alumni_main` (`id`, `user_id`, `approved`) VALUES (165539, 165539, 1);
INSERT INTO `lk9v6_alumni_data` (`alumni_id`, `graduation_year`, `fid`, `job`, `address`, `city`, `country`, `phone`, `gid`, `mobile`, `nationalnumber`, `department`, `division`, `with_honor`) VALUES (165539, 2015, '1', '', '', '', '', '034463018', '4', '01271054199', '', 'الكيمياء الحيوية', 'العلوم البيولوجية', '');
INSERT INTO `lk9v6_users` (`name`, `email`, `usertype`) VALUES ('مروه محمود محمد موسى', 'marwa13s04904@alexu.edu.eg', 'الخريجين');
INSERT INTO `lk9v6_alumni_main` (`id`, `user_id`, `approved`) VALUES (165540, 165540, 1);
INSERT INTO `lk9v6_alumni_data` (`alumni_id`, `graduation_year`, `fid`, `job`, `address`, `city`, `country`, `phone`, `gid`, `mobile`, `nationalnumber`, `department`, `division`, `with_honor`) VALUES (165540, 2015, '1', '', '', '', '', '035037800', '4', '01274155508', '', 'الكيمياء الحيوية', 'العلوم البيولوجية', '');
INSERT INTO `lk9v6_users` (`name`, `email`, `usertype`) VALUES ('احمد محمد احمد محمود', 'ahmed13s06221@alexu.edu.eg', 'الخريجين');
INSERT INTO `lk9v6_alumni_main` (`id`, `user_id`, `approved`) VALUES (165541, 165541, 1);
INSERT INTO `lk9v6_alumni_data` (`alumni_id`, `graduation_year`, `fid`, `job`, `address`, `city`, `country`, `phone`, `gid`, `mobile`, `nationalnumber`, `department`, `division`, `with_honor`) VALUES (165541, 2015, '1', '', '', '', '', '4488084', '4', '01222772034', '', 'الفيزياء', 'العلوم الطبيعية', '');
INSERT INTO `lk9v6_users` (`name`, `email`, `usertype`) VALUES ('اسماء عبد المنعم محمد زهران', 'asmaa13s05201@alexu.edu.eg', 'الخريجين');
INSERT INTO `lk9v6_alumni_main` (`id`, `user_id`, `approved`) VALUES (165542, 165542, 1);
INSERT INTO `lk9v6_alumni_data` (`alumni_id`, `graduation_year`, `fid`, `job`, `address`, `city`, `country`, `phone`, `gid`, `mobile`, `nationalnumber`, `department`, `division`, `with_honor`) VALUES (165542, 2015, '1', '', '', '', '', '0453741179', '4', '01009280190', '', 'علوم البيئة', 'العلوم البيولوجية', '');
INSERT INTO `lk9v6_users` (`name`, `email`, `usertype`) VALUES ('محمد محمد عبدالمنعم محمد الحدينى', 'mohamed13s05212@alexu.edu.eg', 'الخريجين');
INSERT INTO `lk9v6_alumni_main` (`id`, `user_id`, `approved`) VALUES (165543, 165543, 1);
INSERT INTO `lk9v6_alumni_data` (`alumni_id`, `graduation_year`, `fid`, `job`, `address`, `city`, `country`, `phone`, `gid`, `mobile`, `nationalnumber`, `department`, `division`, `with_honor`) VALUES (165543, 2015, '1', '', '', '', '', '0453760430', '4', '01003512344', '', 'علوم البيئة', 'العلوم البيولوجية', '');
INSERT INTO `lk9v6_users` (`name`, `email`, `usertype`) VALUES ('ريهام احمد عبد الباسط السيد', 'reham13s06467@alexu.edu.eg', 'الخريجين');
INSERT INTO `lk9v6_alumni_main` (`id`, `user_id`, `approved`) VALUES (165544, 165544, 1);
INSERT INTO `lk9v6_alumni_data` (`alumni_id`, `graduation_year`, `fid`, `job`, `address`, `city`, `country`, `phone`, `gid`, `mobile`, `nationalnumber`, `department`, `division`, `with_honor`) VALUES (165544, 2015, '1', '', '', '', '', '034831759', '4', '01024060467', '', 'الفيزياء', 'العلوم الطبيعية', '');
INSERT INTO `lk9v6_users` (`name`, `email`, `usertype`) VALUES ('مارى صياد نسيم بشاره', 'mary13s04952@alexu.edu.eg', 'الخريجين');
INSERT INTO `lk9v6_alumni_main` (`id`, `user_id`, `approved`) VALUES (165545, 165545, 1);
INSERT INTO `lk9v6_alumni_data` (`alumni_id`, `graduation_year`, `fid`, `job`, `address`, `city`, `country`, `phone`, `gid`, `mobile`, `nationalnumber`, `department`, `division`, `with_honor`) VALUES (165545, 2015, '1', '', '', '', '', '4384695', '4', '01288876616', '', 'الميكروبيولوجى', 'العلوم البيولوجية', '');
INSERT INTO `lk9v6_users` (`name`, `email`, `usertype`) VALUES ('عبير جمال احمد سعد جادو', 'abeer13s05496@alexu.edu.eg', 'الخريجين');
INSERT INTO `lk9v6_alumni_main` (`id`, `user_id`, `approved`) VALUES (165546, 165546, 1);
INSERT INTO `lk9v6_alumni_data` (`alumni_id`, `graduation_year`, `fid`, `job`, `address`, `city`, `country`, `phone`, `gid`, `mobile`, `nationalnumber`, `department`, `division`, `with_honor`) VALUES (165546, 2015, '1', '', '', '', '', '0452201060', '4', '01062495463', '', 'علوم البيئة', 'العلوم البيولوجية', '');
INSERT INTO `lk9v6_users` (`name`, `email`, `usertype`) VALUES ('ساره جمال احمد محمد', 'sara13s05420@alexu.edu.eg', 'الخريجين');
INSERT INTO `lk9v6_alumni_main` (`id`, `user_id`, `approved`) VALUES (165547, 165547, 1);
INSERT INTO `lk9v6_alumni_data` (`alumni_id`, `graduation_year`, `fid`, `job`, `address`, `city`, `country`, `phone`, `gid`, `mobile`, `nationalnumber`, `department`, `division`, `with_honor`) VALUES (165547, 2015, '1', '', '', '', '', '032136555', '4', '01207275571', '', 'علوم البيئة', 'العلوم البيولوجية', '');
INSERT INTO `lk9v6_users` (`name`, `email`, `usertype`) VALUES ('مى عبد القادر السيد حسن مرسى', 'mai13s04351@alexu.edu.eg', 'الخريجين');
INSERT INTO `lk9v6_alumni_main` (`id`, `user_id`, `approved`) VALUES (165548, 165548, 1);
INSERT INTO `lk9v6_alumni_data` (`alumni_id`, `graduation_year`, `fid`, `job`, `address`, `city`, `country`, `phone`, `gid`, `mobile`, `nationalnumber`, `department`, `division`, `with_honor`) VALUES (165548, 2015, '1', '', '', '', '', '4809405', '4', '01006372373', '', 'الفيزياء', 'العلوم الطبيعية', '');
INSERT INTO `lk9v6_users` (`name`, `email`, `usertype`) VALUES ('مصطفى مجدى احمد على سعيد', 'mustafa13s04583@alexu.edu.eg', 'الخريجين');
INSERT INTO `lk9v6_alumni_main` (`id`, `user_id`, `approved`) VALUES (165549, 165549, 1);
INSERT INTO `lk9v6_alumni_data` (`alumni_id`, `graduation_year`, `fid`, `job`, `address`, `city`, `country`, `phone`, `gid`, `mobile`, `nationalnumber`, `department`, `division`, `with_honor`) VALUES (165549, 2015, '1', '', '', '', '', '034379876', '4', '01278027350', '', 'الفيزياء', 'العلوم الطبيعية', '');
INSERT INTO `lk9v6_users` (`name`, `email`, `usertype`) VALUES ('عبد الرحمن محمود عزت موسى', 'abdelrahman13s06879@alexu.edu.eg', 'الخريجين');
INSERT INTO `lk9v6_alumni_main` (`id`, `user_id`, `approved`) VALUES (165550, 165550, 1);
INSERT INTO `lk9v6_alumni_data` (`alumni_id`, `graduation_year`, `fid`, `job`, `address`, `city`, `country`, `phone`, `gid`, `mobile`, `nationalnumber`, `department`, `division`, `with_honor`) VALUES (165550, 2015, '1', '', '', '', '', '4263547', '4', '01148883578', '', 'علوم البيئة', 'العلوم البيولوجية', '');
INSERT INTO `lk9v6_users` (`name`, `email`, `usertype`) VALUES ('رانا جمعة فوزى جمعة محمد', 'rana13s05549@alexu.edu.eg', 'الخريجين');
INSERT INTO `lk9v6_alumni_main` (`id`, `user_id`, `approved`) VALUES (165551, 165551, 1);
INSERT INTO `lk9v6_alumni_data` (`alumni_id`, `graduation_year`, `fid`, `job`, `address`, `city`, `country`, `phone`, `gid`, `mobile`, `nationalnumber`, `department`, `division`, `with_honor`) VALUES (165551, 2015, '1', '', '', '', '', '4369694', '4', '01228152027', '', 'علوم البيئة', 'العلوم البيولوجية', '');
INSERT INTO `lk9v6_users` (`name`, `email`, `usertype`) VALUES ('ايه صلاح احمد عيد', 'aya13s05249@alexu.edu.eg', 'الخريجين');
INSERT INTO `lk9v6_alumni_main` (`id`, `user_id`, `approved`) VALUES (165552, 165552, 1);
INSERT INTO `lk9v6_alumni_data` (`alumni_id`, `graduation_year`, `fid`, `job`, `address`, `city`, `country`, `phone`, `gid`, `mobile`, `nationalnumber`, `department`, `division`, `with_honor`) VALUES (165552, 2015, '1', '', '', '', '', '4416804', '4', '01272030482', '', 'الكيمياء الحيوية', 'العلوم البيولوجية', '');
INSERT INTO `lk9v6_users` (`name`, `email`, `usertype`) VALUES ('امنيه عبدالفتاح احمد الشرقاوى', 'omnia13s05742@alexu.edu.eg', 'الخريجين');
INSERT INTO `lk9v6_alumni_main` (`id`, `user_id`, `approved`) VALUES (165553, 165553, 1);
INSERT INTO `lk9v6_alumni_data` (`alumni_id`, `graduation_year`, `fid`, `job`, `address`, `city`, `country`, `phone`, `gid`, `mobile`, `nationalnumber`, `department`, `division`, `with_honor`) VALUES (165553, 2015, '1', '', '', '', '', '0452508552', '4', '01096286980', '', 'الميكروبيولوجى', 'العلوم البيولوجية', '');
INSERT INTO `lk9v6_users` (`name`, `email`, `usertype`) VALUES ('منه الله متولى احمد  متولى محمد', 'menna13s05819@alexu.edu.eg', 'الخريجين');
INSERT INTO `lk9v6_alumni_main` (`id`, `user_id`, `approved`) VALUES (165554, 165554, 1);
INSERT INTO `lk9v6_alumni_data` (`alumni_id`, `graduation_year`, `fid`, `job`, `address`, `city`, `country`, `phone`, `gid`, `mobile`, `nationalnumber`, `department`, `division`, `with_honor`) VALUES (165554, 2015, '1', '', '', '', '', '035504240', '4', '01149998691', '', 'علوم البيئة', 'العلوم البيولوجية', '');
INSERT INTO `lk9v6_users` (`name`, `email`, `usertype`) VALUES ('هاجر سعيد خليفه على احمد', 'hager13s05602@alexu.edu.eg', 'الخريجين');
INSERT INTO `lk9v6_alumni_main` (`id`, `user_id`, `approved`) VALUES (165555, 165555, 1);
INSERT INTO `lk9v6_alumni_data` (`alumni_id`, `graduation_year`, `fid`, `job`, `address`, `city`, `country`, `phone`, `gid`, `mobile`, `nationalnumber`, `department`, `division`, `with_honor`) VALUES (165555, 2015, '1', '', '', '', '', '035056528', '4', '01201828570', '', 'علوم البيئة', 'العلوم البيولوجية', '');
INSERT INTO `lk9v6_users` (`name`, `email`, `usertype`) VALUES ('منه محمد صبحى عبد الفتاح حسن', 'menna13s05639@alexu.edu.eg', 'الخريجين');
INSERT INTO `lk9v6_alumni_main` (`id`, `user_id`, `approved`) VALUES (165556, 165556, 1);
INSERT INTO `lk9v6_alumni_data` (`alumni_id`, `graduation_year`, `fid`, `job`, `address`, `city`, `country`, `phone`, `gid`, `mobile`, `nationalnumber`, `department`, `division`, `with_honor`) VALUES (165556, 2015, '1', '', '', '', '', '035547231', '4', '01286183040', '', 'علوم البيئة', 'العلوم البيولوجية', '');
INSERT INTO `lk9v6_users` (`name`, `email`, `usertype`) VALUES ('ابراهيم عبده محمد مدنى حسان', 'ibrahim13s06404@alexu.edu.eg', 'الخريجين');
INSERT INTO `lk9v6_alumni_main` (`id`, `user_id`, `approved`) VALUES (165557, 165557, 1);
INSERT INTO `lk9v6_alumni_data` (`alumni_id`, `graduation_year`, `fid`, `job`, `address`, `city`, `country`, `phone`, `gid`, `mobile`, `nationalnumber`, `department`, `division`, `with_honor`) VALUES (165557, 2015, '1', '', '', '', '', '034439846', '4', '01221344645', '', 'الفيزياء', 'العلوم الطبيعية', '');
INSERT INTO `lk9v6_users` (`name`, `email`, `usertype`) VALUES ('فاتن محمد محمد احمد صومع', 'faten13s04970@alexu.edu.eg', 'الخريجين');
INSERT INTO `lk9v6_alumni_main` (`id`, `user_id`, `approved`) VALUES (165558, 165558, 1);
INSERT INTO `lk9v6_alumni_data` (`alumni_id`, `graduation_year`, `fid`, `job`, `address`, `city`, `country`, `phone`, `gid`, `mobile`, `nationalnumber`, `department`, `division`, `with_honor`) VALUES (165558, 2015, '1', '', '', '', '', '0000000', '4', '01149409147', '', 'علوم البيئة', 'العلوم البيولوجية', '');
INSERT INTO `lk9v6_users` (`name`, `email`, `usertype`) VALUES ('نورهان ابراهيم عبد العظيم احمد على', 'nourhan13s04320@alexu.edu.eg', 'الخريجين');
INSERT INTO `lk9v6_alumni_main` (`id`, `user_id`, `approved`) VALUES (165559, 165559, 1);
INSERT INTO `lk9v6_alumni_data` (`alumni_id`, `graduation_year`, `fid`, `job`, `address`, `city`, `country`, `phone`, `gid`, `mobile`, `nationalnumber`, `department`, `division`, `with_honor`) VALUES (165559, 2015, '1', '', '', '', '', '032208755', '4', '01125117694', '', 'الجيولوجيا', 'العلوم الجيولوجية', '');
INSERT INTO `lk9v6_users` (`name`, `email`, `usertype`) VALUES ('ياسمين سمير محمد صوار', 'yasmin13s05035@alexu.edu.eg', 'الخريجين');
INSERT INTO `lk9v6_alumni_main` (`id`, `user_id`, `approved`) VALUES (165560, 165560, 1);
INSERT INTO `lk9v6_alumni_data` (`alumni_id`, `graduation_year`, `fid`, `job`, `address`, `city`, `country`, `phone`, `gid`, `mobile`, `nationalnumber`, `department`, `division`, `with_honor`) VALUES (165560, 2015, '1', '', '', '', '', '0453688249', '4', '0192274462', '', 'علوم البيئة', 'العلوم البيولوجية', '');
INSERT INTO `lk9v6_users` (`name`, `email`, `usertype`) VALUES ('مارينا سمعان بشير غبريال', 'marina13s05495@alexu.edu.eg', 'الخريجين');
INSERT INTO `lk9v6_alumni_main` (`id`, `user_id`, `approved`) VALUES (165561, 165561, 1);
INSERT INTO `lk9v6_alumni_data` (`alumni_id`, `graduation_year`, `fid`, `job`, `address`, `city`, `country`, `phone`, `gid`, `mobile`, `nationalnumber`, `department`, `division`, `with_honor`) VALUES (165561, 2015, '1', '', '', '', '', '5323707', '4', '01221293226', '', 'الميكروبيولوجى', 'العلوم البيولوجية', '');
INSERT INTO `lk9v6_users` (`name`, `email`, `usertype`) VALUES ('ايتن مجدى حمزه محمود', 'ayten13s05821@alexu.edu.eg', 'الخريجين');
INSERT INTO `lk9v6_alumni_main` (`id`, `user_id`, `approved`) VALUES (165562, 165562, 1);
INSERT INTO `lk9v6_alumni_data` (`alumni_id`, `graduation_year`, `fid`, `job`, `address`, `city`, `country`, `phone`, `gid`, `mobile`, `nationalnumber`, `department`, `division`, `with_honor`) VALUES (165562, 2015, '1', '', '', '', '', '5493373', '4', '01227994636', '', 'علوم البيئة', 'العلوم البيولوجية', '');
INSERT INTO `lk9v6_users` (`name`, `email`, `usertype`) VALUES ('ايمان مصطفى عبد الحميد سعيد', 'eman13s05270@alexu.edu.eg', 'الخريجين');
INSERT INTO `lk9v6_alumni_main` (`id`, `user_id`, `approved`) VALUES (165563, 165563, 1);
INSERT INTO `lk9v6_alumni_data` (`alumni_id`, `graduation_year`, `fid`, `job`, `address`, `city`, `country`, `phone`, `gid`, `mobile`, `nationalnumber`, `department`, `division`, `with_honor`) VALUES (165563, 2015, '1', '', '', '', '', '034495906', '4', '01065157813', '', 'علوم البيئة', 'العلوم البيولوجية', '');
INSERT INTO `lk9v6_users` (`name`, `email`, `usertype`) VALUES ('عمرو عبدالجواد مصطفى عبدالجواد', 'amr13s05438@alexu.edu.eg', 'الخريجين');
INSERT INTO `lk9v6_alumni_main` (`id`, `user_id`, `approved`) VALUES (165564, 165564, 1);
INSERT INTO `lk9v6_alumni_data` (`alumni_id`, `graduation_year`, `fid`, `job`, `address`, `city`, `country`, `phone`, `gid`, `mobile`, `nationalnumber`, `department`, `division`, `with_honor`) VALUES (165564, 2015, '1', '', '', '', '', '034953842', '4', '0196226100', '', 'علوم البيئة', 'العلوم البيولوجية', '');
INSERT INTO `lk9v6_users` (`name`, `email`, `usertype`) VALUES ('ايمان محمد قاسم محمد السيد', 'eman13s05125@alexu.edu.eg', 'الخريجين');
INSERT INTO `lk9v6_alumni_main` (`id`, `user_id`, `approved`) VALUES (165565, 165565, 1);
INSERT INTO `lk9v6_alumni_data` (`alumni_id`, `graduation_year`, `fid`, `job`, `address`, `city`, `country`, `phone`, `gid`, `mobile`, `nationalnumber`, `department`, `division`, `with_honor`) VALUES (165565, 2015, '1', '', '', '', '', '032202535', '4', '01223535120', '', 'علوم البيئة', 'العلوم البيولوجية', '');
INSERT INTO `lk9v6_users` (`name`, `email`, `usertype`) VALUES ('شيماء مصطفى محمد مصطفى ', 'shaimaa13s06727@alexu.edu.eg', 'الخريجين');
INSERT INTO `lk9v6_alumni_main` (`id`, `user_id`, `approved`) VALUES (165566, 165566, 1);
INSERT INTO `lk9v6_alumni_data` (`alumni_id`, `graduation_year`, `fid`, `job`, `address`, `city`, `country`, `phone`, `gid`, `mobile`, `nationalnumber`, `department`, `division`, `with_honor`) VALUES (165566, 2015, '1', '', '', '', '', '3911805', '4', '01008803550', '', 'علوم البيئة', 'العلوم البيولوجية', '');
INSERT INTO `lk9v6_users` (`name`, `email`, `usertype`) VALUES ('سالى محى الدين احمد حسن سلام', 'saly13s04660@alexu.edu.eg', 'الخريجين');
INSERT INTO `lk9v6_alumni_main` (`id`, `user_id`, `approved`) VALUES (165567, 165567, 1);
INSERT INTO `lk9v6_alumni_data` (`alumni_id`, `graduation_year`, `fid`, `job`, `address`, `city`, `country`, `phone`, `gid`, `mobile`, `nationalnumber`, `department`, `division`, `with_honor`) VALUES (165567, 2015, '1', '', '', '', '', '034390886', '4', '01202823759', '', 'الجيولوجيا', 'العلوم الجيولوجية', '');
INSERT INTO `lk9v6_users` (`name`, `email`, `usertype`) VALUES ('اسراء خميس السيد احمد', 'esraa13s04361@alexu.edu.eg', 'الخريجين');
INSERT INTO `lk9v6_alumni_main` (`id`, `user_id`, `approved`) VALUES (165568, 165568, 1);
INSERT INTO `lk9v6_alumni_data` (`alumni_id`, `graduation_year`, `fid`, `job`, `address`, `city`, `country`, `phone`, `gid`, `mobile`, `nationalnumber`, `department`, `division`, `with_honor`) VALUES (165568, 2015, '1', '', '', '', '', '034425240', '4', '01014012444', '', 'الفيزياء', 'العلوم الطبيعية', '');
INSERT INTO `lk9v6_users` (`name`, `email`, `usertype`) VALUES ('يارا حمدى عبدالعليم عثمان', 'yara13s05332@alexu.edu.eg', 'الخريجين');
INSERT INTO `lk9v6_alumni_main` (`id`, `user_id`, `approved`) VALUES (165569, 165569, 1);
INSERT INTO `lk9v6_alumni_data` (`alumni_id`, `graduation_year`, `fid`, `job`, `address`, `city`, `country`, `phone`, `gid`, `mobile`, `nationalnumber`, `department`, `division`, `with_honor`) VALUES (165569, 2015, '1', '', '', '', '', '0472710172', '4', '0192233128', '', 'علوم البيئة', 'العلوم البيولوجية', '');
INSERT INTO `lk9v6_users` (`name`, `email`, `usertype`) VALUES ('محمد احمد مصطفى درويش', 'mohamed13s04283@alexu.edu.eg', 'الخريجين');
INSERT INTO `lk9v6_alumni_main` (`id`, `user_id`, `approved`) VALUES (165570, 165570, 1);
INSERT INTO `lk9v6_alumni_data` (`alumni_id`, `graduation_year`, `fid`, `job`, `address`, `city`, `country`, `phone`, `gid`, `mobile`, `nationalnumber`, `department`, `division`, `with_honor`) VALUES (165570, 2015, '1', '', '', '', '', '034275095', '4', '01225472804', '', 'الفيزياء', 'العلوم الطبيعية', '');
INSERT INTO `lk9v6_users` (`name`, `email`, `usertype`) VALUES ('ايمان فرج محمد عوض', 'eman13s06284@alexu.edu.eg', 'الخريجين');
INSERT INTO `lk9v6_alumni_main` (`id`, `user_id`, `approved`) VALUES (165571, 165571, 1);
INSERT INTO `lk9v6_alumni_data` (`alumni_id`, `graduation_year`, `fid`, `job`, `address`, `city`, `country`, `phone`, `gid`, `mobile`, `nationalnumber`, `department`, `division`, `with_honor`) VALUES (165571, 2015, '1', '', '', '', '', '034357019', '4', '0195717006', '', 'الفيزياء', 'العلوم الطبيعية', '');
INSERT INTO `lk9v6_users` (`name`, `email`, `usertype`) VALUES ('صابرين خميس محمد يوسف', 'sabrin13s04965@alexu.edu.eg', 'الخريجين');
INSERT INTO `lk9v6_alumni_main` (`id`, `user_id`, `approved`) VALUES (165572, 165572, 1);
INSERT INTO `lk9v6_alumni_data` (`alumni_id`, `graduation_year`, `fid`, `job`, `address`, `city`, `country`, `phone`, `gid`, `mobile`, `nationalnumber`, `department`, `division`, `with_honor`) VALUES (165572, 2015, '1', '', '', '', '', '0472950550', '4', '01001901534', '', 'علوم البيئة', 'العلوم البيولوجية', '');
INSERT INTO `lk9v6_users` (`name`, `email`, `usertype`) VALUES ('ايه محمد احمد عبدالله', 'aya13s04528@alexu.edu.eg', 'الخريجين');
INSERT INTO `lk9v6_alumni_main` (`id`, `user_id`, `approved`) VALUES (165573, 165573, 1);
INSERT INTO `lk9v6_alumni_data` (`alumni_id`, `graduation_year`, `fid`, `job`, `address`, `city`, `country`, `phone`, `gid`, `mobile`, `nationalnumber`, `department`, `division`, `with_honor`) VALUES (165573, 2015, '1', '', '', '', '', '033622105', '4', '01229020620', '', 'الفيزياء', 'العلوم الطبيعية', '');
INSERT INTO `lk9v6_users` (`name`, `email`, `usertype`) VALUES ('ايه محمد محمود اسماعيل', 'aya13s05673@alexu.edu.eg', 'الخريجين');
INSERT INTO `lk9v6_alumni_main` (`id`, `user_id`, `approved`) VALUES (165574, 165574, 1);
INSERT INTO `lk9v6_alumni_data` (`alumni_id`, `graduation_year`, `fid`, `job`, `address`, `city`, `country`, `phone`, `gid`, `mobile`, `nationalnumber`, `department`, `division`, `with_honor`) VALUES (165574, 2015, '1', '', '', '', '', '5007541', '4', '01228251914', '', 'علوم البيئة', 'العلوم البيولوجية', '');
INSERT INTO `lk9v6_users` (`name`, `email`, `usertype`) VALUES ('هدير محمود امين بدرى', 'hadeer13s04502@alexu.edu.eg', 'الخريجين');
INSERT INTO `lk9v6_alumni_main` (`id`, `user_id`, `approved`) VALUES (165575, 165575, 1);
INSERT INTO `lk9v6_alumni_data` (`alumni_id`, `graduation_year`, `fid`, `job`, `address`, `city`, `country`, `phone`, `gid`, `mobile`, `nationalnumber`, `department`, `division`, `with_honor`) VALUES (165575, 2015, '1', '', '', '', '', '033816108', '4', '01279113013', '', 'الفيزياء', 'العلوم الطبيعية', '');
INSERT INTO `lk9v6_users` (`name`, `email`, `usertype`) VALUES ('اميره محمد ابراهيم فريك', 'amira13s05063@alexu.edu.eg', 'الخريجين');
INSERT INTO `lk9v6_alumni_main` (`id`, `user_id`, `approved`) VALUES (165576, 165576, 1);
INSERT INTO `lk9v6_alumni_data` (`alumni_id`, `graduation_year`, `fid`, `job`, `address`, `city`, `country`, `phone`, `gid`, `mobile`, `nationalnumber`, `department`, `division`, `with_honor`) VALUES (165576, 2015, '1', '', '', '', '', '0453473967', '4', '01019342746', '', 'علوم البيئة', 'العلوم البيولوجية', '');
INSERT INTO `lk9v6_users` (`name`, `email`, `usertype`) VALUES ('هبه الله على السيد على جمعه', 'heba13s05140@alexu.edu.eg', 'الخريجين');
INSERT INTO `lk9v6_alumni_main` (`id`, `user_id`, `approved`) VALUES (165577, 165577, 1);
INSERT INTO `lk9v6_alumni_data` (`alumni_id`, `graduation_year`, `fid`, `job`, `address`, `city`, `country`, `phone`, `gid`, `mobile`, `nationalnumber`, `department`, `division`, `with_honor`) VALUES (165577, 2015, '1', '', '', '', '', '3021592', '4', '01152511830', '', 'علوم البيئة', 'العلوم البيولوجية', '');
INSERT INTO `lk9v6_users` (`name`, `email`, `usertype`) VALUES ('سميره مهدى على ابراهيم النجار', 'samira13s05388@alexu.edu.eg', 'الخريجين');
INSERT INTO `lk9v6_alumni_main` (`id`, `user_id`, `approved`) VALUES (165578, 165578, 1);
INSERT INTO `lk9v6_alumni_data` (`alumni_id`, `graduation_year`, `fid`, `job`, `address`, `city`, `country`, `phone`, `gid`, `mobile`, `nationalnumber`, `department`, `division`, `with_honor`) VALUES (165578, 2015, '1', '', '', '', '', '0472610286', '4', '01206296131', '', 'علوم البيئة', 'العلوم البيولوجية', '');
INSERT INTO `lk9v6_users` (`name`, `email`, `usertype`) VALUES ('سالمه شعبان احمد ابراهيم', 'salema13s04392@alexu.edu.eg', 'الخريجين');
INSERT INTO `lk9v6_alumni_main` (`id`, `user_id`, `approved`) VALUES (165579, 165579, 1);
INSERT INTO `lk9v6_alumni_data` (`alumni_id`, `graduation_year`, `fid`, `job`, `address`, `city`, `country`, `phone`, `gid`, `mobile`, `nationalnumber`, `department`, `division`, `with_honor`) VALUES (165579, 2015, '1', '', '', '', '', '036526161', '4', '01276292350', '', 'الفيزياء', 'العلوم الطبيعية', '');
INSERT INTO `lk9v6_users` (`name`, `email`, `usertype`) VALUES ('ولاء على مصطفى السيد', 'walaa13s04723@alexu.edu.eg', 'الخريجين');
INSERT INTO `lk9v6_alumni_main` (`id`, `user_id`, `approved`) VALUES (165580, 165580, 1);
INSERT INTO `lk9v6_alumni_data` (`alumni_id`, `graduation_year`, `fid`, `job`, `address`, `city`, `country`, `phone`, `gid`, `mobile`, `nationalnumber`, `department`, `division`, `with_honor`) VALUES (165580, 2015, '1', '', '', '', '', '035031229', '4', '0184523818', '', 'الفيزياء', 'العلوم الطبيعية', '');
INSERT INTO `lk9v6_users` (`name`, `email`, `usertype`) VALUES ('هدير محمد مصطفى عبدالحميد محمد', 'hadeer13s04620@alexu.edu.eg', 'الخريجين');
INSERT INTO `lk9v6_alumni_main` (`id`, `user_id`, `approved`) VALUES (165581, 165581, 1);
INSERT INTO `lk9v6_alumni_data` (`alumni_id`, `graduation_year`, `fid`, `job`, `address`, `city`, `country`, `phone`, `gid`, `mobile`, `nationalnumber`, `department`, `division`, `with_honor`) VALUES (165581, 2015, '1', '', '', '', '', '5264757', '4', '0180024954', '', 'الفيزياء', 'العلوم الطبيعية', '');
INSERT INTO `lk9v6_users` (`name`, `email`, `usertype`) VALUES ('احسان عبد المعطى محمود السيد الخنكاوى', 'ehsan13s04314@alexu.edu.eg', 'الخريجين');
INSERT INTO `lk9v6_alumni_main` (`id`, `user_id`, `approved`) VALUES (165582, 165582, 1);
INSERT INTO `lk9v6_alumni_data` (`alumni_id`, `graduation_year`, `fid`, `job`, `address`, `city`, `country`, `phone`, `gid`, `mobile`, `nationalnumber`, `department`, `division`, `with_honor`) VALUES (165582, 2015, '1', '', '', '', '', '3231426', '4', '01014611576', '', 'الفيزياء', 'العلوم الطبيعية', '');
INSERT INTO `lk9v6_users` (`name`, `email`, `usertype`) VALUES ('ايه عماد يوسف محمود يوسف', 'aya13s04881@alexu.edu.eg', 'الخريجين');
INSERT INTO `lk9v6_alumni_main` (`id`, `user_id`, `approved`) VALUES (165583, 165583, 1);
INSERT INTO `lk9v6_alumni_data` (`alumni_id`, `graduation_year`, `fid`, `job`, `address`, `city`, `country`, `phone`, `gid`, `mobile`, `nationalnumber`, `department`, `division`, `with_honor`) VALUES (165583, 2015, '1', '', '', '', '', '5617054', '4', '01223855126', '', 'علوم البيئة', 'العلوم البيولوجية', '');
INSERT INTO `lk9v6_users` (`name`, `email`, `usertype`) VALUES ('بسمه حمدى على راغب السنهورى', '', 'الخريجين');
INSERT INTO `lk9v6_alumni_main` (`id`, `user_id`, `approved`) VALUES (165584, 165584, 1);
INSERT INTO `lk9v6_alumni_data` (`alumni_id`, `graduation_year`, `fid`, `job`, `address`, `city`, `country`, `phone`, `gid`, `mobile`, `nationalnumber`, `department`, `division`, `with_honor`) VALUES (165584, 2015, '1', '', '', '', '', '0452232859', '4', '01284436265', '', 'الفيزياء', 'العلوم الطبيعية', '');
INSERT INTO `lk9v6_users` (`name`, `email`, `usertype`) VALUES ('ابراهيم حمدى ابراهيم محمد عيسى', 'ibrahim13s06581@alexu.edu.eg', 'الخريجين');
INSERT INTO `lk9v6_alumni_main` (`id`, `user_id`, `approved`) VALUES (165585, 165585, 1);
INSERT INTO `lk9v6_alumni_data` (`alumni_id`, `graduation_year`, `fid`, `job`, `address`, `city`, `country`, `phone`, `gid`, `mobile`, `nationalnumber`, `department`, `division`, `with_honor`) VALUES (165585, 2015, '1', '', '', '', '', '035340517', '4', '01289937639', '', 'الجيولوجيا', 'العلوم الجيولوجية', '');
INSERT INTO `lk9v6_users` (`name`, `email`, `usertype`) VALUES ('سارة عبد الباسط كامل عبد الغنى', 'sara13s06203@alexu.edu.eg', 'الخريجين');
INSERT INTO `lk9v6_alumni_main` (`id`, `user_id`, `approved`) VALUES (165586, 165586, 1);
INSERT INTO `lk9v6_alumni_data` (`alumni_id`, `graduation_year`, `fid`, `job`, `address`, `city`, `country`, `phone`, `gid`, `mobile`, `nationalnumber`, `department`, `division`, `with_honor`) VALUES (165586, 2015, '1', '', '', '', '', '0453542022', '4', '0188299141', '', 'علوم البيئة', 'العلوم البيولوجية', '');
INSERT INTO `lk9v6_users` (`name`, `email`, `usertype`) VALUES ('ايمان رضا على محمود الرشيدى', 'eman13s05216@alexu.edu.eg', 'الخريجين');
INSERT INTO `lk9v6_alumni_main` (`id`, `user_id`, `approved`) VALUES (165587, 165587, 1);
INSERT INTO `lk9v6_alumni_data` (`alumni_id`, `graduation_year`, `fid`, `job`, `address`, `city`, `country`, `phone`, `gid`, `mobile`, `nationalnumber`, `department`, `division`, `with_honor`) VALUES (165587, 2015, '1', '', '', '', '', '0452990390', '4', '01117494115', '', 'الميكروبيولوجى', 'العلوم البيولوجية', '');
INSERT INTO `lk9v6_users` (`name`, `email`, `usertype`) VALUES ('فايزه هشام عبدالمجيد محمد', 'fayza13s05807@alexu.edu.eg', 'الخريجين');
INSERT INTO `lk9v6_alumni_main` (`id`, `user_id`, `approved`) VALUES (165588, 165588, 1);
INSERT INTO `lk9v6_alumni_data` (`alumni_id`, `graduation_year`, `fid`, `job`, `address`, `city`, `country`, `phone`, `gid`, `mobile`, `nationalnumber`, `department`, `division`, `with_honor`) VALUES (165588, 2015, '1', '', '', '', '', '0453560724', '4', '01140627949', '', 'علوم البيئة', 'العلوم البيولوجية', '');
INSERT INTO `lk9v6_users` (`name`, `email`, `usertype`) VALUES ('كرستينا عدلى سعيد عبدالسيد واصف', 'keristina13s04454@alexu.edu.eg', 'الخريجين');
INSERT INTO `lk9v6_alumni_main` (`id`, `user_id`, `approved`) VALUES (165589, 165589, 1);
INSERT INTO `lk9v6_alumni_data` (`alumni_id`, `graduation_year`, `fid`, `job`, `address`, `city`, `country`, `phone`, `gid`, `mobile`, `nationalnumber`, `department`, `division`, `with_honor`) VALUES (165589, 2015, '1', '', '', '', '', '035059951', '4', '01276322390', '', 'الفيزياء', 'العلوم الطبيعية', '');
INSERT INTO `lk9v6_users` (`name`, `email`, `usertype`) VALUES ('مصطفى خليل عبد اللطيف نوار', 'mustafa13s05045@alexu.edu.eg', 'الخريجين');
INSERT INTO `lk9v6_alumni_main` (`id`, `user_id`, `approved`) VALUES (165590, 165590, 1);
INSERT INTO `lk9v6_alumni_data` (`alumni_id`, `graduation_year`, `fid`, `job`, `address`, `city`, `country`, `phone`, `gid`, `mobile`, `nationalnumber`, `department`, `division`, `with_honor`) VALUES (165590, 2015, '1', '', '', '', '', '0453350636', '4', '01204432906', '', 'الميكروبيولوجى', 'العلوم البيولوجية', '');
INSERT INTO `lk9v6_users` (`name`, `email`, `usertype`) VALUES ('اسراء فيصل السيد عجمى اسماعيل السعدنى', 'esraa13s06156@alexu.edu.eg', 'الخريجين');
INSERT INTO `lk9v6_alumni_main` (`id`, `user_id`, `approved`) VALUES (165591, 165591, 1);
INSERT INTO `lk9v6_alumni_data` (`alumni_id`, `graduation_year`, `fid`, `job`, `address`, `city`, `country`, `phone`, `gid`, `mobile`, `nationalnumber`, `department`, `division`, `with_honor`) VALUES (165591, 2015, '1', '', '', '', '', '035903535', '4', '01117781004', '', 'الميكروبيولوجى', 'العلوم البيولوجية', '');
INSERT INTO `lk9v6_users` (`name`, `email`, `usertype`) VALUES ('ايمان ناصر محمد حسن جمعه', 'eman13s04898@alexu.edu.eg', 'الخريجين');
INSERT INTO `lk9v6_alumni_main` (`id`, `user_id`, `approved`) VALUES (165592, 165592, 1);
INSERT INTO `lk9v6_alumni_data` (`alumni_id`, `graduation_year`, `fid`, `job`, `address`, `city`, `country`, `phone`, `gid`, `mobile`, `nationalnumber`, `department`, `division`, `with_honor`) VALUES (165592, 2015, '1', '', '', '', '', '0103614051', '4', '01069350020', '', 'الكيمياء الحيوية', 'العلوم البيولوجية', '');
INSERT INTO `lk9v6_users` (`name`, `email`, `usertype`) VALUES ('كريم ممدوح محمد امين رياض', 'karim13s06507@alexu.edu.eg', 'الخريجين');
INSERT INTO `lk9v6_alumni_main` (`id`, `user_id`, `approved`) VALUES (165593, 165593, 1);
INSERT INTO `lk9v6_alumni_data` (`alumni_id`, `graduation_year`, `fid`, `job`, `address`, `city`, `country`, `phone`, `gid`, `mobile`, `nationalnumber`, `department`, `division`, `with_honor`) VALUES (165593, 2015, '1', '', '', '', '', '4351231', '4', '01223429159', '', 'الفيزياء', 'العلوم الطبيعية', '');
INSERT INTO `lk9v6_users` (`name`, `email`, `usertype`) VALUES ('شيماء خالد سيف على سيف', 'shaimaa13s05031@alexu.edu.eg', 'الخريجين');
INSERT INTO `lk9v6_alumni_main` (`id`, `user_id`, `approved`) VALUES (165594, 165594, 1);
INSERT INTO `lk9v6_alumni_data` (`alumni_id`, `graduation_year`, `fid`, `job`, `address`, `city`, `country`, `phone`, `gid`, `mobile`, `nationalnumber`, `department`, `division`, `with_honor`) VALUES (165594, 2015, '1', '', '', '', '', '0472543471', '4', '01010943188', '', 'علوم البيئة', 'العلوم البيولوجية', '');
INSERT INTO `lk9v6_users` (`name`, `email`, `usertype`) VALUES ('اسماء على معوض السعداوى', 'asmaa13s06869@alexu.edu.eg', 'الخريجين');
INSERT INTO `lk9v6_alumni_main` (`id`, `user_id`, `approved`) VALUES (165595, 165595, 1);
INSERT INTO `lk9v6_alumni_data` (`alumni_id`, `graduation_year`, `fid`, `job`, `address`, `city`, `country`, `phone`, `gid`, `mobile`, `nationalnumber`, `department`, `division`, `with_honor`) VALUES (165595, 2015, '1', '', '', '', '', '0472985148', '4', '01110155147', '', 'علوم البيئة', 'العلوم البيولوجية', '');
INSERT INTO `lk9v6_users` (`name`, `email`, `usertype`) VALUES ('ابتهال محمود محمد مبروك', 'ibtihal13s05114@alexu.edu.eg', 'الخريجين');
INSERT INTO `lk9v6_alumni_main` (`id`, `user_id`, `approved`) VALUES (165596, 165596, 1);
INSERT INTO `lk9v6_alumni_data` (`alumni_id`, `graduation_year`, `fid`, `job`, `address`, `city`, `country`, `phone`, `gid`, `mobile`, `nationalnumber`, `department`, `division`, `with_honor`) VALUES (165596, 2015, '1', '', '', '', '', '033257914', '4', '0181921081', '', 'علوم البيئة', 'العلوم البيولوجية', '');
INSERT INTO `lk9v6_users` (`name`, `email`, `usertype`) VALUES ('ضحى ابراهيم محمد توفيق داود', 'doha13s05833@alexu.edu.eg', 'الخريجين');
INSERT INTO `lk9v6_alumni_main` (`id`, `user_id`, `approved`) VALUES (165597, 165597, 1);
INSERT INTO `lk9v6_alumni_data` (`alumni_id`, `graduation_year`, `fid`, `job`, `address`, `city`, `country`, `phone`, `gid`, `mobile`, `nationalnumber`, `department`, `division`, `with_honor`) VALUES (165597, 2015, '1', '', '', '', '', '9606896', '4', '01272291266', '', 'الميكروبيولوجى', 'العلوم البيولوجية', '');
INSERT INTO `lk9v6_users` (`name`, `email`, `usertype`) VALUES ('شيماء على عبد الحليم على', 'shaimaa13s06306@alexu.edu.eg', 'الخريجين');
INSERT INTO `lk9v6_alumni_main` (`id`, `user_id`, `approved`) VALUES (165598, 165598, 1);
INSERT INTO `lk9v6_alumni_data` (`alumni_id`, `graduation_year`, `fid`, `job`, `address`, `city`, `country`, `phone`, `gid`, `mobile`, `nationalnumber`, `department`, `division`, `with_honor`) VALUES (165598, 2015, '1', '', '', '', '', '4953326', '4', '01065870966', '', 'الفيزياء', 'العلوم الطبيعية', '');
INSERT INTO `lk9v6_users` (`name`, `email`, `usertype`) VALUES ('هبة احمد عبدالمنعم بشارة', 'heba13s05748@alexu.edu.eg', 'الخريجين');
INSERT INTO `lk9v6_alumni_main` (`id`, `user_id`, `approved`) VALUES (165599, 165599, 1);
INSERT INTO `lk9v6_alumni_data` (`alumni_id`, `graduation_year`, `fid`, `job`, `address`, `city`, `country`, `phone`, `gid`, `mobile`, `nationalnumber`, `department`, `division`, `with_honor`) VALUES (165599, 2015, '1', '', '', '', '', '0453326760', '4', '0169842255', '', 'الكيمياء الحيوية', 'العلوم البيولوجية', '');
INSERT INTO `lk9v6_users` (`name`, `email`, `usertype`) VALUES ('اسماء رجب السيد عبد المعطى مطاوع', 'asmaa13s04900@alexu.edu.eg', 'الخريجين');
INSERT INTO `lk9v6_alumni_main` (`id`, `user_id`, `approved`) VALUES (165600, 165600, 1);
INSERT INTO `lk9v6_alumni_data` (`alumni_id`, `graduation_year`, `fid`, `job`, `address`, `city`, `country`, `phone`, `gid`, `mobile`, `nationalnumber`, `department`, `division`, `with_honor`) VALUES (165600, 2015, '1', '', '', '', '', '4486272', '4', '01222772406', '', 'علوم البيئة', 'العلوم البيولوجية', '');
INSERT INTO `lk9v6_users` (`name`, `email`, `usertype`) VALUES ('امنيه سعيد على مرسى سليم', 'omnia13s04594@alexu.edu.eg', 'الخريجين');
INSERT INTO `lk9v6_alumni_main` (`id`, `user_id`, `approved`) VALUES (165601, 165601, 1);
INSERT INTO `lk9v6_alumni_data` (`alumni_id`, `graduation_year`, `fid`, `job`, `address`, `city`, `country`, `phone`, `gid`, `mobile`, `nationalnumber`, `department`, `division`, `with_honor`) VALUES (165601, 2015, '1', '', '', '', '', '5617947', '4', '0185227544', '', 'الفيزياء', 'العلوم الطبيعية', '');
INSERT INTO `lk9v6_users` (`name`, `email`, `usertype`) VALUES ('على السيد احمد عبدالعزيز', 'ali13s05219@alexu.edu.eg', 'الخريجين');
INSERT INTO `lk9v6_alumni_main` (`id`, `user_id`, `approved`) VALUES (165602, 165602, 1);
INSERT INTO `lk9v6_alumni_data` (`alumni_id`, `graduation_year`, `fid`, `job`, `address`, `city`, `country`, `phone`, `gid`, `mobile`, `nationalnumber`, `department`, `division`, `with_honor`) VALUES (165602, 2015, '1', '', '', '', '', '3225429', '4', '01203262129', '', 'علوم البيئة', 'العلوم البيولوجية', '');
INSERT INTO `lk9v6_users` (`name`, `email`, `usertype`) VALUES ('عتاب رجب شعبان على', 'etab13s05327@alexu.edu.eg', 'الخريجين');
INSERT INTO `lk9v6_alumni_main` (`id`, `user_id`, `approved`) VALUES (165603, 165603, 1);
INSERT INTO `lk9v6_alumni_data` (`alumni_id`, `graduation_year`, `fid`, `job`, `address`, `city`, `country`, `phone`, `gid`, `mobile`, `nationalnumber`, `department`, `division`, `with_honor`) VALUES (165603, 2015, '1', '', '', '', '', '0453270740', '4', '01001998326', '', 'الكيمياء الحيوية', 'العلوم البيولوجية', '');
INSERT INTO `lk9v6_users` (`name`, `email`, `usertype`) VALUES ('مروه محمد على كليب عيسى', 'marwa13s04981@alexu.edu.eg', 'الخريجين');
INSERT INTO `lk9v6_alumni_main` (`id`, `user_id`, `approved`) VALUES (165604, 165604, 1);
INSERT INTO `lk9v6_alumni_data` (`alumni_id`, `graduation_year`, `fid`, `job`, `address`, `city`, `country`, `phone`, `gid`, `mobile`, `nationalnumber`, `department`, `division`, `with_honor`) VALUES (165604, 2015, '1', '', '', '', '', '4367970', '4', '0184744152', '', 'علوم البيئة', 'العلوم البيولوجية', '');
INSERT INTO `lk9v6_users` (`name`, `email`, `usertype`) VALUES ('مروه ناصر عمر احمد الصواف', 'marwa13s06854@alexu.edu.eg', 'الخريجين');
INSERT INTO `lk9v6_alumni_main` (`id`, `user_id`, `approved`) VALUES (165605, 165605, 1);
INSERT INTO `lk9v6_alumni_data` (`alumni_id`, `graduation_year`, `fid`, `job`, `address`, `city`, `country`, `phone`, `gid`, `mobile`, `nationalnumber`, `department`, `division`, `with_honor`) VALUES (165605, 2015, '1', '', '', '', '', '3010303', '4', '01120620541', '', 'الفيزياء', 'العلوم الطبيعية', '');
INSERT INTO `lk9v6_users` (`name`, `email`, `usertype`) VALUES ('هند عنايت عبدالحميد محمود', 'hend13s04871@alexu.edu.eg', 'الخريجين');
INSERT INTO `lk9v6_alumni_main` (`id`, `user_id`, `approved`) VALUES (165606, 165606, 1);
INSERT INTO `lk9v6_alumni_data` (`alumni_id`, `graduation_year`, `fid`, `job`, `address`, `city`, `country`, `phone`, `gid`, `mobile`, `nationalnumber`, `department`, `division`, `with_honor`) VALUES (165606, 2015, '1', '', '', '', '', '035342075', '4', '01001478207', '', 'علوم البيئة', 'العلوم البيولوجية', '');
INSERT INTO `lk9v6_users` (`name`, `email`, `usertype`) VALUES ('امنيه محمد شعبان على', 'omnia13s05676@alexu.edu.eg', 'الخريجين');
INSERT INTO `lk9v6_alumni_main` (`id`, `user_id`, `approved`) VALUES (165607, 165607, 1);
INSERT INTO `lk9v6_alumni_data` (`alumni_id`, `graduation_year`, `fid`, `job`, `address`, `city`, `country`, `phone`, `gid`, `mobile`, `nationalnumber`, `department`, `division`, `with_honor`) VALUES (165607, 2015, '1', '', '', '', '', '4976079', '4', '01013163093', '', 'علوم البيئة', 'العلوم البيولوجية', '');
INSERT INTO `lk9v6_users` (`name`, `email`, `usertype`) VALUES ('ريتام سامى ابراهيم يوسف منصور', 'ritam13s04853@alexu.edu.eg', 'الخريجين');
INSERT INTO `lk9v6_alumni_main` (`id`, `user_id`, `approved`) VALUES (165608, 165608, 1);
INSERT INTO `lk9v6_alumni_data` (`alumni_id`, `graduation_year`, `fid`, `job`, `address`, `city`, `country`, `phone`, `gid`, `mobile`, `nationalnumber`, `department`, `division`, `with_honor`) VALUES (165608, 2015, '1', '', '', '', '', '5911649', '4', '01114962199', '', 'علوم البيئة', 'العلوم البيولوجية', '');
INSERT INTO `lk9v6_users` (`name`, `email`, `usertype`) VALUES ('حسناء عبد المحسن يحيى احمد القبيه', 'hasnaa13s05447@alexu.edu.eg', 'الخريجين');
INSERT INTO `lk9v6_alumni_main` (`id`, `user_id`, `approved`) VALUES (165609, 165609, 1);
INSERT INTO `lk9v6_alumni_data` (`alumni_id`, `graduation_year`, `fid`, `job`, `address`, `city`, `country`, `phone`, `gid`, `mobile`, `nationalnumber`, `department`, `division`, `with_honor`) VALUES (165609, 2015, '1', '', '', '', '', '035354795', '4', '01145414833', '', 'علوم البيئة', 'العلوم البيولوجية', '');
INSERT INTO `lk9v6_users` (`name`, `email`, `usertype`) VALUES ('محمد هشام حسن ابراهيم', 'mohamed13s06584@alexu.edu.eg', 'الخريجين');
INSERT INTO `lk9v6_alumni_main` (`id`, `user_id`, `approved`) VALUES (165610, 165610, 1);
INSERT INTO `lk9v6_alumni_data` (`alumni_id`, `graduation_year`, `fid`, `job`, `address`, `city`, `country`, `phone`, `gid`, `mobile`, `nationalnumber`, `department`, `division`, `with_honor`) VALUES (165610, 2015, '1', '', '', '', '', '034344002', '4', '0127561406', '', 'الفيزياء', 'العلوم الطبيعية', '');
INSERT INTO `lk9v6_users` (`name`, `email`, `usertype`) VALUES ('رانيا محمد عبده احمد عبد الرسول', 'rania13s06525@alexu.edu.eg', 'الخريجين');
INSERT INTO `lk9v6_alumni_main` (`id`, `user_id`, `approved`) VALUES (165611, 165611, 1);
INSERT INTO `lk9v6_alumni_data` (`alumni_id`, `graduation_year`, `fid`, `job`, `address`, `city`, `country`, `phone`, `gid`, `mobile`, `nationalnumber`, `department`, `division`, `with_honor`) VALUES (165611, 2015, '1', '', '', '', '', '033593527', '4', '0170907582', '', 'الفيزياء', 'العلوم الطبيعية', '');
INSERT INTO `lk9v6_users` (`name`, `email`, `usertype`) VALUES ('مروه بسيونى على عبد السيد محمد', 'marwa13s04918@alexu.edu.eg', 'الخريجين');
INSERT INTO `lk9v6_alumni_main` (`id`, `user_id`, `approved`) VALUES (165612, 165612, 1);
INSERT INTO `lk9v6_alumni_data` (`alumni_id`, `graduation_year`, `fid`, `job`, `address`, `city`, `country`, `phone`, `gid`, `mobile`, `nationalnumber`, `department`, `division`, `with_honor`) VALUES (165612, 2015, '1', '', '', '', '', '0472765669', '4', '01094503470', '', 'علوم البيئة', 'العلوم البيولوجية', '');
INSERT INTO `lk9v6_users` (`name`, `email`, `usertype`) VALUES ('نهى مصطفى عبد الفتاح بلال', 'noha13s05419@alexu.edu.eg', 'الخريجين');
INSERT INTO `lk9v6_alumni_main` (`id`, `user_id`, `approved`) VALUES (165613, 165613, 1);
INSERT INTO `lk9v6_alumni_data` (`alumni_id`, `graduation_year`, `fid`, `job`, `address`, `city`, `country`, `phone`, `gid`, `mobile`, `nationalnumber`, `department`, `division`, `with_honor`) VALUES (165613, 2015, '1', '', '', '', '', '035522376', '4', '01150491104', '', 'علوم البيئة', 'العلوم البيولوجية', '');
INSERT INTO `lk9v6_users` (`name`, `email`, `usertype`) VALUES ('محمد صبحى ابراهيم عبدالحميد درويش', 'mohamed13s04899@alexu.edu.eg', 'الخريجين');
INSERT INTO `lk9v6_alumni_main` (`id`, `user_id`, `approved`) VALUES (165614, 165614, 1);
INSERT INTO `lk9v6_alumni_data` (`alumni_id`, `graduation_year`, `fid`, `job`, `address`, `city`, `country`, `phone`, `gid`, `mobile`, `nationalnumber`, `department`, `division`, `with_honor`) VALUES (165614, 2015, '1', '', '', '', '', '0452233519', '4', '01224309079', '', 'علوم البيئة', 'العلوم البيولوجية', '');
INSERT INTO `lk9v6_users` (`name`, `email`, `usertype`) VALUES ('شيماء مصطفى على فتحى الفقى', 'shaimaa13s06058@alexu.edu.eg', 'الخريجين');
INSERT INTO `lk9v6_alumni_main` (`id`, `user_id`, `approved`) VALUES (165615, 165615, 1);
INSERT INTO `lk9v6_alumni_data` (`alumni_id`, `graduation_year`, `fid`, `job`, `address`, `city`, `country`, `phone`, `gid`, `mobile`, `nationalnumber`, `department`, `division`, `with_honor`) VALUES (165615, 2015, '1', '', '', '', '', '035373709', '4', '0162276648', '', 'الفيزياء', 'العلوم الطبيعية', '');
INSERT INTO `lk9v6_users` (`name`, `email`, `usertype`) VALUES ('مى نبيل ابراهيم فتيحه غريب', 'mai13s04306@alexu.edu.eg', 'الخريجين');
INSERT INTO `lk9v6_alumni_main` (`id`, `user_id`, `approved`) VALUES (165616, 165616, 1);
INSERT INTO `lk9v6_alumni_data` (`alumni_id`, `graduation_year`, `fid`, `job`, `address`, `city`, `country`, `phone`, `gid`, `mobile`, `nationalnumber`, `department`, `division`, `with_honor`) VALUES (165616, 2015, '1', '', '', '', '', '033598004', '4', '01112428027', '', 'الفيزياء', 'العلوم الطبيعية', '');
INSERT INTO `lk9v6_users` (`name`, `email`, `usertype`) VALUES ('هدير خالد بكر محمد الحاج', 'hadeer13s06703@alexu.edu.eg', 'الخريجين');
INSERT INTO `lk9v6_alumni_main` (`id`, `user_id`, `approved`) VALUES (165617, 165617, 1);
INSERT INTO `lk9v6_alumni_data` (`alumni_id`, `graduation_year`, `fid`, `job`, `address`, `city`, `country`, `phone`, `gid`, `mobile`, `nationalnumber`, `department`, `division`, `with_honor`) VALUES (165617, 2015, '1', '', '', '', '', '5930459', '4', '01229877947', '', 'الفيزياء', 'العلوم الطبيعية', '');
INSERT INTO `lk9v6_users` (`name`, `email`, `usertype`) VALUES ('مى على عبد النبى على عبد النبى', 'mai13s05209@alexu.edu.eg', 'الخريجين');
INSERT INTO `lk9v6_alumni_main` (`id`, `user_id`, `approved`) VALUES (165618, 165618, 1);
INSERT INTO `lk9v6_alumni_data` (`alumni_id`, `graduation_year`, `fid`, `job`, `address`, `city`, `country`, `phone`, `gid`, `mobile`, `nationalnumber`, `department`, `division`, `with_honor`) VALUES (165618, 2015, '1', '', '', '', '', '033628564', '4', '01277703403', '', 'علوم البيئة', 'العلوم البيولوجية', '');
INSERT INTO `lk9v6_users` (`name`, `email`, `usertype`) VALUES ('يوستينا سعيد رمزى أنور سعيد', 'youstina13s06816@alexu.edu.eg', 'الخريجين');
INSERT INTO `lk9v6_alumni_main` (`id`, `user_id`, `approved`) VALUES (165619, 165619, 1);
INSERT INTO `lk9v6_alumni_data` (`alumni_id`, `graduation_year`, `fid`, `job`, `address`, `city`, `country`, `phone`, `gid`, `mobile`, `nationalnumber`, `department`, `division`, `with_honor`) VALUES (165619, 2015, '1', '', '', '', '', '3520257', '4', '01279852364', '', 'علوم البيئة', 'العلوم البيولوجية', '');
INSERT INTO `lk9v6_users` (`name`, `email`, `usertype`) VALUES ('منال محمد محمد ابراهيم الشوا', 'manal13s05074@alexu.edu.eg', 'الخريجين');
INSERT INTO `lk9v6_alumni_main` (`id`, `user_id`, `approved`) VALUES (165620, 165620, 1);
INSERT INTO `lk9v6_alumni_data` (`alumni_id`, `graduation_year`, `fid`, `job`, `address`, `city`, `country`, `phone`, `gid`, `mobile`, `nationalnumber`, `department`, `division`, `with_honor`) VALUES (165620, 2015, '1', '', '', '', '', '0452963950', '4', '01022685877', '', 'علوم البيئة', 'العلوم البيولوجية', '');
INSERT INTO `lk9v6_users` (`name`, `email`, `usertype`) VALUES ('الاء ابراهيم حسن الشنهابى', 'alaa13s04824@alexu.edu.eg', 'الخريجين');
INSERT INTO `lk9v6_alumni_main` (`id`, `user_id`, `approved`) VALUES (165621, 165621, 1);
INSERT INTO `lk9v6_alumni_data` (`alumni_id`, `graduation_year`, `fid`, `job`, `address`, `city`, `country`, `phone`, `gid`, `mobile`, `nationalnumber`, `department`, `division`, `with_honor`) VALUES (165621, 2015, '1', '', '', '', '', '5848217', '4', '01112810481', '', 'علوم البيئة', 'العلوم البيولوجية', '');
INSERT INTO `lk9v6_users` (`name`, `email`, `usertype`) VALUES ('على محمد رضا على السيد عبدالرحمن جبر', 'ali13s04428@alexu.edu.eg', 'الخريجين');
INSERT INTO `lk9v6_alumni_main` (`id`, `user_id`, `approved`) VALUES (165622, 165622, 1);
INSERT INTO `lk9v6_alumni_data` (`alumni_id`, `graduation_year`, `fid`, `job`, `address`, `city`, `country`, `phone`, `gid`, `mobile`, `nationalnumber`, `department`, `division`, `with_honor`) VALUES (165622, 2015, '1', '', '', '', '', '5028183', '4', '01152640851', '', 'الفيزياء', 'العلوم الطبيعية', '');
INSERT INTO `lk9v6_users` (`name`, `email`, `usertype`) VALUES ('محمود السيد حسن مصطفى', 'mahmoud13s05439@alexu.edu.eg', 'الخريجين');
INSERT INTO `lk9v6_alumni_main` (`id`, `user_id`, `approved`) VALUES (165623, 165623, 1);
INSERT INTO `lk9v6_alumni_data` (`alumni_id`, `graduation_year`, `fid`, `job`, `address`, `city`, `country`, `phone`, `gid`, `mobile`, `nationalnumber`, `department`, `division`, `with_honor`) VALUES (165623, 2015, '1', '', '', '', '', '3198799', '4', '01201564390', '', 'علوم البيئة', 'العلوم البيولوجية', '');
INSERT INTO `lk9v6_users` (`name`, `email`, `usertype`) VALUES ('مروه عيد محمد احمد', 'marwa13s04996@alexu.edu.eg', 'الخريجين');
INSERT INTO `lk9v6_alumni_main` (`id`, `user_id`, `approved`) VALUES (165624, 165624, 1);
INSERT INTO `lk9v6_alumni_data` (`alumni_id`, `graduation_year`, `fid`, `job`, `address`, `city`, `country`, `phone`, `gid`, `mobile`, `nationalnumber`, `department`, `division`, `with_honor`) VALUES (165624, 2015, '1', '', '', '', '', '0452371455', '4', '01004959080', '', 'الميكروبيولوجى', 'العلوم البيولوجية', '');
INSERT INTO `lk9v6_users` (`name`, `email`, `usertype`) VALUES ('نورهان حسن عبدالحميد يحى خليفه', 'nourhan13s05185@alexu.edu.eg', 'الخريجين');
INSERT INTO `lk9v6_alumni_main` (`id`, `user_id`, `approved`) VALUES (165625, 165625, 1);
INSERT INTO `lk9v6_alumni_data` (`alumni_id`, `graduation_year`, `fid`, `job`, `address`, `city`, `country`, `phone`, `gid`, `mobile`, `nationalnumber`, `department`, `division`, `with_honor`) VALUES (165625, 2015, '1', '', '', '', '', '035736278', '4', '01090191562', '', 'علوم البيئة', 'العلوم البيولوجية', '');
INSERT INTO `lk9v6_users` (`name`, `email`, `usertype`) VALUES ('منال جابر ابراهيم محمد احمد', 'manal13s06369@alexu.edu.eg', 'الخريجين');
INSERT INTO `lk9v6_alumni_main` (`id`, `user_id`, `approved`) VALUES (165626, 165626, 1);
INSERT INTO `lk9v6_alumni_data` (`alumni_id`, `graduation_year`, `fid`, `job`, `address`, `city`, `country`, `phone`, `gid`, `mobile`, `nationalnumber`, `department`, `division`, `with_honor`) VALUES (165626, 2015, '1', '', '', '', '', '01285216875', '4', '01285216875', '', 'الفيزياء', 'العلوم الطبيعية', '');
INSERT INTO `lk9v6_users` (`name`, `email`, `usertype`) VALUES ('محمد السيد محمود رفاعى شعبان', 'mohamed13s04300@alexu.edu.eg', 'الخريجين');
INSERT INTO `lk9v6_alumni_main` (`id`, `user_id`, `approved`) VALUES (165627, 165627, 1);
INSERT INTO `lk9v6_alumni_data` (`alumni_id`, `graduation_year`, `fid`, `job`, `address`, `city`, `country`, `phone`, `gid`, `mobile`, `nationalnumber`, `department`, `division`, `with_honor`) VALUES (165627, 2015, '1', '', '', '', '', '3233182', '4', '01280066181', '', 'الفيزياء', 'العلوم الطبيعية', '');
INSERT INTO `lk9v6_users` (`name`, `email`, `usertype`) VALUES ('اسماء محمد حجازى قبيصى قرنه', 'asmaa13s04705@alexu.edu.eg', 'الخريجين');
INSERT INTO `lk9v6_alumni_main` (`id`, `user_id`, `approved`) VALUES (165628, 165628, 1);
INSERT INTO `lk9v6_alumni_data` (`alumni_id`, `graduation_year`, `fid`, `job`, `address`, `city`, `country`, `phone`, `gid`, `mobile`, `nationalnumber`, `department`, `division`, `with_honor`) VALUES (165628, 2015, '1', '', '', '', '', '4367701', '4', '01284241893', '', 'الفيزياء', 'العلوم الطبيعية', '');
INSERT INTO `lk9v6_users` (`name`, `email`, `usertype`) VALUES ('اسراء رجب عبدالعزيز ابراهيم شحاته', 'esraa13s05267@alexu.edu.eg', 'الخريجين');
INSERT INTO `lk9v6_alumni_main` (`id`, `user_id`, `approved`) VALUES (165629, 165629, 1);
INSERT INTO `lk9v6_alumni_data` (`alumni_id`, `graduation_year`, `fid`, `job`, `address`, `city`, `country`, `phone`, `gid`, `mobile`, `nationalnumber`, `department`, `division`, `with_honor`) VALUES (165629, 2015, '1', '', '', '', '', '4297830', '4', '01015270024', '', 'علوم البيئة', 'العلوم البيولوجية', '');
INSERT INTO `lk9v6_users` (`name`, `email`, `usertype`) VALUES ('اسماء محروس مرشدى ابو طايش', 'asmaa13s05592@alexu.edu.eg', 'الخريجين');
INSERT INTO `lk9v6_alumni_main` (`id`, `user_id`, `approved`) VALUES (165630, 165630, 1);
INSERT INTO `lk9v6_alumni_data` (`alumni_id`, `graduation_year`, `fid`, `job`, `address`, `city`, `country`, `phone`, `gid`, `mobile`, `nationalnumber`, `department`, `division`, `with_honor`) VALUES (165630, 2015, '1', '', '', '', '', '0111819428', '4', '01012923318', '', 'علوم البيئة', 'العلوم البيولوجية', '');
INSERT INTO `lk9v6_users` (`name`, `email`, `usertype`) VALUES ('ندى السيد حسن ضيف ابوزيد', 'nada13s04706@alexu.edu.eg', 'الخريجين');
INSERT INTO `lk9v6_alumni_main` (`id`, `user_id`, `approved`) VALUES (165631, 165631, 1);
INSERT INTO `lk9v6_alumni_data` (`alumni_id`, `graduation_year`, `fid`, `job`, `address`, `city`, `country`, `phone`, `gid`, `mobile`, `nationalnumber`, `department`, `division`, `with_honor`) VALUES (165631, 2015, '1', '', '', '', '', '4435802', '4', '01221927276', '', 'الفيزياء', 'العلوم الطبيعية', '');
INSERT INTO `lk9v6_users` (`name`, `email`, `usertype`) VALUES ('سماح سمير زكى تادرس', 'samah13s05004@alexu.edu.eg', 'الخريجين');
INSERT INTO `lk9v6_alumni_main` (`id`, `user_id`, `approved`) VALUES (165632, 165632, 1);
INSERT INTO `lk9v6_alumni_data` (`alumni_id`, `graduation_year`, `fid`, `job`, `address`, `city`, `country`, `phone`, `gid`, `mobile`, `nationalnumber`, `department`, `division`, `with_honor`) VALUES (165632, 2015, '1', '', '', '', '', '0452704852', '4', '01207421800', '', 'الميكروبيولوجى', 'العلوم البيولوجية', '');
INSERT INTO `lk9v6_users` (`name`, `email`, `usertype`) VALUES ('مارك فهمى مسعد فهمى رفله', 'mark13s04608@alexu.edu.eg', 'الخريجين');
INSERT INTO `lk9v6_alumni_main` (`id`, `user_id`, `approved`) VALUES (165633, 165633, 1);
INSERT INTO `lk9v6_alumni_data` (`alumni_id`, `graduation_year`, `fid`, `job`, `address`, `city`, `country`, `phone`, `gid`, `mobile`, `nationalnumber`, `department`, `division`, `with_honor`) VALUES (165633, 2015, '1', '', '', '', '', '034281391', '4', '0121877883', '', 'الفيزياء', 'العلوم الطبيعية', '');
INSERT INTO `lk9v6_users` (`name`, `email`, `usertype`) VALUES ('ايات فيصل السيد عجمى اسماعيل السعدنى', 'ayat13s06157@alexu.edu.eg', 'الخريجين');
INSERT INTO `lk9v6_alumni_main` (`id`, `user_id`, `approved`) VALUES (165634, 165634, 1);
INSERT INTO `lk9v6_alumni_data` (`alumni_id`, `graduation_year`, `fid`, `job`, `address`, `city`, `country`, `phone`, `gid`, `mobile`, `nationalnumber`, `department`, `division`, `with_honor`) VALUES (165634, 2015, '1', '', '', '', '', '035903535', '4', '0117781003', '', 'الميكروبيولوجى', 'العلوم البيولوجية', '');
INSERT INTO `lk9v6_users` (`name`, `email`, `usertype`) VALUES ('اسماء قطب رجب الابشيهى', 'asmaa13s05697@alexu.edu.eg', 'الخريجين');
INSERT INTO `lk9v6_alumni_main` (`id`, `user_id`, `approved`) VALUES (165635, 165635, 1);
INSERT INTO `lk9v6_alumni_data` (`alumni_id`, `graduation_year`, `fid`, `job`, `address`, `city`, `country`, `phone`, `gid`, `mobile`, `nationalnumber`, `department`, `division`, `with_honor`) VALUES (165635, 2015, '1', '', '', '', '', '0453330163', '4', '0192843032', '', 'الميكروبيولوجى', 'العلوم البيولوجية', '');
INSERT INTO `lk9v6_users` (`name`, `email`, `usertype`) VALUES ('دعاء عبد الحميد عقاد بشير', 'doaa13s04669@alexu.edu.eg', 'الخريجين');
INSERT INTO `lk9v6_alumni_main` (`id`, `user_id`, `approved`) VALUES (165636, 165636, 1);
INSERT INTO `lk9v6_alumni_data` (`alumni_id`, `graduation_year`, `fid`, `job`, `address`, `city`, `country`, `phone`, `gid`, `mobile`, `nationalnumber`, `department`, `division`, `with_honor`) VALUES (165636, 2015, '1', '', '', '', '', '035281974', '4', '01112034073', '', 'الجيولوجيا', 'العلوم الجيولوجية', '');
INSERT INTO `lk9v6_users` (`name`, `email`, `usertype`) VALUES ('اسماء اشرف سعد عبدالرحمن', 'asmaa13s04886@alexu.edu.eg', 'الخريجين');
INSERT INTO `lk9v6_alumni_main` (`id`, `user_id`, `approved`) VALUES (165637, 165637, 1);
INSERT INTO `lk9v6_alumni_data` (`alumni_id`, `graduation_year`, `fid`, `job`, `address`, `city`, `country`, `phone`, `gid`, `mobile`, `nationalnumber`, `department`, `division`, `with_honor`) VALUES (165637, 2015, '1', '', '', '', '', '0472712415', '4', '01067751158', '', 'علوم البيئة', 'العلوم البيولوجية', '');
INSERT INTO `lk9v6_users` (`name`, `email`, `usertype`) VALUES ('هدير احمد خميس محمود محمد', 'hadeer13s04276@alexu.edu.eg', 'الخريجين');
INSERT INTO `lk9v6_alumni_main` (`id`, `user_id`, `approved`) VALUES (165638, 165638, 1);
INSERT INTO `lk9v6_alumni_data` (`alumni_id`, `graduation_year`, `fid`, `job`, `address`, `city`, `country`, `phone`, `gid`, `mobile`, `nationalnumber`, `department`, `division`, `with_honor`) VALUES (165638, 2015, '1', '', '', '', '', '034943360', '4', '01281883048', '', 'الفيزياء', 'العلوم الطبيعية', '');
INSERT INTO `lk9v6_users` (`name`, `email`, `usertype`) VALUES ('عمرو العربى على البرعى', 'amr13s04612@alexu.edu.eg', 'الخريجين');
INSERT INTO `lk9v6_alumni_main` (`id`, `user_id`, `approved`) VALUES (165639, 165639, 1);
INSERT INTO `lk9v6_alumni_data` (`alumni_id`, `graduation_year`, `fid`, `job`, `address`, `city`, `country`, `phone`, `gid`, `mobile`, `nationalnumber`, `department`, `division`, `with_honor`) VALUES (165639, 2015, '1', '', '', '', '', '035909461', '4', '01111096930', '', 'الفيزياء', 'العلوم الطبيعية', '');
INSERT INTO `lk9v6_users` (`name`, `email`, `usertype`) VALUES ('ندى طارق حسنين محمد حسنين', 'nada13s06694@alexu.edu.eg', 'الخريجين');
INSERT INTO `lk9v6_alumni_main` (`id`, `user_id`, `approved`) VALUES (165640, 165640, 1);
INSERT INTO `lk9v6_alumni_data` (`alumni_id`, `graduation_year`, `fid`, `job`, `address`, `city`, `country`, `phone`, `gid`, `mobile`, `nationalnumber`, `department`, `division`, `with_honor`) VALUES (165640, 2015, '1', '', '', '', '', '035434163', '4', '01066130237', '', 'علوم البيئة', 'العلوم البيولوجية', '');
INSERT INTO `lk9v6_users` (`name`, `email`, `usertype`) VALUES ('محمود ابرهيم زغلول حامد', 'mahmoud13s04335@alexu.edu.eg', 'الخريجين');
INSERT INTO `lk9v6_alumni_main` (`id`, `user_id`, `approved`) VALUES (165641, 165641, 1);
INSERT INTO `lk9v6_alumni_data` (`alumni_id`, `graduation_year`, `fid`, `job`, `address`, `city`, `country`, `phone`, `gid`, `mobile`, `nationalnumber`, `department`, `division`, `with_honor`) VALUES (165641, 2015, '1', '', '', '', '', '034593310', '4', '01277001825', '', 'الفيزياء', 'العلوم الطبيعية', '');
INSERT INTO `lk9v6_users` (`name`, `email`, `usertype`) VALUES ('اسراء حسان احمد عبد الحميد مطاريد', 'esraa13s05008@alexu.edu.eg', 'الخريجين');
INSERT INTO `lk9v6_alumni_main` (`id`, `user_id`, `approved`) VALUES (165642, 165642, 1);
INSERT INTO `lk9v6_alumni_data` (`alumni_id`, `graduation_year`, `fid`, `job`, `address`, `city`, `country`, `phone`, `gid`, `mobile`, `nationalnumber`, `department`, `division`, `with_honor`) VALUES (165642, 2015, '1', '', '', '', '', '2271483', '4', '01123392668', '', 'علوم البيئة', 'العلوم البيولوجية', '');
INSERT INTO `lk9v6_users` (`name`, `email`, `usertype`) VALUES ('صلاح الدين احمد هاشم عبدالحميد عبدالجليل', 'salah13s05167@alexu.edu.eg', 'الخريجين');
INSERT INTO `lk9v6_alumni_main` (`id`, `user_id`, `approved`) VALUES (165643, 165643, 1);
INSERT INTO `lk9v6_alumni_data` (`alumni_id`, `graduation_year`, `fid`, `job`, `address`, `city`, `country`, `phone`, `gid`, `mobile`, `nationalnumber`, `department`, `division`, `with_honor`) VALUES (165643, 2015, '1', '', '', '', '', '4800453', '4', '01147279914', '', 'علوم البيئة', 'العلوم البيولوجية', '');
INSERT INTO `lk9v6_users` (`name`, `email`, `usertype`) VALUES ('دينا كامل احمد السايس', 'dina13s05130@alexu.edu.eg', 'الخريجين');
INSERT INTO `lk9v6_alumni_main` (`id`, `user_id`, `approved`) VALUES (165644, 165644, 1);
INSERT INTO `lk9v6_alumni_data` (`alumni_id`, `graduation_year`, `fid`, `job`, `address`, `city`, `country`, `phone`, `gid`, `mobile`, `nationalnumber`, `department`, `division`, `with_honor`) VALUES (165644, 2015, '1', '', '', '', '', '0472712314', '4', '0191979697', '', 'علوم البيئة', 'العلوم البيولوجية', '');
INSERT INTO `lk9v6_users` (`name`, `email`, `usertype`) VALUES ('سميه محمد محمود محمد ابراهيم', 'somaya13s05671@alexu.edu.eg', 'الخريجين');
INSERT INTO `lk9v6_alumni_main` (`id`, `user_id`, `approved`) VALUES (165645, 165645, 1);
INSERT INTO `lk9v6_alumni_data` (`alumni_id`, `graduation_year`, `fid`, `job`, `address`, `city`, `country`, `phone`, `gid`, `mobile`, `nationalnumber`, `department`, `division`, `with_honor`) VALUES (165645, 2015, '1', '', '', '', '', '0452275904', '4', '01117716832', '', 'الكيمياء الحيوية', 'العلوم البيولوجية', '');
INSERT INTO `lk9v6_users` (`name`, `email`, `usertype`) VALUES ('اسراء محمد محمد منصور', 'esraa13s04769@alexu.edu.eg', 'الخريجين');
INSERT INTO `lk9v6_alumni_main` (`id`, `user_id`, `approved`) VALUES (165646, 165646, 1);
INSERT INTO `lk9v6_alumni_data` (`alumni_id`, `graduation_year`, `fid`, `job`, `address`, `city`, `country`, `phone`, `gid`, `mobile`, `nationalnumber`, `department`, `division`, `with_honor`) VALUES (165646, 2015, '1', '', '', '', '', '035337946', '4', '01063719700', '', 'الفيزياء', 'العلوم الطبيعية', '');
INSERT INTO `lk9v6_users` (`name`, `email`, `usertype`) VALUES ('ايمان الشبراوى محمد عبد الفتاح', 'eman13s06074@alexu.edu.eg', 'الخريجين');
INSERT INTO `lk9v6_alumni_main` (`id`, `user_id`, `approved`) VALUES (165647, 165647, 1);
INSERT INTO `lk9v6_alumni_data` (`alumni_id`, `graduation_year`, `fid`, `job`, `address`, `city`, `country`, `phone`, `gid`, `mobile`, `nationalnumber`, `department`, `division`, `with_honor`) VALUES (165647, 2015, '1', '', '', '', '', '035611773', '4', '01272418832', '', 'الفيزياء', 'العلوم الطبيعية', '');
INSERT INTO `lk9v6_users` (`name`, `email`, `usertype`) VALUES ('اسلام مصطفى احمد السيد', 'islam13s04506@alexu.edu.eg', 'الخريجين');
INSERT INTO `lk9v6_alumni_main` (`id`, `user_id`, `approved`) VALUES (165648, 165648, 1);
INSERT INTO `lk9v6_alumni_data` (`alumni_id`, `graduation_year`, `fid`, `job`, `address`, `city`, `country`, `phone`, `gid`, `mobile`, `nationalnumber`, `department`, `division`, `with_honor`) VALUES (165648, 2015, '1', '', '', '', '', '4387842', '4', '01126241199', '', 'الفيزياء', 'العلوم الطبيعية', '');
INSERT INTO `lk9v6_users` (`name`, `email`, `usertype`) VALUES ('شيماء نصر الله محمد عبدالجليل', 'shaimaa13s05437@alexu.edu.eg', 'الخريجين');
INSERT INTO `lk9v6_alumni_main` (`id`, `user_id`, `approved`) VALUES (165649, 165649, 1);
INSERT INTO `lk9v6_alumni_data` (`alumni_id`, `graduation_year`, `fid`, `job`, `address`, `city`, `country`, `phone`, `gid`, `mobile`, `nationalnumber`, `department`, `division`, `with_honor`) VALUES (165649, 2015, '1', '', '', '', '', '0452510922', '3', '01149471494', '', 'علوم البيئة', 'العلوم البيولوجية', '');
INSERT INTO `lk9v6_users` (`name`, `email`, `usertype`) VALUES ('اميرة رمضان احمد على عبدالكريم', 'amira13s05689@alexu.edu.eg', 'الخريجين');
INSERT INTO `lk9v6_alumni_main` (`id`, `user_id`, `approved`) VALUES (165650, 165650, 1);
INSERT INTO `lk9v6_alumni_data` (`alumni_id`, `graduation_year`, `fid`, `job`, `address`, `city`, `country`, `phone`, `gid`, `mobile`, `nationalnumber`, `department`, `division`, `with_honor`) VALUES (165650, 2015, '1', '', '', '', '', '0452563815', '3', '0194774696', '', 'علوم البيئة', 'العلوم البيولوجية', '');
INSERT INTO `lk9v6_users` (`name`, `email`, `usertype`) VALUES ('محمد عبد المعطى بسيونى محمد', 'mohamed13s06160@alexu.edu.eg', 'الخريجين');
INSERT INTO `lk9v6_alumni_main` (`id`, `user_id`, `approved`) VALUES (165651, 165651, 1);
INSERT INTO `lk9v6_alumni_data` (`alumni_id`, `graduation_year`, `fid`, `job`, `address`, `city`, `country`, `phone`, `gid`, `mobile`, `nationalnumber`, `department`, `division`, `with_honor`) VALUES (165651, 2015, '1', '', '', '', '', '035746212', '3', '01287543069', '', 'الفيزياء', 'العلوم الطبيعية', '');
INSERT INTO `lk9v6_users` (`name`, `email`, `usertype`) VALUES ('عمر اسامه حسن غنيم محفوظ', 'omar13s05294@alexu.edu.eg', 'الخريجين');
INSERT INTO `lk9v6_alumni_main` (`id`, `user_id`, `approved`) VALUES (165652, 165652, 1);
INSERT INTO `lk9v6_alumni_data` (`alumni_id`, `graduation_year`, `fid`, `job`, `address`, `city`, `country`, `phone`, `gid`, `mobile`, `nationalnumber`, `department`, `division`, `with_honor`) VALUES (165652, 2015, '1', '', '', '', '', '035071958', '3', '01095684716', '', 'علوم البيئة', 'العلوم البيولوجية', '');
INSERT INTO `lk9v6_users` (`name`, `email`, `usertype`) VALUES ('هبه بكر رجب على حجازى', 'heba13s05058@alexu.edu.eg', 'الخريجين');
INSERT INTO `lk9v6_alumni_main` (`id`, `user_id`, `approved`) VALUES (165653, 165653, 1);
INSERT INTO `lk9v6_alumni_data` (`alumni_id`, `graduation_year`, `fid`, `job`, `address`, `city`, `country`, `phone`, `gid`, `mobile`, `nationalnumber`, `department`, `division`, `with_honor`) VALUES (165653, 2015, '1', '', '', '', '', '033325282', '3', '01115174219', '', 'علوم البيئة', 'العلوم البيولوجية', '');
INSERT INTO `lk9v6_users` (`name`, `email`, `usertype`) VALUES ('ايه على احمد على خليل', 'aya13s05097@alexu.edu.eg', 'الخريجين');
INSERT INTO `lk9v6_alumni_main` (`id`, `user_id`, `approved`) VALUES (165654, 165654, 1);
INSERT INTO `lk9v6_alumni_data` (`alumni_id`, `graduation_year`, `fid`, `job`, `address`, `city`, `country`, `phone`, `gid`, `mobile`, `nationalnumber`, `department`, `division`, `with_honor`) VALUES (165654, 2015, '1', '', '', '', '', '5064793', '3', '0183057781', '', 'علوم البيئة', 'العلوم البيولوجية', '');
INSERT INTO `lk9v6_users` (`name`, `email`, `usertype`) VALUES ('تهانى حسن ابراهيم عبدالغفار', 'tahany13s05300@alexu.edu.eg', 'الخريجين');
INSERT INTO `lk9v6_alumni_main` (`id`, `user_id`, `approved`) VALUES (165655, 165655, 1);
INSERT INTO `lk9v6_alumni_data` (`alumni_id`, `graduation_year`, `fid`, `job`, `address`, `city`, `country`, `phone`, `gid`, `mobile`, `nationalnumber`, `department`, `division`, `with_honor`) VALUES (165655, 2015, '1', '', '', '', '', '033818963', '3', '0187611138', '', 'علوم البيئة', 'العلوم البيولوجية', '');
INSERT INTO `lk9v6_users` (`name`, `email`, `usertype`) VALUES ('ليلى عبدالله ابراهيم عبدالله', 'laila13s05577@alexu.edu.eg', 'الخريجين');
INSERT INTO `lk9v6_alumni_main` (`id`, `user_id`, `approved`) VALUES (165656, 165656, 1);
INSERT INTO `lk9v6_alumni_data` (`alumni_id`, `graduation_year`, `fid`, `job`, `address`, `city`, `country`, `phone`, `gid`, `mobile`, `nationalnumber`, `department`, `division`, `with_honor`) VALUES (165656, 2015, '1', '', '', '', '', '4420821', '3', '01289397057', '', 'علوم البيئة', 'العلوم البيولوجية', '');
INSERT INTO `lk9v6_users` (`name`, `email`, `usertype`) VALUES ('نرمين مدحت محمود احمد زهران', 'nermin13s06189@alexu.edu.eg', 'الخريجين');
INSERT INTO `lk9v6_alumni_main` (`id`, `user_id`, `approved`) VALUES (165657, 165657, 1);
INSERT INTO `lk9v6_alumni_data` (`alumni_id`, `graduation_year`, `fid`, `job`, `address`, `city`, `country`, `phone`, `gid`, `mobile`, `nationalnumber`, `department`, `division`, `with_honor`) VALUES (165657, 2015, '1', '', '', '', '', '035291504', '3', '0127971219', '', 'الفيزياء', 'العلوم الطبيعية', '');
INSERT INTO `lk9v6_users` (`name`, `email`, `usertype`) VALUES ('نانسى صلاح سالم تادرس', 'nancy13s04855@alexu.edu.eg', 'الخريجين');
INSERT INTO `lk9v6_alumni_main` (`id`, `user_id`, `approved`) VALUES (165658, 165658, 1);
INSERT INTO `lk9v6_alumni_data` (`alumni_id`, `graduation_year`, `fid`, `job`, `address`, `city`, `country`, `phone`, `gid`, `mobile`, `nationalnumber`, `department`, `division`, `with_honor`) VALUES (165658, 2015, '1', '', '', '', '', '3305029', '3', '01272929661', '', 'علوم البحار العامة', 'العلوم البيولوجية', '');
INSERT INTO `lk9v6_users` (`name`, `email`, `usertype`) VALUES ('شيرين فتح الله صلاح الدين', 'sherin13s06178@alexu.edu.eg', 'الخريجين');
INSERT INTO `lk9v6_alumni_main` (`id`, `user_id`, `approved`) VALUES (165659, 165659, 1);
INSERT INTO `lk9v6_alumni_data` (`alumni_id`, `graduation_year`, `fid`, `job`, `address`, `city`, `country`, `phone`, `gid`, `mobile`, `nationalnumber`, `department`, `division`, `with_honor`) VALUES (165659, 2015, '1', '', '', '', '', '03459282', '3', '01010328508', '', 'علوم البيئة', 'العلوم البيولوجية', '');
INSERT INTO `lk9v6_users` (`name`, `email`, `usertype`) VALUES ('عبد الرحمن سعيد السيد محروس', 'abdelrahman13s06341@alexu.edu.eg', 'الخريجين');
INSERT INTO `lk9v6_alumni_main` (`id`, `user_id`, `approved`) VALUES (165660, 165660, 1);
INSERT INTO `lk9v6_alumni_data` (`alumni_id`, `graduation_year`, `fid`, `job`, `address`, `city`, `country`, `phone`, `gid`, `mobile`, `nationalnumber`, `department`, `division`, `with_honor`) VALUES (165660, 2015, '1', '', '', '', '', '033583865', '3', '01000990582', '', 'الفيزياء', 'العلوم الطبيعية', '');
INSERT INTO `lk9v6_users` (`name`, `email`, `usertype`) VALUES ('سهيله عصام محمد عبده جاهين', 'sohaila13s04846@alexu.edu.eg', 'الخريجين');
INSERT INTO `lk9v6_alumni_main` (`id`, `user_id`, `approved`) VALUES (165661, 165661, 1);
INSERT INTO `lk9v6_alumni_data` (`alumni_id`, `graduation_year`, `fid`, `job`, `address`, `city`, `country`, `phone`, `gid`, `mobile`, `nationalnumber`, `department`, `division`, `with_honor`) VALUES (165661, 2015, '1', '', '', '', '', '4256916', '3', '01224445294', '', 'علوم البيئة', 'العلوم البيولوجية', '');
INSERT INTO `lk9v6_users` (`name`, `email`, `usertype`) VALUES ('المعتز بالله محمد دياب السيد سعد', 'almotaz13s04555@alexu.edu.eg', 'الخريجين');
INSERT INTO `lk9v6_alumni_main` (`id`, `user_id`, `approved`) VALUES (165662, 165662, 1);
INSERT INTO `lk9v6_alumni_data` (`alumni_id`, `graduation_year`, `fid`, `job`, `address`, `city`, `country`, `phone`, `gid`, `mobile`, `nationalnumber`, `department`, `division`, `with_honor`) VALUES (165662, 2015, '1', '', '', '', '', '034248060', '3', '01275256880', '', 'الفيزياء', 'العلوم الطبيعية', '');
INSERT INTO `lk9v6_users` (`name`, `email`, `usertype`) VALUES ('اسماء احمد غازى ابراهيم محمد شتا', 'asmaa13s05406@alexu.edu.eg', 'الخريجين');
INSERT INTO `lk9v6_alumni_main` (`id`, `user_id`, `approved`) VALUES (165663, 165663, 1);
INSERT INTO `lk9v6_alumni_data` (`alumni_id`, `graduation_year`, `fid`, `job`, `address`, `city`, `country`, `phone`, `gid`, `mobile`, `nationalnumber`, `department`, `division`, `with_honor`) VALUES (165663, 2015, '1', '', '', '', '', '01276664958', '3', '01228056576', '', 'علوم البيئة', 'العلوم البيولوجية', '');
INSERT INTO `lk9v6_users` (`name`, `email`, `usertype`) VALUES ('على عزت صالح عبدالله', 'ali13s04725@alexu.edu.eg', 'الخريجين');
INSERT INTO `lk9v6_alumni_main` (`id`, `user_id`, `approved`) VALUES (165664, 165664, 1);
INSERT INTO `lk9v6_alumni_data` (`alumni_id`, `graduation_year`, `fid`, `job`, `address`, `city`, `country`, `phone`, `gid`, `mobile`, `nationalnumber`, `department`, `division`, `with_honor`) VALUES (165664, 2015, '1', '', '', '', '', '033602084', '3', '01114749650', '', 'الفيزياء', 'العلوم الطبيعية', '');
INSERT INTO `lk9v6_users` (`name`, `email`, `usertype`) VALUES ('اميره يسرى عبد الفتاح رجب', 'amira13s04876@alexu.edu.eg', 'الخريجين');
INSERT INTO `lk9v6_alumni_main` (`id`, `user_id`, `approved`) VALUES (165665, 165665, 1);
INSERT INTO `lk9v6_alumni_data` (`alumni_id`, `graduation_year`, `fid`, `job`, `address`, `city`, `country`, `phone`, `gid`, `mobile`, `nationalnumber`, `department`, `division`, `with_honor`) VALUES (165665, 2015, '1', '', '', '', '', '5404237', '3', '0185029298', '', 'علوم البيئة', 'العلوم البيولوجية', '');
INSERT INTO `lk9v6_users` (`name`, `email`, `usertype`) VALUES ('محمد جمال على ابراهيم النجار', 'mohamed13s05223@alexu.edu.eg', 'الخريجين');
INSERT INTO `lk9v6_alumni_main` (`id`, `user_id`, `approved`) VALUES (165666, 165666, 1);
INSERT INTO `lk9v6_alumni_data` (`alumni_id`, `graduation_year`, `fid`, `job`, `address`, `city`, `country`, `phone`, `gid`, `mobile`, `nationalnumber`, `department`, `division`, `with_honor`) VALUES (165666, 2015, '1', '', '', '', '', '035026939', '3', '01281604458', '', 'علوم البيئة', 'العلوم البيولوجية', '');
INSERT INTO `lk9v6_users` (`name`, `email`, `usertype`) VALUES ('الهام صبرى عبدالعزيز قطب ابوغنيمه', 'elham13s05014@alexu.edu.eg', 'الخريجين');
INSERT INTO `lk9v6_alumni_main` (`id`, `user_id`, `approved`) VALUES (165667, 165667, 1);
INSERT INTO `lk9v6_alumni_data` (`alumni_id`, `graduation_year`, `fid`, `job`, `address`, `city`, `country`, `phone`, `gid`, `mobile`, `nationalnumber`, `department`, `division`, `with_honor`) VALUES (165667, 2015, '1', '', '', '', '', '0452991562', '3', '01007682716', '', 'علوم البيئة', 'العلوم البيولوجية', '');
INSERT INTO `lk9v6_users` (`name`, `email`, `usertype`) VALUES ('فاطمه عوض عبدالمنعم عوض ابوعشيبه', 'fatma13s04990@alexu.edu.eg', 'الخريجين');
INSERT INTO `lk9v6_alumni_main` (`id`, `user_id`, `approved`) VALUES (165668, 165668, 1);
INSERT INTO `lk9v6_alumni_data` (`alumni_id`, `graduation_year`, `fid`, `job`, `address`, `city`, `country`, `phone`, `gid`, `mobile`, `nationalnumber`, `department`, `division`, `with_honor`) VALUES (165668, 2015, '1', '', '', '', '', '0452502613', '3', '01284069854', '', 'علوم البيئة', 'العلوم البيولوجية', '');
INSERT INTO `lk9v6_users` (`name`, `email`, `usertype`) VALUES ('ايه مصطفى عبدالجليل مصطفى حمامو', 'aya13s05733@alexu.edu.eg', 'الخريجين');
INSERT INTO `lk9v6_alumni_main` (`id`, `user_id`, `approved`) VALUES (165669, 165669, 1);
INSERT INTO `lk9v6_alumni_data` (`alumni_id`, `graduation_year`, `fid`, `job`, `address`, `city`, `country`, `phone`, `gid`, `mobile`, `nationalnumber`, `department`, `division`, `with_honor`) VALUES (165669, 2015, '1', '', '', '', '', '0472512889', '3', '01060805057', '', 'علوم البحار العامة', 'العلوم البيولوجية', '');
INSERT INTO `lk9v6_users` (`name`, `email`, `usertype`) VALUES ('ايه صابر احمد بدر ابراهيم', 'aya13s05106@alexu.edu.eg', 'الخريجين');
INSERT INTO `lk9v6_alumni_main` (`id`, `user_id`, `approved`) VALUES (165670, 165670, 1);
INSERT INTO `lk9v6_alumni_data` (`alumni_id`, `graduation_year`, `fid`, `job`, `address`, `city`, `country`, `phone`, `gid`, `mobile`, `nationalnumber`, `department`, `division`, `with_honor`) VALUES (165670, 2015, '1', '', '', '', '', '039503460', '3', '01002619904', '', 'الميكروبيولوجى', 'العلوم البيولوجية', '');
INSERT INTO `lk9v6_users` (`name`, `email`, `usertype`) VALUES ('معتز نبيل محمود قطب قنديل', 'motaz13s04298@alexu.edu.eg', 'الخريجين');
INSERT INTO `lk9v6_alumni_main` (`id`, `user_id`, `approved`) VALUES (165671, 165671, 1);
INSERT INTO `lk9v6_alumni_data` (`alumni_id`, `graduation_year`, `fid`, `job`, `address`, `city`, `country`, `phone`, `gid`, `mobile`, `nationalnumber`, `department`, `division`, `with_honor`) VALUES (165671, 2015, '1', '', '', '', '', '4941026', '3', '01225877581', '', 'الجيولوجيا', 'العلوم الجيولوجية', '');
INSERT INTO `lk9v6_users` (`name`, `email`, `usertype`) VALUES ('محمد محمد احمد على حزين', 'mohamed13s05101@alexu.edu.eg', 'الخريجين');
INSERT INTO `lk9v6_alumni_main` (`id`, `user_id`, `approved`) VALUES (165672, 165672, 1);
INSERT INTO `lk9v6_alumni_data` (`alumni_id`, `graduation_year`, `fid`, `job`, `address`, `city`, `country`, `phone`, `gid`, `mobile`, `nationalnumber`, `department`, `division`, `with_honor`) VALUES (165672, 2015, '1', '', '', '', '', '034480137', '3', '01093740398', '', 'علوم البيئة', 'العلوم البيولوجية', '');
INSERT INTO `lk9v6_users` (`name`, `email`, `usertype`) VALUES ('محمد احمد عزالدين محمد محمد سيداحمد', 'mohamed13s04800@alexu.edu.eg', 'الخريجين');
INSERT INTO `lk9v6_alumni_main` (`id`, `user_id`, `approved`) VALUES (165673, 165673, 1);
INSERT INTO `lk9v6_alumni_data` (`alumni_id`, `graduation_year`, `fid`, `job`, `address`, `city`, `country`, `phone`, `gid`, `mobile`, `nationalnumber`, `department`, `division`, `with_honor`) VALUES (165673, 2015, '1', '', '', '', '', '033243497', '3', '01273112076', '', 'الفيزياء', 'العلوم الطبيعية', '');
INSERT INTO `lk9v6_users` (`name`, `email`, `usertype`) VALUES ('هدير أحمد أبو عيشة حسن ابراهيم', 'hadeer13s04130@alexu.edu.eg', 'الخريجين');
INSERT INTO `lk9v6_alumni_main` (`id`, `user_id`, `approved`) VALUES (165674, 165674, 1);
INSERT INTO `lk9v6_alumni_data` (`alumni_id`, `graduation_year`, `fid`, `job`, `address`, `city`, `country`, `phone`, `gid`, `mobile`, `nationalnumber`, `department`, `division`, `with_honor`) VALUES (165674, 2015, '1', '', '', '', '', '034963497', '3', '01286250261', '', 'الفيزياء', 'العلوم الطبيعية', '');
INSERT INTO `lk9v6_users` (`name`, `email`, `usertype`) VALUES ('بولا نجيب ابراهيم عوض', 'bola13s06853@alexu.edu.eg', 'الخريجين');
INSERT INTO `lk9v6_alumni_main` (`id`, `user_id`, `approved`) VALUES (165675, 165675, 1);
INSERT INTO `lk9v6_alumni_data` (`alumni_id`, `graduation_year`, `fid`, `job`, `address`, `city`, `country`, `phone`, `gid`, `mobile`, `nationalnumber`, `department`, `division`, `with_honor`) VALUES (165675, 2015, '1', '', '', '', '', '033631457', '3', '01288686527', '', 'الفيزياء', 'العلوم الطبيعية', '');
INSERT INTO `lk9v6_users` (`name`, `email`, `usertype`) VALUES ('تسنيم على محمد يوسف', 'tasnim13s06630@alexu.edu.eg', 'الخريجين');
INSERT INTO `lk9v6_alumni_main` (`id`, `user_id`, `approved`) VALUES (165676, 165676, 1);
INSERT INTO `lk9v6_alumni_data` (`alumni_id`, `graduation_year`, `fid`, `job`, `address`, `city`, `country`, `phone`, `gid`, `mobile`, `nationalnumber`, `department`, `division`, `with_honor`) VALUES (165676, 2015, '1', '', '', '', '', '033816380', '3', '01097867884', '', 'الفيزياء', 'العلوم الطبيعية', '');
INSERT INTO `lk9v6_users` (`name`, `email`, `usertype`) VALUES ('دينا احمد عبد الله  حسنين عبد اللطيف', 'dina13s05169@alexu.edu.eg', 'الخريجين');
INSERT INTO `lk9v6_alumni_main` (`id`, `user_id`, `approved`) VALUES (165677, 165677, 1);
INSERT INTO `lk9v6_alumni_data` (`alumni_id`, `graduation_year`, `fid`, `job`, `address`, `city`, `country`, `phone`, `gid`, `mobile`, `nationalnumber`, `department`, `division`, `with_honor`) VALUES (165677, 2015, '1', '', '', '', '', '5505130', '3', '01223528694', '', 'علوم البيئة', 'العلوم البيولوجية', '');
INSERT INTO `lk9v6_users` (`name`, `email`, `usertype`) VALUES ('اميره يسرى عبدالجواد محمد', 'amira13s05525@alexu.edu.eg', 'الخريجين');
INSERT INTO `lk9v6_alumni_main` (`id`, `user_id`, `approved`) VALUES (165678, 165678, 1);
INSERT INTO `lk9v6_alumni_data` (`alumni_id`, `graduation_year`, `fid`, `job`, `address`, `city`, `country`, `phone`, `gid`, `mobile`, `nationalnumber`, `department`, `division`, `with_honor`) VALUES (165678, 2015, '1', '', '', '', '', '035420073', '3', '01150115490', '', 'علوم البيئة', 'العلوم البيولوجية', '');
INSERT INTO `lk9v6_users` (`name`, `email`, `usertype`) VALUES ('ايمان المهدى حسين ختعن', 'eman13s04695@alexu.edu.eg', 'الخريجين');
INSERT INTO `lk9v6_alumni_main` (`id`, `user_id`, `approved`) VALUES (165679, 165679, 1);
INSERT INTO `lk9v6_alumni_data` (`alumni_id`, `graduation_year`, `fid`, `job`, `address`, `city`, `country`, `phone`, `gid`, `mobile`, `nationalnumber`, `department`, `division`, `with_honor`) VALUES (165679, 2015, '1', '', '', '', '', '0453336287', '3', '01154350665', '', 'الجيولوجيا', 'العلوم الجيولوجية', '');
INSERT INTO `lk9v6_users` (`name`, `email`, `usertype`) VALUES ('امل محمد عبد الحليم عبد الوكيل', 'amal13s04880@alexu.edu.eg', 'الخريجين');
INSERT INTO `lk9v6_alumni_main` (`id`, `user_id`, `approved`) VALUES (165680, 165680, 1);
INSERT INTO `lk9v6_alumni_data` (`alumni_id`, `graduation_year`, `fid`, `job`, `address`, `city`, `country`, `phone`, `gid`, `mobile`, `nationalnumber`, `department`, `division`, `with_honor`) VALUES (165680, 2015, '1', '', '', '', '', '5322484', '3', '01272892221', '', 'علوم البيئة', 'العلوم البيولوجية', '');
INSERT INTO `lk9v6_users` (`name`, `email`, `usertype`) VALUES ('دينا احمد السيد الزهرى', 'dina13s05781@alexu.edu.eg', 'الخريجين');
INSERT INTO `lk9v6_alumni_main` (`id`, `user_id`, `approved`) VALUES (165681, 165681, 1);
INSERT INTO `lk9v6_alumni_data` (`alumni_id`, `graduation_year`, `fid`, `job`, `address`, `city`, `country`, `phone`, `gid`, `mobile`, `nationalnumber`, `department`, `division`, `with_honor`) VALUES (165681, 2015, '1', '', '', '', '', '035981431', '3', '01224667708', '', 'علوم البيئة', 'العلوم البيولوجية', '');
INSERT INTO `lk9v6_users` (`name`, `email`, `usertype`) VALUES ('اسلام محمد عبدالسلام سعد سعدالله', 'islam13s04450@alexu.edu.eg', 'الخريجين');
INSERT INTO `lk9v6_alumni_main` (`id`, `user_id`, `approved`) VALUES (165682, 165682, 1);
INSERT INTO `lk9v6_alumni_data` (`alumni_id`, `graduation_year`, `fid`, `job`, `address`, `city`, `country`, `phone`, `gid`, `mobile`, `nationalnumber`, `department`, `division`, `with_honor`) VALUES (165682, 2015, '1', '', '', '', '', '033800375', '3', '01200607224', '', 'الفيزياء', 'العلوم الطبيعية', '');
INSERT INTO `lk9v6_users` (`name`, `email`, `usertype`) VALUES ('يوستينا نعيم زكى خله', 'youstina13s04699@alexu.edu.eg', 'الخريجين');
INSERT INTO `lk9v6_alumni_main` (`id`, `user_id`, `approved`) VALUES (165683, 165683, 1);
INSERT INTO `lk9v6_alumni_data` (`alumni_id`, `graduation_year`, `fid`, `job`, `address`, `city`, `country`, `phone`, `gid`, `mobile`, `nationalnumber`, `department`, `division`, `with_honor`) VALUES (165683, 2015, '1', '', '', '', '', '4954373', '3', '01229885700', '', 'الفيزياء', 'العلوم الطبيعية', '');
INSERT INTO `lk9v6_users` (`name`, `email`, `usertype`) VALUES ('نورهان محمد محمد ابراهيم', 'nourhan13s05632@alexu.edu.eg', 'الخريجين');
INSERT INTO `lk9v6_alumni_main` (`id`, `user_id`, `approved`) VALUES (165684, 165684, 1);
INSERT INTO `lk9v6_alumni_data` (`alumni_id`, `graduation_year`, `fid`, `job`, `address`, `city`, `country`, `phone`, `gid`, `mobile`, `nationalnumber`, `department`, `division`, `with_honor`) VALUES (165684, 2015, '1', '', '', '', '', '4248543', '3', '0181242012', '', 'الميكروبيولوجى', 'العلوم البيولوجية', '');
INSERT INTO `lk9v6_users` (`name`, `email`, `usertype`) VALUES ('احمد محمد مصطفى ابراهيم', 'ahmed13s06201@alexu.edu.eg', 'الخريجين');
INSERT INTO `lk9v6_alumni_main` (`id`, `user_id`, `approved`) VALUES (165685, 165685, 1);
INSERT INTO `lk9v6_alumni_data` (`alumni_id`, `graduation_year`, `fid`, `job`, `address`, `city`, `country`, `phone`, `gid`, `mobile`, `nationalnumber`, `department`, `division`, `with_honor`) VALUES (165685, 2015, '1', '', '', '', '', '034455922', '3', '01278869648', '', 'الفيزياء', 'العلوم الطبيعية', '');
INSERT INTO `lk9v6_users` (`name`, `email`, `usertype`) VALUES ('مروه مصطفى اسماعيل سليمان', 'marwa13s05265@alexu.edu.eg', 'الخريجين');
INSERT INTO `lk9v6_alumni_main` (`id`, `user_id`, `approved`) VALUES (165686, 165686, 1);
INSERT INTO `lk9v6_alumni_data` (`alumni_id`, `graduation_year`, `fid`, `job`, `address`, `city`, `country`, `phone`, `gid`, `mobile`, `nationalnumber`, `department`, `division`, `with_honor`) VALUES (165686, 2015, '1', '', '', '', '', '4867681', '3', '01019561416', '', 'علوم البيئة', 'العلوم البيولوجية', '');
INSERT INTO `lk9v6_users` (`name`, `email`, `usertype`) VALUES ('حسن احمد حسن احمد عبد الحميد', 'hassan13s06577@alexu.edu.eg', 'الخريجين');
INSERT INTO `lk9v6_alumni_main` (`id`, `user_id`, `approved`) VALUES (165687, 165687, 1);
INSERT INTO `lk9v6_alumni_data` (`alumni_id`, `graduation_year`, `fid`, `job`, `address`, `city`, `country`, `phone`, `gid`, `mobile`, `nationalnumber`, `department`, `division`, `with_honor`) VALUES (165687, 2015, '1', '', '', '', '', '035770647', '3', '01225714149', '', 'الفيزياء', 'العلوم الطبيعية', '');
INSERT INTO `lk9v6_users` (`name`, `email`, `usertype`) VALUES ('محمد محمود عبدالله حسن', 'mohamed13s04710@alexu.edu.eg', 'الخريجين');
INSERT INTO `lk9v6_alumni_main` (`id`, `user_id`, `approved`) VALUES (165688, 165688, 1);
INSERT INTO `lk9v6_alumni_data` (`alumni_id`, `graduation_year`, `fid`, `job`, `address`, `city`, `country`, `phone`, `gid`, `mobile`, `nationalnumber`, `department`, `division`, `with_honor`) VALUES (165688, 2015, '1', '', '', '', '', '034424394', '3', '01204053326', '', 'الفيزياء', 'العلوم الطبيعية', '');
INSERT INTO `lk9v6_users` (`name`, `email`, `usertype`) VALUES ('بيشوى زغلول صدقى حنا', 'bishoy13s04927@alexu.edu.eg', 'الخريجين');
INSERT INTO `lk9v6_alumni_main` (`id`, `user_id`, `approved`) VALUES (165689, 165689, 1);
INSERT INTO `lk9v6_alumni_data` (`alumni_id`, `graduation_year`, `fid`, `job`, `address`, `city`, `country`, `phone`, `gid`, `mobile`, `nationalnumber`, `department`, `division`, `with_honor`) VALUES (165689, 2015, '1', '', '', '', '', '5347528', '3', '01282483765', '', 'علوم البيئة', 'العلوم البيولوجية', '');
INSERT INTO `lk9v6_users` (`name`, `email`, `usertype`) VALUES ('ايه علاءالدين محمد لطفى', 'aya13s04893@alexu.edu.eg', 'الخريجين');
INSERT INTO `lk9v6_alumni_main` (`id`, `user_id`, `approved`) VALUES (165690, 165690, 1);
INSERT INTO `lk9v6_alumni_data` (`alumni_id`, `graduation_year`, `fid`, `job`, `address`, `city`, `country`, `phone`, `gid`, `mobile`, `nationalnumber`, `department`, `division`, `with_honor`) VALUES (165690, 2015, '1', '', '', '', '', '034875223', '3', '01022863511', '', 'علوم البيئة', 'العلوم البيولوجية', '');
INSERT INTO `lk9v6_users` (`name`, `email`, `usertype`) VALUES ('انجى صابر ايوب تادرس', 'engy13s05170@alexu.edu.eg', 'الخريجين');
INSERT INTO `lk9v6_alumni_main` (`id`, `user_id`, `approved`) VALUES (165691, 165691, 1);
INSERT INTO `lk9v6_alumni_data` (`alumni_id`, `graduation_year`, `fid`, `job`, `address`, `city`, `country`, `phone`, `gid`, `mobile`, `nationalnumber`, `department`, `division`, `with_honor`) VALUES (165691, 2015, '1', '', '', '', '', '5068243', '3', '01228251263', '', 'علوم البيئة', 'العلوم البيولوجية', '');
INSERT INTO `lk9v6_users` (`name`, `email`, `usertype`) VALUES ('سلمى محمد احمد عبدالقادر محمود', 'salma13s05136@alexu.edu.eg', 'الخريجين');
INSERT INTO `lk9v6_alumni_main` (`id`, `user_id`, `approved`) VALUES (165692, 165692, 1);
INSERT INTO `lk9v6_alumni_data` (`alumni_id`, `graduation_year`, `fid`, `job`, `address`, `city`, `country`, `phone`, `gid`, `mobile`, `nationalnumber`, `department`, `division`, `with_honor`) VALUES (165692, 2015, '1', '', '', '', '', '4440892', '3', '01944866162', '', 'علم الحيوان', 'العلوم البيولوجية', '');
INSERT INTO `lk9v6_users` (`name`, `email`, `usertype`) VALUES ('ساره مجدى صلاح عبد المجيد قنديل', 'sara13s04383@alexu.edu.eg', 'الخريجين');
INSERT INTO `lk9v6_alumni_main` (`id`, `user_id`, `approved`) VALUES (165693, 165693, 1);
INSERT INTO `lk9v6_alumni_data` (`alumni_id`, `graduation_year`, `fid`, `job`, `address`, `city`, `country`, `phone`, `gid`, `mobile`, `nationalnumber`, `department`, `division`, `with_honor`) VALUES (165693, 2015, '1', '', '', '', '', '033815394', '3', '01274355149', '', 'الفيزياء', 'العلوم الطبيعية', '');
INSERT INTO `lk9v6_users` (`name`, `email`, `usertype`) VALUES ('هبه احمد احمد نعمه الله', 'heba13s05160@alexu.edu.eg', 'الخريجين');
INSERT INTO `lk9v6_alumni_main` (`id`, `user_id`, `approved`) VALUES (165694, 165694, 1);
INSERT INTO `lk9v6_alumni_data` (`alumni_id`, `graduation_year`, `fid`, `job`, `address`, `city`, `country`, `phone`, `gid`, `mobile`, `nationalnumber`, `department`, `division`, `with_honor`) VALUES (165694, 2015, '1', '', '', '', '', '0453306702', '3', '01005409027', '', 'علوم البيئة', 'العلوم البيولوجية', '');
INSERT INTO `lk9v6_users` (`name`, `email`, `usertype`) VALUES ('صديقه احمد السيد محمد يوسف', 'sedika13s06488@alexu.edu.eg', 'الخريجين');
INSERT INTO `lk9v6_alumni_main` (`id`, `user_id`, `approved`) VALUES (165695, 165695, 1);
INSERT INTO `lk9v6_alumni_data` (`alumni_id`, `graduation_year`, `fid`, `job`, `address`, `city`, `country`, `phone`, `gid`, `mobile`, `nationalnumber`, `department`, `division`, `with_honor`) VALUES (165695, 2015, '1', '', '', '', '', '4402858', '3', '01212408662', '', 'علوم البيئة', 'العلوم البيولوجية', '');
INSERT INTO `lk9v6_users` (`name`, `email`, `usertype`) VALUES ('احمد علاء الدين سعد على عبد الرحمن', 'ahmed13s04553@alexu.edu.eg', 'الخريجين');
INSERT INTO `lk9v6_alumni_main` (`id`, `user_id`, `approved`) VALUES (165696, 165696, 1);
INSERT INTO `lk9v6_alumni_data` (`alumni_id`, `graduation_year`, `fid`, `job`, `address`, `city`, `country`, `phone`, `gid`, `mobile`, `nationalnumber`, `department`, `division`, `with_honor`) VALUES (165696, 2015, '1', '', '', '', '', '034396981', '3', '01223988283', '', 'الفيزياء', 'العلوم الطبيعية', '');
INSERT INTO `lk9v6_users` (`name`, `email`, `usertype`) VALUES ('اسماء مصطفى عبدالفتاح الرفاعى', 'asmaa13s05465@alexu.edu.eg', 'الخريجين');
INSERT INTO `lk9v6_alumni_main` (`id`, `user_id`, `approved`) VALUES (165697, 165697, 1);
INSERT INTO `lk9v6_alumni_data` (`alumni_id`, `graduation_year`, `fid`, `job`, `address`, `city`, `country`, `phone`, `gid`, `mobile`, `nationalnumber`, `department`, `division`, `with_honor`) VALUES (165697, 2015, '1', '', '', '', '', '035024176', '3', '01208521817', '', 'علوم البيئة', 'العلوم البيولوجية', '');
INSERT INTO `lk9v6_users` (`name`, `email`, `usertype`) VALUES ('محمد حماده احمد احمد صالح', 'mohamed13s06339@alexu.edu.eg', 'الخريجين');
INSERT INTO `lk9v6_alumni_main` (`id`, `user_id`, `approved`) VALUES (165698, 165698, 1);
INSERT INTO `lk9v6_alumni_data` (`alumni_id`, `graduation_year`, `fid`, `job`, `address`, `city`, `country`, `phone`, `gid`, `mobile`, `nationalnumber`, `department`, `division`, `with_honor`) VALUES (165698, 2015, '1', '', '', '', '', '035579304', '3', '01207132821', '', 'الجيولوجيا', 'العلوم الجيولوجية', '');
INSERT INTO `lk9v6_users` (`name`, `email`, `usertype`) VALUES ('الاء محمود دياب ابو زيد', 'alaa13s06871@alexu.edu.eg', 'الخريجين');
INSERT INTO `lk9v6_alumni_main` (`id`, `user_id`, `approved`) VALUES (165699, 165699, 1);
INSERT INTO `lk9v6_alumni_data` (`alumni_id`, `graduation_year`, `fid`, `job`, `address`, `city`, `country`, `phone`, `gid`, `mobile`, `nationalnumber`, `department`, `division`, `with_honor`) VALUES (165699, 2015, '1', '', '', '', '', '5748252', '3', '01027228469', '', 'الفيزياء', 'العلوم الطبيعية', '');
INSERT INTO `lk9v6_users` (`name`, `email`, `usertype`) VALUES ('ايه صابر محمد حسن الشربينى', 'aya13s04891@alexu.edu.eg', 'الخريجين');
INSERT INTO `lk9v6_alumni_main` (`id`, `user_id`, `approved`) VALUES (165700, 165700, 1);
INSERT INTO `lk9v6_alumni_data` (`alumni_id`, `graduation_year`, `fid`, `job`, `address`, `city`, `country`, `phone`, `gid`, `mobile`, `nationalnumber`, `department`, `division`, `with_honor`) VALUES (165700, 2015, '1', '', '', '', '', '3815099', '3', '01065276010', '', 'علوم البيئة', 'العلوم البيولوجية', '');
INSERT INTO `lk9v6_users` (`name`, `email`, `usertype`) VALUES ('ايمان محمد احمد سليمان يوسف', 'eman13s05313@alexu.edu.eg', 'الخريجين');
INSERT INTO `lk9v6_alumni_main` (`id`, `user_id`, `approved`) VALUES (165701, 165701, 1);
INSERT INTO `lk9v6_alumni_data` (`alumni_id`, `graduation_year`, `fid`, `job`, `address`, `city`, `country`, `phone`, `gid`, `mobile`, `nationalnumber`, `department`, `division`, `with_honor`) VALUES (165701, 2015, '1', '', '', '', '', '039565069', '3', '0119556694', '', 'علوم البيئة', 'العلوم البيولوجية', '');
INSERT INTO `lk9v6_users` (`name`, `email`, `usertype`) VALUES ('سلمى محمود محمد حسن جعدار', 'salma13s04983@alexu.edu.eg', 'الخريجين');
INSERT INTO `lk9v6_alumni_main` (`id`, `user_id`, `approved`) VALUES (165702, 165702, 1);
INSERT INTO `lk9v6_alumni_data` (`alumni_id`, `graduation_year`, `fid`, `job`, `address`, `city`, `country`, `phone`, `gid`, `mobile`, `nationalnumber`, `department`, `division`, `with_honor`) VALUES (165702, 2015, '1', '', '', '', '', '5802210', '3', '01285732772', '', 'علوم البيئة', 'العلوم البيولوجية', '');
INSERT INTO `lk9v6_users` (`name`, `email`, `usertype`) VALUES ('ساره احمد احمد طلبه', 'sara13s04331@alexu.edu.eg', 'الخريجين');
INSERT INTO `lk9v6_alumni_main` (`id`, `user_id`, `approved`) VALUES (165703, 165703, 1);
INSERT INTO `lk9v6_alumni_data` (`alumni_id`, `graduation_year`, `fid`, `job`, `address`, `city`, `country`, `phone`, `gid`, `mobile`, `nationalnumber`, `department`, `division`, `with_honor`) VALUES (165703, 2015, '1', '', '', '', '', '033250976', '3', '01205117098', '', 'الجيولوجيا', 'العلوم الجيولوجية', '');
INSERT INTO `lk9v6_users` (`name`, `email`, `usertype`) VALUES ('هديل يوسف على محمد محمد الهجان', 'hadeel13s04720@alexu.edu.eg', 'الخريجين');
INSERT INTO `lk9v6_alumni_main` (`id`, `user_id`, `approved`) VALUES (165704, 165704, 1);
INSERT INTO `lk9v6_alumni_data` (`alumni_id`, `graduation_year`, `fid`, `job`, `address`, `city`, `country`, `phone`, `gid`, `mobile`, `nationalnumber`, `department`, `division`, `with_honor`) VALUES (165704, 2015, '1', '', '', '', '', '5577389', '3', '01116794283', '', 'الفيزياء', 'العلوم الطبيعية', '');
INSERT INTO `lk9v6_users` (`name`, `email`, `usertype`) VALUES ('ايمان فتحى محمد احمد', 'eman13s05726@alexu.edu.eg', 'الخريجين');
INSERT INTO `lk9v6_alumni_main` (`id`, `user_id`, `approved`) VALUES (165705, 165705, 1);
INSERT INTO `lk9v6_alumni_data` (`alumni_id`, `graduation_year`, `fid`, `job`, `address`, `city`, `country`, `phone`, `gid`, `mobile`, `nationalnumber`, `department`, `division`, `with_honor`) VALUES (165705, 2015, '1', '', '', '', '', '032141033', '3', '0194234095', '', 'علوم البيئة', 'العلوم البيولوجية', '');
INSERT INTO `lk9v6_users` (`name`, `email`, `usertype`) VALUES ('اسماء فايز سلطان حسن', 'asmaa13s05314@alexu.edu.eg', 'الخريجين');
INSERT INTO `lk9v6_alumni_main` (`id`, `user_id`, `approved`) VALUES (165706, 165706, 1);
INSERT INTO `lk9v6_alumni_data` (`alumni_id`, `graduation_year`, `fid`, `job`, `address`, `city`, `country`, `phone`, `gid`, `mobile`, `nationalnumber`, `department`, `division`, `with_honor`) VALUES (165706, 2015, '1', '', '', '', '', '034650123', '3', '01210607276', '', 'علوم البيئة', 'العلوم البيولوجية', '');
INSERT INTO `lk9v6_users` (`name`, `email`, `usertype`) VALUES ('روان خميس محمد حسن عوينات', 'rowan13s05351@alexu.edu.eg', 'الخريجين');
INSERT INTO `lk9v6_alumni_main` (`id`, `user_id`, `approved`) VALUES (165707, 165707, 1);
INSERT INTO `lk9v6_alumni_data` (`alumni_id`, `graduation_year`, `fid`, `job`, `address`, `city`, `country`, `phone`, `gid`, `mobile`, `nationalnumber`, `department`, `division`, `with_honor`) VALUES (165707, 2015, '1', '', '', '', '', '034278543', '3', '01147178785', '', 'علوم البيئة', 'العلوم البيولوجية', '');
INSERT INTO `lk9v6_users` (`name`, `email`, `usertype`) VALUES ('عبيدة السيد محمد يوسف', 'ebida13s06818@alexu.edu.eg', 'الخريجين');
INSERT INTO `lk9v6_alumni_main` (`id`, `user_id`, `approved`) VALUES (165708, 165708, 1);
INSERT INTO `lk9v6_alumni_data` (`alumni_id`, `graduation_year`, `fid`, `job`, `address`, `city`, `country`, `phone`, `gid`, `mobile`, `nationalnumber`, `department`, `division`, `with_honor`) VALUES (165708, 2015, '1', '', '', '', '', '0452272823', '3', '01146702329', '', 'الفيزياء', 'العلوم الطبيعية', '');
INSERT INTO `lk9v6_users` (`name`, `email`, `usertype`) VALUES ('احمد كمال عبده السيد بدوى', 'ahmed13s04341@alexu.edu.eg', 'الخريجين');
INSERT INTO `lk9v6_alumni_main` (`id`, `user_id`, `approved`) VALUES (165709, 165709, 1);
INSERT INTO `lk9v6_alumni_data` (`alumni_id`, `graduation_year`, `fid`, `job`, `address`, `city`, `country`, `phone`, `gid`, `mobile`, `nationalnumber`, `department`, `division`, `with_honor`) VALUES (165709, 2015, '1', '', '', '', '', '034264121', '3', '01289083234', '', 'الفيزياء', 'العلوم الطبيعية', '');
INSERT INTO `lk9v6_users` (`name`, `email`, `usertype`) VALUES ('سلمى محمد محمد على الدقيش', 'salma13s06734@alexu.edu.eg', 'الخريجين');
INSERT INTO `lk9v6_alumni_main` (`id`, `user_id`, `approved`) VALUES (165710, 165710, 1);
INSERT INTO `lk9v6_alumni_data` (`alumni_id`, `graduation_year`, `fid`, `job`, `address`, `city`, `country`, `phone`, `gid`, `mobile`, `nationalnumber`, `department`, `division`, `with_honor`) VALUES (165710, 2015, '1', '', '', '', '', '4244310', '3', '01282012339', '', 'علوم البيئة', 'العلوم البيولوجية', '');
INSERT INTO `lk9v6_users` (`name`, `email`, `usertype`) VALUES ('تقى عبد الله حكم محمد ابو على', 'toqa13s05516@alexu.edu.eg', 'الخريجين');
INSERT INTO `lk9v6_alumni_main` (`id`, `user_id`, `approved`) VALUES (165711, 165711, 1);
INSERT INTO `lk9v6_alumni_data` (`alumni_id`, `graduation_year`, `fid`, `job`, `address`, `city`, `country`, `phone`, `gid`, `mobile`, `nationalnumber`, `department`, `division`, `with_honor`) VALUES (165711, 2015, '1', '', '', '', '', '4436624', '3', '01220308887', '', 'علوم البيئة', 'العلوم البيولوجية', '');
INSERT INTO `lk9v6_users` (`name`, `email`, `usertype`) VALUES ('مارينا عوض حلمى عوض سعيد', 'marina13s05550@alexu.edu.eg', 'الخريجين');
INSERT INTO `lk9v6_alumni_main` (`id`, `user_id`, `approved`) VALUES (165712, 165712, 1);
INSERT INTO `lk9v6_alumni_data` (`alumni_id`, `graduation_year`, `fid`, `job`, `address`, `city`, `country`, `phone`, `gid`, `mobile`, `nationalnumber`, `department`, `division`, `with_honor`) VALUES (165712, 2015, '1', '', '', '', '', '035067390', '3', '01201751925', '', 'علوم البيئة', 'العلوم البيولوجية', '');
INSERT INTO `lk9v6_users` (`name`, `email`, `usertype`) VALUES ('محمد عادل سعد عبد الكريم السيد', 'mohamed13s06131@alexu.edu.eg', 'الخريجين');
INSERT INTO `lk9v6_alumni_main` (`id`, `user_id`, `approved`) VALUES (165713, 165713, 1);
INSERT INTO `lk9v6_alumni_data` (`alumni_id`, `graduation_year`, `fid`, `job`, `address`, `city`, `country`, `phone`, `gid`, `mobile`, `nationalnumber`, `department`, `division`, `with_honor`) VALUES (165713, 2015, '1', '', '', '', '', '035378079', '3', '0164808661', '', 'الفيزياء', 'العلوم الطبيعية', '');
INSERT INTO `lk9v6_users` (`name`, `email`, `usertype`) VALUES ('مينا مدحت جرجس سعد', 'mina13s05382@alexu.edu.eg', 'الخريجين');
INSERT INTO `lk9v6_alumni_main` (`id`, `user_id`, `approved`) VALUES (165714, 165714, 1);
INSERT INTO `lk9v6_alumni_data` (`alumni_id`, `graduation_year`, `fid`, `job`, `address`, `city`, `country`, `phone`, `gid`, `mobile`, `nationalnumber`, `department`, `division`, `with_honor`) VALUES (165714, 2015, '1', '', '', '', '', '0453341748', '3', '01274875009', '', 'علوم البيئة', 'العلوم البيولوجية', '');
INSERT INTO `lk9v6_users` (`name`, `email`, `usertype`) VALUES ('عمر محمود محمد شحاته ', 'omar13s06685@alexu.edu.eg', 'الخريجين');
INSERT INTO `lk9v6_alumni_main` (`id`, `user_id`, `approved`) VALUES (165715, 165715, 1);
INSERT INTO `lk9v6_alumni_data` (`alumni_id`, `graduation_year`, `fid`, `job`, `address`, `city`, `country`, `phone`, `gid`, `mobile`, `nationalnumber`, `department`, `division`, `with_honor`) VALUES (165715, 2015, '1', '', '', '', '', '034271298', '3', '01009239679', '', 'الفيزياء', 'العلوم الطبيعية', '');
INSERT INTO `lk9v6_users` (`name`, `email`, `usertype`) VALUES ('اسماء عبدالباسط عمر عبدالباقى', 'asmaa13s05067@alexu.edu.eg', 'الخريجين');
INSERT INTO `lk9v6_alumni_main` (`id`, `user_id`, `approved`) VALUES (165716, 165716, 1);
INSERT INTO `lk9v6_alumni_data` (`alumni_id`, `graduation_year`, `fid`, `job`, `address`, `city`, `country`, `phone`, `gid`, `mobile`, `nationalnumber`, `department`, `division`, `with_honor`) VALUES (165716, 2015, '1', '', '', '', '', '4402131', '3', '01067542938', '', 'علوم البيئة', 'العلوم البيولوجية', '');
INSERT INTO `lk9v6_users` (`name`, `email`, `usertype`) VALUES ('ساره سعيد محمد احمد', 'sara13s06288@alexu.edu.eg', 'الخريجين');
INSERT INTO `lk9v6_alumni_main` (`id`, `user_id`, `approved`) VALUES (165717, 165717, 1);
INSERT INTO `lk9v6_alumni_data` (`alumni_id`, `graduation_year`, `fid`, `job`, `address`, `city`, `country`, `phone`, `gid`, `mobile`, `nationalnumber`, `department`, `division`, `with_honor`) VALUES (165717, 2015, '1', '', '', '', '', '034289487', '3', '01066578877', '', 'الفيزياء', 'العلوم الطبيعية', '');
INSERT INTO `lk9v6_users` (`name`, `email`, `usertype`) VALUES ('عمرو محمد جابر عيد القرش', 'amr13s06129@alexu.edu.eg', 'الخريجين');
INSERT INTO `lk9v6_alumni_main` (`id`, `user_id`, `approved`) VALUES (165718, 165718, 1);
INSERT INTO `lk9v6_alumni_data` (`alumni_id`, `graduation_year`, `fid`, `job`, `address`, `city`, `country`, `phone`, `gid`, `mobile`, `nationalnumber`, `department`, `division`, `with_honor`) VALUES (165718, 2015, '1', '', '', '', '', '01274959159', '3', '01274959159', '', 'الفيزياء', 'العلوم الطبيعية', '');
INSERT INTO `lk9v6_users` (`name`, `email`, `usertype`) VALUES ('ايمان محمد النبوى العيسوى', 'eman13s04423@alexu.edu.eg', 'الخريجين');
INSERT INTO `lk9v6_alumni_main` (`id`, `user_id`, `approved`) VALUES (165719, 165719, 1);
INSERT INTO `lk9v6_alumni_data` (`alumni_id`, `graduation_year`, `fid`, `job`, `address`, `city`, `country`, `phone`, `gid`, `mobile`, `nationalnumber`, `department`, `division`, `with_honor`) VALUES (165719, 2015, '1', '', '', '', '', '5353555', '3', '01064711842', '', 'الفيزياء', 'العلوم الطبيعية', '');
INSERT INTO `lk9v6_users` (`name`, `email`, `usertype`) VALUES ('نورهان عبدالستار غانم رفاعى', 'nourhan13s04737@alexu.edu.eg', 'الخريجين');
INSERT INTO `lk9v6_alumni_main` (`id`, `user_id`, `approved`) VALUES (165720, 165720, 1);
INSERT INTO `lk9v6_alumni_data` (`alumni_id`, `graduation_year`, `fid`, `job`, `address`, `city`, `country`, `phone`, `gid`, `mobile`, `nationalnumber`, `department`, `division`, `with_honor`) VALUES (165720, 2015, '1', '', '', '', '', '3330545', '3', '0188291650', '', 'الفيزياء', 'العلوم الطبيعية', '');
INSERT INTO `lk9v6_users` (`name`, `email`, `usertype`) VALUES ('هدير ايمن محمد ابراهيم حسن عميره', 'hadeer13s05692@alexu.edu.eg', 'الخريجين');
INSERT INTO `lk9v6_alumni_main` (`id`, `user_id`, `approved`) VALUES (165721, 165721, 1);
INSERT INTO `lk9v6_alumni_data` (`alumni_id`, `graduation_year`, `fid`, `job`, `address`, `city`, `country`, `phone`, `gid`, `mobile`, `nationalnumber`, `department`, `division`, `with_honor`) VALUES (165721, 2015, '1', '', '', '', '', '033245584', '3', '01207925277', '', 'علوم البيئة', 'العلوم البيولوجية', '');
INSERT INTO `lk9v6_users` (`name`, `email`, `usertype`) VALUES ('مارتينا عماد شفيق حنا', 'martina13s05863@alexu.edu.eg', 'الخريجين');
INSERT INTO `lk9v6_alumni_main` (`id`, `user_id`, `approved`) VALUES (165722, 165722, 1);
INSERT INTO `lk9v6_alumni_data` (`alumni_id`, `graduation_year`, `fid`, `job`, `address`, `city`, `country`, `phone`, `gid`, `mobile`, `nationalnumber`, `department`, `division`, `with_honor`) VALUES (165722, 2015, '1', '', '', '', '', '034381330', '3', '01285207336', '', 'علوم البيئة', 'العلوم البيولوجية', '');
INSERT INTO `lk9v6_users` (`name`, `email`, `usertype`) VALUES ('سلمى احمد خيرى حسن سيما', 'salma13s05010@alexu.edu.eg', 'الخريجين');
INSERT INTO `lk9v6_alumni_main` (`id`, `user_id`, `approved`) VALUES (165723, 165723, 1);
INSERT INTO `lk9v6_alumni_data` (`alumni_id`, `graduation_year`, `fid`, `job`, `address`, `city`, `country`, `phone`, `gid`, `mobile`, `nationalnumber`, `department`, `division`, `with_honor`) VALUES (165723, 2015, '1', '', '', '', '', '0452962868', '3', '01090316527', '', 'علم الحيوان', 'العلوم البيولوجية', '');
INSERT INTO `lk9v6_users` (`name`, `email`, `usertype`) VALUES ('مروه محمد احمد محمد متولى', 'marwa13s04568@alexu.edu.eg', 'الخريجين');
INSERT INTO `lk9v6_alumni_main` (`id`, `user_id`, `approved`) VALUES (165724, 165724, 1);
INSERT INTO `lk9v6_alumni_data` (`alumni_id`, `graduation_year`, `fid`, `job`, `address`, `city`, `country`, `phone`, `gid`, `mobile`, `nationalnumber`, `department`, `division`, `with_honor`) VALUES (165724, 2015, '1', '', '', '', '', '0452233259', '3', '01288283775', '', 'الفيزياء', 'العلوم الطبيعية', '');
INSERT INTO `lk9v6_users` (`name`, `email`, `usertype`) VALUES ('دنيا احمد عبدالحميد احمد محمد', 'donia13s04434@alexu.edu.eg', 'الخريجين');
INSERT INTO `lk9v6_alumni_main` (`id`, `user_id`, `approved`) VALUES (165725, 165725, 1);
INSERT INTO `lk9v6_alumni_data` (`alumni_id`, `graduation_year`, `fid`, `job`, `address`, `city`, `country`, `phone`, `gid`, `mobile`, `nationalnumber`, `department`, `division`, `with_honor`) VALUES (165725, 2015, '1', '', '', '', '', '4951244', '3', '01277063174', '', 'الفيزياء', 'العلوم الطبيعية', '');
INSERT INTO `lk9v6_users` (`name`, `email`, `usertype`) VALUES ('فاطمه اشرف المغاورى حسنين', 'fatma13s05281@alexu.edu.eg', 'الخريجين');
INSERT INTO `lk9v6_alumni_main` (`id`, `user_id`, `approved`) VALUES (165726, 165726, 1);
INSERT INTO `lk9v6_alumni_data` (`alumni_id`, `graduation_year`, `fid`, `job`, `address`, `city`, `country`, `phone`, `gid`, `mobile`, `nationalnumber`, `department`, `division`, `with_honor`) VALUES (165726, 2015, '1', '', '', '', '', '034373492', '3', '01124251908', '', 'علوم البيئة', 'العلوم البيولوجية', '');
INSERT INTO `lk9v6_users` (`name`, `email`, `usertype`) VALUES ('دميانه سمير شحاته سعيد داوود', 'domiana13s04551@alexu.edu.eg', 'الخريجين');
INSERT INTO `lk9v6_alumni_main` (`id`, `user_id`, `approved`) VALUES (165727, 165727, 1);
INSERT INTO `lk9v6_alumni_data` (`alumni_id`, `graduation_year`, `fid`, `job`, `address`, `city`, `country`, `phone`, `gid`, `mobile`, `nationalnumber`, `department`, `division`, `with_honor`) VALUES (165727, 2015, '1', '', '', '', '', '039671345', '3', '01275562804', '', 'الفيزياء', 'العلوم الطبيعية', '');
INSERT INTO `lk9v6_users` (`name`, `email`, `usertype`) VALUES ('مصطفى عادل مصطفى عطيه', 'mustafa13s04763@alexu.edu.eg', 'الخريجين');
INSERT INTO `lk9v6_alumni_main` (`id`, `user_id`, `approved`) VALUES (165728, 165728, 1);
INSERT INTO `lk9v6_alumni_data` (`alumni_id`, `graduation_year`, `fid`, `job`, `address`, `city`, `country`, `phone`, `gid`, `mobile`, `nationalnumber`, `department`, `division`, `with_honor`) VALUES (165728, 2015, '1', '', '', '', '', '035330043', '3', '01114353420', '', 'الفيزياء', 'العلوم الطبيعية', '');
INSERT INTO `lk9v6_users` (`name`, `email`, `usertype`) VALUES ('احمد ابراهيم احمد على موسى', 'ahmed13s06392@alexu.edu.eg', 'الخريجين');
INSERT INTO `lk9v6_alumni_main` (`id`, `user_id`, `approved`) VALUES (165729, 165729, 1);
INSERT INTO `lk9v6_alumni_data` (`alumni_id`, `graduation_year`, `fid`, `job`, `address`, `city`, `country`, `phone`, `gid`, `mobile`, `nationalnumber`, `department`, `division`, `with_honor`) VALUES (165729, 2015, '1', '', '', '', '', '035487061', '3', '01220805308', '', 'الفيزياء', 'العلوم الطبيعية', '');
INSERT INTO `lk9v6_users` (`name`, `email`, `usertype`) VALUES ('كلارا البير وصفى خير', 'klara13s04646@alexu.edu.eg', 'الخريجين');
INSERT INTO `lk9v6_alumni_main` (`id`, `user_id`, `approved`) VALUES (165730, 165730, 1);
INSERT INTO `lk9v6_alumni_data` (`alumni_id`, `graduation_year`, `fid`, `job`, `address`, `city`, `country`, `phone`, `gid`, `mobile`, `nationalnumber`, `department`, `division`, `with_honor`) VALUES (165730, 2015, '1', '', '', '', '', '033918332', '3', '01227095803', '', 'الفيزياء', 'العلوم الطبيعية', '');
INSERT INTO `lk9v6_users` (`name`, `email`, `usertype`) VALUES ('مريم طارق جابر عبد الحميد', 'mariem13s06558@alexu.edu.eg', 'الخريجين');
INSERT INTO `lk9v6_alumni_main` (`id`, `user_id`, `approved`) VALUES (165731, 165731, 1);
INSERT INTO `lk9v6_alumni_data` (`alumni_id`, `graduation_year`, `fid`, `job`, `address`, `city`, `country`, `phone`, `gid`, `mobile`, `nationalnumber`, `department`, `division`, `with_honor`) VALUES (165731, 2015, '1', '', '', '', '', '034366190', '3', '01223247514', '', 'علوم البيئة', 'العلوم البيولوجية', '');
INSERT INTO `lk9v6_users` (`name`, `email`, `usertype`) VALUES ('معاذ خالد فتحى ابراهيم', 'mouaz13s06895@alexu.edu.eg', 'الخريجين');
INSERT INTO `lk9v6_alumni_main` (`id`, `user_id`, `approved`) VALUES (165732, 165732, 1);
INSERT INTO `lk9v6_alumni_data` (`alumni_id`, `graduation_year`, `fid`, `job`, `address`, `city`, `country`, `phone`, `gid`, `mobile`, `nationalnumber`, `department`, `division`, `with_honor`) VALUES (165732, 2015, '1', '', '', '', '', '035350908', '3', '01124173429', '', 'الفيزياء', 'العلوم الطبيعية', '');
INSERT INTO `lk9v6_users` (`name`, `email`, `usertype`) VALUES ('بسمه حسن خليل ابراهيم سيد احمد', 'basma13s04959@alexu.edu.eg', 'الخريجين');
INSERT INTO `lk9v6_alumni_main` (`id`, `user_id`, `approved`) VALUES (165733, 165733, 1);
INSERT INTO `lk9v6_alumni_data` (`alumni_id`, `graduation_year`, `fid`, `job`, `address`, `city`, `country`, `phone`, `gid`, `mobile`, `nationalnumber`, `department`, `division`, `with_honor`) VALUES (165733, 2015, '1', '', '', '', '', '035820129', '3', '01065480760', '', 'علوم البيئة', 'العلوم البيولوجية', '');
INSERT INTO `lk9v6_users` (`name`, `email`, `usertype`) VALUES ('ندى حسين حلمى حسين سلام', 'nada13s04586@alexu.edu.eg', 'الخريجين');
INSERT INTO `lk9v6_alumni_main` (`id`, `user_id`, `approved`) VALUES (165734, 165734, 1);
INSERT INTO `lk9v6_alumni_data` (`alumni_id`, `graduation_year`, `fid`, `job`, `address`, `city`, `country`, `phone`, `gid`, `mobile`, `nationalnumber`, `department`, `division`, `with_honor`) VALUES (165734, 2015, '1', '', '', '', '', '5060725', '3', '01200687656', '', 'الفيزياء', 'العلوم الطبيعية', '');
INSERT INTO `lk9v6_users` (`name`, `email`, `usertype`) VALUES ('يمنى سعيد مرسى محمد عمر', 'yomna13s06152@alexu.edu.eg', 'الخريجين');
INSERT INTO `lk9v6_alumni_main` (`id`, `user_id`, `approved`) VALUES (165735, 165735, 1);
INSERT INTO `lk9v6_alumni_data` (`alumni_id`, `graduation_year`, `fid`, `job`, `address`, `city`, `country`, `phone`, `gid`, `mobile`, `nationalnumber`, `department`, `division`, `with_honor`) VALUES (165735, 2015, '1', '', '', '', '', '034381540', '3', '01001956233', '', 'علوم البيئة', 'العلوم البيولوجية', '');
INSERT INTO `lk9v6_users` (`name`, `email`, `usertype`) VALUES ('احمد جمال محمود عبد الله عبد الرحمن', 'ahmed13s04543@alexu.edu.eg', 'الخريجين');
INSERT INTO `lk9v6_alumni_main` (`id`, `user_id`, `approved`) VALUES (165736, 165736, 1);
INSERT INTO `lk9v6_alumni_data` (`alumni_id`, `graduation_year`, `fid`, `job`, `address`, `city`, `country`, `phone`, `gid`, `mobile`, `nationalnumber`, `department`, `division`, `with_honor`) VALUES (165736, 2015, '1', '', '', '', '', '4398685', '3', '01278017393', '', 'الفيزياء', 'العلوم الطبيعية', '');
INSERT INTO `lk9v6_users` (`name`, `email`, `usertype`) VALUES ('مى مصطفى محمد محمدين كراعى', 'mai13s04485@alexu.edu.eg', 'الخريجين');
INSERT INTO `lk9v6_alumni_main` (`id`, `user_id`, `approved`) VALUES (165737, 165737, 1);
INSERT INTO `lk9v6_alumni_data` (`alumni_id`, `graduation_year`, `fid`, `job`, `address`, `city`, `country`, `phone`, `gid`, `mobile`, `nationalnumber`, `department`, `division`, `with_honor`) VALUES (165737, 2015, '1', '', '', '', '', '033633207', '3', '01064223832', '', 'الفيزياء', 'العلوم الطبيعية', '');
INSERT INTO `lk9v6_users` (`name`, `email`, `usertype`) VALUES ('مرام محمد اسماعيل اسماعيل ماضى', 'maram13s05672@alexu.edu.eg', 'الخريجين');
INSERT INTO `lk9v6_alumni_main` (`id`, `user_id`, `approved`) VALUES (165738, 165738, 1);
INSERT INTO `lk9v6_alumni_data` (`alumni_id`, `graduation_year`, `fid`, `job`, `address`, `city`, `country`, `phone`, `gid`, `mobile`, `nationalnumber`, `department`, `division`, `with_honor`) VALUES (165738, 2015, '1', '', '', '', '', '5508979', '3', '01061704110', '', 'علوم البيئة', 'العلوم البيولوجية', '');
INSERT INTO `lk9v6_users` (`name`, `email`, `usertype`) VALUES ('مينا منير حماية ميخائيل ', 'mina13s06721@alexu.edu.eg', 'الخريجين');
INSERT INTO `lk9v6_alumni_main` (`id`, `user_id`, `approved`) VALUES (165739, 165739, 1);
INSERT INTO `lk9v6_alumni_data` (`alumni_id`, `graduation_year`, `fid`, `job`, `address`, `city`, `country`, `phone`, `gid`, `mobile`, `nationalnumber`, `department`, `division`, `with_honor`) VALUES (165739, 2015, '1', '', '', '', '', '5354172', '3', '01289375584', '', 'الفيزياء', 'العلوم الطبيعية', '');
INSERT INTO `lk9v6_users` (`name`, `email`, `usertype`) VALUES ('هدى على الليثى على الليثى', 'hoda13s04346@alexu.edu.eg', 'الخريجين');
INSERT INTO `lk9v6_alumni_main` (`id`, `user_id`, `approved`) VALUES (165740, 165740, 1);
INSERT INTO `lk9v6_alumni_data` (`alumni_id`, `graduation_year`, `fid`, `job`, `address`, `city`, `country`, `phone`, `gid`, `mobile`, `nationalnumber`, `department`, `division`, `with_honor`) VALUES (165740, 2015, '1', '', '', '', '', '3631047', '3', '01019213882', '', 'الفيزياء', 'العلوم الطبيعية', '');
INSERT INTO `lk9v6_users` (`name`, `email`, `usertype`) VALUES ('اسماء فرج رجب مصطفى', 'asmaa13s04522@alexu.edu.eg', 'الخريجين');
INSERT INTO `lk9v6_alumni_main` (`id`, `user_id`, `approved`) VALUES (165741, 165741, 1);
INSERT INTO `lk9v6_alumni_data` (`alumni_id`, `graduation_year`, `fid`, `job`, `address`, `city`, `country`, `phone`, `gid`, `mobile`, `nationalnumber`, `department`, `division`, `with_honor`) VALUES (165741, 2015, '1', '', '', '', '', '0452917527', '3', '01128078435', '', 'الفيزياء', 'العلوم الطبيعية', '');
INSERT INTO `lk9v6_users` (`name`, `email`, `usertype`) VALUES ('محمد الصافى عبدالعزيز عبدالونيس', 'mohamed13s05115@alexu.edu.eg', 'الخريجين');
INSERT INTO `lk9v6_alumni_main` (`id`, `user_id`, `approved`) VALUES (165742, 165742, 1);
INSERT INTO `lk9v6_alumni_data` (`alumni_id`, `graduation_year`, `fid`, `job`, `address`, `city`, `country`, `phone`, `gid`, `mobile`, `nationalnumber`, `department`, `division`, `with_honor`) VALUES (165742, 2015, '1', '', '', '', '', '0452426392', '3', '01127613681', '', 'علوم البيئة', 'العلوم البيولوجية', '');
INSERT INTO `lk9v6_users` (`name`, `email`, `usertype`) VALUES ('محمد عادل عبدالعزيز محمود عبدالرحمن', 'mohamed13s04738@alexu.edu.eg', 'الخريجين');
INSERT INTO `lk9v6_alumni_main` (`id`, `user_id`, `approved`) VALUES (165743, 165743, 1);
INSERT INTO `lk9v6_alumni_data` (`alumni_id`, `graduation_year`, `fid`, `job`, `address`, `city`, `country`, `phone`, `gid`, `mobile`, `nationalnumber`, `department`, `division`, `with_honor`) VALUES (165743, 2015, '1', '', '', '', '', '5006509', '3', '0192683750', '', 'الفيزياء', 'العلوم الطبيعية', '');
INSERT INTO `lk9v6_users` (`name`, `email`, `usertype`) VALUES ('أحمد سليم مسعود محمد جادو بلال', 'ahmed13s04070@alexu.edu.eg', 'الخريجين');
INSERT INTO `lk9v6_alumni_main` (`id`, `user_id`, `approved`) VALUES (165744, 165744, 1);
INSERT INTO `lk9v6_alumni_data` (`alumni_id`, `graduation_year`, `fid`, `job`, `address`, `city`, `country`, `phone`, `gid`, `mobile`, `nationalnumber`, `department`, `division`, `with_honor`) VALUES (165744, 2015, '1', '', '', '', '', '01111139130', '3', '01002224872', '', 'الجيولوجيا', 'العلوم الجيولوجية', '');
INSERT INTO `lk9v6_users` (`name`, `email`, `usertype`) VALUES ('اسماء فوزى مبروك حامد', 'asmaa13s04569@alexu.edu.eg', 'الخريجين');
INSERT INTO `lk9v6_alumni_main` (`id`, `user_id`, `approved`) VALUES (165745, 165745, 1);
INSERT INTO `lk9v6_alumni_data` (`alumni_id`, `graduation_year`, `fid`, `job`, `address`, `city`, `country`, `phone`, `gid`, `mobile`, `nationalnumber`, `department`, `division`, `with_honor`) VALUES (165745, 2015, '1', '', '', '', '', '035689202', '3', '01272677453', '', 'الفيزياء', 'العلوم الطبيعية', '');
INSERT INTO `lk9v6_users` (`name`, `email`, `usertype`) VALUES ('مروه فضل  الله عربى مسعود', 'marwa13s04374@alexu.edu.eg', 'الخريجين');
INSERT INTO `lk9v6_alumni_main` (`id`, `user_id`, `approved`) VALUES (165746, 165746, 1);
INSERT INTO `lk9v6_alumni_data` (`alumni_id`, `graduation_year`, `fid`, `job`, `address`, `city`, `country`, `phone`, `gid`, `mobile`, `nationalnumber`, `department`, `division`, `with_honor`) VALUES (165746, 2015, '1', '', '', '', '', '035773976', '3', '01286477635', '', 'الفيزياء', 'العلوم الطبيعية', '');
INSERT INTO `lk9v6_users` (`name`, `email`, `usertype`) VALUES ('محمد رضا خميس محمد', 'mohamed13s06263@alexu.edu.eg', 'الخريجين');
INSERT INTO `lk9v6_alumni_main` (`id`, `user_id`, `approved`) VALUES (165747, 165747, 1);
INSERT INTO `lk9v6_alumni_data` (`alumni_id`, `graduation_year`, `fid`, `job`, `address`, `city`, `country`, `phone`, `gid`, `mobile`, `nationalnumber`, `department`, `division`, `with_honor`) VALUES (165747, 2015, '1', '', '', '', '', '4333046', '3', '01227931642', '', 'الجيولوجيا', 'العلوم الجيولوجية', '');
INSERT INTO `lk9v6_users` (`name`, `email`, `usertype`) VALUES ('علا صالح السيد فرج', 'ola13s05264@alexu.edu.eg', 'الخريجين');
INSERT INTO `lk9v6_alumni_main` (`id`, `user_id`, `approved`) VALUES (165748, 165748, 1);
INSERT INTO `lk9v6_alumni_data` (`alumni_id`, `graduation_year`, `fid`, `job`, `address`, `city`, `country`, `phone`, `gid`, `mobile`, `nationalnumber`, `department`, `division`, `with_honor`) VALUES (165748, 2015, '1', '', '', '', '', '033324569', '3', '01228123303', '', 'علوم البيئة', 'العلوم البيولوجية', '');
INSERT INTO `lk9v6_users` (`name`, `email`, `usertype`) VALUES ('اسماء السيد رجب على عبد الهادى', 'asmaa13s05149@alexu.edu.eg', 'الخريجين');
INSERT INTO `lk9v6_alumni_main` (`id`, `user_id`, `approved`) VALUES (165749, 165749, 1);
INSERT INTO `lk9v6_alumni_data` (`alumni_id`, `graduation_year`, `fid`, `job`, `address`, `city`, `country`, `phone`, `gid`, `mobile`, `nationalnumber`, `department`, `division`, `with_honor`) VALUES (165749, 2015, '1', '', '', '', '', '5031156', '3', '01202332451', '', 'علوم البيئة', 'العلوم البيولوجية', '');
INSERT INTO `lk9v6_users` (`name`, `email`, `usertype`) VALUES ('دعاء محمد عبدالمنعم احمد', 'doaa13s05477@alexu.edu.eg', 'الخريجين');
INSERT INTO `lk9v6_alumni_main` (`id`, `user_id`, `approved`) VALUES (165750, 165750, 1);
INSERT INTO `lk9v6_alumni_data` (`alumni_id`, `graduation_year`, `fid`, `job`, `address`, `city`, `country`, `phone`, `gid`, `mobile`, `nationalnumber`, `department`, `division`, `with_honor`) VALUES (165750, 2015, '1', '', '', '', '', '5022222', '3', '01069443031', '', 'علوم البيئة', 'العلوم البيولوجية', '');
INSERT INTO `lk9v6_users` (`name`, `email`, `usertype`) VALUES ('عبدالرحمن فتحى حسين احمد مصطفى', 'abdelrahman13s04585@alexu.edu.eg', 'الخريجين');
INSERT INTO `lk9v6_alumni_main` (`id`, `user_id`, `approved`) VALUES (165751, 165751, 1);
INSERT INTO `lk9v6_alumni_data` (`alumni_id`, `graduation_year`, `fid`, `job`, `address`, `city`, `country`, `phone`, `gid`, `mobile`, `nationalnumber`, `department`, `division`, `with_honor`) VALUES (165751, 2015, '1', '', '', '', '', '035508287', '3', '01278333441', '', 'الفيزياء', 'العلوم الطبيعية', '');
INSERT INTO `lk9v6_users` (`name`, `email`, `usertype`) VALUES ('محمد حسين محمود علي منصور', 'mohamed13s03773@alexu.edu.eg', 'الخريجين');
INSERT INTO `lk9v6_alumni_main` (`id`, `user_id`, `approved`) VALUES (165752, 165752, 1);
INSERT INTO `lk9v6_alumni_data` (`alumni_id`, `graduation_year`, `fid`, `job`, `address`, `city`, `country`, `phone`, `gid`, `mobile`, `nationalnumber`, `department`, `division`, `with_honor`) VALUES (165752, 2015, '1', '', '', '', '', '0453512420', '3', '01118681130', '', 'الجيولوجيا', 'العلوم الجيولوجية', '');
INSERT INTO `lk9v6_users` (`name`, `email`, `usertype`) VALUES ('محمد احمد احمد ابراهيم', 'mohamed13s06130@alexu.edu.eg', 'الخريجين');
INSERT INTO `lk9v6_alumni_main` (`id`, `user_id`, `approved`) VALUES (165753, 165753, 1);
INSERT INTO `lk9v6_alumni_data` (`alumni_id`, `graduation_year`, `fid`, `job`, `address`, `city`, `country`, `phone`, `gid`, `mobile`, `nationalnumber`, `department`, `division`, `with_honor`) VALUES (165753, 2015, '1', '', '', '', '', '2200119', '3', '01276288086', '', 'الجيولوجيا', 'العلوم الجيولوجية', '');
INSERT INTO `lk9v6_users` (`name`, `email`, `usertype`) VALUES ('على سليمان على محمود', 'ali13s06748@alexu.edu.eg', 'الخريجين');
INSERT INTO `lk9v6_alumni_main` (`id`, `user_id`, `approved`) VALUES (165754, 165754, 1);
INSERT INTO `lk9v6_alumni_data` (`alumni_id`, `graduation_year`, `fid`, `job`, `address`, `city`, `country`, `phone`, `gid`, `mobile`, `nationalnumber`, `department`, `division`, `with_honor`) VALUES (165754, 2015, '1', '', '', '', '', '035758988', '3', '0120575295', '', 'الجيولوجيا', 'العلوم الجيولوجية', '');
INSERT INTO `lk9v6_users` (`name`, `email`, `usertype`) VALUES ('السيد اسامة السيد جمعة', 'elsayed13s03876@alexu.edu.eg', 'الخريجين');
INSERT INTO `lk9v6_alumni_main` (`id`, `user_id`, `approved`) VALUES (165755, 165755, 1);
INSERT INTO `lk9v6_alumni_data` (`alumni_id`, `graduation_year`, `fid`, `job`, `address`, `city`, `country`, `phone`, `gid`, `mobile`, `nationalnumber`, `department`, `division`, `with_honor`) VALUES (165755, 2015, '1', '', '', '', '', '0112443436', '3', '0196092927', '', 'الفيزياء', 'العلوم الطبيعية', '');
INSERT INTO `lk9v6_users` (`name`, `email`, `usertype`) VALUES ('محمد عبد الحميد محمد عبد الحميد', 'mohamed13s06238@alexu.edu.eg', 'الخريجين');
INSERT INTO `lk9v6_alumni_main` (`id`, `user_id`, `approved`) VALUES (165756, 165756, 1);
INSERT INTO `lk9v6_alumni_data` (`alumni_id`, `graduation_year`, `fid`, `job`, `address`, `city`, `country`, `phone`, `gid`, `mobile`, `nationalnumber`, `department`, `division`, `with_honor`) VALUES (165756, 2015, '1', '', '', '', '', '01147708115', '3', '01147708115', '', 'الجيولوجيا', 'العلوم الجيولوجية', '');
INSERT INTO `lk9v6_users` (`name`, `email`, `usertype`) VALUES ('ماركو مجدى شوقى بشاى', 'marko13s01843@alexu.edu.eg', 'الخريجين');
INSERT INTO `lk9v6_alumni_main` (`id`, `user_id`, `approved`) VALUES (165757, 165757, 1);
INSERT INTO `lk9v6_alumni_data` (`alumni_id`, `graduation_year`, `fid`, `job`, `address`, `city`, `country`, `phone`, `gid`, `mobile`, `nationalnumber`, `department`, `division`, `with_honor`) VALUES (165757, 2015, '1', '', '', '', '', '035332118', '3', '01201155834', '', 'علم الحيوان', 'العلوم البيولوجية', '');
INSERT INTO `lk9v6_users` (`name`, `email`, `usertype`) VALUES ('محمد سامح زكريا امين صبيح', 'mohamed13s05711@alexu.edu.eg', 'الخريجين');
INSERT INTO `lk9v6_alumni_main` (`id`, `user_id`, `approved`) VALUES (165758, 165758, 1);
INSERT INTO `lk9v6_alumni_data` (`alumni_id`, `graduation_year`, `fid`, `job`, `address`, `city`, `country`, `phone`, `gid`, `mobile`, `nationalnumber`, `department`, `division`, `with_honor`) VALUES (165758, 2015, '1', '', '', '', '', '4270038', '3', '01222252449', '', 'الجيولوجيا', 'العلوم الجيولوجية', '');
INSERT INTO `lk9v6_users` (`name`, `email`, `usertype`) VALUES ('اسلام محمد عبده محمد العطفى', 'islam13s04047@alexu.edu.eg', 'الخريجين');
INSERT INTO `lk9v6_alumni_main` (`id`, `user_id`, `approved`) VALUES (165759, 165759, 1);
INSERT INTO `lk9v6_alumni_data` (`alumni_id`, `graduation_year`, `fid`, `job`, `address`, `city`, `country`, `phone`, `gid`, `mobile`, `nationalnumber`, `department`, `division`, `with_honor`) VALUES (165759, 2015, '1', '', '', '', '', '0452400757', '2', '01005308668', '', 'علوم البيئة', 'العلوم البيولوجية', '');
INSERT INTO `lk9v6_users` (`name`, `email`, `usertype`) VALUES ('لمياء عبد العزيز محروس عبد العزيز', 'lamya13s04003@alexu.edu.eg', 'الخريجين');
INSERT INTO `lk9v6_alumni_main` (`id`, `user_id`, `approved`) VALUES (165760, 165760, 1);
INSERT INTO `lk9v6_alumni_data` (`alumni_id`, `graduation_year`, `fid`, `job`, `address`, `city`, `country`, `phone`, `gid`, `mobile`, `nationalnumber`, `department`, `division`, `with_honor`) VALUES (165760, 2015, '1', '', '', '', '', '0506994096', '2', '01145425708', '', 'علوم البيئة', 'العلوم البيولوجية', '');
INSERT INTO `lk9v6_users` (`name`, `email`, `usertype`) VALUES ('اسامة شعبان محمود السيد', 'osama13s02339@alexu.edu.eg', 'الخريجين');
INSERT INTO `lk9v6_alumni_main` (`id`, `user_id`, `approved`) VALUES (165761, 165761, 1);
INSERT INTO `lk9v6_alumni_data` (`alumni_id`, `graduation_year`, `fid`, `job`, `address`, `city`, `country`, `phone`, `gid`, `mobile`, `nationalnumber`, `department`, `division`, `with_honor`) VALUES (165761, 2015, '1', '', '', '', '', '034201682', '2', '01001398569', '', 'علوم الحاسب الآلي', 'العلوم الطبيعية', '');
INSERT INTO `lk9v6_users` (`name`, `email`, `usertype`) VALUES ('محمد مصطفى محمد على', 'mohamed13s02684@alexu.edu.eg', 'الخريجين');
INSERT INTO `lk9v6_alumni_main` (`id`, `user_id`, `approved`) VALUES (165762, 165762, 1);
INSERT INTO `lk9v6_alumni_data` (`alumni_id`, `graduation_year`, `fid`, `job`, `address`, `city`, `country`, `phone`, `gid`, `mobile`, `nationalnumber`, `department`, `division`, `with_honor`) VALUES (165762, 2014, '1', '', '', '', '', '033022387', '3', '01278630057', '', 'علوم الحاسب الآلي', 'العلوم الطبيعية', '');
INSERT INTO `lk9v6_users` (`name`, `email`, `usertype`) VALUES ('وفاء عبدالرحمن قطب عبدالرحمن', 'wafaa13s05295@alexu.edu.eg', 'الخريجين');
INSERT INTO `lk9v6_alumni_main` (`id`, `user_id`, `approved`) VALUES (165763, 165763, 1);
INSERT INTO `lk9v6_alumni_data` (`alumni_id`, `graduation_year`, `fid`, `job`, `address`, `city`, `country`, `phone`, `gid`, `mobile`, `nationalnumber`, `department`, `division`, `with_honor`) VALUES (165763, 2015, '1', '', '', '', '', '033330000', '5', '01226120623', '', 'الكيمياء', 'العلوم البيولوجية', '');
INSERT INTO `lk9v6_users` (`name`, `email`, `usertype`) VALUES ('هاله على حافظ احمد ابراهيم', 'hala13s05794@alexu.edu.eg', 'الخريجين');
INSERT INTO `lk9v6_alumni_main` (`id`, `user_id`, `approved`) VALUES (165764, 165764, 1);
INSERT INTO `lk9v6_alumni_data` (`alumni_id`, `graduation_year`, `fid`, `job`, `address`, `city`, `country`, `phone`, `gid`, `mobile`, `nationalnumber`, `department`, `division`, `with_honor`) VALUES (165764, 2015, '1', '', '', '', '', '5922589', '5', '01280739133', '', 'الكيمياء', 'العلوم البيولوجية', '');
INSERT INTO `lk9v6_users` (`name`, `email`, `usertype`) VALUES ('احمد حمدى على محمد الدكش', 'ahmed13s05372@alexu.edu.eg', 'الخريجين');
INSERT INTO `lk9v6_alumni_main` (`id`, `user_id`, `approved`) VALUES (165765, 165765, 1);
INSERT INTO `lk9v6_alumni_data` (`alumni_id`, `graduation_year`, `fid`, `job`, `address`, `city`, `country`, `phone`, `gid`, `mobile`, `nationalnumber`, `department`, `division`, `with_honor`) VALUES (165765, 2015, '1', '', '', '', '', '4800501', '5', '01226715786', '', 'الكيمياء', 'العلوم البيولوجية', '');
INSERT INTO `lk9v6_users` (`name`, `email`, `usertype`) VALUES ('اميرة محمود محمد محمود', 'amira13s06326@alexu.edu.eg', 'الخريجين');
INSERT INTO `lk9v6_alumni_main` (`id`, `user_id`, `approved`) VALUES (165766, 165766, 1);
INSERT INTO `lk9v6_alumni_data` (`alumni_id`, `graduation_year`, `fid`, `job`, `address`, `city`, `country`, `phone`, `gid`, `mobile`, `nationalnumber`, `department`, `division`, `with_honor`) VALUES (165766, 2015, '1', '', '', '', '', '4877592', '5', '01062503011', '', 'الميكروبيولوجى', 'العلوم البيولوجية', '');
INSERT INTO `lk9v6_users` (`name`, `email`, `usertype`) VALUES ('اسراء محمد السيد على محمد', 'esraa13s05591@alexu.edu.eg', 'الخريجين');
INSERT INTO `lk9v6_alumni_main` (`id`, `user_id`, `approved`) VALUES (165767, 165767, 1);
INSERT INTO `lk9v6_alumni_data` (`alumni_id`, `graduation_year`, `fid`, `job`, `address`, `city`, `country`, `phone`, `gid`, `mobile`, `nationalnumber`, `department`, `division`, `with_honor`) VALUES (165767, 2015, '1', '', '', '', '', '3617320', '5', '01271994375', '', 'الميكروبيولوجى', 'العلوم البيولوجية', '');
INSERT INTO `lk9v6_users` (`name`, `email`, `usertype`) VALUES ('امال طارق مكاوى عليوه سرحان', 'amal13s05587@alexu.edu.eg', 'الخريجين');
INSERT INTO `lk9v6_alumni_main` (`id`, `user_id`, `approved`) VALUES (165768, 165768, 1);
INSERT INTO `lk9v6_alumni_data` (`alumni_id`, `graduation_year`, `fid`, `job`, `address`, `city`, `country`, `phone`, `gid`, `mobile`, `nationalnumber`, `department`, `division`, `with_honor`) VALUES (165768, 2015, '1', '', '', '', '', '034358200', '5', '01229327624', '', 'الكيمياء', 'العلوم البيولوجية', '');
INSERT INTO `lk9v6_users` (`name`, `email`, `usertype`) VALUES ('ايه عبد العزيز وصال حمد', 'aya13s05081@alexu.edu.eg', 'الخريجين');
INSERT INTO `lk9v6_alumni_main` (`id`, `user_id`, `approved`) VALUES (165769, 165769, 1);
INSERT INTO `lk9v6_alumni_data` (`alumni_id`, `graduation_year`, `fid`, `job`, `address`, `city`, `country`, `phone`, `gid`, `mobile`, `nationalnumber`, `department`, `division`, `with_honor`) VALUES (165769, 2015, '1', '', '', '', '', '5231304', '5', '01005516648', '', 'الميكروبيولوجى', 'العلوم البيولوجية', '');
INSERT INTO `lk9v6_users` (`name`, `email`, `usertype`) VALUES ('مى حسين عبده شعبان الشيخ', 'mai13s05657@alexu.edu.eg', 'الخريجين');
INSERT INTO `lk9v6_alumni_main` (`id`, `user_id`, `approved`) VALUES (165770, 165770, 1);
INSERT INTO `lk9v6_alumni_data` (`alumni_id`, `graduation_year`, `fid`, `job`, `address`, `city`, `country`, `phone`, `gid`, `mobile`, `nationalnumber`, `department`, `division`, `with_honor`) VALUES (165770, 2015, '1', '', '', '', '', '034360383', '5', '01228362016', '', 'الكيمياء', 'العلوم البيولوجية', '');
INSERT INTO `lk9v6_users` (`name`, `email`, `usertype`) VALUES ('هبه الله عبدالرازق عوض عبدالرازق عوض', 'heba13s05589@alexu.edu.eg', 'الخريجين');
INSERT INTO `lk9v6_alumni_main` (`id`, `user_id`, `approved`) VALUES (165771, 165771, 1);
INSERT INTO `lk9v6_alumni_data` (`alumni_id`, `graduation_year`, `fid`, `job`, `address`, `city`, `country`, `phone`, `gid`, `mobile`, `nationalnumber`, `department`, `division`, `with_honor`) VALUES (165771, 2015, '1', '', '', '', '', '034840289', '5', '01228981004', '', 'الكيمياء', 'العلوم البيولوجية', '');
INSERT INTO `lk9v6_users` (`name`, `email`, `usertype`) VALUES ('اسماء علاء الدين فارس محمد', 'asmaa13s06574@alexu.edu.eg', 'الخريجين');
INSERT INTO `lk9v6_alumni_main` (`id`, `user_id`, `approved`) VALUES (165772, 165772, 1);
INSERT INTO `lk9v6_alumni_data` (`alumni_id`, `graduation_year`, `fid`, `job`, `address`, `city`, `country`, `phone`, `gid`, `mobile`, `nationalnumber`, `department`, `division`, `with_honor`) VALUES (165772, 2015, '1', '', '', '', '', '9552415', '5', '01282973688', '', 'الكيمياء', 'العلوم البيولوجية', '');
INSERT INTO `lk9v6_users` (`name`, `email`, `usertype`) VALUES ('ايه صلاح عجمى خضر', 'aya13s05803@alexu.edu.eg', 'الخريجين');
INSERT INTO `lk9v6_alumni_main` (`id`, `user_id`, `approved`) VALUES (165773, 165773, 1);
INSERT INTO `lk9v6_alumni_data` (`alumni_id`, `graduation_year`, `fid`, `job`, `address`, `city`, `country`, `phone`, `gid`, `mobile`, `nationalnumber`, `department`, `division`, `with_honor`) VALUES (165773, 2015, '1', '', '', '', '', '5409988', '5', '01005551200', '', 'الميكروبيولوجى', 'العلوم البيولوجية', '');
INSERT INTO `lk9v6_users` (`name`, `email`, `usertype`) VALUES ('عبدالجواد محمد محمد عبدالجواد سبوخ', 'abdelgawad13s04966@alexu.edu.eg', 'الخريجين');
INSERT INTO `lk9v6_alumni_main` (`id`, `user_id`, `approved`) VALUES (165774, 165774, 1);
INSERT INTO `lk9v6_alumni_data` (`alumni_id`, `graduation_year`, `fid`, `job`, `address`, `city`, `country`, `phone`, `gid`, `mobile`, `nationalnumber`, `department`, `division`, `with_honor`) VALUES (165774, 2015, '1', '', '', '', '', '0472515489', '5', '01001645880', '', 'الكيمياء', 'العلوم البيولوجية', '');
INSERT INTO `lk9v6_users` (`name`, `email`, `usertype`) VALUES ('هدير سمير محمد فرج الفقى', 'hadeer13s05245@alexu.edu.eg', 'الخريجين');
INSERT INTO `lk9v6_alumni_main` (`id`, `user_id`, `approved`) VALUES (165775, 165775, 1);
INSERT INTO `lk9v6_alumni_data` (`alumni_id`, `graduation_year`, `fid`, `job`, `address`, `city`, `country`, `phone`, `gid`, `mobile`, `nationalnumber`, `department`, `division`, `with_honor`) VALUES (165775, 2015, '1', '', '', '', '', '4202408', '5', '01060081950', '', 'الكيمياء', 'العلوم البيولوجية', '');
INSERT INTO `lk9v6_users` (`name`, `email`, `usertype`) VALUES ('مها محمود ابوبكر الشهاوى', 'maha13s05032@alexu.edu.eg', 'الخريجين');
INSERT INTO `lk9v6_alumni_main` (`id`, `user_id`, `approved`) VALUES (165776, 165776, 1);
INSERT INTO `lk9v6_alumni_data` (`alumni_id`, `graduation_year`, `fid`, `job`, `address`, `city`, `country`, `phone`, `gid`, `mobile`, `nationalnumber`, `department`, `division`, `with_honor`) VALUES (165776, 2015, '1', '', '', '', '', '0472590247', '5', '0199540772', '', 'الكيمياء', 'العلوم البيولوجية', '');
INSERT INTO `lk9v6_users` (`name`, `email`, `usertype`) VALUES ('اشرف على محمد الفحام', 'ashraf13s09676@alexu.edu.eg', 'الخريجين');
INSERT INTO `lk9v6_alumni_main` (`id`, `user_id`, `approved`) VALUES (165777, 165777, 1);
INSERT INTO `lk9v6_alumni_data` (`alumni_id`, `graduation_year`, `fid`, `job`, `address`, `city`, `country`, `phone`, `gid`, `mobile`, `nationalnumber`, `department`, `division`, `with_honor`) VALUES (165777, 2015, '1', '', '', '', '', '5353509', '5', '01221954549', '', 'الكيمياء', 'العلوم البيولوجية', '');
INSERT INTO `lk9v6_users` (`name`, `email`, `usertype`) VALUES ('ايمان السيد حسن احمد', 'eman13s05022@alexu.edu.eg', 'الخريجين');
INSERT INTO `lk9v6_alumni_main` (`id`, `user_id`, `approved`) VALUES (165778, 165778, 1);
INSERT INTO `lk9v6_alumni_data` (`alumni_id`, `graduation_year`, `fid`, `job`, `address`, `city`, `country`, `phone`, `gid`, `mobile`, `nationalnumber`, `department`, `division`, `with_honor`) VALUES (165778, 2015, '1', '', '', '', '', '4321773', '5', '01202337531', '', 'الميكروبيولوجى', 'العلوم البيولوجية', '');
INSERT INTO `lk9v6_users` (`name`, `email`, `usertype`) VALUES ('شيرين صبرى بلال محمد زيدان', 'sherin13s05705@alexu.edu.eg', 'الخريجين');
INSERT INTO `lk9v6_alumni_main` (`id`, `user_id`, `approved`) VALUES (165779, 165779, 1);
INSERT INTO `lk9v6_alumni_data` (`alumni_id`, `graduation_year`, `fid`, `job`, `address`, `city`, `country`, `phone`, `gid`, `mobile`, `nationalnumber`, `department`, `division`, `with_honor`) VALUES (165779, 2015, '1', '', '', '', '', '5283337', '5', '0187145194', '', 'الكيمياء', 'العلوم البيولوجية', '');
INSERT INTO `lk9v6_users` (`name`, `email`, `usertype`) VALUES ('كاريمان محمد حسن مسعود ابراهيم', 'kariman13s05277@alexu.edu.eg', 'الخريجين');
INSERT INTO `lk9v6_alumni_main` (`id`, `user_id`, `approved`) VALUES (165780, 165780, 1);
INSERT INTO `lk9v6_alumni_data` (`alumni_id`, `graduation_year`, `fid`, `job`, `address`, `city`, `country`, `phone`, `gid`, `mobile`, `nationalnumber`, `department`, `division`, `with_honor`) VALUES (165780, 2015, '1', '', '', '', '', '0464947772', '5', '01064076859', '', 'الكيمياء', 'العلوم البيولوجية', '');
INSERT INTO `lk9v6_users` (`name`, `email`, `usertype`) VALUES ('اشرقت صبرى محمد محمد عبد البارى', 'ashrakt13s05271@alexu.edu.eg', 'الخريجين');
INSERT INTO `lk9v6_alumni_main` (`id`, `user_id`, `approved`) VALUES (165781, 165781, 1);
INSERT INTO `lk9v6_alumni_data` (`alumni_id`, `graduation_year`, `fid`, `job`, `address`, `city`, `country`, `phone`, `gid`, `mobile`, `nationalnumber`, `department`, `division`, `with_honor`) VALUES (165781, 2015, '1', '', '', '', '', '5824053', '5', '01116197567', '', 'الكيمياء', 'العلوم البيولوجية', '');
INSERT INTO `lk9v6_users` (`name`, `email`, `usertype`) VALUES ('جوليت داود معوض داود ابراهيم', 'joliet13s05450@alexu.edu.eg', 'الخريجين');
INSERT INTO `lk9v6_alumni_main` (`id`, `user_id`, `approved`) VALUES (165782, 165782, 1);
INSERT INTO `lk9v6_alumni_data` (`alumni_id`, `graduation_year`, `fid`, `job`, `address`, `city`, `country`, `phone`, `gid`, `mobile`, `nationalnumber`, `department`, `division`, `with_honor`) VALUES (165782, 2015, '1', '', '', '', '', '0453691920', '5', '01272401031', '', 'الكيمياء', 'العلوم البيولوجية', '');
INSERT INTO `lk9v6_users` (`name`, `email`, `usertype`) VALUES ('يمنى على عباس عبدالحافظ', 'yomna13s05368@alexu.edu.eg', 'الخريجين');
INSERT INTO `lk9v6_alumni_main` (`id`, `user_id`, `approved`) VALUES (165783, 165783, 1);
INSERT INTO `lk9v6_alumni_data` (`alumni_id`, `graduation_year`, `fid`, `job`, `address`, `city`, `country`, `phone`, `gid`, `mobile`, `nationalnumber`, `department`, `division`, `with_honor`) VALUES (165783, 2015, '1', '', '', '', '', '035756337', '5', '01009592608', '', 'الكيمياء', 'العلوم البيولوجية', '');
INSERT INTO `lk9v6_users` (`name`, `email`, `usertype`) VALUES ('ريم الشنويهى عبد الغفار محمد', 'reem13s05011@alexu.edu.eg', 'الخريجين');
INSERT INTO `lk9v6_alumni_main` (`id`, `user_id`, `approved`) VALUES (165784, 165784, 1);
INSERT INTO `lk9v6_alumni_data` (`alumni_id`, `graduation_year`, `fid`, `job`, `address`, `city`, `country`, `phone`, `gid`, `mobile`, `nationalnumber`, `department`, `division`, `with_honor`) VALUES (165784, 2015, '1', '', '', '', '', '0181870126', '5', '0181870126', '', 'الكيمياء', 'العلوم البيولوجية', '');
INSERT INTO `lk9v6_users` (`name`, `email`, `usertype`) VALUES ('رانيا فوزى عبدالفتاح السويسى', 'rania13s05030@alexu.edu.eg', 'الخريجين');
INSERT INTO `lk9v6_alumni_main` (`id`, `user_id`, `approved`) VALUES (165785, 165785, 1);
INSERT INTO `lk9v6_alumni_data` (`alumni_id`, `graduation_year`, `fid`, `job`, `address`, `city`, `country`, `phone`, `gid`, `mobile`, `nationalnumber`, `department`, `division`, `with_honor`) VALUES (165785, 2015, '1', '', '', '', '', '0472714393', '5', '0190607824', '', 'الكيمياء', 'العلوم البيولوجية', '');
INSERT INTO `lk9v6_users` (`name`, `email`, `usertype`) VALUES ('نوران محمد عبدالقادر على عبدالسلام', 'nouran13s05061@alexu.edu.eg', 'الخريجين');
INSERT INTO `lk9v6_alumni_main` (`id`, `user_id`, `approved`) VALUES (165786, 165786, 1);
INSERT INTO `lk9v6_alumni_data` (`alumni_id`, `graduation_year`, `fid`, `job`, `address`, `city`, `country`, `phone`, `gid`, `mobile`, `nationalnumber`, `department`, `division`, `with_honor`) VALUES (165786, 2015, '1', '', '', '', '', '3933293', '5', '01226071803', '', 'الكيمياء', 'العلوم البيولوجية', '');
INSERT INTO `lk9v6_users` (`name`, `email`, `usertype`) VALUES ('نهال ايمن محمد فتحى عبدالكريم', 'nehal13s05476@alexu.edu.eg', 'الخريجين');
INSERT INTO `lk9v6_alumni_main` (`id`, `user_id`, `approved`) VALUES (165787, 165787, 1);
INSERT INTO `lk9v6_alumni_data` (`alumni_id`, `graduation_year`, `fid`, `job`, `address`, `city`, `country`, `phone`, `gid`, `mobile`, `nationalnumber`, `department`, `division`, `with_honor`) VALUES (165787, 2015, '1', '', '', '', '', '3596174', '5', '01229221792', '', 'الكيمياء', 'العلوم البيولوجية', '');
INSERT INTO `lk9v6_users` (`name`, `email`, `usertype`) VALUES ('ندى خميس محمد عبدالغنى محمد', 'nada13s04951@alexu.edu.eg', 'الخريجين');
INSERT INTO `lk9v6_alumni_main` (`id`, `user_id`, `approved`) VALUES (165788, 165788, 1);
INSERT INTO `lk9v6_alumni_data` (`alumni_id`, `graduation_year`, `fid`, `job`, `address`, `city`, `country`, `phone`, `gid`, `mobile`, `nationalnumber`, `department`, `division`, `with_honor`) VALUES (165788, 2015, '1', '', '', '', '', '4942749', '5', '01283267899', '', 'الكيمياء', 'العلوم البيولوجية', '');
INSERT INTO `lk9v6_users` (`name`, `email`, `usertype`) VALUES ('اسماء عبدالرحمن عبدالجواد عمار', 'asmaa13s05660@alexu.edu.eg', 'الخريجين');
INSERT INTO `lk9v6_alumni_main` (`id`, `user_id`, `approved`) VALUES (165789, 165789, 1);
INSERT INTO `lk9v6_alumni_data` (`alumni_id`, `graduation_year`, `fid`, `job`, `address`, `city`, `country`, `phone`, `gid`, `mobile`, `nationalnumber`, `department`, `division`, `with_honor`) VALUES (165789, 2015, '1', '', '', '', '', '0453693450', '5', '01146993186', '', 'الكيمياء', 'العلوم البيولوجية', '');
INSERT INTO `lk9v6_users` (`name`, `email`, `usertype`) VALUES ('دولت محمد سيد احمد بدور', 'dawlat13s05656@alexu.edu.eg', 'الخريجين');
INSERT INTO `lk9v6_alumni_main` (`id`, `user_id`, `approved`) VALUES (165790, 165790, 1);
INSERT INTO `lk9v6_alumni_data` (`alumni_id`, `graduation_year`, `fid`, `job`, `address`, `city`, `country`, `phone`, `gid`, `mobile`, `nationalnumber`, `department`, `division`, `with_honor`) VALUES (165790, 2015, '1', '', '', '', '', '035013690', '5', '0183434023', '', 'الكيمياء', 'العلوم البيولوجية', '');
INSERT INTO `lk9v6_users` (`name`, `email`, `usertype`) VALUES ('نورهان طارق احمد على الشريف', 'nourhan13s05499@alexu.edu.eg', 'الخريجين');
INSERT INTO `lk9v6_alumni_main` (`id`, `user_id`, `approved`) VALUES (165791, 165791, 1);
INSERT INTO `lk9v6_alumni_data` (`alumni_id`, `graduation_year`, `fid`, `job`, `address`, `city`, `country`, `phone`, `gid`, `mobile`, `nationalnumber`, `department`, `division`, `with_honor`) VALUES (165791, 2015, '1', '', '', '', '', '034276038', '4', '0189526833', '', 'الميكروبيولوجى', 'العلوم البيولوجية', '');
INSERT INTO `lk9v6_users` (`name`, `email`, `usertype`) VALUES ('الاء محمد ابراهيم حسين مليحة', 'alaa13s05719@alexu.edu.eg', 'الخريجين');
INSERT INTO `lk9v6_alumni_main` (`id`, `user_id`, `approved`) VALUES (165792, 165792, 1);
INSERT INTO `lk9v6_alumni_data` (`alumni_id`, `graduation_year`, `fid`, `job`, `address`, `city`, `country`, `phone`, `gid`, `mobile`, `nationalnumber`, `department`, `division`, `with_honor`) VALUES (165792, 2015, '1', '', '', '', '', '0472975146', '5', '01148683774', '', 'الكيمياء', 'العلوم البيولوجية', '');
INSERT INTO `lk9v6_users` (`name`, `email`, `usertype`) VALUES ('اميره جمال عويس عبدالعزيز', 'amira13s05483@alexu.edu.eg', 'الخريجين');
INSERT INTO `lk9v6_alumni_main` (`id`, `user_id`, `approved`) VALUES (165793, 165793, 1);
INSERT INTO `lk9v6_alumni_data` (`alumni_id`, `graduation_year`, `fid`, `job`, `address`, `city`, `country`, `phone`, `gid`, `mobile`, `nationalnumber`, `department`, `division`, `with_honor`) VALUES (165793, 2015, '1', '', '', '', '', '5185023', '5', '01207452086', '', 'الكيمياء', 'العلوم البيولوجية', '');
INSERT INTO `lk9v6_users` (`name`, `email`, `usertype`) VALUES ('روان محمد عبد الفتاح ابراهيم حجاب', 'rowan13s05102@alexu.edu.eg', 'الخريجين');
INSERT INTO `lk9v6_alumni_main` (`id`, `user_id`, `approved`) VALUES (165794, 165794, 1);
INSERT INTO `lk9v6_alumni_data` (`alumni_id`, `graduation_year`, `fid`, `job`, `address`, `city`, `country`, `phone`, `gid`, `mobile`, `nationalnumber`, `department`, `division`, `with_honor`) VALUES (165794, 2015, '1', '', '', '', '', '035286267', '5', '01116355783', '', 'الكيمياء', 'العلوم البيولوجية', '');
INSERT INTO `lk9v6_users` (`name`, `email`, `usertype`) VALUES ('مارينا جاد فهمى سليمان جرجس', 'marina13s05357@alexu.edu.eg', 'الخريجين');
INSERT INTO `lk9v6_alumni_main` (`id`, `user_id`, `approved`) VALUES (165795, 165795, 1);
INSERT INTO `lk9v6_alumni_data` (`alumni_id`, `graduation_year`, `fid`, `job`, `address`, `city`, `country`, `phone`, `gid`, `mobile`, `nationalnumber`, `department`, `division`, `with_honor`) VALUES (165795, 2015, '1', '', '', '', '', '035340266', '5', '01228071060', '', 'الكيمياء', 'العلوم البيولوجية', '');
INSERT INTO `lk9v6_users` (`name`, `email`, `usertype`) VALUES ('ايه محمد ابراهيم عبدالغنى', 'aya13s05304@alexu.edu.eg', 'الخريجين');
INSERT INTO `lk9v6_alumni_main` (`id`, `user_id`, `approved`) VALUES (165796, 165796, 1);
INSERT INTO `lk9v6_alumni_data` (`alumni_id`, `graduation_year`, `fid`, `job`, `address`, `city`, `country`, `phone`, `gid`, `mobile`, `nationalnumber`, `department`, `division`, `with_honor`) VALUES (165796, 2015, '1', '', '', '', '', '4401335', '5', '01274470851', '', 'الكيمياء', 'العلوم البيولوجية', '');
INSERT INTO `lk9v6_users` (`name`, `email`, `usertype`) VALUES ('نجوى جابر منصور محمد', 'nagwa13s04941@alexu.edu.eg', 'الخريجين');
INSERT INTO `lk9v6_alumni_main` (`id`, `user_id`, `approved`) VALUES (165797, 165797, 1);
INSERT INTO `lk9v6_alumni_data` (`alumni_id`, `graduation_year`, `fid`, `job`, `address`, `city`, `country`, `phone`, `gid`, `mobile`, `nationalnumber`, `department`, `division`, `with_honor`) VALUES (165797, 2015, '1', '', '', '', '', '034482775', '5', '01225994887', '', 'الكيمياء', 'العلوم البيولوجية', '');
INSERT INTO `lk9v6_users` (`name`, `email`, `usertype`) VALUES ('ياسمين عادل قبارى عوض احمد', 'yasmin13s04950@alexu.edu.eg', 'الخريجين');
INSERT INTO `lk9v6_alumni_main` (`id`, `user_id`, `approved`) VALUES (165798, 165798, 1);
INSERT INTO `lk9v6_alumni_data` (`alumni_id`, `graduation_year`, `fid`, `job`, `address`, `city`, `country`, `phone`, `gid`, `mobile`, `nationalnumber`, `department`, `division`, `with_honor`) VALUES (165798, 2015, '1', '', '', '', '', '5004486', '5', '01287789525', '', 'الكيمياء', 'العلوم البيولوجية', '');
INSERT INTO `lk9v6_users` (`name`, `email`, `usertype`) VALUES ('الاء سمير محمد', 'alaa13s06090@alexu.edu.eg', 'الخريجين');
INSERT INTO `lk9v6_alumni_main` (`id`, `user_id`, `approved`) VALUES (165799, 165799, 1);
INSERT INTO `lk9v6_alumni_data` (`alumni_id`, `graduation_year`, `fid`, `job`, `address`, `city`, `country`, `phone`, `gid`, `mobile`, `nationalnumber`, `department`, `division`, `with_honor`) VALUES (165799, 2015, '1', '', '', '', '', '035039359', '5', '01189573764', '', 'الكيمياء', 'العلوم البيولوجية', '');
INSERT INTO `lk9v6_users` (`name`, `email`, `usertype`) VALUES ('ياسمين احمد على اسماعيل رحيم', 'yasmin13s05519@alexu.edu.eg', 'الخريجين');
INSERT INTO `lk9v6_alumni_main` (`id`, `user_id`, `approved`) VALUES (165800, 165800, 1);
INSERT INTO `lk9v6_alumni_data` (`alumni_id`, `graduation_year`, `fid`, `job`, `address`, `city`, `country`, `phone`, `gid`, `mobile`, `nationalnumber`, `department`, `division`, `with_honor`) VALUES (165800, 2015, '1', '', '', '', '', '035353817', '5', '01062354492', '', 'الكيمياء', 'العلوم البيولوجية', '');
INSERT INTO `lk9v6_users` (`name`, `email`, `usertype`) VALUES ('علا محمد السيد محمد سالم', 'ola13s05504@alexu.edu.eg', 'الخريجين');
INSERT INTO `lk9v6_alumni_main` (`id`, `user_id`, `approved`) VALUES (165801, 165801, 1);
INSERT INTO `lk9v6_alumni_data` (`alumni_id`, `graduation_year`, `fid`, `job`, `address`, `city`, `country`, `phone`, `gid`, `mobile`, `nationalnumber`, `department`, `division`, `with_honor`) VALUES (165801, 2015, '1', '', '', '', '', '035285413', '5', '01064109294', '', 'الكيمياء', 'العلوم البيولوجية', '');
INSERT INTO `lk9v6_users` (`name`, `email`, `usertype`) VALUES ('ايمان موسى احمد سيد احمد شتا', 'eman13s05564@alexu.edu.eg', 'الخريجين');
INSERT INTO `lk9v6_alumni_main` (`id`, `user_id`, `approved`) VALUES (165802, 165802, 1);
INSERT INTO `lk9v6_alumni_data` (`alumni_id`, `graduation_year`, `fid`, `job`, `address`, `city`, `country`, `phone`, `gid`, `mobile`, `nationalnumber`, `department`, `division`, `with_honor`) VALUES (165802, 2015, '1', '', '', '', '', '0452290554', '5', '01283059244', '', 'الكيمياء', 'العلوم البيولوجية', '');
INSERT INTO `lk9v6_users` (`name`, `email`, `usertype`) VALUES ('رشا ابراهيم عبدالحميد السحلى', 'rasha13s05381@alexu.edu.eg', 'الخريجين');
INSERT INTO `lk9v6_alumni_main` (`id`, `user_id`, `approved`) VALUES (165803, 165803, 1);
INSERT INTO `lk9v6_alumni_data` (`alumni_id`, `graduation_year`, `fid`, `job`, `address`, `city`, `country`, `phone`, `gid`, `mobile`, `nationalnumber`, `department`, `division`, `with_honor`) VALUES (165803, 2015, '1', '', '', '', '', '0452923817', '5', '01095682364', '', 'الكيمياء', 'العلوم البيولوجية', '');
INSERT INTO `lk9v6_users` (`name`, `email`, `usertype`) VALUES ('اسماء محمد عبدالعال محمد ابوليله', 'asmaa13s05802@alexu.edu.eg', 'الخريجين');
INSERT INTO `lk9v6_alumni_main` (`id`, `user_id`, `approved`) VALUES (165804, 165804, 1);
INSERT INTO `lk9v6_alumni_data` (`alumni_id`, `graduation_year`, `fid`, `job`, `address`, `city`, `country`, `phone`, `gid`, `mobile`, `nationalnumber`, `department`, `division`, `with_honor`) VALUES (165804, 2015, '1', '', '', '', '', '5277415', '5', '01012640902', '', 'الكيمياء', 'العلوم البيولوجية', '');
INSERT INTO `lk9v6_users` (`name`, `email`, `usertype`) VALUES ('منه الله جمال على عبد الحميد ', 'menna13s06684@alexu.edu.eg', 'الخريجين');
INSERT INTO `lk9v6_alumni_main` (`id`, `user_id`, `approved`) VALUES (165805, 165805, 1);
INSERT INTO `lk9v6_alumni_data` (`alumni_id`, `graduation_year`, `fid`, `job`, `address`, `city`, `country`, `phone`, `gid`, `mobile`, `nationalnumber`, `department`, `division`, `with_honor`) VALUES (165805, 2015, '1', '', '', '', '', '5438137', '5', '01278300922', '', 'الكيمياء', 'العلوم البيولوجية', '');
INSERT INTO `lk9v6_users` (`name`, `email`, `usertype`) VALUES ('ساره محمد عبد الصمد السيد على', 'sara13s06819@alexu.edu.eg', 'الخريجين');
INSERT INTO `lk9v6_alumni_main` (`id`, `user_id`, `approved`) VALUES (165806, 165806, 1);
INSERT INTO `lk9v6_alumni_data` (`alumni_id`, `graduation_year`, `fid`, `job`, `address`, `city`, `country`, `phone`, `gid`, `mobile`, `nationalnumber`, `department`, `division`, `with_honor`) VALUES (165806, 2015, '1', '', '', '', '', '4833103', '5', '01211143482', '', 'الكيمياء', 'العلوم البيولوجية', '');
INSERT INTO `lk9v6_users` (`name`, `email`, `usertype`) VALUES ('عبير عبدالشافى خلف طه', 'abeer13s05710@alexu.edu.eg', 'الخريجين');
INSERT INTO `lk9v6_alumni_main` (`id`, `user_id`, `approved`) VALUES (165807, 165807, 1);
INSERT INTO `lk9v6_alumni_data` (`alumni_id`, `graduation_year`, `fid`, `job`, `address`, `city`, `country`, `phone`, `gid`, `mobile`, `nationalnumber`, `department`, `division`, `with_honor`) VALUES (165807, 2015, '1', '', '', '', '', '033324569', '5', '01148498947', '', 'الكيمياء', 'العلوم البيولوجية', '');
INSERT INTO `lk9v6_users` (`name`, `email`, `usertype`) VALUES ('مونيكا مجدى بولس غبريال', 'monika13s04832@alexu.edu.eg', 'الخريجين');
INSERT INTO `lk9v6_alumni_main` (`id`, `user_id`, `approved`) VALUES (165808, 165808, 1);
INSERT INTO `lk9v6_alumni_data` (`alumni_id`, `graduation_year`, `fid`, `job`, `address`, `city`, `country`, `phone`, `gid`, `mobile`, `nationalnumber`, `department`, `division`, `with_honor`) VALUES (165808, 2015, '1', '', '', '', '', '035934954', '5', '01201851473', '', 'الكيمياء', 'العلوم البيولوجية', '');
INSERT INTO `lk9v6_users` (`name`, `email`, `usertype`) VALUES ('لمياء احمد محمد ابراهيم السويفى', 'lamya13s05099@alexu.edu.eg', 'الخريجين');
INSERT INTO `lk9v6_alumni_main` (`id`, `user_id`, `approved`) VALUES (165809, 165809, 1);
INSERT INTO `lk9v6_alumni_data` (`alumni_id`, `graduation_year`, `fid`, `job`, `address`, `city`, `country`, `phone`, `gid`, `mobile`, `nationalnumber`, `department`, `division`, `with_honor`) VALUES (165809, 2015, '1', '', '', '', '', '033903478', '5', '0187012309', '', 'الكيمياء', 'العلوم البيولوجية', '');
INSERT INTO `lk9v6_users` (`name`, `email`, `usertype`) VALUES ('دنيا سمير محمد الشربينى', 'donia13s05143@alexu.edu.eg', 'الخريجين');
INSERT INTO `lk9v6_alumni_main` (`id`, `user_id`, `approved`) VALUES (165810, 165810, 1);
INSERT INTO `lk9v6_alumni_data` (`alumni_id`, `graduation_year`, `fid`, `job`, `address`, `city`, `country`, `phone`, `gid`, `mobile`, `nationalnumber`, `department`, `division`, `with_honor`) VALUES (165810, 2015, '1', '', '', '', '', '0453620904', '4', '01001010461', '', 'الكيمياء', 'العلوم البيولوجية', '');
INSERT INTO `lk9v6_users` (`name`, `email`, `usertype`) VALUES ('ريهام عبدالقادر على عوض مطرود', 'reham13s05498@alexu.edu.eg', 'الخريجين');
INSERT INTO `lk9v6_alumni_main` (`id`, `user_id`, `approved`) VALUES (165811, 165811, 1);
INSERT INTO `lk9v6_alumni_data` (`alumni_id`, `graduation_year`, `fid`, `job`, `address`, `city`, `country`, `phone`, `gid`, `mobile`, `nationalnumber`, `department`, `division`, `with_honor`) VALUES (165811, 2015, '1', '', '', '', '', '0169347868', '4', '01069347868', '', 'الكيمياء', 'العلوم البيولوجية', '');
INSERT INTO `lk9v6_users` (`name`, `email`, `usertype`) VALUES ('محمد جابر محمد حامد', 'mohamed13s06501@alexu.edu.eg', 'الخريجين');
INSERT INTO `lk9v6_alumni_main` (`id`, `user_id`, `approved`) VALUES (165812, 165812, 1);
INSERT INTO `lk9v6_alumni_data` (`alumni_id`, `graduation_year`, `fid`, `job`, `address`, `city`, `country`, `phone`, `gid`, `mobile`, `nationalnumber`, `department`, `division`, `with_honor`) VALUES (165812, 2015, '1', '', '', '', '', '035539431', '4', '01069739177', '', 'الكيمياء', 'العلوم البيولوجية', '');
INSERT INTO `lk9v6_users` (`name`, `email`, `usertype`) VALUES ('شيماء على عبدالفتاح عليق', 'shaimaa13s04926@alexu.edu.eg', 'الخريجين');
INSERT INTO `lk9v6_alumni_main` (`id`, `user_id`, `approved`) VALUES (165813, 165813, 1);
INSERT INTO `lk9v6_alumni_data` (`alumni_id`, `graduation_year`, `fid`, `job`, `address`, `city`, `country`, `phone`, `gid`, `mobile`, `nationalnumber`, `department`, `division`, `with_honor`) VALUES (165813, 2015, '1', '', '', '', '', '0472548648', '4', '01094354859', '', 'الكيمياء', 'العلوم البيولوجية', '');
INSERT INTO `lk9v6_users` (`name`, `email`, `usertype`) VALUES ('عبير فتحى امين احمد موسى', 'abeer13s05663@alexu.edu.eg', 'الخريجين');
INSERT INTO `lk9v6_alumni_main` (`id`, `user_id`, `approved`) VALUES (165814, 165814, 1);
INSERT INTO `lk9v6_alumni_data` (`alumni_id`, `graduation_year`, `fid`, `job`, `address`, `city`, `country`, `phone`, `gid`, `mobile`, `nationalnumber`, `department`, `division`, `with_honor`) VALUES (165814, 2015, '1', '', '', '', '', '033629222', '4', '01064519667', '', 'الكيمياء', 'العلوم البيولوجية', '');
INSERT INTO `lk9v6_users` (`name`, `email`, `usertype`) VALUES ('هبه صلاح فتح الله محمود بدر', 'heba13s05001@alexu.edu.eg', 'الخريجين');
INSERT INTO `lk9v6_alumni_main` (`id`, `user_id`, `approved`) VALUES (165815, 165815, 1);
INSERT INTO `lk9v6_alumni_data` (`alumni_id`, `graduation_year`, `fid`, `job`, `address`, `city`, `country`, `phone`, `gid`, `mobile`, `nationalnumber`, `department`, `division`, `with_honor`) VALUES (165815, 2015, '1', '', '', '', '', '0452290554', '4', '01289275816', '', 'الكيمياء', 'العلوم البيولوجية', '');
INSERT INTO `lk9v6_users` (`name`, `email`, `usertype`) VALUES ('غادة السيد محمد رضوان ', 'ghada13s06791@alexu.edu.eg', 'الخريجين');
INSERT INTO `lk9v6_alumni_main` (`id`, `user_id`, `approved`) VALUES (165816, 165816, 1);
INSERT INTO `lk9v6_alumni_data` (`alumni_id`, `graduation_year`, `fid`, `job`, `address`, `city`, `country`, `phone`, `gid`, `mobile`, `nationalnumber`, `department`, `division`, `with_honor`) VALUES (165816, 2015, '1', '', '', '', '', '4943685', '4', '0187865674', '', 'الكيمياء', 'العلوم البيولوجية', '');
INSERT INTO `lk9v6_users` (`name`, `email`, `usertype`) VALUES ('داليا حمدى محمد محمود حبيبه', 'dalia13s05048@alexu.edu.eg', 'الخريجين');
INSERT INTO `lk9v6_alumni_main` (`id`, `user_id`, `approved`) VALUES (165817, 165817, 1);
INSERT INTO `lk9v6_alumni_data` (`alumni_id`, `graduation_year`, `fid`, `job`, `address`, `city`, `country`, `phone`, `gid`, `mobile`, `nationalnumber`, `department`, `division`, `with_honor`) VALUES (165817, 2015, '1', '', '', '', '', '0452241125', '4', '01274803084', '', 'الكيمياء', 'العلوم البيولوجية', '');
INSERT INTO `lk9v6_users` (`name`, `email`, `usertype`) VALUES ('ساره عادل حسنين امين حسنين', 'sara13s05323@alexu.edu.eg', 'الخريجين');
INSERT INTO `lk9v6_alumni_main` (`id`, `user_id`, `approved`) VALUES (165818, 165818, 1);
INSERT INTO `lk9v6_alumni_data` (`alumni_id`, `graduation_year`, `fid`, `job`, `address`, `city`, `country`, `phone`, `gid`, `mobile`, `nationalnumber`, `department`, `division`, `with_honor`) VALUES (165818, 2015, '1', '', '', '', '', '035612648', '4', '01229180081', '', 'الكيمياء', 'العلوم البيولوجية', '');
INSERT INTO `lk9v6_users` (`name`, `email`, `usertype`) VALUES ('إيمان أحمد اسماعيل على ', 'eman13s06686@alexu.edu.eg', 'الخريجين');
INSERT INTO `lk9v6_alumni_main` (`id`, `user_id`, `approved`) VALUES (165819, 165819, 1);
INSERT INTO `lk9v6_alumni_data` (`alumni_id`, `graduation_year`, `fid`, `job`, `address`, `city`, `country`, `phone`, `gid`, `mobile`, `nationalnumber`, `department`, `division`, `with_honor`) VALUES (165819, 2015, '1', '', '', '', '', '9530160', '4', '01116129623', '', 'الكيمياء', 'العلوم البيولوجية', '');
INSERT INTO `lk9v6_users` (`name`, `email`, `usertype`) VALUES ('مايسه عادل احمد عبد العال السيد', 'maysa13s04943@alexu.edu.eg', 'الخريجين');
INSERT INTO `lk9v6_alumni_main` (`id`, `user_id`, `approved`) VALUES (165820, 165820, 1);
INSERT INTO `lk9v6_alumni_data` (`alumni_id`, `graduation_year`, `fid`, `job`, `address`, `city`, `country`, `phone`, `gid`, `mobile`, `nationalnumber`, `department`, `division`, `with_honor`) VALUES (165820, 2015, '1', '', '', '', '', '035233478', '4', '0195911651', '', 'الكيمياء', 'العلوم البيولوجية', '');
INSERT INTO `lk9v6_users` (`name`, `email`, `usertype`) VALUES ('هديل علاء عبدالوهاب ياقوت محمد', 'hadeel13s05614@alexu.edu.eg', 'الخريجين');
INSERT INTO `lk9v6_alumni_main` (`id`, `user_id`, `approved`) VALUES (165821, 165821, 1);
INSERT INTO `lk9v6_alumni_data` (`alumni_id`, `graduation_year`, `fid`, `job`, `address`, `city`, `country`, `phone`, `gid`, `mobile`, `nationalnumber`, `department`, `division`, `with_honor`) VALUES (165821, 2015, '1', '', '', '', '', '035322371', '4', '01066882859', '', 'الكيمياء', 'العلوم البيولوجية', '');
INSERT INTO `lk9v6_users` (`name`, `email`, `usertype`) VALUES ('سمر سعد عبدالعظيم عبدالصادق', 'samar13s05787@alexu.edu.eg', 'الخريجين');
INSERT INTO `lk9v6_alumni_main` (`id`, `user_id`, `approved`) VALUES (165822, 165822, 1);
INSERT INTO `lk9v6_alumni_data` (`alumni_id`, `graduation_year`, `fid`, `job`, `address`, `city`, `country`, `phone`, `gid`, `mobile`, `nationalnumber`, `department`, `division`, `with_honor`) VALUES (165822, 2015, '1', '', '', '', '', '0452707374', '4', '01069668087', '', 'الكيمياء', 'العلوم البيولوجية', '');
INSERT INTO `lk9v6_users` (`name`, `email`, `usertype`) VALUES ('فيرونيكا عادل منصور هرمينا', 'feronika13s05840@alexu.edu.eg', 'الخريجين');
INSERT INTO `lk9v6_alumni_main` (`id`, `user_id`, `approved`) VALUES (165823, 165823, 1);
INSERT INTO `lk9v6_alumni_data` (`alumni_id`, `graduation_year`, `fid`, `job`, `address`, `city`, `country`, `phone`, `gid`, `mobile`, `nationalnumber`, `department`, `division`, `with_honor`) VALUES (165823, 2015, '1', '', '', '', '', '035740077', '4', '01227926320', '', 'الكيمياء', 'العلوم البيولوجية', '');
INSERT INTO `lk9v6_users` (`name`, `email`, `usertype`) VALUES ('ولاء اشرف فهمى قنديل حموده', 'walaa13s05662@alexu.edu.eg', 'الخريجين');
INSERT INTO `lk9v6_alumni_main` (`id`, `user_id`, `approved`) VALUES (165824, 165824, 1);
INSERT INTO `lk9v6_alumni_data` (`alumni_id`, `graduation_year`, `fid`, `job`, `address`, `city`, `country`, `phone`, `gid`, `mobile`, `nationalnumber`, `department`, `division`, `with_honor`) VALUES (165824, 2015, '1', '', '', '', '', '034201236', '4', '01223810979', '', 'الكيمياء', 'العلوم البيولوجية', '');
INSERT INTO `lk9v6_users` (`name`, `email`, `usertype`) VALUES ('شيماء محمد كامل مشالى', 'shaimaa13s06814@alexu.edu.eg', 'الخريجين');
INSERT INTO `lk9v6_alumni_main` (`id`, `user_id`, `approved`) VALUES (165825, 165825, 1);
INSERT INTO `lk9v6_alumni_data` (`alumni_id`, `graduation_year`, `fid`, `job`, `address`, `city`, `country`, `phone`, `gid`, `mobile`, `nationalnumber`, `department`, `division`, `with_honor`) VALUES (165825, 2015, '1', '', '', '', '', '5475373', '4', '01148663314', '', 'الميكروبيولوجى', 'العلوم البيولوجية', '');
INSERT INTO `lk9v6_users` (`name`, `email`, `usertype`) VALUES ('هايدى عبدالسيد عدلى عبدالسيد', 'haidy13s04860@alexu.edu.eg', 'الخريجين');
INSERT INTO `lk9v6_alumni_main` (`id`, `user_id`, `approved`) VALUES (165826, 165826, 1);
INSERT INTO `lk9v6_alumni_data` (`alumni_id`, `graduation_year`, `fid`, `job`, `address`, `city`, `country`, `phone`, `gid`, `mobile`, `nationalnumber`, `department`, `division`, `with_honor`) VALUES (165826, 2015, '1', '', '', '', '', '5226590', '4', '0181261936', '', 'الكيمياء', 'العلوم البيولوجية', '');
INSERT INTO `lk9v6_users` (`name`, `email`, `usertype`) VALUES ('اسماء احمد السيد مصطفى', 'asmaa13s05487@alexu.edu.eg', 'الخريجين');
INSERT INTO `lk9v6_alumni_main` (`id`, `user_id`, `approved`) VALUES (165827, 165827, 1);
INSERT INTO `lk9v6_alumni_data` (`alumni_id`, `graduation_year`, `fid`, `job`, `address`, `city`, `country`, `phone`, `gid`, `mobile`, `nationalnumber`, `department`, `division`, `with_honor`) VALUES (165827, 2015, '1', '', '', '', '', '032022162', '4', '01221828591', '', 'الكيمياء', 'العلوم البيولوجية', '');
INSERT INTO `lk9v6_users` (`name`, `email`, `usertype`) VALUES ('جهاد حامد حامد محمد بدر الدين', 'gihad13s04969@alexu.edu.eg', 'الخريجين');
INSERT INTO `lk9v6_alumni_main` (`id`, `user_id`, `approved`) VALUES (165828, 165828, 1);
INSERT INTO `lk9v6_alumni_data` (`alumni_id`, `graduation_year`, `fid`, `job`, `address`, `city`, `country`, `phone`, `gid`, `mobile`, `nationalnumber`, `department`, `division`, `with_honor`) VALUES (165828, 2015, '1', '', '', '', '', '0473480822', '4', '01011799012', '', 'الكيمياء', 'العلوم البيولوجية', '');
INSERT INTO `lk9v6_users` (`name`, `email`, `usertype`) VALUES ('جهاد مصطفى كمال الحناوى', 'gihad13s05094@alexu.edu.eg', 'الخريجين');
INSERT INTO `lk9v6_alumni_main` (`id`, `user_id`, `approved`) VALUES (165829, 165829, 1);
INSERT INTO `lk9v6_alumni_data` (`alumni_id`, `graduation_year`, `fid`, `job`, `address`, `city`, `country`, `phone`, `gid`, `mobile`, `nationalnumber`, `department`, `division`, `with_honor`) VALUES (165829, 2015, '1', '', '', '', '', '0452530063', '4', '01000039958', '', 'الكيمياء', 'العلوم البيولوجية', '');
INSERT INTO `lk9v6_users` (`name`, `email`, `usertype`) VALUES ('رانيا السيد عبد المنعم محمد النشار', 'rania13s05460@alexu.edu.eg', 'الخريجين');
INSERT INTO `lk9v6_alumni_main` (`id`, `user_id`, `approved`) VALUES (165830, 165830, 1);
INSERT INTO `lk9v6_alumni_data` (`alumni_id`, `graduation_year`, `fid`, `job`, `address`, `city`, `country`, `phone`, `gid`, `mobile`, `nationalnumber`, `department`, `division`, `with_honor`) VALUES (165830, 2015, '1', '', '', '', '', '0472556705', '4', '01114298048', '', 'الكيمياء', 'العلوم البيولوجية', '');
INSERT INTO `lk9v6_users` (`name`, `email`, `usertype`) VALUES ('كرستينا يوسف الراهب سليمان', 'keristina13s05413@alexu.edu.eg', 'الخريجين');
INSERT INTO `lk9v6_alumni_main` (`id`, `user_id`, `approved`) VALUES (165831, 165831, 1);
INSERT INTO `lk9v6_alumni_data` (`alumni_id`, `graduation_year`, `fid`, `job`, `address`, `city`, `country`, `phone`, `gid`, `mobile`, `nationalnumber`, `department`, `division`, `with_honor`) VALUES (165831, 2015, '1', '', '', '', '', '0452408450', '4', '01227954113', '', 'الكيمياء', 'العلوم البيولوجية', '');
INSERT INTO `lk9v6_users` (`name`, `email`, `usertype`) VALUES ('اميرة سعيد ابراهيم عبده حمد', 'amira13s05626@alexu.edu.eg', 'الخريجين');
INSERT INTO `lk9v6_alumni_main` (`id`, `user_id`, `approved`) VALUES (165832, 165832, 1);
INSERT INTO `lk9v6_alumni_data` (`alumni_id`, `graduation_year`, `fid`, `job`, `address`, `city`, `country`, `phone`, `gid`, `mobile`, `nationalnumber`, `department`, `division`, `with_honor`) VALUES (165832, 2015, '1', '', '', '', '', '0472977337', '4', '01008988440', '', 'الكيمياء', 'العلوم البيولوجية', '');
INSERT INTO `lk9v6_users` (`name`, `email`, `usertype`) VALUES ('دعاء مصطفى عبدالعزيز الباسطى', 'doaa13s05559@alexu.edu.eg', 'الخريجين');
INSERT INTO `lk9v6_alumni_main` (`id`, `user_id`, `approved`) VALUES (165833, 165833, 1);
INSERT INTO `lk9v6_alumni_data` (`alumni_id`, `graduation_year`, `fid`, `job`, `address`, `city`, `country`, `phone`, `gid`, `mobile`, `nationalnumber`, `department`, `division`, `with_honor`) VALUES (165833, 2015, '1', '', '', '', '', '01110369173', '4', '01146010135', '', 'الكيمياء', 'العلوم البيولوجية', '');
INSERT INTO `lk9v6_users` (`name`, `email`, `usertype`) VALUES ('سمر مسعود محمد على', 'samar13s05548@alexu.edu.eg', 'الخريجين');
INSERT INTO `lk9v6_alumni_main` (`id`, `user_id`, `approved`) VALUES (165834, 165834, 1);
INSERT INTO `lk9v6_alumni_data` (`alumni_id`, `graduation_year`, `fid`, `job`, `address`, `city`, `country`, `phone`, `gid`, `mobile`, `nationalnumber`, `department`, `division`, `with_honor`) VALUES (165834, 2015, '1', '', '', '', '', '0190130133', '4', '0190130133', '', 'الكيمياء', 'العلوم البيولوجية', '');
INSERT INTO `lk9v6_users` (`name`, `email`, `usertype`) VALUES ('ايه ابراهيم عبد العزيز موسى', 'aya13s04940@alexu.edu.eg', 'الخريجين');
INSERT INTO `lk9v6_alumni_main` (`id`, `user_id`, `approved`) VALUES (165835, 165835, 1);
INSERT INTO `lk9v6_alumni_data` (`alumni_id`, `graduation_year`, `fid`, `job`, `address`, `city`, `country`, `phone`, `gid`, `mobile`, `nationalnumber`, `department`, `division`, `with_honor`) VALUES (165835, 2015, '1', '', '', '', '', '034570098', '4', '01274290121', '', 'الكيمياء', 'العلوم البيولوجية', '');
INSERT INTO `lk9v6_users` (`name`, `email`, `usertype`) VALUES ('سها شحاته محمد زين العابدين', 'soha13s05424@alexu.edu.eg', 'الخريجين');
INSERT INTO `lk9v6_alumni_main` (`id`, `user_id`, `approved`) VALUES (165836, 165836, 1);
INSERT INTO `lk9v6_alumni_data` (`alumni_id`, `graduation_year`, `fid`, `job`, `address`, `city`, `country`, `phone`, `gid`, `mobile`, `nationalnumber`, `department`, `division`, `with_honor`) VALUES (165836, 2015, '1', '', '', '', '', '0452707348', '4', '01090043448', '', 'الكيمياء', 'العلوم البيولوجية', '');
INSERT INTO `lk9v6_users` (`name`, `email`, `usertype`) VALUES ('نورهان علاء عبد الهادى الجزار', 'nourhan13s05738@alexu.edu.eg', 'الخريجين');
INSERT INTO `lk9v6_alumni_main` (`id`, `user_id`, `approved`) VALUES (165837, 165837, 1);
INSERT INTO `lk9v6_alumni_data` (`alumni_id`, `graduation_year`, `fid`, `job`, `address`, `city`, `country`, `phone`, `gid`, `mobile`, `nationalnumber`, `department`, `division`, `with_honor`) VALUES (165837, 2015, '1', '', '', '', '', '033083911', '4', '01202069912', '', 'الكيمياء', 'العلوم البيولوجية', '');
INSERT INTO `lk9v6_users` (`name`, `email`, `usertype`) VALUES ('هديل عادل احمد قش', 'hadeel13s05472@alexu.edu.eg', 'الخريجين');
INSERT INTO `lk9v6_alumni_main` (`id`, `user_id`, `approved`) VALUES (165838, 165838, 1);
INSERT INTO `lk9v6_alumni_data` (`alumni_id`, `graduation_year`, `fid`, `job`, `address`, `city`, `country`, `phone`, `gid`, `mobile`, `nationalnumber`, `department`, `division`, `with_honor`) VALUES (165838, 2015, '1', '', '', '', '', '034265224', '4', '01123028724', '', 'الكيمياء', 'العلوم البيولوجية', '');
INSERT INTO `lk9v6_users` (`name`, `email`, `usertype`) VALUES ('اسراء عمر على عطيه خليل', 'esraa13s05165@alexu.edu.eg', 'الخريجين');
INSERT INTO `lk9v6_alumni_main` (`id`, `user_id`, `approved`) VALUES (165839, 165839, 1);
INSERT INTO `lk9v6_alumni_data` (`alumni_id`, `graduation_year`, `fid`, `job`, `address`, `city`, `country`, `phone`, `gid`, `mobile`, `nationalnumber`, `department`, `division`, `with_honor`) VALUES (165839, 2015, '1', '', '', '', '', '0452922642', '4', '01111219216', '', 'الكيمياء', 'العلوم البيولوجية', '');
INSERT INTO `lk9v6_users` (`name`, `email`, `usertype`) VALUES ('امنيه احمد محمود على الروبى', 'omnia13s04903@alexu.edu.eg', 'الخريجين');
INSERT INTO `lk9v6_alumni_main` (`id`, `user_id`, `approved`) VALUES (165840, 165840, 1);
INSERT INTO `lk9v6_alumni_data` (`alumni_id`, `graduation_year`, `fid`, `job`, `address`, `city`, `country`, `phone`, `gid`, `mobile`, `nationalnumber`, `department`, `division`, `with_honor`) VALUES (165840, 2015, '1', '', '', '', '', '3904396', '4', '0196595911', '', 'الكيمياء', 'العلوم البيولوجية', '');
INSERT INTO `lk9v6_users` (`name`, `email`, `usertype`) VALUES ('نورهان محمد جابر هلال', 'nourhan13s05086@alexu.edu.eg', 'الخريجين');
INSERT INTO `lk9v6_alumni_main` (`id`, `user_id`, `approved`) VALUES (165841, 165841, 1);
INSERT INTO `lk9v6_alumni_data` (`alumni_id`, `graduation_year`, `fid`, `job`, `address`, `city`, `country`, `phone`, `gid`, `mobile`, `nationalnumber`, `department`, `division`, `with_honor`) VALUES (165841, 2015, '1', '', '', '', '', '5558276', '4', '01283822817', '', 'الكيمياء', 'العلوم البيولوجية', '');
INSERT INTO `lk9v6_users` (`name`, `email`, `usertype`) VALUES ('امانى على عبدالغنى على الزعفرانى', 'amany13s05033@alexu.edu.eg', 'الخريجين');
INSERT INTO `lk9v6_alumni_main` (`id`, `user_id`, `approved`) VALUES (165842, 165842, 1);
INSERT INTO `lk9v6_alumni_data` (`alumni_id`, `graduation_year`, `fid`, `job`, `address`, `city`, `country`, `phone`, `gid`, `mobile`, `nationalnumber`, `department`, `division`, `with_honor`) VALUES (165842, 2015, '1', '', '', '', '', '0472902888', '4', '01064517840', '', 'الكيمياء', 'العلوم البيولوجية', '');
INSERT INTO `lk9v6_users` (`name`, `email`, `usertype`) VALUES ('امانى مصطفى عيد ابراهيم عميره', 'amany13s05759@alexu.edu.eg', 'الخريجين');
INSERT INTO `lk9v6_alumni_main` (`id`, `user_id`, `approved`) VALUES (165843, 165843, 1);
INSERT INTO `lk9v6_alumni_data` (`alumni_id`, `graduation_year`, `fid`, `job`, `address`, `city`, `country`, `phone`, `gid`, `mobile`, `nationalnumber`, `department`, `division`, `with_honor`) VALUES (165843, 2015, '1', '', '', '', '', '0175525382', '4', '0199094359', '', 'الكيمياء', 'العلوم البيولوجية', '');
INSERT INTO `lk9v6_users` (`name`, `email`, `usertype`) VALUES ('سلمى محمد السيد احمد', 'salma13s04868@alexu.edu.eg', 'الخريجين');
INSERT INTO `lk9v6_alumni_main` (`id`, `user_id`, `approved`) VALUES (165844, 165844, 1);
INSERT INTO `lk9v6_alumni_data` (`alumni_id`, `graduation_year`, `fid`, `job`, `address`, `city`, `country`, `phone`, `gid`, `mobile`, `nationalnumber`, `department`, `division`, `with_honor`) VALUES (165844, 2015, '1', '', '', '', '', '4281683', '4', '01066250524', '', 'الكيمياء', 'العلوم البيولوجية', '');
INSERT INTO `lk9v6_users` (`name`, `email`, `usertype`) VALUES ('ندى احمد عبد الفتاح عصام الدين', 'nada13s05814@alexu.edu.eg', 'الخريجين');
INSERT INTO `lk9v6_alumni_main` (`id`, `user_id`, `approved`) VALUES (165845, 165845, 1);
INSERT INTO `lk9v6_alumni_data` (`alumni_id`, `graduation_year`, `fid`, `job`, `address`, `city`, `country`, `phone`, `gid`, `mobile`, `nationalnumber`, `department`, `division`, `with_honor`) VALUES (165845, 2015, '1', '', '', '', '', '035488016', '4', '01203670925', '', 'الكيمياء', 'العلوم البيولوجية', '');
INSERT INTO `lk9v6_users` (`name`, `email`, `usertype`) VALUES ('مونيكا وجيه صبحى عازر فام', 'monika13s05378@alexu.edu.eg', 'الخريجين');
INSERT INTO `lk9v6_alumni_main` (`id`, `user_id`, `approved`) VALUES (165846, 165846, 1);
INSERT INTO `lk9v6_alumni_data` (`alumni_id`, `graduation_year`, `fid`, `job`, `address`, `city`, `country`, `phone`, `gid`, `mobile`, `nationalnumber`, `department`, `division`, `with_honor`) VALUES (165846, 2015, '1', '', '', '', '', '5346390', '4', '01225517490', '', 'الكيمياء', 'العلوم البيولوجية', '');
INSERT INTO `lk9v6_users` (`name`, `email`, `usertype`) VALUES ('اسماء محمد السيد احمد ابراهيم', 'asmaa13s05109@alexu.edu.eg', 'الخريجين');
INSERT INTO `lk9v6_alumni_main` (`id`, `user_id`, `approved`) VALUES (165847, 165847, 1);
INSERT INTO `lk9v6_alumni_data` (`alumni_id`, `graduation_year`, `fid`, `job`, `address`, `city`, `country`, `phone`, `gid`, `mobile`, `nationalnumber`, `department`, `division`, `with_honor`) VALUES (165847, 2015, '1', '', '', '', '', '03445155', '4', '01066135327', '', 'الكيمياء', 'العلوم البيولوجية', '');
INSERT INTO `lk9v6_users` (`name`, `email`, `usertype`) VALUES ('امنيه سعيد مرسى حسان', 'omnia13s04944@alexu.edu.eg', 'الخريجين');
INSERT INTO `lk9v6_alumni_main` (`id`, `user_id`, `approved`) VALUES (165848, 165848, 1);
INSERT INTO `lk9v6_alumni_data` (`alumni_id`, `graduation_year`, `fid`, `job`, `address`, `city`, `country`, `phone`, `gid`, `mobile`, `nationalnumber`, `department`, `division`, `with_honor`) VALUES (165848, 2015, '1', '', '', '', '', '5007397', '4', '01287834074', '', 'الكيمياء', 'العلوم البيولوجية', '');
INSERT INTO `lk9v6_users` (`name`, `email`, `usertype`) VALUES ('ايه جمال حسن احمد السواح', 'aya13s05599@alexu.edu.eg', 'الخريجين');
INSERT INTO `lk9v6_alumni_main` (`id`, `user_id`, `approved`) VALUES (165849, 165849, 1);
INSERT INTO `lk9v6_alumni_data` (`alumni_id`, `graduation_year`, `fid`, `job`, `address`, `city`, `country`, `phone`, `gid`, `mobile`, `nationalnumber`, `department`, `division`, `with_honor`) VALUES (165849, 2015, '1', '', '', '', '', '4443758', '4', '01227554976', '', 'الكيمياء', 'العلوم البيولوجية', '');
INSERT INTO `lk9v6_users` (`name`, `email`, `usertype`) VALUES ('بانسيه بدوى عباس بدوى سراج', 'banse13s05643@alexu.edu.eg', 'الخريجين');
INSERT INTO `lk9v6_alumni_main` (`id`, `user_id`, `approved`) VALUES (165850, 165850, 1);
INSERT INTO `lk9v6_alumni_data` (`alumni_id`, `graduation_year`, `fid`, `job`, `address`, `city`, `country`, `phone`, `gid`, `mobile`, `nationalnumber`, `department`, `division`, `with_honor`) VALUES (165850, 2015, '1', '', '', '', '', '9605547', '4', '01002376920', '', 'الكيمياء', 'العلوم البيولوجية', '');
INSERT INTO `lk9v6_users` (`name`, `email`, `usertype`) VALUES ('جيرمين عاطف محمد مرسى ابراهيم', 'germin13s05299@alexu.edu.eg', 'الخريجين');
INSERT INTO `lk9v6_alumni_main` (`id`, `user_id`, `approved`) VALUES (165851, 165851, 1);
INSERT INTO `lk9v6_alumni_data` (`alumni_id`, `graduation_year`, `fid`, `job`, `address`, `city`, `country`, `phone`, `gid`, `mobile`, `nationalnumber`, `department`, `division`, `with_honor`) VALUES (165851, 2015, '1', '', '', '', '', '4359905', '4', '0185360221', '', 'الكيمياء', 'العلوم البيولوجية', '');
INSERT INTO `lk9v6_users` (`name`, `email`, `usertype`) VALUES ('ريهام عصام عبدالسلام محمد الصباغ', 'reham13s05303@alexu.edu.eg', 'الخريجين');
INSERT INTO `lk9v6_alumni_main` (`id`, `user_id`, `approved`) VALUES (165852, 165852, 1);
INSERT INTO `lk9v6_alumni_data` (`alumni_id`, `graduation_year`, `fid`, `job`, `address`, `city`, `country`, `phone`, `gid`, `mobile`, `nationalnumber`, `department`, `division`, `with_honor`) VALUES (165852, 2015, '1', '', '', '', '', '9543724', '4', '01270061619', '', 'الكيمياء', 'العلوم البيولوجية', '');
INSERT INTO `lk9v6_users` (`name`, `email`, `usertype`) VALUES ('محمد اسماعيل عبدربه عبدربه', 'mohamed13s05531@alexu.edu.eg', 'الخريجين');
INSERT INTO `lk9v6_alumni_main` (`id`, `user_id`, `approved`) VALUES (165853, 165853, 1);
INSERT INTO `lk9v6_alumni_data` (`alumni_id`, `graduation_year`, `fid`, `job`, `address`, `city`, `country`, `phone`, `gid`, `mobile`, `nationalnumber`, `department`, `division`, `with_honor`) VALUES (165853, 2015, '1', '', '', '', '', '0473865528', '4', '01025202716', '', 'الكيمياء', 'العلوم البيولوجية', '');
INSERT INTO `lk9v6_users` (`name`, `email`, `usertype`) VALUES ('نورهان خالد احمد محمد عبدالقادر', 'nourhan13s05247@alexu.edu.eg', 'الخريجين');
INSERT INTO `lk9v6_alumni_main` (`id`, `user_id`, `approved`) VALUES (165854, 165854, 1);
INSERT INTO `lk9v6_alumni_data` (`alumni_id`, `graduation_year`, `fid`, `job`, `address`, `city`, `country`, `phone`, `gid`, `mobile`, `nationalnumber`, `department`, `division`, `with_honor`) VALUES (165854, 2015, '1', '', '', '', '', '035906717', '4', '01006210504', '', 'الكيمياء', 'العلوم البيولوجية', '');
INSERT INTO `lk9v6_users` (`name`, `email`, `usertype`) VALUES ('خديجة ناصر محمد احمد ابراهيم', 'khadiga13s05268@alexu.edu.eg', 'الخريجين');
INSERT INTO `lk9v6_alumni_main` (`id`, `user_id`, `approved`) VALUES (165855, 165855, 1);
INSERT INTO `lk9v6_alumni_data` (`alumni_id`, `graduation_year`, `fid`, `job`, `address`, `city`, `country`, `phone`, `gid`, `mobile`, `nationalnumber`, `department`, `division`, `with_honor`) VALUES (165855, 2015, '1', '', '', '', '', '0452562068', '4', '01116226240', '', 'الكيمياء', 'العلوم البيولوجية', '');
INSERT INTO `lk9v6_users` (`name`, `email`, `usertype`) VALUES ('ريهام محمد كمال الدين امين الطيب', 'reham13s05725@alexu.edu.eg', 'الخريجين');
INSERT INTO `lk9v6_alumni_main` (`id`, `user_id`, `approved`) VALUES (165856, 165856, 1);
INSERT INTO `lk9v6_alumni_data` (`alumni_id`, `graduation_year`, `fid`, `job`, `address`, `city`, `country`, `phone`, `gid`, `mobile`, `nationalnumber`, `department`, `division`, `with_honor`) VALUES (165856, 2015, '1', '', '', '', '', '4437082', '4', '01287101949', '', 'الكيمياء', 'العلوم البيولوجية', '');
INSERT INTO `lk9v6_users` (`name`, `email`, `usertype`) VALUES ('سالى فرج محمد فرج مسعود', 'saly13s05446@alexu.edu.eg', 'الخريجين');
INSERT INTO `lk9v6_alumni_main` (`id`, `user_id`, `approved`) VALUES (165857, 165857, 1);
INSERT INTO `lk9v6_alumni_data` (`alumni_id`, `graduation_year`, `fid`, `job`, `address`, `city`, `country`, `phone`, `gid`, `mobile`, `nationalnumber`, `department`, `division`, `with_honor`) VALUES (165857, 2015, '1', '', '', '', '', '5222818', '4', '01281106322', '', 'الكيمياء', 'العلوم البيولوجية', '');
INSERT INTO `lk9v6_users` (`name`, `email`, `usertype`) VALUES ('سلمى يسرى محمد  عبدالفتاح الشنبارى', 'salma13s05242@alexu.edu.eg', 'الخريجين');
INSERT INTO `lk9v6_alumni_main` (`id`, `user_id`, `approved`) VALUES (165858, 165858, 1);
INSERT INTO `lk9v6_alumni_data` (`alumni_id`, `graduation_year`, `fid`, `job`, `address`, `city`, `country`, `phone`, `gid`, `mobile`, `nationalnumber`, `department`, `division`, `with_honor`) VALUES (165858, 2015, '1', '', '', '', '', '0452224585', '4', '01202669705', '', 'الكيمياء', 'العلوم البيولوجية', '');
INSERT INTO `lk9v6_users` (`name`, `email`, `usertype`) VALUES ('اميره عباس السيد احمد', 'amira13s05175@alexu.edu.eg', 'الخريجين');
INSERT INTO `lk9v6_alumni_main` (`id`, `user_id`, `approved`) VALUES (165859, 165859, 1);
INSERT INTO `lk9v6_alumni_data` (`alumni_id`, `graduation_year`, `fid`, `job`, `address`, `city`, `country`, `phone`, `gid`, `mobile`, `nationalnumber`, `department`, `division`, `with_honor`) VALUES (165859, 2015, '1', '', '', '', '', '034487647', '4', '01276952923', '', 'الكيمياء', 'العلوم البيولوجية', '');
INSERT INTO `lk9v6_users` (`name`, `email`, `usertype`) VALUES ('رضوى حسن شفيق حسن رسمى', 'radwa13s04992@alexu.edu.eg', 'الخريجين');
INSERT INTO `lk9v6_alumni_main` (`id`, `user_id`, `approved`) VALUES (165860, 165860, 1);
INSERT INTO `lk9v6_alumni_data` (`alumni_id`, `graduation_year`, `fid`, `job`, `address`, `city`, `country`, `phone`, `gid`, `mobile`, `nationalnumber`, `department`, `division`, `with_honor`) VALUES (165860, 2015, '1', '', '', '', '', '034248468', '4', '01065476067', '', 'الكيمياء', 'العلوم البيولوجية', '');
INSERT INTO `lk9v6_users` (`name`, `email`, `usertype`) VALUES ('مايكل ناجى زكرى سدراك شحاته', 'maikel13s05667@alexu.edu.eg', 'الخريجين');
INSERT INTO `lk9v6_alumni_main` (`id`, `user_id`, `approved`) VALUES (165861, 165861, 1);
INSERT INTO `lk9v6_alumni_data` (`alumni_id`, `graduation_year`, `fid`, `job`, `address`, `city`, `country`, `phone`, `gid`, `mobile`, `nationalnumber`, `department`, `division`, `with_honor`) VALUES (165861, 2015, '1', '', '', '', '', '0452272501', '4', '01201757831', '', 'الكيمياء', 'العلوم البيولوجية', '');
INSERT INTO `lk9v6_users` (`name`, `email`, `usertype`) VALUES ('ميرنا خالد محمد حسن عزب', 'mirna13s05345@alexu.edu.eg', 'الخريجين');
INSERT INTO `lk9v6_alumni_main` (`id`, `user_id`, `approved`) VALUES (165862, 165862, 1);
INSERT INTO `lk9v6_alumni_data` (`alumni_id`, `graduation_year`, `fid`, `job`, `address`, `city`, `country`, `phone`, `gid`, `mobile`, `nationalnumber`, `department`, `division`, `with_honor`) VALUES (165862, 2015, '1', '', '', '', '', '01097180540', '4', '01023976631', '', 'الكيمياء', 'العلوم البيولوجية', '');
INSERT INTO `lk9v6_users` (`name`, `email`, `usertype`) VALUES ('نورا سامى لبيب دوس', 'noura13s06364@alexu.edu.eg', 'الخريجين');
INSERT INTO `lk9v6_alumni_main` (`id`, `user_id`, `approved`) VALUES (165863, 165863, 1);
INSERT INTO `lk9v6_alumni_data` (`alumni_id`, `graduation_year`, `fid`, `job`, `address`, `city`, `country`, `phone`, `gid`, `mobile`, `nationalnumber`, `department`, `division`, `with_honor`) VALUES (165863, 2015, '1', '', '', '', '', '035612176', '4', '01288597795', '', 'الكيمياء', 'العلوم البيولوجية', '');
INSERT INTO `lk9v6_users` (`name`, `email`, `usertype`) VALUES ('عمرو محمد احمد ابراهيم على', 'amr13s04861@alexu.edu.eg', 'الخريجين');
INSERT INTO `lk9v6_alumni_main` (`id`, `user_id`, `approved`) VALUES (165864, 165864, 1);
INSERT INTO `lk9v6_alumni_data` (`alumni_id`, `graduation_year`, `fid`, `job`, `address`, `city`, `country`, `phone`, `gid`, `mobile`, `nationalnumber`, `department`, `division`, `with_honor`) VALUES (165864, 2015, '1', '', '', '', '', '5575778', '4', '01003359781', '', 'الكيمياء', 'العلوم البيولوجية', '');
INSERT INTO `lk9v6_users` (`name`, `email`, `usertype`) VALUES ('مونيكا نصر نجيب جورجى', 'monika13s04863@alexu.edu.eg', 'الخريجين');
INSERT INTO `lk9v6_alumni_main` (`id`, `user_id`, `approved`) VALUES (165865, 165865, 1);
INSERT INTO `lk9v6_alumni_data` (`alumni_id`, `graduation_year`, `fid`, `job`, `address`, `city`, `country`, `phone`, `gid`, `mobile`, `nationalnumber`, `department`, `division`, `with_honor`) VALUES (165865, 2015, '1', '', '', '', '', '5536407', '4', '01223741738', '', 'الكيمياء', 'العلوم البيولوجية', '');
INSERT INTO `lk9v6_users` (`name`, `email`, `usertype`) VALUES ('اسماء محمد صلاح ابراهيم مبروك مرسال', 'asmaa13s05995@alexu.edu.eg', 'الخريجين');
INSERT INTO `lk9v6_alumni_main` (`id`, `user_id`, `approved`) VALUES (165866, 165866, 1);
INSERT INTO `lk9v6_alumni_data` (`alumni_id`, `graduation_year`, `fid`, `job`, `address`, `city`, `country`, `phone`, `gid`, `mobile`, `nationalnumber`, `department`, `division`, `with_honor`) VALUES (165866, 2015, '1', '', '', '', '', '0453801115', '4', '01001593282', '', 'الكيمياء', 'العلوم البيولوجية', '');
INSERT INTO `lk9v6_users` (`name`, `email`, `usertype`) VALUES ('دعاء السيد محمود الصغير علام', 'doaa13s06123@alexu.edu.eg', 'الخريجين');
INSERT INTO `lk9v6_alumni_main` (`id`, `user_id`, `approved`) VALUES (165867, 165867, 1);
INSERT INTO `lk9v6_alumni_data` (`alumni_id`, `graduation_year`, `fid`, `job`, `address`, `city`, `country`, `phone`, `gid`, `mobile`, `nationalnumber`, `department`, `division`, `with_honor`) VALUES (165867, 2015, '1', '', '', '', '', '0452232569', '4', '01270095592', '', 'الكيمياء', 'العلوم البيولوجية', '');
INSERT INTO `lk9v6_users` (`name`, `email`, `usertype`) VALUES ('دعاء رفاعى عبدالله ابراهيم ندا', 'doaa13s05461@alexu.edu.eg', 'الخريجين');
INSERT INTO `lk9v6_alumni_main` (`id`, `user_id`, `approved`) VALUES (165868, 165868, 1);
INSERT INTO `lk9v6_alumni_data` (`alumni_id`, `graduation_year`, `fid`, `job`, `address`, `city`, `country`, `phone`, `gid`, `mobile`, `nationalnumber`, `department`, `division`, `with_honor`) VALUES (165868, 2015, '1', '', '', '', '', '0472902284', '4', '01027556538', '', 'الكيمياء', 'العلوم البيولوجية', '');
INSERT INTO `lk9v6_users` (`name`, `email`, `usertype`) VALUES ('هاجر محمد عبد العزيز قصان', 'hager13s06319@alexu.edu.eg', 'الخريجين');
INSERT INTO `lk9v6_alumni_main` (`id`, `user_id`, `approved`) VALUES (165869, 165869, 1);
INSERT INTO `lk9v6_alumni_data` (`alumni_id`, `graduation_year`, `fid`, `job`, `address`, `city`, `country`, `phone`, `gid`, `mobile`, `nationalnumber`, `department`, `division`, `with_honor`) VALUES (165869, 2015, '1', '', '', '', '', '035349291', '4', '0183022563', '', 'الكيمياء', 'العلوم البيولوجية', '');
INSERT INTO `lk9v6_users` (`name`, `email`, `usertype`) VALUES ('ولاء محمد عبدالستار ابو موافى', 'walaa13s05042@alexu.edu.eg', 'الخريجين');
INSERT INTO `lk9v6_alumni_main` (`id`, `user_id`, `approved`) VALUES (165870, 165870, 1);
INSERT INTO `lk9v6_alumni_data` (`alumni_id`, `graduation_year`, `fid`, `job`, `address`, `city`, `country`, `phone`, `gid`, `mobile`, `nationalnumber`, `department`, `division`, `with_honor`) VALUES (165870, 2015, '1', '', '', '', '', '033018852', '4', '01021567857', '', 'الكيمياء', 'العلوم البيولوجية', '');
INSERT INTO `lk9v6_users` (`name`, `email`, `usertype`) VALUES ('احمد بهجت نصر حشيش', 'ahmed13s05454@alexu.edu.eg', 'الخريجين');
INSERT INTO `lk9v6_alumni_main` (`id`, `user_id`, `approved`) VALUES (165871, 165871, 1);
INSERT INTO `lk9v6_alumni_data` (`alumni_id`, `graduation_year`, `fid`, `job`, `address`, `city`, `country`, `phone`, `gid`, `mobile`, `nationalnumber`, `department`, `division`, `with_honor`) VALUES (165871, 2015, '1', '', '', '', '', '0453311910', '4', '01067736011', '', 'الكيمياء', 'العلوم البيولوجية', '');
INSERT INTO `lk9v6_users` (`name`, `email`, `usertype`) VALUES ('عزه محمد جابر اسماعيل جمعه', 'azza13s05065@alexu.edu.eg', 'الخريجين');
INSERT INTO `lk9v6_alumni_main` (`id`, `user_id`, `approved`) VALUES (165872, 165872, 1);
INSERT INTO `lk9v6_alumni_data` (`alumni_id`, `graduation_year`, `fid`, `job`, `address`, `city`, `country`, `phone`, `gid`, `mobile`, `nationalnumber`, `department`, `division`, `with_honor`) VALUES (165872, 2015, '1', '', '', '', '', '033323087', '4', '01064612894', '', 'الكيمياء', 'العلوم البيولوجية', '');
INSERT INTO `lk9v6_users` (`name`, `email`, `usertype`) VALUES ('هدير رمضان هاشم رمضان', 'hadeer13s05083@alexu.edu.eg', 'الخريجين');
INSERT INTO `lk9v6_alumni_main` (`id`, `user_id`, `approved`) VALUES (165873, 165873, 1);
INSERT INTO `lk9v6_alumni_data` (`alumni_id`, `graduation_year`, `fid`, `job`, `address`, `city`, `country`, `phone`, `gid`, `mobile`, `nationalnumber`, `department`, `division`, `with_honor`) VALUES (165873, 2015, '1', '', '', '', '', '032205881', '4', '01206962049', '', 'الكيمياء', 'العلوم البيولوجية', '');
INSERT INTO `lk9v6_users` (`name`, `email`, `usertype`) VALUES ('تقى محمد محمد ابو ريان', 'toqa13s05654@alexu.edu.eg', 'الخريجين');
INSERT INTO `lk9v6_alumni_main` (`id`, `user_id`, `approved`) VALUES (165874, 165874, 1);
INSERT INTO `lk9v6_alumni_data` (`alumni_id`, `graduation_year`, `fid`, `job`, `address`, `city`, `country`, `phone`, `gid`, `mobile`, `nationalnumber`, `department`, `division`, `with_honor`) VALUES (165874, 2015, '1', '', '', '', '', '0452515204', '4', '01144171606', '', 'الكيمياء', 'العلوم البيولوجية', '');
INSERT INTO `lk9v6_users` (`name`, `email`, `usertype`) VALUES ('ندى عدلان محمد الشربينى', 'nada13s05635@alexu.edu.eg', 'الخريجين');
INSERT INTO `lk9v6_alumni_main` (`id`, `user_id`, `approved`) VALUES (165875, 165875, 1);
INSERT INTO `lk9v6_alumni_data` (`alumni_id`, `graduation_year`, `fid`, `job`, `address`, `city`, `country`, `phone`, `gid`, `mobile`, `nationalnumber`, `department`, `division`, `with_honor`) VALUES (165875, 2015, '1', '', '', '', '', '0452915933', '4', '0187630339', '', 'الكيمياء', 'العلوم البيولوجية', '');
INSERT INTO `lk9v6_users` (`name`, `email`, `usertype`) VALUES ('رنا عبد الحميد ابراهيم عبد الحميد ابراهيم', 'rana13s05220@alexu.edu.eg', 'الخريجين');
INSERT INTO `lk9v6_alumni_main` (`id`, `user_id`, `approved`) VALUES (165876, 165876, 1);
INSERT INTO `lk9v6_alumni_data` (`alumni_id`, `graduation_year`, `fid`, `job`, `address`, `city`, `country`, `phone`, `gid`, `mobile`, `nationalnumber`, `department`, `division`, `with_honor`) VALUES (165876, 2015, '1', '', '', '', '', '035362635', '4', '01284595229', '', 'الكيمياء', 'العلوم البيولوجية', '');
INSERT INTO `lk9v6_users` (`name`, `email`, `usertype`) VALUES ('منه الله ياسر محمد حرب عبد المعطى', 'menna13s05322@alexu.edu.eg', 'الخريجين');
INSERT INTO `lk9v6_alumni_main` (`id`, `user_id`, `approved`) VALUES (165877, 165877, 1);
INSERT INTO `lk9v6_alumni_data` (`alumni_id`, `graduation_year`, `fid`, `job`, `address`, `city`, `country`, `phone`, `gid`, `mobile`, `nationalnumber`, `department`, `division`, `with_honor`) VALUES (165877, 2015, '1', '', '', '', '', '5352344', '4', '01281210855', '', 'الكيمياء', 'العلوم البيولوجية', '');
INSERT INTO `lk9v6_users` (`name`, `email`, `usertype`) VALUES ('دينا مصطفى راضى محمد محمد', 'dina13s05244@alexu.edu.eg', 'الخريجين');
INSERT INTO `lk9v6_alumni_main` (`id`, `user_id`, `approved`) VALUES (165878, 165878, 1);
INSERT INTO `lk9v6_alumni_data` (`alumni_id`, `graduation_year`, `fid`, `job`, `address`, `city`, `country`, `phone`, `gid`, `mobile`, `nationalnumber`, `department`, `division`, `with_honor`) VALUES (165878, 2015, '1', '', '', '', '', '035933028', '4', '0184972273', '', 'الكيمياء', 'العلوم البيولوجية', '');
INSERT INTO `lk9v6_users` (`name`, `email`, `usertype`) VALUES ('الاء رجب محمد عبدالجواد عوض', 'alaa13s05416@alexu.edu.eg', 'الخريجين');
INSERT INTO `lk9v6_alumni_main` (`id`, `user_id`, `approved`) VALUES (165879, 165879, 1);
INSERT INTO `lk9v6_alumni_data` (`alumni_id`, `graduation_year`, `fid`, `job`, `address`, `city`, `country`, `phone`, `gid`, `mobile`, `nationalnumber`, `department`, `division`, `with_honor`) VALUES (165879, 2015, '1', '', '', '', '', '0452239955', '4', '01272681003', '', 'الكيمياء', 'العلوم البيولوجية', '');
INSERT INTO `lk9v6_users` (`name`, `email`, `usertype`) VALUES ('ايه جمال الدين ابراهيم ابراهيم', 'aya13s05376@alexu.edu.eg', 'الخريجين');
INSERT INTO `lk9v6_alumni_main` (`id`, `user_id`, `approved`) VALUES (165880, 165880, 1);
INSERT INTO `lk9v6_alumni_data` (`alumni_id`, `graduation_year`, `fid`, `job`, `address`, `city`, `country`, `phone`, `gid`, `mobile`, `nationalnumber`, `department`, `division`, `with_honor`) VALUES (165880, 2015, '1', '', '', '', '', '5040196', '4', '01278372024', '', 'الكيمياء', 'العلوم البيولوجية', '');
INSERT INTO `lk9v6_users` (`name`, `email`, `usertype`) VALUES ('دعاء سند احمد احمد وزه', 'doaa13s04949@alexu.edu.eg', 'الخريجين');
INSERT INTO `lk9v6_alumni_main` (`id`, `user_id`, `approved`) VALUES (165881, 165881, 1);
INSERT INTO `lk9v6_alumni_data` (`alumni_id`, `graduation_year`, `fid`, `job`, `address`, `city`, `country`, `phone`, `gid`, `mobile`, `nationalnumber`, `department`, `division`, `with_honor`) VALUES (165881, 2015, '1', '', '', '', '', '0452243937', '4', '0183235499', '', 'الكيمياء', 'العلوم البيولوجية', '');
INSERT INTO `lk9v6_users` (`name`, `email`, `usertype`) VALUES ('اسراء عبدالغفار عبدالحميد الفقى', 'esraa13s05616@alexu.edu.eg', 'الخريجين');
INSERT INTO `lk9v6_alumni_main` (`id`, `user_id`, `approved`) VALUES (165882, 165882, 1);
INSERT INTO `lk9v6_alumni_data` (`alumni_id`, `graduation_year`, `fid`, `job`, `address`, `city`, `country`, `phone`, `gid`, `mobile`, `nationalnumber`, `department`, `division`, `with_honor`) VALUES (165882, 2015, '1', '', '', '', '', '4349186', '4', '0189376072', '', 'الكيمياء', 'العلوم البيولوجية', '');
INSERT INTO `lk9v6_users` (`name`, `email`, `usertype`) VALUES ('امانى مصطفى حسن معتمد', 'amany13s04887@alexu.edu.eg', 'الخريجين');
INSERT INTO `lk9v6_alumni_main` (`id`, `user_id`, `approved`) VALUES (165883, 165883, 1);
INSERT INTO `lk9v6_alumni_data` (`alumni_id`, `graduation_year`, `fid`, `job`, `address`, `city`, `country`, `phone`, `gid`, `mobile`, `nationalnumber`, `department`, `division`, `with_honor`) VALUES (165883, 2015, '1', '', '', '', '', '034289902', '4', '01064152594', '', 'الكيمياء', 'العلوم البيولوجية', '');
INSERT INTO `lk9v6_users` (`name`, `email`, `usertype`) VALUES ('مى رافت مصطفى عجمى', 'mai13s06769@alexu.edu.eg', 'الخريجين');
INSERT INTO `lk9v6_alumni_main` (`id`, `user_id`, `approved`) VALUES (165884, 165884, 1);
INSERT INTO `lk9v6_alumni_data` (`alumni_id`, `graduation_year`, `fid`, `job`, `address`, `city`, `country`, `phone`, `gid`, `mobile`, `nationalnumber`, `department`, `division`, `with_honor`) VALUES (165884, 2015, '1', '', '', '', '', '3813874', '4', '01228917174', '', 'الكيمياء', 'العلوم البيولوجية', '');
INSERT INTO `lk9v6_users` (`name`, `email`, `usertype`) VALUES ('ولاء قناوى فرج نصر', 'walaa13s05572@alexu.edu.eg', 'الخريجين');
INSERT INTO `lk9v6_alumni_main` (`id`, `user_id`, `approved`) VALUES (165885, 165885, 1);
INSERT INTO `lk9v6_alumni_data` (`alumni_id`, `graduation_year`, `fid`, `job`, `address`, `city`, `country`, `phone`, `gid`, `mobile`, `nationalnumber`, `department`, `division`, `with_honor`) VALUES (165885, 2015, '1', '', '', '', '', '4452166', '4', '01271882952', '', 'الكيمياء', 'العلوم البيولوجية', '');
INSERT INTO `lk9v6_users` (`name`, `email`, `usertype`) VALUES ('محمد احمد محمد ابو العلا عبد العزيز', 'mohamed13s05731@alexu.edu.eg', 'الخريجين');
INSERT INTO `lk9v6_alumni_main` (`id`, `user_id`, `approved`) VALUES (165886, 165886, 1);
INSERT INTO `lk9v6_alumni_data` (`alumni_id`, `graduation_year`, `fid`, `job`, `address`, `city`, `country`, `phone`, `gid`, `mobile`, `nationalnumber`, `department`, `division`, `with_honor`) VALUES (165886, 2015, '1', '', '', '', '', '034489342', '4', '01001380611', '', 'الكيمياء', 'العلوم البيولوجية', '');
INSERT INTO `lk9v6_users` (`name`, `email`, `usertype`) VALUES ('مرفت محمد عبد الرحمن عبد الحليم', 'merfat13s05091@alexu.edu.eg', 'الخريجين');
INSERT INTO `lk9v6_alumni_main` (`id`, `user_id`, `approved`) VALUES (165887, 165887, 1);
INSERT INTO `lk9v6_alumni_data` (`alumni_id`, `graduation_year`, `fid`, `job`, `address`, `city`, `country`, `phone`, `gid`, `mobile`, `nationalnumber`, `department`, `division`, `with_honor`) VALUES (165887, 2015, '1', '', '', '', '', '4348372', '4', '01142304053', '', 'الكيمياء', 'العلوم البيولوجية', '');
INSERT INTO `lk9v6_users` (`name`, `email`, `usertype`) VALUES ('نيفين محمد زكريا عبدالقادر شرف', 'nevin13s04935@alexu.edu.eg', 'الخريجين');
INSERT INTO `lk9v6_alumni_main` (`id`, `user_id`, `approved`) VALUES (165888, 165888, 1);
INSERT INTO `lk9v6_alumni_data` (`alumni_id`, `graduation_year`, `fid`, `job`, `address`, `city`, `country`, `phone`, `gid`, `mobile`, `nationalnumber`, `department`, `division`, `with_honor`) VALUES (165888, 2015, '1', '', '', '', '', '0453542022', '4', '01008592691', '', 'الكيمياء', 'العلوم البيولوجية', '');
INSERT INTO `lk9v6_users` (`name`, `email`, `usertype`) VALUES ('رناعلى امين عسل', 'rana13s05784@alexu.edu.eg', 'الخريجين');
INSERT INTO `lk9v6_alumni_main` (`id`, `user_id`, `approved`) VALUES (165889, 165889, 1);
INSERT INTO `lk9v6_alumni_data` (`alumni_id`, `graduation_year`, `fid`, `job`, `address`, `city`, `country`, `phone`, `gid`, `mobile`, `nationalnumber`, `department`, `division`, `with_honor`) VALUES (165889, 2015, '1', '', '', '', '', '0453320313', '3', '01066313909', '', 'الكيمياء', 'العلوم البيولوجية', '');
INSERT INTO `lk9v6_users` (`name`, `email`, `usertype`) VALUES ('وسام عمر محمود سليمان', 'wesam13s05792@alexu.edu.eg', 'الخريجين');
INSERT INTO `lk9v6_alumni_main` (`id`, `user_id`, `approved`) VALUES (165890, 165890, 1);
INSERT INTO `lk9v6_alumni_data` (`alumni_id`, `graduation_year`, `fid`, `job`, `address`, `city`, `country`, `phone`, `gid`, `mobile`, `nationalnumber`, `department`, `division`, `with_honor`) VALUES (165890, 2015, '1', '', '', '', '', '033928212', '3', '01143365446', '', 'الكيمياء', 'العلوم البيولوجية', '');
INSERT INTO `lk9v6_users` (`name`, `email`, `usertype`) VALUES ('اسماء محمد عبدالله مصطفى حسين', 'asmaa13s05457@alexu.edu.eg', 'الخريجين');
INSERT INTO `lk9v6_alumni_main` (`id`, `user_id`, `approved`) VALUES (165891, 165891, 1);
INSERT INTO `lk9v6_alumni_data` (`alumni_id`, `graduation_year`, `fid`, `job`, `address`, `city`, `country`, `phone`, `gid`, `mobile`, `nationalnumber`, `department`, `division`, `with_honor`) VALUES (165891, 2015, '1', '', '', '', '', '5488606', '3', '01279174040', '', 'الكيمياء', 'العلوم البيولوجية', '');
INSERT INTO `lk9v6_users` (`name`, `email`, `usertype`) VALUES ('سمير فخرى عبدالعليم الدناصورى', 'samir13s05286@alexu.edu.eg', 'الخريجين');
INSERT INTO `lk9v6_alumni_main` (`id`, `user_id`, `approved`) VALUES (165892, 165892, 1);
INSERT INTO `lk9v6_alumni_data` (`alumni_id`, `graduation_year`, `fid`, `job`, `address`, `city`, `country`, `phone`, `gid`, `mobile`, `nationalnumber`, `department`, `division`, `with_honor`) VALUES (165892, 2015, '1', '', '', '', '', '0472711407', '3', '01005753294', '', 'الكيمياء', 'العلوم البيولوجية', '');
INSERT INTO `lk9v6_users` (`name`, `email`, `usertype`) VALUES ('هاله محمد عبدالحفيظ الطويل', 'hala13s04991@alexu.edu.eg', 'الخريجين');
INSERT INTO `lk9v6_alumni_main` (`id`, `user_id`, `approved`) VALUES (165893, 165893, 1);
INSERT INTO `lk9v6_alumni_data` (`alumni_id`, `graduation_year`, `fid`, `job`, `address`, `city`, `country`, `phone`, `gid`, `mobile`, `nationalnumber`, `department`, `division`, `with_honor`) VALUES (165893, 2015, '1', '', '', '', '', '0452840655', '3', '01115090421', '', 'الكيمياء', 'العلوم البيولوجية', '');
INSERT INTO `lk9v6_users` (`name`, `email`, `usertype`) VALUES ('ابراهيم محمد عبدالحى عبد الحميد ابوكيله', 'ibrahim13s05426@alexu.edu.eg', 'الخريجين');
INSERT INTO `lk9v6_alumni_main` (`id`, `user_id`, `approved`) VALUES (165894, 165894, 1);
INSERT INTO `lk9v6_alumni_data` (`alumni_id`, `graduation_year`, `fid`, `job`, `address`, `city`, `country`, `phone`, `gid`, `mobile`, `nationalnumber`, `department`, `division`, `with_honor`) VALUES (165894, 2015, '1', '', '', '', '', '4400010', '3', '01281562673', '', 'الكيمياء', 'العلوم البيولوجية', '');
INSERT INTO `lk9v6_users` (`name`, `email`, `usertype`) VALUES ('هناء سامى مصلحى يوسف', 'hanaa13s05348@alexu.edu.eg', 'الخريجين');
INSERT INTO `lk9v6_alumni_main` (`id`, `user_id`, `approved`) VALUES (165895, 165895, 1);
INSERT INTO `lk9v6_alumni_data` (`alumni_id`, `graduation_year`, `fid`, `job`, `address`, `city`, `country`, `phone`, `gid`, `mobile`, `nationalnumber`, `department`, `division`, `with_honor`) VALUES (165895, 2015, '1', '', '', '', '', '01201592972', '3', '01201592972', '', 'الكيمياء', 'العلوم البيولوجية', '');
INSERT INTO `lk9v6_users` (`name`, `email`, `usertype`) VALUES ('امنيه مدحت محمد عيد السيد', 'omnia13s05851@alexu.edu.eg', 'الخريجين');
INSERT INTO `lk9v6_alumni_main` (`id`, `user_id`, `approved`) VALUES (165896, 165896, 1);
INSERT INTO `lk9v6_alumni_data` (`alumni_id`, `graduation_year`, `fid`, `job`, `address`, `city`, `country`, `phone`, `gid`, `mobile`, `nationalnumber`, `department`, `division`, `with_honor`) VALUES (165896, 2015, '1', '', '', '', '', '3938191', '3', '01223280874', '', 'الكيمياء', 'العلوم البيولوجية', '');
INSERT INTO `lk9v6_users` (`name`, `email`, `usertype`) VALUES ('اسراء محمد السيد محمد مرسى', 'esraa13s05202@alexu.edu.eg', 'الخريجين');
INSERT INTO `lk9v6_alumni_main` (`id`, `user_id`, `approved`) VALUES (165897, 165897, 1);
INSERT INTO `lk9v6_alumni_data` (`alumni_id`, `graduation_year`, `fid`, `job`, `address`, `city`, `country`, `phone`, `gid`, `mobile`, `nationalnumber`, `department`, `division`, `with_honor`) VALUES (165897, 2015, '1', '', '', '', '', '0103709179', '3', '0196664268', '', 'الكيمياء', 'العلوم البيولوجية', '');
INSERT INTO `lk9v6_users` (`name`, `email`, `usertype`) VALUES ('نوره محمد ابراهيم قطب الماظ', 'nora13s05040@alexu.edu.eg', 'الخريجين');
INSERT INTO `lk9v6_alumni_main` (`id`, `user_id`, `approved`) VALUES (165898, 165898, 1);
INSERT INTO `lk9v6_alumni_data` (`alumni_id`, `graduation_year`, `fid`, `job`, `address`, `city`, `country`, `phone`, `gid`, `mobile`, `nationalnumber`, `department`, `division`, `with_honor`) VALUES (165898, 2015, '1', '', '', '', '', '0472765487', '3', '01157258693', '', 'الكيمياء', 'العلوم البيولوجية', '');
INSERT INTO `lk9v6_users` (`name`, `email`, `usertype`) VALUES ('زينب محمد نجيب طه محمد على', 'zeynep13s05853@alexu.edu.eg', 'الخريجين');
INSERT INTO `lk9v6_alumni_main` (`id`, `user_id`, `approved`) VALUES (165899, 165899, 1);
INSERT INTO `lk9v6_alumni_data` (`alumni_id`, `graduation_year`, `fid`, `job`, `address`, `city`, `country`, `phone`, `gid`, `mobile`, `nationalnumber`, `department`, `division`, `with_honor`) VALUES (165899, 2015, '1', '', '', '', '', '0453650164', '3', '01002987904', '', 'الكيمياء', 'العلوم البيولوجية', '');
INSERT INTO `lk9v6_users` (`name`, `email`, `usertype`) VALUES ('مارينا فاروق وهيب دهايبى', 'marina13s05458@alexu.edu.eg', 'الخريجين');
INSERT INTO `lk9v6_alumni_main` (`id`, `user_id`, `approved`) VALUES (165900, 165900, 1);
INSERT INTO `lk9v6_alumni_data` (`alumni_id`, `graduation_year`, `fid`, `job`, `address`, `city`, `country`, `phone`, `gid`, `mobile`, `nationalnumber`, `department`, `division`, `with_honor`) VALUES (165900, 2015, '1', '', '', '', '', '5279963', '3', '01226975467', '', 'الكيمياء', 'العلوم البيولوجية', '');
INSERT INTO `lk9v6_users` (`name`, `email`, `usertype`) VALUES ('ايه رفعت محمود حسانين عثمان', 'aya13s05523@alexu.edu.eg', 'الخريجين');
INSERT INTO `lk9v6_alumni_main` (`id`, `user_id`, `approved`) VALUES (165901, 165901, 1);
INSERT INTO `lk9v6_alumni_data` (`alumni_id`, `graduation_year`, `fid`, `job`, `address`, `city`, `country`, `phone`, `gid`, `mobile`, `nationalnumber`, `department`, `division`, `with_honor`) VALUES (165901, 2015, '1', '', '', '', '', '0472977136', '3', '01116095964', '', 'الكيمياء', 'العلوم البيولوجية', '');
INSERT INTO `lk9v6_users` (`name`, `email`, `usertype`) VALUES ('امنيه يسرى مسعود عبدالحميد', 'omnia13s05338@alexu.edu.eg', 'الخريجين');
INSERT INTO `lk9v6_alumni_main` (`id`, `user_id`, `approved`) VALUES (165902, 165902, 1);
INSERT INTO `lk9v6_alumni_data` (`alumni_id`, `graduation_year`, `fid`, `job`, `address`, `city`, `country`, `phone`, `gid`, `mobile`, `nationalnumber`, `department`, `division`, `with_honor`) VALUES (165902, 2015, '1', '', '', '', '', '035016487', '3', '01278698152', '', 'الكيمياء', 'العلوم البيولوجية', '');
INSERT INTO `lk9v6_users` (`name`, `email`, `usertype`) VALUES ('اسراء حمدان على حفنى على', 'esraa13s05825@alexu.edu.eg', 'الخريجين');
INSERT INTO `lk9v6_alumni_main` (`id`, `user_id`, `approved`) VALUES (165903, 165903, 1);
INSERT INTO `lk9v6_alumni_data` (`alumni_id`, `graduation_year`, `fid`, `job`, `address`, `city`, `country`, `phone`, `gid`, `mobile`, `nationalnumber`, `department`, `division`, `with_honor`) VALUES (165903, 2015, '1', '', '', '', '', '5015246', '3', '01207343636', '', 'الكيمياء', 'العلوم البيولوجية', '');
INSERT INTO `lk9v6_users` (`name`, `email`, `usertype`) VALUES ('ايه فتحى محمد على', 'aya13s06316@alexu.edu.eg', 'الخريجين');
INSERT INTO `lk9v6_alumni_main` (`id`, `user_id`, `approved`) VALUES (165904, 165904, 1);
INSERT INTO `lk9v6_alumni_data` (`alumni_id`, `graduation_year`, `fid`, `job`, `address`, `city`, `country`, `phone`, `gid`, `mobile`, `nationalnumber`, `department`, `division`, `with_honor`) VALUES (165904, 2015, '1', '', '', '', '', '033195104', '3', '01275114215', '', 'الكيمياء', 'العلوم البيولوجية', '');
INSERT INTO `lk9v6_users` (`name`, `email`, `usertype`) VALUES ('مريم نبيل عزيز توفيق', 'mariem13s05012@alexu.edu.eg', 'الخريجين');
INSERT INTO `lk9v6_alumni_main` (`id`, `user_id`, `approved`) VALUES (165905, 165905, 1);
INSERT INTO `lk9v6_alumni_data` (`alumni_id`, `graduation_year`, `fid`, `job`, `address`, `city`, `country`, `phone`, `gid`, `mobile`, `nationalnumber`, `department`, `division`, `with_honor`) VALUES (165905, 2015, '1', '', '', '', '', '01275318019', '3', '01275318019', '', 'الكيمياء', 'العلوم البيولوجية', '');
INSERT INTO `lk9v6_users` (`name`, `email`, `usertype`) VALUES ('ريهام محمد عبدالمحسن الديب', 'reham13s05034@alexu.edu.eg', 'الخريجين');
INSERT INTO `lk9v6_alumni_main` (`id`, `user_id`, `approved`) VALUES (165906, 165906, 1);
INSERT INTO `lk9v6_alumni_data` (`alumni_id`, `graduation_year`, `fid`, `job`, `address`, `city`, `country`, `phone`, `gid`, `mobile`, `nationalnumber`, `department`, `division`, `with_honor`) VALUES (165906, 2015, '1', '', '', '', '', '0452985344', '3', '0180251069', '', 'الكيمياء', 'العلوم البيولوجية', '');
INSERT INTO `lk9v6_users` (`name`, `email`, `usertype`) VALUES ('ايه جابر احمد محمود السيد', 'aya13s05648@alexu.edu.eg', 'الخريجين');
INSERT INTO `lk9v6_alumni_main` (`id`, `user_id`, `approved`) VALUES (165907, 165907, 1);
INSERT INTO `lk9v6_alumni_data` (`alumni_id`, `graduation_year`, `fid`, `job`, `address`, `city`, `country`, `phone`, `gid`, `mobile`, `nationalnumber`, `department`, `division`, `with_honor`) VALUES (165907, 2015, '1', '', '', '', '', '035371350', '3', '01286675224', '', 'الكيمياء', 'العلوم البيولوجية', '');
INSERT INTO `lk9v6_users` (`name`, `email`, `usertype`) VALUES ('دعاء احمد امين سرور سويلم', 'doaa13s05770@alexu.edu.eg', 'الخريجين');
INSERT INTO `lk9v6_alumni_main` (`id`, `user_id`, `approved`) VALUES (165908, 165908, 1);
INSERT INTO `lk9v6_alumni_data` (`alumni_id`, `graduation_year`, `fid`, `job`, `address`, `city`, `country`, `phone`, `gid`, `mobile`, `nationalnumber`, `department`, `division`, `with_honor`) VALUES (165908, 2015, '1', '', '', '', '', '02228703349', '3', '01289070292', '', 'الكيمياء', 'العلوم البيولوجية', '');
INSERT INTO `lk9v6_users` (`name`, `email`, `usertype`) VALUES ('اسراء محمد محمود على عقل', 'esraa13s05133@alexu.edu.eg', 'الخريجين');
INSERT INTO `lk9v6_alumni_main` (`id`, `user_id`, `approved`) VALUES (165909, 165909, 1);
INSERT INTO `lk9v6_alumni_data` (`alumni_id`, `graduation_year`, `fid`, `job`, `address`, `city`, `country`, `phone`, `gid`, `mobile`, `nationalnumber`, `department`, `division`, `with_honor`) VALUES (165909, 2015, '1', '', '', '', '', '035073125', '3', '01277886525', '', 'الكيمياء', 'العلوم البيولوجية', '');
INSERT INTO `lk9v6_users` (`name`, `email`, `usertype`) VALUES ('اسراء محمد السيد الطيب موسى', 'esraa13s05189@alexu.edu.eg', 'الخريجين');
INSERT INTO `lk9v6_alumni_main` (`id`, `user_id`, `approved`) VALUES (165910, 165910, 1);
INSERT INTO `lk9v6_alumni_data` (`alumni_id`, `graduation_year`, `fid`, `job`, `address`, `city`, `country`, `phone`, `gid`, `mobile`, `nationalnumber`, `department`, `division`, `with_honor`) VALUES (165910, 2015, '1', '', '', '', '', '4942776', '3', '01281107101', '', 'الكيمياء', 'العلوم البيولوجية', '');
INSERT INTO `lk9v6_users` (`name`, `email`, `usertype`) VALUES ('زينب حسن فؤاد حسن', 'zeynep13s05312@alexu.edu.eg', 'الخريجين');
INSERT INTO `lk9v6_alumni_main` (`id`, `user_id`, `approved`) VALUES (165911, 165911, 1);
INSERT INTO `lk9v6_alumni_data` (`alumni_id`, `graduation_year`, `fid`, `job`, `address`, `city`, `country`, `phone`, `gid`, `mobile`, `nationalnumber`, `department`, `division`, `with_honor`) VALUES (165911, 2015, '1', '', '', '', '', '01221657746', '3', '01145652765', '', 'الكيمياء', 'العلوم البيولوجية', '');
INSERT INTO `lk9v6_users` (`name`, `email`, `usertype`) VALUES ('ماريهام ناجى عدلى كامل', 'mariham13s05144@alexu.edu.eg', 'الخريجين');
INSERT INTO `lk9v6_alumni_main` (`id`, `user_id`, `approved`) VALUES (165912, 165912, 1);
INSERT INTO `lk9v6_alumni_data` (`alumni_id`, `graduation_year`, `fid`, `job`, `address`, `city`, `country`, `phone`, `gid`, `mobile`, `nationalnumber`, `department`, `division`, `with_honor`) VALUES (165912, 2015, '1', '', '', '', '', '034592018', '3', '01271261483', '', 'الكيمياء', 'العلوم البيولوجية', '');
INSERT INTO `lk9v6_users` (`name`, `email`, `usertype`) VALUES ('محمد جمال حسن على بدران', 'mohamed13s05831@alexu.edu.eg', 'الخريجين');
INSERT INTO `lk9v6_alumni_main` (`id`, `user_id`, `approved`) VALUES (165913, 165913, 1);
INSERT INTO `lk9v6_alumni_data` (`alumni_id`, `graduation_year`, `fid`, `job`, `address`, `city`, `country`, `phone`, `gid`, `mobile`, `nationalnumber`, `department`, `division`, `with_honor`) VALUES (165913, 2015, '1', '', '', '', '', '035028108', '3', '01211663152', '', 'الكيمياء', 'العلوم البيولوجية', '');
INSERT INTO `lk9v6_users` (`name`, `email`, `usertype`) VALUES ('ولاء ناصر توفيق محمد مطاوع', 'walaa13s05517@alexu.edu.eg', 'الخريجين');
INSERT INTO `lk9v6_alumni_main` (`id`, `user_id`, `approved`) VALUES (165914, 165914, 1);
INSERT INTO `lk9v6_alumni_data` (`alumni_id`, `graduation_year`, `fid`, `job`, `address`, `city`, `country`, `phone`, `gid`, `mobile`, `nationalnumber`, `department`, `division`, `with_honor`) VALUES (165914, 2015, '1', '', '', '', '', '033911263', '3', '01222545312', '', 'الكيمياء', 'العلوم البيولوجية', '');
INSERT INTO `lk9v6_users` (`name`, `email`, `usertype`) VALUES ('منار جمال محمد فريد زياده', 'manar13s05057@alexu.edu.eg', 'الخريجين');
INSERT INTO `lk9v6_alumni_main` (`id`, `user_id`, `approved`) VALUES (165915, 165915, 1);
INSERT INTO `lk9v6_alumni_data` (`alumni_id`, `graduation_year`, `fid`, `job`, `address`, `city`, `country`, `phone`, `gid`, `mobile`, `nationalnumber`, `department`, `division`, `with_honor`) VALUES (165915, 2015, '1', '', '', '', '', '034960695', '3', '01208525771', '', 'الكيمياء', 'العلوم البيولوجية', '');
INSERT INTO `lk9v6_users` (`name`, `email`, `usertype`) VALUES ('هدير سمير السيد عبد العظيم السعدنى', 'hadeer13s05399@alexu.edu.eg', 'الخريجين');
INSERT INTO `lk9v6_alumni_main` (`id`, `user_id`, `approved`) VALUES (165916, 165916, 1);
INSERT INTO `lk9v6_alumni_data` (`alumni_id`, `graduation_year`, `fid`, `job`, `address`, `city`, `country`, `phone`, `gid`, `mobile`, `nationalnumber`, `department`, `division`, `with_honor`) VALUES (165916, 2015, '1', '', '', '', '', '4277200', '3', '01278429798', '', 'الكيمياء', 'العلوم البيولوجية', '');
INSERT INTO `lk9v6_users` (`name`, `email`, `usertype`) VALUES ('مارينا هيبت هلال حنا', 'marina13s05822@alexu.edu.eg', 'الخريجين');
INSERT INTO `lk9v6_alumni_main` (`id`, `user_id`, `approved`) VALUES (165917, 165917, 1);
INSERT INTO `lk9v6_alumni_data` (`alumni_id`, `graduation_year`, `fid`, `job`, `address`, `city`, `country`, `phone`, `gid`, `mobile`, `nationalnumber`, `department`, `division`, `with_honor`) VALUES (165917, 2015, '1', '', '', '', '', '5404409', '3', '01289816431', '', 'الكيمياء', 'العلوم البيولوجية', '');
INSERT INTO `lk9v6_users` (`name`, `email`, `usertype`) VALUES ('نورهان السيد جابر احمد شحاته', 'nourhan13s05788@alexu.edu.eg', 'الخريجين');
INSERT INTO `lk9v6_alumni_main` (`id`, `user_id`, `approved`) VALUES (165918, 165918, 1);
INSERT INTO `lk9v6_alumni_data` (`alumni_id`, `graduation_year`, `fid`, `job`, `address`, `city`, `country`, `phone`, `gid`, `mobile`, `nationalnumber`, `department`, `division`, `with_honor`) VALUES (165918, 2015, '1', '', '', '', '', '034349417', '3', '0183832657', '', 'الكيمياء', 'العلوم البيولوجية', '');
INSERT INTO `lk9v6_users` (`name`, `email`, `usertype`) VALUES ('مريم موريس لطفى موسى تاوضروس', 'mariem13s05596@alexu.edu.eg', 'الخريجين');
INSERT INTO `lk9v6_alumni_main` (`id`, `user_id`, `approved`) VALUES (165919, 165919, 1);
INSERT INTO `lk9v6_alumni_data` (`alumni_id`, `graduation_year`, `fid`, `job`, `address`, `city`, `country`, `phone`, `gid`, `mobile`, `nationalnumber`, `department`, `division`, `with_honor`) VALUES (165919, 2015, '1', '', '', '', '', '034423618', '3', '01205990723', '', 'الكيمياء', 'العلوم البيولوجية', '');
INSERT INTO `lk9v6_users` (`name`, `email`, `usertype`) VALUES ('دينا على سيد احمد محمد احمد', 'dina13s05152@alexu.edu.eg', 'الخريجين');
INSERT INTO `lk9v6_alumni_main` (`id`, `user_id`, `approved`) VALUES (165920, 165920, 1);
INSERT INTO `lk9v6_alumni_data` (`alumni_id`, `graduation_year`, `fid`, `job`, `address`, `city`, `country`, `phone`, `gid`, `mobile`, `nationalnumber`, `department`, `division`, `with_honor`) VALUES (165920, 2015, '1', '', '', '', '', '4942645', '3', '01210726272', '', 'الكيمياء', 'العلوم البيولوجية', '');
INSERT INTO `lk9v6_users` (`name`, `email`, `usertype`) VALUES ('يارا سالم نور الدين منصور قشيشه', 'yara13s06151@alexu.edu.eg', 'الخريجين');
INSERT INTO `lk9v6_alumni_main` (`id`, `user_id`, `approved`) VALUES (165921, 165921, 1);
INSERT INTO `lk9v6_alumni_data` (`alumni_id`, `graduation_year`, `fid`, `job`, `address`, `city`, `country`, `phone`, `gid`, `mobile`, `nationalnumber`, `department`, `division`, `with_honor`) VALUES (165921, 2015, '1', '', '', '', '', '032035052', '3', '01091679126', '', 'الكيمياء', 'العلوم البيولوجية', '');
INSERT INTO `lk9v6_users` (`name`, `email`, `usertype`) VALUES ('اسماء محمد سعد عمر مكاوى', 'asmaa13s05072@alexu.edu.eg', 'الخريجين');
INSERT INTO `lk9v6_alumni_main` (`id`, `user_id`, `approved`) VALUES (165922, 165922, 1);
INSERT INTO `lk9v6_alumni_data` (`alumni_id`, `graduation_year`, `fid`, `job`, `address`, `city`, `country`, `phone`, `gid`, `mobile`, `nationalnumber`, `department`, `division`, `with_honor`) VALUES (165922, 2015, '1', '', '', '', '', '0452223412', '3', '0181333706', '', 'الكيمياء', 'العلوم البيولوجية', '');
INSERT INTO `lk9v6_users` (`name`, `email`, `usertype`) VALUES ('على محمود عبدالمجيد محمد الجندى', 'ali13s05121@alexu.edu.eg', 'الخريجين');
INSERT INTO `lk9v6_alumni_main` (`id`, `user_id`, `approved`) VALUES (165923, 165923, 1);
INSERT INTO `lk9v6_alumni_data` (`alumni_id`, `graduation_year`, `fid`, `job`, `address`, `city`, `country`, `phone`, `gid`, `mobile`, `nationalnumber`, `department`, `division`, `with_honor`) VALUES (165923, 2015, '1', '', '', '', '', '035062333', '3', '01126439104', '', 'الكيمياء', 'العلوم البيولوجية', '');
INSERT INTO `lk9v6_users` (`name`, `email`, `usertype`) VALUES ('علاء عبدالصادق محمد ابراهيم', 'alaa13s05231@alexu.edu.eg', 'الخريجين');
INSERT INTO `lk9v6_alumni_main` (`id`, `user_id`, `approved`) VALUES (165924, 165924, 1);
INSERT INTO `lk9v6_alumni_data` (`alumni_id`, `graduation_year`, `fid`, `job`, `address`, `city`, `country`, `phone`, `gid`, `mobile`, `nationalnumber`, `department`, `division`, `with_honor`) VALUES (165924, 2015, '1', '', '', '', '', '0473170123', '3', '01000468399', '', 'الكيمياء', 'العلوم البيولوجية', '');
INSERT INTO `lk9v6_users` (`name`, `email`, `usertype`) VALUES ('نادت هلال يوسف ابراهيم', 'nadat13s05217@alexu.edu.eg', 'الخريجين');
INSERT INTO `lk9v6_alumni_main` (`id`, `user_id`, `approved`) VALUES (165925, 165925, 1);
INSERT INTO `lk9v6_alumni_data` (`alumni_id`, `graduation_year`, `fid`, `job`, `address`, `city`, `country`, `phone`, `gid`, `mobile`, `nationalnumber`, `department`, `division`, `with_honor`) VALUES (165925, 2015, '1', '', '', '', '', '035409479', '3', '01008289018', '', 'الكيمياء', 'العلوم البيولوجية', '');
INSERT INTO `lk9v6_users` (`name`, `email`, `usertype`) VALUES ('خلود محسن محمد السباعى', 'khloud13s05059@alexu.edu.eg', 'الخريجين');
INSERT INTO `lk9v6_alumni_main` (`id`, `user_id`, `approved`) VALUES (165926, 165926, 1);
INSERT INTO `lk9v6_alumni_data` (`alumni_id`, `graduation_year`, `fid`, `job`, `address`, `city`, `country`, `phone`, `gid`, `mobile`, `nationalnumber`, `department`, `division`, `with_honor`) VALUES (165926, 2015, '1', '', '', '', '', '0453343981', '3', '01062643894', '', 'الكيمياء', 'العلوم البيولوجية', '');
INSERT INTO `lk9v6_users` (`name`, `email`, `usertype`) VALUES ('منى عبد الرحمن محمد محمد', 'mona13s05768@alexu.edu.eg', 'الخريجين');
INSERT INTO `lk9v6_alumni_main` (`id`, `user_id`, `approved`) VALUES (165927, 165927, 1);
INSERT INTO `lk9v6_alumni_data` (`alumni_id`, `graduation_year`, `fid`, `job`, `address`, `city`, `country`, `phone`, `gid`, `mobile`, `nationalnumber`, `department`, `division`, `with_honor`) VALUES (165927, 2015, '1', '', '', '', '', '5348945', '3', '01120841275', '', 'الكيمياء', 'العلوم البيولوجية', '');
INSERT INTO `lk9v6_users` (`name`, `email`, `usertype`) VALUES ('احمد سمير على احمد حسنين', 'ahmed13s05228@alexu.edu.eg', 'الخريجين');
INSERT INTO `lk9v6_alumni_main` (`id`, `user_id`, `approved`) VALUES (165928, 165928, 1);
INSERT INTO `lk9v6_alumni_data` (`alumni_id`, `graduation_year`, `fid`, `job`, `address`, `city`, `country`, `phone`, `gid`, `mobile`, `nationalnumber`, `department`, `division`, `with_honor`) VALUES (165928, 2015, '1', '', '', '', '', '035625272', '3', '01280727756', '', 'الكيمياء', 'العلوم البيولوجية', '');
INSERT INTO `lk9v6_users` (`name`, `email`, `usertype`) VALUES ('شيماء محمود عبدالقوى محمد رزق', 'shaimaa13s04920@alexu.edu.eg', 'الخريجين');
INSERT INTO `lk9v6_alumni_main` (`id`, `user_id`, `approved`) VALUES (165929, 165929, 1);
INSERT INTO `lk9v6_alumni_data` (`alumni_id`, `graduation_year`, `fid`, `job`, `address`, `city`, `country`, `phone`, `gid`, `mobile`, `nationalnumber`, `department`, `division`, `with_honor`) VALUES (165929, 2015, '1', '', '', '', '', '0452230938', '3', '01274849584', '', 'الكيمياء', 'العلوم البيولوجية', '');
INSERT INTO `lk9v6_users` (`name`, `email`, `usertype`) VALUES ('ماجى ماهر موسى فهمى معوض', 'magy13s04828@alexu.edu.eg', 'الخريجين');
INSERT INTO `lk9v6_alumni_main` (`id`, `user_id`, `approved`) VALUES (165930, 165930, 1);
INSERT INTO `lk9v6_alumni_data` (`alumni_id`, `graduation_year`, `fid`, `job`, `address`, `city`, `country`, `phone`, `gid`, `mobile`, `nationalnumber`, `department`, `division`, `with_honor`) VALUES (165930, 2015, '1', '', '', '', '', '5533225', '3', '01229188216', '', 'الكيمياء', 'العلوم البيولوجية', '');
INSERT INTO `lk9v6_users` (`name`, `email`, `usertype`) VALUES ('امنيه علاء محمد حسين عمر', 'omnia13s05062@alexu.edu.eg', 'الخريجين');
INSERT INTO `lk9v6_alumni_main` (`id`, `user_id`, `approved`) VALUES (165931, 165931, 1);
INSERT INTO `lk9v6_alumni_data` (`alumni_id`, `graduation_year`, `fid`, `job`, `address`, `city`, `country`, `phone`, `gid`, `mobile`, `nationalnumber`, `department`, `division`, `with_honor`) VALUES (165931, 2015, '1', '', '', '', '', '0453319729', '3', '01060923477', '', 'الكيمياء', 'العلوم البيولوجية', '');
INSERT INTO `lk9v6_users` (`name`, `email`, `usertype`) VALUES ('رانا رأفت انور صاروفيم', 'rana13s05830@alexu.edu.eg', 'الخريجين');
INSERT INTO `lk9v6_alumni_main` (`id`, `user_id`, `approved`) VALUES (165932, 165932, 1);
INSERT INTO `lk9v6_alumni_data` (`alumni_id`, `graduation_year`, `fid`, `job`, `address`, `city`, `country`, `phone`, `gid`, `mobile`, `nationalnumber`, `department`, `division`, `with_honor`) VALUES (165932, 2015, '1', '', '', '', '', '4485202', '3', '01274420660', '', 'الكيمياء', 'العلوم البيولوجية', '');
INSERT INTO `lk9v6_users` (`name`, `email`, `usertype`) VALUES ('كارولين عزت صبحى رمله', 'karolin13s04851@alexu.edu.eg', 'الخريجين');
INSERT INTO `lk9v6_alumni_main` (`id`, `user_id`, `approved`) VALUES (165933, 165933, 1);
INSERT INTO `lk9v6_alumni_data` (`alumni_id`, `graduation_year`, `fid`, `job`, `address`, `city`, `country`, `phone`, `gid`, `mobile`, `nationalnumber`, `department`, `division`, `with_honor`) VALUES (165933, 2015, '1', '', '', '', '', '035534725', '3', '0181182403', '', 'الكيمياء', 'العلوم البيولوجية', '');
INSERT INTO `lk9v6_users` (`name`, `email`, `usertype`) VALUES ('ايات وفقى عبدالحفيظ احمد', 'ayat13s05027@alexu.edu.eg', 'الخريجين');
INSERT INTO `lk9v6_alumni_main` (`id`, `user_id`, `approved`) VALUES (165934, 165934, 1);
INSERT INTO `lk9v6_alumni_data` (`alumni_id`, `graduation_year`, `fid`, `job`, `address`, `city`, `country`, `phone`, `gid`, `mobile`, `nationalnumber`, `department`, `division`, `with_honor`) VALUES (165934, 2015, '1', '', '', '', '', '035611374', '3', '01143927223', '', 'الكيمياء', 'العلوم البيولوجية', '');
INSERT INTO `lk9v6_users` (`name`, `email`, `usertype`) VALUES ('سمر خيرى اسماعيل السيد', 'samar13s05509@alexu.edu.eg', 'الخريجين');
INSERT INTO `lk9v6_alumni_main` (`id`, `user_id`, `approved`) VALUES (165935, 165935, 1);
INSERT INTO `lk9v6_alumni_data` (`alumni_id`, `graduation_year`, `fid`, `job`, `address`, `city`, `country`, `phone`, `gid`, `mobile`, `nationalnumber`, `department`, `division`, `with_honor`) VALUES (165935, 2015, '1', '', '', '', '', '0452291074', '3', '01125335462', '', 'الكيمياء', 'العلوم البيولوجية', '');
INSERT INTO `lk9v6_users` (`name`, `email`, `usertype`) VALUES ('عبد السلام محمد عبد العاطى عبد السلام', 'abdelsalam13s05154@alexu.edu.eg', 'الخريجين');
INSERT INTO `lk9v6_alumni_main` (`id`, `user_id`, `approved`) VALUES (165936, 165936, 1);
INSERT INTO `lk9v6_alumni_data` (`alumni_id`, `graduation_year`, `fid`, `job`, `address`, `city`, `country`, `phone`, `gid`, `mobile`, `nationalnumber`, `department`, `division`, `with_honor`) VALUES (165936, 2015, '1', '', '', '', '', '01002785967', '3', '01002785967', '', 'الكيمياء', 'العلوم البيولوجية', '');
INSERT INTO `lk9v6_users` (`name`, `email`, `usertype`) VALUES ('ايمان عبدالله عبداللطيف عبدالرحمن على', 'eman13s05560@alexu.edu.eg', 'الخريجين');
INSERT INTO `lk9v6_alumni_main` (`id`, `user_id`, `approved`) VALUES (165937, 165937, 1);
INSERT INTO `lk9v6_alumni_data` (`alumni_id`, `graduation_year`, `fid`, `job`, `address`, `city`, `country`, `phone`, `gid`, `mobile`, `nationalnumber`, `department`, `division`, `with_honor`) VALUES (165937, 2015, '1', '', '', '', '', '01006391447', '3', '01006391447', '', 'الكيمياء', 'العلوم البيولوجية', '');
INSERT INTO `lk9v6_users` (`name`, `email`, `usertype`) VALUES ('يارا عصام محمد عبدالرحمن', 'yara13s05800@alexu.edu.eg', 'الخريجين');
INSERT INTO `lk9v6_alumni_main` (`id`, `user_id`, `approved`) VALUES (165938, 165938, 1);
INSERT INTO `lk9v6_alumni_data` (`alumni_id`, `graduation_year`, `fid`, `job`, `address`, `city`, `country`, `phone`, `gid`, `mobile`, `nationalnumber`, `department`, `division`, `with_honor`) VALUES (165938, 2015, '1', '', '', '', '', '034430035', '3', '01280146527', '', 'الكيمياء', 'العلوم البيولوجية', '');
INSERT INTO `lk9v6_users` (`name`, `email`, `usertype`) VALUES ('مارينا فهيم بطرس اسحق', 'marina13s04911@alexu.edu.eg', 'الخريجين');
INSERT INTO `lk9v6_alumni_main` (`id`, `user_id`, `approved`) VALUES (165939, 165939, 1);
INSERT INTO `lk9v6_alumni_data` (`alumni_id`, `graduation_year`, `fid`, `job`, `address`, `city`, `country`, `phone`, `gid`, `mobile`, `nationalnumber`, `department`, `division`, `with_honor`) VALUES (165939, 2015, '1', '', '', '', '', '5336968', '3', '01280517655', '', 'الكيمياء', 'العلوم البيولوجية', '');
INSERT INTO `lk9v6_users` (`name`, `email`, `usertype`) VALUES ('منى فوزى محمد عويضه', 'mona13s05182@alexu.edu.eg', 'الخريجين');
INSERT INTO `lk9v6_alumni_main` (`id`, `user_id`, `approved`) VALUES (165940, 165940, 1);
INSERT INTO `lk9v6_alumni_data` (`alumni_id`, `graduation_year`, `fid`, `job`, `address`, `city`, `country`, `phone`, `gid`, `mobile`, `nationalnumber`, `department`, `division`, `with_honor`) VALUES (165940, 2015, '1', '', '', '', '', '0453319994', '3', '0197732388', '', 'الكيمياء', 'العلوم البيولوجية', '');
INSERT INTO `lk9v6_users` (`name`, `email`, `usertype`) VALUES ('اسلام سمير السيد ابراهيم الديب', 'islam13s05541@alexu.edu.eg', 'الخريجين');
INSERT INTO `lk9v6_alumni_main` (`id`, `user_id`, `approved`) VALUES (165941, 165941, 1);
INSERT INTO `lk9v6_alumni_data` (`alumni_id`, `graduation_year`, `fid`, `job`, `address`, `city`, `country`, `phone`, `gid`, `mobile`, `nationalnumber`, `department`, `division`, `with_honor`) VALUES (165941, 2015, '1', '', '', '', '', '0473212397', '3', '01003810018', '', 'الكيمياء', 'العلوم البيولوجية', '');
INSERT INTO `lk9v6_users` (`name`, `email`, `usertype`) VALUES ('فاطمة عادل محمود عبد الكريم', 'fatma13s01812@alexu.edu.eg', 'الخريجين');
INSERT INTO `lk9v6_alumni_main` (`id`, `user_id`, `approved`) VALUES (165942, 165942, 1);
INSERT INTO `lk9v6_alumni_data` (`alumni_id`, `graduation_year`, `fid`, `job`, `address`, `city`, `country`, `phone`, `gid`, `mobile`, `nationalnumber`, `department`, `division`, `with_honor`) VALUES (165942, 2014, '1', '', '', '', '', '035768254', '2', '01128453804', '', 'علم الحيوان', 'العلوم البيولوجية', '');
INSERT INTO `lk9v6_users` (`name`, `email`, `usertype`) VALUES ('محمد اشرف محمد مصطفى', 'mohamed13s05722@alexu.edu.eg', 'الخريجين');
INSERT INTO `lk9v6_alumni_main` (`id`, `user_id`, `approved`) VALUES (165943, 165943, 1);
INSERT INTO `lk9v6_alumni_data` (`alumni_id`, `graduation_year`, `fid`, `job`, `address`, `city`, `country`, `phone`, `gid`, `mobile`, `nationalnumber`, `department`, `division`, `with_honor`) VALUES (165943, 2015, '1', '', '', '', '', '035353206', '5', '01003818389', '', 'الكيمياء الحيوية', 'العلوم البيولوجية', '');
INSERT INTO `lk9v6_users` (`name`, `email`, `usertype`) VALUES ('فاطمه على احمد امين', 'fatma13s05752@alexu.edu.eg', 'الخريجين');
INSERT INTO `lk9v6_alumni_main` (`id`, `user_id`, `approved`) VALUES (165944, 165944, 1);
INSERT INTO `lk9v6_alumni_data` (`alumni_id`, `graduation_year`, `fid`, `job`, `address`, `city`, `country`, `phone`, `gid`, `mobile`, `nationalnumber`, `department`, `division`, `with_honor`) VALUES (165944, 2015, '1', '', '', '', '', '3309785', '5', '01024640370', '', 'علم الحيوان', 'العلوم البيولوجية', '');
INSERT INTO `lk9v6_users` (`name`, `email`, `usertype`) VALUES ('ساره محمود محمد عبد الله حسين عثمان', 'sara13s05363@alexu.edu.eg', 'الخريجين');
INSERT INTO `lk9v6_alumni_main` (`id`, `user_id`, `approved`) VALUES (165945, 165945, 1);
INSERT INTO `lk9v6_alumni_data` (`alumni_id`, `graduation_year`, `fid`, `job`, `address`, `city`, `country`, `phone`, `gid`, `mobile`, `nationalnumber`, `department`, `division`, `with_honor`) VALUES (165945, 2015, '1', '', '', '', '', '5734656', '5', '01008157254', '', 'الكيمياء', 'العلوم البيولوجية', '');
INSERT INTO `lk9v6_users` (`name`, `email`, `usertype`) VALUES ('منال عبدالفتاح محمد عبدالرحمن', 'manal13s05156@alexu.edu.eg', 'الخريجين');
INSERT INTO `lk9v6_alumni_main` (`id`, `user_id`, `approved`) VALUES (165946, 165946, 1);
INSERT INTO `lk9v6_alumni_data` (`alumni_id`, `graduation_year`, `fid`, `job`, `address`, `city`, `country`, `phone`, `gid`, `mobile`, `nationalnumber`, `department`, `division`, `with_honor`) VALUES (165946, 2015, '1', '', '', '', '', '4879376', '5', '01091181664', '', 'الكيمياء الحيوية', 'العلوم البيولوجية', '');
INSERT INTO `lk9v6_users` (`name`, `email`, `usertype`) VALUES ('مى حسن على حسن درويش', 'mai13s05804@alexu.edu.eg', 'الخريجين');
INSERT INTO `lk9v6_alumni_main` (`id`, `user_id`, `approved`) VALUES (165947, 165947, 1);
INSERT INTO `lk9v6_alumni_data` (`alumni_id`, `graduation_year`, `fid`, `job`, `address`, `city`, `country`, `phone`, `gid`, `mobile`, `nationalnumber`, `department`, `division`, `with_honor`) VALUES (165947, 2015, '1', '', '', '', '', '035933840', '5', '01223628762', '', 'الكيمياء الحيوية', 'العلوم البيولوجية', '');
INSERT INTO `lk9v6_users` (`name`, `email`, `usertype`) VALUES ('وئام محمد عبدالحى فرج الله', 'weam13s05360@alexu.edu.eg', 'الخريجين');
INSERT INTO `lk9v6_alumni_main` (`id`, `user_id`, `approved`) VALUES (165948, 165948, 1);
INSERT INTO `lk9v6_alumni_data` (`alumni_id`, `graduation_year`, `fid`, `job`, `address`, `city`, `country`, `phone`, `gid`, `mobile`, `nationalnumber`, `department`, `division`, `with_honor`) VALUES (165948, 2015, '1', '', '', '', '', '0473295026', '5', '01009551681', '', 'الكيمياء', 'العلوم البيولوجية', '');
INSERT INTO `lk9v6_users` (`name`, `email`, `usertype`) VALUES ('ايه محمود محمد محمود على', 'aya13s05088@alexu.edu.eg', 'الخريجين');
INSERT INTO `lk9v6_alumni_main` (`id`, `user_id`, `approved`) VALUES (165949, 165949, 1);
INSERT INTO `lk9v6_alumni_data` (`alumni_id`, `graduation_year`, `fid`, `job`, `address`, `city`, `country`, `phone`, `gid`, `mobile`, `nationalnumber`, `department`, `division`, `with_honor`) VALUES (165949, 2015, '1', '', '', '', '', '035485254', '5', '01284488656', '', 'الكيمياء', 'العلوم البيولوجية', '');
INSERT INTO `lk9v6_users` (`name`, `email`, `usertype`) VALUES ('ايه احمد احمد عامر عبدالرحمن', 'aya13s05714@alexu.edu.eg', 'الخريجين');
INSERT INTO `lk9v6_alumni_main` (`id`, `user_id`, `approved`) VALUES (165950, 165950, 1);
INSERT INTO `lk9v6_alumni_data` (`alumni_id`, `graduation_year`, `fid`, `job`, `address`, `city`, `country`, `phone`, `gid`, `mobile`, `nationalnumber`, `department`, `division`, `with_honor`) VALUES (165950, 2015, '1', '', '', '', '', '5540478', '5', '01272776266', '', 'الكيمياء', 'العلوم البيولوجية', '');
INSERT INTO `lk9v6_users` (`name`, `email`, `usertype`) VALUES ('اسماء محمد سعيد على', 'asmaa13s05521@alexu.edu.eg', 'الخريجين');
INSERT INTO `lk9v6_alumni_main` (`id`, `user_id`, `approved`) VALUES (165951, 165951, 1);
INSERT INTO `lk9v6_alumni_data` (`alumni_id`, `graduation_year`, `fid`, `job`, `address`, `city`, `country`, `phone`, `gid`, `mobile`, `nationalnumber`, `department`, `division`, `with_honor`) VALUES (165951, 2015, '1', '', '', '', '', '035279508', '4', '01122090254', '', 'الكيمياء', 'العلوم البيولوجية', '');
INSERT INTO `lk9v6_users` (`name`, `email`, `usertype`) VALUES ('رحمه كمال محمد ابراهيم', 'rahma13s05266@alexu.edu.eg', 'الخريجين');
INSERT INTO `lk9v6_alumni_main` (`id`, `user_id`, `approved`) VALUES (165952, 165952, 1);
INSERT INTO `lk9v6_alumni_data` (`alumni_id`, `graduation_year`, `fid`, `job`, `address`, `city`, `country`, `phone`, `gid`, `mobile`, `nationalnumber`, `department`, `division`, `with_honor`) VALUES (165952, 2015, '1', '', '', '', '', '035755584', '4', '01289863612', '', 'الكيمياء', 'العلوم البيولوجية', '');
INSERT INTO `lk9v6_users` (`name`, `email`, `usertype`) VALUES ('ساره السيد احمد السيد بدار', 'sara13s05772@alexu.edu.eg', 'الخريجين');
INSERT INTO `lk9v6_alumni_main` (`id`, `user_id`, `approved`) VALUES (165953, 165953, 1);
INSERT INTO `lk9v6_alumni_data` (`alumni_id`, `graduation_year`, `fid`, `job`, `address`, `city`, `country`, `phone`, `gid`, `mobile`, `nationalnumber`, `department`, `division`, `with_honor`) VALUES (165953, 2015, '1', '', '', '', '', '5600809', '4', '0181322169', '', 'الكيمياء', 'العلوم البيولوجية', '');
INSERT INTO `lk9v6_users` (`name`, `email`, `usertype`) VALUES ('ساندى نبيل نظير معوض', 'sandy13s06124@alexu.edu.eg', 'الخريجين');
INSERT INTO `lk9v6_alumni_main` (`id`, `user_id`, `approved`) VALUES (165954, 165954, 1);
INSERT INTO `lk9v6_alumni_data` (`alumni_id`, `graduation_year`, `fid`, `job`, `address`, `city`, `country`, `phone`, `gid`, `mobile`, `nationalnumber`, `department`, `division`, `with_honor`) VALUES (165954, 2015, '1', '', '', '', '', '01277235184', '4', '01221570441', '', 'الكيمياء', 'العلوم البيولوجية', '');
INSERT INTO `lk9v6_users` (`name`, `email`, `usertype`) VALUES ('سميه جلال سعد عبدالحميد ندا', 'somaya13s04840@alexu.edu.eg', 'الخريجين');
INSERT INTO `lk9v6_alumni_main` (`id`, `user_id`, `approved`) VALUES (165955, 165955, 1);
INSERT INTO `lk9v6_alumni_data` (`alumni_id`, `graduation_year`, `fid`, `job`, `address`, `city`, `country`, `phone`, `gid`, `mobile`, `nationalnumber`, `department`, `division`, `with_honor`) VALUES (165955, 2015, '1', '', '', '', '', '5037167', '4', '01065733355', '', 'الكيمياء', 'العلوم البيولوجية', '');
INSERT INTO `lk9v6_users` (`name`, `email`, `usertype`) VALUES ('عطيات عبدالعزيز عبدالنبى عبدالقوى', 'atiat13s05529@alexu.edu.eg', 'الخريجين');
INSERT INTO `lk9v6_alumni_main` (`id`, `user_id`, `approved`) VALUES (165956, 165956, 1);
INSERT INTO `lk9v6_alumni_data` (`alumni_id`, `graduation_year`, `fid`, `job`, `address`, `city`, `country`, `phone`, `gid`, `mobile`, `nationalnumber`, `department`, `division`, `with_honor`) VALUES (165956, 2015, '1', '', '', '', '', '0453319618', '4', '01019760255', '', 'الكيمياء', 'العلوم البيولوجية', '');
INSERT INTO `lk9v6_users` (`name`, `email`, `usertype`) VALUES ('محمد احمد عبده محمد اللبان', 'mohamed13s05538@alexu.edu.eg', 'الخريجين');
INSERT INTO `lk9v6_alumni_main` (`id`, `user_id`, `approved`) VALUES (165957, 165957, 1);
INSERT INTO `lk9v6_alumni_data` (`alumni_id`, `graduation_year`, `fid`, `job`, `address`, `city`, `country`, `phone`, `gid`, `mobile`, `nationalnumber`, `department`, `division`, `with_honor`) VALUES (165957, 2015, '1', '', '', '', '', '035931412', '4', '01271692163', '', 'الكيمياء', 'العلوم البيولوجية', '');
INSERT INTO `lk9v6_users` (`name`, `email`, `usertype`) VALUES ('محمود احمد على احمد', 'mahmoud13s03999@alexu.edu.eg', 'الخريجين');
INSERT INTO `lk9v6_alumni_main` (`id`, `user_id`, `approved`) VALUES (165958, 165958, 1);
INSERT INTO `lk9v6_alumni_data` (`alumni_id`, `graduation_year`, `fid`, `job`, `address`, `city`, `country`, `phone`, `gid`, `mobile`, `nationalnumber`, `department`, `division`, `with_honor`) VALUES (165958, 2015, '1', '', '', '', '', '5375542', '4', '01212067839', '', 'الكيمياء', 'العلوم البيولوجية', '');
INSERT INTO `lk9v6_users` (`name`, `email`, `usertype`) VALUES ('مى عادل محمد محمد موسى', 'mai13s06154@alexu.edu.eg', 'الخريجين');
INSERT INTO `lk9v6_alumni_main` (`id`, `user_id`, `approved`) VALUES (165959, 165959, 1);
INSERT INTO `lk9v6_alumni_data` (`alumni_id`, `graduation_year`, `fid`, `job`, `address`, `city`, `country`, `phone`, `gid`, `mobile`, `nationalnumber`, `department`, `division`, `with_honor`) VALUES (165959, 2015, '1', '', '', '', '', '035509453', '4', '01005314846', '', 'علم الحيوان', 'العلوم البيولوجية', '');
INSERT INTO `lk9v6_users` (`name`, `email`, `usertype`) VALUES ('نانسى محمد احمد محمد على', 'nancy13s06273@alexu.edu.eg', 'الخريجين');
INSERT INTO `lk9v6_alumni_main` (`id`, `user_id`, `approved`) VALUES (165960, 165960, 1);
INSERT INTO `lk9v6_alumni_data` (`alumni_id`, `graduation_year`, `fid`, `job`, `address`, `city`, `country`, `phone`, `gid`, `mobile`, `nationalnumber`, `department`, `division`, `with_honor`) VALUES (165960, 2015, '1', '', '', '', '', '034272884', '4', '01008656476', '', 'الكيمياء', 'العلوم البيولوجية', '');
INSERT INTO `lk9v6_users` (`name`, `email`, `usertype`) VALUES ('نسمه حسن احمد حسين جعفور', 'nesma13s05261@alexu.edu.eg', 'الخريجين');
INSERT INTO `lk9v6_alumni_main` (`id`, `user_id`, `approved`) VALUES (165961, 165961, 1);
INSERT INTO `lk9v6_alumni_data` (`alumni_id`, `graduation_year`, `fid`, `job`, `address`, `city`, `country`, `phone`, `gid`, `mobile`, `nationalnumber`, `department`, `division`, `with_honor`) VALUES (165961, 2015, '1', '', '', '', '', '3321577', '4', '01115379623', '', 'الكيمياء', 'العلوم البيولوجية', '');
INSERT INTO `lk9v6_users` (`name`, `email`, `usertype`) VALUES ('نعمة محمود صالح محمود ', 'nema13s06687@alexu.edu.eg', 'الخريجين');
INSERT INTO `lk9v6_alumni_main` (`id`, `user_id`, `approved`) VALUES (165962, 165962, 1);
INSERT INTO `lk9v6_alumni_data` (`alumni_id`, `graduation_year`, `fid`, `job`, `address`, `city`, `country`, `phone`, `gid`, `mobile`, `nationalnumber`, `department`, `division`, `with_honor`) VALUES (165962, 2015, '1', '', '', '', '', '034393808', '4', '01093750691', '', 'الكيمياء', 'العلوم البيولوجية', '');
INSERT INTO `lk9v6_users` (`name`, `email`, `usertype`) VALUES ('نعمه مساعد مختار ابو بكر', 'nema13s04818@alexu.edu.eg', 'الخريجين');
INSERT INTO `lk9v6_alumni_main` (`id`, `user_id`, `approved`) VALUES (165963, 165963, 1);
INSERT INTO `lk9v6_alumni_data` (`alumni_id`, `graduation_year`, `fid`, `job`, `address`, `city`, `country`, `phone`, `gid`, `mobile`, `nationalnumber`, `department`, `division`, `with_honor`) VALUES (165963, 2015, '1', '', '', '', '', '033831055', '4', '01005158725', '', 'الكيمياء', 'العلوم البيولوجية', '');
INSERT INTO `lk9v6_users` (`name`, `email`, `usertype`) VALUES ('هدير محمد مصطفى احمد', 'hadeer13s05108@alexu.edu.eg', 'الخريجين');
INSERT INTO `lk9v6_alumni_main` (`id`, `user_id`, `approved`) VALUES (165964, 165964, 1);
INSERT INTO `lk9v6_alumni_data` (`alumni_id`, `graduation_year`, `fid`, `job`, `address`, `city`, `country`, `phone`, `gid`, `mobile`, `nationalnumber`, `department`, `division`, `with_honor`) VALUES (165964, 2015, '1', '', '', '', '', '035262166', '4', '01149704447', '', 'الكيمياء', 'العلوم البيولوجية', '');
INSERT INTO `lk9v6_users` (`name`, `email`, `usertype`) VALUES ('هشام عبد القادر ابراهيم محمد', 'hesham13s03953@alexu.edu.eg', 'الخريجين');
INSERT INTO `lk9v6_alumni_main` (`id`, `user_id`, `approved`) VALUES (165965, 165965, 1);
INSERT INTO `lk9v6_alumni_data` (`alumni_id`, `graduation_year`, `fid`, `job`, `address`, `city`, `country`, `phone`, `gid`, `mobile`, `nationalnumber`, `department`, `division`, `with_honor`) VALUES (165965, 2015, '1', '', '', '', '', '033624309', '4', '01212510520', '', 'الكيمياء', 'العلوم البيولوجية', '');
INSERT INTO `lk9v6_users` (`name`, `email`, `usertype`) VALUES ('احمد ناصر عبدالجواد محمد', 'ahmed13s05356@alexu.edu.eg', 'الخريجين');
INSERT INTO `lk9v6_alumni_main` (`id`, `user_id`, `approved`) VALUES (165966, 165966, 1);
INSERT INTO `lk9v6_alumni_data` (`alumni_id`, `graduation_year`, `fid`, `job`, `address`, `city`, `country`, `phone`, `gid`, `mobile`, `nationalnumber`, `department`, `division`, `with_honor`) VALUES (165966, 2015, '1', '', '', '', '', '035274769', '3', '01205755175', '', 'الكيمياء', 'العلوم البيولوجية', '');
INSERT INTO `lk9v6_users` (`name`, `email`, `usertype`) VALUES ('ندى عبدالله خضر عبداللطيف', 'nada13s05573@alexu.edu.eg', 'الخريجين');
INSERT INTO `lk9v6_alumni_main` (`id`, `user_id`, `approved`) VALUES (165967, 165967, 1);
INSERT INTO `lk9v6_alumni_data` (`alumni_id`, `graduation_year`, `fid`, `job`, `address`, `city`, `country`, `phone`, `gid`, `mobile`, `nationalnumber`, `department`, `division`, `with_honor`) VALUES (165967, 2015, '1', '', '', '', '', '033831055', '3', '01223438368', '', 'الكيمياء', 'العلوم البيولوجية', '');
INSERT INTO `lk9v6_users` (`name`, `email`, `usertype`) VALUES ('الاء احمد السيد حسان الشيمى', 'alaa13s05724@alexu.edu.eg', 'الخريجين');
INSERT INTO `lk9v6_alumni_main` (`id`, `user_id`, `approved`) VALUES (165968, 165968, 1);
INSERT INTO `lk9v6_alumni_data` (`alumni_id`, `graduation_year`, `fid`, `job`, `address`, `city`, `country`, `phone`, `gid`, `mobile`, `nationalnumber`, `department`, `division`, `with_honor`) VALUES (165968, 2015, '1', '', '', '', '', '033923875', '3', '01205077502', '', 'الكيمياء', 'العلوم البيولوجية', '');
INSERT INTO `lk9v6_users` (`name`, `email`, `usertype`) VALUES ('يسرا مصطفى محمود مصطفى', 'yossra13s06183@alexu.edu.eg', 'الخريجين');
INSERT INTO `lk9v6_alumni_main` (`id`, `user_id`, `approved`) VALUES (165969, 165969, 1);
INSERT INTO `lk9v6_alumni_data` (`alumni_id`, `graduation_year`, `fid`, `job`, `address`, `city`, `country`, `phone`, `gid`, `mobile`, `nationalnumber`, `department`, `division`, `with_honor`) VALUES (165969, 2015, '1', '', '', '', '', '033583112', '3', '0149744457', '', 'الكيمياء', 'العلوم البيولوجية', '');
INSERT INTO `lk9v6_users` (`name`, `email`, `usertype`) VALUES ('محمود محمد السعيد محمود بدر', 'mahmoud13s04934@alexu.edu.eg', 'الخريجين');
INSERT INTO `lk9v6_alumni_main` (`id`, `user_id`, `approved`) VALUES (165970, 165970, 1);
INSERT INTO `lk9v6_alumni_data` (`alumni_id`, `graduation_year`, `fid`, `job`, `address`, `city`, `country`, `phone`, `gid`, `mobile`, `nationalnumber`, `department`, `division`, `with_honor`) VALUES (165970, 2015, '1', '', '', '', '', '2240949', '3', '0199421073', '', 'الكيمياء', 'العلوم البيولوجية', '');
INSERT INTO `lk9v6_users` (`name`, `email`, `usertype`) VALUES ('رقيه محمود اسماعيل محمد زيد', 'rokaia13s06370@alexu.edu.eg', 'الخريجين');
INSERT INTO `lk9v6_alumni_main` (`id`, `user_id`, `approved`) VALUES (165971, 165971, 1);
INSERT INTO `lk9v6_alumni_data` (`alumni_id`, `graduation_year`, `fid`, `job`, `address`, `city`, `country`, `phone`, `gid`, `mobile`, `nationalnumber`, `department`, `division`, `with_honor`) VALUES (165971, 2015, '1', '', '', '', '', '33309295', '3', '01204521065', '', 'الكيمياء', 'العلوم البيولوجية', '');
INSERT INTO `lk9v6_users` (`name`, `email`, `usertype`) VALUES ('سمير حسن محمد محمود الكومى', 'samir13s05691@alexu.edu.eg', 'الخريجين');
INSERT INTO `lk9v6_alumni_main` (`id`, `user_id`, `approved`) VALUES (165972, 165972, 1);
INSERT INTO `lk9v6_alumni_data` (`alumni_id`, `graduation_year`, `fid`, `job`, `address`, `city`, `country`, `phone`, `gid`, `mobile`, `nationalnumber`, `department`, `division`, `with_honor`) VALUES (165972, 2015, '1', '', '', '', '', '4447919', '3', '01223069935', '', 'الكيمياء', 'العلوم البيولوجية', '');
INSERT INTO `lk9v6_users` (`name`, `email`, `usertype`) VALUES ('مريم ظريف ويصا مجلع عبدالملاك', 'mariem13s04865@alexu.edu.eg', 'الخريجين');
INSERT INTO `lk9v6_alumni_main` (`id`, `user_id`, `approved`) VALUES (165973, 165973, 1);
INSERT INTO `lk9v6_alumni_data` (`alumni_id`, `graduation_year`, `fid`, `job`, `address`, `city`, `country`, `phone`, `gid`, `mobile`, `nationalnumber`, `department`, `division`, `with_honor`) VALUES (165973, 2015, '1', '', '', '', '', '3607029', '3', '0187680408', '', 'الكيمياء', 'العلوم البيولوجية', '');
INSERT INTO `lk9v6_users` (`name`, `email`, `usertype`) VALUES ('نورهان احمد محمد رفاعى', 'nourhan13s05835@alexu.edu.eg', 'الخريجين');
INSERT INTO `lk9v6_alumni_main` (`id`, `user_id`, `approved`) VALUES (165974, 165974, 1);
INSERT INTO `lk9v6_alumni_data` (`alumni_id`, `graduation_year`, `fid`, `job`, `address`, `city`, `country`, `phone`, `gid`, `mobile`, `nationalnumber`, `department`, `division`, `with_honor`) VALUES (165974, 2015, '1', '', '', '', '', '0453344713', '3', '0196970118', '', 'الكيمياء', 'العلوم البيولوجية', '');
INSERT INTO `lk9v6_users` (`name`, `email`, `usertype`) VALUES ('نهى عزت مصطفى ابراهيم العامرى', 'noha13s06896@alexu.edu.eg', 'الخريجين');
INSERT INTO `lk9v6_alumni_main` (`id`, `user_id`, `approved`) VALUES (165975, 165975, 1);
INSERT INTO `lk9v6_alumni_data` (`alumni_id`, `graduation_year`, `fid`, `job`, `address`, `city`, `country`, `phone`, `gid`, `mobile`, `nationalnumber`, `department`, `division`, `with_honor`) VALUES (165975, 2015, '1', '', '', '', '', '033570328', '3', '01110369080', '', 'الكيمياء', 'العلوم البيولوجية', '');
INSERT INTO `lk9v6_users` (`name`, `email`, `usertype`) VALUES ('اسراء احمد مرسى حسين', 'esraa13s06329@alexu.edu.eg', 'الخريجين');
INSERT INTO `lk9v6_alumni_main` (`id`, `user_id`, `approved`) VALUES (165976, 165976, 1);
INSERT INTO `lk9v6_alumni_data` (`alumni_id`, `graduation_year`, `fid`, `job`, `address`, `city`, `country`, `phone`, `gid`, `mobile`, `nationalnumber`, `department`, `division`, `with_honor`) VALUES (165976, 2015, '1', '', '', '', '', '035617189', '3', '01290327080', '', 'الكيمياء', 'العلوم البيولوجية', '');
INSERT INTO `lk9v6_users` (`name`, `email`, `usertype`) VALUES ('ساره محمد شحاته العتر', 'sara13s05342@alexu.edu.eg', 'الخريجين');
INSERT INTO `lk9v6_alumni_main` (`id`, `user_id`, `approved`) VALUES (165977, 165977, 1);
INSERT INTO `lk9v6_alumni_data` (`alumni_id`, `graduation_year`, `fid`, `job`, `address`, `city`, `country`, `phone`, `gid`, `mobile`, `nationalnumber`, `department`, `division`, `with_honor`) VALUES (165977, 2015, '1', '', '', '', '', '0459560247', '3', '01141896726', '', 'الكيمياء', 'العلوم البيولوجية', '');
INSERT INTO `lk9v6_users` (`name`, `email`, `usertype`) VALUES ('ايمان حمدى احمد محمد حسنين', 'eman13s05763@alexu.edu.eg', 'الخريجين');
INSERT INTO `lk9v6_alumni_main` (`id`, `user_id`, `approved`) VALUES (165978, 165978, 1);
INSERT INTO `lk9v6_alumni_data` (`alumni_id`, `graduation_year`, `fid`, `job`, `address`, `city`, `country`, `phone`, `gid`, `mobile`, `nationalnumber`, `department`, `division`, `with_honor`) VALUES (165978, 2015, '1', '', '', '', '', '3311260', '3', '01014712869', '', 'الكيمياء', 'العلوم البيولوجية', '');
INSERT INTO `lk9v6_users` (`name`, `email`, `usertype`) VALUES ('شيماء عبد الفتاح امين عبد الرحمن', 'shaimaa13s05241@alexu.edu.eg', 'الخريجين');
INSERT INTO `lk9v6_alumni_main` (`id`, `user_id`, `approved`) VALUES (165979, 165979, 1);
INSERT INTO `lk9v6_alumni_data` (`alumni_id`, `graduation_year`, `fid`, `job`, `address`, `city`, `country`, `phone`, `gid`, `mobile`, `nationalnumber`, `department`, `division`, `with_honor`) VALUES (165979, 2015, '1', '', '', '', '', '034364865', '3', '0188686451', '', 'الكيمياء', 'العلوم البيولوجية', '');
INSERT INTO `lk9v6_users` (`name`, `email`, `usertype`) VALUES ('مروه عبدالكريم احمد عبدالكريم', 'marwa13s05502@alexu.edu.eg', 'الخريجين');
INSERT INTO `lk9v6_alumni_main` (`id`, `user_id`, `approved`) VALUES (165980, 165980, 1);
INSERT INTO `lk9v6_alumni_data` (`alumni_id`, `graduation_year`, `fid`, `job`, `address`, `city`, `country`, `phone`, `gid`, `mobile`, `nationalnumber`, `department`, `division`, `with_honor`) VALUES (165980, 2015, '1', '', '', '', '', '5004486', '3', '0120546486', '', 'الكيمياء', 'العلوم البيولوجية', '');
INSERT INTO `lk9v6_users` (`name`, `email`, `usertype`) VALUES ('مروه مسعد احمد حموده', 'marwa13s03410@alexu.edu.eg', 'الخريجين');
INSERT INTO `lk9v6_alumni_main` (`id`, `user_id`, `approved`) VALUES (165981, 165981, 1);
INSERT INTO `lk9v6_alumni_data` (`alumni_id`, `graduation_year`, `fid`, `job`, `address`, `city`, `country`, `phone`, `gid`, `mobile`, `nationalnumber`, `department`, `division`, `with_honor`) VALUES (165981, 2015, '1', '', '', '', '', '0453353963', '3', '01092765162', '', 'الكيمياء', 'العلوم البيولوجية', '');
INSERT INTO `lk9v6_users` (`name`, `email`, `usertype`) VALUES ('تهانى محمد خميس محمد عيسى', 'tahany13s05597@alexu.edu.eg', 'الخريجين');
INSERT INTO `lk9v6_alumni_main` (`id`, `user_id`, `approved`) VALUES (165982, 165982, 1);
INSERT INTO `lk9v6_alumni_data` (`alumni_id`, `graduation_year`, `fid`, `job`, `address`, `city`, `country`, `phone`, `gid`, `mobile`, `nationalnumber`, `department`, `division`, `with_honor`) VALUES (165982, 2015, '1', '', '', '', '', '5611862', '3', '01228971049', '', 'الكيمياء', 'العلوم البيولوجية', '');
INSERT INTO `lk9v6_users` (`name`, `email`, `usertype`) VALUES ('روضه محمد عبدالحميد محمد عمرو', 'rawda13s05131@alexu.edu.eg', 'الخريجين');
INSERT INTO `lk9v6_alumni_main` (`id`, `user_id`, `approved`) VALUES (165983, 165983, 1);
INSERT INTO `lk9v6_alumni_data` (`alumni_id`, `graduation_year`, `fid`, `job`, `address`, `city`, `country`, `phone`, `gid`, `mobile`, `nationalnumber`, `department`, `division`, `with_honor`) VALUES (165983, 2015, '1', '', '', '', '', '0452219105', '3', '0189630700', '', 'الكيمياء', 'العلوم البيولوجية', '');
INSERT INTO `lk9v6_users` (`name`, `email`, `usertype`) VALUES ('اميره ابراهيم طه بدر', 'amira13s06538@alexu.edu.eg', 'الخريجين');
INSERT INTO `lk9v6_alumni_main` (`id`, `user_id`, `approved`) VALUES (165984, 165984, 1);
INSERT INTO `lk9v6_alumni_data` (`alumni_id`, `graduation_year`, `fid`, `job`, `address`, `city`, `country`, `phone`, `gid`, `mobile`, `nationalnumber`, `department`, `division`, `with_honor`) VALUES (165984, 2015, '1', '', '', '', '', '0126871799', '3', '0122458762', '', 'الكيمياء', 'العلوم البيولوجية', '');
INSERT INTO `lk9v6_users` (`name`, `email`, `usertype`) VALUES ('ايمان حسن فوزى محمد', 'eman13s01564@alexu.edu.eg', 'الخريجين');
INSERT INTO `lk9v6_alumni_main` (`id`, `user_id`, `approved`) VALUES (165985, 165985, 1);
INSERT INTO `lk9v6_alumni_data` (`alumni_id`, `graduation_year`, `fid`, `job`, `address`, `city`, `country`, `phone`, `gid`, `mobile`, `nationalnumber`, `department`, `division`, `with_honor`) VALUES (165985, 2015, '1', '', '', '', '', '4706331', '3', '01142808368', '', 'علم الحيوان', 'العلوم البيولوجية', '');
INSERT INTO `lk9v6_users` (`name`, `email`, `usertype`) VALUES ('نهاد احمد امين عرفه', 'nihad13s06063@alexu.edu.eg', 'الخريجين');
INSERT INTO `lk9v6_alumni_main` (`id`, `user_id`, `approved`) VALUES (165986, 165986, 1);
INSERT INTO `lk9v6_alumni_data` (`alumni_id`, `graduation_year`, `fid`, `job`, `address`, `city`, `country`, `phone`, `gid`, `mobile`, `nationalnumber`, `department`, `division`, `with_honor`) VALUES (165986, 2015, '1', '', '', '', '', '5754448', '3', '01140680847', '', 'الكيمياء', 'العلوم البيولوجية', '');
INSERT INTO `lk9v6_users` (`name`, `email`, `usertype`) VALUES ('هدير ممدوح محمد ياقوت', 'hadeer13s06324@alexu.edu.eg', 'الخريجين');
INSERT INTO `lk9v6_alumni_main` (`id`, `user_id`, `approved`) VALUES (165987, 165987, 1);
INSERT INTO `lk9v6_alumni_data` (`alumni_id`, `graduation_year`, `fid`, `job`, `address`, `city`, `country`, `phone`, `gid`, `mobile`, `nationalnumber`, `department`, `division`, `with_honor`) VALUES (165987, 2015, '1', '', '', '', '', '5000299', '3', '01116048606', '', 'الكيمياء', 'العلوم البيولوجية', '');
INSERT INTO `lk9v6_users` (`name`, `email`, `usertype`) VALUES ('ريهام احمد محمد محمد عبد الوهاب', 'reham13s06159@alexu.edu.eg', 'الخريجين');
INSERT INTO `lk9v6_alumni_main` (`id`, `user_id`, `approved`) VALUES (165988, 165988, 1);
INSERT INTO `lk9v6_alumni_data` (`alumni_id`, `graduation_year`, `fid`, `job`, `address`, `city`, `country`, `phone`, `gid`, `mobile`, `nationalnumber`, `department`, `division`, `with_honor`) VALUES (165988, 2015, '1', '', '', '', '', '4420096', '3', '01222702137', '', 'الكيمياء', 'العلوم البيولوجية', '');
INSERT INTO `lk9v6_users` (`name`, `email`, `usertype`) VALUES ('رانيا جمال حلمى شحاته', 'rania13s05393@alexu.edu.eg', 'الخريجين');
INSERT INTO `lk9v6_alumni_main` (`id`, `user_id`, `approved`) VALUES (165989, 165989, 1);
INSERT INTO `lk9v6_alumni_data` (`alumni_id`, `graduation_year`, `fid`, `job`, `address`, `city`, `country`, `phone`, `gid`, `mobile`, `nationalnumber`, `department`, `division`, `with_honor`) VALUES (165989, 2015, '1', '', '', '', '', '034456268', '3', '01275514603', '', 'الكيمياء', 'العلوم البيولوجية', '');
INSERT INTO `lk9v6_users` (`name`, `email`, `usertype`) VALUES ('الاء فهمى جمال لاشين', 'alaa13s05407@alexu.edu.eg', 'الخريجين');
INSERT INTO `lk9v6_alumni_main` (`id`, `user_id`, `approved`) VALUES (165990, 165990, 1);
INSERT INTO `lk9v6_alumni_data` (`alumni_id`, `graduation_year`, `fid`, `job`, `address`, `city`, `country`, `phone`, `gid`, `mobile`, `nationalnumber`, `department`, `division`, `with_honor`) VALUES (165990, 2015, '1', '', '', '', '', '0472553045', '3', '01060063904', '', 'الكيمياء', 'العلوم البيولوجية', '');
INSERT INTO `lk9v6_users` (`name`, `email`, `usertype`) VALUES ('بسمه عصران محمد على ابوعسل', 'basma13s05677@alexu.edu.eg', 'الخريجين');
INSERT INTO `lk9v6_alumni_main` (`id`, `user_id`, `approved`) VALUES (165991, 165991, 1);
INSERT INTO `lk9v6_alumni_data` (`alumni_id`, `graduation_year`, `fid`, `job`, `address`, `city`, `country`, `phone`, `gid`, `mobile`, `nationalnumber`, `department`, `division`, `with_honor`) VALUES (165991, 2015, '1', '', '', '', '', '0453531658', '3', '01024907887', '', 'الكيمياء', 'العلوم البيولوجية', '');
INSERT INTO `lk9v6_users` (`name`, `email`, `usertype`) VALUES ('دينا ذو الكفل صالح محمد', 'dina13s04838@alexu.edu.eg', 'الخريجين');
INSERT INTO `lk9v6_alumni_main` (`id`, `user_id`, `approved`) VALUES (165992, 165992, 1);
INSERT INTO `lk9v6_alumni_data` (`alumni_id`, `graduation_year`, `fid`, `job`, `address`, `city`, `country`, `phone`, `gid`, `mobile`, `nationalnumber`, `department`, `division`, `with_honor`) VALUES (165992, 2015, '1', '', '', '', '', '035455440', '3', '01270956650', '', 'الكيمياء', 'العلوم البيولوجية', '');
INSERT INTO `lk9v6_users` (`name`, `email`, `usertype`) VALUES ('محمد مصطفى محمد احمد الفقى', 'mohamed13s05593@alexu.edu.eg', 'الخريجين');
INSERT INTO `lk9v6_alumni_main` (`id`, `user_id`, `approved`) VALUES (165993, 165993, 1);
INSERT INTO `lk9v6_alumni_data` (`alumni_id`, `graduation_year`, `fid`, `job`, `address`, `city`, `country`, `phone`, `gid`, `mobile`, `nationalnumber`, `department`, `division`, `with_honor`) VALUES (165993, 2015, '1', '', '', '', '', '034364865', '3', '01227645539', '', 'الكيمياء', 'العلوم البيولوجية', '');
INSERT INTO `lk9v6_users` (`name`, `email`, `usertype`) VALUES ('اميره نبيه عبدالجواد ابوريشه', 'amira13s05611@alexu.edu.eg', 'الخريجين');
INSERT INTO `lk9v6_alumni_main` (`id`, `user_id`, `approved`) VALUES (165994, 165994, 1);
INSERT INTO `lk9v6_alumni_data` (`alumni_id`, `graduation_year`, `fid`, `job`, `address`, `city`, `country`, `phone`, `gid`, `mobile`, `nationalnumber`, `department`, `division`, `with_honor`) VALUES (165994, 2015, '1', '', '', '', '', '0472972241', '3', '01068282035', '', 'الكيمياء', 'العلوم البيولوجية', '');
INSERT INTO `lk9v6_users` (`name`, `email`, `usertype`) VALUES ('نادر احمد السيد ابراهيم', 'nader13s05771@alexu.edu.eg', 'الخريجين');
INSERT INTO `lk9v6_alumni_main` (`id`, `user_id`, `approved`) VALUES (165995, 165995, 1);
INSERT INTO `lk9v6_alumni_data` (`alumni_id`, `graduation_year`, `fid`, `job`, `address`, `city`, `country`, `phone`, `gid`, `mobile`, `nationalnumber`, `department`, `division`, `with_honor`) VALUES (165995, 2015, '1', '', '', '', '', '002035507127', '3', '01141541441', '', 'الكيمياء', 'العلوم البيولوجية', '');
INSERT INTO `lk9v6_users` (`name`, `email`, `usertype`) VALUES ('يوليانه جورج غبريال جرجس', 'yoliana13s04884@alexu.edu.eg', 'الخريجين');
INSERT INTO `lk9v6_alumni_main` (`id`, `user_id`, `approved`) VALUES (165996, 165996, 1);
INSERT INTO `lk9v6_alumni_data` (`alumni_id`, `graduation_year`, `fid`, `job`, `address`, `city`, `country`, `phone`, `gid`, `mobile`, `nationalnumber`, `department`, `division`, `with_honor`) VALUES (165996, 2015, '1', '', '', '', '', '033911643', '3', '01286027507', '', 'علوم البحار العامة', 'العلوم البيولوجية', '');
INSERT INTO `lk9v6_users` (`name`, `email`, `usertype`) VALUES ('شيماء حسن عبدالله شحاته', 'shaimaa13s05515@alexu.edu.eg', 'الخريجين');
INSERT INTO `lk9v6_alumni_main` (`id`, `user_id`, `approved`) VALUES (165997, 165997, 1);
INSERT INTO `lk9v6_alumni_data` (`alumni_id`, `graduation_year`, `fid`, `job`, `address`, `city`, `country`, `phone`, `gid`, `mobile`, `nationalnumber`, `department`, `division`, `with_honor`) VALUES (165997, 2015, '1', '', '', '', '', '033924336', '3', '01024762343', '', 'الكيمياء', 'العلوم البيولوجية', '');
INSERT INTO `lk9v6_users` (`name`, `email`, `usertype`) VALUES ('مونيكا نبيل حماية نصر', 'monika13s06773@alexu.edu.eg', 'الخريجين');
INSERT INTO `lk9v6_alumni_main` (`id`, `user_id`, `approved`) VALUES (165998, 165998, 1);
INSERT INTO `lk9v6_alumni_data` (`alumni_id`, `graduation_year`, `fid`, `job`, `address`, `city`, `country`, `phone`, `gid`, `mobile`, `nationalnumber`, `department`, `division`, `with_honor`) VALUES (165998, 2015, '1', '', '', '', '', '035487894', '3', '0176631990', '', 'الكيمياء', 'العلوم البيولوجية', '');
INSERT INTO `lk9v6_users` (`name`, `email`, `usertype`) VALUES ('هبه الله عصام رشاد على احمد', 'heba13s05556@alexu.edu.eg', 'الخريجين');
INSERT INTO `lk9v6_alumni_main` (`id`, `user_id`, `approved`) VALUES (165999, 165999, 1);
INSERT INTO `lk9v6_alumni_data` (`alumni_id`, `graduation_year`, `fid`, `job`, `address`, `city`, `country`, `phone`, `gid`, `mobile`, `nationalnumber`, `department`, `division`, `with_honor`) VALUES (165999, 2015, '1', '', '', '', '', '5624811', '3', '01271518942', '', 'الكيمياء', 'العلوم البيولوجية', '');
INSERT INTO `lk9v6_users` (`name`, `email`, `usertype`) VALUES ('سلمى احمد محمد محمد', 'salma13s05395@alexu.edu.eg', 'الخريجين');
INSERT INTO `lk9v6_alumni_main` (`id`, `user_id`, `approved`) VALUES (166000, 166000, 1);
INSERT INTO `lk9v6_alumni_data` (`alumni_id`, `graduation_year`, `fid`, `job`, `address`, `city`, `country`, `phone`, `gid`, `mobile`, `nationalnumber`, `department`, `division`, `with_honor`) VALUES (166000, 2015, '1', '', '', '', '', '4246693', '3', '0162839588', '', 'الكيمياء', 'العلوم البيولوجية', '');
INSERT INTO `lk9v6_users` (`name`, `email`, `usertype`) VALUES ('دنيا وجدى ابراهيم عبدالواحد', 'donia13s05225@alexu.edu.eg', 'الخريجين');
INSERT INTO `lk9v6_alumni_main` (`id`, `user_id`, `approved`) VALUES (166001, 166001, 1);
INSERT INTO `lk9v6_alumni_data` (`alumni_id`, `graduation_year`, `fid`, `job`, `address`, `city`, `country`, `phone`, `gid`, `mobile`, `nationalnumber`, `department`, `division`, `with_honor`) VALUES (166001, 2015, '1', '', '', '', '', '035033282', '3', '01005735847', '', 'الكيمياء', 'العلوم البيولوجية', '');
INSERT INTO `lk9v6_users` (`name`, `email`, `usertype`) VALUES ('مروه الصافى ابراهيم محمد عطيه', 'marwa13s05237@alexu.edu.eg', 'الخريجين');
INSERT INTO `lk9v6_alumni_main` (`id`, `user_id`, `approved`) VALUES (166002, 166002, 1);
INSERT INTO `lk9v6_alumni_data` (`alumni_id`, `graduation_year`, `fid`, `job`, `address`, `city`, `country`, `phone`, `gid`, `mobile`, `nationalnumber`, `department`, `division`, `with_honor`) VALUES (166002, 2015, '1', '', '', '', '', '0452700931', '2', '01111361611', '', 'علم الحيوان', 'العلوم البيولوجية', '');
INSERT INTO `lk9v6_users` (`name`, `email`, `usertype`) VALUES ('سميه جمال انور مهنى', 'somaya13s03247@alexu.edu.eg', 'الخريجين');
INSERT INTO `lk9v6_alumni_main` (`id`, `user_id`, `approved`) VALUES (166003, 166003, 1);
INSERT INTO `lk9v6_alumni_data` (`alumni_id`, `graduation_year`, `fid`, `job`, `address`, `city`, `country`, `phone`, `gid`, `mobile`, `nationalnumber`, `department`, `division`, `with_honor`) VALUES (166003, 2015, '1', '', '', '', '', '034372816', '2', '01117287407', '', 'علم الحيوان', 'العلوم البيولوجية', '');
INSERT INTO `lk9v6_users` (`name`, `email`, `usertype`) VALUES ('نورهان جلال محمد ابراهيم جلال', 'nourhan13s05846@alexu.edu.eg', 'الخريجين');
INSERT INTO `lk9v6_alumni_main` (`id`, `user_id`, `approved`) VALUES (166004, 166004, 1);
INSERT INTO `lk9v6_alumni_data` (`alumni_id`, `graduation_year`, `fid`, `job`, `address`, `city`, `country`, `phone`, `gid`, `mobile`, `nationalnumber`, `department`, `division`, `with_honor`) VALUES (166004, 2015, '1', '', '', '', '', '4942455', '5', '01068569048', '', 'الكيمياء', 'العلوم البيولوجية', '');
INSERT INTO `lk9v6_users` (`name`, `email`, `usertype`) VALUES ('اسلام محمد توفيق اسماعيل الشامى', 'islam13s05734@alexu.edu.eg', 'الخريجين');
INSERT INTO `lk9v6_alumni_main` (`id`, `user_id`, `approved`) VALUES (166005, 166005, 1);
INSERT INTO `lk9v6_alumni_data` (`alumni_id`, `graduation_year`, `fid`, `job`, `address`, `city`, `country`, `phone`, `gid`, `mobile`, `nationalnumber`, `department`, `division`, `with_honor`) VALUES (166005, 2015, '1', '', '', '', '', '0473407463', '4', '01064485277', '', 'الكيمياء', 'العلوم البيولوجية', '');
INSERT INTO `lk9v6_users` (`name`, `email`, `usertype`) VALUES ('احمد عبدالمقصود عبدالرؤف احمد', 'ahmed13s05297@alexu.edu.eg', 'الخريجين');
INSERT INTO `lk9v6_alumni_main` (`id`, `user_id`, `approved`) VALUES (166006, 166006, 1);
INSERT INTO `lk9v6_alumni_data` (`alumni_id`, `graduation_year`, `fid`, `job`, `address`, `city`, `country`, `phone`, `gid`, `mobile`, `nationalnumber`, `department`, `division`, `with_honor`) VALUES (166006, 2015, '1', '', '', '', '', '0452270374', '3', '01274832787', '', 'الكيمياء', 'العلوم البيولوجية', '');
INSERT INTO `lk9v6_users` (`name`, `email`, `usertype`) VALUES ('هبه محمد احمد قنديل مصطفى', 'heba13s03951@alexu.edu.eg', 'الخريجين');
INSERT INTO `lk9v6_alumni_main` (`id`, `user_id`, `approved`) VALUES (166007, 166007, 1);
INSERT INTO `lk9v6_alumni_data` (`alumni_id`, `graduation_year`, `fid`, `job`, `address`, `city`, `country`, `phone`, `gid`, `mobile`, `nationalnumber`, `department`, `division`, `with_honor`) VALUES (166007, 2015, '1', '', '', '', '', '0162704342', '3', '01062704342', '', 'الكيمياء', 'العلوم البيولوجية', '');
INSERT INTO `lk9v6_users` (`name`, `email`, `usertype`) VALUES ('سارة عثمان عثمان سحلول', 'sara13s03201@alexu.edu.eg', 'الخريجين');
INSERT INTO `lk9v6_alumni_main` (`id`, `user_id`, `approved`) VALUES (166008, 166008, 1);
INSERT INTO `lk9v6_alumni_data` (`alumni_id`, `graduation_year`, `fid`, `job`, `address`, `city`, `country`, `phone`, `gid`, `mobile`, `nationalnumber`, `department`, `division`, `with_honor`) VALUES (166008, 2015, '1', '', '', '', '', '035559104', '2', '01140879819', '', 'الكيمياء', 'العلوم البيولوجية', '');
INSERT INTO `lk9v6_users` (`name`, `email`, `usertype`) VALUES ('ريهام محمد محمد عبده علام', 'reham13s01686@alexu.edu.eg', 'الخريجين');
INSERT INTO `lk9v6_alumni_main` (`id`, `user_id`, `approved`) VALUES (166009, 166009, 1);
INSERT INTO `lk9v6_alumni_data` (`alumni_id`, `graduation_year`, `fid`, `job`, `address`, `city`, `country`, `phone`, `gid`, `mobile`, `nationalnumber`, `department`, `division`, `with_honor`) VALUES (166009, 2015, '1', '', '', '', '', '0472710571', '3', '01148471662', '', 'الكيمياء', 'العلوم البيولوجية', '');
INSERT INTO `lk9v6_users` (`name`, `email`, `usertype`) VALUES ('امجد مجدى محمود محمد', 'amgad13s00452@alexu.edu.eg', 'الخريجين');
INSERT INTO `lk9v6_alumni_main` (`id`, `user_id`, `approved`) VALUES (166010, 166010, 1);
INSERT INTO `lk9v6_alumni_data` (`alumni_id`, `graduation_year`, `fid`, `job`, `address`, `city`, `country`, `phone`, `gid`, `mobile`, `nationalnumber`, `department`, `division`, `with_honor`) VALUES (166010, 2014, '1', '', '', '', '', '01022920452', '3', '01022920452', '', 'علوم البيئة', 'العلوم البيولوجية', '');
INSERT INTO `lk9v6_users` (`name`, `email`, `usertype`) VALUES ('ايمان محمد عبد الشفيع عبدالجيد', 'eman13s00471@alexu.edu.eg', 'الخريجين');
INSERT INTO `lk9v6_alumni_main` (`id`, `user_id`, `approved`) VALUES (166011, 166011, 1);
INSERT INTO `lk9v6_alumni_data` (`alumni_id`, `graduation_year`, `fid`, `job`, `address`, `city`, `country`, `phone`, `gid`, `mobile`, `nationalnumber`, `department`, `division`, `with_honor`) VALUES (166011, 2014, '1', '', '', '', '', '01284115490', '2', '0186460122', '', 'علوم البحار العامة', 'العلوم البيولوجية', '');
INSERT INTO `lk9v6_users` (`name`, `email`, `usertype`) VALUES ('رنا حسن عبد الحليم حسن', 'rana13s01667@alexu.edu.eg', 'الخريجين');
INSERT INTO `lk9v6_alumni_main` (`id`, `user_id`, `approved`) VALUES (166012, 166012, 1);
INSERT INTO `lk9v6_alumni_data` (`alumni_id`, `graduation_year`, `fid`, `job`, `address`, `city`, `country`, `phone`, `gid`, `mobile`, `nationalnumber`, `department`, `division`, `with_honor`) VALUES (166012, 2014, '1', '', '', '', '', '01099555157', '2', '01099555157', '', 'علوم البحار العامة', 'العلوم البيولوجية', '');
INSERT INTO `lk9v6_users` (`name`, `email`, `usertype`) VALUES ('اسلام احمد محمود محمد ', 'islam13s02142@alexu.edu.eg', 'الخريجين');
INSERT INTO `lk9v6_alumni_main` (`id`, `user_id`, `approved`) VALUES (166013, 166013, 1);
INSERT INTO `lk9v6_alumni_data` (`alumni_id`, `graduation_year`, `fid`, `job`, `address`, `city`, `country`, `phone`, `gid`, `mobile`, `nationalnumber`, `department`, `division`, `with_honor`) VALUES (166013, 2014, '1', '', '', '', '', '0473242326', '3', '01003335161', '', 'الكيمياء', 'العلوم البيولوجية', '');
INSERT INTO `lk9v6_users` (`name`, `email`, `usertype`) VALUES ('أحمد إبراهيم أحمد محمد ', 'ahmed13s06693@alexu.edu.eg', 'الخريجين');
INSERT INTO `lk9v6_alumni_main` (`id`, `user_id`, `approved`) VALUES (166014, 166014, 1);
INSERT INTO `lk9v6_alumni_data` (`alumni_id`, `graduation_year`, `fid`, `job`, `address`, `city`, `country`, `phone`, `gid`, `mobile`, `nationalnumber`, `department`, `division`, `with_honor`) VALUES (166014, 2015, '1', '', '', '', '', '5480380', '4', '01284143541', '', 'الميكروبيولوجى', 'العلوم البيولوجية', '');
INSERT INTO `lk9v6_users` (`name`, `email`, `usertype`) VALUES ('هبه احمد السيد عبدالمجيد', 'heba13s03531@alexu.edu.eg', 'الخريجين');
INSERT INTO `lk9v6_alumni_main` (`id`, `user_id`, `approved`) VALUES (166015, 166015, 1);
INSERT INTO `lk9v6_alumni_data` (`alumni_id`, `graduation_year`, `fid`, `job`, `address`, `city`, `country`, `phone`, `gid`, `mobile`, `nationalnumber`, `department`, `division`, `with_honor`) VALUES (166015, 2015, '1', '', '', '', '', '035186019', '4', '01276268029', '', 'الميكروبيولوجى', 'العلوم البيولوجية', '');
INSERT INTO `lk9v6_users` (`name`, `email`, `usertype`) VALUES ('مريم عاطف محمد عثمان', 'mariem13s03961@alexu.edu.eg', 'الخريجين');
INSERT INTO `lk9v6_alumni_main` (`id`, `user_id`, `approved`) VALUES (166016, 166016, 1);
INSERT INTO `lk9v6_alumni_data` (`alumni_id`, `graduation_year`, `fid`, `job`, `address`, `city`, `country`, `phone`, `gid`, `mobile`, `nationalnumber`, `department`, `division`, `with_honor`) VALUES (166016, 2015, '1', '', '', '', '', '0113076792', '3', '01113076792', '', 'علوم البيئة', 'العلوم البيولوجية', '');
INSERT INTO `lk9v6_users` (`name`, `email`, `usertype`) VALUES ('محمد فايز محمد ابراهيم', 'mohamed13s05706@alexu.edu.eg', 'الخريجين');
INSERT INTO `lk9v6_alumni_main` (`id`, `user_id`, `approved`) VALUES (166017, 166017, 1);
INSERT INTO `lk9v6_alumni_data` (`alumni_id`, `graduation_year`, `fid`, `job`, `address`, `city`, `country`, `phone`, `gid`, `mobile`, `nationalnumber`, `department`, `division`, `with_honor`) VALUES (166017, 2015, '1', '', '', '', '', '035491403', '3', '01019561331', '', 'الكيمياء', 'العلوم البيولوجية', '');
INSERT INTO `lk9v6_users` (`name`, `email`, `usertype`) VALUES ('ايمان عبدالحكيم على الحوفى', 'eman13s04973@alexu.edu.eg', 'الخريجين');
INSERT INTO `lk9v6_alumni_main` (`id`, `user_id`, `approved`) VALUES (166018, 166018, 1);
INSERT INTO `lk9v6_alumni_data` (`alumni_id`, `graduation_year`, `fid`, `job`, `address`, `city`, `country`, `phone`, `gid`, `mobile`, `nationalnumber`, `department`, `division`, `with_honor`) VALUES (166018, 2015, '1', '', '', '', '', '0459114151', '3', '01019910402', '', 'الكيمياء', 'العلوم البيولوجية', '');
INSERT INTO `lk9v6_users` (`name`, `email`, `usertype`) VALUES ('الاء علاء عبد الحى مبروك', 'alaa13s06322@alexu.edu.eg', 'الخريجين');
INSERT INTO `lk9v6_alumni_main` (`id`, `user_id`, `approved`) VALUES (166019, 166019, 1);
INSERT INTO `lk9v6_alumni_data` (`alumni_id`, `graduation_year`, `fid`, `job`, `address`, `city`, `country`, `phone`, `gid`, `mobile`, `nationalnumber`, `department`, `division`, `with_honor`) VALUES (166019, 2015, '1', '', '', '', '', '035545987', '3', '01001953738', '', 'الكيمياء', 'العلوم البيولوجية', '');
INSERT INTO `lk9v6_users` (`name`, `email`, `usertype`) VALUES ('باهية عبد العاطى عبد الحميد السيد', 'bahya13s03914@alexu.edu.eg', 'الخريجين');
INSERT INTO `lk9v6_alumni_main` (`id`, `user_id`, `approved`) VALUES (166020, 166020, 1);
INSERT INTO `lk9v6_alumni_data` (`alumni_id`, `graduation_year`, `fid`, `job`, `address`, `city`, `country`, `phone`, `gid`, `mobile`, `nationalnumber`, `department`, `division`, `with_honor`) VALUES (166020, 2015, '1', '', '', '', '', '0459155591', '3', '01123577107', '', 'الكيمياء', 'العلوم البيولوجية', '');
INSERT INTO `lk9v6_users` (`name`, `email`, `usertype`) VALUES ('احمد محمد خلف محمد', 'ahmed13s03908@alexu.edu.eg', 'الخريجين');
INSERT INTO `lk9v6_alumni_main` (`id`, `user_id`, `approved`) VALUES (166021, 166021, 1);
INSERT INTO `lk9v6_alumni_data` (`alumni_id`, `graduation_year`, `fid`, `job`, `address`, `city`, `country`, `phone`, `gid`, `mobile`, `nationalnumber`, `department`, `division`, `with_honor`) VALUES (166021, 2015, '1', '', '', '', '', '01111525798', '3', '01111525798', '', 'الكيمياء', 'العلوم البيولوجية', '');
INSERT INTO `lk9v6_users` (`name`, `email`, `usertype`) VALUES ('اسماء ابو المكارم عبد المقصود سعد عبد العال', 'asmaa13s05624@alexu.edu.eg', 'الخريجين');
INSERT INTO `lk9v6_alumni_main` (`id`, `user_id`, `approved`) VALUES (166022, 166022, 1);
INSERT INTO `lk9v6_alumni_data` (`alumni_id`, `graduation_year`, `fid`, `job`, `address`, `city`, `country`, `phone`, `gid`, `mobile`, `nationalnumber`, `department`, `division`, `with_honor`) VALUES (166022, 2015, '1', '', '', '', '', '035276786', '2', '01067075470', '', 'الكيمياء', 'العلوم البيولوجية', '');
INSERT INTO `lk9v6_users` (`name`, `email`, `usertype`) VALUES ('منه الله محمد جلال محمد احمد', 'menna13s06118@alexu.edu.eg', 'الخريجين');
INSERT INTO `lk9v6_alumni_main` (`id`, `user_id`, `approved`) VALUES (166023, 166023, 1);
INSERT INTO `lk9v6_alumni_data` (`alumni_id`, `graduation_year`, `fid`, `job`, `address`, `city`, `country`, `phone`, `gid`, `mobile`, `nationalnumber`, `department`, `division`, `with_honor`) VALUES (166023, 2015, '1', '', '', '', '', '033260978', '2', '0171884719', '', 'علوم البحار العامة', 'العلوم البيولوجية', '');
INSERT INTO `lk9v6_users` (`name`, `email`, `usertype`) VALUES ('فاطمه السيد ابو العلا محمد', 'fatma13s06312@alexu.edu.eg', 'الخريجين');
INSERT INTO `lk9v6_alumni_main` (`id`, `user_id`, `approved`) VALUES (166024, 166024, 1);
INSERT INTO `lk9v6_alumni_data` (`alumni_id`, `graduation_year`, `fid`, `job`, `address`, `city`, `country`, `phone`, `gid`, `mobile`, `nationalnumber`, `department`, `division`, `with_honor`) VALUES (166024, 2015, '1', '', '', '', '', '3814275', '2', '01502885661', '', 'الكيمياء', 'العلوم البيولوجية', '');
INSERT INTO `lk9v6_users` (`name`, `email`, `usertype`) VALUES ('رغدة بهاء الدين  محمود خميس', 'raghda13s03658@alexu.edu.eg', 'الخريجين');
INSERT INTO `lk9v6_alumni_main` (`id`, `user_id`, `approved`) VALUES (166025, 166025, 1);
INSERT INTO `lk9v6_alumni_data` (`alumni_id`, `graduation_year`, `fid`, `job`, `address`, `city`, `country`, `phone`, `gid`, `mobile`, `nationalnumber`, `department`, `division`, `with_honor`) VALUES (166025, 2015, '1', '', '', '', '', '0452219085', '2', '01283277336', '', 'علوم البيئة', 'العلوم البيولوجية', '');
INSERT INTO `lk9v6_users` (`name`, `email`, `usertype`) VALUES ('منه الله حسنين اسماعيل محمد عبد الحميد', 'menna13s05783@alexu.edu.eg', 'الخريجين');
INSERT INTO `lk9v6_alumni_main` (`id`, `user_id`, `approved`) VALUES (166026, 166026, 1);
INSERT INTO `lk9v6_alumni_data` (`alumni_id`, `graduation_year`, `fid`, `job`, `address`, `city`, `country`, `phone`, `gid`, `mobile`, `nationalnumber`, `department`, `division`, `with_honor`) VALUES (166026, 2015, '1', '', '', '', '', '033591061', '2', '01000177727', '', 'الكيمياء', 'العلوم البيولوجية', '');
INSERT INTO `lk9v6_users` (`name`, `email`, `usertype`) VALUES ('سمر على عبدالعظيم عميش', 'samar13s03244@alexu.edu.eg', 'الخريجين');
INSERT INTO `lk9v6_alumni_main` (`id`, `user_id`, `approved`) VALUES (166027, 166027, 1);
INSERT INTO `lk9v6_alumni_data` (`alumni_id`, `graduation_year`, `fid`, `job`, `address`, `city`, `country`, `phone`, `gid`, `mobile`, `nationalnumber`, `department`, `division`, `with_honor`) VALUES (166027, 2015, '1', '', '', '', '', '3310050', '2', '01289313930', '', 'علوم البحار العامة', 'العلوم البيولوجية', '');
INSERT INTO `lk9v6_users` (`name`, `email`, `usertype`) VALUES ('رضوى حسام الدين سعد محمد سعد', 'radwa13s04873@alexu.edu.eg', 'الخريجين');
INSERT INTO `lk9v6_alumni_main` (`id`, `user_id`, `approved`) VALUES (166028, 166028, 1);
INSERT INTO `lk9v6_alumni_data` (`alumni_id`, `graduation_year`, `fid`, `job`, `address`, `city`, `country`, `phone`, `gid`, `mobile`, `nationalnumber`, `department`, `division`, `with_honor`) VALUES (166028, 2015, '1', '', '', '', '', '5051181', '4', '01203610605', '', 'الكيمياء', 'العلوم البيولوجية', '');
INSERT INTO `lk9v6_users` (`name`, `email`, `usertype`) VALUES ('ياسين احمد حسين كمال احمد محمد', 'yasin13s06079@alexu.edu.eg', 'الخريجين');
INSERT INTO `lk9v6_alumni_main` (`id`, `user_id`, `approved`) VALUES (166029, 166029, 1);
INSERT INTO `lk9v6_alumni_data` (`alumni_id`, `graduation_year`, `fid`, `job`, `address`, `city`, `country`, `phone`, `gid`, `mobile`, `nationalnumber`, `department`, `division`, `with_honor`) VALUES (166029, 2015, '1', '', '', '', '', '033933457', '3', '01271675613', '', 'الكيمياء', 'العلوم البيولوجية', '');
INSERT INTO `lk9v6_users` (`name`, `email`, `usertype`) VALUES ('منال حمدينه عبد القادر السيد العوضى', '', 'الخريجين');
INSERT INTO `lk9v6_alumni_main` (`id`, `user_id`, `approved`) VALUES (166030, 166030, 1);
INSERT INTO `lk9v6_alumni_data` (`alumni_id`, `graduation_year`, `fid`, `job`, `address`, `city`, `country`, `phone`, `gid`, `mobile`, `nationalnumber`, `department`, `division`, `with_honor`) VALUES (166030, 2015, '1', '', '', '', '', '034259574', '5', '01270244893', '', 'الفيزياء', 'العلوم الطبيعية', '');
INSERT INTO `lk9v6_users` (`name`, `email`, `usertype`) VALUES ('ندى محمد محمد سلامه سيدالاهل', 'nada13s04356@alexu.edu.eg', 'الخريجين');
INSERT INTO `lk9v6_alumni_main` (`id`, `user_id`, `approved`) VALUES (166031, 166031, 1);
INSERT INTO `lk9v6_alumni_data` (`alumni_id`, `graduation_year`, `fid`, `job`, `address`, `city`, `country`, `phone`, `gid`, `mobile`, `nationalnumber`, `department`, `division`, `with_honor`) VALUES (166031, 2015, '1', '', '', '', '', '035308351', '4', '01274817454', '', 'الكيمياء', 'العلوم الطبيعية', '');
INSERT INTO `lk9v6_users` (`name`, `email`, `usertype`) VALUES ('الحسن صفى الدين طه عبدالحميد', 'alhasan13s01236@alexu.edu.eg', 'الخريجين');
INSERT INTO `lk9v6_alumni_main` (`id`, `user_id`, `approved`) VALUES (166032, 166032, 1);
INSERT INTO `lk9v6_alumni_data` (`alumni_id`, `graduation_year`, `fid`, `job`, `address`, `city`, `country`, `phone`, `gid`, `mobile`, `nationalnumber`, `department`, `division`, `with_honor`) VALUES (166032, 2015, '1', '', '', '', '', '034394966', '2', '01016732375', '', 'الفيزياء', 'العلوم الطبيعية', '');
INSERT INTO `lk9v6_users` (`name`, `email`, `usertype`) VALUES ('نعمة اسامة على احمد بسيونى', 'nema13s01987@alexu.edu.eg', 'الخريجين');
INSERT INTO `lk9v6_alumni_main` (`id`, `user_id`, `approved`) VALUES (166033, 166033, 1);
INSERT INTO `lk9v6_alumni_data` (`alumni_id`, `graduation_year`, `fid`, `job`, `address`, `city`, `country`, `phone`, `gid`, `mobile`, `nationalnumber`, `department`, `division`, `with_honor`) VALUES (166033, 2014, '1', '', '', '', '', '5735541', '2', '01113365427', '', 'الكيمياء', 'العلوم البيولوجية', '');
INSERT INTO `lk9v6_users` (`name`, `email`, `usertype`) VALUES ('منه الله عادل رجب محمد احمد', 'menna13s05723@alexu.edu.eg', 'الخريجين');
INSERT INTO `lk9v6_alumni_main` (`id`, `user_id`, `approved`) VALUES (166034, 166034, 1);
INSERT INTO `lk9v6_alumni_data` (`alumni_id`, `graduation_year`, `fid`, `job`, `address`, `city`, `country`, `phone`, `gid`, `mobile`, `nationalnumber`, `department`, `division`, `with_honor`) VALUES (166034, 2015, '1', '', '', '', '', '3238395', '3', '01283375572', '', 'الكيمياء', 'العلوم البيولوجية', '');
INSERT INTO `lk9v6_users` (`name`, `email`, `usertype`) VALUES ('شرين السيدرجب عبده محمد', 'sherin13s05028@alexu.edu.eg', 'الخريجين');
INSERT INTO `lk9v6_alumni_main` (`id`, `user_id`, `approved`) VALUES (166035, 166035, 1);
INSERT INTO `lk9v6_alumni_data` (`alumni_id`, `graduation_year`, `fid`, `job`, `address`, `city`, `country`, `phone`, `gid`, `mobile`, `nationalnumber`, `department`, `division`, `with_honor`) VALUES (166035, 2015, '1', '', '', '', '', '3239594', '3', '01280751756', '', 'الكيمياء', 'العلوم البيولوجية', '');
INSERT INTO `lk9v6_users` (`name`, `email`, `usertype`) VALUES ('محمد عبدالحفيظ قطب عبدالحفيظ', 'mohamed13s02205@alexu.edu.eg', 'الخريجين');
INSERT INTO `lk9v6_alumni_main` (`id`, `user_id`, `approved`) VALUES (166036, 166036, 1);
INSERT INTO `lk9v6_alumni_data` (`alumni_id`, `graduation_year`, `fid`, `job`, `address`, `city`, `country`, `phone`, `gid`, `mobile`, `nationalnumber`, `department`, `division`, `with_honor`) VALUES (166036, 2015, '1', '', '', '', '', '035026466', '2', '01273534406', '', 'علوم البحار العامة', 'العلوم البيولوجية', '');
INSERT INTO `lk9v6_users` (`name`, `email`, `usertype`) VALUES ('محمد احمد ابراهيم عبده', 'mohamed13s03889@alexu.edu.eg', 'الخريجين');
INSERT INTO `lk9v6_alumni_main` (`id`, `user_id`, `approved`) VALUES (166037, 166037, 1);
INSERT INTO `lk9v6_alumni_data` (`alumni_id`, `graduation_year`, `fid`, `job`, `address`, `city`, `country`, `phone`, `gid`, `mobile`, `nationalnumber`, `department`, `division`, `with_honor`) VALUES (166037, 2014, '1', '', '', '', '', '035759521', '3', '01220179432', '', 'الأحصاء', 'العلوم الطبيعية', '');
INSERT INTO `lk9v6_users` (`name`, `email`, `usertype`) VALUES ('احمد محمود محمد احمد عبدالله', 'ahmed13s04396@alexu.edu.eg', 'الخريجين');
INSERT INTO `lk9v6_alumni_main` (`id`, `user_id`, `approved`) VALUES (166038, 166038, 1);
INSERT INTO `lk9v6_alumni_data` (`alumni_id`, `graduation_year`, `fid`, `job`, `address`, `city`, `country`, `phone`, `gid`, `mobile`, `nationalnumber`, `department`, `division`, `with_honor`) VALUES (166038, 2015, '1', '', '', '', '', '5767587', '5', '01001252759', '', 'الأحصاء', 'العلوم الطبيعية', '');
INSERT INTO `lk9v6_users` (`name`, `email`, `usertype`) VALUES ('اسماء نصر احمد مختار السيد', 'asmaa13s04278@alexu.edu.eg', 'الخريجين');
INSERT INTO `lk9v6_alumni_main` (`id`, `user_id`, `approved`) VALUES (166039, 166039, 1);
INSERT INTO `lk9v6_alumni_data` (`alumni_id`, `graduation_year`, `fid`, `job`, `address`, `city`, `country`, `phone`, `gid`, `mobile`, `nationalnumber`, `department`, `division`, `with_honor`) VALUES (166039, 2015, '1', '', '', '', '', '5556636', '4', '01100044495', '', 'الأحصاء', 'العلوم الطبيعية', '');
INSERT INTO `lk9v6_users` (`name`, `email`, `usertype`) VALUES ('ساره  محمد عبد الحميد الدرينى ', 'sara13s06772@alexu.edu.eg', 'الخريجين');
INSERT INTO `lk9v6_alumni_main` (`id`, `user_id`, `approved`) VALUES (166040, 166040, 1);
INSERT INTO `lk9v6_alumni_data` (`alumni_id`, `graduation_year`, `fid`, `job`, `address`, `city`, `country`, `phone`, `gid`, `mobile`, `nationalnumber`, `department`, `division`, `with_honor`) VALUES (166040, 2015, '1', '', '', '', '', '035508418', '4', '01221239897', '', 'الأحصاء', 'العلوم الطبيعية', '');
INSERT INTO `lk9v6_users` (`name`, `email`, `usertype`) VALUES ('سلمى وحيد التهامى السيد على', 'salma13s04727@alexu.edu.eg', 'الخريجين');
INSERT INTO `lk9v6_alumni_main` (`id`, `user_id`, `approved`) VALUES (166041, 166041, 1);
INSERT INTO `lk9v6_alumni_data` (`alumni_id`, `graduation_year`, `fid`, `job`, `address`, `city`, `country`, `phone`, `gid`, `mobile`, `nationalnumber`, `department`, `division`, `with_honor`) VALUES (166041, 2015, '1', '', '', '', '', '034355831', '4', '01280219215', '', 'الأحصاء', 'العلوم الطبيعية', '');
INSERT INTO `lk9v6_users` (`name`, `email`, `usertype`) VALUES ('ناجى عبدالقوى الحسينى بدر', 'nagy13s04724@alexu.edu.eg', 'الخريجين');
INSERT INTO `lk9v6_alumni_main` (`id`, `user_id`, `approved`) VALUES (166042, 166042, 1);
INSERT INTO `lk9v6_alumni_data` (`alumni_id`, `graduation_year`, `fid`, `job`, `address`, `city`, `country`, `phone`, `gid`, `mobile`, `nationalnumber`, `department`, `division`, `with_honor`) VALUES (166042, 2015, '1', '', '', '', '', '0472776808', '4', '01017454109', '', 'الأحصاء', 'العلوم الطبيعية', '');
INSERT INTO `lk9v6_users` (`name`, `email`, `usertype`) VALUES ('اسراء رأفت محمود حسن محمد عامر', 'esraa13s04750@alexu.edu.eg', 'الخريجين');
INSERT INTO `lk9v6_alumni_main` (`id`, `user_id`, `approved`) VALUES (166043, 166043, 1);
INSERT INTO `lk9v6_alumni_data` (`alumni_id`, `graduation_year`, `fid`, `job`, `address`, `city`, `country`, `phone`, `gid`, `mobile`, `nationalnumber`, `department`, `division`, `with_honor`) VALUES (166043, 2015, '1', '', '', '', '', '035054746', '4', '01229391877', '', 'الفيزياء', 'العلوم الطبيعية', '');
INSERT INTO `lk9v6_users` (`name`, `email`, `usertype`) VALUES ('كريم عبدالمجيد خليفه ريحان', 'karim13s04541@alexu.edu.eg', 'الخريجين');
INSERT INTO `lk9v6_alumni_main` (`id`, `user_id`, `approved`) VALUES (166044, 166044, 1);
INSERT INTO `lk9v6_alumni_data` (`alumni_id`, `graduation_year`, `fid`, `job`, `address`, `city`, `country`, `phone`, `gid`, `mobile`, `nationalnumber`, `department`, `division`, `with_honor`) VALUES (166044, 2015, '1', '', '', '', '', '4944787', '4', '0191924878', '', 'الفيزياء', 'العلوم الطبيعية', '');
INSERT INTO `lk9v6_users` (`name`, `email`, `usertype`) VALUES ('شرين عبدالشكور عبدالبصير قرينى', 'sherin13s04676@alexu.edu.eg', 'الخريجين');
INSERT INTO `lk9v6_alumni_main` (`id`, `user_id`, `approved`) VALUES (166045, 166045, 1);
INSERT INTO `lk9v6_alumni_data` (`alumni_id`, `graduation_year`, `fid`, `job`, `address`, `city`, `country`, `phone`, `gid`, `mobile`, `nationalnumber`, `department`, `division`, `with_honor`) VALUES (166045, 2015, '1', '', '', '', '', '0453327728', '4', '0195251270', '', 'الأحصاء', 'العلوم الطبيعية', '');
INSERT INTO `lk9v6_users` (`name`, `email`, `usertype`) VALUES ('سلسبيل طارق محمد حنفى محمد', 'salsabil13s04263@alexu.edu.eg', 'الخريجين');
INSERT INTO `lk9v6_alumni_main` (`id`, `user_id`, `approved`) VALUES (166046, 166046, 1);
INSERT INTO `lk9v6_alumni_data` (`alumni_id`, `graduation_year`, `fid`, `job`, `address`, `city`, `country`, `phone`, `gid`, `mobile`, `nationalnumber`, `department`, `division`, `with_honor`) VALUES (166046, 2015, '1', '', '', '', '', '034816483', '4', '0199266944', '', 'الأحصاء', 'العلوم الطبيعية', '');
INSERT INTO `lk9v6_users` (`name`, `email`, `usertype`) VALUES ('حازم احمد على طعيمة', 'hazem13s06761@alexu.edu.eg', 'الخريجين');
INSERT INTO `lk9v6_alumni_main` (`id`, `user_id`, `approved`) VALUES (166047, 166047, 1);
INSERT INTO `lk9v6_alumni_data` (`alumni_id`, `graduation_year`, `fid`, `job`, `address`, `city`, `country`, `phone`, `gid`, `mobile`, `nationalnumber`, `department`, `division`, `with_honor`) VALUES (166047, 2015, '1', '', '', '', '', '5628586', '4', '01145385656', '', 'الفيزياء', 'العلوم الطبيعية', '');
INSERT INTO `lk9v6_users` (`name`, `email`, `usertype`) VALUES ('هدير عبد الستار عبد الرؤف محمد', 'hadeer13s04644@alexu.edu.eg', 'الخريجين');
INSERT INTO `lk9v6_alumni_main` (`id`, `user_id`, `approved`) VALUES (166048, 166048, 1);
INSERT INTO `lk9v6_alumni_data` (`alumni_id`, `graduation_year`, `fid`, `job`, `address`, `city`, `country`, `phone`, `gid`, `mobile`, `nationalnumber`, `department`, `division`, `with_honor`) VALUES (166048, 2015, '1', '', '', '', '', '034953645', '4', '01286732717', '', 'الأحصاء', 'العلوم الطبيعية', '');
INSERT INTO `lk9v6_users` (`name`, `email`, `usertype`) VALUES ('عمرو محمد خميس محمد', 'amr13s06509@alexu.edu.eg', 'الخريجين');
INSERT INTO `lk9v6_alumni_main` (`id`, `user_id`, `approved`) VALUES (166049, 166049, 1);
INSERT INTO `lk9v6_alumni_data` (`alumni_id`, `graduation_year`, `fid`, `job`, `address`, `city`, `country`, `phone`, `gid`, `mobile`, `nationalnumber`, `department`, `division`, `with_honor`) VALUES (166049, 2015, '1', '', '', '', '', '3918096', '4', '0173384261', '', 'الأحصاء', 'العلوم الطبيعية', '');
INSERT INTO `lk9v6_users` (`name`, `email`, `usertype`) VALUES ('حميده درويش عبدالحميد محمد', 'hamida13s04395@alexu.edu.eg', 'الخريجين');
INSERT INTO `lk9v6_alumni_main` (`id`, `user_id`, `approved`) VALUES (166050, 166050, 1);
INSERT INTO `lk9v6_alumni_data` (`alumni_id`, `graduation_year`, `fid`, `job`, `address`, `city`, `country`, `phone`, `gid`, `mobile`, `nationalnumber`, `department`, `division`, `with_honor`) VALUES (166050, 2015, '1', '', '', '', '', '035754333', '4', '01062473193', '', 'الأحصاء', 'العلوم الطبيعية', '');
INSERT INTO `lk9v6_users` (`name`, `email`, `usertype`) VALUES ('جمال محمد منصور عون خليل', 'gamal13s04297@alexu.edu.eg', 'الخريجين');
INSERT INTO `lk9v6_alumni_main` (`id`, `user_id`, `approved`) VALUES (166051, 166051, 1);
INSERT INTO `lk9v6_alumni_data` (`alumni_id`, `graduation_year`, `fid`, `job`, `address`, `city`, `country`, `phone`, `gid`, `mobile`, `nationalnumber`, `department`, `division`, `with_honor`) VALUES (166051, 2015, '1', '', '', '', '', '3225246', '4', '01283573696', '', 'الفيزياء', 'العلوم الطبيعية', '');
INSERT INTO `lk9v6_users` (`name`, `email`, `usertype`) VALUES ('عمر احمد مطاوع سليمان', 'omar13s04664@alexu.edu.eg', 'الخريجين');
INSERT INTO `lk9v6_alumni_main` (`id`, `user_id`, `approved`) VALUES (166052, 166052, 1);
INSERT INTO `lk9v6_alumni_data` (`alumni_id`, `graduation_year`, `fid`, `job`, `address`, `city`, `country`, `phone`, `gid`, `mobile`, `nationalnumber`, `department`, `division`, `with_honor`) VALUES (166052, 2015, '1', '', '', '', '', '4249564', '4', '01015044866', '', 'الأحصاء', 'العلوم الطبيعية', '');
INSERT INTO `lk9v6_users` (`name`, `email`, `usertype`) VALUES ('حازم احمد على شحاته نمير', 'hazem13s04797@alexu.edu.eg', 'الخريجين');
INSERT INTO `lk9v6_alumni_main` (`id`, `user_id`, `approved`) VALUES (166053, 166053, 1);
INSERT INTO `lk9v6_alumni_data` (`alumni_id`, `graduation_year`, `fid`, `job`, `address`, `city`, `country`, `phone`, `gid`, `mobile`, `nationalnumber`, `department`, `division`, `with_honor`) VALUES (166053, 2015, '1', '', '', '', '', '035331633', '4', '01000967158', '', 'الأحصاء', 'العلوم الطبيعية', '');
INSERT INTO `lk9v6_users` (`name`, `email`, `usertype`) VALUES ('تيسير ابراهيم انور ابراهيم اسماعيل', 'taysir13s04264@alexu.edu.eg', 'الخريجين');
INSERT INTO `lk9v6_alumni_main` (`id`, `user_id`, `approved`) VALUES (166054, 166054, 1);
INSERT INTO `lk9v6_alumni_data` (`alumni_id`, `graduation_year`, `fid`, `job`, `address`, `city`, `country`, `phone`, `gid`, `mobile`, `nationalnumber`, `department`, `division`, `with_honor`) VALUES (166054, 2015, '1', '', '', '', '', '033223247', '4', '01140004119', '', 'الفيزياء', 'العلوم الطبيعية', '');
INSERT INTO `lk9v6_users` (`name`, `email`, `usertype`) VALUES ('صفاء سامى محروس احمد عمر', 'safaa13s04310@alexu.edu.eg', 'الخريجين');
INSERT INTO `lk9v6_alumni_main` (`id`, `user_id`, `approved`) VALUES (166055, 166055, 1);
INSERT INTO `lk9v6_alumni_data` (`alumni_id`, `graduation_year`, `fid`, `job`, `address`, `city`, `country`, `phone`, `gid`, `mobile`, `nationalnumber`, `department`, `division`, `with_honor`) VALUES (166055, 2015, '1', '', '', '', '', '01279585208', '4', '01279585208', '', 'الأحصاء', 'العلوم الطبيعية', '');
INSERT INTO `lk9v6_users` (`name`, `email`, `usertype`) VALUES ('نورهان ابراهيم بخاطرو عثمان زيان', 'nourhan13s06533@alexu.edu.eg', 'الخريجين');
INSERT INTO `lk9v6_alumni_main` (`id`, `user_id`, `approved`) VALUES (166056, 166056, 1);
INSERT INTO `lk9v6_alumni_data` (`alumni_id`, `graduation_year`, `fid`, `job`, `address`, `city`, `country`, `phone`, `gid`, `mobile`, `nationalnumber`, `department`, `division`, `with_honor`) VALUES (166056, 2015, '1', '', '', '', '', '033241110', '3', '0182950925', '', 'الأحصاء', 'العلوم الطبيعية', '');
INSERT INTO `lk9v6_users` (`name`, `email`, `usertype`) VALUES ('وليد رزق عبدالجيد عبدالفتاح عثمان', 'waleed13s04733@alexu.edu.eg', 'الخريجين');
INSERT INTO `lk9v6_alumni_main` (`id`, `user_id`, `approved`) VALUES (166057, 166057, 1);
INSERT INTO `lk9v6_alumni_data` (`alumni_id`, `graduation_year`, `fid`, `job`, `address`, `city`, `country`, `phone`, `gid`, `mobile`, `nationalnumber`, `department`, `division`, `with_honor`) VALUES (166057, 2015, '1', '', '', '', '', '4257184', '3', '01271015534', '', 'الأحصاء', 'العلوم الطبيعية', '');
INSERT INTO `lk9v6_users` (`name`, `email`, `usertype`) VALUES ('ساندى محمود محمد سالم رمضان', 'sandy13s04744@alexu.edu.eg', 'الخريجين');
INSERT INTO `lk9v6_alumni_main` (`id`, `user_id`, `approved`) VALUES (166058, 166058, 1);
INSERT INTO `lk9v6_alumni_data` (`alumni_id`, `graduation_year`, `fid`, `job`, `address`, `city`, `country`, `phone`, `gid`, `mobile`, `nationalnumber`, `department`, `division`, `with_honor`) VALUES (166058, 2015, '1', '', '', '', '', '033586114', '3', '01122644707', '', 'الأحصاء', 'العلوم الطبيعية', '');
INSERT INTO `lk9v6_users` (`name`, `email`, `usertype`) VALUES ('رضوى محمد خميس مصطفى البرعى', 'radwa13s04430@alexu.edu.eg', 'الخريجين');
INSERT INTO `lk9v6_alumni_main` (`id`, `user_id`, `approved`) VALUES (166059, 166059, 1);
INSERT INTO `lk9v6_alumni_data` (`alumni_id`, `graduation_year`, `fid`, `job`, `address`, `city`, `country`, `phone`, `gid`, `mobile`, `nationalnumber`, `department`, `division`, `with_honor`) VALUES (166059, 2015, '1', '', '', '', '', '035353317', '3', '0183642090', '', 'الفيزياء', 'العلوم الطبيعية', '');
INSERT INTO `lk9v6_users` (`name`, `email`, `usertype`) VALUES ('شروق لطفى محمد ابو الفتح احمد عامر', 'sherok13s06136@alexu.edu.eg', 'الخريجين');
INSERT INTO `lk9v6_alumni_main` (`id`, `user_id`, `approved`) VALUES (166060, 166060, 1);
INSERT INTO `lk9v6_alumni_data` (`alumni_id`, `graduation_year`, `fid`, `job`, `address`, `city`, `country`, `phone`, `gid`, `mobile`, `nationalnumber`, `department`, `division`, `with_honor`) VALUES (166060, 2015, '1', '', '', '', '', '0464936609', '3', '0107325158', '', 'الأحصاء', 'العلوم الطبيعية', '');
INSERT INTO `lk9v6_users` (`name`, `email`, `usertype`) VALUES ('احمد محمد احمد محمد نبوى', 'ahmed13s06266@alexu.edu.eg', 'الخريجين');
INSERT INTO `lk9v6_alumni_main` (`id`, `user_id`, `approved`) VALUES (166061, 166061, 1);
INSERT INTO `lk9v6_alumni_data` (`alumni_id`, `graduation_year`, `fid`, `job`, `address`, `city`, `country`, `phone`, `gid`, `mobile`, `nationalnumber`, `department`, `division`, `with_honor`) VALUES (166061, 2015, '1', '', '', '', '', '035186075', '3', '01129601696', '', 'الأحصاء', 'العلوم الطبيعية', '');
INSERT INTO `lk9v6_users` (`name`, `email`, `usertype`) VALUES ('ولاء محمد عبد الله ابراهيم محمود', 'walaa13s04672@alexu.edu.eg', 'الخريجين');
INSERT INTO `lk9v6_alumni_main` (`id`, `user_id`, `approved`) VALUES (166062, 166062, 1);
INSERT INTO `lk9v6_alumni_data` (`alumni_id`, `graduation_year`, `fid`, `job`, `address`, `city`, `country`, `phone`, `gid`, `mobile`, `nationalnumber`, `department`, `division`, `with_honor`) VALUES (166062, 2015, '1', '', '', '', '', '035185254', '3', '01229569182', '', 'الفيزياء', 'العلوم الطبيعية', '');
INSERT INTO `lk9v6_users` (`name`, `email`, `usertype`) VALUES ('ساره عادل مصطفى عيسى حجاج', 'sara13s04552@alexu.edu.eg', 'الخريجين');
INSERT INTO `lk9v6_alumni_main` (`id`, `user_id`, `approved`) VALUES (166063, 166063, 1);
INSERT INTO `lk9v6_alumni_data` (`alumni_id`, `graduation_year`, `fid`, `job`, `address`, `city`, `country`, `phone`, `gid`, `mobile`, `nationalnumber`, `department`, `division`, `with_honor`) VALUES (166063, 2015, '1', '', '', '', '', '033011359', '3', '0187306421', '', 'الفيزياء', 'العلوم الطبيعية', '');
INSERT INTO `lk9v6_users` (`name`, `email`, `usertype`) VALUES ('فيوليت وجدى عادل شحاته', 'violet13s06298@alexu.edu.eg', 'الخريجين');
INSERT INTO `lk9v6_alumni_main` (`id`, `user_id`, `approved`) VALUES (166064, 166064, 1);
INSERT INTO `lk9v6_alumni_data` (`alumni_id`, `graduation_year`, `fid`, `job`, `address`, `city`, `country`, `phone`, `gid`, `mobile`, `nationalnumber`, `department`, `division`, `with_honor`) VALUES (166064, 2015, '1', '', '', '', '', '035466312', '3', '01228467247', '', 'الفيزياء', 'العلوم الطبيعية', '');
INSERT INTO `lk9v6_users` (`name`, `email`, `usertype`) VALUES ('افنان محمد عبدالصبور مرسى', 'afnan13s04558@alexu.edu.eg', 'الخريجين');
INSERT INTO `lk9v6_alumni_main` (`id`, `user_id`, `approved`) VALUES (166065, 166065, 1);
INSERT INTO `lk9v6_alumni_data` (`alumni_id`, `graduation_year`, `fid`, `job`, `address`, `city`, `country`, `phone`, `gid`, `mobile`, `nationalnumber`, `department`, `division`, `with_honor`) VALUES (166065, 2015, '1', '', '', '', '', '035044593', '3', '01000644967', '', 'الأحصاء', 'العلوم الطبيعية', '');
INSERT INTO `lk9v6_users` (`name`, `email`, `usertype`) VALUES ('نشوى عماد على حسن', 'nashwa13s06646@alexu.edu.eg', 'الخريجين');
INSERT INTO `lk9v6_alumni_main` (`id`, `user_id`, `approved`) VALUES (166066, 166066, 1);
INSERT INTO `lk9v6_alumni_data` (`alumni_id`, `graduation_year`, `fid`, `job`, `address`, `city`, `country`, `phone`, `gid`, `mobile`, `nationalnumber`, `department`, `division`, `with_honor`) VALUES (166066, 2015, '1', '', '', '', '', '5917503', '3', '01061204253', '', 'الأحصاء', 'العلوم الطبيعية', '');
INSERT INTO `lk9v6_users` (`name`, `email`, `usertype`) VALUES ('دعاء محمد عبده مصطفى ', 'doaa13s06711@alexu.edu.eg', 'الخريجين');
INSERT INTO `lk9v6_alumni_main` (`id`, `user_id`, `approved`) VALUES (166067, 166067, 1);
INSERT INTO `lk9v6_alumni_data` (`alumni_id`, `graduation_year`, `fid`, `job`, `address`, `city`, `country`, `phone`, `gid`, `mobile`, `nationalnumber`, `department`, `division`, `with_honor`) VALUES (166067, 2015, '1', '', '', '', '', '5579606', '3', '01211475133', '', 'الأحصاء', 'العلوم الطبيعية', '');
INSERT INTO `lk9v6_users` (`name`, `email`, `usertype`) VALUES ('زياد محمد عبدالحميد ابراهيم', 'ziad13s04376@alexu.edu.eg', 'الخريجين');
INSERT INTO `lk9v6_alumni_main` (`id`, `user_id`, `approved`) VALUES (166068, 166068, 1);
INSERT INTO `lk9v6_alumni_data` (`alumni_id`, `graduation_year`, `fid`, `job`, `address`, `city`, `country`, `phone`, `gid`, `mobile`, `nationalnumber`, `department`, `division`, `with_honor`) VALUES (166068, 2015, '1', '', '', '', '', '3904822', '3', '01220331717', '', 'الفيزياء', 'العلوم الطبيعية', '');
INSERT INTO `lk9v6_users` (`name`, `email`, `usertype`) VALUES ('هدى هشام كامل سعد الله احمد', 'hoda13s04588@alexu.edu.eg', 'الخريجين');
INSERT INTO `lk9v6_alumni_main` (`id`, `user_id`, `approved`) VALUES (166069, 166069, 1);
INSERT INTO `lk9v6_alumni_data` (`alumni_id`, `graduation_year`, `fid`, `job`, `address`, `city`, `country`, `phone`, `gid`, `mobile`, `nationalnumber`, `department`, `division`, `with_honor`) VALUES (166069, 2015, '1', '', '', '', '', '0123567382', '3', '01272928263', '', 'الأحصاء', 'العلوم الطبيعية', '');
INSERT INTO `lk9v6_users` (`name`, `email`, `usertype`) VALUES ('ريموندا هانى سامى نجيب', 'rimonda13s06380@alexu.edu.eg', 'الخريجين');
INSERT INTO `lk9v6_alumni_main` (`id`, `user_id`, `approved`) VALUES (166070, 166070, 1);
INSERT INTO `lk9v6_alumni_data` (`alumni_id`, `graduation_year`, `fid`, `job`, `address`, `city`, `country`, `phone`, `gid`, `mobile`, `nationalnumber`, `department`, `division`, `with_honor`) VALUES (166070, 2015, '1', '', '', '', '', '5934793', '3', '0173696908', '', 'الأحصاء', 'العلوم الطبيعية', '');
INSERT INTO `lk9v6_users` (`name`, `email`, `usertype`) VALUES ('هدير احمد حسن جلو', 'hadeer13s04340@alexu.edu.eg', 'الخريجين');
INSERT INTO `lk9v6_alumni_main` (`id`, `user_id`, `approved`) VALUES (166071, 166071, 1);
INSERT INTO `lk9v6_alumni_data` (`alumni_id`, `graduation_year`, `fid`, `job`, `address`, `city`, `country`, `phone`, `gid`, `mobile`, `nationalnumber`, `department`, `division`, `with_honor`) VALUES (166071, 2015, '1', '', '', '', '', '0452922580', '3', '01091123423', '', 'الأحصاء', 'العلوم الطبيعية', '');
INSERT INTO `lk9v6_users` (`name`, `email`, `usertype`) VALUES ('نورهان محمود على السيد', 'nourhan13s06310@alexu.edu.eg', 'الخريجين');
INSERT INTO `lk9v6_alumni_main` (`id`, `user_id`, `approved`) VALUES (166072, 166072, 1);
INSERT INTO `lk9v6_alumni_data` (`alumni_id`, `graduation_year`, `fid`, `job`, `address`, `city`, `country`, `phone`, `gid`, `mobile`, `nationalnumber`, `department`, `division`, `with_honor`) VALUES (166072, 2015, '1', '', '', '', '', '034416488', '3', '0185839728', '', 'الفيزياء', 'العلوم الطبيعية', '');
INSERT INTO `lk9v6_users` (`name`, `email`, `usertype`) VALUES ('محمد المعتز مصطفى محمد', 'mohamed13s06676@alexu.edu.eg', 'الخريجين');
INSERT INTO `lk9v6_alumni_main` (`id`, `user_id`, `approved`) VALUES (166073, 166073, 1);
INSERT INTO `lk9v6_alumni_data` (`alumni_id`, `graduation_year`, `fid`, `job`, `address`, `city`, `country`, `phone`, `gid`, `mobile`, `nationalnumber`, `department`, `division`, `with_honor`) VALUES (166073, 2015, '1', '', '', '', '', '035438665', '3', '0189521650', '', 'الفيزياء', 'العلوم الطبيعية', '');
INSERT INTO `lk9v6_users` (`name`, `email`, `usertype`) VALUES ('رضوى خالد محمد صبحى سليمان عبدالرحمن', 'radwa13s04521@alexu.edu.eg', 'الخريجين');
INSERT INTO `lk9v6_alumni_main` (`id`, `user_id`, `approved`) VALUES (166074, 166074, 1);
INSERT INTO `lk9v6_alumni_data` (`alumni_id`, `graduation_year`, `fid`, `job`, `address`, `city`, `country`, `phone`, `gid`, `mobile`, `nationalnumber`, `department`, `division`, `with_honor`) VALUES (166074, 2015, '1', '', '', '', '', '5045771', '3', '01206775512', '', 'الأحصاء', 'العلوم الطبيعية', '');
INSERT INTO `lk9v6_users` (`name`, `email`, `usertype`) VALUES ('خلود مسعد عبدالعزيز على', 'khloud13s04559@alexu.edu.eg', 'الخريجين');
INSERT INTO `lk9v6_alumni_main` (`id`, `user_id`, `approved`) VALUES (166075, 166075, 1);
INSERT INTO `lk9v6_alumni_data` (`alumni_id`, `graduation_year`, `fid`, `job`, `address`, `city`, `country`, `phone`, `gid`, `mobile`, `nationalnumber`, `department`, `division`, `with_honor`) VALUES (166075, 2015, '1', '', '', '', '', '033589179', '3', '0181190562', '', 'الفيزياء', 'العلوم الطبيعية', '');
INSERT INTO `lk9v6_users` (`name`, `email`, `usertype`) VALUES ('رضوى السيد طايع حسين طايع', 'radwa13s04680@alexu.edu.eg', 'الخريجين');
INSERT INTO `lk9v6_alumni_main` (`id`, `user_id`, `approved`) VALUES (166076, 166076, 1);
INSERT INTO `lk9v6_alumni_data` (`alumni_id`, `graduation_year`, `fid`, `job`, `address`, `city`, `country`, `phone`, `gid`, `mobile`, `nationalnumber`, `department`, `division`, `with_honor`) VALUES (166076, 2015, '1', '', '', '', '', '034268621', '3', '01200489231', '', 'الأحصاء', 'العلوم الطبيعية', '');
INSERT INTO `lk9v6_users` (`name`, `email`, `usertype`) VALUES ('اسماء محمد ابراهيم العزب', 'asmaa13s06517@alexu.edu.eg', 'الخريجين');
INSERT INTO `lk9v6_alumni_main` (`id`, `user_id`, `approved`) VALUES (166077, 166077, 1);
INSERT INTO `lk9v6_alumni_data` (`alumni_id`, `graduation_year`, `fid`, `job`, `address`, `city`, `country`, `phone`, `gid`, `mobile`, `nationalnumber`, `department`, `division`, `with_honor`) VALUES (166077, 2015, '1', '', '', '', '', '034593549', '3', '01276605923', '', 'الأحصاء', 'العلوم الطبيعية', '');
INSERT INTO `lk9v6_users` (`name`, `email`, `usertype`) VALUES ('اقبال محمد احمد ابراهيم زيان', 'ekbal13s06168@alexu.edu.eg', 'الخريجين');
INSERT INTO `lk9v6_alumni_main` (`id`, `user_id`, `approved`) VALUES (166078, 166078, 1);
INSERT INTO `lk9v6_alumni_data` (`alumni_id`, `graduation_year`, `fid`, `job`, `address`, `city`, `country`, `phone`, `gid`, `mobile`, `nationalnumber`, `department`, `division`, `with_honor`) VALUES (166078, 2015, '1', '', '', '', '', '035496693', '3', '01145447699', '', 'الأحصاء', 'العلوم الطبيعية', '');
INSERT INTO `lk9v6_users` (`name`, `email`, `usertype`) VALUES ('يحيى عبد الحميد السيد مرسى', 'yehia13s06765@alexu.edu.eg', 'الخريجين');
INSERT INTO `lk9v6_alumni_main` (`id`, `user_id`, `approved`) VALUES (166079, 166079, 1);
INSERT INTO `lk9v6_alumni_data` (`alumni_id`, `graduation_year`, `fid`, `job`, `address`, `city`, `country`, `phone`, `gid`, `mobile`, `nationalnumber`, `department`, `division`, `with_honor`) VALUES (166079, 2015, '1', '', '', '', '', '034389510', '3', '01281426518', '', 'الفيزياء', 'العلوم الطبيعية', '');
INSERT INTO `lk9v6_users` (`name`, `email`, `usertype`) VALUES ('رباب يسرى يحى سعد محمد', 'rabab13s06648@alexu.edu.eg', 'الخريجين');
INSERT INTO `lk9v6_alumni_main` (`id`, `user_id`, `approved`) VALUES (166080, 166080, 1);
INSERT INTO `lk9v6_alumni_data` (`alumni_id`, `graduation_year`, `fid`, `job`, `address`, `city`, `country`, `phone`, `gid`, `mobile`, `nationalnumber`, `department`, `division`, `with_honor`) VALUES (166080, 2015, '1', '', '', '', '', '034299682', '3', '01278242602', '', 'الأحصاء', 'العلوم الطبيعية', '');
INSERT INTO `lk9v6_users` (`name`, `email`, `usertype`) VALUES ('ايمان حمدى رمضان احمد ابراهيم ', 'eman13s06138@alexu.edu.eg', 'الخريجين');
INSERT INTO `lk9v6_alumni_main` (`id`, `user_id`, `approved`) VALUES (166081, 166081, 1);
INSERT INTO `lk9v6_alumni_data` (`alumni_id`, `graduation_year`, `fid`, `job`, `address`, `city`, `country`, `phone`, `gid`, `mobile`, `nationalnumber`, `department`, `division`, `with_honor`) VALUES (166081, 2015, '1', '', '', '', '', '035779686', '3', '01228859232', '', 'الفيزياء', 'العلوم الطبيعية', '');
INSERT INTO `lk9v6_users` (`name`, `email`, `usertype`) VALUES ('آيه علاء الدين محمد حسين بهجت', 'aya13s06747@alexu.edu.eg', 'الخريجين');
INSERT INTO `lk9v6_alumni_main` (`id`, `user_id`, `approved`) VALUES (166082, 166082, 1);
INSERT INTO `lk9v6_alumni_data` (`alumni_id`, `graduation_year`, `fid`, `job`, `address`, `city`, `country`, `phone`, `gid`, `mobile`, `nationalnumber`, `department`, `division`, `with_honor`) VALUES (166082, 2015, '1', '', '', '', '', '033903082', '3', '01001068782', '', 'الفيزياء', 'العلوم الطبيعية', '');
INSERT INTO `lk9v6_users` (`name`, `email`, `usertype`) VALUES ('هويدا مرزوق السيد اسماعيل خليل', 'howida13s06196@alexu.edu.eg', 'الخريجين');
INSERT INTO `lk9v6_alumni_main` (`id`, `user_id`, `approved`) VALUES (166083, 166083, 1);
INSERT INTO `lk9v6_alumni_data` (`alumni_id`, `graduation_year`, `fid`, `job`, `address`, `city`, `country`, `phone`, `gid`, `mobile`, `nationalnumber`, `department`, `division`, `with_honor`) VALUES (166083, 2015, '1', '', '', '', '', '9585625', '3', '01205371031', '', 'الفيزياء', 'العلوم الطبيعية', '');
INSERT INTO `lk9v6_users` (`name`, `email`, `usertype`) VALUES ('منه الله عزت ابو ضيف عبدالحميد جادالله', 'menna13s04760@alexu.edu.eg', 'الخريجين');
INSERT INTO `lk9v6_alumni_main` (`id`, `user_id`, `approved`) VALUES (166084, 166084, 1);
INSERT INTO `lk9v6_alumni_data` (`alumni_id`, `graduation_year`, `fid`, `job`, `address`, `city`, `country`, `phone`, `gid`, `mobile`, `nationalnumber`, `department`, `division`, `with_honor`) VALUES (166084, 2015, '1', '', '', '', '', '034244854', '3', '01273738892', '', 'الأحصاء', 'العلوم الطبيعية', '');
INSERT INTO `lk9v6_users` (`name`, `email`, `usertype`) VALUES ('مروة احمد صابر احمد', 'marwa13s06564@alexu.edu.eg', 'الخريجين');
INSERT INTO `lk9v6_alumni_main` (`id`, `user_id`, `approved`) VALUES (166085, 166085, 1);
INSERT INTO `lk9v6_alumni_data` (`alumni_id`, `graduation_year`, `fid`, `job`, `address`, `city`, `country`, `phone`, `gid`, `mobile`, `nationalnumber`, `department`, `division`, `with_honor`) VALUES (166085, 2015, '1', '', '', '', '', '4245137', '3', '01286610976', '', 'الفيزياء', 'العلوم الطبيعية', '');
INSERT INTO `lk9v6_users` (`name`, `email`, `usertype`) VALUES ('ياسمين عادل عبد المنعم خليل', 'yasmin13s06296@alexu.edu.eg', 'الخريجين');
INSERT INTO `lk9v6_alumni_main` (`id`, `user_id`, `approved`) VALUES (166086, 166086, 1);
INSERT INTO `lk9v6_alumni_data` (`alumni_id`, `graduation_year`, `fid`, `job`, `address`, `city`, `country`, `phone`, `gid`, `mobile`, `nationalnumber`, `department`, `division`, `with_honor`) VALUES (166086, 2015, '1', '', '', '', '', '4449034', '3', '0189034715', '', 'الأحصاء', 'العلوم الطبيعية', '');
INSERT INTO `lk9v6_users` (`name`, `email`, `usertype`) VALUES ('محمد جابر محمد محمود', 'mohamed13s00957@alexu.edu.eg', 'الخريجين');
INSERT INTO `lk9v6_alumni_main` (`id`, `user_id`, `approved`) VALUES (166087, 166087, 1);
INSERT INTO `lk9v6_alumni_data` (`alumni_id`, `graduation_year`, `fid`, `job`, `address`, `city`, `country`, `phone`, `gid`, `mobile`, `nationalnumber`, `department`, `division`, `with_honor`) VALUES (166087, 2015, '1', '', '', '', '', '4850320', '2', '01226286930', '', 'الفيزياء', 'العلوم الطبيعية', '');
INSERT INTO `lk9v6_users` (`name`, `email`, `usertype`) VALUES ('مها محمود ابوضيف يوسف', 'maha13s04518@alexu.edu.eg', 'الخريجين');
INSERT INTO `lk9v6_alumni_main` (`id`, `user_id`, `approved`) VALUES (166088, 166088, 1);
INSERT INTO `lk9v6_alumni_data` (`alumni_id`, `graduation_year`, `fid`, `job`, `address`, `city`, `country`, `phone`, `gid`, `mobile`, `nationalnumber`, `department`, `division`, `with_honor`) VALUES (166088, 2015, '1', '', '', '', '', '035776027', '4', '01060616179', '', 'علوم الحاسب الآلي', 'العلوم الطبيعية', '');
INSERT INTO `lk9v6_users` (`name`, `email`, `usertype`) VALUES ('الشيماء على صابر على على', 'alshaima13s04839@alexu.edu.eg', 'الخريجين');
INSERT INTO `lk9v6_alumni_main` (`id`, `user_id`, `approved`) VALUES (166089, 166089, 1);
INSERT INTO `lk9v6_alumni_data` (`alumni_id`, `graduation_year`, `fid`, `job`, `address`, `city`, `country`, `phone`, `gid`, `mobile`, `nationalnumber`, `department`, `division`, `with_honor`) VALUES (166089, 2015, '1', '', '', '', '', '4349643', '4', '01067610162', '', 'الكيمياء', 'العلوم البيولوجية', '');
INSERT INTO `lk9v6_users` (`name`, `email`, `usertype`) VALUES ('اية سيد عبدالفتاح محمد محمود', 'aya13s05240@alexu.edu.eg', 'الخريجين');
INSERT INTO `lk9v6_alumni_main` (`id`, `user_id`, `approved`) VALUES (166090, 166090, 1);
INSERT INTO `lk9v6_alumni_data` (`alumni_id`, `graduation_year`, `fid`, `job`, `address`, `city`, `country`, `phone`, `gid`, `mobile`, `nationalnumber`, `department`, `division`, `with_honor`) VALUES (166090, 2015, '1', '', '', '', '', '0453697494', '4', '01024448664', '', 'الكيمياء', 'العلوم البيولوجية', '');
INSERT INTO `lk9v6_users` (`name`, `email`, `usertype`) VALUES ('دعاء سعد سليمان محمد', 'doaa13s05236@alexu.edu.eg', 'الخريجين');
INSERT INTO `lk9v6_alumni_main` (`id`, `user_id`, `approved`) VALUES (166091, 166091, 1);
INSERT INTO `lk9v6_alumni_data` (`alumni_id`, `graduation_year`, `fid`, `job`, `address`, `city`, `country`, `phone`, `gid`, `mobile`, `nationalnumber`, `department`, `division`, `with_honor`) VALUES (166091, 2015, '1', '', '', '', '', '3550611', '4', '01287488524', '', 'الميكروبيولوجى', 'العلوم البيولوجية', '');
INSERT INTO `lk9v6_users` (`name`, `email`, `usertype`) VALUES ('سامح حسين احمد عبد الدايم', 'sameh13s06418@alexu.edu.eg', 'الخريجين');
INSERT INTO `lk9v6_alumni_main` (`id`, `user_id`, `approved`) VALUES (166092, 166092, 1);
INSERT INTO `lk9v6_alumni_data` (`alumni_id`, `graduation_year`, `fid`, `job`, `address`, `city`, `country`, `phone`, `gid`, `mobile`, `nationalnumber`, `department`, `division`, `with_honor`) VALUES (166092, 2015, '1', '', '', '', '', '4440271', '4', '01092328439', '', 'الكيمياء', 'العلوم البيولوجية', '');
INSERT INTO `lk9v6_users` (`name`, `email`, `usertype`) VALUES ('محمد عبد الفتاح على محمد محمد', 'mohamed13s06217@alexu.edu.eg', 'الخريجين');
INSERT INTO `lk9v6_alumni_main` (`id`, `user_id`, `approved`) VALUES (166093, 166093, 1);
INSERT INTO `lk9v6_alumni_data` (`alumni_id`, `graduation_year`, `fid`, `job`, `address`, `city`, `country`, `phone`, `gid`, `mobile`, `nationalnumber`, `department`, `division`, `with_honor`) VALUES (166093, 2015, '1', '', '', '', '', '5265083', '4', '01110911522', '', 'الميكروبيولوجى', 'العلوم البيولوجية', '');
INSERT INTO `lk9v6_users` (`name`, `email`, `usertype`) VALUES ('هبه عبده بهجت عبدالمهيمن', 'heba13s05823@alexu.edu.eg', 'الخريجين');
INSERT INTO `lk9v6_alumni_main` (`id`, `user_id`, `approved`) VALUES (166094, 166094, 1);
INSERT INTO `lk9v6_alumni_data` (`alumni_id`, `graduation_year`, `fid`, `job`, `address`, `city`, `country`, `phone`, `gid`, `mobile`, `nationalnumber`, `department`, `division`, `with_honor`) VALUES (166094, 2015, '1', '', '', '', '', '5184566', '3', '01220238882', '', 'الكيمياء', 'العلوم البيولوجية', '');
INSERT INTO `lk9v6_users` (`name`, `email`, `usertype`) VALUES ('مصطفى محمد الحبشى معوض', 'mustafa13s06778@alexu.edu.eg', 'الخريجين');
INSERT INTO `lk9v6_alumni_main` (`id`, `user_id`, `approved`) VALUES (166095, 166095, 1);
INSERT INTO `lk9v6_alumni_data` (`alumni_id`, `graduation_year`, `fid`, `job`, `address`, `city`, `country`, `phone`, `gid`, `mobile`, `nationalnumber`, `department`, `division`, `with_honor`) VALUES (166095, 2015, '1', '', '', '', '', '034390761', '3', '01153508161', '', 'الكيمياء', 'العلوم البيولوجية', '');
INSERT INTO `lk9v6_users` (`name`, `email`, `usertype`) VALUES ('بسمه جرجس حلمى برتلا', 'basma13s06379@alexu.edu.eg', 'الخريجين');
INSERT INTO `lk9v6_alumni_main` (`id`, `user_id`, `approved`) VALUES (166096, 166096, 1);
INSERT INTO `lk9v6_alumni_data` (`alumni_id`, `graduation_year`, `fid`, `job`, `address`, `city`, `country`, `phone`, `gid`, `mobile`, `nationalnumber`, `department`, `division`, `with_honor`) VALUES (166096, 2015, '1', '', '', '', '', '01226684090', '3', '01226684090', '', 'الكيمياء', 'العلوم البيولوجية', '');
INSERT INTO `lk9v6_users` (`name`, `email`, `usertype`) VALUES ('امنيه عبدالحميد محمد شلبى', 'omnia13s04909@alexu.edu.eg', 'الخريجين');
INSERT INTO `lk9v6_alumni_main` (`id`, `user_id`, `approved`) VALUES (166097, 166097, 1);
INSERT INTO `lk9v6_alumni_data` (`alumni_id`, `graduation_year`, `fid`, `job`, `address`, `city`, `country`, `phone`, `gid`, `mobile`, `nationalnumber`, `department`, `division`, `with_honor`) VALUES (166097, 2015, '1', '', '', '', '', '0453327728', '3', '01009391292', '', 'الكيمياء', 'العلوم البيولوجية', '');
INSERT INTO `lk9v6_users` (`name`, `email`, `usertype`) VALUES ('حسام حسن محمد فايد', 'hossam13s03716@alexu.edu.eg', 'الخريجين');
INSERT INTO `lk9v6_alumni_main` (`id`, `user_id`, `approved`) VALUES (166098, 166098, 1);
INSERT INTO `lk9v6_alumni_data` (`alumni_id`, `graduation_year`, `fid`, `job`, `address`, `city`, `country`, `phone`, `gid`, `mobile`, `nationalnumber`, `department`, `division`, `with_honor`) VALUES (166098, 2014, '1', '', '', '', '', '0453334168', '2', '01001983908', '', 'الجيولوجيا', 'العلوم الجيولوجية', '');
INSERT INTO `lk9v6_users` (`name`, `email`, `usertype`) VALUES ('حسن ابراهيم محمد دياب', 'hassan13s05122@alexu.edu.eg', 'الخريجين');
INSERT INTO `lk9v6_alumni_main` (`id`, `user_id`, `approved`) VALUES (166099, 166099, 1);
INSERT INTO `lk9v6_alumni_data` (`alumni_id`, `graduation_year`, `fid`, `job`, `address`, `city`, `country`, `phone`, `gid`, `mobile`, `nationalnumber`, `department`, `division`, `with_honor`) VALUES (166099, 2015, '1', '', '', '', '', '0453686620', '5', '0190556929', '', 'الجيولوجيا', 'العلوم الجيولوجية', '');
INSERT INTO `lk9v6_users` (`name`, `email`, `usertype`) VALUES ('اسماء عبداللطيف فهمى محمد المهدى', 'asmaa13s05049@alexu.edu.eg', 'الخريجين');
INSERT INTO `lk9v6_alumni_main` (`id`, `user_id`, `approved`) VALUES (166100, 166100, 1);
INSERT INTO `lk9v6_alumni_data` (`alumni_id`, `graduation_year`, `fid`, `job`, `address`, `city`, `country`, `phone`, `gid`, `mobile`, `nationalnumber`, `department`, `division`, `with_honor`) VALUES (166100, 2015, '1', '', '', '', '', '0453731963', '4', '01025021061', '', 'الجيولوجيا', 'العلوم الجيولوجية', '');
INSERT INTO `lk9v6_users` (`name`, `email`, `usertype`) VALUES ('ايمان جمال السيد السيد غازى', 'eman13s06817@alexu.edu.eg', 'الخريجين');
INSERT INTO `lk9v6_alumni_main` (`id`, `user_id`, `approved`) VALUES (166101, 166101, 1);
INSERT INTO `lk9v6_alumni_data` (`alumni_id`, `graduation_year`, `fid`, `job`, `address`, `city`, `country`, `phone`, `gid`, `mobile`, `nationalnumber`, `department`, `division`, `with_honor`) VALUES (166101, 2015, '1', '', '', '', '', '0452215019', '4', '01206483414', '', 'الجيولوجيا', 'العلوم الجيولوجية', '');
INSERT INTO `lk9v6_users` (`name`, `email`, `usertype`) VALUES ('طارق احمد محمد بسيونى ناضر', 'tarek13s04147@alexu.edu.eg', 'الخريجين');
INSERT INTO `lk9v6_alumni_main` (`id`, `user_id`, `approved`) VALUES (166102, 166102, 1);
INSERT INTO `lk9v6_alumni_data` (`alumni_id`, `graduation_year`, `fid`, `job`, `address`, `city`, `country`, `phone`, `gid`, `mobile`, `nationalnumber`, `department`, `division`, `with_honor`) VALUES (166102, 2015, '1', '', '', '', '', '5073021', '4', '01008200952', '', 'الجيولوجيا', 'العلوم الجيولوجية', '');
INSERT INTO `lk9v6_users` (`name`, `email`, `usertype`) VALUES ('عمر مختار محمود زايد', 'omar13s06549@alexu.edu.eg', 'الخريجين');
INSERT INTO `lk9v6_alumni_main` (`id`, `user_id`, `approved`) VALUES (166103, 166103, 1);
INSERT INTO `lk9v6_alumni_data` (`alumni_id`, `graduation_year`, `fid`, `job`, `address`, `city`, `country`, `phone`, `gid`, `mobile`, `nationalnumber`, `department`, `division`, `with_honor`) VALUES (166103, 2015, '1', '', '', '', '', '035457694', '4', '01119207672', '', 'الجيولوجيا', 'العلوم الجيولوجية', '');
INSERT INTO `lk9v6_users` (`name`, `email`, `usertype`) VALUES ('محمد حسن جابر احمد', 'mohamed13s04631@alexu.edu.eg', 'الخريجين');
INSERT INTO `lk9v6_alumni_main` (`id`, `user_id`, `approved`) VALUES (166104, 166104, 1);
INSERT INTO `lk9v6_alumni_data` (`alumni_id`, `graduation_year`, `fid`, `job`, `address`, `city`, `country`, `phone`, `gid`, `mobile`, `nationalnumber`, `department`, `division`, `with_honor`) VALUES (166104, 2015, '1', '', '', '', '', '4400972', '4', '01092819688', '', 'الجيولوجيا', 'العلوم الجيولوجية', '');
INSERT INTO `lk9v6_users` (`name`, `email`, `usertype`) VALUES ('محمد صلاح الدين محمد عبدالغنى سيدروحه', 'mohamed13s05427@alexu.edu.eg', 'الخريجين');
INSERT INTO `lk9v6_alumni_main` (`id`, `user_id`, `approved`) VALUES (166105, 166105, 1);
INSERT INTO `lk9v6_alumni_data` (`alumni_id`, `graduation_year`, `fid`, `job`, `address`, `city`, `country`, `phone`, `gid`, `mobile`, `nationalnumber`, `department`, `division`, `with_honor`) VALUES (166105, 2015, '1', '', '', '', '', '0472971197', '4', '01004254865', '', 'الجيولوجيا', 'العلوم الجيولوجية', '');
INSERT INTO `lk9v6_users` (`name`, `email`, `usertype`) VALUES ('محمد عبدالحميد محمد عبدالحميد الصعيدى', 'mohamed13s05708@alexu.edu.eg', 'الخريجين');
INSERT INTO `lk9v6_alumni_main` (`id`, `user_id`, `approved`) VALUES (166106, 166106, 1);
INSERT INTO `lk9v6_alumni_data` (`alumni_id`, `graduation_year`, `fid`, `job`, `address`, `city`, `country`, `phone`, `gid`, `mobile`, `nationalnumber`, `department`, `division`, `with_honor`) VALUES (166106, 2015, '1', '', '', '', '', '0452960442', '4', '01009696215', '', 'الجيولوجيا', 'العلوم الجيولوجية', '');
INSERT INTO `lk9v6_users` (`name`, `email`, `usertype`) VALUES ('محمود عادل محمد مكى', 'mahmoud13s04972@alexu.edu.eg', 'الخريجين');
INSERT INTO `lk9v6_alumni_main` (`id`, `user_id`, `approved`) VALUES (166107, 166107, 1);
INSERT INTO `lk9v6_alumni_data` (`alumni_id`, `graduation_year`, `fid`, `job`, `address`, `city`, `country`, `phone`, `gid`, `mobile`, `nationalnumber`, `department`, `division`, `with_honor`) VALUES (166107, 2015, '1', '', '', '', '', '0453687701', '4', '01064066712', '', 'الجيولوجيا', 'العلوم الجيولوجية', '');
INSERT INTO `lk9v6_users` (`name`, `email`, `usertype`) VALUES ('منه احمد ابوالنصر شهاب الدين', 'menna13s05653@alexu.edu.eg', 'الخريجين');
INSERT INTO `lk9v6_alumni_main` (`id`, `user_id`, `approved`) VALUES (166108, 166108, 1);
INSERT INTO `lk9v6_alumni_data` (`alumni_id`, `graduation_year`, `fid`, `job`, `address`, `city`, `country`, `phone`, `gid`, `mobile`, `nationalnumber`, `department`, `division`, `with_honor`) VALUES (166108, 2015, '1', '', '', '', '', '0472971999', '4', '01011784808', '', 'الجيولوجيا', 'العلوم الجيولوجية', '');
INSERT INTO `lk9v6_users` (`name`, `email`, `usertype`) VALUES ('محمد التهامى محمد اسماعيل حسن', 'mohamed13s04407@alexu.edu.eg', 'الخريجين');
INSERT INTO `lk9v6_alumni_main` (`id`, `user_id`, `approved`) VALUES (166109, 166109, 1);
INSERT INTO `lk9v6_alumni_data` (`alumni_id`, `graduation_year`, `fid`, `job`, `address`, `city`, `country`, `phone`, `gid`, `mobile`, `nationalnumber`, `department`, `division`, `with_honor`) VALUES (166109, 2015, '1', '', '', '', '', '01277577648', '3', '01066346508', '', 'الجيولوجيا', 'العلوم الجيولوجية', '');
INSERT INTO `lk9v6_users` (`name`, `email`, `usertype`) VALUES ('طارق محمد محمد الشناط', 'tarek13s04142@alexu.edu.eg', 'الخريجين');
INSERT INTO `lk9v6_alumni_main` (`id`, `user_id`, `approved`) VALUES (166110, 166110, 1);
INSERT INTO `lk9v6_alumni_data` (`alumni_id`, `graduation_year`, `fid`, `job`, `address`, `city`, `country`, `phone`, `gid`, `mobile`, `nationalnumber`, `department`, `division`, `with_honor`) VALUES (166110, 2015, '1', '', '', '', '', '0472719828', '3', '01002876971', '', 'الجيولوجيا', 'العلوم الجيولوجية', '');
INSERT INTO `lk9v6_users` (`name`, `email`, `usertype`) VALUES ('ابراهيم محمد احمد درويش', 'ibrahim13s04424@alexu.edu.eg', 'الخريجين');
INSERT INTO `lk9v6_alumni_main` (`id`, `user_id`, `approved`) VALUES (166111, 166111, 1);
INSERT INTO `lk9v6_alumni_data` (`alumni_id`, `graduation_year`, `fid`, `job`, `address`, `city`, `country`, `phone`, `gid`, `mobile`, `nationalnumber`, `department`, `division`, `with_honor`) VALUES (166111, 2015, '1', '', '', '', '', '033227493', '3', '01093802663', '', 'الجيولوجيا', 'العلوم الجيولوجية', '');
INSERT INTO `lk9v6_users` (`name`, `email`, `usertype`) VALUES ('ساره عصام حلمى محمود سلام', 'sara13s04661@alexu.edu.eg', 'الخريجين');
INSERT INTO `lk9v6_alumni_main` (`id`, `user_id`, `approved`) VALUES (166112, 166112, 1);
INSERT INTO `lk9v6_alumni_data` (`alumni_id`, `graduation_year`, `fid`, `job`, `address`, `city`, `country`, `phone`, `gid`, `mobile`, `nationalnumber`, `department`, `division`, `with_honor`) VALUES (166112, 2015, '1', '', '', '', '', '0452216228', '3', '0180750347', '', 'الجيولوجيا', 'العلوم الجيولوجية', '');
INSERT INTO `lk9v6_users` (`name`, `email`, `usertype`) VALUES ('احمد محمد عبد المنعم محمد', 'ahmed13s01281@alexu.edu.eg', 'الخريجين');
INSERT INTO `lk9v6_alumni_main` (`id`, `user_id`, `approved`) VALUES (166113, 166113, 1);
INSERT INTO `lk9v6_alumni_data` (`alumni_id`, `graduation_year`, `fid`, `job`, `address`, `city`, `country`, `phone`, `gid`, `mobile`, `nationalnumber`, `department`, `division`, `with_honor`) VALUES (166113, 2014, '1', '', '', '', '', '000000000', '2', '01125696046', '', 'الكيمياء', 'العلوم الجيولوجية', '');
INSERT INTO `lk9v6_users` (`name`, `email`, `usertype`) VALUES ('محمد السيد محمد حسن', 'mohamed13s01323@alexu.edu.eg', 'الخريجين');
INSERT INTO `lk9v6_alumni_main` (`id`, `user_id`, `approved`) VALUES (166114, 166114, 1);
INSERT INTO `lk9v6_alumni_data` (`alumni_id`, `graduation_year`, `fid`, `job`, `address`, `city`, `country`, `phone`, `gid`, `mobile`, `nationalnumber`, `department`, `division`, `with_honor`) VALUES (166114, 2014, '1', '', '', '', '', '035091235', '3', '01141935538', '', 'الكيمياء', 'العلوم الجيولوجية', '');
INSERT INTO `lk9v6_users` (`name`, `email`, `usertype`) VALUES ('احمد حمدى يوسف على', 'ahmed13s05305@alexu.edu.eg', 'الخريجين');
INSERT INTO `lk9v6_alumni_main` (`id`, `user_id`, `approved`) VALUES (166115, 166115, 1);
INSERT INTO `lk9v6_alumni_data` (`alumni_id`, `graduation_year`, `fid`, `job`, `address`, `city`, `country`, `phone`, `gid`, `mobile`, `nationalnumber`, `department`, `division`, `with_honor`) VALUES (166115, 2015, '1', '', '', '', '', '0473836086', '5', '01091135369', '', 'الجيوفيزياء', 'العلوم الجيولوجية', '');
INSERT INTO `lk9v6_users` (`name`, `email`, `usertype`) VALUES ('محمد مصطفى على على ريشه', 'mohamed13s04837@alexu.edu.eg', 'الخريجين');
INSERT INTO `lk9v6_alumni_main` (`id`, `user_id`, `approved`) VALUES (166116, 166116, 1);
INSERT INTO `lk9v6_alumni_data` (`alumni_id`, `graduation_year`, `fid`, `job`, `address`, `city`, `country`, `phone`, `gid`, `mobile`, `nationalnumber`, `department`, `division`, `with_honor`) VALUES (166116, 2015, '1', '', '', '', '', '5262933', '5', '01111736371', '', 'الجيوفيزياء', 'العلوم الجيولوجية', '');
INSERT INTO `lk9v6_users` (`name`, `email`, `usertype`) VALUES ('عبد الرحمن محمود محمد أحمد على', 'abdelrahman13s05860@alexu.edu.eg', 'الخريجين');
INSERT INTO `lk9v6_alumni_main` (`id`, `user_id`, `approved`) VALUES (166117, 166117, 1);
INSERT INTO `lk9v6_alumni_data` (`alumni_id`, `graduation_year`, `fid`, `job`, `address`, `city`, `country`, `phone`, `gid`, `mobile`, `nationalnumber`, `department`, `division`, `with_honor`) VALUES (166117, 2015, '1', '', '', '', '', '033950536', '5', '01090530451', '', 'الجيوفيزياء', 'العلوم الجيولوجية', '');
INSERT INTO `lk9v6_users` (`name`, `email`, `usertype`) VALUES ('اشرف طارق عبد العزيز درويش', 'ashraf13s04327@alexu.edu.eg', 'الخريجين');
INSERT INTO `lk9v6_alumni_main` (`id`, `user_id`, `approved`) VALUES (166118, 166118, 1);
INSERT INTO `lk9v6_alumni_data` (`alumni_id`, `graduation_year`, `fid`, `job`, `address`, `city`, `country`, `phone`, `gid`, `mobile`, `nationalnumber`, `department`, `division`, `with_honor`) VALUES (166118, 2015, '1', '', '', '', '', '034404362', '4', '01205921218', '', 'الكيمياء', 'العلوم الجيولوجية', '');
INSERT INTO `lk9v6_users` (`name`, `email`, `usertype`) VALUES ('بسنت السيد خليل السيد الشبكى', 'basant13s04809@alexu.edu.eg', 'الخريجين');
INSERT INTO `lk9v6_alumni_main` (`id`, `user_id`, `approved`) VALUES (166119, 166119, 1);
INSERT INTO `lk9v6_alumni_data` (`alumni_id`, `graduation_year`, `fid`, `job`, `address`, `city`, `country`, `phone`, `gid`, `mobile`, `nationalnumber`, `department`, `division`, `with_honor`) VALUES (166119, 2015, '1', '', '', '', '', '035562919', '4', '01224611186', '', 'الجيوفيزياء', 'العلوم الجيولوجية', '');
INSERT INTO `lk9v6_users` (`name`, `email`, `usertype`) VALUES ('ساره جلال طه محمد مصطفى', 'sara13s04736@alexu.edu.eg', 'الخريجين');
INSERT INTO `lk9v6_alumni_main` (`id`, `user_id`, `approved`) VALUES (166120, 166120, 1);
INSERT INTO `lk9v6_alumni_data` (`alumni_id`, `graduation_year`, `fid`, `job`, `address`, `city`, `country`, `phone`, `gid`, `mobile`, `nationalnumber`, `department`, `division`, `with_honor`) VALUES (166120, 2015, '1', '', '', '', '', '034363179', '4', '01063999351', '', 'الكيمياء', 'العلوم الجيولوجية', '');
INSERT INTO `lk9v6_users` (`name`, `email`, `usertype`) VALUES ('عبدالحميد احمد عبدالحميد احمد', 'abdelhamed13s04507@alexu.edu.eg', 'الخريجين');
INSERT INTO `lk9v6_alumni_main` (`id`, `user_id`, `approved`) VALUES (166121, 166121, 1);
INSERT INTO `lk9v6_alumni_data` (`alumni_id`, `graduation_year`, `fid`, `job`, `address`, `city`, `country`, `phone`, `gid`, `mobile`, `nationalnumber`, `department`, `division`, `with_honor`) VALUES (166121, 2015, '1', '', '', '', '', '4444563', '4', '0193403573', '', 'الجيوفيزياء', 'العلوم الجيولوجية', '');
INSERT INTO `lk9v6_users` (`name`, `email`, `usertype`) VALUES ('محمد سامى عبد الحميد عجمى', 'mohamed13s06209@alexu.edu.eg', 'الخريجين');
INSERT INTO `lk9v6_alumni_main` (`id`, `user_id`, `approved`) VALUES (166122, 166122, 1);
INSERT INTO `lk9v6_alumni_data` (`alumni_id`, `graduation_year`, `fid`, `job`, `address`, `city`, `country`, `phone`, `gid`, `mobile`, `nationalnumber`, `department`, `division`, `with_honor`) VALUES (166122, 2015, '1', '', '', '', '', '035040466', '4', '0179126612', '', 'الجيوفيزياء', 'العلوم الجيولوجية', '');
INSERT INTO `lk9v6_users` (`name`, `email`, `usertype`) VALUES ('محمد سعيد احمد عبدالله حسنين', 'mohamed13s04924@alexu.edu.eg', 'الخريجين');
INSERT INTO `lk9v6_alumni_main` (`id`, `user_id`, `approved`) VALUES (166123, 166123, 1);
INSERT INTO `lk9v6_alumni_data` (`alumni_id`, `graduation_year`, `fid`, `job`, `address`, `city`, `country`, `phone`, `gid`, `mobile`, `nationalnumber`, `department`, `division`, `with_honor`) VALUES (166123, 2015, '1', '', '', '', '', '033232198', '4', '01113596252', '', 'الجيوفيزياء', 'العلوم الجيولوجية', '');
INSERT INTO `lk9v6_users` (`name`, `email`, `usertype`) VALUES ('نورهان محمد ابوالفتوح مصطفى مصطفى خلف', 'nourhan13s04762@alexu.edu.eg', 'الخريجين');
INSERT INTO `lk9v6_alumni_main` (`id`, `user_id`, `approved`) VALUES (166124, 166124, 1);
INSERT INTO `lk9v6_alumni_data` (`alumni_id`, `graduation_year`, `fid`, `job`, `address`, `city`, `country`, `phone`, `gid`, `mobile`, `nationalnumber`, `department`, `division`, `with_honor`) VALUES (166124, 2015, '1', '', '', '', '', '4861767', '4', '01006492536', '', 'الكيمياء', 'العلوم الجيولوجية', '');
INSERT INTO `lk9v6_users` (`name`, `email`, `usertype`) VALUES ('هدير حسن عبد الفتاح حسن سيد احمد', 'hadeer13s04377@alexu.edu.eg', 'الخريجين');
INSERT INTO `lk9v6_alumni_main` (`id`, `user_id`, `approved`) VALUES (166125, 166125, 1);
INSERT INTO `lk9v6_alumni_data` (`alumni_id`, `graduation_year`, `fid`, `job`, `address`, `city`, `country`, `phone`, `gid`, `mobile`, `nationalnumber`, `department`, `division`, `with_honor`) VALUES (166125, 2015, '1', '', '', '', '', '035768273', '4', '01203660074', '', 'الجيوفيزياء', 'العلوم الجيولوجية', '');
INSERT INTO `lk9v6_users` (`name`, `email`, `usertype`) VALUES ('ولاء محمد عبد العاطى حسن', 'walaa13s04511@alexu.edu.eg', 'الخريجين');
INSERT INTO `lk9v6_alumni_main` (`id`, `user_id`, `approved`) VALUES (166126, 166126, 1);
INSERT INTO `lk9v6_alumni_data` (`alumni_id`, `graduation_year`, `fid`, `job`, `address`, `city`, `country`, `phone`, `gid`, `mobile`, `nationalnumber`, `department`, `division`, `with_honor`) VALUES (166126, 2015, '1', '', '', '', '', '034365373', '4', '0180249072', '', 'الكيمياء', 'العلوم الجيولوجية', '');
INSERT INTO `lk9v6_users` (`name`, `email`, `usertype`) VALUES ('خليل محمد حسن خليل', 'khalil13s05056@alexu.edu.eg', 'الخريجين');
INSERT INTO `lk9v6_alumni_main` (`id`, `user_id`, `approved`) VALUES (166127, 166127, 1);
INSERT INTO `lk9v6_alumni_data` (`alumni_id`, `graduation_year`, `fid`, `job`, `address`, `city`, `country`, `phone`, `gid`, `mobile`, `nationalnumber`, `department`, `division`, `with_honor`) VALUES (166127, 2015, '1', '', '', '', '', '034875511', '3', '01220065950', '', 'الكيمياء', 'العلوم الجيولوجية', '');
INSERT INTO `lk9v6_users` (`name`, `email`, `usertype`) VALUES ('دينا مصطفى السيد سالم عبدالمعطى', 'dina13s05389@alexu.edu.eg', 'الخريجين');
INSERT INTO `lk9v6_alumni_main` (`id`, `user_id`, `approved`) VALUES (166128, 166128, 1);
INSERT INTO `lk9v6_alumni_data` (`alumni_id`, `graduation_year`, `fid`, `job`, `address`, `city`, `country`, `phone`, `gid`, `mobile`, `nationalnumber`, `department`, `division`, `with_honor`) VALUES (166128, 2015, '1', '', '', '', '', '033226920', '3', '01200978795', '', 'الكيمياء', 'العلوم الجيولوجية', '');
INSERT INTO `lk9v6_users` (`name`, `email`, `usertype`) VALUES ('شروق حسن غنيم محمد حسن', 'sherok13s04697@alexu.edu.eg', 'الخريجين');
INSERT INTO `lk9v6_alumni_main` (`id`, `user_id`, `approved`) VALUES (166129, 166129, 1);
INSERT INTO `lk9v6_alumni_data` (`alumni_id`, `graduation_year`, `fid`, `job`, `address`, `city`, `country`, `phone`, `gid`, `mobile`, `nationalnumber`, `department`, `division`, `with_honor`) VALUES (166129, 2015, '1', '', '', '', '', '5627353', '3', '0182167409', '', 'الكيمياء', 'العلوم الجيولوجية', '');
INSERT INTO `lk9v6_users` (`name`, `email`, `usertype`) VALUES ('عبد الله خميس ابراهيم إسماعيل', 'abdullah13s06641@alexu.edu.eg', 'الخريجين');
INSERT INTO `lk9v6_alumni_main` (`id`, `user_id`, `approved`) VALUES (166130, 166130, 1);
INSERT INTO `lk9v6_alumni_data` (`alumni_id`, `graduation_year`, `fid`, `job`, `address`, `city`, `country`, `phone`, `gid`, `mobile`, `nationalnumber`, `department`, `division`, `with_honor`) VALUES (166130, 2015, '1', '', '', '', '', '035629740', '3', '01017960016', '', 'الجيوفيزياء', 'العلوم الجيولوجية', '');
INSERT INTO `lk9v6_users` (`name`, `email`, `usertype`) VALUES ('اسراء عبد الودود حسن محمد خليفه', 'esraa13s06140@alexu.edu.eg', 'الخريجين');
INSERT INTO `lk9v6_alumni_main` (`id`, `user_id`, `approved`) VALUES (166131, 166131, 1);
INSERT INTO `lk9v6_alumni_data` (`alumni_id`, `graduation_year`, `fid`, `job`, `address`, `city`, `country`, `phone`, `gid`, `mobile`, `nationalnumber`, `department`, `division`, `with_honor`) VALUES (166131, 2015, '1', '', '', '', '', '034389504', '3', '01202823607', '', 'الكيمياء', 'العلوم الجيولوجية', '');
INSERT INTO `lk9v6_users` (`name`, `email`, `usertype`) VALUES ('احمد نصر احمد محمد احمد', 'ahmed13s04773@alexu.edu.eg', 'الخريجين');
INSERT INTO `lk9v6_alumni_main` (`id`, `user_id`, `approved`) VALUES (166132, 166132, 1);
INSERT INTO `lk9v6_alumni_data` (`alumni_id`, `graduation_year`, `fid`, `job`, `address`, `city`, `country`, `phone`, `gid`, `mobile`, `nationalnumber`, `department`, `division`, `with_honor`) VALUES (166132, 2015, '1', '', '', '', '', '5781660', '3', '0184738089', '', 'الكيمياء', 'العلوم الجيولوجية', '');
INSERT INTO `lk9v6_users` (`name`, `email`, `usertype`) VALUES ('محمد خليل على خليل يوسف', 'mohamed13s04698@alexu.edu.eg', 'الخريجين');
INSERT INTO `lk9v6_alumni_main` (`id`, `user_id`, `approved`) VALUES (166133, 166133, 1);
INSERT INTO `lk9v6_alumni_data` (`alumni_id`, `graduation_year`, `fid`, `job`, `address`, `city`, `country`, `phone`, `gid`, `mobile`, `nationalnumber`, `department`, `division`, `with_honor`) VALUES (166133, 2015, '1', '', '', '', '', '4350965', '3', '0185666025', '', 'الكيمياء', 'العلوم الجيولوجية', '');
INSERT INTO `lk9v6_users` (`name`, `email`, `usertype`) VALUES ('طه عبد العزيز مصطفى الخولى', 'taha13s04132@alexu.edu.eg', 'الخريجين');
INSERT INTO `lk9v6_alumni_main` (`id`, `user_id`, `approved`) VALUES (166134, 166134, 1);
INSERT INTO `lk9v6_alumni_data` (`alumni_id`, `graduation_year`, `fid`, `job`, `address`, `city`, `country`, `phone`, `gid`, `mobile`, `nationalnumber`, `department`, `division`, `with_honor`) VALUES (166134, 2015, '1', '', '', '', '', '3241130', '3', '01220081209', '', 'الجيوفيزياء', 'العلوم الجيولوجية', '');
INSERT INTO `lk9v6_users` (`name`, `email`, `usertype`) VALUES ('محمد عزت محمد احمد عاصم', 'mohamed13s05700@alexu.edu.eg', 'الخريجين');
INSERT INTO `lk9v6_alumni_main` (`id`, `user_id`, `approved`) VALUES (166135, 166135, 1);
INSERT INTO `lk9v6_alumni_data` (`alumni_id`, `graduation_year`, `fid`, `job`, `address`, `city`, `country`, `phone`, `gid`, `mobile`, `nationalnumber`, `department`, `division`, `with_honor`) VALUES (166135, 2015, '1', '', '', '', '', '035762337', '3', '01204466269', '', 'الكيمياء', 'العلوم الجيولوجية', '');
INSERT INTO `lk9v6_users` (`name`, `email`, `usertype`) VALUES ('نورهان عباس محمود حسن حماد', 'nourhan13s04626@alexu.edu.eg', 'الخريجين');
INSERT INTO `lk9v6_alumni_main` (`id`, `user_id`, `approved`) VALUES (166136, 166136, 1);
INSERT INTO `lk9v6_alumni_data` (`alumni_id`, `graduation_year`, `fid`, `job`, `address`, `city`, `country`, `phone`, `gid`, `mobile`, `nationalnumber`, `department`, `division`, `with_honor`) VALUES (166136, 2015, '1', '', '', '', '', '4338862', '3', '01007609115', '', 'الكيمياء', 'العلوم الجيولوجية', '');
INSERT INTO `lk9v6_users` (`name`, `email`, `usertype`) VALUES ('دنيا سامى محمود محمد شحاتة', 'dina13s06522@alexu.edu.eg', 'الخريجين');
INSERT INTO `lk9v6_alumni_main` (`id`, `user_id`, `approved`) VALUES (166137, 166137, 1);
INSERT INTO `lk9v6_alumni_data` (`alumni_id`, `graduation_year`, `fid`, `job`, `address`, `city`, `country`, `phone`, `gid`, `mobile`, `nationalnumber`, `department`, `division`, `with_honor`) VALUES (166137, 2015, '1', '', '', '', '', '034948743', '3', '0196968282', '', 'الكيمياء', 'العلوم الجيولوجية', '');
INSERT INTO `lk9v6_users` (`name`, `email`, `usertype`) VALUES ('كريم محمد زكى على', 'karim13s06831@alexu.edu.eg', 'الخريجين');
INSERT INTO `lk9v6_alumni_main` (`id`, `user_id`, `approved`) VALUES (166138, 166138, 1);
INSERT INTO `lk9v6_alumni_data` (`alumni_id`, `graduation_year`, `fid`, `job`, `address`, `city`, `country`, `phone`, `gid`, `mobile`, `nationalnumber`, `department`, `division`, `with_honor`) VALUES (166138, 2015, '1', '', '', '', '', '5038331', '3', '01283341721', '', 'الكيمياء', 'العلوم الجيولوجية', '');
INSERT INTO `lk9v6_users` (`name`, `email`, `usertype`) VALUES ('اسراء ممدوح جابر محمد', 'esraa13s04662@alexu.edu.eg', 'الخريجين');
INSERT INTO `lk9v6_alumni_main` (`id`, `user_id`, `approved`) VALUES (166139, 166139, 1);
INSERT INTO `lk9v6_alumni_data` (`alumni_id`, `graduation_year`, `fid`, `job`, `address`, `city`, `country`, `phone`, `gid`, `mobile`, `nationalnumber`, `department`, `division`, `with_honor`) VALUES (166139, 2015, '1', '', '', '', '', '033592412', '3', '0190088220', '', 'الكيمياء', 'العلوم الجيولوجية', '');
INSERT INTO `lk9v6_users` (`name`, `email`, `usertype`) VALUES ('نضال صلاح محمد عشوش', 'nedal13s04267@alexu.edu.eg', 'الخريجين');
INSERT INTO `lk9v6_alumni_main` (`id`, `user_id`, `approved`) VALUES (166140, 166140, 1);
INSERT INTO `lk9v6_alumni_data` (`alumni_id`, `graduation_year`, `fid`, `job`, `address`, `city`, `country`, `phone`, `gid`, `mobile`, `nationalnumber`, `department`, `division`, `with_honor`) VALUES (166140, 2015, '1', '', '', '', '', '035432154', '3', '01068327276', '', 'الجيوفيزياء', 'العلوم الجيولوجية', '');
INSERT INTO `lk9v6_users` (`name`, `email`, `usertype`) VALUES ('محمد سعد حسن ابو زيد', 'mohamed13s04711@alexu.edu.eg', 'الخريجين');
INSERT INTO `lk9v6_alumni_main` (`id`, `user_id`, `approved`) VALUES (166141, 166141, 1);
INSERT INTO `lk9v6_alumni_data` (`alumni_id`, `graduation_year`, `fid`, `job`, `address`, `city`, `country`, `phone`, `gid`, `mobile`, `nationalnumber`, `department`, `division`, `with_honor`) VALUES (166141, 2015, '1', '', '', '', '', '4371806', '3', '01226709014', '', 'الكيمياء', 'العلوم الجيولوجية', '');
INSERT INTO `lk9v6_users` (`name`, `email`, `usertype`) VALUES ('محمود حمزة احمد رفاعى', 'mahmoud13s04190@alexu.edu.eg', 'الخريجين');
INSERT INTO `lk9v6_alumni_main` (`id`, `user_id`, `approved`) VALUES (166142, 166142, 1);
INSERT INTO `lk9v6_alumni_data` (`alumni_id`, `graduation_year`, `fid`, `job`, `address`, `city`, `country`, `phone`, `gid`, `mobile`, `nationalnumber`, `department`, `division`, `with_honor`) VALUES (166142, 2015, '1', '', '', '', '', '0311111', '2', '01146310281', '', 'الجيوفيزياء', 'العلوم الجيولوجية', '');
INSERT INTO `lk9v6_users` (`name`, `email`, `usertype`) VALUES ('محمد مصطفى مصطفى السيد', 'mohamed13s06627@alexu.edu.eg', 'الخريجين');
INSERT INTO `lk9v6_alumni_main` (`id`, `user_id`, `approved`) VALUES (166143, 166143, 1);
INSERT INTO `lk9v6_alumni_data` (`alumni_id`, `graduation_year`, `fid`, `job`, `address`, `city`, `country`, `phone`, `gid`, `mobile`, `nationalnumber`, `department`, `division`, `with_honor`) VALUES (166143, 2015, '1', '', '', '', '', '3094132', '2', '01225772859', '', 'الجيوفيزياء', 'العلوم الجيولوجية', '');
INSERT INTO `lk9v6_users` (`name`, `email`, `usertype`) VALUES ('رانا محمد سعيد عباس غازى', 'rania13s06299@alexu.edu.eg', 'الخريجين');
INSERT INTO `lk9v6_alumni_main` (`id`, `user_id`, `approved`) VALUES (166144, 166144, 1);
INSERT INTO `lk9v6_alumni_data` (`alumni_id`, `graduation_year`, `fid`, `job`, `address`, `city`, `country`, `phone`, `gid`, `mobile`, `nationalnumber`, `department`, `division`, `with_honor`) VALUES (166144, 2015, '1', '', '', '', '', '033934391', '2', '01220513162', '', 'الجيوفيزياء', 'العلوم الجيولوجية', '');
INSERT INTO `lk9v6_users` (`name`, `email`, `usertype`) VALUES ('شروق مجدى عبدالله ابو شعره', 'sherok13s04802@alexu.edu.eg', 'الخريجين');
INSERT INTO `lk9v6_alumni_main` (`id`, `user_id`, `approved`) VALUES (166145, 166145, 1);
INSERT INTO `lk9v6_alumni_data` (`alumni_id`, `graduation_year`, `fid`, `job`, `address`, `city`, `country`, `phone`, `gid`, `mobile`, `nationalnumber`, `department`, `division`, `with_honor`) VALUES (166145, 2015, '1', '', '', '', '', '0453323827', '2', '01011942152', '', 'الكيمياء', 'العلوم الجيولوجية', '');
INSERT INTO `lk9v6_users` (`name`, `email`, `usertype`) VALUES ('احمد عبد المنعم متولى محمد ', 'ahmed13s00394@alexu.edu.eg', 'الخريجين');
INSERT INTO `lk9v6_alumni_main` (`id`, `user_id`, `approved`) VALUES (166146, 166146, 1);
INSERT INTO `lk9v6_alumni_data` (`alumni_id`, `graduation_year`, `fid`, `job`, `address`, `city`, `country`, `phone`, `gid`, `mobile`, `nationalnumber`, `department`, `division`, `with_honor`) VALUES (166146, 2015, '1', '', '', '', '', '035014458', '2', '01116618714', '', 'الجيوفيزياء', 'العلوم الجيولوجية', '');
INSERT INTO `lk9v6_users` (`name`, `email`, `usertype`) VALUES ('السيد شعبان السيد الضوي', 'elsayed13s03702@alexu.edu.eg', 'الخريجين');
INSERT INTO `lk9v6_alumni_main` (`id`, `user_id`, `approved`) VALUES (166147, 166147, 1);
INSERT INTO `lk9v6_alumni_data` (`alumni_id`, `graduation_year`, `fid`, `job`, `address`, `city`, `country`, `phone`, `gid`, `mobile`, `nationalnumber`, `department`, `division`, `with_honor`) VALUES (166147, 2015, '1', '', '', '', '', '4972104', '2', '01289208412', '', 'الكيمياء', 'العلوم الجيولوجية', '');
INSERT INTO `lk9v6_users` (`name`, `email`, `usertype`) VALUES ('اميرة حسن ابراهيم حسن', 'amira13s02856@alexu.edu.eg', 'الخريجين');
INSERT INTO `lk9v6_alumni_main` (`id`, `user_id`, `approved`) VALUES (166148, 166148, 1);
INSERT INTO `lk9v6_alumni_data` (`alumni_id`, `graduation_year`, `fid`, `job`, `address`, `city`, `country`, `phone`, `gid`, `mobile`, `nationalnumber`, `department`, `division`, `with_honor`) VALUES (166148, 2013, '1', '', '', '', '', '0452502947', '3', '01270134315', '', 'الكيمياء', 'العلوم الطبيعية', '');
INSERT INTO `lk9v6_users` (`name`, `email`, `usertype`) VALUES ('سارة عبد الفتاح أحمد عبد الفتاح', 'sara13s05871@alexu.edu.eg', 'الخريجين');
INSERT INTO `lk9v6_alumni_main` (`id`, `user_id`, `approved`) VALUES (166149, 166149, 1);
INSERT INTO `lk9v6_alumni_data` (`alumni_id`, `graduation_year`, `fid`, `job`, `address`, `city`, `country`, `phone`, `gid`, `mobile`, `nationalnumber`, `department`, `division`, `with_honor`) VALUES (166149, 2014, '1', '', '', '', '', '0453431108', '3', '01157340039', '', 'الكيمياء', 'العلوم الطبيعية', '');
INSERT INTO `lk9v6_users` (`name`, `email`, `usertype`) VALUES ('اسماء مبروك السيد عبد العزيز', 'asmaa13s04478@alexu.edu.eg', 'الخريجين');
INSERT INTO `lk9v6_alumni_main` (`id`, `user_id`, `approved`) VALUES (166150, 166150, 1);
INSERT INTO `lk9v6_alumni_data` (`alumni_id`, `graduation_year`, `fid`, `job`, `address`, `city`, `country`, `phone`, `gid`, `mobile`, `nationalnumber`, `department`, `division`, `with_honor`) VALUES (166150, 2015, '1', '', '', '', '', '033309979', '4', '01288459480', '', 'الكيمياء', 'العلوم الطبيعية', '');
INSERT INTO `lk9v6_users` (`name`, `email`, `usertype`) VALUES ('ايه عباس عبدالعزيز ابراهيم', 'aya13s04537@alexu.edu.eg', 'الخريجين');
INSERT INTO `lk9v6_alumni_main` (`id`, `user_id`, `approved`) VALUES (166151, 166151, 1);
INSERT INTO `lk9v6_alumni_data` (`alumni_id`, `graduation_year`, `fid`, `job`, `address`, `city`, `country`, `phone`, `gid`, `mobile`, `nationalnumber`, `department`, `division`, `with_honor`) VALUES (166151, 2015, '1', '', '', '', '', '3927919', '4', '01226075506', '', 'الكيمياء', 'العلوم الطبيعية', '');
INSERT INTO `lk9v6_users` (`name`, `email`, `usertype`) VALUES ('جهاد جابر رجب جابر', 'gihad13s06477@alexu.edu.eg', 'الخريجين');
INSERT INTO `lk9v6_alumni_main` (`id`, `user_id`, `approved`) VALUES (166152, 166152, 1);
INSERT INTO `lk9v6_alumni_data` (`alumni_id`, `graduation_year`, `fid`, `job`, `address`, `city`, `country`, `phone`, `gid`, `mobile`, `nationalnumber`, `department`, `division`, `with_honor`) VALUES (166152, 2015, '1', '', '', '', '', '5565513', '4', '01289966776', '', 'الكيمياء', 'العلوم الطبيعية', '');
INSERT INTO `lk9v6_users` (`name`, `email`, `usertype`) VALUES ('الشيماء محمد محمود محمد', 'alshaima13s06366@alexu.edu.eg', 'الخريجين');
INSERT INTO `lk9v6_alumni_main` (`id`, `user_id`, `approved`) VALUES (166153, 166153, 1);
INSERT INTO `lk9v6_alumni_data` (`alumni_id`, `graduation_year`, `fid`, `job`, `address`, `city`, `country`, `phone`, `gid`, `mobile`, `nationalnumber`, `department`, `division`, `with_honor`) VALUES (166153, 2015, '1', '', '', '', '', '034857908', '3', '01112252897', '', 'الكيمياء', 'العلوم الطبيعية', '');
INSERT INTO `lk9v6_users` (`name`, `email`, `usertype`) VALUES ('يسريه جمال محمد عبدالباقى شلضم', 'yosria13s04344@alexu.edu.eg', 'الخريجين');
INSERT INTO `lk9v6_alumni_main` (`id`, `user_id`, `approved`) VALUES (166154, 166154, 1);
INSERT INTO `lk9v6_alumni_data` (`alumni_id`, `graduation_year`, `fid`, `job`, `address`, `city`, `country`, `phone`, `gid`, `mobile`, `nationalnumber`, `department`, `division`, `with_honor`) VALUES (166154, 2015, '1', '', '', '', '', '01145998491', '3', '01019296265', '', 'الكيمياء', 'العلوم الطبيعية', '');
INSERT INTO `lk9v6_users` (`name`, `email`, `usertype`) VALUES ('فاطمه محمود رجب عزب', 'fatma13s06134@alexu.edu.eg', 'الخريجين');
INSERT INTO `lk9v6_alumni_main` (`id`, `user_id`, `approved`) VALUES (166155, 166155, 1);
INSERT INTO `lk9v6_alumni_data` (`alumni_id`, `graduation_year`, `fid`, `job`, `address`, `city`, `country`, `phone`, `gid`, `mobile`, `nationalnumber`, `department`, `division`, `with_honor`) VALUES (166155, 2015, '1', '', '', '', '', '03598746', '3', '01229039566', '', 'الكيمياء', 'العلوم الطبيعية', '');
INSERT INTO `lk9v6_users` (`name`, `email`, `usertype`) VALUES ('شيماء جمال سالم مالك سالم', 'shaimaa13s04498@alexu.edu.eg', 'الخريجين');
INSERT INTO `lk9v6_alumni_main` (`id`, `user_id`, `approved`) VALUES (166156, 166156, 1);
INSERT INTO `lk9v6_alumni_data` (`alumni_id`, `graduation_year`, `fid`, `job`, `address`, `city`, `country`, `phone`, `gid`, `mobile`, `nationalnumber`, `department`, `division`, `with_honor`) VALUES (166156, 2015, '1', '', '', '', '', '5046202', '3', '01285539509', '', 'الكيمياء', 'العلوم الطبيعية', '');
INSERT INTO `lk9v6_users` (`name`, `email`, `usertype`) VALUES ('ايه طارق ابراهيم السيد', 'aya13s04641@alexu.edu.eg', 'الخريجين');
INSERT INTO `lk9v6_alumni_main` (`id`, `user_id`, `approved`) VALUES (166157, 166157, 1);
INSERT INTO `lk9v6_alumni_data` (`alumni_id`, `graduation_year`, `fid`, `job`, `address`, `city`, `country`, `phone`, `gid`, `mobile`, `nationalnumber`, `department`, `division`, `with_honor`) VALUES (166157, 2015, '1', '', '', '', '', '033917303', '3', '01211442006', '', 'الكيمياء', 'العلوم الطبيعية', '');
INSERT INTO `lk9v6_users` (`name`, `email`, `usertype`) VALUES ('اسراء محمد احمد محمد', 'esraa13s04520@alexu.edu.eg', 'الخريجين');
INSERT INTO `lk9v6_alumni_main` (`id`, `user_id`, `approved`) VALUES (166158, 166158, 1);
INSERT INTO `lk9v6_alumni_data` (`alumni_id`, `graduation_year`, `fid`, `job`, `address`, `city`, `country`, `phone`, `gid`, `mobile`, `nationalnumber`, `department`, `division`, `with_honor`) VALUES (166158, 2015, '1', '', '', '', '', '035348112', '3', '01014614403', '', 'الكيمياء', 'العلوم الطبيعية', '');
INSERT INTO `lk9v6_users` (`name`, `email`, `usertype`) VALUES ('شريهان هشام ابراهيم النجار', 'sherihan13s06476@alexu.edu.eg', 'الخريجين');
INSERT INTO `lk9v6_alumni_main` (`id`, `user_id`, `approved`) VALUES (166159, 166159, 1);
INSERT INTO `lk9v6_alumni_data` (`alumni_id`, `graduation_year`, `fid`, `job`, `address`, `city`, `country`, `phone`, `gid`, `mobile`, `nationalnumber`, `department`, `division`, `with_honor`) VALUES (166159, 2015, '1', '', '', '', '', '035757633', '3', '01201409801', '', 'الكيمياء', 'العلوم الطبيعية', '');
INSERT INTO `lk9v6_users` (`name`, `email`, `usertype`) VALUES ('مصطفى محمود احمد نورالدين محمد', 'mustafa13s04489@alexu.edu.eg', 'الخريجين');
INSERT INTO `lk9v6_alumni_main` (`id`, `user_id`, `approved`) VALUES (166160, 166160, 1);
INSERT INTO `lk9v6_alumni_data` (`alumni_id`, `graduation_year`, `fid`, `job`, `address`, `city`, `country`, `phone`, `gid`, `mobile`, `nationalnumber`, `department`, `division`, `with_honor`) VALUES (166160, 2015, '1', '', '', '', '', '035343748', '3', '01221394053', '', 'الكيمياء', 'العلوم الطبيعية', '');
INSERT INTO `lk9v6_users` (`name`, `email`, `usertype`) VALUES ('عبدالرحمن مصطفي رجب حسن محمد', 'abdelrahman13s02556@alexu.edu.eg', 'الخريجين');
INSERT INTO `lk9v6_alumni_main` (`id`, `user_id`, `approved`) VALUES (166161, 166161, 1);
INSERT INTO `lk9v6_alumni_data` (`alumni_id`, `graduation_year`, `fid`, `job`, `address`, `city`, `country`, `phone`, `gid`, `mobile`, `nationalnumber`, `department`, `division`, `with_honor`) VALUES (166161, 2015, '1', '', '', '', '', '5616065', '3', '01276683040', '', 'الكيمياء', 'العلوم الطبيعية', '');
INSERT INTO `lk9v6_users` (`name`, `email`, `usertype`) VALUES ('شيماء لطفى محمود محمد منصور', 'shaimaa13s04814@alexu.edu.eg', 'الخريجين');
INSERT INTO `lk9v6_alumni_main` (`id`, `user_id`, `approved`) VALUES (166162, 166162, 1);
INSERT INTO `lk9v6_alumni_data` (`alumni_id`, `graduation_year`, `fid`, `job`, `address`, `city`, `country`, `phone`, `gid`, `mobile`, `nationalnumber`, `department`, `division`, `with_honor`) VALUES (166162, 2015, '1', '', '', '', '', '034286123', '3', '01271001912', '', 'الكيمياء', 'العلوم الطبيعية', '');
INSERT INTO `lk9v6_users` (`name`, `email`, `usertype`) VALUES ('محمود على محمد على الرفاعى', 'mahmoud13s04615@alexu.edu.eg', 'الخريجين');
INSERT INTO `lk9v6_alumni_main` (`id`, `user_id`, `approved`) VALUES (166163, 166163, 1);
INSERT INTO `lk9v6_alumni_data` (`alumni_id`, `graduation_year`, `fid`, `job`, `address`, `city`, `country`, `phone`, `gid`, `mobile`, `nationalnumber`, `department`, `division`, `with_honor`) VALUES (166163, 2015, '1', '', '', '', '', '033191911', '3', '01202823681', '', 'الكيمياء', 'العلوم الطبيعية', '');
INSERT INTO `lk9v6_users` (`name`, `email`, `usertype`) VALUES ('اميرة صالح عبدالعزيز عبدالهادى ', 'amira13s00790@alexu.edu.eg', 'الخريجين');
INSERT INTO `lk9v6_alumni_main` (`id`, `user_id`, `approved`) VALUES (166164, 166164, 1);
INSERT INTO `lk9v6_alumni_data` (`alumni_id`, `graduation_year`, `fid`, `job`, `address`, `city`, `country`, `phone`, `gid`, `mobile`, `nationalnumber`, `department`, `division`, `with_honor`) VALUES (166164, 2015, '1', '', '', '', '', '5001306', '3', '01207999498', '', 'علوم البحار الفيزيائية', 'العلوم الطبيعية', '');
INSERT INTO `lk9v6_users` (`name`, `email`, `usertype`) VALUES ('انجى ميخائيل فايز ارمانيوس', 'engy13s06662@alexu.edu.eg', 'الخريجين');
INSERT INTO `lk9v6_alumni_main` (`id`, `user_id`, `approved`) VALUES (166165, 166165, 1);
INSERT INTO `lk9v6_alumni_data` (`alumni_id`, `graduation_year`, `fid`, `job`, `address`, `city`, `country`, `phone`, `gid`, `mobile`, `nationalnumber`, `department`, `division`, `with_honor`) VALUES (166165, 2015, '1', '', '', '', '', '039610076', '3', '0124502015', '', 'علوم الحاسب الآلي', 'العلوم الطبيعية', '');
INSERT INTO `lk9v6_users` (`name`, `email`, `usertype`) VALUES ('مى محمد محمود خيرت محمود', 'mai13s04399@alexu.edu.eg', 'الخريجين');
INSERT INTO `lk9v6_alumni_main` (`id`, `user_id`, `approved`) VALUES (166166, 166166, 1);
INSERT INTO `lk9v6_alumni_data` (`alumni_id`, `graduation_year`, `fid`, `job`, `address`, `city`, `country`, `phone`, `gid`, `mobile`, `nationalnumber`, `department`, `division`, `with_honor`) VALUES (166166, 2015, '1', '', '', '', '', '032204150', '3', '01009351677', '', 'علوم الحاسب الآلي', 'العلوم الطبيعية', '');
INSERT INTO `lk9v6_users` (`name`, `email`, `usertype`) VALUES ('محمد احمد ابراهيم على عبدالرازق', 'mohamed13s04345@alexu.edu.eg', 'الخريجين');
INSERT INTO `lk9v6_alumni_main` (`id`, `user_id`, `approved`) VALUES (166167, 166167, 1);
INSERT INTO `lk9v6_alumni_data` (`alumni_id`, `graduation_year`, `fid`, `job`, `address`, `city`, `country`, `phone`, `gid`, `mobile`, `nationalnumber`, `department`, `division`, `with_honor`) VALUES (166167, 2015, '1', '', '', '', '', '4282633', '3', '01223520995', '', 'الكيمياء', 'العلوم الطبيعية', '');
INSERT INTO `lk9v6_users` (`name`, `email`, `usertype`) VALUES ('مصطفى محمد احمد محمد المصرى', 'mustafa13s04634@alexu.edu.eg', 'الخريجين');
INSERT INTO `lk9v6_alumni_main` (`id`, `user_id`, `approved`) VALUES (166168, 166168, 1);
INSERT INTO `lk9v6_alumni_data` (`alumni_id`, `graduation_year`, `fid`, `job`, `address`, `city`, `country`, `phone`, `gid`, `mobile`, `nationalnumber`, `department`, `division`, `with_honor`) VALUES (166168, 2015, '1', '', '', '', '', '035282093', '3', '01114415793', '', 'علوم الحاسب الآلي', 'العلوم الطبيعية', '');
INSERT INTO `lk9v6_users` (`name`, `email`, `usertype`) VALUES ('احمد محمد عبد الجواد عبد الجواد', 'ahmed13s04353@alexu.edu.eg', 'الخريجين');
INSERT INTO `lk9v6_alumni_main` (`id`, `user_id`, `approved`) VALUES (166169, 166169, 1);
INSERT INTO `lk9v6_alumni_data` (`alumni_id`, `graduation_year`, `fid`, `job`, `address`, `city`, `country`, `phone`, `gid`, `mobile`, `nationalnumber`, `department`, `division`, `with_honor`) VALUES (166169, 2015, '1', '', '', '', '', '5622550', '3', '01114119763', '', 'الكيمياء', 'العلوم الطبيعية', '');
INSERT INTO `lk9v6_users` (`name`, `email`, `usertype`) VALUES ('احمد خالد زكريا حسنين', 'ahmed13s06200@alexu.edu.eg', 'الخريجين');
INSERT INTO `lk9v6_alumni_main` (`id`, `user_id`, `approved`) VALUES (166170, 166170, 1);
INSERT INTO `lk9v6_alumni_data` (`alumni_id`, `graduation_year`, `fid`, `job`, `address`, `city`, `country`, `phone`, `gid`, `mobile`, `nationalnumber`, `department`, `division`, `with_honor`) VALUES (166170, 2015, '1', '', '', '', '', '033015216', '3', '01287691314', '', 'الكيمياء', 'العلوم الطبيعية', '');
INSERT INTO `lk9v6_users` (`name`, `email`, `usertype`) VALUES ('مصطفى نبيه السيد ابوالفتوح', 'mustafa13s04504@alexu.edu.eg', 'الخريجين');
INSERT INTO `lk9v6_alumni_main` (`id`, `user_id`, `approved`) VALUES (166171, 166171, 1);
INSERT INTO `lk9v6_alumni_data` (`alumni_id`, `graduation_year`, `fid`, `job`, `address`, `city`, `country`, `phone`, `gid`, `mobile`, `nationalnumber`, `department`, `division`, `with_honor`) VALUES (166171, 2015, '1', '', '', '', '', '5369845', '3', '01207528656', '', 'الكيمياء', 'العلوم الطبيعية', '');
INSERT INTO `lk9v6_users` (`name`, `email`, `usertype`) VALUES ('احمد محمود احمد شاهين ', 'ahmed13s02831@alexu.edu.eg', 'الخريجين');
INSERT INTO `lk9v6_alumni_main` (`id`, `user_id`, `approved`) VALUES (166172, 166172, 1);
INSERT INTO `lk9v6_alumni_data` (`alumni_id`, `graduation_year`, `fid`, `job`, `address`, `city`, `country`, `phone`, `gid`, `mobile`, `nationalnumber`, `department`, `division`, `with_honor`) VALUES (166172, 2015, '1', '', '', '', '', '0453042459', '2', '01116643654', '', 'علوم البحار الفيزيائية', 'العلوم الطبيعية', '');
INSERT INTO `lk9v6_users` (`name`, `email`, `usertype`) VALUES ('احمد مصطفى رشوان عثمان سعيد ', 'ahmed13s00752@alexu.edu.eg', 'الخريجين');
INSERT INTO `lk9v6_alumni_main` (`id`, `user_id`, `approved`) VALUES (166173, 166173, 1);
INSERT INTO `lk9v6_alumni_data` (`alumni_id`, `graduation_year`, `fid`, `job`, `address`, `city`, `country`, `phone`, `gid`, `mobile`, `nationalnumber`, `department`, `division`, `with_honor`) VALUES (166173, 2015, '1', '', '', '', '', '035026560', '2', '01285356082', '', 'علوم البحار الفيزيائية', 'العلوم الطبيعية', '');
INSERT INTO `lk9v6_users` (`name`, `email`, `usertype`) VALUES ('احمد محمد احمد محمد احمد', 'ahmed13s02311@alexu.edu.eg', 'الخريجين');
INSERT INTO `lk9v6_alumni_main` (`id`, `user_id`, `approved`) VALUES (166174, 166174, 1);
INSERT INTO `lk9v6_alumni_data` (`alumni_id`, `graduation_year`, `fid`, `job`, `address`, `city`, `country`, `phone`, `gid`, `mobile`, `nationalnumber`, `department`, `division`, `with_honor`) VALUES (166174, 2014, '1', '', '', '', '', '035737578', '2', '01066495448', '', 'الكيمياء', 'العلوم الطبيعية', '');
INSERT INTO `lk9v6_users` (`name`, `email`, `usertype`) VALUES ('شيرين احمد احمد ابراهيم ', 'sherin13s02535@alexu.edu.eg', 'الخريجين');
INSERT INTO `lk9v6_alumni_main` (`id`, `user_id`, `approved`) VALUES (166175, 166175, 1);
INSERT INTO `lk9v6_alumni_data` (`alumni_id`, `graduation_year`, `fid`, `job`, `address`, `city`, `country`, `phone`, `gid`, `mobile`, `nationalnumber`, `department`, `division`, `with_honor`) VALUES (166175, 2014, '1', '', '', '', '', '035735220', '5', '01003804906', '', 'الفيزياء', 'العلوم الطبيعية', '');
INSERT INTO `lk9v6_users` (`name`, `email`, `usertype`) VALUES ('اسراء صبحى سيد عبدالعلى', 'esraa13s00030@alexu.edu.eg', 'الخريجين');
INSERT INTO `lk9v6_alumni_main` (`id`, `user_id`, `approved`) VALUES (166176, 166176, 1);
INSERT INTO `lk9v6_alumni_data` (`alumni_id`, `graduation_year`, `fid`, `job`, `address`, `city`, `country`, `phone`, `gid`, `mobile`, `nationalnumber`, `department`, `division`, `with_honor`) VALUES (166176, 2014, '1', '', '', '', '', '3612152', '3', '01092011499', '', 'الفيزياء', 'العلوم الطبيعية', '');
INSERT INTO `lk9v6_users` (`name`, `email`, `usertype`) VALUES ('عائشه رجب محمد متولى', 'aisha13s04888@alexu.edu.eg', 'الخريجين');
INSERT INTO `lk9v6_alumni_main` (`id`, `user_id`, `approved`) VALUES (166177, 166177, 1);
INSERT INTO `lk9v6_alumni_data` (`alumni_id`, `graduation_year`, `fid`, `job`, `address`, `city`, `country`, `phone`, `gid`, `mobile`, `nationalnumber`, `department`, `division`, `with_honor`) VALUES (166177, 2015, '1', '', '', '', '', '5361867', '5', '01092839034', '', 'الميكروبيولوجى', 'العلوم البيولوجية', '');
INSERT INTO `lk9v6_users` (`name`, `email`, `usertype`) VALUES ('سماهر محمد عبد الرحيم احمد على', 'smaher13s06060@alexu.edu.eg', 'الخريجين');
INSERT INTO `lk9v6_alumni_main` (`id`, `user_id`, `approved`) VALUES (166178, 166178, 1);
INSERT INTO `lk9v6_alumni_data` (`alumni_id`, `graduation_year`, `fid`, `job`, `address`, `city`, `country`, `phone`, `gid`, `mobile`, `nationalnumber`, `department`, `division`, `with_honor`) VALUES (166178, 2015, '1', '', '', '', '', '5918688', '5', '0105668701', '', 'الميكروبيولوجى', 'العلوم البيولوجية', '');
INSERT INTO `lk9v6_users` (`name`, `email`, `usertype`) VALUES ('مروه فوزى سعيد عبدالعزيز صومع', 'marwa13s05386@alexu.edu.eg', 'الخريجين');
INSERT INTO `lk9v6_alumni_main` (`id`, `user_id`, `approved`) VALUES (166179, 166179, 1);
INSERT INTO `lk9v6_alumni_data` (`alumni_id`, `graduation_year`, `fid`, `job`, `address`, `city`, `country`, `phone`, `gid`, `mobile`, `nationalnumber`, `department`, `division`, `with_honor`) VALUES (166179, 2015, '1', '', '', '', '', '035289720', '5', '01126080451', '', 'الميكروبيولوجى', 'العلوم البيولوجية', '');
INSERT INTO `lk9v6_users` (`name`, `email`, `usertype`) VALUES ('لورا هنرى سمير لبيب حنا', 'lora13s04954@alexu.edu.eg', 'الخريجين');
INSERT INTO `lk9v6_alumni_main` (`id`, `user_id`, `approved`) VALUES (166180, 166180, 1);
INSERT INTO `lk9v6_alumni_data` (`alumni_id`, `graduation_year`, `fid`, `job`, `address`, `city`, `country`, `phone`, `gid`, `mobile`, `nationalnumber`, `department`, `division`, `with_honor`) VALUES (166180, 2015, '1', '', '', '', '', '5741921', '5', '01229447658', '', 'الميكروبيولوجى', 'العلوم البيولوجية', '');
INSERT INTO `lk9v6_users` (`name`, `email`, `usertype`) VALUES ('نيفين طارق فتحى مصيلحى على', 'nevin13s04486@alexu.edu.eg', 'الخريجين');
INSERT INTO `lk9v6_alumni_main` (`id`, `user_id`, `approved`) VALUES (166181, 166181, 1);
INSERT INTO `lk9v6_alumni_data` (`alumni_id`, `graduation_year`, `fid`, `job`, `address`, `city`, `country`, `phone`, `gid`, `mobile`, `nationalnumber`, `department`, `division`, `with_honor`) VALUES (166181, 2015, '1', '', '', '', '', '035458542', '5', '01210873131', '', 'الفيزياء', 'العلوم الطبيعية', '');
INSERT INTO `lk9v6_users` (`name`, `email`, `usertype`) VALUES ('منه الله عبد العظيم سعد عبد العظيم الجنيدى', 'menna13s04779@alexu.edu.eg', 'الخريجين');
INSERT INTO `lk9v6_alumni_main` (`id`, `user_id`, `approved`) VALUES (166182, 166182, 1);
INSERT INTO `lk9v6_alumni_data` (`alumni_id`, `graduation_year`, `fid`, `job`, `address`, `city`, `country`, `phone`, `gid`, `mobile`, `nationalnumber`, `department`, `division`, `with_honor`) VALUES (166182, 2015, '1', '', '', '', '', '034260204', '5', '01221872827', '', 'الفيزياء', 'العلوم الطبيعية', '');
INSERT INTO `lk9v6_users` (`name`, `email`, `usertype`) VALUES ('محمد محمود حنفى محمود مرسى', 'mohamed13s06213@alexu.edu.eg', 'الخريجين');
INSERT INTO `lk9v6_alumni_main` (`id`, `user_id`, `approved`) VALUES (166183, 166183, 1);
INSERT INTO `lk9v6_alumni_data` (`alumni_id`, `graduation_year`, `fid`, `job`, `address`, `city`, `country`, `phone`, `gid`, `mobile`, `nationalnumber`, `department`, `division`, `with_honor`) VALUES (166183, 2015, '1', '', '', '', '', '035062041', '5', '0172931379', '', 'الفيزياء', 'العلوم الطبيعية', '');
INSERT INTO `lk9v6_users` (`name`, `email`, `usertype`) VALUES ('غاده محمد احمد المسيرى', 'ghada13s05180@alexu.edu.eg', 'الخريجين');
INSERT INTO `lk9v6_alumni_main` (`id`, `user_id`, `approved`) VALUES (166184, 166184, 1);
INSERT INTO `lk9v6_alumni_data` (`alumni_id`, `graduation_year`, `fid`, `job`, `address`, `city`, `country`, `phone`, `gid`, `mobile`, `nationalnumber`, `department`, `division`, `with_honor`) VALUES (166184, 2015, '1', '', '', '', '', '0452993327', '5', '01120405428', '', 'الكيمياء الحيوية', 'العلوم البيولوجية', '');
INSERT INTO `lk9v6_users` (`name`, `email`, `usertype`) VALUES ('عبير خليفه صفوت قصدى محمد', 'abeer13s05493@alexu.edu.eg', 'الخريجين');
INSERT INTO `lk9v6_alumni_main` (`id`, `user_id`, `approved`) VALUES (166185, 166185, 1);
INSERT INTO `lk9v6_alumni_data` (`alumni_id`, `graduation_year`, `fid`, `job`, `address`, `city`, `country`, `phone`, `gid`, `mobile`, `nationalnumber`, `department`, `division`, `with_honor`) VALUES (166185, 2015, '1', '', '', '', '', '0453741547', '5', '01006397905', '', 'الكيمياء الحيوية', 'العلوم البيولوجية', '');
INSERT INTO `lk9v6_users` (`name`, `email`, `usertype`) VALUES ('محمد شوقى محمد الحسينى على عطا الله', 'mohamed13s05732@alexu.edu.eg', 'الخريجين');
INSERT INTO `lk9v6_alumni_main` (`id`, `user_id`, `approved`) VALUES (166186, 166186, 1);
INSERT INTO `lk9v6_alumni_data` (`alumni_id`, `graduation_year`, `fid`, `job`, `address`, `city`, `country`, `phone`, `gid`, `mobile`, `nationalnumber`, `department`, `division`, `with_honor`) VALUES (166186, 2015, '1', '', '', '', '', '032045128', '5', '01001910352', '', 'الميكروبيولوجى', 'العلوم البيولوجية', '');
INSERT INTO `lk9v6_users` (`name`, `email`, `usertype`) VALUES ('لميس شمس الدين محمد عبد الفضيل', 'lamis13s05194@alexu.edu.eg', 'الخريجين');
INSERT INTO `lk9v6_alumni_main` (`id`, `user_id`, `approved`) VALUES (166187, 166187, 1);
INSERT INTO `lk9v6_alumni_data` (`alumni_id`, `graduation_year`, `fid`, `job`, `address`, `city`, `country`, `phone`, `gid`, `mobile`, `nationalnumber`, `department`, `division`, `with_honor`) VALUES (166187, 2015, '1', '', '', '', '', '5377201', '5', '01227604833', '', 'الميكروبيولوجى', 'العلوم البيولوجية', '');
INSERT INTO `lk9v6_users` (`name`, `email`, `usertype`) VALUES ('سارة احمد غانم دياب', 'sara13s06076@alexu.edu.eg', 'الخريجين');
INSERT INTO `lk9v6_alumni_main` (`id`, `user_id`, `approved`) VALUES (166188, 166188, 1);
INSERT INTO `lk9v6_alumni_data` (`alumni_id`, `graduation_year`, `fid`, `job`, `address`, `city`, `country`, `phone`, `gid`, `mobile`, `nationalnumber`, `department`, `division`, `with_honor`) VALUES (166188, 2015, '1', '', '', '', '', '5043437', '5', '01069974046', '', 'الفيزياء', 'العلوم الطبيعية', '');
INSERT INTO `lk9v6_users` (`name`, `email`, `usertype`) VALUES ('اسماء احمد ابراهيم سالم محمد', 'asmaa13s05192@alexu.edu.eg', 'الخريجين');
INSERT INTO `lk9v6_alumni_main` (`id`, `user_id`, `approved`) VALUES (166189, 166189, 1);
INSERT INTO `lk9v6_alumni_data` (`alumni_id`, `graduation_year`, `fid`, `job`, `address`, `city`, `country`, `phone`, `gid`, `mobile`, `nationalnumber`, `department`, `division`, `with_honor`) VALUES (166189, 2015, '1', '', '', '', '', '4420357', '5', '01019561227', '', 'الميكروبيولوجى', 'العلوم البيولوجية', '');
INSERT INTO `lk9v6_users` (`name`, `email`, `usertype`) VALUES ('محمد رضوان محمد رضوان', 'mohamed13s04550@alexu.edu.eg', 'الخريجين');
INSERT INTO `lk9v6_alumni_main` (`id`, `user_id`, `approved`) VALUES (166190, 166190, 1);
INSERT INTO `lk9v6_alumni_data` (`alumni_id`, `graduation_year`, `fid`, `job`, `address`, `city`, `country`, `phone`, `gid`, `mobile`, `nationalnumber`, `department`, `division`, `with_honor`) VALUES (166190, 2015, '1', '', '', '', '', '033302824', '5', '01286617624', '', 'الفيزياء', 'العلوم الطبيعية', '');
INSERT INTO `lk9v6_users` (`name`, `email`, `usertype`) VALUES ('محمود عادل عبد الغفار عبد العاطى', 'mahmoud13s04425@alexu.edu.eg', 'الخريجين');
INSERT INTO `lk9v6_alumni_main` (`id`, `user_id`, `approved`) VALUES (166191, 166191, 1);
INSERT INTO `lk9v6_alumni_data` (`alumni_id`, `graduation_year`, `fid`, `job`, `address`, `city`, `country`, `phone`, `gid`, `mobile`, `nationalnumber`, `department`, `division`, `with_honor`) VALUES (166191, 2015, '1', '', '', '', '', '01090418184', '5', '01221058917', '', 'الفيزياء', 'العلوم الطبيعية', '');
INSERT INTO `lk9v6_users` (`name`, `email`, `usertype`) VALUES ('اميره عمادالدين عبدالعزيز عيسى', 'amira13s05712@alexu.edu.eg', 'الخريجين');
INSERT INTO `lk9v6_alumni_main` (`id`, `user_id`, `approved`) VALUES (166192, 166192, 1);
INSERT INTO `lk9v6_alumni_data` (`alumni_id`, `graduation_year`, `fid`, `job`, `address`, `city`, `country`, `phone`, `gid`, `mobile`, `nationalnumber`, `department`, `division`, `with_honor`) VALUES (166192, 2015, '1', '', '', '', '', '034306101', '5', '0188551797', '', 'الكيمياء الحيوية', 'العلوم البيولوجية', '');
INSERT INTO `lk9v6_users` (`name`, `email`, `usertype`) VALUES ('نهال سراج الدين عبدالمطلب عبدالله', 'nehal13s05615@alexu.edu.eg', 'الخريجين');
INSERT INTO `lk9v6_alumni_main` (`id`, `user_id`, `approved`) VALUES (166193, 166193, 1);
INSERT INTO `lk9v6_alumni_data` (`alumni_id`, `graduation_year`, `fid`, `job`, `address`, `city`, `country`, `phone`, `gid`, `mobile`, `nationalnumber`, `department`, `division`, `with_honor`) VALUES (166193, 2015, '1', '', '', '', '', '0453681177', '5', '01094834079', '', 'الميكروبيولوجى', 'العلوم البيولوجية', '');
INSERT INTO `lk9v6_users` (`name`, `email`, `usertype`) VALUES ('اسماء ابراهيم محمد ابراهيم', 'asmaa13s06485@alexu.edu.eg', 'الخريجين');
INSERT INTO `lk9v6_alumni_main` (`id`, `user_id`, `approved`) VALUES (166194, 166194, 1);
INSERT INTO `lk9v6_alumni_data` (`alumni_id`, `graduation_year`, `fid`, `job`, `address`, `city`, `country`, `phone`, `gid`, `mobile`, `nationalnumber`, `department`, `division`, `with_honor`) VALUES (166194, 2015, '1', '', '', '', '', '034354032', '5', '01212451023', '', 'الكيمياء', 'العلوم الطبيعية', '');
INSERT INTO `lk9v6_users` (`name`, `email`, `usertype`) VALUES ('هنادى حسين عبدالباسط محمد', 'hanady13s04527@alexu.edu.eg', 'الخريجين');
INSERT INTO `lk9v6_alumni_main` (`id`, `user_id`, `approved`) VALUES (166195, 166195, 1);
INSERT INTO `lk9v6_alumni_data` (`alumni_id`, `graduation_year`, `fid`, `job`, `address`, `city`, `country`, `phone`, `gid`, `mobile`, `nationalnumber`, `department`, `division`, `with_honor`) VALUES (166195, 2015, '1', '', '', '', '', '033812620', '5', '01118606776', '', 'الفيزياء', 'العلوم الطبيعية', '');
INSERT INTO `lk9v6_users` (`name`, `email`, `usertype`) VALUES ('شيماء محمود محمد شرف الدين', 'shaimaa13s05383@alexu.edu.eg', 'الخريجين');
INSERT INTO `lk9v6_alumni_main` (`id`, `user_id`, `approved`) VALUES (166196, 166196, 1);
INSERT INTO `lk9v6_alumni_data` (`alumni_id`, `graduation_year`, `fid`, `job`, `address`, `city`, `country`, `phone`, `gid`, `mobile`, `nationalnumber`, `department`, `division`, `with_honor`) VALUES (166196, 2015, '1', '', '', '', '', '0164869615', '5', '0164869615', '', 'الكيمياء الحيوية', 'العلوم البيولوجية', '');
INSERT INTO `lk9v6_users` (`name`, `email`, `usertype`) VALUES ('هدير محمد ابراهيم على', 'hadeer13s06198@alexu.edu.eg', 'الخريجين');
INSERT INTO `lk9v6_alumni_main` (`id`, `user_id`, `approved`) VALUES (166197, 166197, 1);
INSERT INTO `lk9v6_alumni_data` (`alumni_id`, `graduation_year`, `fid`, `job`, `address`, `city`, `country`, `phone`, `gid`, `mobile`, `nationalnumber`, `department`, `division`, `with_honor`) VALUES (166197, 2015, '1', '', '', '', '', '01283951355', '5', '01226410602', '', 'الفيزياء', 'العلوم الطبيعية', '');
INSERT INTO `lk9v6_users` (`name`, `email`, `usertype`) VALUES ('اسماء مصطفى حسن سيد احمد', 'asmaa13s04464@alexu.edu.eg', 'الخريجين');
INSERT INTO `lk9v6_alumni_main` (`id`, `user_id`, `approved`) VALUES (166198, 166198, 1);
INSERT INTO `lk9v6_alumni_data` (`alumni_id`, `graduation_year`, `fid`, `job`, `address`, `city`, `country`, `phone`, `gid`, `mobile`, `nationalnumber`, `department`, `division`, `with_honor`) VALUES (166198, 2015, '1', '', '', '', '', '4408083', '5', '01149901255', '', 'الفيزياء', 'العلوم الطبيعية', '');
INSERT INTO `lk9v6_users` (`name`, `email`, `usertype`) VALUES ('ماجد فيليب خله زخارى', 'maged13s04072@alexu.edu.eg', 'الخريجين');
INSERT INTO `lk9v6_alumni_main` (`id`, `user_id`, `approved`) VALUES (166199, 166199, 1);
INSERT INTO `lk9v6_alumni_data` (`alumni_id`, `graduation_year`, `fid`, `job`, `address`, `city`, `country`, `phone`, `gid`, `mobile`, `nationalnumber`, `department`, `division`, `with_honor`) VALUES (166199, 2015, '1', '', '', '', '', '5501651', '5', '01206059444', '', 'الفيزياء', 'العلوم الطبيعية', '');
INSERT INTO `lk9v6_users` (`name`, `email`, `usertype`) VALUES ('سهير احمد حسن شوقى السيد', 'sohir13s05704@alexu.edu.eg', 'الخريجين');
INSERT INTO `lk9v6_alumni_main` (`id`, `user_id`, `approved`) VALUES (166200, 166200, 1);
INSERT INTO `lk9v6_alumni_data` (`alumni_id`, `graduation_year`, `fid`, `job`, `address`, `city`, `country`, `phone`, `gid`, `mobile`, `nationalnumber`, `department`, `division`, `with_honor`) VALUES (166200, 2015, '1', '', '', '', '', '5549856', '5', '01062367015', '', 'الميكروبيولوجى', 'العلوم البيولوجية', '');
INSERT INTO `lk9v6_users` (`name`, `email`, `usertype`) VALUES ('ايمان رجب محمد ابويوسف', 'eman13s05403@alexu.edu.eg', 'الخريجين');
INSERT INTO `lk9v6_alumni_main` (`id`, `user_id`, `approved`) VALUES (166201, 166201, 1);
INSERT INTO `lk9v6_alumni_data` (`alumni_id`, `graduation_year`, `fid`, `job`, `address`, `city`, `country`, `phone`, `gid`, `mobile`, `nationalnumber`, `department`, `division`, `with_honor`) VALUES (166201, 2015, '1', '', '', '', '', '0452563951', '5', '01063261825', '', 'الكيمياء الحيوية', 'العلوم البيولوجية', '');
INSERT INTO `lk9v6_users` (`name`, `email`, `usertype`) VALUES ('ولاء صلاح الدين محمد ابراهيم', 'walaa13s05646@alexu.edu.eg', 'الخريجين');
INSERT INTO `lk9v6_alumni_main` (`id`, `user_id`, `approved`) VALUES (166202, 166202, 1);
INSERT INTO `lk9v6_alumni_data` (`alumni_id`, `graduation_year`, `fid`, `job`, `address`, `city`, `country`, `phone`, `gid`, `mobile`, `nationalnumber`, `department`, `division`, `with_honor`) VALUES (166202, 2015, '1', '', '', '', '', '3309986', '5', '01286734172', '', 'الميكروبيولوجى', 'العلوم البيولوجية', '');
INSERT INTO `lk9v6_users` (`name`, `email`, `usertype`) VALUES ('بلال محمود عبد الراضى مصطفى', 'belal13s06119@alexu.edu.eg', 'الخريجين');
INSERT INTO `lk9v6_alumni_main` (`id`, `user_id`, `approved`) VALUES (166203, 166203, 1);
INSERT INTO `lk9v6_alumni_data` (`alumni_id`, `graduation_year`, `fid`, `job`, `address`, `city`, `country`, `phone`, `gid`, `mobile`, `nationalnumber`, `department`, `division`, `with_honor`) VALUES (166203, 2015, '1', '', '', '', '', '01114913621', '5', '0183810335', '', 'الميكروبيولوجى', 'العلوم البيولوجية', '');
INSERT INTO `lk9v6_users` (`name`, `email`, `usertype`) VALUES ('مى صلاح محمد سليم محمد', 'mai13s05484@alexu.edu.eg', 'الخريجين');
INSERT INTO `lk9v6_alumni_main` (`id`, `user_id`, `approved`) VALUES (166204, 166204, 1);
INSERT INTO `lk9v6_alumni_data` (`alumni_id`, `graduation_year`, `fid`, `job`, `address`, `city`, `country`, `phone`, `gid`, `mobile`, `nationalnumber`, `department`, `division`, `with_honor`) VALUES (166204, 2015, '1', '', '', '', '', '035934794', '5', '01120773799', '', 'الكيمياء الحيوية', 'العلوم البيولوجية', '');
INSERT INTO `lk9v6_users` (`name`, `email`, `usertype`) VALUES ('هبه حسين احمد على', 'heba13s05680@alexu.edu.eg', 'الخريجين');
INSERT INTO `lk9v6_alumni_main` (`id`, `user_id`, `approved`) VALUES (166205, 166205, 1);
INSERT INTO `lk9v6_alumni_data` (`alumni_id`, `graduation_year`, `fid`, `job`, `address`, `city`, `country`, `phone`, `gid`, `mobile`, `nationalnumber`, `department`, `division`, `with_honor`) VALUES (166205, 2015, '1', '', '', '', '', '035033211', '5', '01112580538', '', 'الميكروبيولوجى', 'العلوم البيولوجية', '');
INSERT INTO `lk9v6_users` (`name`, `email`, `usertype`) VALUES ('ملكه السيد محمد يحيى فايد', 'malka13s05333@alexu.edu.eg', 'الخريجين');
INSERT INTO `lk9v6_alumni_main` (`id`, `user_id`, `approved`) VALUES (166206, 166206, 1);
INSERT INTO `lk9v6_alumni_data` (`alumni_id`, `graduation_year`, `fid`, `job`, `address`, `city`, `country`, `phone`, `gid`, `mobile`, `nationalnumber`, `department`, `division`, `with_honor`) VALUES (166206, 2015, '1', '', '', '', '', '000000000', '5', '01068857130', '', 'الكيمياء الحيوية', 'العلوم البيولوجية', '');
INSERT INTO `lk9v6_users` (`name`, `email`, `usertype`) VALUES ('ايمان شريف السيد حسنين السعدنى', 'eman13s06872@alexu.edu.eg', 'الخريجين');
INSERT INTO `lk9v6_alumni_main` (`id`, `user_id`, `approved`) VALUES (166207, 166207, 1);
INSERT INTO `lk9v6_alumni_data` (`alumni_id`, `graduation_year`, `fid`, `job`, `address`, `city`, `country`, `phone`, `gid`, `mobile`, `nationalnumber`, `department`, `division`, `with_honor`) VALUES (166207, 2015, '1', '', '', '', '', '5768457', '5', '01122749228', '', 'الفيزياء', 'العلوم الطبيعية', '');
INSERT INTO `lk9v6_users` (`name`, `email`, `usertype`) VALUES ('نسمه محمد محمود السيد محمد حلوج', 'nesma13s04391@alexu.edu.eg', 'الخريجين');
INSERT INTO `lk9v6_alumni_main` (`id`, `user_id`, `approved`) VALUES (166208, 166208, 1);
INSERT INTO `lk9v6_alumni_data` (`alumni_id`, `graduation_year`, `fid`, `job`, `address`, `city`, `country`, `phone`, `gid`, `mobile`, `nationalnumber`, `department`, `division`, `with_honor`) VALUES (166208, 2015, '1', '', '', '', '', '034836315', '5', '0182707933', '', 'الفيزياء', 'العلوم الطبيعية', '');
INSERT INTO `lk9v6_users` (`name`, `email`, `usertype`) VALUES ('هدير مصطفى عبدالمعز على', 'hadeer13s05077@alexu.edu.eg', 'الخريجين');
INSERT INTO `lk9v6_alumni_main` (`id`, `user_id`, `approved`) VALUES (166209, 166209, 1);
INSERT INTO `lk9v6_alumni_data` (`alumni_id`, `graduation_year`, `fid`, `job`, `address`, `city`, `country`, `phone`, `gid`, `mobile`, `nationalnumber`, `department`, `division`, `with_honor`) VALUES (166209, 2015, '1', '', '', '', '', '034958547', '5', '01278340345', '', 'الكيمياء الحيوية', 'العلوم البيولوجية', '');
INSERT INTO `lk9v6_users` (`name`, `email`, `usertype`) VALUES ('علاء محمد الجازولى مصطفى محمود', 'alaa13s04427@alexu.edu.eg', 'الخريجين');
INSERT INTO `lk9v6_alumni_main` (`id`, `user_id`, `approved`) VALUES (166210, 166210, 1);
INSERT INTO `lk9v6_alumni_data` (`alumni_id`, `graduation_year`, `fid`, `job`, `address`, `city`, `country`, `phone`, `gid`, `mobile`, `nationalnumber`, `department`, `division`, `with_honor`) VALUES (166210, 2015, '1', '', '', '', '', '01028054434', '5', '01283951355', '', 'الفيزياء', 'العلوم الطبيعية', '');
INSERT INTO `lk9v6_users` (`name`, `email`, `usertype`) VALUES ('نيرين احمد عزت ابو الخير', 'nerin13s05318@alexu.edu.eg', 'الخريجين');
INSERT INTO `lk9v6_alumni_main` (`id`, `user_id`, `approved`) VALUES (166211, 166211, 1);
INSERT INTO `lk9v6_alumni_data` (`alumni_id`, `graduation_year`, `fid`, `job`, `address`, `city`, `country`, `phone`, `gid`, `mobile`, `nationalnumber`, `department`, `division`, `with_honor`) VALUES (166211, 2015, '1', '', '', '', '', '01003268224', '5', '01228184498', '', 'الكيمياء الحيوية', 'العلوم البيولوجية', '');
INSERT INTO `lk9v6_users` (`name`, `email`, `usertype`) VALUES ('ساره شريف السيد حسنين السعدنى', 'sara13s06842@alexu.edu.eg', 'الخريجين');
INSERT INTO `lk9v6_alumni_main` (`id`, `user_id`, `approved`) VALUES (166212, 166212, 1);
INSERT INTO `lk9v6_alumni_data` (`alumni_id`, `graduation_year`, `fid`, `job`, `address`, `city`, `country`, `phone`, `gid`, `mobile`, `nationalnumber`, `department`, `division`, `with_honor`) VALUES (166212, 2015, '1', '', '', '', '', '035768457', '5', '0117468485', '', 'الفيزياء', 'العلوم الطبيعية', '');
INSERT INTO `lk9v6_users` (`name`, `email`, `usertype`) VALUES ('محمود على محمود فهيم', 'mahmoud13s05153@alexu.edu.eg', 'الخريجين');
INSERT INTO `lk9v6_alumni_main` (`id`, `user_id`, `approved`) VALUES (166213, 166213, 1);
INSERT INTO `lk9v6_alumni_data` (`alumni_id`, `graduation_year`, `fid`, `job`, `address`, `city`, `country`, `phone`, `gid`, `mobile`, `nationalnumber`, `department`, `division`, `with_honor`) VALUES (166213, 2015, '1', '', '', '', '', '035039075', '5', '01287258582', '', 'الكيمياء الحيوية', 'العلوم البيولوجية', '');
INSERT INTO `lk9v6_users` (`name`, `email`, `usertype`) VALUES ('محمود رضا ابراهيم سليم', 'mahmoud13s05319@alexu.edu.eg', 'الخريجين');
INSERT INTO `lk9v6_alumni_main` (`id`, `user_id`, `approved`) VALUES (166214, 166214, 1);
INSERT INTO `lk9v6_alumni_data` (`alumni_id`, `graduation_year`, `fid`, `job`, `address`, `city`, `country`, `phone`, `gid`, `mobile`, `nationalnumber`, `department`, `division`, `with_honor`) VALUES (166214, 2015, '1', '', '', '', '', '032135021', '5', '01142625635', '', 'الكيمياء الحيوية', 'العلوم البيولوجية', '');
INSERT INTO `lk9v6_users` (`name`, `email`, `usertype`) VALUES ('روجان مصطفى احمد مرسى درويش', 'rogan13s04872@alexu.edu.eg', 'الخريجين');
INSERT INTO `lk9v6_alumni_main` (`id`, `user_id`, `approved`) VALUES (166215, 166215, 1);
INSERT INTO `lk9v6_alumni_data` (`alumni_id`, `graduation_year`, `fid`, `job`, `address`, `city`, `country`, `phone`, `gid`, `mobile`, `nationalnumber`, `department`, `division`, `with_honor`) VALUES (166215, 2015, '1', '', '', '', '', '034292958', '5', '01207420493', '', 'الميكروبيولوجى', 'العلوم البيولوجية', '');
INSERT INTO `lk9v6_users` (`name`, `email`, `usertype`) VALUES ('محمد ابراهيم محمد السييد', 'mohamed13s06792@alexu.edu.eg', 'الخريجين');
INSERT INTO `lk9v6_alumni_main` (`id`, `user_id`, `approved`) VALUES (166216, 166216, 1);
INSERT INTO `lk9v6_alumni_data` (`alumni_id`, `graduation_year`, `fid`, `job`, `address`, `city`, `country`, `phone`, `gid`, `mobile`, `nationalnumber`, `department`, `division`, `with_honor`) VALUES (166216, 2015, '1', '', '', '', '', '033800051', '5', '01271485439', '', 'الفيزياء', 'العلوم الطبيعية', '');
INSERT INTO `lk9v6_users` (`name`, `email`, `usertype`) VALUES ('علا مصطفى على محمد', 'ola13s05221@alexu.edu.eg', 'الخريجين');
INSERT INTO `lk9v6_alumni_main` (`id`, `user_id`, `approved`) VALUES (166217, 166217, 1);
INSERT INTO `lk9v6_alumni_data` (`alumni_id`, `graduation_year`, `fid`, `job`, `address`, `city`, `country`, `phone`, `gid`, `mobile`, `nationalnumber`, `department`, `division`, `with_honor`) VALUES (166217, 2015, '1', '', '', '', '', '033232911', '4', '01225986464', '', 'الميكروبيولوجى', 'العلوم البيولوجية', '');
INSERT INTO `lk9v6_users` (`name`, `email`, `usertype`) VALUES ('ايناس على محمد عثمان', 'enas13s04080@alexu.edu.eg', 'الخريجين');
INSERT INTO `lk9v6_alumni_main` (`id`, `user_id`, `approved`) VALUES (166218, 166218, 1);
INSERT INTO `lk9v6_alumni_data` (`alumni_id`, `graduation_year`, `fid`, `job`, `address`, `city`, `country`, `phone`, `gid`, `mobile`, `nationalnumber`, `department`, `division`, `with_honor`) VALUES (166218, 2015, '1', '', '', '', '', '035352742', '4', '01115660862', '', 'الفيزياء', 'العلوم الطبيعية', '');
INSERT INTO `lk9v6_users` (`name`, `email`, `usertype`) VALUES ('اسراء محمد يوسف على ابراهيم', 'esraa13s05688@alexu.edu.eg', 'الخريجين');
INSERT INTO `lk9v6_alumni_main` (`id`, `user_id`, `approved`) VALUES (166219, 166219, 1);
INSERT INTO `lk9v6_alumni_data` (`alumni_id`, `graduation_year`, `fid`, `job`, `address`, `city`, `country`, `phone`, `gid`, `mobile`, `nationalnumber`, `department`, `division`, `with_honor`) VALUES (166219, 2015, '1', '', '', '', '', '035629884', '4', '0185837365', '', 'الكيمياء الحيوية', 'العلوم البيولوجية', '');
INSERT INTO `lk9v6_users` (`name`, `email`, `usertype`) VALUES ('هدى سمير عبد اللطيف محمود', 'hoda13s05092@alexu.edu.eg', 'الخريجين');
INSERT INTO `lk9v6_alumni_main` (`id`, `user_id`, `approved`) VALUES (166220, 166220, 1);
INSERT INTO `lk9v6_alumni_data` (`alumni_id`, `graduation_year`, `fid`, `job`, `address`, `city`, `country`, `phone`, `gid`, `mobile`, `nationalnumber`, `department`, `division`, `with_honor`) VALUES (166220, 2015, '1', '', '', '', '', '01111133712', '4', '01152455085', '', 'الميكروبيولوجى', 'العلوم البيولوجية', '');
INSERT INTO `lk9v6_users` (`name`, `email`, `usertype`) VALUES ('منى كمال الدين حسن سليمان', 'mona13s05633@alexu.edu.eg', 'الخريجين');
INSERT INTO `lk9v6_alumni_main` (`id`, `user_id`, `approved`) VALUES (166221, 166221, 1);
INSERT INTO `lk9v6_alumni_data` (`alumni_id`, `graduation_year`, `fid`, `job`, `address`, `city`, `country`, `phone`, `gid`, `mobile`, `nationalnumber`, `department`, `division`, `with_honor`) VALUES (166221, 2015, '1', '', '', '', '', '3815004', '4', '0188317565', '', 'الميكروبيولوجى', 'العلوم البيولوجية', '');
INSERT INTO `lk9v6_users` (`name`, `email`, `usertype`) VALUES ('اسراء احمد احمد عامر عبدالرحمن', 'esraa13s05715@alexu.edu.eg', 'الخريجين');
INSERT INTO `lk9v6_alumni_main` (`id`, `user_id`, `approved`) VALUES (166222, 166222, 1);
INSERT INTO `lk9v6_alumni_data` (`alumni_id`, `graduation_year`, `fid`, `job`, `address`, `city`, `country`, `phone`, `gid`, `mobile`, `nationalnumber`, `department`, `division`, `with_honor`) VALUES (166222, 2015, '1', '', '', '', '', '5540478', '4', '01125206466', '', 'علوم البيئة', 'العلوم البيولوجية', '');
INSERT INTO `lk9v6_users` (`name`, `email`, `usertype`) VALUES ('هدير جلال حسن احمد الدرينى', 'hadeer13s04803@alexu.edu.eg', 'الخريجين');
INSERT INTO `lk9v6_alumni_main` (`id`, `user_id`, `approved`) VALUES (166223, 166223, 1);
INSERT INTO `lk9v6_alumni_data` (`alumni_id`, `graduation_year`, `fid`, `job`, `address`, `city`, `country`, `phone`, `gid`, `mobile`, `nationalnumber`, `department`, `division`, `with_honor`) VALUES (166223, 2015, '1', '', '', '', '', '034819334', '4', '01223659064', '', 'الفيزياء', 'العلوم الطبيعية', '');
INSERT INTO `lk9v6_users` (`name`, `email`, `usertype`) VALUES ('الاء محمد خليل ابراهيم', 'alaa13s05053@alexu.edu.eg', 'الخريجين');
INSERT INTO `lk9v6_alumni_main` (`id`, `user_id`, `approved`) VALUES (166224, 166224, 1);
INSERT INTO `lk9v6_alumni_data` (`alumni_id`, `graduation_year`, `fid`, `job`, `address`, `city`, `country`, `phone`, `gid`, `mobile`, `nationalnumber`, `department`, `division`, `with_honor`) VALUES (166224, 2015, '1', '', '', '', '', '4941260', '4', '01220458398', '', 'الميكروبيولوجى', 'العلوم البيولوجية', '');
INSERT INTO `lk9v6_users` (`name`, `email`, `usertype`) VALUES ('سحر على شعبان على فياله', 'sahar13s05068@alexu.edu.eg', 'الخريجين');
INSERT INTO `lk9v6_alumni_main` (`id`, `user_id`, `approved`) VALUES (166225, 166225, 1);
INSERT INTO `lk9v6_alumni_data` (`alumni_id`, `graduation_year`, `fid`, `job`, `address`, `city`, `country`, `phone`, `gid`, `mobile`, `nationalnumber`, `department`, `division`, `with_honor`) VALUES (166225, 2015, '1', '', '', '', '', '0452990367', '4', '01013459125', '', 'الكيمياء الحيوية', 'العلوم البيولوجية', '');
INSERT INTO `lk9v6_users` (`name`, `email`, `usertype`) VALUES ('سلمى عبدالفتاح حيدر عبدالمنعم', 'salma13s04856@alexu.edu.eg', 'الخريجين');
INSERT INTO `lk9v6_alumni_main` (`id`, `user_id`, `approved`) VALUES (166226, 166226, 1);
INSERT INTO `lk9v6_alumni_data` (`alumni_id`, `graduation_year`, `fid`, `job`, `address`, `city`, `country`, `phone`, `gid`, `mobile`, `nationalnumber`, `department`, `division`, `with_honor`) VALUES (166226, 2015, '1', '', '', '', '', '4254048', '4', '01063925681', '', 'الكيمياء الحيوية', 'العلوم البيولوجية', '');
INSERT INTO `lk9v6_users` (`name`, `email`, `usertype`) VALUES ('مى مصطفى عبدالحميد مصطفى شهاب', 'mai13s05492@alexu.edu.eg', 'الخريجين');
INSERT INTO `lk9v6_alumni_main` (`id`, `user_id`, `approved`) VALUES (166227, 166227, 1);
INSERT INTO `lk9v6_alumni_data` (`alumni_id`, `graduation_year`, `fid`, `job`, `address`, `city`, `country`, `phone`, `gid`, `mobile`, `nationalnumber`, `department`, `division`, `with_honor`) VALUES (166227, 2015, '1', '', '', '', '', '4270380', '4', '01007623343', '', 'الكيمياء الحيوية', 'العلوم البيولوجية', '');
INSERT INTO `lk9v6_users` (`name`, `email`, `usertype`) VALUES ('اسراء حمدى عبد ربه عبد الحافظ', 'esraa13s04560@alexu.edu.eg', 'الخريجين');
INSERT INTO `lk9v6_alumni_main` (`id`, `user_id`, `approved`) VALUES (166228, 166228, 1);
INSERT INTO `lk9v6_alumni_data` (`alumni_id`, `graduation_year`, `fid`, `job`, `address`, `city`, `country`, `phone`, `gid`, `mobile`, `nationalnumber`, `department`, `division`, `with_honor`) VALUES (166228, 2015, '1', '', '', '', '', '035770036', '4', '0192128365', '', 'الفيزياء', 'العلوم الطبيعية', '');
INSERT INTO `lk9v6_users` (`name`, `email`, `usertype`) VALUES ('سمر اشرف محمد شعبان على', 'samar13s05779@alexu.edu.eg', 'الخريجين');
INSERT INTO `lk9v6_alumni_main` (`id`, `user_id`, `approved`) VALUES (166229, 166229, 1);
INSERT INTO `lk9v6_alumni_data` (`alumni_id`, `graduation_year`, `fid`, `job`, `address`, `city`, `country`, `phone`, `gid`, `mobile`, `nationalnumber`, `department`, `division`, `with_honor`) VALUES (166229, 2015, '1', '', '', '', '', '4834276', '4', '01019708353', '', 'الكيمياء الحيوية', 'العلوم البيولوجية', '');
INSERT INTO `lk9v6_users` (`name`, `email`, `usertype`) VALUES ('امانى ابراهيم رضا السيد حجازى', 'amany13s04301@alexu.edu.eg', 'الخريجين');
INSERT INTO `lk9v6_alumni_main` (`id`, `user_id`, `approved`) VALUES (166230, 166230, 1);
INSERT INTO `lk9v6_alumni_data` (`alumni_id`, `graduation_year`, `fid`, `job`, `address`, `city`, `country`, `phone`, `gid`, `mobile`, `nationalnumber`, `department`, `division`, `with_honor`) VALUES (166230, 2015, '1', '', '', '', '', '034851242', '4', '01223233138', '', 'الفيزياء', 'العلوم الطبيعية', '');
INSERT INTO `lk9v6_users` (`name`, `email`, `usertype`) VALUES ('امانى السيد السيد الشرقاوى', 'amany13s04896@alexu.edu.eg', 'الخريجين');
INSERT INTO `lk9v6_alumni_main` (`id`, `user_id`, `approved`) VALUES (166231, 166231, 1);
INSERT INTO `lk9v6_alumni_data` (`alumni_id`, `graduation_year`, `fid`, `job`, `address`, `city`, `country`, `phone`, `gid`, `mobile`, `nationalnumber`, `department`, `division`, `with_honor`) VALUES (166231, 2015, '1', '', '', '', '', '035136481', '4', '01096830959', '', 'الميكروبيولوجى', 'العلوم البيولوجية', '');
INSERT INTO `lk9v6_users` (`name`, `email`, `usertype`) VALUES ('رحاب محمد ابراهيم شعوط', 'rehab13s05736@alexu.edu.eg', 'الخريجين');
INSERT INTO `lk9v6_alumni_main` (`id`, `user_id`, `approved`) VALUES (166232, 166232, 1);
INSERT INTO `lk9v6_alumni_data` (`alumni_id`, `graduation_year`, `fid`, `job`, `address`, `city`, `country`, `phone`, `gid`, `mobile`, `nationalnumber`, `department`, `division`, `with_honor`) VALUES (166232, 2015, '1', '', '', '', '', '0472534278', '4', '01012246692', '', 'الميكروبيولوجى', 'العلوم البيولوجية', '');
INSERT INTO `lk9v6_users` (`name`, `email`, `usertype`) VALUES ('ايه النبوى محمدمحمدابراهيم', 'aya13s05000@alexu.edu.eg', 'الخريجين');
INSERT INTO `lk9v6_alumni_main` (`id`, `user_id`, `approved`) VALUES (166233, 166233, 1);
INSERT INTO `lk9v6_alumni_data` (`alumni_id`, `graduation_year`, `fid`, `job`, `address`, `city`, `country`, `phone`, `gid`, `mobile`, `nationalnumber`, `department`, `division`, `with_honor`) VALUES (166233, 2015, '1', '', '', '', '', '0143431574', '4', '01143431574', '', 'الكيمياء الحيوية', 'العلوم البيولوجية', '');
INSERT INTO `lk9v6_users` (`name`, `email`, `usertype`) VALUES ('ولاء عنتر ابراهيم احمد سعد الدين', 'walaa13s04974@alexu.edu.eg', 'الخريجين');
INSERT INTO `lk9v6_alumni_main` (`id`, `user_id`, `approved`) VALUES (166234, 166234, 1);
INSERT INTO `lk9v6_alumni_data` (`alumni_id`, `graduation_year`, `fid`, `job`, `address`, `city`, `country`, `phone`, `gid`, `mobile`, `nationalnumber`, `department`, `division`, `with_honor`) VALUES (166234, 2015, '1', '', '', '', '', '035071303', '4', '01123166760', '', 'علوم البيئة', 'العلوم البيولوجية', '');
INSERT INTO `lk9v6_users` (`name`, `email`, `usertype`) VALUES ('شيرين السيد عبد الرحمن السواح', 'sherin13s06877@alexu.edu.eg', 'الخريجين');
INSERT INTO `lk9v6_alumni_main` (`id`, `user_id`, `approved`) VALUES (166235, 166235, 1);
INSERT INTO `lk9v6_alumni_data` (`alumni_id`, `graduation_year`, `fid`, `job`, `address`, `city`, `country`, `phone`, `gid`, `mobile`, `nationalnumber`, `department`, `division`, `with_honor`) VALUES (166235, 2015, '1', '', '', '', '', '4885475', '4', '01286197753', '', 'الميكروبيولوجى', 'العلوم البيولوجية', '');
INSERT INTO `lk9v6_users` (`name`, `email`, `usertype`) VALUES ('جهاد عاطف محمد محمد عبد الدايم', 'gihad13s05350@alexu.edu.eg', 'الخريجين');
INSERT INTO `lk9v6_alumni_main` (`id`, `user_id`, `approved`) VALUES (166236, 166236, 1);
INSERT INTO `lk9v6_alumni_data` (`alumni_id`, `graduation_year`, `fid`, `job`, `address`, `city`, `country`, `phone`, `gid`, `mobile`, `nationalnumber`, `department`, `division`, `with_honor`) VALUES (166236, 2015, '1', '', '', '', '', '9625016', '4', '01140761434', '', 'الكيمياء الحيوية', 'العلوم البيولوجية', '');
INSERT INTO `lk9v6_users` (`name`, `email`, `usertype`) VALUES ('ياسمين حسنى احمد سليمان على', 'yasmin13s04722@alexu.edu.eg', 'الخريجين');
INSERT INTO `lk9v6_alumni_main` (`id`, `user_id`, `approved`) VALUES (166237, 166237, 1);
INSERT INTO `lk9v6_alumni_data` (`alumni_id`, `graduation_year`, `fid`, `job`, `address`, `city`, `country`, `phone`, `gid`, `mobile`, `nationalnumber`, `department`, `division`, `with_honor`) VALUES (166237, 2015, '1', '', '', '', '', '035957089', '4', '01014728709', '', 'الفيزياء', 'العلوم الطبيعية', '');
INSERT INTO `lk9v6_users` (`name`, `email`, `usertype`) VALUES ('امنيه محمود منصور احمد الشاهد', 'omnia13s05330@alexu.edu.eg', 'الخريجين');
INSERT INTO `lk9v6_alumni_main` (`id`, `user_id`, `approved`) VALUES (166238, 166238, 1);
INSERT INTO `lk9v6_alumni_data` (`alumni_id`, `graduation_year`, `fid`, `job`, `address`, `city`, `country`, `phone`, `gid`, `mobile`, `nationalnumber`, `department`, `division`, `with_honor`) VALUES (166238, 2015, '1', '', '', '', '', '033829063', '4', '01223026083', '', 'الكيمياء الحيوية', 'العلوم البيولوجية', '');
INSERT INTO `lk9v6_users` (`name`, `email`, `usertype`) VALUES ('ريهام رضوان عبدالعزيز احمد رضوان', 'reham13s04318@alexu.edu.eg', 'الخريجين');
INSERT INTO `lk9v6_alumni_main` (`id`, `user_id`, `approved`) VALUES (166239, 166239, 1);
INSERT INTO `lk9v6_alumni_data` (`alumni_id`, `graduation_year`, `fid`, `job`, `address`, `city`, `country`, `phone`, `gid`, `mobile`, `nationalnumber`, `department`, `division`, `with_honor`) VALUES (166239, 2015, '1', '', '', '', '', '034204821', '4', '01287584002', '', 'الفيزياء', 'العلوم الطبيعية', '');
INSERT INTO `lk9v6_users` (`name`, `email`, `usertype`) VALUES ('سلمى احمد محمد القاضى', 'salma13s04833@alexu.edu.eg', 'الخريجين');
INSERT INTO `lk9v6_alumni_main` (`id`, `user_id`, `approved`) VALUES (166240, 166240, 1);
INSERT INTO `lk9v6_alumni_data` (`alumni_id`, `graduation_year`, `fid`, `job`, `address`, `city`, `country`, `phone`, `gid`, `mobile`, `nationalnumber`, `department`, `division`, `with_honor`) VALUES (166240, 2015, '1', '', '', '', '', '5824270', '4', '01225330477', '', 'الميكروبيولوجى', 'العلوم البيولوجية', '');
INSERT INTO `lk9v6_users` (`name`, `email`, `usertype`) VALUES ('علا شكرى محمد عرفه خطاب القرط', 'ola13s05316@alexu.edu.eg', 'الخريجين');
INSERT INTO `lk9v6_alumni_main` (`id`, `user_id`, `approved`) VALUES (166241, 166241, 1);
INSERT INTO `lk9v6_alumni_data` (`alumni_id`, `graduation_year`, `fid`, `job`, `address`, `city`, `country`, `phone`, `gid`, `mobile`, `nationalnumber`, `department`, `division`, `with_honor`) VALUES (166241, 2015, '1', '', '', '', '', '035033211', '4', '01112580538', '', 'الميكروبيولوجى', 'العلوم البيولوجية', '');
INSERT INTO `lk9v6_users` (`name`, `email`, `usertype`) VALUES ('محمود محمد سالم محمد قمر', 'mahmoud13s06109@alexu.edu.eg', 'الخريجين');
INSERT INTO `lk9v6_alumni_main` (`id`, `user_id`, `approved`) VALUES (166242, 166242, 1);
INSERT INTO `lk9v6_alumni_data` (`alumni_id`, `graduation_year`, `fid`, `job`, `address`, `city`, `country`, `phone`, `gid`, `mobile`, `nationalnumber`, `department`, `division`, `with_honor`) VALUES (166242, 2015, '1', '', '', '', '', '035053877', '4', '01111881712', '', 'الفيزياء', 'العلوم الطبيعية', '');
INSERT INTO `lk9v6_users` (`name`, `email`, `usertype`) VALUES ('فاطمه عصمت محمد عبده منصور', 'fatma13s04986@alexu.edu.eg', 'الخريجين');
INSERT INTO `lk9v6_alumni_main` (`id`, `user_id`, `approved`) VALUES (166243, 166243, 1);
INSERT INTO `lk9v6_alumni_data` (`alumni_id`, `graduation_year`, `fid`, `job`, `address`, `city`, `country`, `phone`, `gid`, `mobile`, `nationalnumber`, `department`, `division`, `with_honor`) VALUES (166243, 2015, '1', '', '', '', '', '4803732', '4', '01229376370', '', 'الميكروبيولوجى', 'العلوم البيولوجية', '');
INSERT INTO `lk9v6_users` (`name`, `email`, `usertype`) VALUES ('امنية على عبدالله فريج', 'omnia13s04908@alexu.edu.eg', 'الخريجين');
INSERT INTO `lk9v6_alumni_main` (`id`, `user_id`, `approved`) VALUES (166244, 166244, 1);
INSERT INTO `lk9v6_alumni_data` (`alumni_id`, `graduation_year`, `fid`, `job`, `address`, `city`, `country`, `phone`, `gid`, `mobile`, `nationalnumber`, `department`, `division`, `with_honor`) VALUES (166244, 2015, '1', '', '', '', '', '0453685708', '4', '01064380730', '', 'الكيمياء الحيوية', 'العلوم البيولوجية', '');
INSERT INTO `lk9v6_users` (`name`, `email`, `usertype`) VALUES ('مى عصام عبدالرحمن محمود', 'mai13s05665@alexu.edu.eg', 'الخريجين');
INSERT INTO `lk9v6_alumni_main` (`id`, `user_id`, `approved`) VALUES (166245, 166245, 1);
INSERT INTO `lk9v6_alumni_data` (`alumni_id`, `graduation_year`, `fid`, `job`, `address`, `city`, `country`, `phone`, `gid`, `mobile`, `nationalnumber`, `department`, `division`, `with_honor`) VALUES (166245, 2015, '1', '', '', '', '', '039543071', '4', '01229347323', '', 'علوم البيئة', 'العلوم البيولوجية', '');
INSERT INTO `lk9v6_users` (`name`, `email`, `usertype`) VALUES ('هدير دسوقى عبدالفتاح مسعود', 'hadeer13s05661@alexu.edu.eg', 'الخريجين');
INSERT INTO `lk9v6_alumni_main` (`id`, `user_id`, `approved`) VALUES (166246, 166246, 1);
INSERT INTO `lk9v6_alumni_data` (`alumni_id`, `graduation_year`, `fid`, `job`, `address`, `city`, `country`, `phone`, `gid`, `mobile`, `nationalnumber`, `department`, `division`, `with_honor`) VALUES (166246, 2015, '1', '', '', '', '', '0453770863', '4', '01060516201', '', 'الكيمياء الحيوية', 'العلوم البيولوجية', '');
INSERT INTO `lk9v6_users` (`name`, `email`, `usertype`) VALUES ('اسراء اشرف نبوى محمد', 'esraa13s05720@alexu.edu.eg', 'الخريجين');
INSERT INTO `lk9v6_alumni_main` (`id`, `user_id`, `approved`) VALUES (166247, 166247, 1);
INSERT INTO `lk9v6_alumni_data` (`alumni_id`, `graduation_year`, `fid`, `job`, `address`, `city`, `country`, `phone`, `gid`, `mobile`, `nationalnumber`, `department`, `division`, `with_honor`) VALUES (166247, 2015, '1', '', '', '', '', '034593910', '4', '01273249498', '', 'علوم البيئة', 'العلوم البيولوجية', '');
INSERT INTO `lk9v6_users` (`name`, `email`, `usertype`) VALUES ('اسامه محمد جمال عبدالناصر ابراهيم عبدربه', 'osama13s04575@alexu.edu.eg', 'الخريجين');
INSERT INTO `lk9v6_alumni_main` (`id`, `user_id`, `approved`) VALUES (166248, 166248, 1);
INSERT INTO `lk9v6_alumni_data` (`alumni_id`, `graduation_year`, `fid`, `job`, `address`, `city`, `country`, `phone`, `gid`, `mobile`, `nationalnumber`, `department`, `division`, `with_honor`) VALUES (166248, 2015, '1', '', '', '', '', '5063328', '4', '01270268905', '', 'الفيزياء', 'العلوم الطبيعية', '');
INSERT INTO `lk9v6_users` (`name`, `email`, `usertype`) VALUES ('منى حسين على على حسين', 'mona13s05618@alexu.edu.eg', 'الخريجين');
INSERT INTO `lk9v6_alumni_main` (`id`, `user_id`, `approved`) VALUES (166249, 166249, 1);
INSERT INTO `lk9v6_alumni_data` (`alumni_id`, `graduation_year`, `fid`, `job`, `address`, `city`, `country`, `phone`, `gid`, `mobile`, `nationalnumber`, `department`, `division`, `with_honor`) VALUES (166249, 2015, '1', '', '', '', '', '5365024', '4', '01063072904', '', 'الكيمياء الحيوية', 'العلوم البيولوجية', '');
INSERT INTO `lk9v6_users` (`name`, `email`, `usertype`) VALUES ('ايه سعددسوقي سعددرويش', 'aya13s05848@alexu.edu.eg', 'الخريجين');
INSERT INTO `lk9v6_alumni_main` (`id`, `user_id`, `approved`) VALUES (166250, 166250, 1);
INSERT INTO `lk9v6_alumni_data` (`alumni_id`, `graduation_year`, `fid`, `job`, `address`, `city`, `country`, `phone`, `gid`, `mobile`, `nationalnumber`, `department`, `division`, `with_honor`) VALUES (166250, 2015, '1', '', '', '', '', '3248056', '4', '01280965411', '', 'الكيمياء الحيوية', 'العلوم البيولوجية', '');
INSERT INTO `lk9v6_users` (`name`, `email`, `usertype`) VALUES ('منار عبدالمطلب محمد عبدالمعطى خطاب', 'manar13s05402@alexu.edu.eg', 'الخريجين');
INSERT INTO `lk9v6_alumni_main` (`id`, `user_id`, `approved`) VALUES (166251, 166251, 1);
INSERT INTO `lk9v6_alumni_data` (`alumni_id`, `graduation_year`, `fid`, `job`, `address`, `city`, `country`, `phone`, `gid`, `mobile`, `nationalnumber`, `department`, `division`, `with_honor`) VALUES (166251, 2015, '1', '', '', '', '', '035272417', '4', '01020365698', '', 'علوم البيئة', 'العلوم البيولوجية', '');
INSERT INTO `lk9v6_users` (`name`, `email`, `usertype`) VALUES ('سمر محمد السيد ابراهيم محمد', 'samar13s05532@alexu.edu.eg', 'الخريجين');
INSERT INTO `lk9v6_alumni_main` (`id`, `user_id`, `approved`) VALUES (166252, 166252, 1);
INSERT INTO `lk9v6_alumni_data` (`alumni_id`, `graduation_year`, `fid`, `job`, `address`, `city`, `country`, `phone`, `gid`, `mobile`, `nationalnumber`, `department`, `division`, `with_honor`) VALUES (166252, 2015, '1', '', '', '', '', '5615359', '4', '01155650191', '', 'الكيمياء الحيوية', 'العلوم البيولوجية', '');
INSERT INTO `lk9v6_users` (`name`, `email`, `usertype`) VALUES ('محمد احمد زيد حسن على', 'mohamed13s04866@alexu.edu.eg', 'الخريجين');
INSERT INTO `lk9v6_alumni_main` (`id`, `user_id`, `approved`) VALUES (166253, 166253, 1);
INSERT INTO `lk9v6_alumni_data` (`alumni_id`, `graduation_year`, `fid`, `job`, `address`, `city`, `country`, `phone`, `gid`, `mobile`, `nationalnumber`, `department`, `division`, `with_honor`) VALUES (166253, 2015, '1', '', '', '', '', '3198132', '4', '01202988814', '', 'الجيولوجيا', 'العلوم الجيولوجية', '');
INSERT INTO `lk9v6_users` (`name`, `email`, `usertype`) VALUES ('نورهان عبد الغنى عبد الوهاب عبد الغنى', 'nourhan13s05358@alexu.edu.eg', 'الخريجين');
INSERT INTO `lk9v6_alumni_main` (`id`, `user_id`, `approved`) VALUES (166254, 166254, 1);
INSERT INTO `lk9v6_alumni_data` (`alumni_id`, `graduation_year`, `fid`, `job`, `address`, `city`, `country`, `phone`, `gid`, `mobile`, `nationalnumber`, `department`, `division`, `with_honor`) VALUES (166254, 2015, '1', '', '', '', '', '034481331', '4', '01146554986', '', 'الكيمياء الحيوية', 'العلوم البيولوجية', '');
INSERT INTO `lk9v6_users` (`name`, `email`, `usertype`) VALUES ('ايه على حسن محمد', 'aya13s06658@alexu.edu.eg', 'الخريجين');
INSERT INTO `lk9v6_alumni_main` (`id`, `user_id`, `approved`) VALUES (166255, 166255, 1);
INSERT INTO `lk9v6_alumni_data` (`alumni_id`, `graduation_year`, `fid`, `job`, `address`, `city`, `country`, `phone`, `gid`, `mobile`, `nationalnumber`, `department`, `division`, `with_honor`) VALUES (166255, 2015, '1', '', '', '', '', '3245590', '4', '01201957252', '', 'الفيزياء', 'العلوم الطبيعية', '');
INSERT INTO `lk9v6_users` (`name`, `email`, `usertype`) VALUES ('امنيه محمد ابراهيم حسين المراكبى', 'omnia13s04315@alexu.edu.eg', 'الخريجين');
INSERT INTO `lk9v6_alumni_main` (`id`, `user_id`, `approved`) VALUES (166256, 166256, 1);
INSERT INTO `lk9v6_alumni_data` (`alumni_id`, `graduation_year`, `fid`, `job`, `address`, `city`, `country`, `phone`, `gid`, `mobile`, `nationalnumber`, `department`, `division`, `with_honor`) VALUES (166256, 2015, '1', '', '', '', '', '3604825', '4', '0102709854', '', 'الفيزياء', 'العلوم الطبيعية', '');
INSERT INTO `lk9v6_users` (`name`, `email`, `usertype`) VALUES ('مصطفى  العدوى مصطفى احمد على', 'mustafa13s04322@alexu.edu.eg', 'الخريجين');
INSERT INTO `lk9v6_alumni_main` (`id`, `user_id`, `approved`) VALUES (166257, 166257, 1);
INSERT INTO `lk9v6_alumni_data` (`alumni_id`, `graduation_year`, `fid`, `job`, `address`, `city`, `country`, `phone`, `gid`, `mobile`, `nationalnumber`, `department`, `division`, `with_honor`) VALUES (166257, 2015, '1', '', '', '', '', '5554470', '4', '01145290692', '', 'الفيزياء', 'العلوم الطبيعية', '');
INSERT INTO `lk9v6_users` (`name`, `email`, `usertype`) VALUES ('شرين يوسف على السيد ابو زيد', 'sherin13s05423@alexu.edu.eg', 'الخريجين');
INSERT INTO `lk9v6_alumni_main` (`id`, `user_id`, `approved`) VALUES (166258, 166258, 1);
INSERT INTO `lk9v6_alumni_data` (`alumni_id`, `graduation_year`, `fid`, `job`, `address`, `city`, `country`, `phone`, `gid`, `mobile`, `nationalnumber`, `department`, `division`, `with_honor`) VALUES (166258, 2015, '1', '', '', '', '', '0453641818', '4', '01112708298', '', 'الكيمياء الحيوية', 'العلوم البيولوجية', '');
INSERT INTO `lk9v6_users` (`name`, `email`, `usertype`) VALUES ('محمد رزق نصر ابوالعنين', 'mohamed13s05695@alexu.edu.eg', 'الخريجين');
INSERT INTO `lk9v6_alumni_main` (`id`, `user_id`, `approved`) VALUES (166259, 166259, 1);
INSERT INTO `lk9v6_alumni_data` (`alumni_id`, `graduation_year`, `fid`, `job`, `address`, `city`, `country`, `phone`, `gid`, `mobile`, `nationalnumber`, `department`, `division`, `with_honor`) VALUES (166259, 2015, '1', '', '', '', '', '0453730935', '4', '01144792468', '', 'الكيمياء الحيوية', 'العلوم البيولوجية', '');
INSERT INTO `lk9v6_users` (`name`, `email`, `usertype`) VALUES ('ساره ميخائيل بشاى ميخائيل بشاى', 'sara13s05429@alexu.edu.eg', 'الخريجين');
INSERT INTO `lk9v6_alumni_main` (`id`, `user_id`, `approved`) VALUES (166260, 166260, 1);
INSERT INTO `lk9v6_alumni_data` (`alumni_id`, `graduation_year`, `fid`, `job`, `address`, `city`, `country`, `phone`, `gid`, `mobile`, `nationalnumber`, `department`, `division`, `with_honor`) VALUES (166260, 2015, '1', '', '', '', '', '033628089', '4', '01286045328', '', 'الميكروبيولوجى', 'العلوم البيولوجية', '');
INSERT INTO `lk9v6_users` (`name`, `email`, `usertype`) VALUES ('علا على خليل السيد', 'ola13s05085@alexu.edu.eg', 'الخريجين');
INSERT INTO `lk9v6_alumni_main` (`id`, `user_id`, `approved`) VALUES (166261, 166261, 1);
INSERT INTO `lk9v6_alumni_data` (`alumni_id`, `graduation_year`, `fid`, `job`, `address`, `city`, `country`, `phone`, `gid`, `mobile`, `nationalnumber`, `department`, `division`, `with_honor`) VALUES (166261, 2015, '1', '', '', '', '', '033626694', '4', '0189805650', '', 'علوم البيئة', 'العلوم البيولوجية', '');
INSERT INTO `lk9v6_users` (`name`, `email`, `usertype`) VALUES ('ياسمين محمد حامد محمد السواح', 'yasmin13s05239@alexu.edu.eg', 'الخريجين');
INSERT INTO `lk9v6_alumni_main` (`id`, `user_id`, `approved`) VALUES (166262, 166262, 1);
INSERT INTO `lk9v6_alumni_data` (`alumni_id`, `graduation_year`, `fid`, `job`, `address`, `city`, `country`, `phone`, `gid`, `mobile`, `nationalnumber`, `department`, `division`, `with_honor`) VALUES (166262, 2015, '1', '', '', '', '', '035603638', '4', '01003567746', '', 'الكيمياء الحيوية', 'العلوم البيولوجية', '');
INSERT INTO `lk9v6_users` (`name`, `email`, `usertype`) VALUES ('شروق على ابراهيم عجمى حسين الجمال', 'sherok13s04767@alexu.edu.eg', 'الخريجين');
INSERT INTO `lk9v6_alumni_main` (`id`, `user_id`, `approved`) VALUES (166263, 166263, 1);
INSERT INTO `lk9v6_alumni_data` (`alumni_id`, `graduation_year`, `fid`, `job`, `address`, `city`, `country`, `phone`, `gid`, `mobile`, `nationalnumber`, `department`, `division`, `with_honor`) VALUES (166263, 2015, '1', '', '', '', '', '035015109', '4', '01284481096', '', 'الفيزياء', 'العلوم الطبيعية', '');
INSERT INTO `lk9v6_users` (`name`, `email`, `usertype`) VALUES ('شيماء اسماعيل محمد اسماعيل البنا', 'shaimaa13s04570@alexu.edu.eg', 'الخريجين');
INSERT INTO `lk9v6_alumni_main` (`id`, `user_id`, `approved`) VALUES (166264, 166264, 1);
INSERT INTO `lk9v6_alumni_data` (`alumni_id`, `graduation_year`, `fid`, `job`, `address`, `city`, `country`, `phone`, `gid`, `mobile`, `nationalnumber`, `department`, `division`, `with_honor`) VALUES (166264, 2015, '1', '', '', '', '', '035624211', '4', '01140474194', '', 'الفيزياء', 'العلوم الطبيعية', '');
INSERT INTO `lk9v6_users` (`name`, `email`, `usertype`) VALUES ('كريم محمد احمد محمود', 'karim13s04799@alexu.edu.eg', 'الخريجين');
INSERT INTO `lk9v6_alumni_main` (`id`, `user_id`, `approved`) VALUES (166265, 166265, 1);
INSERT INTO `lk9v6_alumni_data` (`alumni_id`, `graduation_year`, `fid`, `job`, `address`, `city`, `country`, `phone`, `gid`, `mobile`, `nationalnumber`, `department`, `division`, `with_honor`) VALUES (166265, 2015, '1', '', '', '', '', '035007642', '4', '01286686016', '', 'الفيزياء', 'العلوم الطبيعية', '');
INSERT INTO `lk9v6_users` (`name`, `email`, `usertype`) VALUES ('دعاء محمد ابراهيم زكى', 'doaa13s05134@alexu.edu.eg', 'الخريجين');
INSERT INTO `lk9v6_alumni_main` (`id`, `user_id`, `approved`) VALUES (166266, 166266, 1);
INSERT INTO `lk9v6_alumni_data` (`alumni_id`, `graduation_year`, `fid`, `job`, `address`, `city`, `country`, `phone`, `gid`, `mobile`, `nationalnumber`, `department`, `division`, `with_honor`) VALUES (166266, 2015, '1', '', '', '', '', '4869761', '4', '0194840023', '', 'علوم البيئة', 'العلوم البيولوجية', '');
INSERT INTO `lk9v6_users` (`name`, `email`, `usertype`) VALUES ('سحر صبحى حسن عبد العزيز زايد', 'sahar13s06098@alexu.edu.eg', 'الخريجين');
INSERT INTO `lk9v6_alumni_main` (`id`, `user_id`, `approved`) VALUES (166267, 166267, 1);
INSERT INTO `lk9v6_alumni_data` (`alumni_id`, `graduation_year`, `fid`, `job`, `address`, `city`, `country`, `phone`, `gid`, `mobile`, `nationalnumber`, `department`, `division`, `with_honor`) VALUES (166267, 2015, '1', '', '', '', '', '0453760656', '4', '0192215604', '', 'الميكروبيولوجى', 'العلوم البيولوجية', '');
INSERT INTO `lk9v6_users` (`name`, `email`, `usertype`) VALUES ('شيماء محمدالبدرى عبد اللاه محمد', 'shaimaa13s05668@alexu.edu.eg', 'الخريجين');
INSERT INTO `lk9v6_alumni_main` (`id`, `user_id`, `approved`) VALUES (166268, 166268, 1);
INSERT INTO `lk9v6_alumni_data` (`alumni_id`, `graduation_year`, `fid`, `job`, `address`, `city`, `country`, `phone`, `gid`, `mobile`, `nationalnumber`, `department`, `division`, `with_honor`) VALUES (166268, 2015, '1', '', '', '', '', '033244706', '4', '01122499831', '', 'الميكروبيولوجى', 'العلوم البيولوجية', '');
INSERT INTO `lk9v6_users` (`name`, `email`, `usertype`) VALUES ('داليا السعيد يوسف اسماعيل حسين', 'dalia13s04441@alexu.edu.eg', 'الخريجين');
INSERT INTO `lk9v6_alumni_main` (`id`, `user_id`, `approved`) VALUES (166269, 166269, 1);
INSERT INTO `lk9v6_alumni_data` (`alumni_id`, `graduation_year`, `fid`, `job`, `address`, `city`, `country`, `phone`, `gid`, `mobile`, `nationalnumber`, `department`, `division`, `with_honor`) VALUES (166269, 2015, '1', '', '', '', '', '01021765610', '4', '01021557524', '', 'الفيزياء', 'العلوم الطبيعية', '');
INSERT INTO `lk9v6_users` (`name`, `email`, `usertype`) VALUES ('هدير الشناوى محمد عبدالحليم المغربى', 'hadeer13s05311@alexu.edu.eg', 'الخريجين');
INSERT INTO `lk9v6_alumni_main` (`id`, `user_id`, `approved`) VALUES (166270, 166270, 1);
INSERT INTO `lk9v6_alumni_data` (`alumni_id`, `graduation_year`, `fid`, `job`, `address`, `city`, `country`, `phone`, `gid`, `mobile`, `nationalnumber`, `department`, `division`, `with_honor`) VALUES (166270, 2015, '1', '', '', '', '', '0452706706', '4', '0198360509', '', 'الكيمياء الحيوية', 'العلوم البيولوجية', '');
INSERT INTO `lk9v6_users` (`name`, `email`, `usertype`) VALUES ('ايمان فهمى فؤاد خفاجى المعطاوى', 'eman13s05491@alexu.edu.eg', 'الخريجين');
INSERT INTO `lk9v6_alumni_main` (`id`, `user_id`, `approved`) VALUES (166271, 166271, 1);
INSERT INTO `lk9v6_alumni_data` (`alumni_id`, `graduation_year`, `fid`, `job`, `address`, `city`, `country`, `phone`, `gid`, `mobile`, `nationalnumber`, `department`, `division`, `with_honor`) VALUES (166271, 2015, '1', '', '', '', '', '035378198', '4', '01223893433', '', 'الميكروبيولوجى', 'العلوم البيولوجية', '');
INSERT INTO `lk9v6_users` (`name`, `email`, `usertype`) VALUES ('نورهان محمود محمد محمود', 'nourhan13s05757@alexu.edu.eg', 'الخريجين');
INSERT INTO `lk9v6_alumni_main` (`id`, `user_id`, `approved`) VALUES (166272, 166272, 1);
INSERT INTO `lk9v6_alumni_data` (`alumni_id`, `graduation_year`, `fid`, `job`, `address`, `city`, `country`, `phone`, `gid`, `mobile`, `nationalnumber`, `department`, `division`, `with_honor`) VALUES (166272, 2015, '1', '', '', '', '', '4347045', '4', '01125952646', '', 'علوم البيئة', 'العلوم البيولوجية', '');
INSERT INTO `lk9v6_users` (`name`, `email`, `usertype`) VALUES ('مصطفى علاء معوض السيد عويس', 'mustafa13s04505@alexu.edu.eg', 'الخريجين');
INSERT INTO `lk9v6_alumni_main` (`id`, `user_id`, `approved`) VALUES (166273, 166273, 1);
INSERT INTO `lk9v6_alumni_data` (`alumni_id`, `graduation_year`, `fid`, `job`, `address`, `city`, `country`, `phone`, `gid`, `mobile`, `nationalnumber`, `department`, `division`, `with_honor`) VALUES (166273, 2015, '1', '', '', '', '', '5746982', '4', '01208717825', '', 'الفيزياء', 'العلوم الطبيعية', '');
INSERT INTO `lk9v6_users` (`name`, `email`, `usertype`) VALUES ('وفاء رمضان فوزى النجار', 'wafaa13s04795@alexu.edu.eg', 'الخريجين');
INSERT INTO `lk9v6_alumni_main` (`id`, `user_id`, `approved`) VALUES (166274, 166274, 1);
INSERT INTO `lk9v6_alumni_data` (`alumni_id`, `graduation_year`, `fid`, `job`, `address`, `city`, `country`, `phone`, `gid`, `mobile`, `nationalnumber`, `department`, `division`, `with_honor`) VALUES (166274, 2015, '1', '', '', '', '', '01017479289', '4', '01225200328', '', 'الفيزياء', 'العلوم الطبيعية', '');
INSERT INTO `lk9v6_users` (`name`, `email`, `usertype`) VALUES ('مارى آن سهيل سمعان منصور', 'mary13s05862@alexu.edu.eg', 'الخريجين');
INSERT INTO `lk9v6_alumni_main` (`id`, `user_id`, `approved`) VALUES (166275, 166275, 1);
INSERT INTO `lk9v6_alumni_data` (`alumni_id`, `graduation_year`, `fid`, `job`, `address`, `city`, `country`, `phone`, `gid`, `mobile`, `nationalnumber`, `department`, `division`, `with_honor`) VALUES (166275, 2015, '1', '', '', '', '', '5435264', '4', '01202199522', '', 'الميكروبيولوجى', 'العلوم البيولوجية', '');
INSERT INTO `lk9v6_users` (`name`, `email`, `usertype`) VALUES ('نورهان محمد مصباح ابراهيم', 'nourhan13s04776@alexu.edu.eg', 'الخريجين');
INSERT INTO `lk9v6_alumni_main` (`id`, `user_id`, `approved`) VALUES (166276, 166276, 1);
INSERT INTO `lk9v6_alumni_data` (`alumni_id`, `graduation_year`, `fid`, `job`, `address`, `city`, `country`, `phone`, `gid`, `mobile`, `nationalnumber`, `department`, `division`, `with_honor`) VALUES (166276, 2015, '1', '', '', '', '', '01205711324', '4', '01205711324', '', 'الفيزياء', 'العلوم الطبيعية', '');
INSERT INTO `lk9v6_users` (`name`, `email`, `usertype`) VALUES ('نانسى محسن صبحى حناالله', 'nancy13s04874@alexu.edu.eg', 'الخريجين');
INSERT INTO `lk9v6_alumni_main` (`id`, `user_id`, `approved`) VALUES (166277, 166277, 1);
INSERT INTO `lk9v6_alumni_data` (`alumni_id`, `graduation_year`, `fid`, `job`, `address`, `city`, `country`, `phone`, `gid`, `mobile`, `nationalnumber`, `department`, `division`, `with_honor`) VALUES (166277, 2015, '1', '', '', '', '', '035845675', '4', '01201056110', '', 'الكيمياء الحيوية', 'العلوم البيولوجية', '');
INSERT INTO `lk9v6_users` (`name`, `email`, `usertype`) VALUES ('ولاء كمال اسماعيل احمد ابو زهره', 'walaa13s05176@alexu.edu.eg', 'الخريجين');
INSERT INTO `lk9v6_alumni_main` (`id`, `user_id`, `approved`) VALUES (166278, 166278, 1);
INSERT INTO `lk9v6_alumni_data` (`alumni_id`, `graduation_year`, `fid`, `job`, `address`, `city`, `country`, `phone`, `gid`, `mobile`, `nationalnumber`, `department`, `division`, `with_honor`) VALUES (166278, 2015, '1', '', '', '', '', '0452245435', '4', '0185003630', '', 'الكيمياء الحيوية', 'العلوم البيولوجية', '');
INSERT INTO `lk9v6_users` (`name`, `email`, `usertype`) VALUES ('منه الله يحيى على حسن قره', 'menna13s05184@alexu.edu.eg', 'الخريجين');
INSERT INTO `lk9v6_alumni_main` (`id`, `user_id`, `approved`) VALUES (166279, 166279, 1);
INSERT INTO `lk9v6_alumni_data` (`alumni_id`, `graduation_year`, `fid`, `job`, `address`, `city`, `country`, `phone`, `gid`, `mobile`, `nationalnumber`, `department`, `division`, `with_honor`) VALUES (166279, 2015, '1', '', '', '', '', '4847142', '4', '01067048977', '', 'الميكروبيولوجى', 'العلوم البيولوجية', '');
INSERT INTO `lk9v6_users` (`name`, `email`, `usertype`) VALUES ('ايه سالم محمود الغول', 'aya13s05452@alexu.edu.eg', 'الخريجين');
INSERT INTO `lk9v6_alumni_main` (`id`, `user_id`, `approved`) VALUES (166280, 166280, 1);
INSERT INTO `lk9v6_alumni_data` (`alumni_id`, `graduation_year`, `fid`, `job`, `address`, `city`, `country`, `phone`, `gid`, `mobile`, `nationalnumber`, `department`, `division`, `with_honor`) VALUES (166280, 2015, '1', '', '', '', '', '01005671704', '4', '01022910664', '', 'الكيمياء الحيوية', 'العلوم البيولوجية', '');
INSERT INTO `lk9v6_users` (`name`, `email`, `usertype`) VALUES ('ايه عبد الرؤف عبد العاطى شحاته', 'aya13s04467@alexu.edu.eg', 'الخريجين');
INSERT INTO `lk9v6_alumni_main` (`id`, `user_id`, `approved`) VALUES (166281, 166281, 1);
INSERT INTO `lk9v6_alumni_data` (`alumni_id`, `graduation_year`, `fid`, `job`, `address`, `city`, `country`, `phone`, `gid`, `mobile`, `nationalnumber`, `department`, `division`, `with_honor`) VALUES (166281, 2015, '1', '', '', '', '', '3248814', '4', '01276952929', '', 'الفيزياء', 'العلوم الطبيعية', '');
INSERT INTO `lk9v6_users` (`name`, `email`, `usertype`) VALUES ('اسماء انس ممدوح منصور', 'asmaa13s05625@alexu.edu.eg', 'الخريجين');
INSERT INTO `lk9v6_alumni_main` (`id`, `user_id`, `approved`) VALUES (166282, 166282, 1);
INSERT INTO `lk9v6_alumni_data` (`alumni_id`, `graduation_year`, `fid`, `job`, `address`, `city`, `country`, `phone`, `gid`, `mobile`, `nationalnumber`, `department`, `division`, `with_honor`) VALUES (166282, 2015, '1', '', '', '', '', '0472600282', '4', '01092511554', '', 'الكيمياء الحيوية', 'العلوم البيولوجية', '');
INSERT INTO `lk9v6_users` (`name`, `email`, `usertype`) VALUES ('هدير محمود محمد محمد', 'hadeer13s06265@alexu.edu.eg', 'الخريجين');
INSERT INTO `lk9v6_alumni_main` (`id`, `user_id`, `approved`) VALUES (166283, 166283, 1);
INSERT INTO `lk9v6_alumni_data` (`alumni_id`, `graduation_year`, `fid`, `job`, `address`, `city`, `country`, `phone`, `gid`, `mobile`, `nationalnumber`, `department`, `division`, `with_honor`) VALUES (166283, 2015, '1', '', '', '', '', '033609909', '4', '01227280048', '', 'الفيزياء', 'العلوم الطبيعية', '');
INSERT INTO `lk9v6_users` (`name`, `email`, `usertype`) VALUES ('ندى السيد عبدالسلام محمد قاسم', 'nada13s05553@alexu.edu.eg', 'الخريجين');
INSERT INTO `lk9v6_alumni_main` (`id`, `user_id`, `approved`) VALUES (166284, 166284, 1);
INSERT INTO `lk9v6_alumni_data` (`alumni_id`, `graduation_year`, `fid`, `job`, `address`, `city`, `country`, `phone`, `gid`, `mobile`, `nationalnumber`, `department`, `division`, `with_honor`) VALUES (166284, 2015, '1', '', '', '', '', '035852993', '4', '01006968161', '', 'الكيمياء الحيوية', 'العلوم البيولوجية', '');
INSERT INTO `lk9v6_users` (`name`, `email`, `usertype`) VALUES ('احمد سعيد على على', 'ahmed13s04782@alexu.edu.eg', 'الخريجين');
INSERT INTO `lk9v6_alumni_main` (`id`, `user_id`, `approved`) VALUES (166285, 166285, 1);
INSERT INTO `lk9v6_alumni_data` (`alumni_id`, `graduation_year`, `fid`, `job`, `address`, `city`, `country`, `phone`, `gid`, `mobile`, `nationalnumber`, `department`, `division`, `with_honor`) VALUES (166285, 2015, '1', '', '', '', '', '034442762', '4', '01276785045', '', 'الفيزياء', 'العلوم الطبيعية', '');
INSERT INTO `lk9v6_users` (`name`, `email`, `usertype`) VALUES ('مادونا زكى كامل اسكندر فانوس', 'madona13s04842@alexu.edu.eg', 'الخريجين');
INSERT INTO `lk9v6_alumni_main` (`id`, `user_id`, `approved`) VALUES (166286, 166286, 1);
INSERT INTO `lk9v6_alumni_data` (`alumni_id`, `graduation_year`, `fid`, `job`, `address`, `city`, `country`, `phone`, `gid`, `mobile`, `nationalnumber`, `department`, `division`, `with_honor`) VALUES (166286, 2015, '1', '', '', '', '', '5739409', '4', '01286000262', '', 'الكيمياء الحيوية', 'العلوم البيولوجية', '');
INSERT INTO `lk9v6_users` (`name`, `email`, `usertype`) VALUES ('خالد ابراهيم السيد امين', 'khaled13s04385@alexu.edu.eg', 'الخريجين');
INSERT INTO `lk9v6_alumni_main` (`id`, `user_id`, `approved`) VALUES (166287, 166287, 1);
INSERT INTO `lk9v6_alumni_data` (`alumni_id`, `graduation_year`, `fid`, `job`, `address`, `city`, `country`, `phone`, `gid`, `mobile`, `nationalnumber`, `department`, `division`, `with_honor`) VALUES (166287, 2015, '1', '', '', '', '', '5282127', '4', '0184130387', '', 'الفيزياء', 'العلوم الطبيعية', '');
INSERT INTO `lk9v6_users` (`name`, `email`, `usertype`) VALUES ('سهام ابراهيم احمد ابراهيم خليل', 'seham13s05679@alexu.edu.eg', 'الخريجين');
INSERT INTO `lk9v6_alumni_main` (`id`, `user_id`, `approved`) VALUES (166288, 166288, 1);
INSERT INTO `lk9v6_alumni_data` (`alumni_id`, `graduation_year`, `fid`, `job`, `address`, `city`, `country`, `phone`, `gid`, `mobile`, `nationalnumber`, `department`, `division`, `with_honor`) VALUES (166288, 2015, '1', '', '', '', '', '033015482', '4', '01205863023', '', 'علوم البيئة', 'العلوم البيولوجية', '');
INSERT INTO `lk9v6_users` (`name`, `email`, `usertype`) VALUES ('محمد صالح محمود يوسف', 'mohamed13s06587@alexu.edu.eg', 'الخريجين');
INSERT INTO `lk9v6_alumni_main` (`id`, `user_id`, `approved`) VALUES (166289, 166289, 1);
INSERT INTO `lk9v6_alumni_data` (`alumni_id`, `graduation_year`, `fid`, `job`, `address`, `city`, `country`, `phone`, `gid`, `mobile`, `nationalnumber`, `department`, `division`, `with_honor`) VALUES (166289, 2015, '1', '', '', '', '', '4259966', '4', '01145684788', '', 'الفيزياء', 'العلوم الطبيعية', '');
INSERT INTO `lk9v6_users` (`name`, `email`, `usertype`) VALUES ('هاجر ابراهيم عطيه الشامى', 'hager13s06495@alexu.edu.eg', 'الخريجين');
INSERT INTO `lk9v6_alumni_main` (`id`, `user_id`, `approved`) VALUES (166290, 166290, 1);
INSERT INTO `lk9v6_alumni_data` (`alumni_id`, `graduation_year`, `fid`, `job`, `address`, `city`, `country`, `phone`, `gid`, `mobile`, `nationalnumber`, `department`, `division`, `with_honor`) VALUES (166290, 2015, '1', '', '', '', '', '033600127', '4', '0174548834', '', 'الميكروبيولوجى', 'العلوم البيولوجية', '');
INSERT INTO `lk9v6_users` (`name`, `email`, `usertype`) VALUES ('سمر يسرى حسنين السيد صلاح', 'samar13s05780@alexu.edu.eg', 'الخريجين');
INSERT INTO `lk9v6_alumni_main` (`id`, `user_id`, `approved`) VALUES (166291, 166291, 1);
INSERT INTO `lk9v6_alumni_data` (`alumni_id`, `graduation_year`, `fid`, `job`, `address`, `city`, `country`, `phone`, `gid`, `mobile`, `nationalnumber`, `department`, `division`, `with_honor`) VALUES (166291, 2015, '1', '', '', '', '', '5269750', '4', '0180098902', '', 'الكيمياء الحيوية', 'العلوم البيولوجية', '');
INSERT INTO `lk9v6_users` (`name`, `email`, `usertype`) VALUES ('ايمان احمد عبدالغنى محمد الشريف', 'eman13s04308@alexu.edu.eg', 'الخريجين');
INSERT INTO `lk9v6_alumni_main` (`id`, `user_id`, `approved`) VALUES (166292, 166292, 1);
INSERT INTO `lk9v6_alumni_data` (`alumni_id`, `graduation_year`, `fid`, `job`, `address`, `city`, `country`, `phone`, `gid`, `mobile`, `nationalnumber`, `department`, `division`, `with_honor`) VALUES (166292, 2015, '1', '', '', '', '', '0453118261', '4', '01100449184', '', 'الجيولوجيا', 'العلوم الجيولوجية', '');
INSERT INTO `lk9v6_users` (`name`, `email`, `usertype`) VALUES ('احمد محمود احمد محمد الجمال', 'ahmed13s04384@alexu.edu.eg', 'الخريجين');
INSERT INTO `lk9v6_alumni_main` (`id`, `user_id`, `approved`) VALUES (166293, 166293, 1);
INSERT INTO `lk9v6_alumni_data` (`alumni_id`, `graduation_year`, `fid`, `job`, `address`, `city`, `country`, `phone`, `gid`, `mobile`, `nationalnumber`, `department`, `division`, `with_honor`) VALUES (166293, 2015, '1', '', '', '', '', '035038142', '4', '01274539433', '', 'الفيزياء', 'العلوم الطبيعية', '');
INSERT INTO `lk9v6_users` (`name`, `email`, `usertype`) VALUES ('يوسف حسام محمود بدوى الزينى', 'yousif13s04718@alexu.edu.eg', 'الخريجين');
INSERT INTO `lk9v6_alumni_main` (`id`, `user_id`, `approved`) VALUES (166294, 166294, 1);
INSERT INTO `lk9v6_alumni_data` (`alumni_id`, `graduation_year`, `fid`, `job`, `address`, `city`, `country`, `phone`, `gid`, `mobile`, `nationalnumber`, `department`, `division`, `with_honor`) VALUES (166294, 2015, '1', '', '', '', '', '4272300', '4', '0110111585', '', 'الفيزياء', 'العلوم الطبيعية', '');
INSERT INTO `lk9v6_users` (`name`, `email`, `usertype`) VALUES ('محمد السيد فهمى السيد سليمان', 'mohamed13s04388@alexu.edu.eg', 'الخريجين');
INSERT INTO `lk9v6_alumni_main` (`id`, `user_id`, `approved`) VALUES (166295, 166295, 1);
INSERT INTO `lk9v6_alumni_data` (`alumni_id`, `graduation_year`, `fid`, `job`, `address`, `city`, `country`, `phone`, `gid`, `mobile`, `nationalnumber`, `department`, `division`, `with_honor`) VALUES (166295, 2015, '1', '', '', '', '', '039506735', '4', '01011945357', '', 'الفيزياء', 'العلوم الطبيعية', '');
INSERT INTO `lk9v6_users` (`name`, `email`, `usertype`) VALUES ('مريم محمد عبدالحميد محمد', 'mariem13s05361@alexu.edu.eg', 'الخريجين');
INSERT INTO `lk9v6_alumni_main` (`id`, `user_id`, `approved`) VALUES (166296, 166296, 1);
INSERT INTO `lk9v6_alumni_data` (`alumni_id`, `graduation_year`, `fid`, `job`, `address`, `city`, `country`, `phone`, `gid`, `mobile`, `nationalnumber`, `department`, `division`, `with_honor`) VALUES (166296, 2015, '1', '', '', '', '', '5023941', '4', '01287031139', '', 'علوم البيئة', 'العلوم البيولوجية', '');
INSERT INTO `lk9v6_users` (`name`, `email`, `usertype`) VALUES ('ابتهال حسن عبدالرحمن ابراهيم عنب', 'ibtihal13s05066@alexu.edu.eg', 'الخريجين');
INSERT INTO `lk9v6_alumni_main` (`id`, `user_id`, `approved`) VALUES (166297, 166297, 1);
INSERT INTO `lk9v6_alumni_data` (`alumni_id`, `graduation_year`, `fid`, `job`, `address`, `city`, `country`, `phone`, `gid`, `mobile`, `nationalnumber`, `department`, `division`, `with_honor`) VALUES (166297, 2015, '1', '', '', '', '', '5270429', '4', '01005221631', '', 'الميكروبيولوجى', 'العلوم البيولوجية', '');
INSERT INTO `lk9v6_users` (`name`, `email`, `usertype`) VALUES ('اسراء اسماعيل احمد محمد', 'esraa13s04445@alexu.edu.eg', 'الخريجين');
INSERT INTO `lk9v6_alumni_main` (`id`, `user_id`, `approved`) VALUES (166298, 166298, 1);
INSERT INTO `lk9v6_alumni_data` (`alumni_id`, `graduation_year`, `fid`, `job`, `address`, `city`, `country`, `phone`, `gid`, `mobile`, `nationalnumber`, `department`, `division`, `with_honor`) VALUES (166298, 2015, '1', '', '', '', '', '034201322', '4', '01061924337', '', 'الفيزياء', 'العلوم الطبيعية', '');
INSERT INTO `lk9v6_users` (`name`, `email`, `usertype`) VALUES ('دينا فتحى حسن السيد جاد الرب', 'dina13s05518@alexu.edu.eg', 'الخريجين');
INSERT INTO `lk9v6_alumni_main` (`id`, `user_id`, `approved`) VALUES (166299, 166299, 1);
INSERT INTO `lk9v6_alumni_data` (`alumni_id`, `graduation_year`, `fid`, `job`, `address`, `city`, `country`, `phone`, `gid`, `mobile`, `nationalnumber`, `department`, `division`, `with_honor`) VALUES (166299, 2015, '1', '', '', '', '', '3080644', '4', '01272290222', '', 'علوم البيئة', 'العلوم البيولوجية', '');
INSERT INTO `lk9v6_users` (`name`, `email`, `usertype`) VALUES ('شيماء على مسعود محمد احمد النوسانى', 'shaimaa13s05250@alexu.edu.eg', 'الخريجين');
INSERT INTO `lk9v6_alumni_main` (`id`, `user_id`, `approved`) VALUES (166300, 166300, 1);
INSERT INTO `lk9v6_alumni_data` (`alumni_id`, `graduation_year`, `fid`, `job`, `address`, `city`, `country`, `phone`, `gid`, `mobile`, `nationalnumber`, `department`, `division`, `with_honor`) VALUES (166300, 2015, '1', '', '', '', '', '0452233493', '4', '01225577846', '', 'الميكروبيولوجى', 'العلوم البيولوجية', '');
INSERT INTO `lk9v6_users` (`name`, `email`, `usertype`) VALUES ('صفاء محمد على محمد شرابى', 'safaa13s04870@alexu.edu.eg', 'الخريجين');
INSERT INTO `lk9v6_alumni_main` (`id`, `user_id`, `approved`) VALUES (166301, 166301, 1);
INSERT INTO `lk9v6_alumni_data` (`alumni_id`, `graduation_year`, `fid`, `job`, `address`, `city`, `country`, `phone`, `gid`, `mobile`, `nationalnumber`, `department`, `division`, `with_honor`) VALUES (166301, 2015, '1', '', '', '', '', '0472514186', '4', '01226376038', '', 'الكيمياء الحيوية', 'العلوم البيولوجية', '');
INSERT INTO `lk9v6_users` (`name`, `email`, `usertype`) VALUES ('ايه ممدوح محمد حسنين عبد الرسول', 'aya13s05415@alexu.edu.eg', 'الخريجين');
INSERT INTO `lk9v6_alumni_main` (`id`, `user_id`, `approved`) VALUES (166302, 166302, 1);
INSERT INTO `lk9v6_alumni_data` (`alumni_id`, `graduation_year`, `fid`, `job`, `address`, `city`, `country`, `phone`, `gid`, `mobile`, `nationalnumber`, `department`, `division`, `with_honor`) VALUES (166302, 2015, '1', '', '', '', '', '033591745', '4', '01270165893', '', 'الميكروبيولوجى', 'العلوم البيولوجية', '');
INSERT INTO `lk9v6_users` (`name`, `email`, `usertype`) VALUES ('ساره سمير جمال غريب عبدالمعطى', 'sara13s05147@alexu.edu.eg', 'الخريجين');
INSERT INTO `lk9v6_alumni_main` (`id`, `user_id`, `approved`) VALUES (166303, 166303, 1);
INSERT INTO `lk9v6_alumni_data` (`alumni_id`, `graduation_year`, `fid`, `job`, `address`, `city`, `country`, `phone`, `gid`, `mobile`, `nationalnumber`, `department`, `division`, `with_honor`) VALUES (166303, 2015, '1', '', '', '', '', '3307592', '4', '01284986309', '', 'علوم البيئة', 'العلوم البيولوجية', '');
INSERT INTO `lk9v6_users` (`name`, `email`, `usertype`) VALUES ('ولاء غريب محمد محمود حمد', 'walaa13s05084@alexu.edu.eg', 'الخريجين');
INSERT INTO `lk9v6_alumni_main` (`id`, `user_id`, `approved`) VALUES (166304, 166304, 1);
INSERT INTO `lk9v6_alumni_data` (`alumni_id`, `graduation_year`, `fid`, `job`, `address`, `city`, `country`, `phone`, `gid`, `mobile`, `nationalnumber`, `department`, `division`, `with_honor`) VALUES (166304, 2015, '1', '', '', '', '', '0452232343', '4', '01226694967', '', 'علوم البيئة', 'العلوم البيولوجية', '');
INSERT INTO `lk9v6_users` (`name`, `email`, `usertype`) VALUES ('مهيتاب مصطفى ابراهيم', 'mohiab13s06539@alexu.edu.eg', 'الخريجين');
INSERT INTO `lk9v6_alumni_main` (`id`, `user_id`, `approved`) VALUES (166305, 166305, 1);
INSERT INTO `lk9v6_alumni_data` (`alumni_id`, `graduation_year`, `fid`, `job`, `address`, `city`, `country`, `phone`, `gid`, `mobile`, `nationalnumber`, `department`, `division`, `with_honor`) VALUES (166305, 2015, '1', '', '', '', '', '5454865', '4', '01202582844', '', 'الميكروبيولوجى', 'العلوم البيولوجية', '');
INSERT INTO `lk9v6_users` (`name`, `email`, `usertype`) VALUES ('ياسمين احمد رياض فتح الله', 'yasmin13s06376@alexu.edu.eg', 'الخريجين');
INSERT INTO `lk9v6_alumni_main` (`id`, `user_id`, `approved`) VALUES (166306, 166306, 1);
INSERT INTO `lk9v6_alumni_data` (`alumni_id`, `graduation_year`, `fid`, `job`, `address`, `city`, `country`, `phone`, `gid`, `mobile`, `nationalnumber`, `department`, `division`, `with_honor`) VALUES (166306, 2015, '1', '', '', '', '', '4342231', '4', '01116962146', '', 'الكيمياء الحيوية', 'العلوم البيولوجية', '');
INSERT INTO `lk9v6_users` (`name`, `email`, `usertype`) VALUES ('محمود عاقل عبدالعال احمد', 'mahmoud13s04323@alexu.edu.eg', 'الخريجين');
INSERT INTO `lk9v6_alumni_main` (`id`, `user_id`, `approved`) VALUES (166307, 166307, 1);
INSERT INTO `lk9v6_alumni_data` (`alumni_id`, `graduation_year`, `fid`, `job`, `address`, `city`, `country`, `phone`, `gid`, `mobile`, `nationalnumber`, `department`, `division`, `with_honor`) VALUES (166307, 2015, '1', '', '', '', '', '032060308', '4', '01127040995', '', 'الفيزياء', 'العلوم الطبيعية', '');
INSERT INTO `lk9v6_users` (`name`, `email`, `usertype`) VALUES ('نرمين محمد السيد محمد عوض', 'nermin13s04360@alexu.edu.eg', 'الخريجين');
INSERT INTO `lk9v6_alumni_main` (`id`, `user_id`, `approved`) VALUES (166308, 166308, 1);
INSERT INTO `lk9v6_alumni_data` (`alumni_id`, `graduation_year`, `fid`, `job`, `address`, `city`, `country`, `phone`, `gid`, `mobile`, `nationalnumber`, `department`, `division`, `with_honor`) VALUES (166308, 2015, '1', '', '', '', '', '033615541', '4', '01026610624', '', 'الفيزياء', 'العلوم الطبيعية', '');
INSERT INTO `lk9v6_users` (`name`, `email`, `usertype`) VALUES ('يوستينا نسيم حليم غالى', 'youstina13s06115@alexu.edu.eg', 'الخريجين');
INSERT INTO `lk9v6_alumni_main` (`id`, `user_id`, `approved`) VALUES (166309, 166309, 1);
INSERT INTO `lk9v6_alumni_data` (`alumni_id`, `graduation_year`, `fid`, `job`, `address`, `city`, `country`, `phone`, `gid`, `mobile`, `nationalnumber`, `department`, `division`, `with_honor`) VALUES (166309, 2015, '1', '', '', '', '', '034651394', '4', '01285854794', '', 'الميكروبيولوجى', 'العلوم البيولوجية', '');
INSERT INTO `lk9v6_users` (`name`, `email`, `usertype`) VALUES ('هند حمدى مصطفى حسن القبانى', 'hend13s05582@alexu.edu.eg', 'الخريجين');
INSERT INTO `lk9v6_alumni_main` (`id`, `user_id`, `approved`) VALUES (166310, 166310, 1);
INSERT INTO `lk9v6_alumni_data` (`alumni_id`, `graduation_year`, `fid`, `job`, `address`, `city`, `country`, `phone`, `gid`, `mobile`, `nationalnumber`, `department`, `division`, `with_honor`) VALUES (166310, 2015, '1', '', '', '', '', '4852210', '4', '01225290014', '', 'الكيمياء الحيوية', 'العلوم البيولوجية', '');
INSERT INTO `lk9v6_users` (`name`, `email`, `usertype`) VALUES ('اميرة ناصر عبدالعال حسن محجوب', 'amira13s04566@alexu.edu.eg', 'الخريجين');
INSERT INTO `lk9v6_alumni_main` (`id`, `user_id`, `approved`) VALUES (166311, 166311, 1);
INSERT INTO `lk9v6_alumni_data` (`alumni_id`, `graduation_year`, `fid`, `job`, `address`, `city`, `country`, `phone`, `gid`, `mobile`, `nationalnumber`, `department`, `division`, `with_honor`) VALUES (166311, 2015, '1', '', '', '', '', '033259566', '4', '01287319723', '', 'الفيزياء', 'العلوم الطبيعية', '');
INSERT INTO `lk9v6_users` (`name`, `email`, `usertype`) VALUES ('ايمان على الصغير محمد احمد', 'eman13s06121@alexu.edu.eg', 'الخريجين');
INSERT INTO `lk9v6_alumni_main` (`id`, `user_id`, `approved`) VALUES (166312, 166312, 1);
INSERT INTO `lk9v6_alumni_data` (`alumni_id`, `graduation_year`, `fid`, `job`, `address`, `city`, `country`, `phone`, `gid`, `mobile`, `nationalnumber`, `department`, `division`, `with_honor`) VALUES (166312, 2015, '1', '', '', '', '', '034435760', '4', '01207874499', '', 'الفيزياء', 'العلوم الطبيعية', '');
INSERT INTO `lk9v6_users` (`name`, `email`, `usertype`) VALUES ('نرمين شعبان امين على الزعويلى', 'nermin13s05213@alexu.edu.eg', 'الخريجين');
INSERT INTO `lk9v6_alumni_main` (`id`, `user_id`, `approved`) VALUES (166313, 166313, 1);
INSERT INTO `lk9v6_alumni_data` (`alumni_id`, `graduation_year`, `fid`, `job`, `address`, `city`, `country`, `phone`, `gid`, `mobile`, `nationalnumber`, `department`, `division`, `with_honor`) VALUES (166313, 2015, '1', '', '', '', '', '0453641615', '4', '01066612851', '', 'الميكروبيولوجى', 'العلوم البيولوجية', '');
INSERT INTO `lk9v6_users` (`name`, `email`, `usertype`) VALUES ('ميريت سمعان بشير غبريال', 'mirit13s05494@alexu.edu.eg', 'الخريجين');
INSERT INTO `lk9v6_alumni_main` (`id`, `user_id`, `approved`) VALUES (166314, 166314, 1);
INSERT INTO `lk9v6_alumni_data` (`alumni_id`, `graduation_year`, `fid`, `job`, `address`, `city`, `country`, `phone`, `gid`, `mobile`, `nationalnumber`, `department`, `division`, `with_honor`) VALUES (166314, 2015, '1', '', '', '', '', '5323707', '4', '01221293174', '', 'الميكروبيولوجى', 'العلوم البيولوجية', '');
INSERT INTO `lk9v6_users` (`name`, `email`, `usertype`) VALUES ('نورهان محمد عبد الحميد محمد', 'nourhan13s06321@alexu.edu.eg', 'الخريجين');
INSERT INTO `lk9v6_alumni_main` (`id`, `user_id`, `approved`) VALUES (166315, 166315, 1);
INSERT INTO `lk9v6_alumni_data` (`alumni_id`, `graduation_year`, `fid`, `job`, `address`, `city`, `country`, `phone`, `gid`, `mobile`, `nationalnumber`, `department`, `division`, `with_honor`) VALUES (166315, 2015, '1', '', '', '', '', '035850576', '4', '0192236945', '', 'الفيزياء', 'العلوم الطبيعية', '');
INSERT INTO `lk9v6_users` (`name`, `email`, `usertype`) VALUES ('فاطمه سعيد داود سليمان حسين', 'fatma13s04975@alexu.edu.eg', 'الخريجين');
INSERT INTO `lk9v6_alumni_main` (`id`, `user_id`, `approved`) VALUES (166316, 166316, 1);
INSERT INTO `lk9v6_alumni_data` (`alumni_id`, `graduation_year`, `fid`, `job`, `address`, `city`, `country`, `phone`, `gid`, `mobile`, `nationalnumber`, `department`, `division`, `with_honor`) VALUES (166316, 2015, '1', '', '', '', '', '033246564', '4', '01278710761', '', 'الميكروبيولوجى', 'العلوم البيولوجية', '');
INSERT INTO `lk9v6_users` (`name`, `email`, `usertype`) VALUES ('منى محمد احمد حسين', 'mona13s06308@alexu.edu.eg', 'الخريجين');
INSERT INTO `lk9v6_alumni_main` (`id`, `user_id`, `approved`) VALUES (166317, 166317, 1);
INSERT INTO `lk9v6_alumni_data` (`alumni_id`, `graduation_year`, `fid`, `job`, `address`, `city`, `country`, `phone`, `gid`, `mobile`, `nationalnumber`, `department`, `division`, `with_honor`) VALUES (166317, 2015, '1', '', '', '', '', '4423434', '4', '01229278073', '', 'الفيزياء', 'العلوم الطبيعية', '');
INSERT INTO `lk9v6_users` (`name`, `email`, `usertype`) VALUES ('أحمد حسين محمد شحاته ', 'ahmed13s06708@alexu.edu.eg', 'الخريجين');
INSERT INTO `lk9v6_alumni_main` (`id`, `user_id`, `approved`) VALUES (166318, 166318, 1);
INSERT INTO `lk9v6_alumni_data` (`alumni_id`, `graduation_year`, `fid`, `job`, `address`, `city`, `country`, `phone`, `gid`, `mobile`, `nationalnumber`, `department`, `division`, `with_honor`) VALUES (166318, 2015, '1', '', '', '', '', '035051223', '4', '01206293528', '', 'الفيزياء', 'العلوم الطبيعية', '');
INSERT INTO `lk9v6_users` (`name`, `email`, `usertype`) VALUES ('هاجر محمود احمد محمود الصباغ', 'hager13s05269@alexu.edu.eg', 'الخريجين');
INSERT INTO `lk9v6_alumni_main` (`id`, `user_id`, `approved`) VALUES (166319, 166319, 1);
INSERT INTO `lk9v6_alumni_data` (`alumni_id`, `graduation_year`, `fid`, `job`, `address`, `city`, `country`, `phone`, `gid`, `mobile`, `nationalnumber`, `department`, `division`, `with_honor`) VALUES (166319, 2015, '1', '', '', '', '', '035357517', '4', '01225613138', '', 'علوم البيئة', 'العلوم البيولوجية', '');
INSERT INTO `lk9v6_users` (`name`, `email`, `usertype`) VALUES ('سلمى حسن زكى حسن محمد', 'salma13s05207@alexu.edu.eg', 'الخريجين');
INSERT INTO `lk9v6_alumni_main` (`id`, `user_id`, `approved`) VALUES (166320, 166320, 1);
INSERT INTO `lk9v6_alumni_data` (`alumni_id`, `graduation_year`, `fid`, `job`, `address`, `city`, `country`, `phone`, `gid`, `mobile`, `nationalnumber`, `department`, `division`, `with_honor`) VALUES (166320, 2015, '1', '', '', '', '', '5484954', '4', '01229902491', '', 'علوم البيئة', 'العلوم البيولوجية', '');
INSERT INTO `lk9v6_users` (`name`, `email`, `usertype`) VALUES ('ايه على فتحى احمد كمال التيجانى', 'aya13s04574@alexu.edu.eg', 'الخريجين');
INSERT INTO `lk9v6_alumni_main` (`id`, `user_id`, `approved`) VALUES (166321, 166321, 1);
INSERT INTO `lk9v6_alumni_data` (`alumni_id`, `graduation_year`, `fid`, `job`, `address`, `city`, `country`, `phone`, `gid`, `mobile`, `nationalnumber`, `department`, `division`, `with_honor`) VALUES (166321, 2015, '1', '', '', '', '', '034360358', '4', '01228279258', '', 'الفيزياء', 'العلوم الطبيعية', '');
INSERT INTO `lk9v6_users` (`name`, `email`, `usertype`) VALUES ('عبير مجدى محمد فرحات', 'abeer13s05849@alexu.edu.eg', 'الخريجين');
INSERT INTO `lk9v6_alumni_main` (`id`, `user_id`, `approved`) VALUES (166322, 166322, 1);
INSERT INTO `lk9v6_alumni_data` (`alumni_id`, `graduation_year`, `fid`, `job`, `address`, `city`, `country`, `phone`, `gid`, `mobile`, `nationalnumber`, `department`, `division`, `with_honor`) VALUES (166322, 2015, '1', '', '', '', '', '0464944327', '4', '01119034943', '', 'علوم البيئة', 'العلوم البيولوجية', '');
INSERT INTO `lk9v6_users` (`name`, `email`, `usertype`) VALUES ('سارة علاء ابراهيم حسن', 'sara13s06327@alexu.edu.eg', 'الخريجين');
INSERT INTO `lk9v6_alumni_main` (`id`, `user_id`, `approved`) VALUES (166323, 166323, 1);
INSERT INTO `lk9v6_alumni_data` (`alumni_id`, `graduation_year`, `fid`, `job`, `address`, `city`, `country`, `phone`, `gid`, `mobile`, `nationalnumber`, `department`, `division`, `with_honor`) VALUES (166323, 2015, '1', '', '', '', '', '3632415', '4', '01201201991', '', 'الفيزياء', 'العلوم الطبيعية', '');
INSERT INTO `lk9v6_users` (`name`, `email`, `usertype`) VALUES ('محمد صلاح عبدالمعز عطية', 'mohamed13s04510@alexu.edu.eg', 'الخريجين');
INSERT INTO `lk9v6_alumni_main` (`id`, `user_id`, `approved`) VALUES (166324, 166324, 1);
INSERT INTO `lk9v6_alumni_data` (`alumni_id`, `graduation_year`, `fid`, `job`, `address`, `city`, `country`, `phone`, `gid`, `mobile`, `nationalnumber`, `department`, `division`, `with_honor`) VALUES (166324, 2015, '1', '', '', '', '', '0452502294', '4', '01227430080', '', 'الفيزياء', 'العلوم الطبيعية', '');
INSERT INTO `lk9v6_users` (`name`, `email`, `usertype`) VALUES ('نورهان محمد سعد سيد احمد عطيه', 'nourhan13s05737@alexu.edu.eg', 'الخريجين');
INSERT INTO `lk9v6_alumni_main` (`id`, `user_id`, `approved`) VALUES (166325, 166325, 1);
INSERT INTO `lk9v6_alumni_data` (`alumni_id`, `graduation_year`, `fid`, `job`, `address`, `city`, `country`, `phone`, `gid`, `mobile`, `nationalnumber`, `department`, `division`, `with_honor`) VALUES (166325, 2015, '1', '', '', '', '', '0472970402', '4', '0192356507', '', 'الكيمياء الحيوية', 'العلوم البيولوجية', '');
INSERT INTO `lk9v6_users` (`name`, `email`, `usertype`) VALUES ('مديحه الشلامونى خليل رجب عبدالله', 'madiha13s05488@alexu.edu.eg', 'الخريجين');
INSERT INTO `lk9v6_alumni_main` (`id`, `user_id`, `approved`) VALUES (166326, 166326, 1);
INSERT INTO `lk9v6_alumni_data` (`alumni_id`, `graduation_year`, `fid`, `job`, `address`, `city`, `country`, `phone`, `gid`, `mobile`, `nationalnumber`, `department`, `division`, `with_honor`) VALUES (166326, 2015, '1', '', '', '', '', '0452660348', '4', '01149108959', '', 'الكيمياء الحيوية', 'العلوم البيولوجية', '');
INSERT INTO `lk9v6_users` (`name`, `email`, `usertype`) VALUES ('ايه احمد الحسين محمد الحنفى', 'aya13s05666@alexu.edu.eg', 'الخريجين');
INSERT INTO `lk9v6_alumni_main` (`id`, `user_id`, `approved`) VALUES (166327, 166327, 1);
INSERT INTO `lk9v6_alumni_data` (`alumni_id`, `graduation_year`, `fid`, `job`, `address`, `city`, `country`, `phone`, `gid`, `mobile`, `nationalnumber`, `department`, `division`, `with_honor`) VALUES (166327, 2015, '1', '', '', '', '', '5067196', '4', '01129125000', '', 'الميكروبيولوجى', 'العلوم البيولوجية', '');
INSERT INTO `lk9v6_users` (`name`, `email`, `usertype`) VALUES ('هدير عبد المالك محمد احمد روبى', 'hadeer13s05370@alexu.edu.eg', 'الخريجين');
INSERT INTO `lk9v6_alumni_main` (`id`, `user_id`, `approved`) VALUES (166328, 166328, 1);
INSERT INTO `lk9v6_alumni_data` (`alumni_id`, `graduation_year`, `fid`, `job`, `address`, `city`, `country`, `phone`, `gid`, `mobile`, `nationalnumber`, `department`, `division`, `with_honor`) VALUES (166328, 2015, '1', '', '', '', '', '035046908', '4', '01284912018', '', 'الكيمياء الحيوية', 'العلوم البيولوجية', '');
INSERT INTO `lk9v6_users` (`name`, `email`, `usertype`) VALUES ('ايمان عطيه الله حسن عبد العليم', 'eman13s05124@alexu.edu.eg', 'الخريجين');
INSERT INTO `lk9v6_alumni_main` (`id`, `user_id`, `approved`) VALUES (166329, 166329, 1);
INSERT INTO `lk9v6_alumni_data` (`alumni_id`, `graduation_year`, `fid`, `job`, `address`, `city`, `country`, `phone`, `gid`, `mobile`, `nationalnumber`, `department`, `division`, `with_honor`) VALUES (166329, 2015, '1', '', '', '', '', '039571471', '4', '01289021035', '', 'علوم البيئة', 'العلوم البيولوجية', '');
INSERT INTO `lk9v6_users` (`name`, `email`, `usertype`) VALUES ('اسماء محمود لطفى هاشم كيلانى', 'asmaa13s05137@alexu.edu.eg', 'الخريجين');
INSERT INTO `lk9v6_alumni_main` (`id`, `user_id`, `approved`) VALUES (166330, 166330, 1);
INSERT INTO `lk9v6_alumni_data` (`alumni_id`, `graduation_year`, `fid`, `job`, `address`, `city`, `country`, `phone`, `gid`, `mobile`, `nationalnumber`, `department`, `division`, `with_honor`) VALUES (166330, 2015, '1', '', '', '', '', '5068511', '4', '01009941985', '', 'الميكروبيولوجى', 'العلوم البيولوجية', '');
INSERT INTO `lk9v6_users` (`name`, `email`, `usertype`) VALUES ('اشرف محمد عبد النعيم حسين', 'ashraf13s05430@alexu.edu.eg', 'الخريجين');
INSERT INTO `lk9v6_alumni_main` (`id`, `user_id`, `approved`) VALUES (166331, 166331, 1);
INSERT INTO `lk9v6_alumni_data` (`alumni_id`, `graduation_year`, `fid`, `job`, `address`, `city`, `country`, `phone`, `gid`, `mobile`, `nationalnumber`, `department`, `division`, `with_honor`) VALUES (166331, 2015, '1', '', '', '', '', '0000000', '4', '01224288997', '', 'علوم البيئة', 'العلوم البيولوجية', '');
INSERT INTO `lk9v6_users` (`name`, `email`, `usertype`) VALUES ('امنيه عبد الرسول محمد متولى', 'omnia13s04946@alexu.edu.eg', 'الخريجين');
INSERT INTO `lk9v6_alumni_main` (`id`, `user_id`, `approved`) VALUES (166332, 166332, 1);
INSERT INTO `lk9v6_alumni_data` (`alumni_id`, `graduation_year`, `fid`, `job`, `address`, `city`, `country`, `phone`, `gid`, `mobile`, `nationalnumber`, `department`, `division`, `with_honor`) VALUES (166332, 2015, '1', '', '', '', '', '035293136', '4', '01277078884', '', 'الكيمياء الحيوية', 'العلوم البيولوجية', '');
INSERT INTO `lk9v6_users` (`name`, `email`, `usertype`) VALUES ('احمد عبدالعزيز السيد عبدالعزيز جنينه', 'ahmed13s05252@alexu.edu.eg', 'الخريجين');
INSERT INTO `lk9v6_alumni_main` (`id`, `user_id`, `approved`) VALUES (166333, 166333, 1);
INSERT INTO `lk9v6_alumni_data` (`alumni_id`, `graduation_year`, `fid`, `job`, `address`, `city`, `country`, `phone`, `gid`, `mobile`, `nationalnumber`, `department`, `division`, `with_honor`) VALUES (166333, 2015, '1', '', '', '', '', '0452243214', '4', '01204926630', '', 'الكيمياء الحيوية', 'العلوم البيولوجية', '');
INSERT INTO `lk9v6_users` (`name`, `email`, `usertype`) VALUES ('محمد عبدالحميد محمد عبدالله', 'mohamed13s05036@alexu.edu.eg', 'الخريجين');
INSERT INTO `lk9v6_alumni_main` (`id`, `user_id`, `approved`) VALUES (166334, 166334, 1);
INSERT INTO `lk9v6_alumni_data` (`alumni_id`, `graduation_year`, `fid`, `job`, `address`, `city`, `country`, `phone`, `gid`, `mobile`, `nationalnumber`, `department`, `division`, `with_honor`) VALUES (166334, 2015, '1', '', '', '', '', '0453561453', '4', '01146074260', '', 'الميكروبيولوجى', 'العلوم البيولوجية', '');
INSERT INTO `lk9v6_users` (`name`, `email`, `usertype`) VALUES ('دينا ابراهيم صادق احمد العبد', 'dina13s05278@alexu.edu.eg', 'الخريجين');
INSERT INTO `lk9v6_alumni_main` (`id`, `user_id`, `approved`) VALUES (166335, 166335, 1);
INSERT INTO `lk9v6_alumni_data` (`alumni_id`, `graduation_year`, `fid`, `job`, `address`, `city`, `country`, `phone`, `gid`, `mobile`, `nationalnumber`, `department`, `division`, `with_honor`) VALUES (166335, 2015, '1', '', '', '', '', '5611434', '4', '01003644681', '', 'الميكروبيولوجى', 'العلوم البيولوجية', '');
INSERT INTO `lk9v6_users` (`name`, `email`, `usertype`) VALUES ('اسراء سعيد احمد عبد ربه ابراهيم', 'esraa13s04997@alexu.edu.eg', 'الخريجين');
INSERT INTO `lk9v6_alumni_main` (`id`, `user_id`, `approved`) VALUES (166336, 166336, 1);
INSERT INTO `lk9v6_alumni_data` (`alumni_id`, `graduation_year`, `fid`, `job`, `address`, `city`, `country`, `phone`, `gid`, `mobile`, `nationalnumber`, `department`, `division`, `with_honor`) VALUES (166336, 2015, '1', '', '', '', '', '2201239', '4', '01206222850', '', 'الميكروبيولوجى', 'العلوم البيولوجية', '');
INSERT INTO `lk9v6_users` (`name`, `email`, `usertype`) VALUES ('نعناعه منسى سعد منسى عبدالجواد', 'nenaa13s05211@alexu.edu.eg', 'الخريجين');
INSERT INTO `lk9v6_alumni_main` (`id`, `user_id`, `approved`) VALUES (166337, 166337, 1);
INSERT INTO `lk9v6_alumni_data` (`alumni_id`, `graduation_year`, `fid`, `job`, `address`, `city`, `country`, `phone`, `gid`, `mobile`, `nationalnumber`, `department`, `division`, `with_honor`) VALUES (166337, 2015, '1', '', '', '', '', '0472773891', '4', '0192213402', '', 'الكيمياء الحيوية', 'العلوم البيولوجية', '');
INSERT INTO `lk9v6_users` (`name`, `email`, `usertype`) VALUES ('محمود جابر عبدالسلام محمود', 'mahmoud13s04985@alexu.edu.eg', 'الخريجين');
INSERT INTO `lk9v6_alumni_main` (`id`, `user_id`, `approved`) VALUES (166338, 166338, 1);
INSERT INTO `lk9v6_alumni_data` (`alumni_id`, `graduation_year`, `fid`, `job`, `address`, `city`, `country`, `phone`, `gid`, `mobile`, `nationalnumber`, `department`, `division`, `with_honor`) VALUES (166338, 2015, '1', '', '', '', '', '0452409438', '4', '01115620656', '', 'الميكروبيولوجى', 'العلوم البيولوجية', '');
INSERT INTO `lk9v6_users` (`name`, `email`, `usertype`) VALUES ('اسراء محمد اسماعيل خضر', 'esraa13s04820@alexu.edu.eg', 'الخريجين');
INSERT INTO `lk9v6_alumni_main` (`id`, `user_id`, `approved`) VALUES (166339, 166339, 1);
INSERT INTO `lk9v6_alumni_data` (`alumni_id`, `graduation_year`, `fid`, `job`, `address`, `city`, `country`, `phone`, `gid`, `mobile`, `nationalnumber`, `department`, `division`, `with_honor`) VALUES (166339, 2015, '1', '', '', '', '', '3801792', '4', '01123553067', '', 'الميكروبيولوجى', 'العلوم البيولوجية', '');
INSERT INTO `lk9v6_users` (`name`, `email`, `usertype`) VALUES ('هند محمد محمود على فتح الله درغام', 'hend13s05702@alexu.edu.eg', 'الخريجين');
INSERT INTO `lk9v6_alumni_main` (`id`, `user_id`, `approved`) VALUES (166340, 166340, 1);
INSERT INTO `lk9v6_alumni_data` (`alumni_id`, `graduation_year`, `fid`, `job`, `address`, `city`, `country`, `phone`, `gid`, `mobile`, `nationalnumber`, `department`, `division`, `with_honor`) VALUES (166340, 2015, '1', '', '', '', '', '3760174', '4', '01069242456', '', 'الكيمياء الحيوية', 'العلوم البيولوجية', '');
INSERT INTO `lk9v6_users` (`name`, `email`, `usertype`) VALUES ('الهام محمد محمود عبدالباقى', 'elham13s05844@alexu.edu.eg', 'الخريجين');
INSERT INTO `lk9v6_alumni_main` (`id`, `user_id`, `approved`) VALUES (166341, 166341, 1);
INSERT INTO `lk9v6_alumni_data` (`alumni_id`, `graduation_year`, `fid`, `job`, `address`, `city`, `country`, `phone`, `gid`, `mobile`, `nationalnumber`, `department`, `division`, `with_honor`) VALUES (166341, 2015, '1', '', '', '', '', '3614954', '4', '01275302982', '', 'الكيمياء الحيوية', 'العلوم البيولوجية', '');
INSERT INTO `lk9v6_users` (`name`, `email`, `usertype`) VALUES ('ماهيتاب فتحى حسن حسين', 'mahitab13s05761@alexu.edu.eg', 'الخريجين');
INSERT INTO `lk9v6_alumni_main` (`id`, `user_id`, `approved`) VALUES (166342, 166342, 1);
INSERT INTO `lk9v6_alumni_data` (`alumni_id`, `graduation_year`, `fid`, `job`, `address`, `city`, `country`, `phone`, `gid`, `mobile`, `nationalnumber`, `department`, `division`, `with_honor`) VALUES (166342, 2015, '1', '', '', '', '', '035777402', '4', '01272365876', '', 'الميكروبيولوجى', 'العلوم البيولوجية', '');
INSERT INTO `lk9v6_users` (`name`, `email`, `usertype`) VALUES ('شاهنده احمد فؤاد صديق جابر', 'shahinda13s04500@alexu.edu.eg', 'الخريجين');
INSERT INTO `lk9v6_alumni_main` (`id`, `user_id`, `approved`) VALUES (166343, 166343, 1);
INSERT INTO `lk9v6_alumni_data` (`alumni_id`, `graduation_year`, `fid`, `job`, `address`, `city`, `country`, `phone`, `gid`, `mobile`, `nationalnumber`, `department`, `division`, `with_honor`) VALUES (166343, 2015, '1', '', '', '', '', '034451331', '4', '01224353870', '', 'الفيزياء', 'العلوم الطبيعية', '');
INSERT INTO `lk9v6_users` (`name`, `email`, `usertype`) VALUES ('رنا عادل حسن محمد', 'rana13s04784@alexu.edu.eg', 'الخريجين');
INSERT INTO `lk9v6_alumni_main` (`id`, `user_id`, `approved`) VALUES (166344, 166344, 1);
INSERT INTO `lk9v6_alumni_data` (`alumni_id`, `graduation_year`, `fid`, `job`, `address`, `city`, `country`, `phone`, `gid`, `mobile`, `nationalnumber`, `department`, `division`, `with_honor`) VALUES (166344, 2015, '1', '', '', '', '', '5337410', '4', '01061176428', '', 'الفيزياء', 'العلوم الطبيعية', '');
INSERT INTO `lk9v6_users` (`name`, `email`, `usertype`) VALUES ('ياسمين ابراهيم متولى احمد حسين', 'yasmin13s05675@alexu.edu.eg', 'الخريجين');
INSERT INTO `lk9v6_alumni_main` (`id`, `user_id`, `approved`) VALUES (166345, 166345, 1);
INSERT INTO `lk9v6_alumni_data` (`alumni_id`, `graduation_year`, `fid`, `job`, `address`, `city`, `country`, `phone`, `gid`, `mobile`, `nationalnumber`, `department`, `division`, `with_honor`) VALUES (166345, 2015, '1', '', '', '', '', '033247742', '4', '01003193311', '', 'الكيمياء الحيوية', 'العلوم البيولوجية', '');
INSERT INTO `lk9v6_users` (`name`, `email`, `usertype`) VALUES ('مى محمد عبدالعظيم عبدالحليم', 'mai13s05605@alexu.edu.eg', 'الخريجين');
INSERT INTO `lk9v6_alumni_main` (`id`, `user_id`, `approved`) VALUES (166346, 166346, 1);
INSERT INTO `lk9v6_alumni_data` (`alumni_id`, `graduation_year`, `fid`, `job`, `address`, `city`, `country`, `phone`, `gid`, `mobile`, `nationalnumber`, `department`, `division`, `with_honor`) VALUES (166346, 2015, '1', '', '', '', '', '5044030', '4', '0184942847', '', 'علوم البيئة', 'العلوم البيولوجية', '');
INSERT INTO `lk9v6_users` (`name`, `email`, `usertype`) VALUES ('اسراء جمال مرسى محمد عطيه', 'esraa13s04740@alexu.edu.eg', 'الخريجين');
INSERT INTO `lk9v6_alumni_main` (`id`, `user_id`, `approved`) VALUES (166347, 166347, 1);
INSERT INTO `lk9v6_alumni_data` (`alumni_id`, `graduation_year`, `fid`, `job`, `address`, `city`, `country`, `phone`, `gid`, `mobile`, `nationalnumber`, `department`, `division`, `with_honor`) VALUES (166347, 2015, '1', '', '', '', '', '5933764', '4', '01221429948', '', 'الفيزياء', 'العلوم الطبيعية', '');
INSERT INTO `lk9v6_users` (`name`, `email`, `usertype`) VALUES ('احمد السيد احمد جميعى', 'ahmed13s05123@alexu.edu.eg', 'الخريجين');
INSERT INTO `lk9v6_alumni_main` (`id`, `user_id`, `approved`) VALUES (166348, 166348, 1);
INSERT INTO `lk9v6_alumni_data` (`alumni_id`, `graduation_year`, `fid`, `job`, `address`, `city`, `country`, `phone`, `gid`, `mobile`, `nationalnumber`, `department`, `division`, `with_honor`) VALUES (166348, 2015, '1', '', '', '', '', '035632772', '4', '01110456586', '', 'الكيمياء الحيوية', 'العلوم البيولوجية', '');
INSERT INTO `lk9v6_users` (`name`, `email`, `usertype`) VALUES ('محمود شكرى حافظ شيخ روحه', 'mahmoud13s04554@alexu.edu.eg', 'الخريجين');
INSERT INTO `lk9v6_alumni_main` (`id`, `user_id`, `approved`) VALUES (166349, 166349, 1);
INSERT INTO `lk9v6_alumni_data` (`alumni_id`, `graduation_year`, `fid`, `job`, `address`, `city`, `country`, `phone`, `gid`, `mobile`, `nationalnumber`, `department`, `division`, `with_honor`) VALUES (166349, 2015, '1', '', '', '', '', '034487934', '4', '01277748115', '', 'الفيزياء', 'العلوم الطبيعية', '');
INSERT INTO `lk9v6_users` (`name`, `email`, `usertype`) VALUES ('اسماء زناتى احمد احمد عامر', 'asmaa13s05259@alexu.edu.eg', 'الخريجين');
INSERT INTO `lk9v6_alumni_main` (`id`, `user_id`, `approved`) VALUES (166350, 166350, 1);
INSERT INTO `lk9v6_alumni_data` (`alumni_id`, `graduation_year`, `fid`, `job`, `address`, `city`, `country`, `phone`, `gid`, `mobile`, `nationalnumber`, `department`, `division`, `with_honor`) VALUES (166350, 2015, '1', '', '', '', '', '0473436484', '4', '01121600677', '', 'الميكروبيولوجى', 'العلوم البيولوجية', '');
INSERT INTO `lk9v6_users` (`name`, `email`, `usertype`) VALUES ('احمد عشرى حبشى ابراهيم حبشى', 'ahmed13s06106@alexu.edu.eg', 'الخريجين');
INSERT INTO `lk9v6_alumni_main` (`id`, `user_id`, `approved`) VALUES (166351, 166351, 1);
INSERT INTO `lk9v6_alumni_data` (`alumni_id`, `graduation_year`, `fid`, `job`, `address`, `city`, `country`, `phone`, `gid`, `mobile`, `nationalnumber`, `department`, `division`, `with_honor`) VALUES (166351, 2015, '1', '', '', '', '', '0452290190', '4', '01097518450', '', 'الفيزياء', 'العلوم الطبيعية', '');
INSERT INTO `lk9v6_users` (`name`, `email`, `usertype`) VALUES ('محمد عبد الكريم على محمد', 'mohamed13s06435@alexu.edu.eg', 'الخريجين');
INSERT INTO `lk9v6_alumni_main` (`id`, `user_id`, `approved`) VALUES (166352, 166352, 1);
INSERT INTO `lk9v6_alumni_data` (`alumni_id`, `graduation_year`, `fid`, `job`, `address`, `city`, `country`, `phone`, `gid`, `mobile`, `nationalnumber`, `department`, `division`, `with_honor`) VALUES (166352, 2015, '1', '', '', '', '', '01200095301', '4', '01028960159', '', 'الفيزياء', 'العلوم الطبيعية', '');
INSERT INTO `lk9v6_users` (`name`, `email`, `usertype`) VALUES ('احمد محمد حسن على ابوريه', 'ahmed13s05292@alexu.edu.eg', 'الخريجين');
INSERT INTO `lk9v6_alumni_main` (`id`, `user_id`, `approved`) VALUES (166353, 166353, 1);
INSERT INTO `lk9v6_alumni_data` (`alumni_id`, `graduation_year`, `fid`, `job`, `address`, `city`, `country`, `phone`, `gid`, `mobile`, `nationalnumber`, `department`, `division`, `with_honor`) VALUES (166353, 2015, '1', '', '', '', '', '0452814624', '4', '01115723741', '', 'الميكروبيولوجى', 'العلوم البيولوجية', '');
INSERT INTO `lk9v6_users` (`name`, `email`, `usertype`) VALUES ('نهال حامد احمد اسماعيل', 'nehal13s05701@alexu.edu.eg', 'الخريجين');
INSERT INTO `lk9v6_alumni_main` (`id`, `user_id`, `approved`) VALUES (166354, 166354, 1);
INSERT INTO `lk9v6_alumni_data` (`alumni_id`, `graduation_year`, `fid`, `job`, `address`, `city`, `country`, `phone`, `gid`, `mobile`, `nationalnumber`, `department`, `division`, `with_honor`) VALUES (166354, 2015, '1', '', '', '', '', '035016013', '4', '01145746522', '', 'الكيمياء الحيوية', 'العلوم البيولوجية', '');
INSERT INTO `lk9v6_users` (`name`, `email`, `usertype`) VALUES ('محمد صابر نعيم بخيت', 'mohamed13s04604@alexu.edu.eg', 'الخريجين');
INSERT INTO `lk9v6_alumni_main` (`id`, `user_id`, `approved`) VALUES (166355, 166355, 1);
INSERT INTO `lk9v6_alumni_data` (`alumni_id`, `graduation_year`, `fid`, `job`, `address`, `city`, `country`, `phone`, `gid`, `mobile`, `nationalnumber`, `department`, `division`, `with_honor`) VALUES (166355, 2015, '1', '', '', '', '', '033634314', '4', '01274293992', '', 'الجيولوجيا', 'العلوم الجيولوجية', '');
INSERT INTO `lk9v6_users` (`name`, `email`, `usertype`) VALUES ('هدير يسرى منصور شربوى', 'hadeer13s06434@alexu.edu.eg', 'الخريجين');
INSERT INTO `lk9v6_alumni_main` (`id`, `user_id`, `approved`) VALUES (166356, 166356, 1);
INSERT INTO `lk9v6_alumni_data` (`alumni_id`, `graduation_year`, `fid`, `job`, `address`, `city`, `country`, `phone`, `gid`, `mobile`, `nationalnumber`, `department`, `division`, `with_honor`) VALUES (166356, 2015, '1', '', '', '', '', '035047249', '4', '0187918338', '', 'الميكروبيولوجى', 'العلوم البيولوجية', '');
INSERT INTO `lk9v6_users` (`name`, `email`, `usertype`) VALUES ('دينا ابراهيم عامر حسن عامر ', 'dina13s06702@alexu.edu.eg', 'الخريجين');
INSERT INTO `lk9v6_alumni_main` (`id`, `user_id`, `approved`) VALUES (166357, 166357, 1);
INSERT INTO `lk9v6_alumni_data` (`alumni_id`, `graduation_year`, `fid`, `job`, `address`, `city`, `country`, `phone`, `gid`, `mobile`, `nationalnumber`, `department`, `division`, `with_honor`) VALUES (166357, 2015, '1', '', '', '', '', '034954941', '4', '0123118606', '', 'الفيزياء', 'العلوم الطبيعية', '');
INSERT INTO `lk9v6_users` (`name`, `email`, `usertype`) VALUES ('سيمون سمير توفيق اسرائيل منقريوس', 'simon13s04895@alexu.edu.eg', 'الخريجين');
INSERT INTO `lk9v6_alumni_main` (`id`, `user_id`, `approved`) VALUES (166358, 166358, 1);
INSERT INTO `lk9v6_alumni_data` (`alumni_id`, `graduation_year`, `fid`, `job`, `address`, `city`, `country`, `phone`, `gid`, `mobile`, `nationalnumber`, `department`, `division`, `with_honor`) VALUES (166358, 2015, '1', '', '', '', '', '5275765', '4', '01287908079', '', 'الميكروبيولوجى', 'العلوم البيولوجية', '');
INSERT INTO `lk9v6_users` (`name`, `email`, `usertype`) VALUES ('ساره السيد محمد حسن عبد الفتاح', 'sara13s05456@alexu.edu.eg', 'الخريجين');
INSERT INTO `lk9v6_alumni_main` (`id`, `user_id`, `approved`) VALUES (166359, 166359, 1);
INSERT INTO `lk9v6_alumni_data` (`alumni_id`, `graduation_year`, `fid`, `job`, `address`, `city`, `country`, `phone`, `gid`, `mobile`, `nationalnumber`, `department`, `division`, `with_honor`) VALUES (166359, 2015, '1', '', '', '', '', '3818853', '4', '01225481273', '', 'الكيمياء الحيوية', 'العلوم البيولوجية', '');
INSERT INTO `lk9v6_users` (`name`, `email`, `usertype`) VALUES ('ايمن محمد نجيب محمد احمد', 'ayman13s06104@alexu.edu.eg', 'الخريجين');
INSERT INTO `lk9v6_alumni_main` (`id`, `user_id`, `approved`) VALUES (166360, 166360, 1);
INSERT INTO `lk9v6_alumni_data` (`alumni_id`, `graduation_year`, `fid`, `job`, `address`, `city`, `country`, `phone`, `gid`, `mobile`, `nationalnumber`, `department`, `division`, `with_honor`) VALUES (166360, 2015, '1', '', '', '', '', '035273138', '4', '01145606397', '', 'الفيزياء', 'العلوم الطبيعية', '');
INSERT INTO `lk9v6_users` (`name`, `email`, `usertype`) VALUES ('فاطمه عبداللاه احمد محمد السايح', 'fatma13s05619@alexu.edu.eg', 'الخريجين');
INSERT INTO `lk9v6_alumni_main` (`id`, `user_id`, `approved`) VALUES (166361, 166361, 1);
INSERT INTO `lk9v6_alumni_data` (`alumni_id`, `graduation_year`, `fid`, `job`, `address`, `city`, `country`, `phone`, `gid`, `mobile`, `nationalnumber`, `department`, `division`, `with_honor`) VALUES (166361, 2015, '1', '', '', '', '', '9580095', '4', '01006159268', '', 'علوم البيئة', 'العلوم البيولوجية', '');
INSERT INTO `lk9v6_users` (`name`, `email`, `usertype`) VALUES ('اسماء عبدالله السيد محمد', 'asmaa13s05023@alexu.edu.eg', 'الخريجين');
INSERT INTO `lk9v6_alumni_main` (`id`, `user_id`, `approved`) VALUES (166362, 166362, 1);
INSERT INTO `lk9v6_alumni_data` (`alumni_id`, `graduation_year`, `fid`, `job`, `address`, `city`, `country`, `phone`, `gid`, `mobile`, `nationalnumber`, `department`, `division`, `with_honor`) VALUES (166362, 2015, '1', '', '', '', '', '01284897904', '4', '01284413038', '', 'الكيمياء الحيوية', 'العلوم البيولوجية', '');
INSERT INTO `lk9v6_users` (`name`, `email`, `usertype`) VALUES ('رانا اشرف محمد احمد نبيه الجندى', 'rana13s05512@alexu.edu.eg', 'الخريجين');
INSERT INTO `lk9v6_alumni_main` (`id`, `user_id`, `approved`) VALUES (166363, 166363, 1);
INSERT INTO `lk9v6_alumni_data` (`alumni_id`, `graduation_year`, `fid`, `job`, `address`, `city`, `country`, `phone`, `gid`, `mobile`, `nationalnumber`, `department`, `division`, `with_honor`) VALUES (166363, 2015, '1', '', '', '', '', '034357865', '4', '01221892226', '', 'الميكروبيولوجى', 'العلوم البيولوجية', '');
INSERT INTO `lk9v6_users` (`name`, `email`, `usertype`) VALUES ('سامر احمد عبد العال السيد', 'samer13s06546@alexu.edu.eg', 'الخريجين');
INSERT INTO `lk9v6_alumni_main` (`id`, `user_id`, `approved`) VALUES (166364, 166364, 1);
INSERT INTO `lk9v6_alumni_data` (`alumni_id`, `graduation_year`, `fid`, `job`, `address`, `city`, `country`, `phone`, `gid`, `mobile`, `nationalnumber`, `department`, `division`, `with_honor`) VALUES (166364, 2015, '1', '', '', '', '', '035340517', '4', '01278513218', '', 'علوم البيئة', 'العلوم البيولوجية', '');
INSERT INTO `lk9v6_users` (`name`, `email`, `usertype`) VALUES ('اسماء محمد محمد حسين موسى', 'asmaa13s04435@alexu.edu.eg', 'الخريجين');
INSERT INTO `lk9v6_alumni_main` (`id`, `user_id`, `approved`) VALUES (166365, 166365, 1);
INSERT INTO `lk9v6_alumni_data` (`alumni_id`, `graduation_year`, `fid`, `job`, `address`, `city`, `country`, `phone`, `gid`, `mobile`, `nationalnumber`, `department`, `division`, `with_honor`) VALUES (166365, 2015, '1', '', '', '', '', '033807732', '4', '01202885513', '', 'الفيزياء', 'العلوم الطبيعية', '');
INSERT INTO `lk9v6_users` (`name`, `email`, `usertype`) VALUES ('منه الله خالد عبده ثابت', 'menna13s05501@alexu.edu.eg', 'الخريجين');
INSERT INTO `lk9v6_alumni_main` (`id`, `user_id`, `approved`) VALUES (166366, 166366, 1);
INSERT INTO `lk9v6_alumni_data` (`alumni_id`, `graduation_year`, `fid`, `job`, `address`, `city`, `country`, `phone`, `gid`, `mobile`, `nationalnumber`, `department`, `division`, `with_honor`) VALUES (166366, 2015, '1', '', '', '', '', '034701503', '4', '0183381822', '', 'الكيمياء الحيوية', 'العلوم البيولوجية', '');
INSERT INTO `lk9v6_users` (`name`, `email`, `usertype`) VALUES ('الاء خليل غريب خليل السعدنى', 'alaa13s04577@alexu.edu.eg', 'الخريجين');
INSERT INTO `lk9v6_alumni_main` (`id`, `user_id`, `approved`) VALUES (166367, 166367, 1);
INSERT INTO `lk9v6_alumni_data` (`alumni_id`, `graduation_year`, `fid`, `job`, `address`, `city`, `country`, `phone`, `gid`, `mobile`, `nationalnumber`, `department`, `division`, `with_honor`) VALUES (166367, 2015, '1', '', '', '', '', '5736087', '4', '01277988282', '', 'الفيزياء', 'العلوم الطبيعية', '');
INSERT INTO `lk9v6_users` (`name`, `email`, `usertype`) VALUES ('مروه صبرى على على العشماوى', 'marwa13s05842@alexu.edu.eg', 'الخريجين');
INSERT INTO `lk9v6_alumni_main` (`id`, `user_id`, `approved`) VALUES (166368, 166368, 1);
INSERT INTO `lk9v6_alumni_data` (`alumni_id`, `graduation_year`, `fid`, `job`, `address`, `city`, `country`, `phone`, `gid`, `mobile`, `nationalnumber`, `department`, `division`, `with_honor`) VALUES (166368, 2015, '1', '', '', '', '', '035285693', '4', '01120729871', '', 'علوم البيئة', 'العلوم البيولوجية', '');
INSERT INTO `lk9v6_users` (`name`, `email`, `usertype`) VALUES ('مريم حسنى محمد صالح السبكى', 'mariem13s05755@alexu.edu.eg', 'الخريجين');
INSERT INTO `lk9v6_alumni_main` (`id`, `user_id`, `approved`) VALUES (166369, 166369, 1);
INSERT INTO `lk9v6_alumni_data` (`alumni_id`, `graduation_year`, `fid`, `job`, `address`, `city`, `country`, `phone`, `gid`, `mobile`, `nationalnumber`, `department`, `division`, `with_honor`) VALUES (166369, 2015, '1', '', '', '', '', '5539534', '4', '0192214828', '', 'الميكروبيولوجى', 'العلوم البيولوجية', '');
INSERT INTO `lk9v6_users` (`name`, `email`, `usertype`) VALUES ('احمد محمد احمد على يوسف', 'ahmed13s06252@alexu.edu.eg', 'الخريجين');
INSERT INTO `lk9v6_alumni_main` (`id`, `user_id`, `approved`) VALUES (166370, 166370, 1);
INSERT INTO `lk9v6_alumni_data` (`alumni_id`, `graduation_year`, `fid`, `job`, `address`, `city`, `country`, `phone`, `gid`, `mobile`, `nationalnumber`, `department`, `division`, `with_honor`) VALUES (166370, 2015, '1', '', '', '', '', '01227034119', '4', '01276361467', '', 'الجيولوجيا', 'العلوم الجيولوجية', '');
INSERT INTO `lk9v6_users` (`name`, `email`, `usertype`) VALUES ('احمد محمد كامل سليمان', 'ahmed13s06335@alexu.edu.eg', 'الخريجين');
INSERT INTO `lk9v6_alumni_main` (`id`, `user_id`, `approved`) VALUES (166371, 166371, 1);
INSERT INTO `lk9v6_alumni_data` (`alumni_id`, `graduation_year`, `fid`, `job`, `address`, `city`, `country`, `phone`, `gid`, `mobile`, `nationalnumber`, `department`, `division`, `with_honor`) VALUES (166371, 2015, '1', '', '', '', '', '033614144', '4', '01006324071', '', 'علوم البيئة', 'العلوم البيولوجية', '');
INSERT INTO `lk9v6_users` (`name`, `email`, `usertype`) VALUES ('شيماء السيد محمد محمد ابو نوارج', 'shaimaa13s06365@alexu.edu.eg', 'الخريجين');
INSERT INTO `lk9v6_alumni_main` (`id`, `user_id`, `approved`) VALUES (166372, 166372, 1);
INSERT INTO `lk9v6_alumni_data` (`alumni_id`, `graduation_year`, `fid`, `job`, `address`, `city`, `country`, `phone`, `gid`, `mobile`, `nationalnumber`, `department`, `division`, `with_honor`) VALUES (166372, 2015, '1', '', '', '', '', '5056831', '4', '0171068575', '', 'الفيزياء', 'العلوم الطبيعية', '');
INSERT INTO `lk9v6_users` (`name`, `email`, `usertype`) VALUES ('نجوى محمد على محمد رجب', 'nagwa13s05555@alexu.edu.eg', 'الخريجين');
INSERT INTO `lk9v6_alumni_main` (`id`, `user_id`, `approved`) VALUES (166373, 166373, 1);
INSERT INTO `lk9v6_alumni_data` (`alumni_id`, `graduation_year`, `fid`, `job`, `address`, `city`, `country`, `phone`, `gid`, `mobile`, `nationalnumber`, `department`, `division`, `with_honor`) VALUES (166373, 2015, '1', '', '', '', '', '035373956', '4', '01226714459', '', 'علوم البيئة', 'العلوم البيولوجية', '');
INSERT INTO `lk9v6_users` (`name`, `email`, `usertype`) VALUES ('ندى احمد رأفت عبدالعال بسيونى', 'nada13s05798@alexu.edu.eg', 'الخريجين');
INSERT INTO `lk9v6_alumni_main` (`id`, `user_id`, `approved`) VALUES (166374, 166374, 1);
INSERT INTO `lk9v6_alumni_data` (`alumni_id`, `graduation_year`, `fid`, `job`, `address`, `city`, `country`, `phone`, `gid`, `mobile`, `nationalnumber`, `department`, `division`, `with_honor`) VALUES (166374, 2015, '1', '', '', '', '', '5260307', '4', '01225434821', '', 'علوم البيئة', 'العلوم البيولوجية', '');
INSERT INTO `lk9v6_users` (`name`, `email`, `usertype`) VALUES ('خلود محمد عبدالعزيز محمد طلبه', 'khloud13s05204@alexu.edu.eg', 'الخريجين');
INSERT INTO `lk9v6_alumni_main` (`id`, `user_id`, `approved`) VALUES (166375, 166375, 1);
INSERT INTO `lk9v6_alumni_data` (`alumni_id`, `graduation_year`, `fid`, `job`, `address`, `city`, `country`, `phone`, `gid`, `mobile`, `nationalnumber`, `department`, `division`, `with_honor`) VALUES (166375, 2015, '1', '', '', '', '', '5379361', '4', '01285717208', '', 'علوم البيئة', 'العلوم البيولوجية', '');
INSERT INTO `lk9v6_users` (`name`, `email`, `usertype`) VALUES ('محمد عماد مغاورى السيد', 'mohamed13s04514@alexu.edu.eg', 'الخريجين');
INSERT INTO `lk9v6_alumni_main` (`id`, `user_id`, `approved`) VALUES (166376, 166376, 1);
INSERT INTO `lk9v6_alumni_data` (`alumni_id`, `graduation_year`, `fid`, `job`, `address`, `city`, `country`, `phone`, `gid`, `mobile`, `nationalnumber`, `department`, `division`, `with_honor`) VALUES (166376, 2015, '1', '', '', '', '', '034701203', '4', '01090592736', '', 'الفيزياء', 'العلوم الطبيعية', '');
INSERT INTO `lk9v6_users` (`name`, `email`, `usertype`) VALUES ('اسراء حكيم توفيق خميس عيد', 'esraa13s05157@alexu.edu.eg', 'الخريجين');
INSERT INTO `lk9v6_alumni_main` (`id`, `user_id`, `approved`) VALUES (166377, 166377, 1);
INSERT INTO `lk9v6_alumni_data` (`alumni_id`, `graduation_year`, `fid`, `job`, `address`, `city`, `country`, `phone`, `gid`, `mobile`, `nationalnumber`, `department`, `division`, `with_honor`) VALUES (166377, 2015, '1', '', '', '', '', '4400040', '4', '01289627381', '', 'الميكروبيولوجى', 'العلوم البيولوجية', '');
INSERT INTO `lk9v6_users` (`name`, `email`, `usertype`) VALUES ('نورهان ابراهيم ابراهيم ابو ديبه', 'nourhan13s05445@alexu.edu.eg', 'الخريجين');
INSERT INTO `lk9v6_alumni_main` (`id`, `user_id`, `approved`) VALUES (166378, 166378, 1);
INSERT INTO `lk9v6_alumni_data` (`alumni_id`, `graduation_year`, `fid`, `job`, `address`, `city`, `country`, `phone`, `gid`, `mobile`, `nationalnumber`, `department`, `division`, `with_honor`) VALUES (166378, 2015, '1', '', '', '', '', '035225553', '4', '01061025239', '', 'الكيمياء الحيوية', 'العلوم البيولوجية', '');
INSERT INTO `lk9v6_users` (`name`, `email`, `usertype`) VALUES ('عبير علاء الدين السيد على بخيت', 'abeer13s05222@alexu.edu.eg', 'الخريجين');
INSERT INTO `lk9v6_alumni_main` (`id`, `user_id`, `approved`) VALUES (166379, 166379, 1);
INSERT INTO `lk9v6_alumni_data` (`alumni_id`, `graduation_year`, `fid`, `job`, `address`, `city`, `country`, `phone`, `gid`, `mobile`, `nationalnumber`, `department`, `division`, `with_honor`) VALUES (166379, 2015, '1', '', '', '', '', '034484458', '4', '01144871031', '', 'الكيمياء الحيوية', 'العلوم البيولوجية', '');
INSERT INTO `lk9v6_users` (`name`, `email`, `usertype`) VALUES ('ناديه مصطفى البكرى عبدالصادق', 'nadia13s05545@alexu.edu.eg', 'الخريجين');
INSERT INTO `lk9v6_alumni_main` (`id`, `user_id`, `approved`) VALUES (166380, 166380, 1);
INSERT INTO `lk9v6_alumni_data` (`alumni_id`, `graduation_year`, `fid`, `job`, `address`, `city`, `country`, `phone`, `gid`, `mobile`, `nationalnumber`, `department`, `division`, `with_honor`) VALUES (166380, 2015, '1', '', '', '', '', '033803281', '4', '01118292226', '', 'الكيمياء الحيوية', 'العلوم البيولوجية', '');
INSERT INTO `lk9v6_users` (`name`, `email`, `usertype`) VALUES ('احمد فرج مصطفى ابراهيم', 'ahmed13s06333@alexu.edu.eg', 'الخريجين');
INSERT INTO `lk9v6_alumni_main` (`id`, `user_id`, `approved`) VALUES (166381, 166381, 1);
INSERT INTO `lk9v6_alumni_data` (`alumni_id`, `graduation_year`, `fid`, `job`, `address`, `city`, `country`, `phone`, `gid`, `mobile`, `nationalnumber`, `department`, `division`, `with_honor`) VALUES (166381, 2015, '1', '', '', '', '', '033915733', '4', '01277240065', '', 'الكيمياء الحيوية', 'العلوم البيولوجية', '');
INSERT INTO `lk9v6_users` (`name`, `email`, `usertype`) VALUES ('محمد خالد محمد محمد مرسى', 'mohamed13s04707@alexu.edu.eg', 'الخريجين');
INSERT INTO `lk9v6_alumni_main` (`id`, `user_id`, `approved`) VALUES (166382, 166382, 1);
INSERT INTO `lk9v6_alumni_data` (`alumni_id`, `graduation_year`, `fid`, `job`, `address`, `city`, `country`, `phone`, `gid`, `mobile`, `nationalnumber`, `department`, `division`, `with_honor`) VALUES (166382, 2015, '1', '', '', '', '', '033326618', '4', '01112441816', '', 'الفيزياء', 'العلوم الطبيعية', '');
INSERT INTO `lk9v6_users` (`name`, `email`, `usertype`) VALUES ('هدير جمال محمود على مرسى', 'hadeer13s05054@alexu.edu.eg', 'الخريجين');
INSERT INTO `lk9v6_alumni_main` (`id`, `user_id`, `approved`) VALUES (166383, 166383, 1);
INSERT INTO `lk9v6_alumni_data` (`alumni_id`, `graduation_year`, `fid`, `job`, `address`, `city`, `country`, `phone`, `gid`, `mobile`, `nationalnumber`, `department`, `division`, `with_honor`) VALUES (166383, 2015, '1', '', '', '', '', '5233873', '4', '0186470041', '', 'الكيمياء الحيوية', 'العلوم البيولوجية', '');
INSERT INTO `lk9v6_users` (`name`, `email`, `usertype`) VALUES ('الشيماء احمد محمود رضوان', 'alshaima13s05703@alexu.edu.eg', 'الخريجين');
INSERT INTO `lk9v6_alumni_main` (`id`, `user_id`, `approved`) VALUES (166384, 166384, 1);
INSERT INTO `lk9v6_alumni_data` (`alumni_id`, `graduation_year`, `fid`, `job`, `address`, `city`, `country`, `phone`, `gid`, `mobile`, `nationalnumber`, `department`, `division`, `with_honor`) VALUES (166384, 2015, '1', '', '', '', '', '035233478', '4', '0195911651', '', 'الكيمياء الحيوية', 'العلوم البيولوجية', '');
INSERT INTO `lk9v6_users` (`name`, `email`, `usertype`) VALUES ('محمود رمضان محمود ابراهيم محمد', 'mahmoud13s04526@alexu.edu.eg', 'الخريجين');
INSERT INTO `lk9v6_alumni_main` (`id`, `user_id`, `approved`) VALUES (166385, 166385, 1);
INSERT INTO `lk9v6_alumni_data` (`alumni_id`, `graduation_year`, `fid`, `job`, `address`, `city`, `country`, `phone`, `gid`, `mobile`, `nationalnumber`, `department`, `division`, `with_honor`) VALUES (166385, 2015, '1', '', '', '', '', '035369568', '4', '01287574856', '', 'الفيزياء', 'العلوم الطبيعية', '');
INSERT INTO `lk9v6_users` (`name`, `email`, `usertype`) VALUES ('نور وجيه فتحى البنهاوى', 'nour13s06424@alexu.edu.eg', 'الخريجين');
INSERT INTO `lk9v6_alumni_main` (`id`, `user_id`, `approved`) VALUES (166386, 166386, 1);
INSERT INTO `lk9v6_alumni_data` (`alumni_id`, `graduation_year`, `fid`, `job`, `address`, `city`, `country`, `phone`, `gid`, `mobile`, `nationalnumber`, `department`, `division`, `with_honor`) VALUES (166386, 2015, '1', '', '', '', '', '034210662', '4', '01004608209', '', 'علوم البيئة', 'العلوم البيولوجية', '');
INSERT INTO `lk9v6_users` (`name`, `email`, `usertype`) VALUES ('دعاء محمد احمد على خليل', 'doaa13s04925@alexu.edu.eg', 'الخريجين');
INSERT INTO `lk9v6_alumni_main` (`id`, `user_id`, `approved`) VALUES (166387, 166387, 1);
INSERT INTO `lk9v6_alumni_data` (`alumni_id`, `graduation_year`, `fid`, `job`, `address`, `city`, `country`, `phone`, `gid`, `mobile`, `nationalnumber`, `department`, `division`, `with_honor`) VALUES (166387, 2015, '1', '', '', '', '', '5361733', '4', '01224658937', '', 'علوم البيئة', 'العلوم البيولوجية', '');
INSERT INTO `lk9v6_users` (`name`, `email`, `usertype`) VALUES ('زينب جابر مصطفى اسماعيل الشامى', 'zeynep13s04277@alexu.edu.eg', 'الخريجين');
INSERT INTO `lk9v6_alumni_main` (`id`, `user_id`, `approved`) VALUES (166388, 166388, 1);
INSERT INTO `lk9v6_alumni_data` (`alumni_id`, `graduation_year`, `fid`, `job`, `address`, `city`, `country`, `phone`, `gid`, `mobile`, `nationalnumber`, `department`, `division`, `with_honor`) VALUES (166388, 2015, '1', '', '', '', '', '4852034', '4', '01229771903', '', 'الفيزياء', 'العلوم الطبيعية', '');
INSERT INTO `lk9v6_users` (`name`, `email`, `usertype`) VALUES ('كريمه سعد سعيد على', 'karima13s05283@alexu.edu.eg', 'الخريجين');
INSERT INTO `lk9v6_alumni_main` (`id`, `user_id`, `approved`) VALUES (166389, 166389, 1);
INSERT INTO `lk9v6_alumni_data` (`alumni_id`, `graduation_year`, `fid`, `job`, `address`, `city`, `country`, `phone`, `gid`, `mobile`, `nationalnumber`, `department`, `division`, `with_honor`) VALUES (166389, 2015, '1', '', '', '', '', '035058830', '4', '01061498817', '', 'علوم البيئة', 'العلوم البيولوجية', '');
INSERT INTO `lk9v6_users` (`name`, `email`, `usertype`) VALUES ('احمد محمد احمد طه الشيشينى', 'ahmed13s04508@alexu.edu.eg', 'الخريجين');
INSERT INTO `lk9v6_alumni_main` (`id`, `user_id`, `approved`) VALUES (166390, 166390, 1);
INSERT INTO `lk9v6_alumni_data` (`alumni_id`, `graduation_year`, `fid`, `job`, `address`, `city`, `country`, `phone`, `gid`, `mobile`, `nationalnumber`, `department`, `division`, `with_honor`) VALUES (166390, 2015, '1', '', '', '', '', '033627913', '4', '0189706754', '', 'الفيزياء', 'العلوم الطبيعية', '');
INSERT INTO `lk9v6_users` (`name`, `email`, `usertype`) VALUES ('هبه فرج محمد محمود الصايم', 'heba13s05214@alexu.edu.eg', 'الخريجين');
INSERT INTO `lk9v6_alumni_main` (`id`, `user_id`, `approved`) VALUES (166391, 166391, 1);
INSERT INTO `lk9v6_alumni_data` (`alumni_id`, `graduation_year`, `fid`, `job`, `address`, `city`, `country`, `phone`, `gid`, `mobile`, `nationalnumber`, `department`, `division`, `with_honor`) VALUES (166391, 2015, '1', '', '', '', '', '0453011437', '4', '01019660733', '', 'الكيمياء الحيوية', 'العلوم البيولوجية', '');
INSERT INTO `lk9v6_users` (`name`, `email`, `usertype`) VALUES ('نسمه هشام محمد عبده حسين', 'nesma13s04422@alexu.edu.eg', 'الخريجين');
INSERT INTO `lk9v6_alumni_main` (`id`, `user_id`, `approved`) VALUES (166392, 166392, 1);
INSERT INTO `lk9v6_alumni_data` (`alumni_id`, `graduation_year`, `fid`, `job`, `address`, `city`, `country`, `phone`, `gid`, `mobile`, `nationalnumber`, `department`, `division`, `with_honor`) VALUES (166392, 2015, '1', '', '', '', '', '5221485', '4', '01223529759', '', 'الفيزياء', 'العلوم الطبيعية', '');
INSERT INTO `lk9v6_users` (`name`, `email`, `usertype`) VALUES ('هاجر رضا رمزى عليوه', 'hager13s04806@alexu.edu.eg', 'الخريجين');
INSERT INTO `lk9v6_alumni_main` (`id`, `user_id`, `approved`) VALUES (166393, 166393, 1);
INSERT INTO `lk9v6_alumni_data` (`alumni_id`, `graduation_year`, `fid`, `job`, `address`, `city`, `country`, `phone`, `gid`, `mobile`, `nationalnumber`, `department`, `division`, `with_honor`) VALUES (166393, 2015, '1', '', '', '', '', '01221310522', '4', '01289531882', '', 'الفيزياء', 'العلوم الطبيعية', '');
INSERT INTO `lk9v6_users` (`name`, `email`, `usertype`) VALUES ('محمد ممدوح بدر محمد رشدى', 'mohamed13s04600@alexu.edu.eg', 'الخريجين');
INSERT INTO `lk9v6_alumni_main` (`id`, `user_id`, `approved`) VALUES (166394, 166394, 1);
INSERT INTO `lk9v6_alumni_data` (`alumni_id`, `graduation_year`, `fid`, `job`, `address`, `city`, `country`, `phone`, `gid`, `mobile`, `nationalnumber`, `department`, `division`, `with_honor`) VALUES (166394, 2015, '1', '', '', '', '', '035775483', '4', '0182207288', '', 'الفيزياء', 'العلوم الطبيعية', '');
INSERT INTO `lk9v6_users` (`name`, `email`, `usertype`) VALUES ('عبدالرحمن جمال على محمد المغنى', 'abdelrahman13s04778@alexu.edu.eg', 'الخريجين');
INSERT INTO `lk9v6_alumni_main` (`id`, `user_id`, `approved`) VALUES (166395, 166395, 1);
INSERT INTO `lk9v6_alumni_data` (`alumni_id`, `graduation_year`, `fid`, `job`, `address`, `city`, `country`, `phone`, `gid`, `mobile`, `nationalnumber`, `department`, `division`, `with_honor`) VALUES (166395, 2015, '1', '', '', '', '', '035876823', '4', '01111928904', '', 'الفيزياء', 'العلوم الطبيعية', '');
INSERT INTO `lk9v6_users` (`name`, `email`, `usertype`) VALUES ('هبه احمد محمد على بخيت', 'heba13s04476@alexu.edu.eg', 'الخريجين');
INSERT INTO `lk9v6_alumni_main` (`id`, `user_id`, `approved`) VALUES (166396, 166396, 1);
INSERT INTO `lk9v6_alumni_data` (`alumni_id`, `graduation_year`, `fid`, `job`, `address`, `city`, `country`, `phone`, `gid`, `mobile`, `nationalnumber`, `department`, `division`, `with_honor`) VALUES (166396, 2015, '1', '', '', '', '', '0190835674', '4', '0190835674', '', 'الفيزياء', 'العلوم الطبيعية', '');
INSERT INTO `lk9v6_users` (`name`, `email`, `usertype`) VALUES ('اميره محمد جابر ادريس عبد اللاه', 'amira13s05693@alexu.edu.eg', 'الخريجين');
INSERT INTO `lk9v6_alumni_main` (`id`, `user_id`, `approved`) VALUES (166397, 166397, 1);
INSERT INTO `lk9v6_alumni_data` (`alumni_id`, `graduation_year`, `fid`, `job`, `address`, `city`, `country`, `phone`, `gid`, `mobile`, `nationalnumber`, `department`, `division`, `with_honor`) VALUES (166397, 2015, '1', '', '', '', '', '5067196', '4', '01114285459', '', 'الكيمياء الحيوية', 'العلوم البيولوجية', '');
INSERT INTO `lk9v6_users` (`name`, `email`, `usertype`) VALUES ('منى عبدالرحمن عبدالمقصود عبدالرحمن', 'mona13s04513@alexu.edu.eg', 'الخريجين');
INSERT INTO `lk9v6_alumni_main` (`id`, `user_id`, `approved`) VALUES (166398, 166398, 1);
INSERT INTO `lk9v6_alumni_data` (`alumni_id`, `graduation_year`, `fid`, `job`, `address`, `city`, `country`, `phone`, `gid`, `mobile`, `nationalnumber`, `department`, `division`, `with_honor`) VALUES (166398, 2015, '1', '', '', '', '', '035003752', '4', '0187667052', '', 'الفيزياء', 'العلوم الطبيعية', '');
INSERT INTO `lk9v6_users` (`name`, `email`, `usertype`) VALUES ('اميره جرجس سامى سليم', 'amira13s05552@alexu.edu.eg', 'الخريجين');
INSERT INTO `lk9v6_alumni_main` (`id`, `user_id`, `approved`) VALUES (166399, 166399, 1);
INSERT INTO `lk9v6_alumni_data` (`alumni_id`, `graduation_year`, `fid`, `job`, `address`, `city`, `country`, `phone`, `gid`, `mobile`, `nationalnumber`, `department`, `division`, `with_honor`) VALUES (166399, 2015, '1', '', '', '', '', '0453602102', '4', '0183982138', '', 'الميكروبيولوجى', 'العلوم البيولوجية', '');
INSERT INTO `lk9v6_users` (`name`, `email`, `usertype`) VALUES ('ايه على السيد على حسين', 'aya13s05813@alexu.edu.eg', 'الخريجين');
INSERT INTO `lk9v6_alumni_main` (`id`, `user_id`, `approved`) VALUES (166400, 166400, 1);
INSERT INTO `lk9v6_alumni_data` (`alumni_id`, `graduation_year`, `fid`, `job`, `address`, `city`, `country`, `phone`, `gid`, `mobile`, `nationalnumber`, `department`, `division`, `with_honor`) VALUES (166400, 2015, '1', '', '', '', '', '034958024', '4', '01222436397', '', 'علوم البيئة', 'العلوم البيولوجية', '');
INSERT INTO `lk9v6_users` (`name`, `email`, `usertype`) VALUES ('منى محمد عبدالحميد احمد حميده', 'mona13s05113@alexu.edu.eg', 'الخريجين');
INSERT INTO `lk9v6_alumni_main` (`id`, `user_id`, `approved`) VALUES (166401, 166401, 1);
INSERT INTO `lk9v6_alumni_data` (`alumni_id`, `graduation_year`, `fid`, `job`, `address`, `city`, `country`, `phone`, `gid`, `mobile`, `nationalnumber`, `department`, `division`, `with_honor`) VALUES (166401, 2015, '1', '', '', '', '', '0452228071', '4', '01060656264', '', 'علوم البيئة', 'العلوم البيولوجية', '');
INSERT INTO `lk9v6_users` (`name`, `email`, `usertype`) VALUES ('محمد على انور على محمد', 'mohamed13s04628@alexu.edu.eg', 'الخريجين');
INSERT INTO `lk9v6_alumni_main` (`id`, `user_id`, `approved`) VALUES (166402, 166402, 1);
INSERT INTO `lk9v6_alumni_data` (`alumni_id`, `graduation_year`, `fid`, `job`, `address`, `city`, `country`, `phone`, `gid`, `mobile`, `nationalnumber`, `department`, `division`, `with_honor`) VALUES (166402, 2015, '1', '', '', '', '', '034451235', '4', '01284374566', '', 'الفيزياء', 'العلوم الطبيعية', '');
INSERT INTO `lk9v6_users` (`name`, `email`, `usertype`) VALUES ('احمد محمد عبد الحميد محمد', 'ahmed13s06576@alexu.edu.eg', 'الخريجين');
INSERT INTO `lk9v6_alumni_main` (`id`, `user_id`, `approved`) VALUES (166403, 166403, 1);
INSERT INTO `lk9v6_alumni_data` (`alumni_id`, `graduation_year`, `fid`, `job`, `address`, `city`, `country`, `phone`, `gid`, `mobile`, `nationalnumber`, `department`, `division`, `with_honor`) VALUES (166403, 2015, '1', '', '', '', '', '035458693', '4', '01067207759', '', 'الفيزياء', 'العلوم الطبيعية', '');
INSERT INTO `lk9v6_users` (`name`, `email`, `usertype`) VALUES ('ميار فرج السيد عيد حليمه', 'mayar13s06155@alexu.edu.eg', 'الخريجين');
INSERT INTO `lk9v6_alumni_main` (`id`, `user_id`, `approved`) VALUES (166404, 166404, 1);
INSERT INTO `lk9v6_alumni_data` (`alumni_id`, `graduation_year`, `fid`, `job`, `address`, `city`, `country`, `phone`, `gid`, `mobile`, `nationalnumber`, `department`, `division`, `with_honor`) VALUES (166404, 2015, '1', '', '', '', '', '033306678', '4', '01067203856', '', 'علوم البيئة', 'العلوم البيولوجية', '');
INSERT INTO `lk9v6_users` (`name`, `email`, `usertype`) VALUES ('ياسمين مصطفى غريب خليل السعدنى', 'yasmin13s05470@alexu.edu.eg', 'الخريجين');
INSERT INTO `lk9v6_alumni_main` (`id`, `user_id`, `approved`) VALUES (166405, 166405, 1);
INSERT INTO `lk9v6_alumni_data` (`alumni_id`, `graduation_year`, `fid`, `job`, `address`, `city`, `country`, `phone`, `gid`, `mobile`, `nationalnumber`, `department`, `division`, `with_honor`) VALUES (166405, 2015, '1', '', '', '', '', '5779147', '4', '01277430181', '', 'الكيمياء الحيوية', 'العلوم البيولوجية', '');
INSERT INTO `lk9v6_users` (`name`, `email`, `usertype`) VALUES ('هاله محمد عبد الله توفيق كرشه', 'hala13s04296@alexu.edu.eg', 'الخريجين');
INSERT INTO `lk9v6_alumni_main` (`id`, `user_id`, `approved`) VALUES (166406, 166406, 1);
INSERT INTO `lk9v6_alumni_data` (`alumni_id`, `graduation_year`, `fid`, `job`, `address`, `city`, `country`, `phone`, `gid`, `mobile`, `nationalnumber`, `department`, `division`, `with_honor`) VALUES (166406, 2015, '1', '', '', '', '', '035343641', '4', '01096034495', '', 'الفيزياء', 'العلوم الطبيعية', '');
INSERT INTO `lk9v6_users` (`name`, `email`, `usertype`) VALUES ('ايمان شاكر محمود عبدالحليم عوض ندا', 'eman13s05543@alexu.edu.eg', 'الخريجين');
INSERT INTO `lk9v6_alumni_main` (`id`, `user_id`, `approved`) VALUES (166407, 166407, 1);
INSERT INTO `lk9v6_alumni_data` (`alumni_id`, `graduation_year`, `fid`, `job`, `address`, `city`, `country`, `phone`, `gid`, `mobile`, `nationalnumber`, `department`, `division`, `with_honor`) VALUES (166407, 2015, '1', '', '', '', '', '0453641111', '4', '01143754101', '', 'الميكروبيولوجى', 'العلوم البيولوجية', '');
INSERT INTO `lk9v6_users` (`name`, `email`, `usertype`) VALUES ('نور الهدى محمد خفاجة محمد عامر', 'nour13s05179@alexu.edu.eg', 'الخريجين');
INSERT INTO `lk9v6_alumni_main` (`id`, `user_id`, `approved`) VALUES (166408, 166408, 1);
INSERT INTO `lk9v6_alumni_data` (`alumni_id`, `graduation_year`, `fid`, `job`, `address`, `city`, `country`, `phone`, `gid`, `mobile`, `nationalnumber`, `department`, `division`, `with_honor`) VALUES (166408, 2015, '1', '', '', '', '', '0472718318', '4', '01026278288', '', 'علوم البيئة', 'العلوم البيولوجية', '');
INSERT INTO `lk9v6_users` (`name`, `email`, `usertype`) VALUES ('خلود بكر عاطف عاطف ابوالعيد', 'khloud13s05379@alexu.edu.eg', 'الخريجين');
INSERT INTO `lk9v6_alumni_main` (`id`, `user_id`, `approved`) VALUES (166409, 166409, 1);
INSERT INTO `lk9v6_alumni_data` (`alumni_id`, `graduation_year`, `fid`, `job`, `address`, `city`, `country`, `phone`, `gid`, `mobile`, `nationalnumber`, `department`, `division`, `with_honor`) VALUES (166409, 2015, '1', '', '', '', '', '0472712327', '4', '01007257036', '', 'الكيمياء الحيوية', 'العلوم البيولوجية', '');
INSERT INTO `lk9v6_users` (`name`, `email`, `usertype`) VALUES ('مها كرم محمد الجوهرى', 'maha13s05105@alexu.edu.eg', 'الخريجين');
INSERT INTO `lk9v6_alumni_main` (`id`, `user_id`, `approved`) VALUES (166410, 166410, 1);
INSERT INTO `lk9v6_alumni_data` (`alumni_id`, `graduation_year`, `fid`, `job`, `address`, `city`, `country`, `phone`, `gid`, `mobile`, `nationalnumber`, `department`, `division`, `with_honor`) VALUES (166410, 2015, '1', '', '', '', '', '035909872', '4', '01067692672', '', 'علوم البيئة', 'العلوم البيولوجية', '');
INSERT INTO `lk9v6_users` (`name`, `email`, `usertype`) VALUES ('هدير حمدى السيد امين', 'hadeer13s05562@alexu.edu.eg', 'الخريجين');
INSERT INTO `lk9v6_alumni_main` (`id`, `user_id`, `approved`) VALUES (166411, 166411, 1);
INSERT INTO `lk9v6_alumni_data` (`alumni_id`, `graduation_year`, `fid`, `job`, `address`, `city`, `country`, `phone`, `gid`, `mobile`, `nationalnumber`, `department`, `division`, `with_honor`) VALUES (166411, 2015, '1', '', '', '', '', '033608987', '4', '01273359093', '', 'الميكروبيولوجى', 'العلوم البيولوجية', '');
INSERT INTO `lk9v6_users` (`name`, `email`, `usertype`) VALUES ('ناديه اسامه محمود فهمى موسى', 'nadia13s05260@alexu.edu.eg', 'الخريجين');
INSERT INTO `lk9v6_alumni_main` (`id`, `user_id`, `approved`) VALUES (166412, 166412, 1);
INSERT INTO `lk9v6_alumni_data` (`alumni_id`, `graduation_year`, `fid`, `job`, `address`, `city`, `country`, `phone`, `gid`, `mobile`, `nationalnumber`, `department`, `division`, `with_honor`) VALUES (166412, 2015, '1', '', '', '', '', '035432736', '4', '01227092831', '', 'علوم البيئة', 'العلوم البيولوجية', '');
INSERT INTO `lk9v6_users` (`name`, `email`, `usertype`) VALUES ('حماده اشرف عرفان سالم ابراهيم', 'hamada13s05070@alexu.edu.eg', 'الخريجين');
INSERT INTO `lk9v6_alumni_main` (`id`, `user_id`, `approved`) VALUES (166413, 166413, 1);
INSERT INTO `lk9v6_alumni_data` (`alumni_id`, `graduation_year`, `fid`, `job`, `address`, `city`, `country`, `phone`, `gid`, `mobile`, `nationalnumber`, `department`, `division`, `with_honor`) VALUES (166413, 2015, '1', '', '', '', '', '0452531837', '4', '01220053669', '', 'الكيمياء الحيوية', 'العلوم البيولوجية', '');
INSERT INTO `lk9v6_users` (`name`, `email`, `usertype`) VALUES ('ولاء على محمد عبد الماجد', 'walaa13s05377@alexu.edu.eg', 'الخريجين');
INSERT INTO `lk9v6_alumni_main` (`id`, `user_id`, `approved`) VALUES (166414, 166414, 1);
INSERT INTO `lk9v6_alumni_data` (`alumni_id`, `graduation_year`, `fid`, `job`, `address`, `city`, `country`, `phone`, `gid`, `mobile`, `nationalnumber`, `department`, `division`, `with_honor`) VALUES (166414, 2015, '1', '', '', '', '', '035922050', '4', '01223649665', '', 'علوم البيئة', 'العلوم البيولوجية', '');
INSERT INTO `lk9v6_users` (`name`, `email`, `usertype`) VALUES ('خالد احمد محمود شريف نصر', 'khaled13s04813@alexu.edu.eg', 'الخريجين');
INSERT INTO `lk9v6_alumni_main` (`id`, `user_id`, `approved`) VALUES (166415, 166415, 1);
INSERT INTO `lk9v6_alumni_data` (`alumni_id`, `graduation_year`, `fid`, `job`, `address`, `city`, `country`, `phone`, `gid`, `mobile`, `nationalnumber`, `department`, `division`, `with_honor`) VALUES (166415, 2015, '1', '', '', '', '', '3082000', '4', '01278951401', '', 'الفيزياء', 'العلوم الطبيعية', '');
INSERT INTO `lk9v6_users` (`name`, `email`, `usertype`) VALUES ('اسامه عبدالبر عبدالمنعم الصباغ', 'osama13s04412@alexu.edu.eg', 'الخريجين');
INSERT INTO `lk9v6_alumni_main` (`id`, `user_id`, `approved`) VALUES (166416, 166416, 1);
INSERT INTO `lk9v6_alumni_data` (`alumni_id`, `graduation_year`, `fid`, `job`, `address`, `city`, `country`, `phone`, `gid`, `mobile`, `nationalnumber`, `department`, `division`, `with_honor`) VALUES (166416, 2015, '1', '', '', '', '', '0453926850', '4', '01113583586', '', 'الفيزياء', 'العلوم الطبيعية', '');
INSERT INTO `lk9v6_users` (`name`, `email`, `usertype`) VALUES ('اسماء جمال حسن عبدالحافظ بيومى', 'asmaa13s05699@alexu.edu.eg', 'الخريجين');
INSERT INTO `lk9v6_alumni_main` (`id`, `user_id`, `approved`) VALUES (166417, 166417, 1);
INSERT INTO `lk9v6_alumni_data` (`alumni_id`, `graduation_year`, `fid`, `job`, `address`, `city`, `country`, `phone`, `gid`, `mobile`, `nationalnumber`, `department`, `division`, `with_honor`) VALUES (166417, 2015, '1', '', '', '', '', '035612433', '4', '01002321657', '', 'علوم البيئة', 'العلوم البيولوجية', '');
INSERT INTO `lk9v6_users` (`name`, `email`, `usertype`) VALUES ('اسماء السيد مصطفى السيد فرغلى', 'asmaa13s04862@alexu.edu.eg', 'الخريجين');
INSERT INTO `lk9v6_alumni_main` (`id`, `user_id`, `approved`) VALUES (166418, 166418, 1);
INSERT INTO `lk9v6_alumni_data` (`alumni_id`, `graduation_year`, `fid`, `job`, `address`, `city`, `country`, `phone`, `gid`, `mobile`, `nationalnumber`, `department`, `division`, `with_honor`) VALUES (166418, 2015, '1', '', '', '', '', '035485529', '4', '01201130538', '', 'علوم البيئة', 'العلوم البيولوجية', '');
INSERT INTO `lk9v6_users` (`name`, `email`, `usertype`) VALUES ('نورهان السيد محمد اسماعيل سيد احمد', 'nourhan13s05620@alexu.edu.eg', 'الخريجين');
INSERT INTO `lk9v6_alumni_main` (`id`, `user_id`, `approved`) VALUES (166419, 166419, 1);
INSERT INTO `lk9v6_alumni_data` (`alumni_id`, `graduation_year`, `fid`, `job`, `address`, `city`, `country`, `phone`, `gid`, `mobile`, `nationalnumber`, `department`, `division`, `with_honor`) VALUES (166419, 2015, '1', '', '', '', '', '035070679', '4', '01205856064', '', 'علوم البيئة', 'العلوم البيولوجية', '');
INSERT INTO `lk9v6_users` (`name`, `email`, `usertype`) VALUES ('ريهام ابراهيم فتحى ابراهيم الصعيدى', 'reham13s04734@alexu.edu.eg', 'الخريجين');
INSERT INTO `lk9v6_alumni_main` (`id`, `user_id`, `approved`) VALUES (166420, 166420, 1);
INSERT INTO `lk9v6_alumni_data` (`alumni_id`, `graduation_year`, `fid`, `job`, `address`, `city`, `country`, `phone`, `gid`, `mobile`, `nationalnumber`, `department`, `division`, `with_honor`) VALUES (166420, 2015, '1', '', '', '', '', '0452991266', '4', '0191402375', '', 'الفيزياء', 'العلوم الطبيعية', '');
INSERT INTO `lk9v6_users` (`name`, `email`, `usertype`) VALUES ('بسنت عادل السيد ابراهيم حجازى', 'basant13s04955@alexu.edu.eg', 'الخريجين');
INSERT INTO `lk9v6_alumni_main` (`id`, `user_id`, `approved`) VALUES (166421, 166421, 1);
INSERT INTO `lk9v6_alumni_data` (`alumni_id`, `graduation_year`, `fid`, `job`, `address`, `city`, `country`, `phone`, `gid`, `mobile`, `nationalnumber`, `department`, `division`, `with_honor`) VALUES (166421, 2015, '1', '', '', '', '', '033235715', '4', '01220854131', '', 'علوم البيئة', 'العلوم البيولوجية', '');
INSERT INTO `lk9v6_users` (`name`, `email`, `usertype`) VALUES ('مينا جورج لطفى قرياقوس', 'mina13s05824@alexu.edu.eg', 'الخريجين');
INSERT INTO `lk9v6_alumni_main` (`id`, `user_id`, `approved`) VALUES (166422, 166422, 1);
INSERT INTO `lk9v6_alumni_data` (`alumni_id`, `graduation_year`, `fid`, `job`, `address`, `city`, `country`, `phone`, `gid`, `mobile`, `nationalnumber`, `department`, `division`, `with_honor`) VALUES (166422, 2015, '1', '', '', '', '', '035269581', '4', '01275298520', '', 'الكيمياء الحيوية', 'العلوم البيولوجية', '');
INSERT INTO `lk9v6_users` (`name`, `email`, `usertype`) VALUES ('محمد حامد عبدالجيد خضر', 'mohamed13s05601@alexu.edu.eg', 'الخريجين');
INSERT INTO `lk9v6_alumni_main` (`id`, `user_id`, `approved`) VALUES (166423, 166423, 1);
INSERT INTO `lk9v6_alumni_data` (`alumni_id`, `graduation_year`, `fid`, `job`, `address`, `city`, `country`, `phone`, `gid`, `mobile`, `nationalnumber`, `department`, `division`, `with_honor`) VALUES (166423, 2015, '1', '', '', '', '', '0452702299', '4', '01145324499', '', 'علوم البيئة', 'العلوم البيولوجية', '');
INSERT INTO `lk9v6_users` (`name`, `email`, `usertype`) VALUES ('اسماء نبيل عبدالفتاح سالم', 'asmaa13s04488@alexu.edu.eg', 'الخريجين');
INSERT INTO `lk9v6_alumni_main` (`id`, `user_id`, `approved`) VALUES (166424, 166424, 1);
INSERT INTO `lk9v6_alumni_data` (`alumni_id`, `graduation_year`, `fid`, `job`, `address`, `city`, `country`, `phone`, `gid`, `mobile`, `nationalnumber`, `department`, `division`, `with_honor`) VALUES (166424, 2015, '1', '', '', '', '', '9501781', '4', '01282166887', '', 'الفيزياء', 'العلوم الطبيعية', '');
INSERT INTO `lk9v6_users` (`name`, `email`, `usertype`) VALUES ('اسماء عصام احمد مدنى احمد', 'asmaa13s04666@alexu.edu.eg', 'الخريجين');
INSERT INTO `lk9v6_alumni_main` (`id`, `user_id`, `approved`) VALUES (166425, 166425, 1);
INSERT INTO `lk9v6_alumni_data` (`alumni_id`, `graduation_year`, `fid`, `job`, `address`, `city`, `country`, `phone`, `gid`, `mobile`, `nationalnumber`, `department`, `division`, `with_honor`) VALUES (166425, 2015, '1', '', '', '', '', '5065777', '4', '01068684056', '', 'الفيزياء', 'العلوم الطبيعية', '');
INSERT INTO `lk9v6_users` (`name`, `email`, `usertype`) VALUES ('ابانوب سعد شفيق سعد', 'abanob13s04906@alexu.edu.eg', 'الخريجين');
INSERT INTO `lk9v6_alumni_main` (`id`, `user_id`, `approved`) VALUES (166426, 166426, 1);
INSERT INTO `lk9v6_alumni_data` (`alumni_id`, `graduation_year`, `fid`, `job`, `address`, `city`, `country`, `phone`, `gid`, `mobile`, `nationalnumber`, `department`, `division`, `with_honor`) VALUES (166426, 2015, '1', '', '', '', '', '5355610', '4', '01276146468', '', 'الميكروبيولوجى', 'العلوم البيولوجية', '');
INSERT INTO `lk9v6_users` (`name`, `email`, `usertype`) VALUES ('ياسر عبد الفتاح مصطفى حسين مصطفى', 'yasser13s04272@alexu.edu.eg', 'الخريجين');
INSERT INTO `lk9v6_alumni_main` (`id`, `user_id`, `approved`) VALUES (166427, 166427, 1);
INSERT INTO `lk9v6_alumni_data` (`alumni_id`, `graduation_year`, `fid`, `job`, `address`, `city`, `country`, `phone`, `gid`, `mobile`, `nationalnumber`, `department`, `division`, `with_honor`) VALUES (166427, 2015, '1', '', '', '', '', '4808404', '4', '01279810733', '', 'الفيزياء', 'العلوم الطبيعية', '');
INSERT INTO `lk9v6_users` (`name`, `email`, `usertype`) VALUES ('ايمان محمود محمد عبد الغفار', 'eman13s05272@alexu.edu.eg', 'الخريجين');
INSERT INTO `lk9v6_alumni_main` (`id`, `user_id`, `approved`) VALUES (166428, 166428, 1);
INSERT INTO `lk9v6_alumni_data` (`alumni_id`, `graduation_year`, `fid`, `job`, `address`, `city`, `country`, `phone`, `gid`, `mobile`, `nationalnumber`, `department`, `division`, `with_honor`) VALUES (166428, 2015, '1', '', '', '', '', '5905006', '4', '01224371510', '', 'الميكروبيولوجى', 'العلوم البيولوجية', '');
INSERT INTO `lk9v6_users` (`name`, `email`, `usertype`) VALUES ('ايمان السيد احمد محمد رضوان', 'eman13s05366@alexu.edu.eg', 'الخريجين');
INSERT INTO `lk9v6_alumni_main` (`id`, `user_id`, `approved`) VALUES (166429, 166429, 1);
INSERT INTO `lk9v6_alumni_data` (`alumni_id`, `graduation_year`, `fid`, `job`, `address`, `city`, `country`, `phone`, `gid`, `mobile`, `nationalnumber`, `department`, `division`, `with_honor`) VALUES (166429, 2015, '1', '', '', '', '', '3616155', '4', '01202579998', '', 'علوم البيئة', 'العلوم البيولوجية', '');
INSERT INTO `lk9v6_users` (`name`, `email`, `usertype`) VALUES ('بسمة فوزى سعد نعمة الله', 'basma13s05638@alexu.edu.eg', 'الخريجين');
INSERT INTO `lk9v6_alumni_main` (`id`, `user_id`, `approved`) VALUES (166430, 166430, 1);
INSERT INTO `lk9v6_alumni_data` (`alumni_id`, `graduation_year`, `fid`, `job`, `address`, `city`, `country`, `phone`, `gid`, `mobile`, `nationalnumber`, `department`, `division`, `with_honor`) VALUES (166430, 2015, '1', '', '', '', '', '2572474', '4', '01069269920', '', 'علوم البيئة', 'العلوم البيولوجية', '');
INSERT INTO `lk9v6_users` (`name`, `email`, `usertype`) VALUES ('سلمى حسن عمر محمد سليم', 'salma13s06399@alexu.edu.eg', 'الخريجين');
INSERT INTO `lk9v6_alumni_main` (`id`, `user_id`, `approved`) VALUES (166431, 166431, 1);
INSERT INTO `lk9v6_alumni_data` (`alumni_id`, `graduation_year`, `fid`, `job`, `address`, `city`, `country`, `phone`, `gid`, `mobile`, `nationalnumber`, `department`, `division`, `with_honor`) VALUES (166431, 2015, '1', '', '', '', '', '035927983', '4', '0126143350', '', 'الفيزياء', 'العلوم الطبيعية', '');
INSERT INTO `lk9v6_users` (`name`, `email`, `usertype`) VALUES ('منار صابر عبد المنعم سيد احمد يس', 'manar13s04709@alexu.edu.eg', 'الخريجين');
INSERT INTO `lk9v6_alumni_main` (`id`, `user_id`, `approved`) VALUES (166432, 166432, 1);
INSERT INTO `lk9v6_alumni_data` (`alumni_id`, `graduation_year`, `fid`, `job`, `address`, `city`, `country`, `phone`, `gid`, `mobile`, `nationalnumber`, `department`, `division`, `with_honor`) VALUES (166432, 2015, '1', '', '', '', '', '035004674', '4', '01288371680', '', 'الفيزياء', 'العلوم الطبيعية', '');
INSERT INTO `lk9v6_users` (`name`, `email`, `usertype`) VALUES ('فرج عادل فرج باشا', 'farag13s05232@alexu.edu.eg', 'الخريجين');
INSERT INTO `lk9v6_alumni_main` (`id`, `user_id`, `approved`) VALUES (166433, 166433, 1);
INSERT INTO `lk9v6_alumni_data` (`alumni_id`, `graduation_year`, `fid`, `job`, `address`, `city`, `country`, `phone`, `gid`, `mobile`, `nationalnumber`, `department`, `division`, `with_honor`) VALUES (166433, 2015, '1', '', '', '', '', '0472715262', '4', '01069201979', '', 'علوم البيئة', 'العلوم البيولوجية', '');
INSERT INTO `lk9v6_users` (`name`, `email`, `usertype`) VALUES ('هدير طارق احمد محمد جادالله', 'hadeer13s05166@alexu.edu.eg', 'الخريجين');
INSERT INTO `lk9v6_alumni_main` (`id`, `user_id`, `approved`) VALUES (166434, 166434, 1);
INSERT INTO `lk9v6_alumni_data` (`alumni_id`, `graduation_year`, `fid`, `job`, `address`, `city`, `country`, `phone`, `gid`, `mobile`, `nationalnumber`, `department`, `division`, `with_honor`) VALUES (166434, 2015, '1', '', '', '', '', '034455652', '4', '01272018867', '', 'الكيمياء الحيوية', 'العلوم البيولوجية', '');
INSERT INTO `lk9v6_users` (`name`, `email`, `usertype`) VALUES ('احمد رمضان اسماعيل محمد ابوالوفا', 'ahmed13s04756@alexu.edu.eg', 'الخريجين');
INSERT INTO `lk9v6_alumni_main` (`id`, `user_id`, `approved`) VALUES (166435, 166435, 1);
INSERT INTO `lk9v6_alumni_data` (`alumni_id`, `graduation_year`, `fid`, `job`, `address`, `city`, `country`, `phone`, `gid`, `mobile`, `nationalnumber`, `department`, `division`, `with_honor`) VALUES (166435, 2015, '1', '', '', '', '', '0453050017', '4', '01028742845', '', 'الفيزياء', 'العلوم الطبيعية', '');
INSERT INTO `lk9v6_users` (`name`, `email`, `usertype`) VALUES ('دينا محمود ابراهيم السيد سعدالله', 'dina13s04584@alexu.edu.eg', 'الخريجين');
INSERT INTO `lk9v6_alumni_main` (`id`, `user_id`, `approved`) VALUES (166436, 166436, 1);
INSERT INTO `lk9v6_alumni_data` (`alumni_id`, `graduation_year`, `fid`, `job`, `address`, `city`, `country`, `phone`, `gid`, `mobile`, `nationalnumber`, `department`, `division`, `with_honor`) VALUES (166436, 2015, '1', '', '', '', '', '033807700', '4', '01501852176', '', 'الفيزياء', 'العلوم الطبيعية', '');
INSERT INTO `lk9v6_users` (`name`, `email`, `usertype`) VALUES ('محمود محمد ابراهيم محمد على', 'mahmoud13s04319@alexu.edu.eg', 'الخريجين');
INSERT INTO `lk9v6_alumni_main` (`id`, `user_id`, `approved`) VALUES (166437, 166437, 1);
INSERT INTO `lk9v6_alumni_data` (`alumni_id`, `graduation_year`, `fid`, `job`, `address`, `city`, `country`, `phone`, `gid`, `mobile`, `nationalnumber`, `department`, `division`, `with_honor`) VALUES (166437, 2015, '1', '', '', '', '', '034363329', '4', '01273056316', '', 'الفيزياء', 'العلوم الطبيعية', '');
INSERT INTO `lk9v6_users` (`name`, `email`, `usertype`) VALUES ('هبة ناصر محمد عبد المعطى', 'heba13s05335@alexu.edu.eg', 'الخريجين');
INSERT INTO `lk9v6_alumni_main` (`id`, `user_id`, `approved`) VALUES (166438, 166438, 1);
INSERT INTO `lk9v6_alumni_data` (`alumni_id`, `graduation_year`, `fid`, `job`, `address`, `city`, `country`, `phone`, `gid`, `mobile`, `nationalnumber`, `department`, `division`, `with_honor`) VALUES (166438, 2015, '1', '', '', '', '', '033025816', '4', '01228764192', '', 'علوم البيئة', 'العلوم البيولوجية', '');
INSERT INTO `lk9v6_users` (`name`, `email`, `usertype`) VALUES ('اسلام جابر السيد عبدالمحسن', 'islam13s04494@alexu.edu.eg', 'الخريجين');
INSERT INTO `lk9v6_alumni_main` (`id`, `user_id`, `approved`) VALUES (166439, 166439, 1);
INSERT INTO `lk9v6_alumni_data` (`alumni_id`, `graduation_year`, `fid`, `job`, `address`, `city`, `country`, `phone`, `gid`, `mobile`, `nationalnumber`, `department`, `division`, `with_honor`) VALUES (166439, 2015, '1', '', '', '', '', '4418829', '4', '01282257659', '', 'الفيزياء', 'العلوم الطبيعية', '');
INSERT INTO `lk9v6_users` (`name`, `email`, `usertype`) VALUES ('ياسمين جابر انور يونس', 'yasmin13s05315@alexu.edu.eg', 'الخريجين');
INSERT INTO `lk9v6_alumni_main` (`id`, `user_id`, `approved`) VALUES (166440, 166440, 1);
INSERT INTO `lk9v6_alumni_data` (`alumni_id`, `graduation_year`, `fid`, `job`, `address`, `city`, `country`, `phone`, `gid`, `mobile`, `nationalnumber`, `department`, `division`, `with_honor`) VALUES (166440, 2015, '1', '', '', '', '', '4855929', '4', '01229070068', '', 'علوم البيئة', 'العلوم البيولوجية', '');
INSERT INTO `lk9v6_users` (`name`, `email`, `usertype`) VALUES ('اميره السيد صلاح الدين السيد دوير', 'amira13s05233@alexu.edu.eg', 'الخريجين');
INSERT INTO `lk9v6_alumni_main` (`id`, `user_id`, `approved`) VALUES (166441, 166441, 1);
INSERT INTO `lk9v6_alumni_data` (`alumni_id`, `graduation_year`, `fid`, `job`, `address`, `city`, `country`, `phone`, `gid`, `mobile`, `nationalnumber`, `department`, `division`, `with_honor`) VALUES (166441, 2015, '1', '', '', '', '', '0473479519', '4', '01008750535', '', 'علوم البيئة', 'العلوم البيولوجية', '');
INSERT INTO `lk9v6_users` (`name`, `email`, `usertype`) VALUES ('محمود صلاح يوسف محمد حسن', 'mahmoud13s04325@alexu.edu.eg', 'الخريجين');
INSERT INTO `lk9v6_alumni_main` (`id`, `user_id`, `approved`) VALUES (166442, 166442, 1);
INSERT INTO `lk9v6_alumni_data` (`alumni_id`, `graduation_year`, `fid`, `job`, `address`, `city`, `country`, `phone`, `gid`, `mobile`, `nationalnumber`, `department`, `division`, `with_honor`) VALUES (166442, 2015, '1', '', '', '', '', '033301044', '4', '01116209165', '', 'الفيزياء', 'العلوم الطبيعية', '');
INSERT INTO `lk9v6_users` (`name`, `email`, `usertype`) VALUES ('ياسمين كمال موسى محمود طاحون', 'yasmin13s05205@alexu.edu.eg', 'الخريجين');
INSERT INTO `lk9v6_alumni_main` (`id`, `user_id`, `approved`) VALUES (166443, 166443, 1);
INSERT INTO `lk9v6_alumni_data` (`alumni_id`, `graduation_year`, `fid`, `job`, `address`, `city`, `country`, `phone`, `gid`, `mobile`, `nationalnumber`, `department`, `division`, `with_honor`) VALUES (166443, 2015, '1', '', '', '', '', '034487704', '4', '01211592958', '', 'الكيمياء الحيوية', 'العلوم البيولوجية', '');
INSERT INTO `lk9v6_users` (`name`, `email`, `usertype`) VALUES ('الشيماء حسنى محمد ابوالحسن احمد', 'alshaima13s05334@alexu.edu.eg', 'الخريجين');
INSERT INTO `lk9v6_alumni_main` (`id`, `user_id`, `approved`) VALUES (166444, 166444, 1);
INSERT INTO `lk9v6_alumni_data` (`alumni_id`, `graduation_year`, `fid`, `job`, `address`, `city`, `country`, `phone`, `gid`, `mobile`, `nationalnumber`, `department`, `division`, `with_honor`) VALUES (166444, 2015, '1', '', '', '', '', '3905214', '4', '01226932465', '', 'علوم البيئة', 'العلوم البيولوجية', '');
INSERT INTO `lk9v6_users` (`name`, `email`, `usertype`) VALUES ('شيماء مجدى محمود الشناوى', 'shaimaa13s04652@alexu.edu.eg', 'الخريجين');
INSERT INTO `lk9v6_alumni_main` (`id`, `user_id`, `approved`) VALUES (166445, 166445, 1);
INSERT INTO `lk9v6_alumni_data` (`alumni_id`, `graduation_year`, `fid`, `job`, `address`, `city`, `country`, `phone`, `gid`, `mobile`, `nationalnumber`, `department`, `division`, `with_honor`) VALUES (166445, 2015, '1', '', '', '', '', '039591208', '4', '01284386679', '', 'الفيزياء', 'العلوم الطبيعية', '');
INSERT INTO `lk9v6_users` (`name`, `email`, `usertype`) VALUES ('سهير صبرى لحظى شفيق', 'sohir13s04389@alexu.edu.eg', 'الخريجين');
INSERT INTO `lk9v6_alumni_main` (`id`, `user_id`, `approved`) VALUES (166446, 166446, 1);
INSERT INTO `lk9v6_alumni_data` (`alumni_id`, `graduation_year`, `fid`, `job`, `address`, `city`, `country`, `phone`, `gid`, `mobile`, `nationalnumber`, `department`, `division`, `with_honor`) VALUES (166446, 2015, '1', '', '', '', '', '5025338', '4', '01278667743', '', 'الفيزياء', 'العلوم الطبيعية', '');
INSERT INTO `lk9v6_users` (`name`, `email`, `usertype`) VALUES ('اميره ابراهيم حسن محمد توفيق', 'amira13s05753@alexu.edu.eg', 'الخريجين');
INSERT INTO `lk9v6_alumni_main` (`id`, `user_id`, `approved`) VALUES (166447, 166447, 1);
INSERT INTO `lk9v6_alumni_data` (`alumni_id`, `graduation_year`, `fid`, `job`, `address`, `city`, `country`, `phone`, `gid`, `mobile`, `nationalnumber`, `department`, `division`, `with_honor`) VALUES (166447, 2015, '1', '', '', '', '', '4410507', '4', '01067162621', '', 'علوم البيئة', 'العلوم البيولوجية', '');
INSERT INTO `lk9v6_users` (`name`, `email`, `usertype`) VALUES ('محمد انور حمدان عبدالوارث', 'mohamed13s04378@alexu.edu.eg', 'الخريجين');
INSERT INTO `lk9v6_alumni_main` (`id`, `user_id`, `approved`) VALUES (166448, 166448, 1);
INSERT INTO `lk9v6_alumni_data` (`alumni_id`, `graduation_year`, `fid`, `job`, `address`, `city`, `country`, `phone`, `gid`, `mobile`, `nationalnumber`, `department`, `division`, `with_honor`) VALUES (166448, 2015, '1', '', '', '', '', '204433086', '4', '0183158206', '', 'الجيولوجيا', 'العلوم الجيولوجية', '');
INSERT INTO `lk9v6_users` (`name`, `email`, `usertype`) VALUES ('رحاب عبدالرازق ابراهيم عبدالرازق', 'rehab13s04715@alexu.edu.eg', 'الخريجين');
INSERT INTO `lk9v6_alumni_main` (`id`, `user_id`, `approved`) VALUES (166449, 166449, 1);
INSERT INTO `lk9v6_alumni_data` (`alumni_id`, `graduation_year`, `fid`, `job`, `address`, `city`, `country`, `phone`, `gid`, `mobile`, `nationalnumber`, `department`, `division`, `with_honor`) VALUES (166449, 2015, '1', '', '', '', '', '4243159', '4', '01002935467', '', 'الفيزياء', 'العلوم الطبيعية', '');
INSERT INTO `lk9v6_users` (`name`, `email`, `usertype`) VALUES ('علاء ضيف فرج سعد محمود', 'alaa13s04466@alexu.edu.eg', 'الخريجين');
INSERT INTO `lk9v6_alumni_main` (`id`, `user_id`, `approved`) VALUES (166450, 166450, 1);
INSERT INTO `lk9v6_alumni_data` (`alumni_id`, `graduation_year`, `fid`, `job`, `address`, `city`, `country`, `phone`, `gid`, `mobile`, `nationalnumber`, `department`, `division`, `with_honor`) VALUES (166450, 2015, '1', '', '', '', '', '034383045', '4', '01222612324', '', 'الفيزياء', 'العلوم الطبيعية', '');
INSERT INTO `lk9v6_users` (`name`, `email`, `usertype`) VALUES ('لمياء يوسف احمد محمد يوسف', 'lamya13s06177@alexu.edu.eg', 'الخريجين');
INSERT INTO `lk9v6_alumni_main` (`id`, `user_id`, `approved`) VALUES (166451, 166451, 1);
INSERT INTO `lk9v6_alumni_data` (`alumni_id`, `graduation_year`, `fid`, `job`, `address`, `city`, `country`, `phone`, `gid`, `mobile`, `nationalnumber`, `department`, `division`, `with_honor`) VALUES (166451, 2015, '1', '', '', '', '', '4834276', '4', '01151198267', '', 'علوم البيئة', 'العلوم البيولوجية', '');
INSERT INTO `lk9v6_users` (`name`, `email`, `usertype`) VALUES ('ريهام محمد احمد عبد النعيم قاسم', 'reham13s04294@alexu.edu.eg', 'الخريجين');
INSERT INTO `lk9v6_alumni_main` (`id`, `user_id`, `approved`) VALUES (166452, 166452, 1);
INSERT INTO `lk9v6_alumni_data` (`alumni_id`, `graduation_year`, `fid`, `job`, `address`, `city`, `country`, `phone`, `gid`, `mobile`, `nationalnumber`, `department`, `division`, `with_honor`) VALUES (166452, 2015, '1', '', '', '', '', '4817211', '4', '01000074331', '', 'الفيزياء', 'العلوم الطبيعية', '');
INSERT INTO `lk9v6_users` (`name`, `email`, `usertype`) VALUES ('هدير عبد العال احمد عمران', 'hadeer13s06510@alexu.edu.eg', 'الخريجين');
INSERT INTO `lk9v6_alumni_main` (`id`, `user_id`, `approved`) VALUES (166453, 166453, 1);
INSERT INTO `lk9v6_alumni_data` (`alumni_id`, `graduation_year`, `fid`, `job`, `address`, `city`, `country`, `phone`, `gid`, `mobile`, `nationalnumber`, `department`, `division`, `with_honor`) VALUES (166453, 2015, '1', '', '', '', '', '034463018', '4', '01271054199', '', 'الكيمياء الحيوية', 'العلوم البيولوجية', '');
INSERT INTO `lk9v6_users` (`name`, `email`, `usertype`) VALUES ('مروه محمود محمد موسى', 'marwa13s04904@alexu.edu.eg', 'الخريجين');
INSERT INTO `lk9v6_alumni_main` (`id`, `user_id`, `approved`) VALUES (166454, 166454, 1);
INSERT INTO `lk9v6_alumni_data` (`alumni_id`, `graduation_year`, `fid`, `job`, `address`, `city`, `country`, `phone`, `gid`, `mobile`, `nationalnumber`, `department`, `division`, `with_honor`) VALUES (166454, 2015, '1', '', '', '', '', '035037800', '4', '01274155508', '', 'الكيمياء الحيوية', 'العلوم البيولوجية', '');
INSERT INTO `lk9v6_users` (`name`, `email`, `usertype`) VALUES ('احمد محمد احمد محمود', 'ahmed13s06221@alexu.edu.eg', 'الخريجين');
INSERT INTO `lk9v6_alumni_main` (`id`, `user_id`, `approved`) VALUES (166455, 166455, 1);
INSERT INTO `lk9v6_alumni_data` (`alumni_id`, `graduation_year`, `fid`, `job`, `address`, `city`, `country`, `phone`, `gid`, `mobile`, `nationalnumber`, `department`, `division`, `with_honor`) VALUES (166455, 2015, '1', '', '', '', '', '4488084', '4', '01222772034', '', 'الفيزياء', 'العلوم الطبيعية', '');
INSERT INTO `lk9v6_users` (`name`, `email`, `usertype`) VALUES ('اسماء عبد المنعم محمد زهران', 'asmaa13s05201@alexu.edu.eg', 'الخريجين');
INSERT INTO `lk9v6_alumni_main` (`id`, `user_id`, `approved`) VALUES (166456, 166456, 1);
INSERT INTO `lk9v6_alumni_data` (`alumni_id`, `graduation_year`, `fid`, `job`, `address`, `city`, `country`, `phone`, `gid`, `mobile`, `nationalnumber`, `department`, `division`, `with_honor`) VALUES (166456, 2015, '1', '', '', '', '', '0453741179', '4', '01009280190', '', 'علوم البيئة', 'العلوم البيولوجية', '');
INSERT INTO `lk9v6_users` (`name`, `email`, `usertype`) VALUES ('محمد محمد عبدالمنعم محمد الحدينى', 'mohamed13s05212@alexu.edu.eg', 'الخريجين');
INSERT INTO `lk9v6_alumni_main` (`id`, `user_id`, `approved`) VALUES (166457, 166457, 1);
INSERT INTO `lk9v6_alumni_data` (`alumni_id`, `graduation_year`, `fid`, `job`, `address`, `city`, `country`, `phone`, `gid`, `mobile`, `nationalnumber`, `department`, `division`, `with_honor`) VALUES (166457, 2015, '1', '', '', '', '', '0453760430', '4', '01003512344', '', 'علوم البيئة', 'العلوم البيولوجية', '');
INSERT INTO `lk9v6_users` (`name`, `email`, `usertype`) VALUES ('ريهام احمد عبد الباسط السيد', 'reham13s06467@alexu.edu.eg', 'الخريجين');
INSERT INTO `lk9v6_alumni_main` (`id`, `user_id`, `approved`) VALUES (166458, 166458, 1);
INSERT INTO `lk9v6_alumni_data` (`alumni_id`, `graduation_year`, `fid`, `job`, `address`, `city`, `country`, `phone`, `gid`, `mobile`, `nationalnumber`, `department`, `division`, `with_honor`) VALUES (166458, 2015, '1', '', '', '', '', '034831759', '4', '01024060467', '', 'الفيزياء', 'العلوم الطبيعية', '');
INSERT INTO `lk9v6_users` (`name`, `email`, `usertype`) VALUES ('مارى صياد نسيم بشاره', 'mary13s04952@alexu.edu.eg', 'الخريجين');
INSERT INTO `lk9v6_alumni_main` (`id`, `user_id`, `approved`) VALUES (166459, 166459, 1);
INSERT INTO `lk9v6_alumni_data` (`alumni_id`, `graduation_year`, `fid`, `job`, `address`, `city`, `country`, `phone`, `gid`, `mobile`, `nationalnumber`, `department`, `division`, `with_honor`) VALUES (166459, 2015, '1', '', '', '', '', '4384695', '4', '01288876616', '', 'الميكروبيولوجى', 'العلوم البيولوجية', '');
INSERT INTO `lk9v6_users` (`name`, `email`, `usertype`) VALUES ('عبير جمال احمد سعد جادو', 'abeer13s05496@alexu.edu.eg', 'الخريجين');
INSERT INTO `lk9v6_alumni_main` (`id`, `user_id`, `approved`) VALUES (166460, 166460, 1);
INSERT INTO `lk9v6_alumni_data` (`alumni_id`, `graduation_year`, `fid`, `job`, `address`, `city`, `country`, `phone`, `gid`, `mobile`, `nationalnumber`, `department`, `division`, `with_honor`) VALUES (166460, 2015, '1', '', '', '', '', '0452201060', '4', '01062495463', '', 'علوم البيئة', 'العلوم البيولوجية', '');
INSERT INTO `lk9v6_users` (`name`, `email`, `usertype`) VALUES ('ساره جمال احمد محمد', 'sara13s05420@alexu.edu.eg', 'الخريجين');
INSERT INTO `lk9v6_alumni_main` (`id`, `user_id`, `approved`) VALUES (166461, 166461, 1);
INSERT INTO `lk9v6_alumni_data` (`alumni_id`, `graduation_year`, `fid`, `job`, `address`, `city`, `country`, `phone`, `gid`, `mobile`, `nationalnumber`, `department`, `division`, `with_honor`) VALUES (166461, 2015, '1', '', '', '', '', '032136555', '4', '01207275571', '', 'علوم البيئة', 'العلوم البيولوجية', '');
INSERT INTO `lk9v6_users` (`name`, `email`, `usertype`) VALUES ('مى عبد القادر السيد حسن مرسى', 'mai13s04351@alexu.edu.eg', 'الخريجين');
INSERT INTO `lk9v6_alumni_main` (`id`, `user_id`, `approved`) VALUES (166462, 166462, 1);
INSERT INTO `lk9v6_alumni_data` (`alumni_id`, `graduation_year`, `fid`, `job`, `address`, `city`, `country`, `phone`, `gid`, `mobile`, `nationalnumber`, `department`, `division`, `with_honor`) VALUES (166462, 2015, '1', '', '', '', '', '4809405', '4', '01006372373', '', 'الفيزياء', 'العلوم الطبيعية', '');
INSERT INTO `lk9v6_users` (`name`, `email`, `usertype`) VALUES ('مصطفى مجدى احمد على سعيد', 'mustafa13s04583@alexu.edu.eg', 'الخريجين');
INSERT INTO `lk9v6_alumni_main` (`id`, `user_id`, `approved`) VALUES (166463, 166463, 1);
INSERT INTO `lk9v6_alumni_data` (`alumni_id`, `graduation_year`, `fid`, `job`, `address`, `city`, `country`, `phone`, `gid`, `mobile`, `nationalnumber`, `department`, `division`, `with_honor`) VALUES (166463, 2015, '1', '', '', '', '', '034379876', '4', '01278027350', '', 'الفيزياء', 'العلوم الطبيعية', '');
INSERT INTO `lk9v6_users` (`name`, `email`, `usertype`) VALUES ('عبد الرحمن محمود عزت موسى', 'abdelrahman13s06879@alexu.edu.eg', 'الخريجين');
INSERT INTO `lk9v6_alumni_main` (`id`, `user_id`, `approved`) VALUES (166464, 166464, 1);
INSERT INTO `lk9v6_alumni_data` (`alumni_id`, `graduation_year`, `fid`, `job`, `address`, `city`, `country`, `phone`, `gid`, `mobile`, `nationalnumber`, `department`, `division`, `with_honor`) VALUES (166464, 2015, '1', '', '', '', '', '4263547', '4', '01148883578', '', 'علوم البيئة', 'العلوم البيولوجية', '');
INSERT INTO `lk9v6_users` (`name`, `email`, `usertype`) VALUES ('رانا جمعة فوزى جمعة محمد', 'rana13s05549@alexu.edu.eg', 'الخريجين');
INSERT INTO `lk9v6_alumni_main` (`id`, `user_id`, `approved`) VALUES (166465, 166465, 1);
INSERT INTO `lk9v6_alumni_data` (`alumni_id`, `graduation_year`, `fid`, `job`, `address`, `city`, `country`, `phone`, `gid`, `mobile`, `nationalnumber`, `department`, `division`, `with_honor`) VALUES (166465, 2015, '1', '', '', '', '', '4369694', '4', '01228152027', '', 'علوم البيئة', 'العلوم البيولوجية', '');
INSERT INTO `lk9v6_users` (`name`, `email`, `usertype`) VALUES ('ايه صلاح احمد عيد', 'aya13s05249@alexu.edu.eg', 'الخريجين');
INSERT INTO `lk9v6_alumni_main` (`id`, `user_id`, `approved`) VALUES (166466, 166466, 1);
INSERT INTO `lk9v6_alumni_data` (`alumni_id`, `graduation_year`, `fid`, `job`, `address`, `city`, `country`, `phone`, `gid`, `mobile`, `nationalnumber`, `department`, `division`, `with_honor`) VALUES (166466, 2015, '1', '', '', '', '', '4416804', '4', '01272030482', '', 'الكيمياء الحيوية', 'العلوم البيولوجية', '');
INSERT INTO `lk9v6_users` (`name`, `email`, `usertype`) VALUES ('امنيه عبدالفتاح احمد الشرقاوى', 'omnia13s05742@alexu.edu.eg', 'الخريجين');
INSERT INTO `lk9v6_alumni_main` (`id`, `user_id`, `approved`) VALUES (166467, 166467, 1);
INSERT INTO `lk9v6_alumni_data` (`alumni_id`, `graduation_year`, `fid`, `job`, `address`, `city`, `country`, `phone`, `gid`, `mobile`, `nationalnumber`, `department`, `division`, `with_honor`) VALUES (166467, 2015, '1', '', '', '', '', '0452508552', '4', '01096286980', '', 'الميكروبيولوجى', 'العلوم البيولوجية', '');
INSERT INTO `lk9v6_users` (`name`, `email`, `usertype`) VALUES ('منه الله متولى احمد  متولى محمد', 'menna13s05819@alexu.edu.eg', 'الخريجين');
INSERT INTO `lk9v6_alumni_main` (`id`, `user_id`, `approved`) VALUES (166468, 166468, 1);
INSERT INTO `lk9v6_alumni_data` (`alumni_id`, `graduation_year`, `fid`, `job`, `address`, `city`, `country`, `phone`, `gid`, `mobile`, `nationalnumber`, `department`, `division`, `with_honor`) VALUES (166468, 2015, '1', '', '', '', '', '035504240', '4', '01149998691', '', 'علوم البيئة', 'العلوم البيولوجية', '');
INSERT INTO `lk9v6_users` (`name`, `email`, `usertype`) VALUES ('هاجر سعيد خليفه على احمد', 'hager13s05602@alexu.edu.eg', 'الخريجين');
INSERT INTO `lk9v6_alumni_main` (`id`, `user_id`, `approved`) VALUES (166469, 166469, 1);
INSERT INTO `lk9v6_alumni_data` (`alumni_id`, `graduation_year`, `fid`, `job`, `address`, `city`, `country`, `phone`, `gid`, `mobile`, `nationalnumber`, `department`, `division`, `with_honor`) VALUES (166469, 2015, '1', '', '', '', '', '035056528', '4', '01201828570', '', 'علوم البيئة', 'العلوم البيولوجية', '');
INSERT INTO `lk9v6_users` (`name`, `email`, `usertype`) VALUES ('منه محمد صبحى عبد الفتاح حسن', 'menna13s05639@alexu.edu.eg', 'الخريجين');
INSERT INTO `lk9v6_alumni_main` (`id`, `user_id`, `approved`) VALUES (166470, 166470, 1);
INSERT INTO `lk9v6_alumni_data` (`alumni_id`, `graduation_year`, `fid`, `job`, `address`, `city`, `country`, `phone`, `gid`, `mobile`, `nationalnumber`, `department`, `division`, `with_honor`) VALUES (166470, 2015, '1', '', '', '', '', '035547231', '4', '01286183040', '', 'علوم البيئة', 'العلوم البيولوجية', '');
INSERT INTO `lk9v6_users` (`name`, `email`, `usertype`) VALUES ('ابراهيم عبده محمد مدنى حسان', 'ibrahim13s06404@alexu.edu.eg', 'الخريجين');
INSERT INTO `lk9v6_alumni_main` (`id`, `user_id`, `approved`) VALUES (166471, 166471, 1);
INSERT INTO `lk9v6_alumni_data` (`alumni_id`, `graduation_year`, `fid`, `job`, `address`, `city`, `country`, `phone`, `gid`, `mobile`, `nationalnumber`, `department`, `division`, `with_honor`) VALUES (166471, 2015, '1', '', '', '', '', '034439846', '4', '01221344645', '', 'الفيزياء', 'العلوم الطبيعية', '');
INSERT INTO `lk9v6_users` (`name`, `email`, `usertype`) VALUES ('فاتن محمد محمد احمد صومع', 'faten13s04970@alexu.edu.eg', 'الخريجين');
INSERT INTO `lk9v6_alumni_main` (`id`, `user_id`, `approved`) VALUES (166472, 166472, 1);
INSERT INTO `lk9v6_alumni_data` (`alumni_id`, `graduation_year`, `fid`, `job`, `address`, `city`, `country`, `phone`, `gid`, `mobile`, `nationalnumber`, `department`, `division`, `with_honor`) VALUES (166472, 2015, '1', '', '', '', '', '0000000', '4', '01149409147', '', 'علوم البيئة', 'العلوم البيولوجية', '');
INSERT INTO `lk9v6_users` (`name`, `email`, `usertype`) VALUES ('نورهان ابراهيم عبد العظيم احمد على', 'nourhan13s04320@alexu.edu.eg', 'الخريجين');
INSERT INTO `lk9v6_alumni_main` (`id`, `user_id`, `approved`) VALUES (166473, 166473, 1);
INSERT INTO `lk9v6_alumni_data` (`alumni_id`, `graduation_year`, `fid`, `job`, `address`, `city`, `country`, `phone`, `gid`, `mobile`, `nationalnumber`, `department`, `division`, `with_honor`) VALUES (166473, 2015, '1', '', '', '', '', '032208755', '4', '01125117694', '', 'الجيولوجيا', 'العلوم الجيولوجية', '');
INSERT INTO `lk9v6_users` (`name`, `email`, `usertype`) VALUES ('ياسمين سمير محمد صوار', 'yasmin13s05035@alexu.edu.eg', 'الخريجين');
INSERT INTO `lk9v6_alumni_main` (`id`, `user_id`, `approved`) VALUES (166474, 166474, 1);
INSERT INTO `lk9v6_alumni_data` (`alumni_id`, `graduation_year`, `fid`, `job`, `address`, `city`, `country`, `phone`, `gid`, `mobile`, `nationalnumber`, `department`, `division`, `with_honor`) VALUES (166474, 2015, '1', '', '', '', '', '0453688249', '4', '0192274462', '', 'علوم البيئة', 'العلوم البيولوجية', '');
INSERT INTO `lk9v6_users` (`name`, `email`, `usertype`) VALUES ('مارينا سمعان بشير غبريال', 'marina13s05495@alexu.edu.eg', 'الخريجين');
INSERT INTO `lk9v6_alumni_main` (`id`, `user_id`, `approved`) VALUES (166475, 166475, 1);
INSERT INTO `lk9v6_alumni_data` (`alumni_id`, `graduation_year`, `fid`, `job`, `address`, `city`, `country`, `phone`, `gid`, `mobile`, `nationalnumber`, `department`, `division`, `with_honor`) VALUES (166475, 2015, '1', '', '', '', '', '5323707', '4', '01221293226', '', 'الميكروبيولوجى', 'العلوم البيولوجية', '');
INSERT INTO `lk9v6_users` (`name`, `email`, `usertype`) VALUES ('ايتن مجدى حمزه محمود', 'ayten13s05821@alexu.edu.eg', 'الخريجين');
INSERT INTO `lk9v6_alumni_main` (`id`, `user_id`, `approved`) VALUES (166476, 166476, 1);
INSERT INTO `lk9v6_alumni_data` (`alumni_id`, `graduation_year`, `fid`, `job`, `address`, `city`, `country`, `phone`, `gid`, `mobile`, `nationalnumber`, `department`, `division`, `with_honor`) VALUES (166476, 2015, '1', '', '', '', '', '5493373', '4', '01227994636', '', 'علوم البيئة', 'العلوم البيولوجية', '');
INSERT INTO `lk9v6_users` (`name`, `email`, `usertype`) VALUES ('ايمان مصطفى عبد الحميد سعيد', 'eman13s05270@alexu.edu.eg', 'الخريجين');
INSERT INTO `lk9v6_alumni_main` (`id`, `user_id`, `approved`) VALUES (166477, 166477, 1);
INSERT INTO `lk9v6_alumni_data` (`alumni_id`, `graduation_year`, `fid`, `job`, `address`, `city`, `country`, `phone`, `gid`, `mobile`, `nationalnumber`, `department`, `division`, `with_honor`) VALUES (166477, 2015, '1', '', '', '', '', '034495906', '4', '01065157813', '', 'علوم البيئة', 'العلوم البيولوجية', '');
INSERT INTO `lk9v6_users` (`name`, `email`, `usertype`) VALUES ('عمرو عبدالجواد مصطفى عبدالجواد', 'amr13s05438@alexu.edu.eg', 'الخريجين');
INSERT INTO `lk9v6_alumni_main` (`id`, `user_id`, `approved`) VALUES (166478, 166478, 1);
INSERT INTO `lk9v6_alumni_data` (`alumni_id`, `graduation_year`, `fid`, `job`, `address`, `city`, `country`, `phone`, `gid`, `mobile`, `nationalnumber`, `department`, `division`, `with_honor`) VALUES (166478, 2015, '1', '', '', '', '', '034953842', '4', '0196226100', '', 'علوم البيئة', 'العلوم البيولوجية', '');
INSERT INTO `lk9v6_users` (`name`, `email`, `usertype`) VALUES ('ايمان محمد قاسم محمد السيد', 'eman13s05125@alexu.edu.eg', 'الخريجين');
INSERT INTO `lk9v6_alumni_main` (`id`, `user_id`, `approved`) VALUES (166479, 166479, 1);
INSERT INTO `lk9v6_alumni_data` (`alumni_id`, `graduation_year`, `fid`, `job`, `address`, `city`, `country`, `phone`, `gid`, `mobile`, `nationalnumber`, `department`, `division`, `with_honor`) VALUES (166479, 2015, '1', '', '', '', '', '032202535', '4', '01223535120', '', 'علوم البيئة', 'العلوم البيولوجية', '');
INSERT INTO `lk9v6_users` (`name`, `email`, `usertype`) VALUES ('شيماء مصطفى محمد مصطفى ', 'shaimaa13s06727@alexu.edu.eg', 'الخريجين');
INSERT INTO `lk9v6_alumni_main` (`id`, `user_id`, `approved`) VALUES (166480, 166480, 1);
INSERT INTO `lk9v6_alumni_data` (`alumni_id`, `graduation_year`, `fid`, `job`, `address`, `city`, `country`, `phone`, `gid`, `mobile`, `nationalnumber`, `department`, `division`, `with_honor`) VALUES (166480, 2015, '1', '', '', '', '', '3911805', '4', '01008803550', '', 'علوم البيئة', 'العلوم البيولوجية', '');
INSERT INTO `lk9v6_users` (`name`, `email`, `usertype`) VALUES ('سالى محى الدين احمد حسن سلام', 'saly13s04660@alexu.edu.eg', 'الخريجين');
INSERT INTO `lk9v6_alumni_main` (`id`, `user_id`, `approved`) VALUES (166481, 166481, 1);
INSERT INTO `lk9v6_alumni_data` (`alumni_id`, `graduation_year`, `fid`, `job`, `address`, `city`, `country`, `phone`, `gid`, `mobile`, `nationalnumber`, `department`, `division`, `with_honor`) VALUES (166481, 2015, '1', '', '', '', '', '034390886', '4', '01202823759', '', 'الجيولوجيا', 'العلوم الجيولوجية', '');
INSERT INTO `lk9v6_users` (`name`, `email`, `usertype`) VALUES ('اسراء خميس السيد احمد', 'esraa13s04361@alexu.edu.eg', 'الخريجين');
INSERT INTO `lk9v6_alumni_main` (`id`, `user_id`, `approved`) VALUES (166482, 166482, 1);
INSERT INTO `lk9v6_alumni_data` (`alumni_id`, `graduation_year`, `fid`, `job`, `address`, `city`, `country`, `phone`, `gid`, `mobile`, `nationalnumber`, `department`, `division`, `with_honor`) VALUES (166482, 2015, '1', '', '', '', '', '034425240', '4', '01014012444', '', 'الفيزياء', 'العلوم الطبيعية', '');
INSERT INTO `lk9v6_users` (`name`, `email`, `usertype`) VALUES ('يارا حمدى عبدالعليم عثمان', 'yara13s05332@alexu.edu.eg', 'الخريجين');
INSERT INTO `lk9v6_alumni_main` (`id`, `user_id`, `approved`) VALUES (166483, 166483, 1);
INSERT INTO `lk9v6_alumni_data` (`alumni_id`, `graduation_year`, `fid`, `job`, `address`, `city`, `country`, `phone`, `gid`, `mobile`, `nationalnumber`, `department`, `division`, `with_honor`) VALUES (166483, 2015, '1', '', '', '', '', '0472710172', '4', '0192233128', '', 'علوم البيئة', 'العلوم البيولوجية', '');
INSERT INTO `lk9v6_users` (`name`, `email`, `usertype`) VALUES ('محمد احمد مصطفى درويش', 'mohamed13s04283@alexu.edu.eg', 'الخريجين');
INSERT INTO `lk9v6_alumni_main` (`id`, `user_id`, `approved`) VALUES (166484, 166484, 1);
INSERT INTO `lk9v6_alumni_data` (`alumni_id`, `graduation_year`, `fid`, `job`, `address`, `city`, `country`, `phone`, `gid`, `mobile`, `nationalnumber`, `department`, `division`, `with_honor`) VALUES (166484, 2015, '1', '', '', '', '', '034275095', '4', '01225472804', '', 'الفيزياء', 'العلوم الطبيعية', '');
INSERT INTO `lk9v6_users` (`name`, `email`, `usertype`) VALUES ('ايمان فرج محمد عوض', 'eman13s06284@alexu.edu.eg', 'الخريجين');
INSERT INTO `lk9v6_alumni_main` (`id`, `user_id`, `approved`) VALUES (166485, 166485, 1);
INSERT INTO `lk9v6_alumni_data` (`alumni_id`, `graduation_year`, `fid`, `job`, `address`, `city`, `country`, `phone`, `gid`, `mobile`, `nationalnumber`, `department`, `division`, `with_honor`) VALUES (166485, 2015, '1', '', '', '', '', '034357019', '4', '0195717006', '', 'الفيزياء', 'العلوم الطبيعية', '');
INSERT INTO `lk9v6_users` (`name`, `email`, `usertype`) VALUES ('صابرين خميس محمد يوسف', 'sabrin13s04965@alexu.edu.eg', 'الخريجين');
INSERT INTO `lk9v6_alumni_main` (`id`, `user_id`, `approved`) VALUES (166486, 166486, 1);
INSERT INTO `lk9v6_alumni_data` (`alumni_id`, `graduation_year`, `fid`, `job`, `address`, `city`, `country`, `phone`, `gid`, `mobile`, `nationalnumber`, `department`, `division`, `with_honor`) VALUES (166486, 2015, '1', '', '', '', '', '0472950550', '4', '01001901534', '', 'علوم البيئة', 'العلوم البيولوجية', '');
INSERT INTO `lk9v6_users` (`name`, `email`, `usertype`) VALUES ('ايه محمد احمد عبدالله', 'aya13s04528@alexu.edu.eg', 'الخريجين');
INSERT INTO `lk9v6_alumni_main` (`id`, `user_id`, `approved`) VALUES (166487, 166487, 1);
INSERT INTO `lk9v6_alumni_data` (`alumni_id`, `graduation_year`, `fid`, `job`, `address`, `city`, `country`, `phone`, `gid`, `mobile`, `nationalnumber`, `department`, `division`, `with_honor`) VALUES (166487, 2015, '1', '', '', '', '', '033622105', '4', '01229020620', '', 'الفيزياء', 'العلوم الطبيعية', '');
INSERT INTO `lk9v6_users` (`name`, `email`, `usertype`) VALUES ('ايه محمد محمود اسماعيل', 'aya13s05673@alexu.edu.eg', 'الخريجين');
INSERT INTO `lk9v6_alumni_main` (`id`, `user_id`, `approved`) VALUES (166488, 166488, 1);
INSERT INTO `lk9v6_alumni_data` (`alumni_id`, `graduation_year`, `fid`, `job`, `address`, `city`, `country`, `phone`, `gid`, `mobile`, `nationalnumber`, `department`, `division`, `with_honor`) VALUES (166488, 2015, '1', '', '', '', '', '5007541', '4', '01228251914', '', 'علوم البيئة', 'العلوم البيولوجية', '');
INSERT INTO `lk9v6_users` (`name`, `email`, `usertype`) VALUES ('هدير محمود امين بدرى', 'hadeer13s04502@alexu.edu.eg', 'الخريجين');
INSERT INTO `lk9v6_alumni_main` (`id`, `user_id`, `approved`) VALUES (166489, 166489, 1);
INSERT INTO `lk9v6_alumni_data` (`alumni_id`, `graduation_year`, `fid`, `job`, `address`, `city`, `country`, `phone`, `gid`, `mobile`, `nationalnumber`, `department`, `division`, `with_honor`) VALUES (166489, 2015, '1', '', '', '', '', '033816108', '4', '01279113013', '', 'الفيزياء', 'العلوم الطبيعية', '');
INSERT INTO `lk9v6_users` (`name`, `email`, `usertype`) VALUES ('اميره محمد ابراهيم فريك', 'amira13s05063@alexu.edu.eg', 'الخريجين');
INSERT INTO `lk9v6_alumni_main` (`id`, `user_id`, `approved`) VALUES (166490, 166490, 1);
INSERT INTO `lk9v6_alumni_data` (`alumni_id`, `graduation_year`, `fid`, `job`, `address`, `city`, `country`, `phone`, `gid`, `mobile`, `nationalnumber`, `department`, `division`, `with_honor`) VALUES (166490, 2015, '1', '', '', '', '', '0453473967', '4', '01019342746', '', 'علوم البيئة', 'العلوم البيولوجية', '');
INSERT INTO `lk9v6_users` (`name`, `email`, `usertype`) VALUES ('هبه الله على السيد على جمعه', 'heba13s05140@alexu.edu.eg', 'الخريجين');
INSERT INTO `lk9v6_alumni_main` (`id`, `user_id`, `approved`) VALUES (166491, 166491, 1);
INSERT INTO `lk9v6_alumni_data` (`alumni_id`, `graduation_year`, `fid`, `job`, `address`, `city`, `country`, `phone`, `gid`, `mobile`, `nationalnumber`, `department`, `division`, `with_honor`) VALUES (166491, 2015, '1', '', '', '', '', '3021592', '4', '01152511830', '', 'علوم البيئة', 'العلوم البيولوجية', '');
INSERT INTO `lk9v6_users` (`name`, `email`, `usertype`) VALUES ('سميره مهدى على ابراهيم النجار', 'samira13s05388@alexu.edu.eg', 'الخريجين');
INSERT INTO `lk9v6_alumni_main` (`id`, `user_id`, `approved`) VALUES (166492, 166492, 1);
INSERT INTO `lk9v6_alumni_data` (`alumni_id`, `graduation_year`, `fid`, `job`, `address`, `city`, `country`, `phone`, `gid`, `mobile`, `nationalnumber`, `department`, `division`, `with_honor`) VALUES (166492, 2015, '1', '', '', '', '', '0472610286', '4', '01206296131', '', 'علوم البيئة', 'العلوم البيولوجية', '');
INSERT INTO `lk9v6_users` (`name`, `email`, `usertype`) VALUES ('سالمه شعبان احمد ابراهيم', 'salema13s04392@alexu.edu.eg', 'الخريجين');
INSERT INTO `lk9v6_alumni_main` (`id`, `user_id`, `approved`) VALUES (166493, 166493, 1);
INSERT INTO `lk9v6_alumni_data` (`alumni_id`, `graduation_year`, `fid`, `job`, `address`, `city`, `country`, `phone`, `gid`, `mobile`, `nationalnumber`, `department`, `division`, `with_honor`) VALUES (166493, 2015, '1', '', '', '', '', '036526161', '4', '01276292350', '', 'الفيزياء', 'العلوم الطبيعية', '');
INSERT INTO `lk9v6_users` (`name`, `email`, `usertype`) VALUES ('ولاء على مصطفى السيد', 'walaa13s04723@alexu.edu.eg', 'الخريجين');
INSERT INTO `lk9v6_alumni_main` (`id`, `user_id`, `approved`) VALUES (166494, 166494, 1);
INSERT INTO `lk9v6_alumni_data` (`alumni_id`, `graduation_year`, `fid`, `job`, `address`, `city`, `country`, `phone`, `gid`, `mobile`, `nationalnumber`, `department`, `division`, `with_honor`) VALUES (166494, 2015, '1', '', '', '', '', '035031229', '4', '0184523818', '', 'الفيزياء', 'العلوم الطبيعية', '');
INSERT INTO `lk9v6_users` (`name`, `email`, `usertype`) VALUES ('هدير محمد مصطفى عبدالحميد محمد', 'hadeer13s04620@alexu.edu.eg', 'الخريجين');
INSERT INTO `lk9v6_alumni_main` (`id`, `user_id`, `approved`) VALUES (166495, 166495, 1);
INSERT INTO `lk9v6_alumni_data` (`alumni_id`, `graduation_year`, `fid`, `job`, `address`, `city`, `country`, `phone`, `gid`, `mobile`, `nationalnumber`, `department`, `division`, `with_honor`) VALUES (166495, 2015, '1', '', '', '', '', '5264757', '4', '0180024954', '', 'الفيزياء', 'العلوم الطبيعية', '');
INSERT INTO `lk9v6_users` (`name`, `email`, `usertype`) VALUES ('احسان عبد المعطى محمود السيد الخنكاوى', 'ehsan13s04314@alexu.edu.eg', 'الخريجين');
INSERT INTO `lk9v6_alumni_main` (`id`, `user_id`, `approved`) VALUES (166496, 166496, 1);
INSERT INTO `lk9v6_alumni_data` (`alumni_id`, `graduation_year`, `fid`, `job`, `address`, `city`, `country`, `phone`, `gid`, `mobile`, `nationalnumber`, `department`, `division`, `with_honor`) VALUES (166496, 2015, '1', '', '', '', '', '3231426', '4', '01014611576', '', 'الفيزياء', 'العلوم الطبيعية', '');
INSERT INTO `lk9v6_users` (`name`, `email`, `usertype`) VALUES ('ايه عماد يوسف محمود يوسف', 'aya13s04881@alexu.edu.eg', 'الخريجين');
INSERT INTO `lk9v6_alumni_main` (`id`, `user_id`, `approved`) VALUES (166497, 166497, 1);
INSERT INTO `lk9v6_alumni_data` (`alumni_id`, `graduation_year`, `fid`, `job`, `address`, `city`, `country`, `phone`, `gid`, `mobile`, `nationalnumber`, `department`, `division`, `with_honor`) VALUES (166497, 2015, '1', '', '', '', '', '5617054', '4', '01223855126', '', 'علوم البيئة', 'العلوم البيولوجية', '');
INSERT INTO `lk9v6_users` (`name`, `email`, `usertype`) VALUES ('بسمه حمدى على راغب السنهورى', '', 'الخريجين');
INSERT INTO `lk9v6_alumni_main` (`id`, `user_id`, `approved`) VALUES (166498, 166498, 1);
INSERT INTO `lk9v6_alumni_data` (`alumni_id`, `graduation_year`, `fid`, `job`, `address`, `city`, `country`, `phone`, `gid`, `mobile`, `nationalnumber`, `department`, `division`, `with_honor`) VALUES (166498, 2015, '1', '', '', '', '', '0452232859', '4', '01284436265', '', 'الفيزياء', 'العلوم الطبيعية', '');
INSERT INTO `lk9v6_users` (`name`, `email`, `usertype`) VALUES ('ابراهيم حمدى ابراهيم محمد عيسى', 'ibrahim13s06581@alexu.edu.eg', 'الخريجين');
INSERT INTO `lk9v6_alumni_main` (`id`, `user_id`, `approved`) VALUES (166499, 166499, 1);
INSERT INTO `lk9v6_alumni_data` (`alumni_id`, `graduation_year`, `fid`, `job`, `address`, `city`, `country`, `phone`, `gid`, `mobile`, `nationalnumber`, `department`, `division`, `with_honor`) VALUES (166499, 2015, '1', '', '', '', '', '035340517', '4', '01289937639', '', 'الجيولوجيا', 'العلوم الجيولوجية', '');
INSERT INTO `lk9v6_users` (`name`, `email`, `usertype`) VALUES ('سارة عبد الباسط كامل عبد الغنى', 'sara13s06203@alexu.edu.eg', 'الخريجين');
INSERT INTO `lk9v6_alumni_main` (`id`, `user_id`, `approved`) VALUES (166500, 166500, 1);
INSERT INTO `lk9v6_alumni_data` (`alumni_id`, `graduation_year`, `fid`, `job`, `address`, `city`, `country`, `phone`, `gid`, `mobile`, `nationalnumber`, `department`, `division`, `with_honor`) VALUES (166500, 2015, '1', '', '', '', '', '0453542022', '4', '0188299141', '', 'علوم البيئة', 'العلوم البيولوجية', '');
INSERT INTO `lk9v6_users` (`name`, `email`, `usertype`) VALUES ('ايمان رضا على محمود الرشيدى', 'eman13s05216@alexu.edu.eg', 'الخريجين');
INSERT INTO `lk9v6_alumni_main` (`id`, `user_id`, `approved`) VALUES (166501, 166501, 1);
INSERT INTO `lk9v6_alumni_data` (`alumni_id`, `graduation_year`, `fid`, `job`, `address`, `city`, `country`, `phone`, `gid`, `mobile`, `nationalnumber`, `department`, `division`, `with_honor`) VALUES (166501, 2015, '1', '', '', '', '', '0452990390', '4', '01117494115', '', 'الميكروبيولوجى', 'العلوم البيولوجية', '');
INSERT INTO `lk9v6_users` (`name`, `email`, `usertype`) VALUES ('فايزه هشام عبدالمجيد محمد', 'fayza13s05807@alexu.edu.eg', 'الخريجين');
INSERT INTO `lk9v6_alumni_main` (`id`, `user_id`, `approved`) VALUES (166502, 166502, 1);
INSERT INTO `lk9v6_alumni_data` (`alumni_id`, `graduation_year`, `fid`, `job`, `address`, `city`, `country`, `phone`, `gid`, `mobile`, `nationalnumber`, `department`, `division`, `with_honor`) VALUES (166502, 2015, '1', '', '', '', '', '0453560724', '4', '01140627949', '', 'علوم البيئة', 'العلوم البيولوجية', '');
INSERT INTO `lk9v6_users` (`name`, `email`, `usertype`) VALUES ('كرستينا عدلى سعيد عبدالسيد واصف', 'keristina13s04454@alexu.edu.eg', 'الخريجين');
INSERT INTO `lk9v6_alumni_main` (`id`, `user_id`, `approved`) VALUES (166503, 166503, 1);
INSERT INTO `lk9v6_alumni_data` (`alumni_id`, `graduation_year`, `fid`, `job`, `address`, `city`, `country`, `phone`, `gid`, `mobile`, `nationalnumber`, `department`, `division`, `with_honor`) VALUES (166503, 2015, '1', '', '', '', '', '035059951', '4', '01276322390', '', 'الفيزياء', 'العلوم الطبيعية', '');
INSERT INTO `lk9v6_users` (`name`, `email`, `usertype`) VALUES ('مصطفى خليل عبد اللطيف نوار', 'mustafa13s05045@alexu.edu.eg', 'الخريجين');
INSERT INTO `lk9v6_alumni_main` (`id`, `user_id`, `approved`) VALUES (166504, 166504, 1);
INSERT INTO `lk9v6_alumni_data` (`alumni_id`, `graduation_year`, `fid`, `job`, `address`, `city`, `country`, `phone`, `gid`, `mobile`, `nationalnumber`, `department`, `division`, `with_honor`) VALUES (166504, 2015, '1', '', '', '', '', '0453350636', '4', '01204432906', '', 'الميكروبيولوجى', 'العلوم البيولوجية', '');
INSERT INTO `lk9v6_users` (`name`, `email`, `usertype`) VALUES ('اسراء فيصل السيد عجمى اسماعيل السعدنى', 'esraa13s06156@alexu.edu.eg', 'الخريجين');
INSERT INTO `lk9v6_alumni_main` (`id`, `user_id`, `approved`) VALUES (166505, 166505, 1);
INSERT INTO `lk9v6_alumni_data` (`alumni_id`, `graduation_year`, `fid`, `job`, `address`, `city`, `country`, `phone`, `gid`, `mobile`, `nationalnumber`, `department`, `division`, `with_honor`) VALUES (166505, 2015, '1', '', '', '', '', '035903535', '4', '01117781004', '', 'الميكروبيولوجى', 'العلوم البيولوجية', '');
INSERT INTO `lk9v6_users` (`name`, `email`, `usertype`) VALUES ('ايمان ناصر محمد حسن جمعه', 'eman13s04898@alexu.edu.eg', 'الخريجين');
INSERT INTO `lk9v6_alumni_main` (`id`, `user_id`, `approved`) VALUES (166506, 166506, 1);
INSERT INTO `lk9v6_alumni_data` (`alumni_id`, `graduation_year`, `fid`, `job`, `address`, `city`, `country`, `phone`, `gid`, `mobile`, `nationalnumber`, `department`, `division`, `with_honor`) VALUES (166506, 2015, '1', '', '', '', '', '0103614051', '4', '01069350020', '', 'الكيمياء الحيوية', 'العلوم البيولوجية', '');
INSERT INTO `lk9v6_users` (`name`, `email`, `usertype`) VALUES ('كريم ممدوح محمد امين رياض', 'karim13s06507@alexu.edu.eg', 'الخريجين');
INSERT INTO `lk9v6_alumni_main` (`id`, `user_id`, `approved`) VALUES (166507, 166507, 1);
INSERT INTO `lk9v6_alumni_data` (`alumni_id`, `graduation_year`, `fid`, `job`, `address`, `city`, `country`, `phone`, `gid`, `mobile`, `nationalnumber`, `department`, `division`, `with_honor`) VALUES (166507, 2015, '1', '', '', '', '', '4351231', '4', '01223429159', '', 'الفيزياء', 'العلوم الطبيعية', '');
INSERT INTO `lk9v6_users` (`name`, `email`, `usertype`) VALUES ('شيماء خالد سيف على سيف', 'shaimaa13s05031@alexu.edu.eg', 'الخريجين');
INSERT INTO `lk9v6_alumni_main` (`id`, `user_id`, `approved`) VALUES (166508, 166508, 1);
INSERT INTO `lk9v6_alumni_data` (`alumni_id`, `graduation_year`, `fid`, `job`, `address`, `city`, `country`, `phone`, `gid`, `mobile`, `nationalnumber`, `department`, `division`, `with_honor`) VALUES (166508, 2015, '1', '', '', '', '', '0472543471', '4', '01010943188', '', 'علوم البيئة', 'العلوم البيولوجية', '');
INSERT INTO `lk9v6_users` (`name`, `email`, `usertype`) VALUES ('اسماء على معوض السعداوى', 'asmaa13s06869@alexu.edu.eg', 'الخريجين');
INSERT INTO `lk9v6_alumni_main` (`id`, `user_id`, `approved`) VALUES (166509, 166509, 1);
INSERT INTO `lk9v6_alumni_data` (`alumni_id`, `graduation_year`, `fid`, `job`, `address`, `city`, `country`, `phone`, `gid`, `mobile`, `nationalnumber`, `department`, `division`, `with_honor`) VALUES (166509, 2015, '1', '', '', '', '', '0472985148', '4', '01110155147', '', 'علوم البيئة', 'العلوم البيولوجية', '');
INSERT INTO `lk9v6_users` (`name`, `email`, `usertype`) VALUES ('ابتهال محمود محمد مبروك', 'ibtihal13s05114@alexu.edu.eg', 'الخريجين');
INSERT INTO `lk9v6_alumni_main` (`id`, `user_id`, `approved`) VALUES (166510, 166510, 1);
INSERT INTO `lk9v6_alumni_data` (`alumni_id`, `graduation_year`, `fid`, `job`, `address`, `city`, `country`, `phone`, `gid`, `mobile`, `nationalnumber`, `department`, `division`, `with_honor`) VALUES (166510, 2015, '1', '', '', '', '', '033257914', '4', '0181921081', '', 'علوم البيئة', 'العلوم البيولوجية', '');
INSERT INTO `lk9v6_users` (`name`, `email`, `usertype`) VALUES ('ضحى ابراهيم محمد توفيق داود', 'doha13s05833@alexu.edu.eg', 'الخريجين');
INSERT INTO `lk9v6_alumni_main` (`id`, `user_id`, `approved`) VALUES (166511, 166511, 1);
INSERT INTO `lk9v6_alumni_data` (`alumni_id`, `graduation_year`, `fid`, `job`, `address`, `city`, `country`, `phone`, `gid`, `mobile`, `nationalnumber`, `department`, `division`, `with_honor`) VALUES (166511, 2015, '1', '', '', '', '', '9606896', '4', '01272291266', '', 'الميكروبيولوجى', 'العلوم البيولوجية', '');
INSERT INTO `lk9v6_users` (`name`, `email`, `usertype`) VALUES ('شيماء على عبد الحليم على', 'shaimaa13s06306@alexu.edu.eg', 'الخريجين');
INSERT INTO `lk9v6_alumni_main` (`id`, `user_id`, `approved`) VALUES (166512, 166512, 1);
INSERT INTO `lk9v6_alumni_data` (`alumni_id`, `graduation_year`, `fid`, `job`, `address`, `city`, `country`, `phone`, `gid`, `mobile`, `nationalnumber`, `department`, `division`, `with_honor`) VALUES (166512, 2015, '1', '', '', '', '', '4953326', '4', '01065870966', '', 'الفيزياء', 'العلوم الطبيعية', '');
INSERT INTO `lk9v6_users` (`name`, `email`, `usertype`) VALUES ('هبة احمد عبدالمنعم بشارة', 'heba13s05748@alexu.edu.eg', 'الخريجين');
INSERT INTO `lk9v6_alumni_main` (`id`, `user_id`, `approved`) VALUES (166513, 166513, 1);
INSERT INTO `lk9v6_alumni_data` (`alumni_id`, `graduation_year`, `fid`, `job`, `address`, `city`, `country`, `phone`, `gid`, `mobile`, `nationalnumber`, `department`, `division`, `with_honor`) VALUES (166513, 2015, '1', '', '', '', '', '0453326760', '4', '0169842255', '', 'الكيمياء الحيوية', 'العلوم البيولوجية', '');
INSERT INTO `lk9v6_users` (`name`, `email`, `usertype`) VALUES ('اسماء رجب السيد عبد المعطى مطاوع', 'asmaa13s04900@alexu.edu.eg', 'الخريجين');
INSERT INTO `lk9v6_alumni_main` (`id`, `user_id`, `approved`) VALUES (166514, 166514, 1);
INSERT INTO `lk9v6_alumni_data` (`alumni_id`, `graduation_year`, `fid`, `job`, `address`, `city`, `country`, `phone`, `gid`, `mobile`, `nationalnumber`, `department`, `division`, `with_honor`) VALUES (166514, 2015, '1', '', '', '', '', '4486272', '4', '01222772406', '', 'علوم البيئة', 'العلوم البيولوجية', '');
INSERT INTO `lk9v6_users` (`name`, `email`, `usertype`) VALUES ('امنيه سعيد على مرسى سليم', 'omnia13s04594@alexu.edu.eg', 'الخريجين');
INSERT INTO `lk9v6_alumni_main` (`id`, `user_id`, `approved`) VALUES (166515, 166515, 1);
INSERT INTO `lk9v6_alumni_data` (`alumni_id`, `graduation_year`, `fid`, `job`, `address`, `city`, `country`, `phone`, `gid`, `mobile`, `nationalnumber`, `department`, `division`, `with_honor`) VALUES (166515, 2015, '1', '', '', '', '', '5617947', '4', '0185227544', '', 'الفيزياء', 'العلوم الطبيعية', '');
INSERT INTO `lk9v6_users` (`name`, `email`, `usertype`) VALUES ('على السيد احمد عبدالعزيز', 'ali13s05219@alexu.edu.eg', 'الخريجين');
INSERT INTO `lk9v6_alumni_main` (`id`, `user_id`, `approved`) VALUES (166516, 166516, 1);
INSERT INTO `lk9v6_alumni_data` (`alumni_id`, `graduation_year`, `fid`, `job`, `address`, `city`, `country`, `phone`, `gid`, `mobile`, `nationalnumber`, `department`, `division`, `with_honor`) VALUES (166516, 2015, '1', '', '', '', '', '3225429', '4', '01203262129', '', 'علوم البيئة', 'العلوم البيولوجية', '');
INSERT INTO `lk9v6_users` (`name`, `email`, `usertype`) VALUES ('عتاب رجب شعبان على', 'etab13s05327@alexu.edu.eg', 'الخريجين');
INSERT INTO `lk9v6_alumni_main` (`id`, `user_id`, `approved`) VALUES (166517, 166517, 1);
INSERT INTO `lk9v6_alumni_data` (`alumni_id`, `graduation_year`, `fid`, `job`, `address`, `city`, `country`, `phone`, `gid`, `mobile`, `nationalnumber`, `department`, `division`, `with_honor`) VALUES (166517, 2015, '1', '', '', '', '', '0453270740', '4', '01001998326', '', 'الكيمياء الحيوية', 'العلوم البيولوجية', '');
INSERT INTO `lk9v6_users` (`name`, `email`, `usertype`) VALUES ('مروه محمد على كليب عيسى', 'marwa13s04981@alexu.edu.eg', 'الخريجين');
INSERT INTO `lk9v6_alumni_main` (`id`, `user_id`, `approved`) VALUES (166518, 166518, 1);
INSERT INTO `lk9v6_alumni_data` (`alumni_id`, `graduation_year`, `fid`, `job`, `address`, `city`, `country`, `phone`, `gid`, `mobile`, `nationalnumber`, `department`, `division`, `with_honor`) VALUES (166518, 2015, '1', '', '', '', '', '4367970', '4', '0184744152', '', 'علوم البيئة', 'العلوم البيولوجية', '');
INSERT INTO `lk9v6_users` (`name`, `email`, `usertype`) VALUES ('مروه ناصر عمر احمد الصواف', 'marwa13s06854@alexu.edu.eg', 'الخريجين');
INSERT INTO `lk9v6_alumni_main` (`id`, `user_id`, `approved`) VALUES (166519, 166519, 1);
INSERT INTO `lk9v6_alumni_data` (`alumni_id`, `graduation_year`, `fid`, `job`, `address`, `city`, `country`, `phone`, `gid`, `mobile`, `nationalnumber`, `department`, `division`, `with_honor`) VALUES (166519, 2015, '1', '', '', '', '', '3010303', '4', '01120620541', '', 'الفيزياء', 'العلوم الطبيعية', '');
INSERT INTO `lk9v6_users` (`name`, `email`, `usertype`) VALUES ('هند عنايت عبدالحميد محمود', 'hend13s04871@alexu.edu.eg', 'الخريجين');
INSERT INTO `lk9v6_alumni_main` (`id`, `user_id`, `approved`) VALUES (166520, 166520, 1);
INSERT INTO `lk9v6_alumni_data` (`alumni_id`, `graduation_year`, `fid`, `job`, `address`, `city`, `country`, `phone`, `gid`, `mobile`, `nationalnumber`, `department`, `division`, `with_honor`) VALUES (166520, 2015, '1', '', '', '', '', '035342075', '4', '01001478207', '', 'علوم البيئة', 'العلوم البيولوجية', '');
INSERT INTO `lk9v6_users` (`name`, `email`, `usertype`) VALUES ('امنيه محمد شعبان على', 'omnia13s05676@alexu.edu.eg', 'الخريجين');
INSERT INTO `lk9v6_alumni_main` (`id`, `user_id`, `approved`) VALUES (166521, 166521, 1);
INSERT INTO `lk9v6_alumni_data` (`alumni_id`, `graduation_year`, `fid`, `job`, `address`, `city`, `country`, `phone`, `gid`, `mobile`, `nationalnumber`, `department`, `division`, `with_honor`) VALUES (166521, 2015, '1', '', '', '', '', '4976079', '4', '01013163093', '', 'علوم البيئة', 'العلوم البيولوجية', '');
INSERT INTO `lk9v6_users` (`name`, `email`, `usertype`) VALUES ('ريتام سامى ابراهيم يوسف منصور', 'ritam13s04853@alexu.edu.eg', 'الخريجين');
INSERT INTO `lk9v6_alumni_main` (`id`, `user_id`, `approved`) VALUES (166522, 166522, 1);
INSERT INTO `lk9v6_alumni_data` (`alumni_id`, `graduation_year`, `fid`, `job`, `address`, `city`, `country`, `phone`, `gid`, `mobile`, `nationalnumber`, `department`, `division`, `with_honor`) VALUES (166522, 2015, '1', '', '', '', '', '5911649', '4', '01114962199', '', 'علوم البيئة', 'العلوم البيولوجية', '');
INSERT INTO `lk9v6_users` (`name`, `email`, `usertype`) VALUES ('حسناء عبد المحسن يحيى احمد القبيه', 'hasnaa13s05447@alexu.edu.eg', 'الخريجين');
INSERT INTO `lk9v6_alumni_main` (`id`, `user_id`, `approved`) VALUES (166523, 166523, 1);
INSERT INTO `lk9v6_alumni_data` (`alumni_id`, `graduation_year`, `fid`, `job`, `address`, `city`, `country`, `phone`, `gid`, `mobile`, `nationalnumber`, `department`, `division`, `with_honor`) VALUES (166523, 2015, '1', '', '', '', '', '035354795', '4', '01145414833', '', 'علوم البيئة', 'العلوم البيولوجية', '');
INSERT INTO `lk9v6_users` (`name`, `email`, `usertype`) VALUES ('محمد هشام حسن ابراهيم', 'mohamed13s06584@alexu.edu.eg', 'الخريجين');
INSERT INTO `lk9v6_alumni_main` (`id`, `user_id`, `approved`) VALUES (166524, 166524, 1);
INSERT INTO `lk9v6_alumni_data` (`alumni_id`, `graduation_year`, `fid`, `job`, `address`, `city`, `country`, `phone`, `gid`, `mobile`, `nationalnumber`, `department`, `division`, `with_honor`) VALUES (166524, 2015, '1', '', '', '', '', '034344002', '4', '0127561406', '', 'الفيزياء', 'العلوم الطبيعية', '');
INSERT INTO `lk9v6_users` (`name`, `email`, `usertype`) VALUES ('رانيا محمد عبده احمد عبد الرسول', 'rania13s06525@alexu.edu.eg', 'الخريجين');
INSERT INTO `lk9v6_alumni_main` (`id`, `user_id`, `approved`) VALUES (166525, 166525, 1);
INSERT INTO `lk9v6_alumni_data` (`alumni_id`, `graduation_year`, `fid`, `job`, `address`, `city`, `country`, `phone`, `gid`, `mobile`, `nationalnumber`, `department`, `division`, `with_honor`) VALUES (166525, 2015, '1', '', '', '', '', '033593527', '4', '0170907582', '', 'الفيزياء', 'العلوم الطبيعية', '');
INSERT INTO `lk9v6_users` (`name`, `email`, `usertype`) VALUES ('مروه بسيونى على عبد السيد محمد', 'marwa13s04918@alexu.edu.eg', 'الخريجين');
INSERT INTO `lk9v6_alumni_main` (`id`, `user_id`, `approved`) VALUES (166526, 166526, 1);
INSERT INTO `lk9v6_alumni_data` (`alumni_id`, `graduation_year`, `fid`, `job`, `address`, `city`, `country`, `phone`, `gid`, `mobile`, `nationalnumber`, `department`, `division`, `with_honor`) VALUES (166526, 2015, '1', '', '', '', '', '0472765669', '4', '01094503470', '', 'علوم البيئة', 'العلوم البيولوجية', '');
INSERT INTO `lk9v6_users` (`name`, `email`, `usertype`) VALUES ('نهى مصطفى عبد الفتاح بلال', 'noha13s05419@alexu.edu.eg', 'الخريجين');
INSERT INTO `lk9v6_alumni_main` (`id`, `user_id`, `approved`) VALUES (166527, 166527, 1);
INSERT INTO `lk9v6_alumni_data` (`alumni_id`, `graduation_year`, `fid`, `job`, `address`, `city`, `country`, `phone`, `gid`, `mobile`, `nationalnumber`, `department`, `division`, `with_honor`) VALUES (166527, 2015, '1', '', '', '', '', '035522376', '4', '01150491104', '', 'علوم البيئة', 'العلوم البيولوجية', '');
INSERT INTO `lk9v6_users` (`name`, `email`, `usertype`) VALUES ('محمد صبحى ابراهيم عبدالحميد درويش', 'mohamed13s04899@alexu.edu.eg', 'الخريجين');
INSERT INTO `lk9v6_alumni_main` (`id`, `user_id`, `approved`) VALUES (166528, 166528, 1);
INSERT INTO `lk9v6_alumni_data` (`alumni_id`, `graduation_year`, `fid`, `job`, `address`, `city`, `country`, `phone`, `gid`, `mobile`, `nationalnumber`, `department`, `division`, `with_honor`) VALUES (166528, 2015, '1', '', '', '', '', '0452233519', '4', '01224309079', '', 'علوم البيئة', 'العلوم البيولوجية', '');
INSERT INTO `lk9v6_users` (`name`, `email`, `usertype`) VALUES ('شيماء مصطفى على فتحى الفقى', 'shaimaa13s06058@alexu.edu.eg', 'الخريجين');
INSERT INTO `lk9v6_alumni_main` (`id`, `user_id`, `approved`) VALUES (166529, 166529, 1);
INSERT INTO `lk9v6_alumni_data` (`alumni_id`, `graduation_year`, `fid`, `job`, `address`, `city`, `country`, `phone`, `gid`, `mobile`, `nationalnumber`, `department`, `division`, `with_honor`) VALUES (166529, 2015, '1', '', '', '', '', '035373709', '4', '0162276648', '', 'الفيزياء', 'العلوم الطبيعية', '');
INSERT INTO `lk9v6_users` (`name`, `email`, `usertype`) VALUES ('مى نبيل ابراهيم فتيحه غريب', 'mai13s04306@alexu.edu.eg', 'الخريجين');
INSERT INTO `lk9v6_alumni_main` (`id`, `user_id`, `approved`) VALUES (166530, 166530, 1);
INSERT INTO `lk9v6_alumni_data` (`alumni_id`, `graduation_year`, `fid`, `job`, `address`, `city`, `country`, `phone`, `gid`, `mobile`, `nationalnumber`, `department`, `division`, `with_honor`) VALUES (166530, 2015, '1', '', '', '', '', '033598004', '4', '01112428027', '', 'الفيزياء', 'العلوم الطبيعية', '');
INSERT INTO `lk9v6_users` (`name`, `email`, `usertype`) VALUES ('هدير خالد بكر محمد الحاج', 'hadeer13s06703@alexu.edu.eg', 'الخريجين');
INSERT INTO `lk9v6_alumni_main` (`id`, `user_id`, `approved`) VALUES (166531, 166531, 1);
INSERT INTO `lk9v6_alumni_data` (`alumni_id`, `graduation_year`, `fid`, `job`, `address`, `city`, `country`, `phone`, `gid`, `mobile`, `nationalnumber`, `department`, `division`, `with_honor`) VALUES (166531, 2015, '1', '', '', '', '', '5930459', '4', '01229877947', '', 'الفيزياء', 'العلوم الطبيعية', '');
INSERT INTO `lk9v6_users` (`name`, `email`, `usertype`) VALUES ('مى على عبد النبى على عبد النبى', 'mai13s05209@alexu.edu.eg', 'الخريجين');
INSERT INTO `lk9v6_alumni_main` (`id`, `user_id`, `approved`) VALUES (166532, 166532, 1);
INSERT INTO `lk9v6_alumni_data` (`alumni_id`, `graduation_year`, `fid`, `job`, `address`, `city`, `country`, `phone`, `gid`, `mobile`, `nationalnumber`, `department`, `division`, `with_honor`) VALUES (166532, 2015, '1', '', '', '', '', '033628564', '4', '01277703403', '', 'علوم البيئة', 'العلوم البيولوجية', '');
INSERT INTO `lk9v6_users` (`name`, `email`, `usertype`) VALUES ('يوستينا سعيد رمزى أنور سعيد', 'youstina13s06816@alexu.edu.eg', 'الخريجين');
INSERT INTO `lk9v6_alumni_main` (`id`, `user_id`, `approved`) VALUES (166533, 166533, 1);
INSERT INTO `lk9v6_alumni_data` (`alumni_id`, `graduation_year`, `fid`, `job`, `address`, `city`, `country`, `phone`, `gid`, `mobile`, `nationalnumber`, `department`, `division`, `with_honor`) VALUES (166533, 2015, '1', '', '', '', '', '3520257', '4', '01279852364', '', 'علوم البيئة', 'العلوم البيولوجية', '');
INSERT INTO `lk9v6_users` (`name`, `email`, `usertype`) VALUES ('منال محمد محمد ابراهيم الشوا', 'manal13s05074@alexu.edu.eg', 'الخريجين');
INSERT INTO `lk9v6_alumni_main` (`id`, `user_id`, `approved`) VALUES (166534, 166534, 1);
INSERT INTO `lk9v6_alumni_data` (`alumni_id`, `graduation_year`, `fid`, `job`, `address`, `city`, `country`, `phone`, `gid`, `mobile`, `nationalnumber`, `department`, `division`, `with_honor`) VALUES (166534, 2015, '1', '', '', '', '', '0452963950', '4', '01022685877', '', 'علوم البيئة', 'العلوم البيولوجية', '');
INSERT INTO `lk9v6_users` (`name`, `email`, `usertype`) VALUES ('الاء ابراهيم حسن الشنهابى', 'alaa13s04824@alexu.edu.eg', 'الخريجين');
INSERT INTO `lk9v6_alumni_main` (`id`, `user_id`, `approved`) VALUES (166535, 166535, 1);
INSERT INTO `lk9v6_alumni_data` (`alumni_id`, `graduation_year`, `fid`, `job`, `address`, `city`, `country`, `phone`, `gid`, `mobile`, `nationalnumber`, `department`, `division`, `with_honor`) VALUES (166535, 2015, '1', '', '', '', '', '5848217', '4', '01112810481', '', 'علوم البيئة', 'العلوم البيولوجية', '');
INSERT INTO `lk9v6_users` (`name`, `email`, `usertype`) VALUES ('على محمد رضا على السيد عبدالرحمن جبر', 'ali13s04428@alexu.edu.eg', 'الخريجين');
INSERT INTO `lk9v6_alumni_main` (`id`, `user_id`, `approved`) VALUES (166536, 166536, 1);
INSERT INTO `lk9v6_alumni_data` (`alumni_id`, `graduation_year`, `fid`, `job`, `address`, `city`, `country`, `phone`, `gid`, `mobile`, `nationalnumber`, `department`, `division`, `with_honor`) VALUES (166536, 2015, '1', '', '', '', '', '5028183', '4', '01152640851', '', 'الفيزياء', 'العلوم الطبيعية', '');
INSERT INTO `lk9v6_users` (`name`, `email`, `usertype`) VALUES ('محمود السيد حسن مصطفى', 'mahmoud13s05439@alexu.edu.eg', 'الخريجين');
INSERT INTO `lk9v6_alumni_main` (`id`, `user_id`, `approved`) VALUES (166537, 166537, 1);
INSERT INTO `lk9v6_alumni_data` (`alumni_id`, `graduation_year`, `fid`, `job`, `address`, `city`, `country`, `phone`, `gid`, `mobile`, `nationalnumber`, `department`, `division`, `with_honor`) VALUES (166537, 2015, '1', '', '', '', '', '3198799', '4', '01201564390', '', 'علوم البيئة', 'العلوم البيولوجية', '');
INSERT INTO `lk9v6_users` (`name`, `email`, `usertype`) VALUES ('مروه عيد محمد احمد', 'marwa13s04996@alexu.edu.eg', 'الخريجين');
INSERT INTO `lk9v6_alumni_main` (`id`, `user_id`, `approved`) VALUES (166538, 166538, 1);
INSERT INTO `lk9v6_alumni_data` (`alumni_id`, `graduation_year`, `fid`, `job`, `address`, `city`, `country`, `phone`, `gid`, `mobile`, `nationalnumber`, `department`, `division`, `with_honor`) VALUES (166538, 2015, '1', '', '', '', '', '0452371455', '4', '01004959080', '', 'الميكروبيولوجى', 'العلوم البيولوجية', '');
INSERT INTO `lk9v6_users` (`name`, `email`, `usertype`) VALUES ('نورهان حسن عبدالحميد يحى خليفه', 'nourhan13s05185@alexu.edu.eg', 'الخريجين');
INSERT INTO `lk9v6_alumni_main` (`id`, `user_id`, `approved`) VALUES (166539, 166539, 1);
INSERT INTO `lk9v6_alumni_data` (`alumni_id`, `graduation_year`, `fid`, `job`, `address`, `city`, `country`, `phone`, `gid`, `mobile`, `nationalnumber`, `department`, `division`, `with_honor`) VALUES (166539, 2015, '1', '', '', '', '', '035736278', '4', '01090191562', '', 'علوم البيئة', 'العلوم البيولوجية', '');
INSERT INTO `lk9v6_users` (`name`, `email`, `usertype`) VALUES ('منال جابر ابراهيم محمد احمد', 'manal13s06369@alexu.edu.eg', 'الخريجين');
INSERT INTO `lk9v6_alumni_main` (`id`, `user_id`, `approved`) VALUES (166540, 166540, 1);
INSERT INTO `lk9v6_alumni_data` (`alumni_id`, `graduation_year`, `fid`, `job`, `address`, `city`, `country`, `phone`, `gid`, `mobile`, `nationalnumber`, `department`, `division`, `with_honor`) VALUES (166540, 2015, '1', '', '', '', '', '01285216875', '4', '01285216875', '', 'الفيزياء', 'العلوم الطبيعية', '');
INSERT INTO `lk9v6_users` (`name`, `email`, `usertype`) VALUES ('محمد السيد محمود رفاعى شعبان', 'mohamed13s04300@alexu.edu.eg', 'الخريجين');
INSERT INTO `lk9v6_alumni_main` (`id`, `user_id`, `approved`) VALUES (166541, 166541, 1);
INSERT INTO `lk9v6_alumni_data` (`alumni_id`, `graduation_year`, `fid`, `job`, `address`, `city`, `country`, `phone`, `gid`, `mobile`, `nationalnumber`, `department`, `division`, `with_honor`) VALUES (166541, 2015, '1', '', '', '', '', '3233182', '4', '01280066181', '', 'الفيزياء', 'العلوم الطبيعية', '');
INSERT INTO `lk9v6_users` (`name`, `email`, `usertype`) VALUES ('اسماء محمد حجازى قبيصى قرنه', 'asmaa13s04705@alexu.edu.eg', 'الخريجين');
INSERT INTO `lk9v6_alumni_main` (`id`, `user_id`, `approved`) VALUES (166542, 166542, 1);
INSERT INTO `lk9v6_alumni_data` (`alumni_id`, `graduation_year`, `fid`, `job`, `address`, `city`, `country`, `phone`, `gid`, `mobile`, `nationalnumber`, `department`, `division`, `with_honor`) VALUES (166542, 2015, '1', '', '', '', '', '4367701', '4', '01284241893', '', 'الفيزياء', 'العلوم الطبيعية', '');
INSERT INTO `lk9v6_users` (`name`, `email`, `usertype`) VALUES ('اسراء رجب عبدالعزيز ابراهيم شحاته', 'esraa13s05267@alexu.edu.eg', 'الخريجين');
INSERT INTO `lk9v6_alumni_main` (`id`, `user_id`, `approved`) VALUES (166543, 166543, 1);
INSERT INTO `lk9v6_alumni_data` (`alumni_id`, `graduation_year`, `fid`, `job`, `address`, `city`, `country`, `phone`, `gid`, `mobile`, `nationalnumber`, `department`, `division`, `with_honor`) VALUES (166543, 2015, '1', '', '', '', '', '4297830', '4', '01015270024', '', 'علوم البيئة', 'العلوم البيولوجية', '');
INSERT INTO `lk9v6_users` (`name`, `email`, `usertype`) VALUES ('اسماء محروس مرشدى ابو طايش', 'asmaa13s05592@alexu.edu.eg', 'الخريجين');
INSERT INTO `lk9v6_alumni_main` (`id`, `user_id`, `approved`) VALUES (166544, 166544, 1);
INSERT INTO `lk9v6_alumni_data` (`alumni_id`, `graduation_year`, `fid`, `job`, `address`, `city`, `country`, `phone`, `gid`, `mobile`, `nationalnumber`, `department`, `division`, `with_honor`) VALUES (166544, 2015, '1', '', '', '', '', '0111819428', '4', '01012923318', '', 'علوم البيئة', 'العلوم البيولوجية', '');
INSERT INTO `lk9v6_users` (`name`, `email`, `usertype`) VALUES ('ندى السيد حسن ضيف ابوزيد', 'nada13s04706@alexu.edu.eg', 'الخريجين');
INSERT INTO `lk9v6_alumni_main` (`id`, `user_id`, `approved`) VALUES (166545, 166545, 1);
INSERT INTO `lk9v6_alumni_data` (`alumni_id`, `graduation_year`, `fid`, `job`, `address`, `city`, `country`, `phone`, `gid`, `mobile`, `nationalnumber`, `department`, `division`, `with_honor`) VALUES (166545, 2015, '1', '', '', '', '', '4435802', '4', '01221927276', '', 'الفيزياء', 'العلوم الطبيعية', '');
INSERT INTO `lk9v6_users` (`name`, `email`, `usertype`) VALUES ('سماح سمير زكى تادرس', 'samah13s05004@alexu.edu.eg', 'الخريجين');
INSERT INTO `lk9v6_alumni_main` (`id`, `user_id`, `approved`) VALUES (166546, 166546, 1);
INSERT INTO `lk9v6_alumni_data` (`alumni_id`, `graduation_year`, `fid`, `job`, `address`, `city`, `country`, `phone`, `gid`, `mobile`, `nationalnumber`, `department`, `division`, `with_honor`) VALUES (166546, 2015, '1', '', '', '', '', '0452704852', '4', '01207421800', '', 'الميكروبيولوجى', 'العلوم البيولوجية', '');
INSERT INTO `lk9v6_users` (`name`, `email`, `usertype`) VALUES ('مارك فهمى مسعد فهمى رفله', 'mark13s04608@alexu.edu.eg', 'الخريجين');
INSERT INTO `lk9v6_alumni_main` (`id`, `user_id`, `approved`) VALUES (166547, 166547, 1);
INSERT INTO `lk9v6_alumni_data` (`alumni_id`, `graduation_year`, `fid`, `job`, `address`, `city`, `country`, `phone`, `gid`, `mobile`, `nationalnumber`, `department`, `division`, `with_honor`) VALUES (166547, 2015, '1', '', '', '', '', '034281391', '4', '0121877883', '', 'الفيزياء', 'العلوم الطبيعية', '');
INSERT INTO `lk9v6_users` (`name`, `email`, `usertype`) VALUES ('ايات فيصل السيد عجمى اسماعيل السعدنى', 'ayat13s06157@alexu.edu.eg', 'الخريجين');
INSERT INTO `lk9v6_alumni_main` (`id`, `user_id`, `approved`) VALUES (166548, 166548, 1);
INSERT INTO `lk9v6_alumni_data` (`alumni_id`, `graduation_year`, `fid`, `job`, `address`, `city`, `country`, `phone`, `gid`, `mobile`, `nationalnumber`, `department`, `division`, `with_honor`) VALUES (166548, 2015, '1', '', '', '', '', '035903535', '4', '0117781003', '', 'الميكروبيولوجى', 'العلوم البيولوجية', '');
INSERT INTO `lk9v6_users` (`name`, `email`, `usertype`) VALUES ('اسماء قطب رجب الابشيهى', 'asmaa13s05697@alexu.edu.eg', 'الخريجين');
INSERT INTO `lk9v6_alumni_main` (`id`, `user_id`, `approved`) VALUES (166549, 166549, 1);
INSERT INTO `lk9v6_alumni_data` (`alumni_id`, `graduation_year`, `fid`, `job`, `address`, `city`, `country`, `phone`, `gid`, `mobile`, `nationalnumber`, `department`, `division`, `with_honor`) VALUES (166549, 2015, '1', '', '', '', '', '0453330163', '4', '0192843032', '', 'الميكروبيولوجى', 'العلوم البيولوجية', '');
INSERT INTO `lk9v6_users` (`name`, `email`, `usertype`) VALUES ('دعاء عبد الحميد عقاد بشير', 'doaa13s04669@alexu.edu.eg', 'الخريجين');
INSERT INTO `lk9v6_alumni_main` (`id`, `user_id`, `approved`) VALUES (166550, 166550, 1);
INSERT INTO `lk9v6_alumni_data` (`alumni_id`, `graduation_year`, `fid`, `job`, `address`, `city`, `country`, `phone`, `gid`, `mobile`, `nationalnumber`, `department`, `division`, `with_honor`) VALUES (166550, 2015, '1', '', '', '', '', '035281974', '4', '01112034073', '', 'الجيولوجيا', 'العلوم الجيولوجية', '');
INSERT INTO `lk9v6_users` (`name`, `email`, `usertype`) VALUES ('اسماء اشرف سعد عبدالرحمن', 'asmaa13s04886@alexu.edu.eg', 'الخريجين');
INSERT INTO `lk9v6_alumni_main` (`id`, `user_id`, `approved`) VALUES (166551, 166551, 1);
INSERT INTO `lk9v6_alumni_data` (`alumni_id`, `graduation_year`, `fid`, `job`, `address`, `city`, `country`, `phone`, `gid`, `mobile`, `nationalnumber`, `department`, `division`, `with_honor`) VALUES (166551, 2015, '1', '', '', '', '', '0472712415', '4', '01067751158', '', 'علوم البيئة', 'العلوم البيولوجية', '');
INSERT INTO `lk9v6_users` (`name`, `email`, `usertype`) VALUES ('هدير احمد خميس محمود محمد', 'hadeer13s04276@alexu.edu.eg', 'الخريجين');
INSERT INTO `lk9v6_alumni_main` (`id`, `user_id`, `approved`) VALUES (166552, 166552, 1);
INSERT INTO `lk9v6_alumni_data` (`alumni_id`, `graduation_year`, `fid`, `job`, `address`, `city`, `country`, `phone`, `gid`, `mobile`, `nationalnumber`, `department`, `division`, `with_honor`) VALUES (166552, 2015, '1', '', '', '', '', '034943360', '4', '01281883048', '', 'الفيزياء', 'العلوم الطبيعية', '');
INSERT INTO `lk9v6_users` (`name`, `email`, `usertype`) VALUES ('عمرو العربى على البرعى', 'amr13s04612@alexu.edu.eg', 'الخريجين');
INSERT INTO `lk9v6_alumni_main` (`id`, `user_id`, `approved`) VALUES (166553, 166553, 1);
INSERT INTO `lk9v6_alumni_data` (`alumni_id`, `graduation_year`, `fid`, `job`, `address`, `city`, `country`, `phone`, `gid`, `mobile`, `nationalnumber`, `department`, `division`, `with_honor`) VALUES (166553, 2015, '1', '', '', '', '', '035909461', '4', '01111096930', '', 'الفيزياء', 'العلوم الطبيعية', '');
INSERT INTO `lk9v6_users` (`name`, `email`, `usertype`) VALUES ('ندى طارق حسنين محمد حسنين', 'nada13s06694@alexu.edu.eg', 'الخريجين');
INSERT INTO `lk9v6_alumni_main` (`id`, `user_id`, `approved`) VALUES (166554, 166554, 1);
INSERT INTO `lk9v6_alumni_data` (`alumni_id`, `graduation_year`, `fid`, `job`, `address`, `city`, `country`, `phone`, `gid`, `mobile`, `nationalnumber`, `department`, `division`, `with_honor`) VALUES (166554, 2015, '1', '', '', '', '', '035434163', '4', '01066130237', '', 'علوم البيئة', 'العلوم البيولوجية', '');
INSERT INTO `lk9v6_users` (`name`, `email`, `usertype`) VALUES ('محمود ابرهيم زغلول حامد', 'mahmoud13s04335@alexu.edu.eg', 'الخريجين');
INSERT INTO `lk9v6_alumni_main` (`id`, `user_id`, `approved`) VALUES (166555, 166555, 1);
INSERT INTO `lk9v6_alumni_data` (`alumni_id`, `graduation_year`, `fid`, `job`, `address`, `city`, `country`, `phone`, `gid`, `mobile`, `nationalnumber`, `department`, `division`, `with_honor`) VALUES (166555, 2015, '1', '', '', '', '', '034593310', '4', '01277001825', '', 'الفيزياء', 'العلوم الطبيعية', '');
INSERT INTO `lk9v6_users` (`name`, `email`, `usertype`) VALUES ('اسراء حسان احمد عبد الحميد مطاريد', 'esraa13s05008@alexu.edu.eg', 'الخريجين');
INSERT INTO `lk9v6_alumni_main` (`id`, `user_id`, `approved`) VALUES (166556, 166556, 1);
INSERT INTO `lk9v6_alumni_data` (`alumni_id`, `graduation_year`, `fid`, `job`, `address`, `city`, `country`, `phone`, `gid`, `mobile`, `nationalnumber`, `department`, `division`, `with_honor`) VALUES (166556, 2015, '1', '', '', '', '', '2271483', '4', '01123392668', '', 'علوم البيئة', 'العلوم البيولوجية', '');
INSERT INTO `lk9v6_users` (`name`, `email`, `usertype`) VALUES ('صلاح الدين احمد هاشم عبدالحميد عبدالجليل', 'salah13s05167@alexu.edu.eg', 'الخريجين');
INSERT INTO `lk9v6_alumni_main` (`id`, `user_id`, `approved`) VALUES (166557, 166557, 1);
INSERT INTO `lk9v6_alumni_data` (`alumni_id`, `graduation_year`, `fid`, `job`, `address`, `city`, `country`, `phone`, `gid`, `mobile`, `nationalnumber`, `department`, `division`, `with_honor`) VALUES (166557, 2015, '1', '', '', '', '', '4800453', '4', '01147279914', '', 'علوم البيئة', 'العلوم البيولوجية', '');
INSERT INTO `lk9v6_users` (`name`, `email`, `usertype`) VALUES ('دينا كامل احمد السايس', 'dina13s05130@alexu.edu.eg', 'الخريجين');
INSERT INTO `lk9v6_alumni_main` (`id`, `user_id`, `approved`) VALUES (166558, 166558, 1);
INSERT INTO `lk9v6_alumni_data` (`alumni_id`, `graduation_year`, `fid`, `job`, `address`, `city`, `country`, `phone`, `gid`, `mobile`, `nationalnumber`, `department`, `division`, `with_honor`) VALUES (166558, 2015, '1', '', '', '', '', '0472712314', '4', '0191979697', '', 'علوم البيئة', 'العلوم البيولوجية', '');
INSERT INTO `lk9v6_users` (`name`, `email`, `usertype`) VALUES ('سميه محمد محمود محمد ابراهيم', 'somaya13s05671@alexu.edu.eg', 'الخريجين');
INSERT INTO `lk9v6_alumni_main` (`id`, `user_id`, `approved`) VALUES (166559, 166559, 1);
INSERT INTO `lk9v6_alumni_data` (`alumni_id`, `graduation_year`, `fid`, `job`, `address`, `city`, `country`, `phone`, `gid`, `mobile`, `nationalnumber`, `department`, `division`, `with_honor`) VALUES (166559, 2015, '1', '', '', '', '', '0452275904', '4', '01117716832', '', 'الكيمياء الحيوية', 'العلوم البيولوجية', '');
INSERT INTO `lk9v6_users` (`name`, `email`, `usertype`) VALUES ('اسراء محمد محمد منصور', 'esraa13s04769@alexu.edu.eg', 'الخريجين');
INSERT INTO `lk9v6_alumni_main` (`id`, `user_id`, `approved`) VALUES (166560, 166560, 1);
INSERT INTO `lk9v6_alumni_data` (`alumni_id`, `graduation_year`, `fid`, `job`, `address`, `city`, `country`, `phone`, `gid`, `mobile`, `nationalnumber`, `department`, `division`, `with_honor`) VALUES (166560, 2015, '1', '', '', '', '', '035337946', '4', '01063719700', '', 'الفيزياء', 'العلوم الطبيعية', '');
INSERT INTO `lk9v6_users` (`name`, `email`, `usertype`) VALUES ('ايمان الشبراوى محمد عبد الفتاح', 'eman13s06074@alexu.edu.eg', 'الخريجين');
INSERT INTO `lk9v6_alumni_main` (`id`, `user_id`, `approved`) VALUES (166561, 166561, 1);
INSERT INTO `lk9v6_alumni_data` (`alumni_id`, `graduation_year`, `fid`, `job`, `address`, `city`, `country`, `phone`, `gid`, `mobile`, `nationalnumber`, `department`, `division`, `with_honor`) VALUES (166561, 2015, '1', '', '', '', '', '035611773', '4', '01272418832', '', 'الفيزياء', 'العلوم الطبيعية', '');
INSERT INTO `lk9v6_users` (`name`, `email`, `usertype`) VALUES ('اسلام مصطفى احمد السيد', 'islam13s04506@alexu.edu.eg', 'الخريجين');
INSERT INTO `lk9v6_alumni_main` (`id`, `user_id`, `approved`) VALUES (166562, 166562, 1);
INSERT INTO `lk9v6_alumni_data` (`alumni_id`, `graduation_year`, `fid`, `job`, `address`, `city`, `country`, `phone`, `gid`, `mobile`, `nationalnumber`, `department`, `division`, `with_honor`) VALUES (166562, 2015, '1', '', '', '', '', '4387842', '4', '01126241199', '', 'الفيزياء', 'العلوم الطبيعية', '');
INSERT INTO `lk9v6_users` (`name`, `email`, `usertype`) VALUES ('شيماء نصر الله محمد عبدالجليل', 'shaimaa13s05437@alexu.edu.eg', 'الخريجين');
INSERT INTO `lk9v6_alumni_main` (`id`, `user_id`, `approved`) VALUES (166563, 166563, 1);
INSERT INTO `lk9v6_alumni_data` (`alumni_id`, `graduation_year`, `fid`, `job`, `address`, `city`, `country`, `phone`, `gid`, `mobile`, `nationalnumber`, `department`, `division`, `with_honor`) VALUES (166563, 2015, '1', '', '', '', '', '0452510922', '3', '01149471494', '', 'علوم البيئة', 'العلوم البيولوجية', '');
INSERT INTO `lk9v6_users` (`name`, `email`, `usertype`) VALUES ('اميرة رمضان احمد على عبدالكريم', 'amira13s05689@alexu.edu.eg', 'الخريجين');
INSERT INTO `lk9v6_alumni_main` (`id`, `user_id`, `approved`) VALUES (166564, 166564, 1);
INSERT INTO `lk9v6_alumni_data` (`alumni_id`, `graduation_year`, `fid`, `job`, `address`, `city`, `country`, `phone`, `gid`, `mobile`, `nationalnumber`, `department`, `division`, `with_honor`) VALUES (166564, 2015, '1', '', '', '', '', '0452563815', '3', '0194774696', '', 'علوم البيئة', 'العلوم البيولوجية', '');
INSERT INTO `lk9v6_users` (`name`, `email`, `usertype`) VALUES ('محمد عبد المعطى بسيونى محمد', 'mohamed13s06160@alexu.edu.eg', 'الخريجين');
INSERT INTO `lk9v6_alumni_main` (`id`, `user_id`, `approved`) VALUES (166565, 166565, 1);
INSERT INTO `lk9v6_alumni_data` (`alumni_id`, `graduation_year`, `fid`, `job`, `address`, `city`, `country`, `phone`, `gid`, `mobile`, `nationalnumber`, `department`, `division`, `with_honor`) VALUES (166565, 2015, '1', '', '', '', '', '035746212', '3', '01287543069', '', 'الفيزياء', 'العلوم الطبيعية', '');
INSERT INTO `lk9v6_users` (`name`, `email`, `usertype`) VALUES ('عمر اسامه حسن غنيم محفوظ', 'omar13s05294@alexu.edu.eg', 'الخريجين');
INSERT INTO `lk9v6_alumni_main` (`id`, `user_id`, `approved`) VALUES (166566, 166566, 1);
INSERT INTO `lk9v6_alumni_data` (`alumni_id`, `graduation_year`, `fid`, `job`, `address`, `city`, `country`, `phone`, `gid`, `mobile`, `nationalnumber`, `department`, `division`, `with_honor`) VALUES (166566, 2015, '1', '', '', '', '', '035071958', '3', '01095684716', '', 'علوم البيئة', 'العلوم البيولوجية', '');
INSERT INTO `lk9v6_users` (`name`, `email`, `usertype`) VALUES ('هبه بكر رجب على حجازى', 'heba13s05058@alexu.edu.eg', 'الخريجين');
INSERT INTO `lk9v6_alumni_main` (`id`, `user_id`, `approved`) VALUES (166567, 166567, 1);
INSERT INTO `lk9v6_alumni_data` (`alumni_id`, `graduation_year`, `fid`, `job`, `address`, `city`, `country`, `phone`, `gid`, `mobile`, `nationalnumber`, `department`, `division`, `with_honor`) VALUES (166567, 2015, '1', '', '', '', '', '033325282', '3', '01115174219', '', 'علوم البيئة', 'العلوم البيولوجية', '');
INSERT INTO `lk9v6_users` (`name`, `email`, `usertype`) VALUES ('ايه على احمد على خليل', 'aya13s05097@alexu.edu.eg', 'الخريجين');
INSERT INTO `lk9v6_alumni_main` (`id`, `user_id`, `approved`) VALUES (166568, 166568, 1);
INSERT INTO `lk9v6_alumni_data` (`alumni_id`, `graduation_year`, `fid`, `job`, `address`, `city`, `country`, `phone`, `gid`, `mobile`, `nationalnumber`, `department`, `division`, `with_honor`) VALUES (166568, 2015, '1', '', '', '', '', '5064793', '3', '0183057781', '', 'علوم البيئة', 'العلوم البيولوجية', '');
INSERT INTO `lk9v6_users` (`name`, `email`, `usertype`) VALUES ('تهانى حسن ابراهيم عبدالغفار', 'tahany13s05300@alexu.edu.eg', 'الخريجين');
INSERT INTO `lk9v6_alumni_main` (`id`, `user_id`, `approved`) VALUES (166569, 166569, 1);
INSERT INTO `lk9v6_alumni_data` (`alumni_id`, `graduation_year`, `fid`, `job`, `address`, `city`, `country`, `phone`, `gid`, `mobile`, `nationalnumber`, `department`, `division`, `with_honor`) VALUES (166569, 2015, '1', '', '', '', '', '033818963', '3', '0187611138', '', 'علوم البيئة', 'العلوم البيولوجية', '');
INSERT INTO `lk9v6_users` (`name`, `email`, `usertype`) VALUES ('ليلى عبدالله ابراهيم عبدالله', 'laila13s05577@alexu.edu.eg', 'الخريجين');
INSERT INTO `lk9v6_alumni_main` (`id`, `user_id`, `approved`) VALUES (166570, 166570, 1);
INSERT INTO `lk9v6_alumni_data` (`alumni_id`, `graduation_year`, `fid`, `job`, `address`, `city`, `country`, `phone`, `gid`, `mobile`, `nationalnumber`, `department`, `division`, `with_honor`) VALUES (166570, 2015, '1', '', '', '', '', '4420821', '3', '01289397057', '', 'علوم البيئة', 'العلوم البيولوجية', '');
INSERT INTO `lk9v6_users` (`name`, `email`, `usertype`) VALUES ('نرمين مدحت محمود احمد زهران', 'nermin13s06189@alexu.edu.eg', 'الخريجين');
INSERT INTO `lk9v6_alumni_main` (`id`, `user_id`, `approved`) VALUES (166571, 166571, 1);
INSERT INTO `lk9v6_alumni_data` (`alumni_id`, `graduation_year`, `fid`, `job`, `address`, `city`, `country`, `phone`, `gid`, `mobile`, `nationalnumber`, `department`, `division`, `with_honor`) VALUES (166571, 2015, '1', '', '', '', '', '035291504', '3', '0127971219', '', 'الفيزياء', 'العلوم الطبيعية', '');
INSERT INTO `lk9v6_users` (`name`, `email`, `usertype`) VALUES ('نانسى صلاح سالم تادرس', 'nancy13s04855@alexu.edu.eg', 'الخريجين');
INSERT INTO `lk9v6_alumni_main` (`id`, `user_id`, `approved`) VALUES (166572, 166572, 1);
INSERT INTO `lk9v6_alumni_data` (`alumni_id`, `graduation_year`, `fid`, `job`, `address`, `city`, `country`, `phone`, `gid`, `mobile`, `nationalnumber`, `department`, `division`, `with_honor`) VALUES (166572, 2015, '1', '', '', '', '', '3305029', '3', '01272929661', '', 'علوم البحار العامة', 'العلوم البيولوجية', '');
INSERT INTO `lk9v6_users` (`name`, `email`, `usertype`) VALUES ('شيرين فتح الله صلاح الدين', 'sherin13s06178@alexu.edu.eg', 'الخريجين');
INSERT INTO `lk9v6_alumni_main` (`id`, `user_id`, `approved`) VALUES (166573, 166573, 1);
INSERT INTO `lk9v6_alumni_data` (`alumni_id`, `graduation_year`, `fid`, `job`, `address`, `city`, `country`, `phone`, `gid`, `mobile`, `nationalnumber`, `department`, `division`, `with_honor`) VALUES (166573, 2015, '1', '', '', '', '', '03459282', '3', '01010328508', '', 'علوم البيئة', 'العلوم البيولوجية', '');
INSERT INTO `lk9v6_users` (`name`, `email`, `usertype`) VALUES ('عبد الرحمن سعيد السيد محروس', 'abdelrahman13s06341@alexu.edu.eg', 'الخريجين');
INSERT INTO `lk9v6_alumni_main` (`id`, `user_id`, `approved`) VALUES (166574, 166574, 1);
INSERT INTO `lk9v6_alumni_data` (`alumni_id`, `graduation_year`, `fid`, `job`, `address`, `city`, `country`, `phone`, `gid`, `mobile`, `nationalnumber`, `department`, `division`, `with_honor`) VALUES (166574, 2015, '1', '', '', '', '', '033583865', '3', '01000990582', '', 'الفيزياء', 'العلوم الطبيعية', '');
INSERT INTO `lk9v6_users` (`name`, `email`, `usertype`) VALUES ('سهيله عصام محمد عبده جاهين', 'sohaila13s04846@alexu.edu.eg', 'الخريجين');
INSERT INTO `lk9v6_alumni_main` (`id`, `user_id`, `approved`) VALUES (166575, 166575, 1);
INSERT INTO `lk9v6_alumni_data` (`alumni_id`, `graduation_year`, `fid`, `job`, `address`, `city`, `country`, `phone`, `gid`, `mobile`, `nationalnumber`, `department`, `division`, `with_honor`) VALUES (166575, 2015, '1', '', '', '', '', '4256916', '3', '01224445294', '', 'علوم البيئة', 'العلوم البيولوجية', '');
INSERT INTO `lk9v6_users` (`name`, `email`, `usertype`) VALUES ('المعتز بالله محمد دياب السيد سعد', 'almotaz13s04555@alexu.edu.eg', 'الخريجين');
INSERT INTO `lk9v6_alumni_main` (`id`, `user_id`, `approved`) VALUES (166576, 166576, 1);
INSERT INTO `lk9v6_alumni_data` (`alumni_id`, `graduation_year`, `fid`, `job`, `address`, `city`, `country`, `phone`, `gid`, `mobile`, `nationalnumber`, `department`, `division`, `with_honor`) VALUES (166576, 2015, '1', '', '', '', '', '034248060', '3', '01275256880', '', 'الفيزياء', 'العلوم الطبيعية', '');
INSERT INTO `lk9v6_users` (`name`, `email`, `usertype`) VALUES ('اسماء احمد غازى ابراهيم محمد شتا', 'asmaa13s05406@alexu.edu.eg', 'الخريجين');
INSERT INTO `lk9v6_alumni_main` (`id`, `user_id`, `approved`) VALUES (166577, 166577, 1);
INSERT INTO `lk9v6_alumni_data` (`alumni_id`, `graduation_year`, `fid`, `job`, `address`, `city`, `country`, `phone`, `gid`, `mobile`, `nationalnumber`, `department`, `division`, `with_honor`) VALUES (166577, 2015, '1', '', '', '', '', '01276664958', '3', '01228056576', '', 'علوم البيئة', 'العلوم البيولوجية', '');
INSERT INTO `lk9v6_users` (`name`, `email`, `usertype`) VALUES ('على عزت صالح عبدالله', 'ali13s04725@alexu.edu.eg', 'الخريجين');
INSERT INTO `lk9v6_alumni_main` (`id`, `user_id`, `approved`) VALUES (166578, 166578, 1);
INSERT INTO `lk9v6_alumni_data` (`alumni_id`, `graduation_year`, `fid`, `job`, `address`, `city`, `country`, `phone`, `gid`, `mobile`, `nationalnumber`, `department`, `division`, `with_honor`) VALUES (166578, 2015, '1', '', '', '', '', '033602084', '3', '01114749650', '', 'الفيزياء', 'العلوم الطبيعية', '');
INSERT INTO `lk9v6_users` (`name`, `email`, `usertype`) VALUES ('اميره يسرى عبد الفتاح رجب', 'amira13s04876@alexu.edu.eg', 'الخريجين');
INSERT INTO `lk9v6_alumni_main` (`id`, `user_id`, `approved`) VALUES (166579, 166579, 1);
INSERT INTO `lk9v6_alumni_data` (`alumni_id`, `graduation_year`, `fid`, `job`, `address`, `city`, `country`, `phone`, `gid`, `mobile`, `nationalnumber`, `department`, `division`, `with_honor`) VALUES (166579, 2015, '1', '', '', '', '', '5404237', '3', '0185029298', '', 'علوم البيئة', 'العلوم البيولوجية', '');
INSERT INTO `lk9v6_users` (`name`, `email`, `usertype`) VALUES ('محمد جمال على ابراهيم النجار', 'mohamed13s05223@alexu.edu.eg', 'الخريجين');
INSERT INTO `lk9v6_alumni_main` (`id`, `user_id`, `approved`) VALUES (166580, 166580, 1);
INSERT INTO `lk9v6_alumni_data` (`alumni_id`, `graduation_year`, `fid`, `job`, `address`, `city`, `country`, `phone`, `gid`, `mobile`, `nationalnumber`, `department`, `division`, `with_honor`) VALUES (166580, 2015, '1', '', '', '', '', '035026939', '3', '01281604458', '', 'علوم البيئة', 'العلوم البيولوجية', '');
INSERT INTO `lk9v6_users` (`name`, `email`, `usertype`) VALUES ('الهام صبرى عبدالعزيز قطب ابوغنيمه', 'elham13s05014@alexu.edu.eg', 'الخريجين');
INSERT INTO `lk9v6_alumni_main` (`id`, `user_id`, `approved`) VALUES (166581, 166581, 1);
INSERT INTO `lk9v6_alumni_data` (`alumni_id`, `graduation_year`, `fid`, `job`, `address`, `city`, `country`, `phone`, `gid`, `mobile`, `nationalnumber`, `department`, `division`, `with_honor`) VALUES (166581, 2015, '1', '', '', '', '', '0452991562', '3', '01007682716', '', 'علوم البيئة', 'العلوم البيولوجية', '');
INSERT INTO `lk9v6_users` (`name`, `email`, `usertype`) VALUES ('فاطمه عوض عبدالمنعم عوض ابوعشيبه', 'fatma13s04990@alexu.edu.eg', 'الخريجين');
INSERT INTO `lk9v6_alumni_main` (`id`, `user_id`, `approved`) VALUES (166582, 166582, 1);
INSERT INTO `lk9v6_alumni_data` (`alumni_id`, `graduation_year`, `fid`, `job`, `address`, `city`, `country`, `phone`, `gid`, `mobile`, `nationalnumber`, `department`, `division`, `with_honor`) VALUES (166582, 2015, '1', '', '', '', '', '0452502613', '3', '01284069854', '', 'علوم البيئة', 'العلوم البيولوجية', '');
INSERT INTO `lk9v6_users` (`name`, `email`, `usertype`) VALUES ('ايه مصطفى عبدالجليل مصطفى حمامو', 'aya13s05733@alexu.edu.eg', 'الخريجين');
INSERT INTO `lk9v6_alumni_main` (`id`, `user_id`, `approved`) VALUES (166583, 166583, 1);
INSERT INTO `lk9v6_alumni_data` (`alumni_id`, `graduation_year`, `fid`, `job`, `address`, `city`, `country`, `phone`, `gid`, `mobile`, `nationalnumber`, `department`, `division`, `with_honor`) VALUES (166583, 2015, '1', '', '', '', '', '0472512889', '3', '01060805057', '', 'علوم البحار العامة', 'العلوم البيولوجية', '');
INSERT INTO `lk9v6_users` (`name`, `email`, `usertype`) VALUES ('ايه صابر احمد بدر ابراهيم', 'aya13s05106@alexu.edu.eg', 'الخريجين');
INSERT INTO `lk9v6_alumni_main` (`id`, `user_id`, `approved`) VALUES (166584, 166584, 1);
INSERT INTO `lk9v6_alumni_data` (`alumni_id`, `graduation_year`, `fid`, `job`, `address`, `city`, `country`, `phone`, `gid`, `mobile`, `nationalnumber`, `department`, `division`, `with_honor`) VALUES (166584, 2015, '1', '', '', '', '', '039503460', '3', '01002619904', '', 'الميكروبيولوجى', 'العلوم البيولوجية', '');
INSERT INTO `lk9v6_users` (`name`, `email`, `usertype`) VALUES ('معتز نبيل محمود قطب قنديل', 'motaz13s04298@alexu.edu.eg', 'الخريجين');
INSERT INTO `lk9v6_alumni_main` (`id`, `user_id`, `approved`) VALUES (166585, 166585, 1);
INSERT INTO `lk9v6_alumni_data` (`alumni_id`, `graduation_year`, `fid`, `job`, `address`, `city`, `country`, `phone`, `gid`, `mobile`, `nationalnumber`, `department`, `division`, `with_honor`) VALUES (166585, 2015, '1', '', '', '', '', '4941026', '3', '01225877581', '', 'الجيولوجيا', 'العلوم الجيولوجية', '');
INSERT INTO `lk9v6_users` (`name`, `email`, `usertype`) VALUES ('محمد محمد احمد على حزين', 'mohamed13s05101@alexu.edu.eg', 'الخريجين');
INSERT INTO `lk9v6_alumni_main` (`id`, `user_id`, `approved`) VALUES (166586, 166586, 1);
INSERT INTO `lk9v6_alumni_data` (`alumni_id`, `graduation_year`, `fid`, `job`, `address`, `city`, `country`, `phone`, `gid`, `mobile`, `nationalnumber`, `department`, `division`, `with_honor`) VALUES (166586, 2015, '1', '', '', '', '', '034480137', '3', '01093740398', '', 'علوم البيئة', 'العلوم البيولوجية', '');
INSERT INTO `lk9v6_users` (`name`, `email`, `usertype`) VALUES ('محمد احمد عزالدين محمد محمد سيداحمد', 'mohamed13s04800@alexu.edu.eg', 'الخريجين');
INSERT INTO `lk9v6_alumni_main` (`id`, `user_id`, `approved`) VALUES (166587, 166587, 1);
INSERT INTO `lk9v6_alumni_data` (`alumni_id`, `graduation_year`, `fid`, `job`, `address`, `city`, `country`, `phone`, `gid`, `mobile`, `nationalnumber`, `department`, `division`, `with_honor`) VALUES (166587, 2015, '1', '', '', '', '', '033243497', '3', '01273112076', '', 'الفيزياء', 'العلوم الطبيعية', '');
INSERT INTO `lk9v6_users` (`name`, `email`, `usertype`) VALUES ('هدير أحمد أبو عيشة حسن ابراهيم', 'hadeer13s04130@alexu.edu.eg', 'الخريجين');
INSERT INTO `lk9v6_alumni_main` (`id`, `user_id`, `approved`) VALUES (166588, 166588, 1);
INSERT INTO `lk9v6_alumni_data` (`alumni_id`, `graduation_year`, `fid`, `job`, `address`, `city`, `country`, `phone`, `gid`, `mobile`, `nationalnumber`, `department`, `division`, `with_honor`) VALUES (166588, 2015, '1', '', '', '', '', '034963497', '3', '01286250261', '', 'الفيزياء', 'العلوم الطبيعية', '');
INSERT INTO `lk9v6_users` (`name`, `email`, `usertype`) VALUES ('بولا نجيب ابراهيم عوض', 'bola13s06853@alexu.edu.eg', 'الخريجين');
INSERT INTO `lk9v6_alumni_main` (`id`, `user_id`, `approved`) VALUES (166589, 166589, 1);
INSERT INTO `lk9v6_alumni_data` (`alumni_id`, `graduation_year`, `fid`, `job`, `address`, `city`, `country`, `phone`, `gid`, `mobile`, `nationalnumber`, `department`, `division`, `with_honor`) VALUES (166589, 2015, '1', '', '', '', '', '033631457', '3', '01288686527', '', 'الفيزياء', 'العلوم الطبيعية', '');
INSERT INTO `lk9v6_users` (`name`, `email`, `usertype`) VALUES ('تسنيم على محمد يوسف', 'tasnim13s06630@alexu.edu.eg', 'الخريجين');
INSERT INTO `lk9v6_alumni_main` (`id`, `user_id`, `approved`) VALUES (166590, 166590, 1);
INSERT INTO `lk9v6_alumni_data` (`alumni_id`, `graduation_year`, `fid`, `job`, `address`, `city`, `country`, `phone`, `gid`, `mobile`, `nationalnumber`, `department`, `division`, `with_honor`) VALUES (166590, 2015, '1', '', '', '', '', '033816380', '3', '01097867884', '', 'الفيزياء', 'العلوم الطبيعية', '');
INSERT INTO `lk9v6_users` (`name`, `email`, `usertype`) VALUES ('دينا احمد عبد الله  حسنين عبد اللطيف', 'dina13s05169@alexu.edu.eg', 'الخريجين');
INSERT INTO `lk9v6_alumni_main` (`id`, `user_id`, `approved`) VALUES (166591, 166591, 1);
INSERT INTO `lk9v6_alumni_data` (`alumni_id`, `graduation_year`, `fid`, `job`, `address`, `city`, `country`, `phone`, `gid`, `mobile`, `nationalnumber`, `department`, `division`, `with_honor`) VALUES (166591, 2015, '1', '', '', '', '', '5505130', '3', '01223528694', '', 'علوم البيئة', 'العلوم البيولوجية', '');
INSERT INTO `lk9v6_users` (`name`, `email`, `usertype`) VALUES ('اميره يسرى عبدالجواد محمد', 'amira13s05525@alexu.edu.eg', 'الخريجين');
INSERT INTO `lk9v6_alumni_main` (`id`, `user_id`, `approved`) VALUES (166592, 166592, 1);
INSERT INTO `lk9v6_alumni_data` (`alumni_id`, `graduation_year`, `fid`, `job`, `address`, `city`, `country`, `phone`, `gid`, `mobile`, `nationalnumber`, `department`, `division`, `with_honor`) VALUES (166592, 2015, '1', '', '', '', '', '035420073', '3', '01150115490', '', 'علوم البيئة', 'العلوم البيولوجية', '');
INSERT INTO `lk9v6_users` (`name`, `email`, `usertype`) VALUES ('ايمان المهدى حسين ختعن', 'eman13s04695@alexu.edu.eg', 'الخريجين');
INSERT INTO `lk9v6_alumni_main` (`id`, `user_id`, `approved`) VALUES (166593, 166593, 1);
INSERT INTO `lk9v6_alumni_data` (`alumni_id`, `graduation_year`, `fid`, `job`, `address`, `city`, `country`, `phone`, `gid`, `mobile`, `nationalnumber`, `department`, `division`, `with_honor`) VALUES (166593, 2015, '1', '', '', '', '', '0453336287', '3', '01154350665', '', 'الجيولوجيا', 'العلوم الجيولوجية', '');
INSERT INTO `lk9v6_users` (`name`, `email`, `usertype`) VALUES ('امل محمد عبد الحليم عبد الوكيل', 'amal13s04880@alexu.edu.eg', 'الخريجين');
INSERT INTO `lk9v6_alumni_main` (`id`, `user_id`, `approved`) VALUES (166594, 166594, 1);
INSERT INTO `lk9v6_alumni_data` (`alumni_id`, `graduation_year`, `fid`, `job`, `address`, `city`, `country`, `phone`, `gid`, `mobile`, `nationalnumber`, `department`, `division`, `with_honor`) VALUES (166594, 2015, '1', '', '', '', '', '5322484', '3', '01272892221', '', 'علوم البيئة', 'العلوم البيولوجية', '');
INSERT INTO `lk9v6_users` (`name`, `email`, `usertype`) VALUES ('دينا احمد السيد الزهرى', 'dina13s05781@alexu.edu.eg', 'الخريجين');
INSERT INTO `lk9v6_alumni_main` (`id`, `user_id`, `approved`) VALUES (166595, 166595, 1);
INSERT INTO `lk9v6_alumni_data` (`alumni_id`, `graduation_year`, `fid`, `job`, `address`, `city`, `country`, `phone`, `gid`, `mobile`, `nationalnumber`, `department`, `division`, `with_honor`) VALUES (166595, 2015, '1', '', '', '', '', '035981431', '3', '01224667708', '', 'علوم البيئة', 'العلوم البيولوجية', '');
INSERT INTO `lk9v6_users` (`name`, `email`, `usertype`) VALUES ('اسلام محمد عبدالسلام سعد سعدالله', 'islam13s04450@alexu.edu.eg', 'الخريجين');
INSERT INTO `lk9v6_alumni_main` (`id`, `user_id`, `approved`) VALUES (166596, 166596, 1);
INSERT INTO `lk9v6_alumni_data` (`alumni_id`, `graduation_year`, `fid`, `job`, `address`, `city`, `country`, `phone`, `gid`, `mobile`, `nationalnumber`, `department`, `division`, `with_honor`) VALUES (166596, 2015, '1', '', '', '', '', '033800375', '3', '01200607224', '', 'الفيزياء', 'العلوم الطبيعية', '');
INSERT INTO `lk9v6_users` (`name`, `email`, `usertype`) VALUES ('يوستينا نعيم زكى خله', 'youstina13s04699@alexu.edu.eg', 'الخريجين');
INSERT INTO `lk9v6_alumni_main` (`id`, `user_id`, `approved`) VALUES (166597, 166597, 1);
INSERT INTO `lk9v6_alumni_data` (`alumni_id`, `graduation_year`, `fid`, `job`, `address`, `city`, `country`, `phone`, `gid`, `mobile`, `nationalnumber`, `department`, `division`, `with_honor`) VALUES (166597, 2015, '1', '', '', '', '', '4954373', '3', '01229885700', '', 'الفيزياء', 'العلوم الطبيعية', '');
INSERT INTO `lk9v6_users` (`name`, `email`, `usertype`) VALUES ('نورهان محمد محمد ابراهيم', 'nourhan13s05632@alexu.edu.eg', 'الخريجين');
INSERT INTO `lk9v6_alumni_main` (`id`, `user_id`, `approved`) VALUES (166598, 166598, 1);
INSERT INTO `lk9v6_alumni_data` (`alumni_id`, `graduation_year`, `fid`, `job`, `address`, `city`, `country`, `phone`, `gid`, `mobile`, `nationalnumber`, `department`, `division`, `with_honor`) VALUES (166598, 2015, '1', '', '', '', '', '4248543', '3', '0181242012', '', 'الميكروبيولوجى', 'العلوم البيولوجية', '');
INSERT INTO `lk9v6_users` (`name`, `email`, `usertype`) VALUES ('احمد محمد مصطفى ابراهيم', 'ahmed13s06201@alexu.edu.eg', 'الخريجين');
INSERT INTO `lk9v6_alumni_main` (`id`, `user_id`, `approved`) VALUES (166599, 166599, 1);
INSERT INTO `lk9v6_alumni_data` (`alumni_id`, `graduation_year`, `fid`, `job`, `address`, `city`, `country`, `phone`, `gid`, `mobile`, `nationalnumber`, `department`, `division`, `with_honor`) VALUES (166599, 2015, '1', '', '', '', '', '034455922', '3', '01278869648', '', 'الفيزياء', 'العلوم الطبيعية', '');
INSERT INTO `lk9v6_users` (`name`, `email`, `usertype`) VALUES ('مروه مصطفى اسماعيل سليمان', 'marwa13s05265@alexu.edu.eg', 'الخريجين');
INSERT INTO `lk9v6_alumni_main` (`id`, `user_id`, `approved`) VALUES (166600, 166600, 1);
INSERT INTO `lk9v6_alumni_data` (`alumni_id`, `graduation_year`, `fid`, `job`, `address`, `city`, `country`, `phone`, `gid`, `mobile`, `nationalnumber`, `department`, `division`, `with_honor`) VALUES (166600, 2015, '1', '', '', '', '', '4867681', '3', '01019561416', '', 'علوم البيئة', 'العلوم البيولوجية', '');
INSERT INTO `lk9v6_users` (`name`, `email`, `usertype`) VALUES ('حسن احمد حسن احمد عبد الحميد', 'hassan13s06577@alexu.edu.eg', 'الخريجين');
INSERT INTO `lk9v6_alumni_main` (`id`, `user_id`, `approved`) VALUES (166601, 166601, 1);
INSERT INTO `lk9v6_alumni_data` (`alumni_id`, `graduation_year`, `fid`, `job`, `address`, `city`, `country`, `phone`, `gid`, `mobile`, `nationalnumber`, `department`, `division`, `with_honor`) VALUES (166601, 2015, '1', '', '', '', '', '035770647', '3', '01225714149', '', 'الفيزياء', 'العلوم الطبيعية', '');
INSERT INTO `lk9v6_users` (`name`, `email`, `usertype`) VALUES ('محمد محمود عبدالله حسن', 'mohamed13s04710@alexu.edu.eg', 'الخريجين');
INSERT INTO `lk9v6_alumni_main` (`id`, `user_id`, `approved`) VALUES (166602, 166602, 1);
INSERT INTO `lk9v6_alumni_data` (`alumni_id`, `graduation_year`, `fid`, `job`, `address`, `city`, `country`, `phone`, `gid`, `mobile`, `nationalnumber`, `department`, `division`, `with_honor`) VALUES (166602, 2015, '1', '', '', '', '', '034424394', '3', '01204053326', '', 'الفيزياء', 'العلوم الطبيعية', '');
INSERT INTO `lk9v6_users` (`name`, `email`, `usertype`) VALUES ('بيشوى زغلول صدقى حنا', 'bishoy13s04927@alexu.edu.eg', 'الخريجين');
INSERT INTO `lk9v6_alumni_main` (`id`, `user_id`, `approved`) VALUES (166603, 166603, 1);
INSERT INTO `lk9v6_alumni_data` (`alumni_id`, `graduation_year`, `fid`, `job`, `address`, `city`, `country`, `phone`, `gid`, `mobile`, `nationalnumber`, `department`, `division`, `with_honor`) VALUES (166603, 2015, '1', '', '', '', '', '5347528', '3', '01282483765', '', 'علوم البيئة', 'العلوم البيولوجية', '');
INSERT INTO `lk9v6_users` (`name`, `email`, `usertype`) VALUES ('ايه علاءالدين محمد لطفى', 'aya13s04893@alexu.edu.eg', 'الخريجين');
INSERT INTO `lk9v6_alumni_main` (`id`, `user_id`, `approved`) VALUES (166604, 166604, 1);
INSERT INTO `lk9v6_alumni_data` (`alumni_id`, `graduation_year`, `fid`, `job`, `address`, `city`, `country`, `phone`, `gid`, `mobile`, `nationalnumber`, `department`, `division`, `with_honor`) VALUES (166604, 2015, '1', '', '', '', '', '034875223', '3', '01022863511', '', 'علوم البيئة', 'العلوم البيولوجية', '');
INSERT INTO `lk9v6_users` (`name`, `email`, `usertype`) VALUES ('انجى صابر ايوب تادرس', 'engy13s05170@alexu.edu.eg', 'الخريجين');
INSERT INTO `lk9v6_alumni_main` (`id`, `user_id`, `approved`) VALUES (166605, 166605, 1);
INSERT INTO `lk9v6_alumni_data` (`alumni_id`, `graduation_year`, `fid`, `job`, `address`, `city`, `country`, `phone`, `gid`, `mobile`, `nationalnumber`, `department`, `division`, `with_honor`) VALUES (166605, 2015, '1', '', '', '', '', '5068243', '3', '01228251263', '', 'علوم البيئة', 'العلوم البيولوجية', '');
INSERT INTO `lk9v6_users` (`name`, `email`, `usertype`) VALUES ('سلمى محمد احمد عبدالقادر محمود', 'salma13s05136@alexu.edu.eg', 'الخريجين');
INSERT INTO `lk9v6_alumni_main` (`id`, `user_id`, `approved`) VALUES (166606, 166606, 1);
INSERT INTO `lk9v6_alumni_data` (`alumni_id`, `graduation_year`, `fid`, `job`, `address`, `city`, `country`, `phone`, `gid`, `mobile`, `nationalnumber`, `department`, `division`, `with_honor`) VALUES (166606, 2015, '1', '', '', '', '', '4440892', '3', '01944866162', '', 'علم الحيوان', 'العلوم البيولوجية', '');
INSERT INTO `lk9v6_users` (`name`, `email`, `usertype`) VALUES ('ساره مجدى صلاح عبد المجيد قنديل', 'sara13s04383@alexu.edu.eg', 'الخريجين');
INSERT INTO `lk9v6_alumni_main` (`id`, `user_id`, `approved`) VALUES (166607, 166607, 1);
INSERT INTO `lk9v6_alumni_data` (`alumni_id`, `graduation_year`, `fid`, `job`, `address`, `city`, `country`, `phone`, `gid`, `mobile`, `nationalnumber`, `department`, `division`, `with_honor`) VALUES (166607, 2015, '1', '', '', '', '', '033815394', '3', '01274355149', '', 'الفيزياء', 'العلوم الطبيعية', '');
INSERT INTO `lk9v6_users` (`name`, `email`, `usertype`) VALUES ('هبه احمد احمد نعمه الله', 'heba13s05160@alexu.edu.eg', 'الخريجين');
INSERT INTO `lk9v6_alumni_main` (`id`, `user_id`, `approved`) VALUES (166608, 166608, 1);
INSERT INTO `lk9v6_alumni_data` (`alumni_id`, `graduation_year`, `fid`, `job`, `address`, `city`, `country`, `phone`, `gid`, `mobile`, `nationalnumber`, `department`, `division`, `with_honor`) VALUES (166608, 2015, '1', '', '', '', '', '0453306702', '3', '01005409027', '', 'علوم البيئة', 'العلوم البيولوجية', '');
INSERT INTO `lk9v6_users` (`name`, `email`, `usertype`) VALUES ('صديقه احمد السيد محمد يوسف', 'sedika13s06488@alexu.edu.eg', 'الخريجين');
INSERT INTO `lk9v6_alumni_main` (`id`, `user_id`, `approved`) VALUES (166609, 166609, 1);
INSERT INTO `lk9v6_alumni_data` (`alumni_id`, `graduation_year`, `fid`, `job`, `address`, `city`, `country`, `phone`, `gid`, `mobile`, `nationalnumber`, `department`, `division`, `with_honor`) VALUES (166609, 2015, '1', '', '', '', '', '4402858', '3', '01212408662', '', 'علوم البيئة', 'العلوم البيولوجية', '');
INSERT INTO `lk9v6_users` (`name`, `email`, `usertype`) VALUES ('احمد علاء الدين سعد على عبد الرحمن', 'ahmed13s04553@alexu.edu.eg', 'الخريجين');
INSERT INTO `lk9v6_alumni_main` (`id`, `user_id`, `approved`) VALUES (166610, 166610, 1);
INSERT INTO `lk9v6_alumni_data` (`alumni_id`, `graduation_year`, `fid`, `job`, `address`, `city`, `country`, `phone`, `gid`, `mobile`, `nationalnumber`, `department`, `division`, `with_honor`) VALUES (166610, 2015, '1', '', '', '', '', '034396981', '3', '01223988283', '', 'الفيزياء', 'العلوم الطبيعية', '');
INSERT INTO `lk9v6_users` (`name`, `email`, `usertype`) VALUES ('اسماء مصطفى عبدالفتاح الرفاعى', 'asmaa13s05465@alexu.edu.eg', 'الخريجين');
INSERT INTO `lk9v6_alumni_main` (`id`, `user_id`, `approved`) VALUES (166611, 166611, 1);
INSERT INTO `lk9v6_alumni_data` (`alumni_id`, `graduation_year`, `fid`, `job`, `address`, `city`, `country`, `phone`, `gid`, `mobile`, `nationalnumber`, `department`, `division`, `with_honor`) VALUES (166611, 2015, '1', '', '', '', '', '035024176', '3', '01208521817', '', 'علوم البيئة', 'العلوم البيولوجية', '');
INSERT INTO `lk9v6_users` (`name`, `email`, `usertype`) VALUES ('محمد حماده احمد احمد صالح', 'mohamed13s06339@alexu.edu.eg', 'الخريجين');
INSERT INTO `lk9v6_alumni_main` (`id`, `user_id`, `approved`) VALUES (166612, 166612, 1);
INSERT INTO `lk9v6_alumni_data` (`alumni_id`, `graduation_year`, `fid`, `job`, `address`, `city`, `country`, `phone`, `gid`, `mobile`, `nationalnumber`, `department`, `division`, `with_honor`) VALUES (166612, 2015, '1', '', '', '', '', '035579304', '3', '01207132821', '', 'الجيولوجيا', 'العلوم الجيولوجية', '');
INSERT INTO `lk9v6_users` (`name`, `email`, `usertype`) VALUES ('الاء محمود دياب ابو زيد', 'alaa13s06871@alexu.edu.eg', 'الخريجين');
INSERT INTO `lk9v6_alumni_main` (`id`, `user_id`, `approved`) VALUES (166613, 166613, 1);
INSERT INTO `lk9v6_alumni_data` (`alumni_id`, `graduation_year`, `fid`, `job`, `address`, `city`, `country`, `phone`, `gid`, `mobile`, `nationalnumber`, `department`, `division`, `with_honor`) VALUES (166613, 2015, '1', '', '', '', '', '5748252', '3', '01027228469', '', 'الفيزياء', 'العلوم الطبيعية', '');
INSERT INTO `lk9v6_users` (`name`, `email`, `usertype`) VALUES ('ايه صابر محمد حسن الشربينى', 'aya13s04891@alexu.edu.eg', 'الخريجين');
INSERT INTO `lk9v6_alumni_main` (`id`, `user_id`, `approved`) VALUES (166614, 166614, 1);
INSERT INTO `lk9v6_alumni_data` (`alumni_id`, `graduation_year`, `fid`, `job`, `address`, `city`, `country`, `phone`, `gid`, `mobile`, `nationalnumber`, `department`, `division`, `with_honor`) VALUES (166614, 2015, '1', '', '', '', '', '3815099', '3', '01065276010', '', 'علوم البيئة', 'العلوم البيولوجية', '');
INSERT INTO `lk9v6_users` (`name`, `email`, `usertype`) VALUES ('ايمان محمد احمد سليمان يوسف', 'eman13s05313@alexu.edu.eg', 'الخريجين');
INSERT INTO `lk9v6_alumni_main` (`id`, `user_id`, `approved`) VALUES (166615, 166615, 1);
INSERT INTO `lk9v6_alumni_data` (`alumni_id`, `graduation_year`, `fid`, `job`, `address`, `city`, `country`, `phone`, `gid`, `mobile`, `nationalnumber`, `department`, `division`, `with_honor`) VALUES (166615, 2015, '1', '', '', '', '', '039565069', '3', '0119556694', '', 'علوم البيئة', 'العلوم البيولوجية', '');
INSERT INTO `lk9v6_users` (`name`, `email`, `usertype`) VALUES ('سلمى محمود محمد حسن جعدار', 'salma13s04983@alexu.edu.eg', 'الخريجين');
INSERT INTO `lk9v6_alumni_main` (`id`, `user_id`, `approved`) VALUES (166616, 166616, 1);
INSERT INTO `lk9v6_alumni_data` (`alumni_id`, `graduation_year`, `fid`, `job`, `address`, `city`, `country`, `phone`, `gid`, `mobile`, `nationalnumber`, `department`, `division`, `with_honor`) VALUES (166616, 2015, '1', '', '', '', '', '5802210', '3', '01285732772', '', 'علوم البيئة', 'العلوم البيولوجية', '');
INSERT INTO `lk9v6_users` (`name`, `email`, `usertype`) VALUES ('ساره احمد احمد طلبه', 'sara13s04331@alexu.edu.eg', 'الخريجين');
INSERT INTO `lk9v6_alumni_main` (`id`, `user_id`, `approved`) VALUES (166617, 166617, 1);
INSERT INTO `lk9v6_alumni_data` (`alumni_id`, `graduation_year`, `fid`, `job`, `address`, `city`, `country`, `phone`, `gid`, `mobile`, `nationalnumber`, `department`, `division`, `with_honor`) VALUES (166617, 2015, '1', '', '', '', '', '033250976', '3', '01205117098', '', 'الجيولوجيا', 'العلوم الجيولوجية', '');
INSERT INTO `lk9v6_users` (`name`, `email`, `usertype`) VALUES ('هديل يوسف على محمد محمد الهجان', 'hadeel13s04720@alexu.edu.eg', 'الخريجين');
INSERT INTO `lk9v6_alumni_main` (`id`, `user_id`, `approved`) VALUES (166618, 166618, 1);
INSERT INTO `lk9v6_alumni_data` (`alumni_id`, `graduation_year`, `fid`, `job`, `address`, `city`, `country`, `phone`, `gid`, `mobile`, `nationalnumber`, `department`, `division`, `with_honor`) VALUES (166618, 2015, '1', '', '', '', '', '5577389', '3', '01116794283', '', 'الفيزياء', 'العلوم الطبيعية', '');
INSERT INTO `lk9v6_users` (`name`, `email`, `usertype`) VALUES ('ايمان فتحى محمد احمد', 'eman13s05726@alexu.edu.eg', 'الخريجين');
INSERT INTO `lk9v6_alumni_main` (`id`, `user_id`, `approved`) VALUES (166619, 166619, 1);
INSERT INTO `lk9v6_alumni_data` (`alumni_id`, `graduation_year`, `fid`, `job`, `address`, `city`, `country`, `phone`, `gid`, `mobile`, `nationalnumber`, `department`, `division`, `with_honor`) VALUES (166619, 2015, '1', '', '', '', '', '032141033', '3', '0194234095', '', 'علوم البيئة', 'العلوم البيولوجية', '');
INSERT INTO `lk9v6_users` (`name`, `email`, `usertype`) VALUES ('اسماء فايز سلطان حسن', 'asmaa13s05314@alexu.edu.eg', 'الخريجين');
INSERT INTO `lk9v6_alumni_main` (`id`, `user_id`, `approved`) VALUES (166620, 166620, 1);
INSERT INTO `lk9v6_alumni_data` (`alumni_id`, `graduation_year`, `fid`, `job`, `address`, `city`, `country`, `phone`, `gid`, `mobile`, `nationalnumber`, `department`, `division`, `with_honor`) VALUES (166620, 2015, '1', '', '', '', '', '034650123', '3', '01210607276', '', 'علوم البيئة', 'العلوم البيولوجية', '');
INSERT INTO `lk9v6_users` (`name`, `email`, `usertype`) VALUES ('روان خميس محمد حسن عوينات', 'rowan13s05351@alexu.edu.eg', 'الخريجين');
INSERT INTO `lk9v6_alumni_main` (`id`, `user_id`, `approved`) VALUES (166621, 166621, 1);
INSERT INTO `lk9v6_alumni_data` (`alumni_id`, `graduation_year`, `fid`, `job`, `address`, `city`, `country`, `phone`, `gid`, `mobile`, `nationalnumber`, `department`, `division`, `with_honor`) VALUES (166621, 2015, '1', '', '', '', '', '034278543', '3', '01147178785', '', 'علوم البيئة', 'العلوم البيولوجية', '');
INSERT INTO `lk9v6_users` (`name`, `email`, `usertype`) VALUES ('عبيدة السيد محمد يوسف', 'ebida13s06818@alexu.edu.eg', 'الخريجين');
INSERT INTO `lk9v6_alumni_main` (`id`, `user_id`, `approved`) VALUES (166622, 166622, 1);
INSERT INTO `lk9v6_alumni_data` (`alumni_id`, `graduation_year`, `fid`, `job`, `address`, `city`, `country`, `phone`, `gid`, `mobile`, `nationalnumber`, `department`, `division`, `with_honor`) VALUES (166622, 2015, '1', '', '', '', '', '0452272823', '3', '01146702329', '', 'الفيزياء', 'العلوم الطبيعية', '');
INSERT INTO `lk9v6_users` (`name`, `email`, `usertype`) VALUES ('احمد كمال عبده السيد بدوى', 'ahmed13s04341@alexu.edu.eg', 'الخريجين');
INSERT INTO `lk9v6_alumni_main` (`id`, `user_id`, `approved`) VALUES (166623, 166623, 1);
INSERT INTO `lk9v6_alumni_data` (`alumni_id`, `graduation_year`, `fid`, `job`, `address`, `city`, `country`, `phone`, `gid`, `mobile`, `nationalnumber`, `department`, `division`, `with_honor`) VALUES (166623, 2015, '1', '', '', '', '', '034264121', '3', '01289083234', '', 'الفيزياء', 'العلوم الطبيعية', '');
INSERT INTO `lk9v6_users` (`name`, `email`, `usertype`) VALUES ('سلمى محمد محمد على الدقيش', 'salma13s06734@alexu.edu.eg', 'الخريجين');
INSERT INTO `lk9v6_alumni_main` (`id`, `user_id`, `approved`) VALUES (166624, 166624, 1);
INSERT INTO `lk9v6_alumni_data` (`alumni_id`, `graduation_year`, `fid`, `job`, `address`, `city`, `country`, `phone`, `gid`, `mobile`, `nationalnumber`, `department`, `division`, `with_honor`) VALUES (166624, 2015, '1', '', '', '', '', '4244310', '3', '01282012339', '', 'علوم البيئة', 'العلوم البيولوجية', '');
INSERT INTO `lk9v6_users` (`name`, `email`, `usertype`) VALUES ('تقى عبد الله حكم محمد ابو على', 'toqa13s05516@alexu.edu.eg', 'الخريجين');
INSERT INTO `lk9v6_alumni_main` (`id`, `user_id`, `approved`) VALUES (166625, 166625, 1);
INSERT INTO `lk9v6_alumni_data` (`alumni_id`, `graduation_year`, `fid`, `job`, `address`, `city`, `country`, `phone`, `gid`, `mobile`, `nationalnumber`, `department`, `division`, `with_honor`) VALUES (166625, 2015, '1', '', '', '', '', '4436624', '3', '01220308887', '', 'علوم البيئة', 'العلوم البيولوجية', '');
INSERT INTO `lk9v6_users` (`name`, `email`, `usertype`) VALUES ('مارينا عوض حلمى عوض سعيد', 'marina13s05550@alexu.edu.eg', 'الخريجين');
INSERT INTO `lk9v6_alumni_main` (`id`, `user_id`, `approved`) VALUES (166626, 166626, 1);
INSERT INTO `lk9v6_alumni_data` (`alumni_id`, `graduation_year`, `fid`, `job`, `address`, `city`, `country`, `phone`, `gid`, `mobile`, `nationalnumber`, `department`, `division`, `with_honor`) VALUES (166626, 2015, '1', '', '', '', '', '035067390', '3', '01201751925', '', 'علوم البيئة', 'العلوم البيولوجية', '');
INSERT INTO `lk9v6_users` (`name`, `email`, `usertype`) VALUES ('محمد عادل سعد عبد الكريم السيد', 'mohamed13s06131@alexu.edu.eg', 'الخريجين');
INSERT INTO `lk9v6_alumni_main` (`id`, `user_id`, `approved`) VALUES (166627, 166627, 1);
INSERT INTO `lk9v6_alumni_data` (`alumni_id`, `graduation_year`, `fid`, `job`, `address`, `city`, `country`, `phone`, `gid`, `mobile`, `nationalnumber`, `department`, `division`, `with_honor`) VALUES (166627, 2015, '1', '', '', '', '', '035378079', '3', '0164808661', '', 'الفيزياء', 'العلوم الطبيعية', '');
INSERT INTO `lk9v6_users` (`name`, `email`, `usertype`) VALUES ('مينا مدحت جرجس سعد', 'mina13s05382@alexu.edu.eg', 'الخريجين');
INSERT INTO `lk9v6_alumni_main` (`id`, `user_id`, `approved`) VALUES (166628, 166628, 1);
INSERT INTO `lk9v6_alumni_data` (`alumni_id`, `graduation_year`, `fid`, `job`, `address`, `city`, `country`, `phone`, `gid`, `mobile`, `nationalnumber`, `department`, `division`, `with_honor`) VALUES (166628, 2015, '1', '', '', '', '', '0453341748', '3', '01274875009', '', 'علوم البيئة', 'العلوم البيولوجية', '');
INSERT INTO `lk9v6_users` (`name`, `email`, `usertype`) VALUES ('عمر محمود محمد شحاته ', 'omar13s06685@alexu.edu.eg', 'الخريجين');
INSERT INTO `lk9v6_alumni_main` (`id`, `user_id`, `approved`) VALUES (166629, 166629, 1);
INSERT INTO `lk9v6_alumni_data` (`alumni_id`, `graduation_year`, `fid`, `job`, `address`, `city`, `country`, `phone`, `gid`, `mobile`, `nationalnumber`, `department`, `division`, `with_honor`) VALUES (166629, 2015, '1', '', '', '', '', '034271298', '3', '01009239679', '', 'الفيزياء', 'العلوم الطبيعية', '');
INSERT INTO `lk9v6_users` (`name`, `email`, `usertype`) VALUES ('اسماء عبدالباسط عمر عبدالباقى', 'asmaa13s05067@alexu.edu.eg', 'الخريجين');
INSERT INTO `lk9v6_alumni_main` (`id`, `user_id`, `approved`) VALUES (166630, 166630, 1);
INSERT INTO `lk9v6_alumni_data` (`alumni_id`, `graduation_year`, `fid`, `job`, `address`, `city`, `country`, `phone`, `gid`, `mobile`, `nationalnumber`, `department`, `division`, `with_honor`) VALUES (166630, 2015, '1', '', '', '', '', '4402131', '3', '01067542938', '', 'علوم البيئة', 'العلوم البيولوجية', '');
INSERT INTO `lk9v6_users` (`name`, `email`, `usertype`) VALUES ('ساره سعيد محمد احمد', 'sara13s06288@alexu.edu.eg', 'الخريجين');
INSERT INTO `lk9v6_alumni_main` (`id`, `user_id`, `approved`) VALUES (166631, 166631, 1);
INSERT INTO `lk9v6_alumni_data` (`alumni_id`, `graduation_year`, `fid`, `job`, `address`, `city`, `country`, `phone`, `gid`, `mobile`, `nationalnumber`, `department`, `division`, `with_honor`) VALUES (166631, 2015, '1', '', '', '', '', '034289487', '3', '01066578877', '', 'الفيزياء', 'العلوم الطبيعية', '');
INSERT INTO `lk9v6_users` (`name`, `email`, `usertype`) VALUES ('عمرو محمد جابر عيد القرش', 'amr13s06129@alexu.edu.eg', 'الخريجين');
INSERT INTO `lk9v6_alumni_main` (`id`, `user_id`, `approved`) VALUES (166632, 166632, 1);
INSERT INTO `lk9v6_alumni_data` (`alumni_id`, `graduation_year`, `fid`, `job`, `address`, `city`, `country`, `phone`, `gid`, `mobile`, `nationalnumber`, `department`, `division`, `with_honor`) VALUES (166632, 2015, '1', '', '', '', '', '01274959159', '3', '01274959159', '', 'الفيزياء', 'العلوم الطبيعية', '');
INSERT INTO `lk9v6_users` (`name`, `email`, `usertype`) VALUES ('ايمان محمد النبوى العيسوى', 'eman13s04423@alexu.edu.eg', 'الخريجين');
INSERT INTO `lk9v6_alumni_main` (`id`, `user_id`, `approved`) VALUES (166633, 166633, 1);
INSERT INTO `lk9v6_alumni_data` (`alumni_id`, `graduation_year`, `fid`, `job`, `address`, `city`, `country`, `phone`, `gid`, `mobile`, `nationalnumber`, `department`, `division`, `with_honor`) VALUES (166633, 2015, '1', '', '', '', '', '5353555', '3', '01064711842', '', 'الفيزياء', 'العلوم الطبيعية', '');
INSERT INTO `lk9v6_users` (`name`, `email`, `usertype`) VALUES ('نورهان عبدالستار غانم رفاعى', 'nourhan13s04737@alexu.edu.eg', 'الخريجين');
INSERT INTO `lk9v6_alumni_main` (`id`, `user_id`, `approved`) VALUES (166634, 166634, 1);
INSERT INTO `lk9v6_alumni_data` (`alumni_id`, `graduation_year`, `fid`, `job`, `address`, `city`, `country`, `phone`, `gid`, `mobile`, `nationalnumber`, `department`, `division`, `with_honor`) VALUES (166634, 2015, '1', '', '', '', '', '3330545', '3', '0188291650', '', 'الفيزياء', 'العلوم الطبيعية', '');
INSERT INTO `lk9v6_users` (`name`, `email`, `usertype`) VALUES ('هدير ايمن محمد ابراهيم حسن عميره', 'hadeer13s05692@alexu.edu.eg', 'الخريجين');
INSERT INTO `lk9v6_alumni_main` (`id`, `user_id`, `approved`) VALUES (166635, 166635, 1);
INSERT INTO `lk9v6_alumni_data` (`alumni_id`, `graduation_year`, `fid`, `job`, `address`, `city`, `country`, `phone`, `gid`, `mobile`, `nationalnumber`, `department`, `division`, `with_honor`) VALUES (166635, 2015, '1', '', '', '', '', '033245584', '3', '01207925277', '', 'علوم البيئة', 'العلوم البيولوجية', '');
INSERT INTO `lk9v6_users` (`name`, `email`, `usertype`) VALUES ('مارتينا عماد شفيق حنا', 'martina13s05863@alexu.edu.eg', 'الخريجين');
INSERT INTO `lk9v6_alumni_main` (`id`, `user_id`, `approved`) VALUES (166636, 166636, 1);
INSERT INTO `lk9v6_alumni_data` (`alumni_id`, `graduation_year`, `fid`, `job`, `address`, `city`, `country`, `phone`, `gid`, `mobile`, `nationalnumber`, `department`, `division`, `with_honor`) VALUES (166636, 2015, '1', '', '', '', '', '034381330', '3', '01285207336', '', 'علوم البيئة', 'العلوم البيولوجية', '');
INSERT INTO `lk9v6_users` (`name`, `email`, `usertype`) VALUES ('سلمى احمد خيرى حسن سيما', 'salma13s05010@alexu.edu.eg', 'الخريجين');
INSERT INTO `lk9v6_alumni_main` (`id`, `user_id`, `approved`) VALUES (166637, 166637, 1);
INSERT INTO `lk9v6_alumni_data` (`alumni_id`, `graduation_year`, `fid`, `job`, `address`, `city`, `country`, `phone`, `gid`, `mobile`, `nationalnumber`, `department`, `division`, `with_honor`) VALUES (166637, 2015, '1', '', '', '', '', '0452962868', '3', '01090316527', '', 'علم الحيوان', 'العلوم البيولوجية', '');
INSERT INTO `lk9v6_users` (`name`, `email`, `usertype`) VALUES ('مروه محمد احمد محمد متولى', 'marwa13s04568@alexu.edu.eg', 'الخريجين');
INSERT INTO `lk9v6_alumni_main` (`id`, `user_id`, `approved`) VALUES (166638, 166638, 1);
INSERT INTO `lk9v6_alumni_data` (`alumni_id`, `graduation_year`, `fid`, `job`, `address`, `city`, `country`, `phone`, `gid`, `mobile`, `nationalnumber`, `department`, `division`, `with_honor`) VALUES (166638, 2015, '1', '', '', '', '', '0452233259', '3', '01288283775', '', 'الفيزياء', 'العلوم الطبيعية', '');
INSERT INTO `lk9v6_users` (`name`, `email`, `usertype`) VALUES ('دنيا احمد عبدالحميد احمد محمد', 'donia13s04434@alexu.edu.eg', 'الخريجين');
INSERT INTO `lk9v6_alumni_main` (`id`, `user_id`, `approved`) VALUES (166639, 166639, 1);
INSERT INTO `lk9v6_alumni_data` (`alumni_id`, `graduation_year`, `fid`, `job`, `address`, `city`, `country`, `phone`, `gid`, `mobile`, `nationalnumber`, `department`, `division`, `with_honor`) VALUES (166639, 2015, '1', '', '', '', '', '4951244', '3', '01277063174', '', 'الفيزياء', 'العلوم الطبيعية', '');
INSERT INTO `lk9v6_users` (`name`, `email`, `usertype`) VALUES ('فاطمه اشرف المغاورى حسنين', 'fatma13s05281@alexu.edu.eg', 'الخريجين');
INSERT INTO `lk9v6_alumni_main` (`id`, `user_id`, `approved`) VALUES (166640, 166640, 1);
INSERT INTO `lk9v6_alumni_data` (`alumni_id`, `graduation_year`, `fid`, `job`, `address`, `city`, `country`, `phone`, `gid`, `mobile`, `nationalnumber`, `department`, `division`, `with_honor`) VALUES (166640, 2015, '1', '', '', '', '', '034373492', '3', '01124251908', '', 'علوم البيئة', 'العلوم البيولوجية', '');
INSERT INTO `lk9v6_users` (`name`, `email`, `usertype`) VALUES ('دميانه سمير شحاته سعيد داوود', 'domiana13s04551@alexu.edu.eg', 'الخريجين');
INSERT INTO `lk9v6_alumni_main` (`id`, `user_id`, `approved`) VALUES (166641, 166641, 1);
INSERT INTO `lk9v6_alumni_data` (`alumni_id`, `graduation_year`, `fid`, `job`, `address`, `city`, `country`, `phone`, `gid`, `mobile`, `nationalnumber`, `department`, `division`, `with_honor`) VALUES (166641, 2015, '1', '', '', '', '', '039671345', '3', '01275562804', '', 'الفيزياء', 'العلوم الطبيعية', '');
INSERT INTO `lk9v6_users` (`name`, `email`, `usertype`) VALUES ('مصطفى عادل مصطفى عطيه', 'mustafa13s04763@alexu.edu.eg', 'الخريجين');
INSERT INTO `lk9v6_alumni_main` (`id`, `user_id`, `approved`) VALUES (166642, 166642, 1);
INSERT INTO `lk9v6_alumni_data` (`alumni_id`, `graduation_year`, `fid`, `job`, `address`, `city`, `country`, `phone`, `gid`, `mobile`, `nationalnumber`, `department`, `division`, `with_honor`) VALUES (166642, 2015, '1', '', '', '', '', '035330043', '3', '01114353420', '', 'الفيزياء', 'العلوم الطبيعية', '');
INSERT INTO `lk9v6_users` (`name`, `email`, `usertype`) VALUES ('احمد ابراهيم احمد على موسى', 'ahmed13s06392@alexu.edu.eg', 'الخريجين');
INSERT INTO `lk9v6_alumni_main` (`id`, `user_id`, `approved`) VALUES (166643, 166643, 1);
INSERT INTO `lk9v6_alumni_data` (`alumni_id`, `graduation_year`, `fid`, `job`, `address`, `city`, `country`, `phone`, `gid`, `mobile`, `nationalnumber`, `department`, `division`, `with_honor`) VALUES (166643, 2015, '1', '', '', '', '', '035487061', '3', '01220805308', '', 'الفيزياء', 'العلوم الطبيعية', '');
INSERT INTO `lk9v6_users` (`name`, `email`, `usertype`) VALUES ('كلارا البير وصفى خير', 'klara13s04646@alexu.edu.eg', 'الخريجين');
INSERT INTO `lk9v6_alumni_main` (`id`, `user_id`, `approved`) VALUES (166644, 166644, 1);
INSERT INTO `lk9v6_alumni_data` (`alumni_id`, `graduation_year`, `fid`, `job`, `address`, `city`, `country`, `phone`, `gid`, `mobile`, `nationalnumber`, `department`, `division`, `with_honor`) VALUES (166644, 2015, '1', '', '', '', '', '033918332', '3', '01227095803', '', 'الفيزياء', 'العلوم الطبيعية', '');
INSERT INTO `lk9v6_users` (`name`, `email`, `usertype`) VALUES ('مريم طارق جابر عبد الحميد', 'mariem13s06558@alexu.edu.eg', 'الخريجين');
INSERT INTO `lk9v6_alumni_main` (`id`, `user_id`, `approved`) VALUES (166645, 166645, 1);
INSERT INTO `lk9v6_alumni_data` (`alumni_id`, `graduation_year`, `fid`, `job`, `address`, `city`, `country`, `phone`, `gid`, `mobile`, `nationalnumber`, `department`, `division`, `with_honor`) VALUES (166645, 2015, '1', '', '', '', '', '034366190', '3', '01223247514', '', 'علوم البيئة', 'العلوم البيولوجية', '');
INSERT INTO `lk9v6_users` (`name`, `email`, `usertype`) VALUES ('معاذ خالد فتحى ابراهيم', 'mouaz13s06895@alexu.edu.eg', 'الخريجين');
INSERT INTO `lk9v6_alumni_main` (`id`, `user_id`, `approved`) VALUES (166646, 166646, 1);
INSERT INTO `lk9v6_alumni_data` (`alumni_id`, `graduation_year`, `fid`, `job`, `address`, `city`, `country`, `phone`, `gid`, `mobile`, `nationalnumber`, `department`, `division`, `with_honor`) VALUES (166646, 2015, '1', '', '', '', '', '035350908', '3', '01124173429', '', 'الفيزياء', 'العلوم الطبيعية', '');
INSERT INTO `lk9v6_users` (`name`, `email`, `usertype`) VALUES ('بسمه حسن خليل ابراهيم سيد احمد', 'basma13s04959@alexu.edu.eg', 'الخريجين');
INSERT INTO `lk9v6_alumni_main` (`id`, `user_id`, `approved`) VALUES (166647, 166647, 1);
INSERT INTO `lk9v6_alumni_data` (`alumni_id`, `graduation_year`, `fid`, `job`, `address`, `city`, `country`, `phone`, `gid`, `mobile`, `nationalnumber`, `department`, `division`, `with_honor`) VALUES (166647, 2015, '1', '', '', '', '', '035820129', '3', '01065480760', '', 'علوم البيئة', 'العلوم البيولوجية', '');
INSERT INTO `lk9v6_users` (`name`, `email`, `usertype`) VALUES ('ندى حسين حلمى حسين سلام', 'nada13s04586@alexu.edu.eg', 'الخريجين');
INSERT INTO `lk9v6_alumni_main` (`id`, `user_id`, `approved`) VALUES (166648, 166648, 1);
INSERT INTO `lk9v6_alumni_data` (`alumni_id`, `graduation_year`, `fid`, `job`, `address`, `city`, `country`, `phone`, `gid`, `mobile`, `nationalnumber`, `department`, `division`, `with_honor`) VALUES (166648, 2015, '1', '', '', '', '', '5060725', '3', '01200687656', '', 'الفيزياء', 'العلوم الطبيعية', '');
INSERT INTO `lk9v6_users` (`name`, `email`, `usertype`) VALUES ('يمنى سعيد مرسى محمد عمر', 'yomna13s06152@alexu.edu.eg', 'الخريجين');
INSERT INTO `lk9v6_alumni_main` (`id`, `user_id`, `approved`) VALUES (166649, 166649, 1);
INSERT INTO `lk9v6_alumni_data` (`alumni_id`, `graduation_year`, `fid`, `job`, `address`, `city`, `country`, `phone`, `gid`, `mobile`, `nationalnumber`, `department`, `division`, `with_honor`) VALUES (166649, 2015, '1', '', '', '', '', '034381540', '3', '01001956233', '', 'علوم البيئة', 'العلوم البيولوجية', '');
INSERT INTO `lk9v6_users` (`name`, `email`, `usertype`) VALUES ('احمد جمال محمود عبد الله عبد الرحمن', 'ahmed13s04543@alexu.edu.eg', 'الخريجين');
INSERT INTO `lk9v6_alumni_main` (`id`, `user_id`, `approved`) VALUES (166650, 166650, 1);
INSERT INTO `lk9v6_alumni_data` (`alumni_id`, `graduation_year`, `fid`, `job`, `address`, `city`, `country`, `phone`, `gid`, `mobile`, `nationalnumber`, `department`, `division`, `with_honor`) VALUES (166650, 2015, '1', '', '', '', '', '4398685', '3', '01278017393', '', 'الفيزياء', 'العلوم الطبيعية', '');
INSERT INTO `lk9v6_users` (`name`, `email`, `usertype`) VALUES ('مى مصطفى محمد محمدين كراعى', 'mai13s04485@alexu.edu.eg', 'الخريجين');
INSERT INTO `lk9v6_alumni_main` (`id`, `user_id`, `approved`) VALUES (166651, 166651, 1);
INSERT INTO `lk9v6_alumni_data` (`alumni_id`, `graduation_year`, `fid`, `job`, `address`, `city`, `country`, `phone`, `gid`, `mobile`, `nationalnumber`, `department`, `division`, `with_honor`) VALUES (166651, 2015, '1', '', '', '', '', '033633207', '3', '01064223832', '', 'الفيزياء', 'العلوم الطبيعية', '');
INSERT INTO `lk9v6_users` (`name`, `email`, `usertype`) VALUES ('مرام محمد اسماعيل اسماعيل ماضى', 'maram13s05672@alexu.edu.eg', 'الخريجين');
INSERT INTO `lk9v6_alumni_main` (`id`, `user_id`, `approved`) VALUES (166652, 166652, 1);
INSERT INTO `lk9v6_alumni_data` (`alumni_id`, `graduation_year`, `fid`, `job`, `address`, `city`, `country`, `phone`, `gid`, `mobile`, `nationalnumber`, `department`, `division`, `with_honor`) VALUES (166652, 2015, '1', '', '', '', '', '5508979', '3', '01061704110', '', 'علوم البيئة', 'العلوم البيولوجية', '');
INSERT INTO `lk9v6_users` (`name`, `email`, `usertype`) VALUES ('مينا منير حماية ميخائيل ', 'mina13s06721@alexu.edu.eg', 'الخريجين');
INSERT INTO `lk9v6_alumni_main` (`id`, `user_id`, `approved`) VALUES (166653, 166653, 1);
INSERT INTO `lk9v6_alumni_data` (`alumni_id`, `graduation_year`, `fid`, `job`, `address`, `city`, `country`, `phone`, `gid`, `mobile`, `nationalnumber`, `department`, `division`, `with_honor`) VALUES (166653, 2015, '1', '', '', '', '', '5354172', '3', '01289375584', '', 'الفيزياء', 'العلوم الطبيعية', '');
INSERT INTO `lk9v6_users` (`name`, `email`, `usertype`) VALUES ('هدى على الليثى على الليثى', 'hoda13s04346@alexu.edu.eg', 'الخريجين');
INSERT INTO `lk9v6_alumni_main` (`id`, `user_id`, `approved`) VALUES (166654, 166654, 1);
INSERT INTO `lk9v6_alumni_data` (`alumni_id`, `graduation_year`, `fid`, `job`, `address`, `city`, `country`, `phone`, `gid`, `mobile`, `nationalnumber`, `department`, `division`, `with_honor`) VALUES (166654, 2015, '1', '', '', '', '', '3631047', '3', '01019213882', '', 'الفيزياء', 'العلوم الطبيعية', '');
INSERT INTO `lk9v6_users` (`name`, `email`, `usertype`) VALUES ('اسماء فرج رجب مصطفى', 'asmaa13s04522@alexu.edu.eg', 'الخريجين');
INSERT INTO `lk9v6_alumni_main` (`id`, `user_id`, `approved`) VALUES (166655, 166655, 1);
INSERT INTO `lk9v6_alumni_data` (`alumni_id`, `graduation_year`, `fid`, `job`, `address`, `city`, `country`, `phone`, `gid`, `mobile`, `nationalnumber`, `department`, `division`, `with_honor`) VALUES (166655, 2015, '1', '', '', '', '', '0452917527', '3', '01128078435', '', 'الفيزياء', 'العلوم الطبيعية', '');
INSERT INTO `lk9v6_users` (`name`, `email`, `usertype`) VALUES ('محمد الصافى عبدالعزيز عبدالونيس', 'mohamed13s05115@alexu.edu.eg', 'الخريجين');
INSERT INTO `lk9v6_alumni_main` (`id`, `user_id`, `approved`) VALUES (166656, 166656, 1);
INSERT INTO `lk9v6_alumni_data` (`alumni_id`, `graduation_year`, `fid`, `job`, `address`, `city`, `country`, `phone`, `gid`, `mobile`, `nationalnumber`, `department`, `division`, `with_honor`) VALUES (166656, 2015, '1', '', '', '', '', '0452426392', '3', '01127613681', '', 'علوم البيئة', 'العلوم البيولوجية', '');
INSERT INTO `lk9v6_users` (`name`, `email`, `usertype`) VALUES ('محمد عادل عبدالعزيز محمود عبدالرحمن', 'mohamed13s04738@alexu.edu.eg', 'الخريجين');
INSERT INTO `lk9v6_alumni_main` (`id`, `user_id`, `approved`) VALUES (166657, 166657, 1);
INSERT INTO `lk9v6_alumni_data` (`alumni_id`, `graduation_year`, `fid`, `job`, `address`, `city`, `country`, `phone`, `gid`, `mobile`, `nationalnumber`, `department`, `division`, `with_honor`) VALUES (166657, 2015, '1', '', '', '', '', '5006509', '3', '0192683750', '', 'الفيزياء', 'العلوم الطبيعية', '');
INSERT INTO `lk9v6_users` (`name`, `email`, `usertype`) VALUES ('أحمد سليم مسعود محمد جادو بلال', 'ahmed13s04070@alexu.edu.eg', 'الخريجين');
INSERT INTO `lk9v6_alumni_main` (`id`, `user_id`, `approved`) VALUES (166658, 166658, 1);
INSERT INTO `lk9v6_alumni_data` (`alumni_id`, `graduation_year`, `fid`, `job`, `address`, `city`, `country`, `phone`, `gid`, `mobile`, `nationalnumber`, `department`, `division`, `with_honor`) VALUES (166658, 2015, '1', '', '', '', '', '01111139130', '3', '01002224872', '', 'الجيولوجيا', 'العلوم الجيولوجية', '');
INSERT INTO `lk9v6_users` (`name`, `email`, `usertype`) VALUES ('اسماء فوزى مبروك حامد', 'asmaa13s04569@alexu.edu.eg', 'الخريجين');
INSERT INTO `lk9v6_alumni_main` (`id`, `user_id`, `approved`) VALUES (166659, 166659, 1);
INSERT INTO `lk9v6_alumni_data` (`alumni_id`, `graduation_year`, `fid`, `job`, `address`, `city`, `country`, `phone`, `gid`, `mobile`, `nationalnumber`, `department`, `division`, `with_honor`) VALUES (166659, 2015, '1', '', '', '', '', '035689202', '3', '01272677453', '', 'الفيزياء', 'العلوم الطبيعية', '');
INSERT INTO `lk9v6_users` (`name`, `email`, `usertype`) VALUES ('مروه فضل  الله عربى مسعود', 'marwa13s04374@alexu.edu.eg', 'الخريجين');
INSERT INTO `lk9v6_alumni_main` (`id`, `user_id`, `approved`) VALUES (166660, 166660, 1);
INSERT INTO `lk9v6_alumni_data` (`alumni_id`, `graduation_year`, `fid`, `job`, `address`, `city`, `country`, `phone`, `gid`, `mobile`, `nationalnumber`, `department`, `division`, `with_honor`) VALUES (166660, 2015, '1', '', '', '', '', '035773976', '3', '01286477635', '', 'الفيزياء', 'العلوم الطبيعية', '');
INSERT INTO `lk9v6_users` (`name`, `email`, `usertype`) VALUES ('محمد رضا خميس محمد', 'mohamed13s06263@alexu.edu.eg', 'الخريجين');
INSERT INTO `lk9v6_alumni_main` (`id`, `user_id`, `approved`) VALUES (166661, 166661, 1);
INSERT INTO `lk9v6_alumni_data` (`alumni_id`, `graduation_year`, `fid`, `job`, `address`, `city`, `country`, `phone`, `gid`, `mobile`, `nationalnumber`, `department`, `division`, `with_honor`) VALUES (166661, 2015, '1', '', '', '', '', '4333046', '3', '01227931642', '', 'الجيولوجيا', 'العلوم الجيولوجية', '');
INSERT INTO `lk9v6_users` (`name`, `email`, `usertype`) VALUES ('علا صالح السيد فرج', 'ola13s05264@alexu.edu.eg', 'الخريجين');
INSERT INTO `lk9v6_alumni_main` (`id`, `user_id`, `approved`) VALUES (166662, 166662, 1);
INSERT INTO `lk9v6_alumni_data` (`alumni_id`, `graduation_year`, `fid`, `job`, `address`, `city`, `country`, `phone`, `gid`, `mobile`, `nationalnumber`, `department`, `division`, `with_honor`) VALUES (166662, 2015, '1', '', '', '', '', '033324569', '3', '01228123303', '', 'علوم البيئة', 'العلوم البيولوجية', '');
INSERT INTO `lk9v6_users` (`name`, `email`, `usertype`) VALUES ('اسماء السيد رجب على عبد الهادى', 'asmaa13s05149@alexu.edu.eg', 'الخريجين');
INSERT INTO `lk9v6_alumni_main` (`id`, `user_id`, `approved`) VALUES (166663, 166663, 1);
INSERT INTO `lk9v6_alumni_data` (`alumni_id`, `graduation_year`, `fid`, `job`, `address`, `city`, `country`, `phone`, `gid`, `mobile`, `nationalnumber`, `department`, `division`, `with_honor`) VALUES (166663, 2015, '1', '', '', '', '', '5031156', '3', '01202332451', '', 'علوم البيئة', 'العلوم البيولوجية', '');
INSERT INTO `lk9v6_users` (`name`, `email`, `usertype`) VALUES ('دعاء محمد عبدالمنعم احمد', 'doaa13s05477@alexu.edu.eg', 'الخريجين');
INSERT INTO `lk9v6_alumni_main` (`id`, `user_id`, `approved`) VALUES (166664, 166664, 1);
INSERT INTO `lk9v6_alumni_data` (`alumni_id`, `graduation_year`, `fid`, `job`, `address`, `city`, `country`, `phone`, `gid`, `mobile`, `nationalnumber`, `department`, `division`, `with_honor`) VALUES (166664, 2015, '1', '', '', '', '', '5022222', '3', '01069443031', '', 'علوم البيئة', 'العلوم البيولوجية', '');
INSERT INTO `lk9v6_users` (`name`, `email`, `usertype`) VALUES ('عبدالرحمن فتحى حسين احمد مصطفى', 'abdelrahman13s04585@alexu.edu.eg', 'الخريجين');
INSERT INTO `lk9v6_alumni_main` (`id`, `user_id`, `approved`) VALUES (166665, 166665, 1);
INSERT INTO `lk9v6_alumni_data` (`alumni_id`, `graduation_year`, `fid`, `job`, `address`, `city`, `country`, `phone`, `gid`, `mobile`, `nationalnumber`, `department`, `division`, `with_honor`) VALUES (166665, 2015, '1', '', '', '', '', '035508287', '3', '01278333441', '', 'الفيزياء', 'العلوم الطبيعية', '');
INSERT INTO `lk9v6_users` (`name`, `email`, `usertype`) VALUES ('محمد حسين محمود علي منصور', 'mohamed13s03773@alexu.edu.eg', 'الخريجين');
INSERT INTO `lk9v6_alumni_main` (`id`, `user_id`, `approved`) VALUES (166666, 166666, 1);
INSERT INTO `lk9v6_alumni_data` (`alumni_id`, `graduation_year`, `fid`, `job`, `address`, `city`, `country`, `phone`, `gid`, `mobile`, `nationalnumber`, `department`, `division`, `with_honor`) VALUES (166666, 2015, '1', '', '', '', '', '0453512420', '3', '01118681130', '', 'الجيولوجيا', 'العلوم الجيولوجية', '');
INSERT INTO `lk9v6_users` (`name`, `email`, `usertype`) VALUES ('محمد احمد احمد ابراهيم', 'mohamed13s06130@alexu.edu.eg', 'الخريجين');
INSERT INTO `lk9v6_alumni_main` (`id`, `user_id`, `approved`) VALUES (166667, 166667, 1);
INSERT INTO `lk9v6_alumni_data` (`alumni_id`, `graduation_year`, `fid`, `job`, `address`, `city`, `country`, `phone`, `gid`, `mobile`, `nationalnumber`, `department`, `division`, `with_honor`) VALUES (166667, 2015, '1', '', '', '', '', '2200119', '3', '01276288086', '', 'الجيولوجيا', 'العلوم الجيولوجية', '');
INSERT INTO `lk9v6_users` (`name`, `email`, `usertype`) VALUES ('على سليمان على محمود', 'ali13s06748@alexu.edu.eg', 'الخريجين');
INSERT INTO `lk9v6_alumni_main` (`id`, `user_id`, `approved`) VALUES (166668, 166668, 1);
INSERT INTO `lk9v6_alumni_data` (`alumni_id`, `graduation_year`, `fid`, `job`, `address`, `city`, `country`, `phone`, `gid`, `mobile`, `nationalnumber`, `department`, `division`, `with_honor`) VALUES (166668, 2015, '1', '', '', '', '', '035758988', '3', '0120575295', '', 'الجيولوجيا', 'العلوم الجيولوجية', '');
INSERT INTO `lk9v6_users` (`name`, `email`, `usertype`) VALUES ('السيد اسامة السيد جمعة', 'elsayed13s03876@alexu.edu.eg', 'الخريجين');
INSERT INTO `lk9v6_alumni_main` (`id`, `user_id`, `approved`) VALUES (166669, 166669, 1);
INSERT INTO `lk9v6_alumni_data` (`alumni_id`, `graduation_year`, `fid`, `job`, `address`, `city`, `country`, `phone`, `gid`, `mobile`, `nationalnumber`, `department`, `division`, `with_honor`) VALUES (166669, 2015, '1', '', '', '', '', '0112443436', '3', '0196092927', '', 'الفيزياء', 'العلوم الطبيعية', '');
INSERT INTO `lk9v6_users` (`name`, `email`, `usertype`) VALUES ('محمد عبد الحميد محمد عبد الحميد', 'mohamed13s06238@alexu.edu.eg', 'الخريجين');
INSERT INTO `lk9v6_alumni_main` (`id`, `user_id`, `approved`) VALUES (166670, 166670, 1);
INSERT INTO `lk9v6_alumni_data` (`alumni_id`, `graduation_year`, `fid`, `job`, `address`, `city`, `country`, `phone`, `gid`, `mobile`, `nationalnumber`, `department`, `division`, `with_honor`) VALUES (166670, 2015, '1', '', '', '', '', '01147708115', '3', '01147708115', '', 'الجيولوجيا', 'العلوم الجيولوجية', '');
INSERT INTO `lk9v6_users` (`name`, `email`, `usertype`) VALUES ('ماركو مجدى شوقى بشاى', 'marko13s01843@alexu.edu.eg', 'الخريجين');
INSERT INTO `lk9v6_alumni_main` (`id`, `user_id`, `approved`) VALUES (166671, 166671, 1);
INSERT INTO `lk9v6_alumni_data` (`alumni_id`, `graduation_year`, `fid`, `job`, `address`, `city`, `country`, `phone`, `gid`, `mobile`, `nationalnumber`, `department`, `division`, `with_honor`) VALUES (166671, 2015, '1', '', '', '', '', '035332118', '3', '01201155834', '', 'علم الحيوان', 'العلوم البيولوجية', '');
INSERT INTO `lk9v6_users` (`name`, `email`, `usertype`) VALUES ('محمد سامح زكريا امين صبيح', 'mohamed13s05711@alexu.edu.eg', 'الخريجين');
INSERT INTO `lk9v6_alumni_main` (`id`, `user_id`, `approved`) VALUES (166672, 166672, 1);
INSERT INTO `lk9v6_alumni_data` (`alumni_id`, `graduation_year`, `fid`, `job`, `address`, `city`, `country`, `phone`, `gid`, `mobile`, `nationalnumber`, `department`, `division`, `with_honor`) VALUES (166672, 2015, '1', '', '', '', '', '4270038', '3', '01222252449', '', 'الجيولوجيا', 'العلوم الجيولوجية', '');
INSERT INTO `lk9v6_users` (`name`, `email`, `usertype`) VALUES ('اسلام محمد عبده محمد العطفى', 'islam13s04047@alexu.edu.eg', 'الخريجين');
INSERT INTO `lk9v6_alumni_main` (`id`, `user_id`, `approved`) VALUES (166673, 166673, 1);
INSERT INTO `lk9v6_alumni_data` (`alumni_id`, `graduation_year`, `fid`, `job`, `address`, `city`, `country`, `phone`, `gid`, `mobile`, `nationalnumber`, `department`, `division`, `with_honor`) VALUES (166673, 2015, '1', '', '', '', '', '0452400757', '2', '01005308668', '', 'علوم البيئة', 'العلوم البيولوجية', '');
INSERT INTO `lk9v6_users` (`name`, `email`, `usertype`) VALUES ('لمياء عبد العزيز محروس عبد العزيز', 'lamya13s04003@alexu.edu.eg', 'الخريجين');
INSERT INTO `lk9v6_alumni_main` (`id`, `user_id`, `approved`) VALUES (166674, 166674, 1);
INSERT INTO `lk9v6_alumni_data` (`alumni_id`, `graduation_year`, `fid`, `job`, `address`, `city`, `country`, `phone`, `gid`, `mobile`, `nationalnumber`, `department`, `division`, `with_honor`) VALUES (166674, 2015, '1', '', '', '', '', '0506994096', '2', '01145425708', '', 'علوم البيئة', 'العلوم البيولوجية', '');
INSERT INTO `lk9v6_users` (`name`, `email`, `usertype`) VALUES ('اسامة شعبان محمود السيد', 'osama13s02339@alexu.edu.eg', 'الخريجين');
INSERT INTO `lk9v6_alumni_main` (`id`, `user_id`, `approved`) VALUES (166675, 166675, 1);
INSERT INTO `lk9v6_alumni_data` (`alumni_id`, `graduation_year`, `fid`, `job`, `address`, `city`, `country`, `phone`, `gid`, `mobile`, `nationalnumber`, `department`, `division`, `with_honor`) VALUES (166675, 2015, '1', '', '', '', '', '034201682', '2', '01001398569', '', 'علوم الحاسب الآلي', 'العلوم الطبيعية', '');
INSERT INTO `lk9v6_users` (`name`, `email`, `usertype`) VALUES ('محمد مصطفى محمد على', 'mohamed13s02684@alexu.edu.eg', 'الخريجين');
INSERT INTO `lk9v6_alumni_main` (`id`, `user_id`, `approved`) VALUES (166676, 166676, 1);
INSERT INTO `lk9v6_alumni_data` (`alumni_id`, `graduation_year`, `fid`, `job`, `address`, `city`, `country`, `phone`, `gid`, `mobile`, `nationalnumber`, `department`, `division`, `with_honor`) VALUES (166676, 2014, '1', '', '', '', '', '033022387', '3', '01278630057', '', 'علوم الحاسب الآلي', 'العلوم الطبيعية', '');
INSERT INTO `lk9v6_users` (`name`, `email`, `usertype`) VALUES ('وفاء عبدالرحمن قطب عبدالرحمن', 'wafaa13s05295@alexu.edu.eg', 'الخريجين');
INSERT INTO `lk9v6_alumni_main` (`id`, `user_id`, `approved`) VALUES (166677, 166677, 1);
INSERT INTO `lk9v6_alumni_data` (`alumni_id`, `graduation_year`, `fid`, `job`, `address`, `city`, `country`, `phone`, `gid`, `mobile`, `nationalnumber`, `department`, `division`, `with_honor`) VALUES (166677, 2015, '1', '', '', '', '', '033330000', '5', '01226120623', '', 'الكيمياء', 'العلوم البيولوجية', '');
INSERT INTO `lk9v6_users` (`name`, `email`, `usertype`) VALUES ('هاله على حافظ احمد ابراهيم', 'hala13s05794@alexu.edu.eg', 'الخريجين');
INSERT INTO `lk9v6_alumni_main` (`id`, `user_id`, `approved`) VALUES (166678, 166678, 1);
INSERT INTO `lk9v6_alumni_data` (`alumni_id`, `graduation_year`, `fid`, `job`, `address`, `city`, `country`, `phone`, `gid`, `mobile`, `nationalnumber`, `department`, `division`, `with_honor`) VALUES (166678, 2015, '1', '', '', '', '', '5922589', '5', '01280739133', '', 'الكيمياء', 'العلوم البيولوجية', '');
INSERT INTO `lk9v6_users` (`name`, `email`, `usertype`) VALUES ('احمد حمدى على محمد الدكش', 'ahmed13s05372@alexu.edu.eg', 'الخريجين');
INSERT INTO `lk9v6_alumni_main` (`id`, `user_id`, `approved`) VALUES (166679, 166679, 1);
INSERT INTO `lk9v6_alumni_data` (`alumni_id`, `graduation_year`, `fid`, `job`, `address`, `city`, `country`, `phone`, `gid`, `mobile`, `nationalnumber`, `department`, `division`, `with_honor`) VALUES (166679, 2015, '1', '', '', '', '', '4800501', '5', '01226715786', '', 'الكيمياء', 'العلوم البيولوجية', '');
INSERT INTO `lk9v6_users` (`name`, `email`, `usertype`) VALUES ('اميرة محمود محمد محمود', 'amira13s06326@alexu.edu.eg', 'الخريجين');
INSERT INTO `lk9v6_alumni_main` (`id`, `user_id`, `approved`) VALUES (166680, 166680, 1);
INSERT INTO `lk9v6_alumni_data` (`alumni_id`, `graduation_year`, `fid`, `job`, `address`, `city`, `country`, `phone`, `gid`, `mobile`, `nationalnumber`, `department`, `division`, `with_honor`) VALUES (166680, 2015, '1', '', '', '', '', '4877592', '5', '01062503011', '', 'الميكروبيولوجى', 'العلوم البيولوجية', '');
INSERT INTO `lk9v6_users` (`name`, `email`, `usertype`) VALUES ('اسراء محمد السيد على محمد', 'esraa13s05591@alexu.edu.eg', 'الخريجين');
INSERT INTO `lk9v6_alumni_main` (`id`, `user_id`, `approved`) VALUES (166681, 166681, 1);
INSERT INTO `lk9v6_alumni_data` (`alumni_id`, `graduation_year`, `fid`, `job`, `address`, `city`, `country`, `phone`, `gid`, `mobile`, `nationalnumber`, `department`, `division`, `with_honor`) VALUES (166681, 2015, '1', '', '', '', '', '3617320', '5', '01271994375', '', 'الميكروبيولوجى', 'العلوم البيولوجية', '');
INSERT INTO `lk9v6_users` (`name`, `email`, `usertype`) VALUES ('امال طارق مكاوى عليوه سرحان', 'amal13s05587@alexu.edu.eg', 'الخريجين');
INSERT INTO `lk9v6_alumni_main` (`id`, `user_id`, `approved`) VALUES (166682, 166682, 1);
INSERT INTO `lk9v6_alumni_data` (`alumni_id`, `graduation_year`, `fid`, `job`, `address`, `city`, `country`, `phone`, `gid`, `mobile`, `nationalnumber`, `department`, `division`, `with_honor`) VALUES (166682, 2015, '1', '', '', '', '', '034358200', '5', '01229327624', '', 'الكيمياء', 'العلوم البيولوجية', '');
INSERT INTO `lk9v6_users` (`name`, `email`, `usertype`) VALUES ('ايه عبد العزيز وصال حمد', 'aya13s05081@alexu.edu.eg', 'الخريجين');
INSERT INTO `lk9v6_alumni_main` (`id`, `user_id`, `approved`) VALUES (166683, 166683, 1);
INSERT INTO `lk9v6_alumni_data` (`alumni_id`, `graduation_year`, `fid`, `job`, `address`, `city`, `country`, `phone`, `gid`, `mobile`, `nationalnumber`, `department`, `division`, `with_honor`) VALUES (166683, 2015, '1', '', '', '', '', '5231304', '5', '01005516648', '', 'الميكروبيولوجى', 'العلوم البيولوجية', '');
INSERT INTO `lk9v6_users` (`name`, `email`, `usertype`) VALUES ('مى حسين عبده شعبان الشيخ', 'mai13s05657@alexu.edu.eg', 'الخريجين');
INSERT INTO `lk9v6_alumni_main` (`id`, `user_id`, `approved`) VALUES (166684, 166684, 1);
INSERT INTO `lk9v6_alumni_data` (`alumni_id`, `graduation_year`, `fid`, `job`, `address`, `city`, `country`, `phone`, `gid`, `mobile`, `nationalnumber`, `department`, `division`, `with_honor`) VALUES (166684, 2015, '1', '', '', '', '', '034360383', '5', '01228362016', '', 'الكيمياء', 'العلوم البيولوجية', '');
INSERT INTO `lk9v6_users` (`name`, `email`, `usertype`) VALUES ('هبه الله عبدالرازق عوض عبدالرازق عوض', 'heba13s05589@alexu.edu.eg', 'الخريجين');
INSERT INTO `lk9v6_alumni_main` (`id`, `user_id`, `approved`) VALUES (166685, 166685, 1);
INSERT INTO `lk9v6_alumni_data` (`alumni_id`, `graduation_year`, `fid`, `job`, `address`, `city`, `country`, `phone`, `gid`, `mobile`, `nationalnumber`, `department`, `division`, `with_honor`) VALUES (166685, 2015, '1', '', '', '', '', '034840289', '5', '01228981004', '', 'الكيمياء', 'العلوم البيولوجية', '');
INSERT INTO `lk9v6_users` (`name`, `email`, `usertype`) VALUES ('اسماء علاء الدين فارس محمد', 'asmaa13s06574@alexu.edu.eg', 'الخريجين');
INSERT INTO `lk9v6_alumni_main` (`id`, `user_id`, `approved`) VALUES (166686, 166686, 1);
INSERT INTO `lk9v6_alumni_data` (`alumni_id`, `graduation_year`, `fid`, `job`, `address`, `city`, `country`, `phone`, `gid`, `mobile`, `nationalnumber`, `department`, `division`, `with_honor`) VALUES (166686, 2015, '1', '', '', '', '', '9552415', '5', '01282973688', '', 'الكيمياء', 'العلوم البيولوجية', '');
INSERT INTO `lk9v6_users` (`name`, `email`, `usertype`) VALUES ('ايه صلاح عجمى خضر', 'aya13s05803@alexu.edu.eg', 'الخريجين');
INSERT INTO `lk9v6_alumni_main` (`id`, `user_id`, `approved`) VALUES (166687, 166687, 1);
INSERT INTO `lk9v6_alumni_data` (`alumni_id`, `graduation_year`, `fid`, `job`, `address`, `city`, `country`, `phone`, `gid`, `mobile`, `nationalnumber`, `department`, `division`, `with_honor`) VALUES (166687, 2015, '1', '', '', '', '', '5409988', '5', '01005551200', '', 'الميكروبيولوجى', 'العلوم البيولوجية', '');
INSERT INTO `lk9v6_users` (`name`, `email`, `usertype`) VALUES ('عبدالجواد محمد محمد عبدالجواد سبوخ', 'abdelgawad13s04966@alexu.edu.eg', 'الخريجين');
INSERT INTO `lk9v6_alumni_main` (`id`, `user_id`, `approved`) VALUES (166688, 166688, 1);
INSERT INTO `lk9v6_alumni_data` (`alumni_id`, `graduation_year`, `fid`, `job`, `address`, `city`, `country`, `phone`, `gid`, `mobile`, `nationalnumber`, `department`, `division`, `with_honor`) VALUES (166688, 2015, '1', '', '', '', '', '0472515489', '5', '01001645880', '', 'الكيمياء', 'العلوم البيولوجية', '');
INSERT INTO `lk9v6_users` (`name`, `email`, `usertype`) VALUES ('هدير سمير محمد فرج الفقى', 'hadeer13s05245@alexu.edu.eg', 'الخريجين');
INSERT INTO `lk9v6_alumni_main` (`id`, `user_id`, `approved`) VALUES (166689, 166689, 1);
INSERT INTO `lk9v6_alumni_data` (`alumni_id`, `graduation_year`, `fid`, `job`, `address`, `city`, `country`, `phone`, `gid`, `mobile`, `nationalnumber`, `department`, `division`, `with_honor`) VALUES (166689, 2015, '1', '', '', '', '', '4202408', '5', '01060081950', '', 'الكيمياء', 'العلوم البيولوجية', '');
INSERT INTO `lk9v6_users` (`name`, `email`, `usertype`) VALUES ('مها محمود ابوبكر الشهاوى', 'maha13s05032@alexu.edu.eg', 'الخريجين');
INSERT INTO `lk9v6_alumni_main` (`id`, `user_id`, `approved`) VALUES (166690, 166690, 1);
INSERT INTO `lk9v6_alumni_data` (`alumni_id`, `graduation_year`, `fid`, `job`, `address`, `city`, `country`, `phone`, `gid`, `mobile`, `nationalnumber`, `department`, `division`, `with_honor`) VALUES (166690, 2015, '1', '', '', '', '', '0472590247', '5', '0199540772', '', 'الكيمياء', 'العلوم البيولوجية', '');
INSERT INTO `lk9v6_users` (`name`, `email`, `usertype`) VALUES ('اشرف على محمد الفحام', 'ashraf13s09676@alexu.edu.eg', 'الخريجين');
INSERT INTO `lk9v6_alumni_main` (`id`, `user_id`, `approved`) VALUES (166691, 166691, 1);
INSERT INTO `lk9v6_alumni_data` (`alumni_id`, `graduation_year`, `fid`, `job`, `address`, `city`, `country`, `phone`, `gid`, `mobile`, `nationalnumber`, `department`, `division`, `with_honor`) VALUES (166691, 2015, '1', '', '', '', '', '5353509', '5', '01221954549', '', 'الكيمياء', 'العلوم البيولوجية', '');
INSERT INTO `lk9v6_users` (`name`, `email`, `usertype`) VALUES ('ايمان السيد حسن احمد', 'eman13s05022@alexu.edu.eg', 'الخريجين');
INSERT INTO `lk9v6_alumni_main` (`id`, `user_id`, `approved`) VALUES (166692, 166692, 1);
INSERT INTO `lk9v6_alumni_data` (`alumni_id`, `graduation_year`, `fid`, `job`, `address`, `city`, `country`, `phone`, `gid`, `mobile`, `nationalnumber`, `department`, `division`, `with_honor`) VALUES (166692, 2015, '1', '', '', '', '', '4321773', '5', '01202337531', '', 'الميكروبيولوجى', 'العلوم البيولوجية', '');
INSERT INTO `lk9v6_users` (`name`, `email`, `usertype`) VALUES ('شيرين صبرى بلال محمد زيدان', 'sherin13s05705@alexu.edu.eg', 'الخريجين');
INSERT INTO `lk9v6_alumni_main` (`id`, `user_id`, `approved`) VALUES (166693, 166693, 1);
INSERT INTO `lk9v6_alumni_data` (`alumni_id`, `graduation_year`, `fid`, `job`, `address`, `city`, `country`, `phone`, `gid`, `mobile`, `nationalnumber`, `department`, `division`, `with_honor`) VALUES (166693, 2015, '1', '', '', '', '', '5283337', '5', '0187145194', '', 'الكيمياء', 'العلوم البيولوجية', '');
INSERT INTO `lk9v6_users` (`name`, `email`, `usertype`) VALUES ('كاريمان محمد حسن مسعود ابراهيم', 'kariman13s05277@alexu.edu.eg', 'الخريجين');
INSERT INTO `lk9v6_alumni_main` (`id`, `user_id`, `approved`) VALUES (166694, 166694, 1);
INSERT INTO `lk9v6_alumni_data` (`alumni_id`, `graduation_year`, `fid`, `job`, `address`, `city`, `country`, `phone`, `gid`, `mobile`, `nationalnumber`, `department`, `division`, `with_honor`) VALUES (166694, 2015, '1', '', '', '', '', '0464947772', '5', '01064076859', '', 'الكيمياء', 'العلوم البيولوجية', '');
INSERT INTO `lk9v6_users` (`name`, `email`, `usertype`) VALUES ('اشرقت صبرى محمد محمد عبد البارى', 'ashrakt13s05271@alexu.edu.eg', 'الخريجين');
INSERT INTO `lk9v6_alumni_main` (`id`, `user_id`, `approved`) VALUES (166695, 166695, 1);
INSERT INTO `lk9v6_alumni_data` (`alumni_id`, `graduation_year`, `fid`, `job`, `address`, `city`, `country`, `phone`, `gid`, `mobile`, `nationalnumber`, `department`, `division`, `with_honor`) VALUES (166695, 2015, '1', '', '', '', '', '5824053', '5', '01116197567', '', 'الكيمياء', 'العلوم البيولوجية', '');
INSERT INTO `lk9v6_users` (`name`, `email`, `usertype`) VALUES ('جوليت داود معوض داود ابراهيم', 'joliet13s05450@alexu.edu.eg', 'الخريجين');
INSERT INTO `lk9v6_alumni_main` (`id`, `user_id`, `approved`) VALUES (166696, 166696, 1);
INSERT INTO `lk9v6_alumni_data` (`alumni_id`, `graduation_year`, `fid`, `job`, `address`, `city`, `country`, `phone`, `gid`, `mobile`, `nationalnumber`, `department`, `division`, `with_honor`) VALUES (166696, 2015, '1', '', '', '', '', '0453691920', '5', '01272401031', '', 'الكيمياء', 'العلوم البيولوجية', '');
INSERT INTO `lk9v6_users` (`name`, `email`, `usertype`) VALUES ('يمنى على عباس عبدالحافظ', 'yomna13s05368@alexu.edu.eg', 'الخريجين');
INSERT INTO `lk9v6_alumni_main` (`id`, `user_id`, `approved`) VALUES (166697, 166697, 1);
INSERT INTO `lk9v6_alumni_data` (`alumni_id`, `graduation_year`, `fid`, `job`, `address`, `city`, `country`, `phone`, `gid`, `mobile`, `nationalnumber`, `department`, `division`, `with_honor`) VALUES (166697, 2015, '1', '', '', '', '', '035756337', '5', '01009592608', '', 'الكيمياء', 'العلوم البيولوجية', '');
INSERT INTO `lk9v6_users` (`name`, `email`, `usertype`) VALUES ('ريم الشنويهى عبد الغفار محمد', 'reem13s05011@alexu.edu.eg', 'الخريجين');
INSERT INTO `lk9v6_alumni_main` (`id`, `user_id`, `approved`) VALUES (166698, 166698, 1);
INSERT INTO `lk9v6_alumni_data` (`alumni_id`, `graduation_year`, `fid`, `job`, `address`, `city`, `country`, `phone`, `gid`, `mobile`, `nationalnumber`, `department`, `division`, `with_honor`) VALUES (166698, 2015, '1', '', '', '', '', '0181870126', '5', '0181870126', '', 'الكيمياء', 'العلوم البيولوجية', '');
INSERT INTO `lk9v6_users` (`name`, `email`, `usertype`) VALUES ('رانيا فوزى عبدالفتاح السويسى', 'rania13s05030@alexu.edu.eg', 'الخريجين');
INSERT INTO `lk9v6_alumni_main` (`id`, `user_id`, `approved`) VALUES (166699, 166699, 1);
INSERT INTO `lk9v6_alumni_data` (`alumni_id`, `graduation_year`, `fid`, `job`, `address`, `city`, `country`, `phone`, `gid`, `mobile`, `nationalnumber`, `department`, `division`, `with_honor`) VALUES (166699, 2015, '1', '', '', '', '', '0472714393', '5', '0190607824', '', 'الكيمياء', 'العلوم البيولوجية', '');
INSERT INTO `lk9v6_users` (`name`, `email`, `usertype`) VALUES ('نوران محمد عبدالقادر على عبدالسلام', 'nouran13s05061@alexu.edu.eg', 'الخريجين');
INSERT INTO `lk9v6_alumni_main` (`id`, `user_id`, `approved`) VALUES (166700, 166700, 1);
INSERT INTO `lk9v6_alumni_data` (`alumni_id`, `graduation_year`, `fid`, `job`, `address`, `city`, `country`, `phone`, `gid`, `mobile`, `nationalnumber`, `department`, `division`, `with_honor`) VALUES (166700, 2015, '1', '', '', '', '', '3933293', '5', '01226071803', '', 'الكيمياء', 'العلوم البيولوجية', '');
INSERT INTO `lk9v6_users` (`name`, `email`, `usertype`) VALUES ('نهال ايمن محمد فتحى عبدالكريم', 'nehal13s05476@alexu.edu.eg', 'الخريجين');
INSERT INTO `lk9v6_alumni_main` (`id`, `user_id`, `approved`) VALUES (166701, 166701, 1);
INSERT INTO `lk9v6_alumni_data` (`alumni_id`, `graduation_year`, `fid`, `job`, `address`, `city`, `country`, `phone`, `gid`, `mobile`, `nationalnumber`, `department`, `division`, `with_honor`) VALUES (166701, 2015, '1', '', '', '', '', '3596174', '5', '01229221792', '', 'الكيمياء', 'العلوم البيولوجية', '');
INSERT INTO `lk9v6_users` (`name`, `email`, `usertype`) VALUES ('ندى خميس محمد عبدالغنى محمد', 'nada13s04951@alexu.edu.eg', 'الخريجين');
INSERT INTO `lk9v6_alumni_main` (`id`, `user_id`, `approved`) VALUES (166702, 166702, 1);
INSERT INTO `lk9v6_alumni_data` (`alumni_id`, `graduation_year`, `fid`, `job`, `address`, `city`, `country`, `phone`, `gid`, `mobile`, `nationalnumber`, `department`, `division`, `with_honor`) VALUES (166702, 2015, '1', '', '', '', '', '4942749', '5', '01283267899', '', 'الكيمياء', 'العلوم البيولوجية', '');
INSERT INTO `lk9v6_users` (`name`, `email`, `usertype`) VALUES ('اسماء عبدالرحمن عبدالجواد عمار', 'asmaa13s05660@alexu.edu.eg', 'الخريجين');
INSERT INTO `lk9v6_alumni_main` (`id`, `user_id`, `approved`) VALUES (166703, 166703, 1);
INSERT INTO `lk9v6_alumni_data` (`alumni_id`, `graduation_year`, `fid`, `job`, `address`, `city`, `country`, `phone`, `gid`, `mobile`, `nationalnumber`, `department`, `division`, `with_honor`) VALUES (166703, 2015, '1', '', '', '', '', '0453693450', '5', '01146993186', '', 'الكيمياء', 'العلوم البيولوجية', '');
INSERT INTO `lk9v6_users` (`name`, `email`, `usertype`) VALUES ('دولت محمد سيد احمد بدور', 'dawlat13s05656@alexu.edu.eg', 'الخريجين');
INSERT INTO `lk9v6_alumni_main` (`id`, `user_id`, `approved`) VALUES (166704, 166704, 1);
INSERT INTO `lk9v6_alumni_data` (`alumni_id`, `graduation_year`, `fid`, `job`, `address`, `city`, `country`, `phone`, `gid`, `mobile`, `nationalnumber`, `department`, `division`, `with_honor`) VALUES (166704, 2015, '1', '', '', '', '', '035013690', '5', '0183434023', '', 'الكيمياء', 'العلوم البيولوجية', '');
INSERT INTO `lk9v6_users` (`name`, `email`, `usertype`) VALUES ('نورهان طارق احمد على الشريف', 'nourhan13s05499@alexu.edu.eg', 'الخريجين');
INSERT INTO `lk9v6_alumni_main` (`id`, `user_id`, `approved`) VALUES (166705, 166705, 1);
INSERT INTO `lk9v6_alumni_data` (`alumni_id`, `graduation_year`, `fid`, `job`, `address`, `city`, `country`, `phone`, `gid`, `mobile`, `nationalnumber`, `department`, `division`, `with_honor`) VALUES (166705, 2015, '1', '', '', '', '', '034276038', '4', '0189526833', '', 'الميكروبيولوجى', 'العلوم البيولوجية', '');
INSERT INTO `lk9v6_users` (`name`, `email`, `usertype`) VALUES ('الاء محمد ابراهيم حسين مليحة', 'alaa13s05719@alexu.edu.eg', 'الخريجين');
INSERT INTO `lk9v6_alumni_main` (`id`, `user_id`, `approved`) VALUES (166706, 166706, 1);
INSERT INTO `lk9v6_alumni_data` (`alumni_id`, `graduation_year`, `fid`, `job`, `address`, `city`, `country`, `phone`, `gid`, `mobile`, `nationalnumber`, `department`, `division`, `with_honor`) VALUES (166706, 2015, '1', '', '', '', '', '0472975146', '5', '01148683774', '', 'الكيمياء', 'العلوم البيولوجية', '');
INSERT INTO `lk9v6_users` (`name`, `email`, `usertype`) VALUES ('اميره جمال عويس عبدالعزيز', 'amira13s05483@alexu.edu.eg', 'الخريجين');
INSERT INTO `lk9v6_alumni_main` (`id`, `user_id`, `approved`) VALUES (166707, 166707, 1);
INSERT INTO `lk9v6_alumni_data` (`alumni_id`, `graduation_year`, `fid`, `job`, `address`, `city`, `country`, `phone`, `gid`, `mobile`, `nationalnumber`, `department`, `division`, `with_honor`) VALUES (166707, 2015, '1', '', '', '', '', '5185023', '5', '01207452086', '', 'الكيمياء', 'العلوم البيولوجية', '');
INSERT INTO `lk9v6_users` (`name`, `email`, `usertype`) VALUES ('روان محمد عبد الفتاح ابراهيم حجاب', 'rowan13s05102@alexu.edu.eg', 'الخريجين');
INSERT INTO `lk9v6_alumni_main` (`id`, `user_id`, `approved`) VALUES (166708, 166708, 1);
INSERT INTO `lk9v6_alumni_data` (`alumni_id`, `graduation_year`, `fid`, `job`, `address`, `city`, `country`, `phone`, `gid`, `mobile`, `nationalnumber`, `department`, `division`, `with_honor`) VALUES (166708, 2015, '1', '', '', '', '', '035286267', '5', '01116355783', '', 'الكيمياء', 'العلوم البيولوجية', '');
INSERT INTO `lk9v6_users` (`name`, `email`, `usertype`) VALUES ('مارينا جاد فهمى سليمان جرجس', 'marina13s05357@alexu.edu.eg', 'الخريجين');
INSERT INTO `lk9v6_alumni_main` (`id`, `user_id`, `approved`) VALUES (166709, 166709, 1);
INSERT INTO `lk9v6_alumni_data` (`alumni_id`, `graduation_year`, `fid`, `job`, `address`, `city`, `country`, `phone`, `gid`, `mobile`, `nationalnumber`, `department`, `division`, `with_honor`) VALUES (166709, 2015, '1', '', '', '', '', '035340266', '5', '01228071060', '', 'الكيمياء', 'العلوم البيولوجية', '');
INSERT INTO `lk9v6_users` (`name`, `email`, `usertype`) VALUES ('ايه محمد ابراهيم عبدالغنى', 'aya13s05304@alexu.edu.eg', 'الخريجين');
INSERT INTO `lk9v6_alumni_main` (`id`, `user_id`, `approved`) VALUES (166710, 166710, 1);
INSERT INTO `lk9v6_alumni_data` (`alumni_id`, `graduation_year`, `fid`, `job`, `address`, `city`, `country`, `phone`, `gid`, `mobile`, `nationalnumber`, `department`, `division`, `with_honor`) VALUES (166710, 2015, '1', '', '', '', '', '4401335', '5', '01274470851', '', 'الكيمياء', 'العلوم البيولوجية', '');
INSERT INTO `lk9v6_users` (`name`, `email`, `usertype`) VALUES ('نجوى جابر منصور محمد', 'nagwa13s04941@alexu.edu.eg', 'الخريجين');
INSERT INTO `lk9v6_alumni_main` (`id`, `user_id`, `approved`) VALUES (166711, 166711, 1);
INSERT INTO `lk9v6_alumni_data` (`alumni_id`, `graduation_year`, `fid`, `job`, `address`, `city`, `country`, `phone`, `gid`, `mobile`, `nationalnumber`, `department`, `division`, `with_honor`) VALUES (166711, 2015, '1', '', '', '', '', '034482775', '5', '01225994887', '', 'الكيمياء', 'العلوم البيولوجية', '');
INSERT INTO `lk9v6_users` (`name`, `email`, `usertype`) VALUES ('ياسمين عادل قبارى عوض احمد', 'yasmin13s04950@alexu.edu.eg', 'الخريجين');
INSERT INTO `lk9v6_alumni_main` (`id`, `user_id`, `approved`) VALUES (166712, 166712, 1);
INSERT INTO `lk9v6_alumni_data` (`alumni_id`, `graduation_year`, `fid`, `job`, `address`, `city`, `country`, `phone`, `gid`, `mobile`, `nationalnumber`, `department`, `division`, `with_honor`) VALUES (166712, 2015, '1', '', '', '', '', '5004486', '5', '01287789525', '', 'الكيمياء', 'العلوم البيولوجية', '');
INSERT INTO `lk9v6_users` (`name`, `email`, `usertype`) VALUES ('الاء سمير محمد', 'alaa13s06090@alexu.edu.eg', 'الخريجين');
INSERT INTO `lk9v6_alumni_main` (`id`, `user_id`, `approved`) VALUES (166713, 166713, 1);
INSERT INTO `lk9v6_alumni_data` (`alumni_id`, `graduation_year`, `fid`, `job`, `address`, `city`, `country`, `phone`, `gid`, `mobile`, `nationalnumber`, `department`, `division`, `with_honor`) VALUES (166713, 2015, '1', '', '', '', '', '035039359', '5', '01189573764', '', 'الكيمياء', 'العلوم البيولوجية', '');
INSERT INTO `lk9v6_users` (`name`, `email`, `usertype`) VALUES ('ياسمين احمد على اسماعيل رحيم', 'yasmin13s05519@alexu.edu.eg', 'الخريجين');
INSERT INTO `lk9v6_alumni_main` (`id`, `user_id`, `approved`) VALUES (166714, 166714, 1);
INSERT INTO `lk9v6_alumni_data` (`alumni_id`, `graduation_year`, `fid`, `job`, `address`, `city`, `country`, `phone`, `gid`, `mobile`, `nationalnumber`, `department`, `division`, `with_honor`) VALUES (166714, 2015, '1', '', '', '', '', '035353817', '5', '01062354492', '', 'الكيمياء', 'العلوم البيولوجية', '');
INSERT INTO `lk9v6_users` (`name`, `email`, `usertype`) VALUES ('علا محمد السيد محمد سالم', 'ola13s05504@alexu.edu.eg', 'الخريجين');
INSERT INTO `lk9v6_alumni_main` (`id`, `user_id`, `approved`) VALUES (166715, 166715, 1);
INSERT INTO `lk9v6_alumni_data` (`alumni_id`, `graduation_year`, `fid`, `job`, `address`, `city`, `country`, `phone`, `gid`, `mobile`, `nationalnumber`, `department`, `division`, `with_honor`) VALUES (166715, 2015, '1', '', '', '', '', '035285413', '5', '01064109294', '', 'الكيمياء', 'العلوم البيولوجية', '');
INSERT INTO `lk9v6_users` (`name`, `email`, `usertype`) VALUES ('ايمان موسى احمد سيد احمد شتا', 'eman13s05564@alexu.edu.eg', 'الخريجين');
INSERT INTO `lk9v6_alumni_main` (`id`, `user_id`, `approved`) VALUES (166716, 166716, 1);
INSERT INTO `lk9v6_alumni_data` (`alumni_id`, `graduation_year`, `fid`, `job`, `address`, `city`, `country`, `phone`, `gid`, `mobile`, `nationalnumber`, `department`, `division`, `with_honor`) VALUES (166716, 2015, '1', '', '', '', '', '0452290554', '5', '01283059244', '', 'الكيمياء', 'العلوم البيولوجية', '');
INSERT INTO `lk9v6_users` (`name`, `email`, `usertype`) VALUES ('رشا ابراهيم عبدالحميد السحلى', 'rasha13s05381@alexu.edu.eg', 'الخريجين');
INSERT INTO `lk9v6_alumni_main` (`id`, `user_id`, `approved`) VALUES (166717, 166717, 1);
INSERT INTO `lk9v6_alumni_data` (`alumni_id`, `graduation_year`, `fid`, `job`, `address`, `city`, `country`, `phone`, `gid`, `mobile`, `nationalnumber`, `department`, `division`, `with_honor`) VALUES (166717, 2015, '1', '', '', '', '', '0452923817', '5', '01095682364', '', 'الكيمياء', 'العلوم البيولوجية', '');
INSERT INTO `lk9v6_users` (`name`, `email`, `usertype`) VALUES ('اسماء محمد عبدالعال محمد ابوليله', 'asmaa13s05802@alexu.edu.eg', 'الخريجين');
INSERT INTO `lk9v6_alumni_main` (`id`, `user_id`, `approved`) VALUES (166718, 166718, 1);
INSERT INTO `lk9v6_alumni_data` (`alumni_id`, `graduation_year`, `fid`, `job`, `address`, `city`, `country`, `phone`, `gid`, `mobile`, `nationalnumber`, `department`, `division`, `with_honor`) VALUES (166718, 2015, '1', '', '', '', '', '5277415', '5', '01012640902', '', 'الكيمياء', 'العلوم البيولوجية', '');
INSERT INTO `lk9v6_users` (`name`, `email`, `usertype`) VALUES ('منه الله جمال على عبد الحميد ', 'menna13s06684@alexu.edu.eg', 'الخريجين');
INSERT INTO `lk9v6_alumni_main` (`id`, `user_id`, `approved`) VALUES (166719, 166719, 1);
INSERT INTO `lk9v6_alumni_data` (`alumni_id`, `graduation_year`, `fid`, `job`, `address`, `city`, `country`, `phone`, `gid`, `mobile`, `nationalnumber`, `department`, `division`, `with_honor`) VALUES (166719, 2015, '1', '', '', '', '', '5438137', '5', '01278300922', '', 'الكيمياء', 'العلوم البيولوجية', '');
INSERT INTO `lk9v6_users` (`name`, `email`, `usertype`) VALUES ('ساره محمد عبد الصمد السيد على', 'sara13s06819@alexu.edu.eg', 'الخريجين');
INSERT INTO `lk9v6_alumni_main` (`id`, `user_id`, `approved`) VALUES (166720, 166720, 1);
INSERT INTO `lk9v6_alumni_data` (`alumni_id`, `graduation_year`, `fid`, `job`, `address`, `city`, `country`, `phone`, `gid`, `mobile`, `nationalnumber`, `department`, `division`, `with_honor`) VALUES (166720, 2015, '1', '', '', '', '', '4833103', '5', '01211143482', '', 'الكيمياء', 'العلوم البيولوجية', '');
INSERT INTO `lk9v6_users` (`name`, `email`, `usertype`) VALUES ('عبير عبدالشافى خلف طه', 'abeer13s05710@alexu.edu.eg', 'الخريجين');
INSERT INTO `lk9v6_alumni_main` (`id`, `user_id`, `approved`) VALUES (166721, 166721, 1);
INSERT INTO `lk9v6_alumni_data` (`alumni_id`, `graduation_year`, `fid`, `job`, `address`, `city`, `country`, `phone`, `gid`, `mobile`, `nationalnumber`, `department`, `division`, `with_honor`) VALUES (166721, 2015, '1', '', '', '', '', '033324569', '5', '01148498947', '', 'الكيمياء', 'العلوم البيولوجية', '');
INSERT INTO `lk9v6_users` (`name`, `email`, `usertype`) VALUES ('مونيكا مجدى بولس غبريال', 'monika13s04832@alexu.edu.eg', 'الخريجين');
INSERT INTO `lk9v6_alumni_main` (`id`, `user_id`, `approved`) VALUES (166722, 166722, 1);
INSERT INTO `lk9v6_alumni_data` (`alumni_id`, `graduation_year`, `fid`, `job`, `address`, `city`, `country`, `phone`, `gid`, `mobile`, `nationalnumber`, `department`, `division`, `with_honor`) VALUES (166722, 2015, '1', '', '', '', '', '035934954', '5', '01201851473', '', 'الكيمياء', 'العلوم البيولوجية', '');
INSERT INTO `lk9v6_users` (`name`, `email`, `usertype`) VALUES ('لمياء احمد محمد ابراهيم السويفى', 'lamya13s05099@alexu.edu.eg', 'الخريجين');
INSERT INTO `lk9v6_alumni_main` (`id`, `user_id`, `approved`) VALUES (166723, 166723, 1);
INSERT INTO `lk9v6_alumni_data` (`alumni_id`, `graduation_year`, `fid`, `job`, `address`, `city`, `country`, `phone`, `gid`, `mobile`, `nationalnumber`, `department`, `division`, `with_honor`) VALUES (166723, 2015, '1', '', '', '', '', '033903478', '5', '0187012309', '', 'الكيمياء', 'العلوم البيولوجية', '');
INSERT INTO `lk9v6_users` (`name`, `email`, `usertype`) VALUES ('دنيا سمير محمد الشربينى', 'donia13s05143@alexu.edu.eg', 'الخريجين');
INSERT INTO `lk9v6_alumni_main` (`id`, `user_id`, `approved`) VALUES (166724, 166724, 1);
INSERT INTO `lk9v6_alumni_data` (`alumni_id`, `graduation_year`, `fid`, `job`, `address`, `city`, `country`, `phone`, `gid`, `mobile`, `nationalnumber`, `department`, `division`, `with_honor`) VALUES (166724, 2015, '1', '', '', '', '', '0453620904', '4', '01001010461', '', 'الكيمياء', 'العلوم البيولوجية', '');
INSERT INTO `lk9v6_users` (`name`, `email`, `usertype`) VALUES ('ريهام عبدالقادر على عوض مطرود', 'reham13s05498@alexu.edu.eg', 'الخريجين');
INSERT INTO `lk9v6_alumni_main` (`id`, `user_id`, `approved`) VALUES (166725, 166725, 1);
INSERT INTO `lk9v6_alumni_data` (`alumni_id`, `graduation_year`, `fid`, `job`, `address`, `city`, `country`, `phone`, `gid`, `mobile`, `nationalnumber`, `department`, `division`, `with_honor`) VALUES (166725, 2015, '1', '', '', '', '', '0169347868', '4', '01069347868', '', 'الكيمياء', 'العلوم البيولوجية', '');
INSERT INTO `lk9v6_users` (`name`, `email`, `usertype`) VALUES ('محمد جابر محمد حامد', 'mohamed13s06501@alexu.edu.eg', 'الخريجين');
INSERT INTO `lk9v6_alumni_main` (`id`, `user_id`, `approved`) VALUES (166726, 166726, 1);
INSERT INTO `lk9v6_alumni_data` (`alumni_id`, `graduation_year`, `fid`, `job`, `address`, `city`, `country`, `phone`, `gid`, `mobile`, `nationalnumber`, `department`, `division`, `with_honor`) VALUES (166726, 2015, '1', '', '', '', '', '035539431', '4', '01069739177', '', 'الكيمياء', 'العلوم البيولوجية', '');
INSERT INTO `lk9v6_users` (`name`, `email`, `usertype`) VALUES ('شيماء على عبدالفتاح عليق', 'shaimaa13s04926@alexu.edu.eg', 'الخريجين');
INSERT INTO `lk9v6_alumni_main` (`id`, `user_id`, `approved`) VALUES (166727, 166727, 1);
INSERT INTO `lk9v6_alumni_data` (`alumni_id`, `graduation_year`, `fid`, `job`, `address`, `city`, `country`, `phone`, `gid`, `mobile`, `nationalnumber`, `department`, `division`, `with_honor`) VALUES (166727, 2015, '1', '', '', '', '', '0472548648', '4', '01094354859', '', 'الكيمياء', 'العلوم البيولوجية', '');
INSERT INTO `lk9v6_users` (`name`, `email`, `usertype`) VALUES ('عبير فتحى امين احمد موسى', 'abeer13s05663@alexu.edu.eg', 'الخريجين');
INSERT INTO `lk9v6_alumni_main` (`id`, `user_id`, `approved`) VALUES (166728, 166728, 1);
INSERT INTO `lk9v6_alumni_data` (`alumni_id`, `graduation_year`, `fid`, `job`, `address`, `city`, `country`, `phone`, `gid`, `mobile`, `nationalnumber`, `department`, `division`, `with_honor`) VALUES (166728, 2015, '1', '', '', '', '', '033629222', '4', '01064519667', '', 'الكيمياء', 'العلوم البيولوجية', '');
INSERT INTO `lk9v6_users` (`name`, `email`, `usertype`) VALUES ('هبه صلاح فتح الله محمود بدر', 'heba13s05001@alexu.edu.eg', 'الخريجين');
INSERT INTO `lk9v6_alumni_main` (`id`, `user_id`, `approved`) VALUES (166729, 166729, 1);
INSERT INTO `lk9v6_alumni_data` (`alumni_id`, `graduation_year`, `fid`, `job`, `address`, `city`, `country`, `phone`, `gid`, `mobile`, `nationalnumber`, `department`, `division`, `with_honor`) VALUES (166729, 2015, '1', '', '', '', '', '0452290554', '4', '01289275816', '', 'الكيمياء', 'العلوم البيولوجية', '');
INSERT INTO `lk9v6_users` (`name`, `email`, `usertype`) VALUES ('غادة السيد محمد رضوان ', 'ghada13s06791@alexu.edu.eg', 'الخريجين');
INSERT INTO `lk9v6_alumni_main` (`id`, `user_id`, `approved`) VALUES (166730, 166730, 1);
INSERT INTO `lk9v6_alumni_data` (`alumni_id`, `graduation_year`, `fid`, `job`, `address`, `city`, `country`, `phone`, `gid`, `mobile`, `nationalnumber`, `department`, `division`, `with_honor`) VALUES (166730, 2015, '1', '', '', '', '', '4943685', '4', '0187865674', '', 'الكيمياء', 'العلوم البيولوجية', '');
INSERT INTO `lk9v6_users` (`name`, `email`, `usertype`) VALUES ('داليا حمدى محمد محمود حبيبه', 'dalia13s05048@alexu.edu.eg', 'الخريجين');
INSERT INTO `lk9v6_alumni_main` (`id`, `user_id`, `approved`) VALUES (166731, 166731, 1);
INSERT INTO `lk9v6_alumni_data` (`alumni_id`, `graduation_year`, `fid`, `job`, `address`, `city`, `country`, `phone`, `gid`, `mobile`, `nationalnumber`, `department`, `division`, `with_honor`) VALUES (166731, 2015, '1', '', '', '', '', '0452241125', '4', '01274803084', '', 'الكيمياء', 'العلوم البيولوجية', '');
INSERT INTO `lk9v6_users` (`name`, `email`, `usertype`) VALUES ('ساره عادل حسنين امين حسنين', 'sara13s05323@alexu.edu.eg', 'الخريجين');
INSERT INTO `lk9v6_alumni_main` (`id`, `user_id`, `approved`) VALUES (166732, 166732, 1);
INSERT INTO `lk9v6_alumni_data` (`alumni_id`, `graduation_year`, `fid`, `job`, `address`, `city`, `country`, `phone`, `gid`, `mobile`, `nationalnumber`, `department`, `division`, `with_honor`) VALUES (166732, 2015, '1', '', '', '', '', '035612648', '4', '01229180081', '', 'الكيمياء', 'العلوم البيولوجية', '');
INSERT INTO `lk9v6_users` (`name`, `email`, `usertype`) VALUES ('إيمان أحمد اسماعيل على ', 'eman13s06686@alexu.edu.eg', 'الخريجين');
INSERT INTO `lk9v6_alumni_main` (`id`, `user_id`, `approved`) VALUES (166733, 166733, 1);
INSERT INTO `lk9v6_alumni_data` (`alumni_id`, `graduation_year`, `fid`, `job`, `address`, `city`, `country`, `phone`, `gid`, `mobile`, `nationalnumber`, `department`, `division`, `with_honor`) VALUES (166733, 2015, '1', '', '', '', '', '9530160', '4', '01116129623', '', 'الكيمياء', 'العلوم البيولوجية', '');
INSERT INTO `lk9v6_users` (`name`, `email`, `usertype`) VALUES ('مايسه عادل احمد عبد العال السيد', 'maysa13s04943@alexu.edu.eg', 'الخريجين');
INSERT INTO `lk9v6_alumni_main` (`id`, `user_id`, `approved`) VALUES (166734, 166734, 1);
INSERT INTO `lk9v6_alumni_data` (`alumni_id`, `graduation_year`, `fid`, `job`, `address`, `city`, `country`, `phone`, `gid`, `mobile`, `nationalnumber`, `department`, `division`, `with_honor`) VALUES (166734, 2015, '1', '', '', '', '', '035233478', '4', '0195911651', '', 'الكيمياء', 'العلوم البيولوجية', '');
INSERT INTO `lk9v6_users` (`name`, `email`, `usertype`) VALUES ('هديل علاء عبدالوهاب ياقوت محمد', 'hadeel13s05614@alexu.edu.eg', 'الخريجين');
INSERT INTO `lk9v6_alumni_main` (`id`, `user_id`, `approved`) VALUES (166735, 166735, 1);
INSERT INTO `lk9v6_alumni_data` (`alumni_id`, `graduation_year`, `fid`, `job`, `address`, `city`, `country`, `phone`, `gid`, `mobile`, `nationalnumber`, `department`, `division`, `with_honor`) VALUES (166735, 2015, '1', '', '', '', '', '035322371', '4', '01066882859', '', 'الكيمياء', 'العلوم البيولوجية', '');
INSERT INTO `lk9v6_users` (`name`, `email`, `usertype`) VALUES ('سمر سعد عبدالعظيم عبدالصادق', 'samar13s05787@alexu.edu.eg', 'الخريجين');
INSERT INTO `lk9v6_alumni_main` (`id`, `user_id`, `approved`) VALUES (166736, 166736, 1);
INSERT INTO `lk9v6_alumni_data` (`alumni_id`, `graduation_year`, `fid`, `job`, `address`, `city`, `country`, `phone`, `gid`, `mobile`, `nationalnumber`, `department`, `division`, `with_honor`) VALUES (166736, 2015, '1', '', '', '', '', '0452707374', '4', '01069668087', '', 'الكيمياء', 'العلوم البيولوجية', '');
INSERT INTO `lk9v6_users` (`name`, `email`, `usertype`) VALUES ('فيرونيكا عادل منصور هرمينا', 'feronika13s05840@alexu.edu.eg', 'الخريجين');
INSERT INTO `lk9v6_alumni_main` (`id`, `user_id`, `approved`) VALUES (166737, 166737, 1);
INSERT INTO `lk9v6_alumni_data` (`alumni_id`, `graduation_year`, `fid`, `job`, `address`, `city`, `country`, `phone`, `gid`, `mobile`, `nationalnumber`, `department`, `division`, `with_honor`) VALUES (166737, 2015, '1', '', '', '', '', '035740077', '4', '01227926320', '', 'الكيمياء', 'العلوم البيولوجية', '');
INSERT INTO `lk9v6_users` (`name`, `email`, `usertype`) VALUES ('ولاء اشرف فهمى قنديل حموده', 'walaa13s05662@alexu.edu.eg', 'الخريجين');
INSERT INTO `lk9v6_alumni_main` (`id`, `user_id`, `approved`) VALUES (166738, 166738, 1);
INSERT INTO `lk9v6_alumni_data` (`alumni_id`, `graduation_year`, `fid`, `job`, `address`, `city`, `country`, `phone`, `gid`, `mobile`, `nationalnumber`, `department`, `division`, `with_honor`) VALUES (166738, 2015, '1', '', '', '', '', '034201236', '4', '01223810979', '', 'الكيمياء', 'العلوم البيولوجية', '');
INSERT INTO `lk9v6_users` (`name`, `email`, `usertype`) VALUES ('شيماء محمد كامل مشالى', 'shaimaa13s06814@alexu.edu.eg', 'الخريجين');
INSERT INTO `lk9v6_alumni_main` (`id`, `user_id`, `approved`) VALUES (166739, 166739, 1);
INSERT INTO `lk9v6_alumni_data` (`alumni_id`, `graduation_year`, `fid`, `job`, `address`, `city`, `country`, `phone`, `gid`, `mobile`, `nationalnumber`, `department`, `division`, `with_honor`) VALUES (166739, 2015, '1', '', '', '', '', '5475373', '4', '01148663314', '', 'الميكروبيولوجى', 'العلوم البيولوجية', '');
INSERT INTO `lk9v6_users` (`name`, `email`, `usertype`) VALUES ('هايدى عبدالسيد عدلى عبدالسيد', 'haidy13s04860@alexu.edu.eg', 'الخريجين');
INSERT INTO `lk9v6_alumni_main` (`id`, `user_id`, `approved`) VALUES (166740, 166740, 1);
INSERT INTO `lk9v6_alumni_data` (`alumni_id`, `graduation_year`, `fid`, `job`, `address`, `city`, `country`, `phone`, `gid`, `mobile`, `nationalnumber`, `department`, `division`, `with_honor`) VALUES (166740, 2015, '1', '', '', '', '', '5226590', '4', '0181261936', '', 'الكيمياء', 'العلوم البيولوجية', '');
INSERT INTO `lk9v6_users` (`name`, `email`, `usertype`) VALUES ('اسماء احمد السيد مصطفى', 'asmaa13s05487@alexu.edu.eg', 'الخريجين');
INSERT INTO `lk9v6_alumni_main` (`id`, `user_id`, `approved`) VALUES (166741, 166741, 1);
INSERT INTO `lk9v6_alumni_data` (`alumni_id`, `graduation_year`, `fid`, `job`, `address`, `city`, `country`, `phone`, `gid`, `mobile`, `nationalnumber`, `department`, `division`, `with_honor`) VALUES (166741, 2015, '1', '', '', '', '', '032022162', '4', '01221828591', '', 'الكيمياء', 'العلوم البيولوجية', '');
INSERT INTO `lk9v6_users` (`name`, `email`, `usertype`) VALUES ('جهاد حامد حامد محمد بدر الدين', 'gihad13s04969@alexu.edu.eg', 'الخريجين');
INSERT INTO `lk9v6_alumni_main` (`id`, `user_id`, `approved`) VALUES (166742, 166742, 1);
INSERT INTO `lk9v6_alumni_data` (`alumni_id`, `graduation_year`, `fid`, `job`, `address`, `city`, `country`, `phone`, `gid`, `mobile`, `nationalnumber`, `department`, `division`, `with_honor`) VALUES (166742, 2015, '1', '', '', '', '', '0473480822', '4', '01011799012', '', 'الكيمياء', 'العلوم البيولوجية', '');
INSERT INTO `lk9v6_users` (`name`, `email`, `usertype`) VALUES ('جهاد مصطفى كمال الحناوى', 'gihad13s05094@alexu.edu.eg', 'الخريجين');
INSERT INTO `lk9v6_alumni_main` (`id`, `user_id`, `approved`) VALUES (166743, 166743, 1);
INSERT INTO `lk9v6_alumni_data` (`alumni_id`, `graduation_year`, `fid`, `job`, `address`, `city`, `country`, `phone`, `gid`, `mobile`, `nationalnumber`, `department`, `division`, `with_honor`) VALUES (166743, 2015, '1', '', '', '', '', '0452530063', '4', '01000039958', '', 'الكيمياء', 'العلوم البيولوجية', '');
INSERT INTO `lk9v6_users` (`name`, `email`, `usertype`) VALUES ('رانيا السيد عبد المنعم محمد النشار', 'rania13s05460@alexu.edu.eg', 'الخريجين');
INSERT INTO `lk9v6_alumni_main` (`id`, `user_id`, `approved`) VALUES (166744, 166744, 1);
INSERT INTO `lk9v6_alumni_data` (`alumni_id`, `graduation_year`, `fid`, `job`, `address`, `city`, `country`, `phone`, `gid`, `mobile`, `nationalnumber`, `department`, `division`, `with_honor`) VALUES (166744, 2015, '1', '', '', '', '', '0472556705', '4', '01114298048', '', 'الكيمياء', 'العلوم البيولوجية', '');
INSERT INTO `lk9v6_users` (`name`, `email`, `usertype`) VALUES ('كرستينا يوسف الراهب سليمان', 'keristina13s05413@alexu.edu.eg', 'الخريجين');
INSERT INTO `lk9v6_alumni_main` (`id`, `user_id`, `approved`) VALUES (166745, 166745, 1);
INSERT INTO `lk9v6_alumni_data` (`alumni_id`, `graduation_year`, `fid`, `job`, `address`, `city`, `country`, `phone`, `gid`, `mobile`, `nationalnumber`, `department`, `division`, `with_honor`) VALUES (166745, 2015, '1', '', '', '', '', '0452408450', '4', '01227954113', '', 'الكيمياء', 'العلوم البيولوجية', '');
INSERT INTO `lk9v6_users` (`name`, `email`, `usertype`) VALUES ('اميرة سعيد ابراهيم عبده حمد', 'amira13s05626@alexu.edu.eg', 'الخريجين');
INSERT INTO `lk9v6_alumni_main` (`id`, `user_id`, `approved`) VALUES (166746, 166746, 1);
INSERT INTO `lk9v6_alumni_data` (`alumni_id`, `graduation_year`, `fid`, `job`, `address`, `city`, `country`, `phone`, `gid`, `mobile`, `nationalnumber`, `department`, `division`, `with_honor`) VALUES (166746, 2015, '1', '', '', '', '', '0472977337', '4', '01008988440', '', 'الكيمياء', 'العلوم البيولوجية', '');
INSERT INTO `lk9v6_users` (`name`, `email`, `usertype`) VALUES ('دعاء مصطفى عبدالعزيز الباسطى', 'doaa13s05559@alexu.edu.eg', 'الخريجين');
INSERT INTO `lk9v6_alumni_main` (`id`, `user_id`, `approved`) VALUES (166747, 166747, 1);
INSERT INTO `lk9v6_alumni_data` (`alumni_id`, `graduation_year`, `fid`, `job`, `address`, `city`, `country`, `phone`, `gid`, `mobile`, `nationalnumber`, `department`, `division`, `with_honor`) VALUES (166747, 2015, '1', '', '', '', '', '01110369173', '4', '01146010135', '', 'الكيمياء', 'العلوم البيولوجية', '');
INSERT INTO `lk9v6_users` (`name`, `email`, `usertype`) VALUES ('سمر مسعود محمد على', 'samar13s05548@alexu.edu.eg', 'الخريجين');
INSERT INTO `lk9v6_alumni_main` (`id`, `user_id`, `approved`) VALUES (166748, 166748, 1);
INSERT INTO `lk9v6_alumni_data` (`alumni_id`, `graduation_year`, `fid`, `job`, `address`, `city`, `country`, `phone`, `gid`, `mobile`, `nationalnumber`, `department`, `division`, `with_honor`) VALUES (166748, 2015, '1', '', '', '', '', '0190130133', '4', '0190130133', '', 'الكيمياء', 'العلوم البيولوجية', '');
INSERT INTO `lk9v6_users` (`name`, `email`, `usertype`) VALUES ('ايه ابراهيم عبد العزيز موسى', 'aya13s04940@alexu.edu.eg', 'الخريجين');
INSERT INTO `lk9v6_alumni_main` (`id`, `user_id`, `approved`) VALUES (166749, 166749, 1);
INSERT INTO `lk9v6_alumni_data` (`alumni_id`, `graduation_year`, `fid`, `job`, `address`, `city`, `country`, `phone`, `gid`, `mobile`, `nationalnumber`, `department`, `division`, `with_honor`) VALUES (166749, 2015, '1', '', '', '', '', '034570098', '4', '01274290121', '', 'الكيمياء', 'العلوم البيولوجية', '');
INSERT INTO `lk9v6_users` (`name`, `email`, `usertype`) VALUES ('سها شحاته محمد زين العابدين', 'soha13s05424@alexu.edu.eg', 'الخريجين');
INSERT INTO `lk9v6_alumni_main` (`id`, `user_id`, `approved`) VALUES (166750, 166750, 1);
INSERT INTO `lk9v6_alumni_data` (`alumni_id`, `graduation_year`, `fid`, `job`, `address`, `city`, `country`, `phone`, `gid`, `mobile`, `nationalnumber`, `department`, `division`, `with_honor`) VALUES (166750, 2015, '1', '', '', '', '', '0452707348', '4', '01090043448', '', 'الكيمياء', 'العلوم البيولوجية', '');
INSERT INTO `lk9v6_users` (`name`, `email`, `usertype`) VALUES ('نورهان علاء عبد الهادى الجزار', 'nourhan13s05738@alexu.edu.eg', 'الخريجين');
INSERT INTO `lk9v6_alumni_main` (`id`, `user_id`, `approved`) VALUES (166751, 166751, 1);
INSERT INTO `lk9v6_alumni_data` (`alumni_id`, `graduation_year`, `fid`, `job`, `address`, `city`, `country`, `phone`, `gid`, `mobile`, `nationalnumber`, `department`, `division`, `with_honor`) VALUES (166751, 2015, '1', '', '', '', '', '033083911', '4', '01202069912', '', 'الكيمياء', 'العلوم البيولوجية', '');
INSERT INTO `lk9v6_users` (`name`, `email`, `usertype`) VALUES ('هديل عادل احمد قش', 'hadeel13s05472@alexu.edu.eg', 'الخريجين');
INSERT INTO `lk9v6_alumni_main` (`id`, `user_id`, `approved`) VALUES (166752, 166752, 1);
INSERT INTO `lk9v6_alumni_data` (`alumni_id`, `graduation_year`, `fid`, `job`, `address`, `city`, `country`, `phone`, `gid`, `mobile`, `nationalnumber`, `department`, `division`, `with_honor`) VALUES (166752, 2015, '1', '', '', '', '', '034265224', '4', '01123028724', '', 'الكيمياء', 'العلوم البيولوجية', '');
INSERT INTO `lk9v6_users` (`name`, `email`, `usertype`) VALUES ('اسراء عمر على عطيه خليل', 'esraa13s05165@alexu.edu.eg', 'الخريجين');
INSERT INTO `lk9v6_alumni_main` (`id`, `user_id`, `approved`) VALUES (166753, 166753, 1);
INSERT INTO `lk9v6_alumni_data` (`alumni_id`, `graduation_year`, `fid`, `job`, `address`, `city`, `country`, `phone`, `gid`, `mobile`, `nationalnumber`, `department`, `division`, `with_honor`) VALUES (166753, 2015, '1', '', '', '', '', '0452922642', '4', '01111219216', '', 'الكيمياء', 'العلوم البيولوجية', '');
INSERT INTO `lk9v6_users` (`name`, `email`, `usertype`) VALUES ('امنيه احمد محمود على الروبى', 'omnia13s04903@alexu.edu.eg', 'الخريجين');
INSERT INTO `lk9v6_alumni_main` (`id`, `user_id`, `approved`) VALUES (166754, 166754, 1);
INSERT INTO `lk9v6_alumni_data` (`alumni_id`, `graduation_year`, `fid`, `job`, `address`, `city`, `country`, `phone`, `gid`, `mobile`, `nationalnumber`, `department`, `division`, `with_honor`) VALUES (166754, 2015, '1', '', '', '', '', '3904396', '4', '0196595911', '', 'الكيمياء', 'العلوم البيولوجية', '');
INSERT INTO `lk9v6_users` (`name`, `email`, `usertype`) VALUES ('نورهان محمد جابر هلال', 'nourhan13s05086@alexu.edu.eg', 'الخريجين');
INSERT INTO `lk9v6_alumni_main` (`id`, `user_id`, `approved`) VALUES (166755, 166755, 1);
INSERT INTO `lk9v6_alumni_data` (`alumni_id`, `graduation_year`, `fid`, `job`, `address`, `city`, `country`, `phone`, `gid`, `mobile`, `nationalnumber`, `department`, `division`, `with_honor`) VALUES (166755, 2015, '1', '', '', '', '', '5558276', '4', '01283822817', '', 'الكيمياء', 'العلوم البيولوجية', '');
INSERT INTO `lk9v6_users` (`name`, `email`, `usertype`) VALUES ('امانى على عبدالغنى على الزعفرانى', 'amany13s05033@alexu.edu.eg', 'الخريجين');
INSERT INTO `lk9v6_alumni_main` (`id`, `user_id`, `approved`) VALUES (166756, 166756, 1);
INSERT INTO `lk9v6_alumni_data` (`alumni_id`, `graduation_year`, `fid`, `job`, `address`, `city`, `country`, `phone`, `gid`, `mobile`, `nationalnumber`, `department`, `division`, `with_honor`) VALUES (166756, 2015, '1', '', '', '', '', '0472902888', '4', '01064517840', '', 'الكيمياء', 'العلوم البيولوجية', '');
INSERT INTO `lk9v6_users` (`name`, `email`, `usertype`) VALUES ('امانى مصطفى عيد ابراهيم عميره', 'amany13s05759@alexu.edu.eg', 'الخريجين');
INSERT INTO `lk9v6_alumni_main` (`id`, `user_id`, `approved`) VALUES (166757, 166757, 1);
INSERT INTO `lk9v6_alumni_data` (`alumni_id`, `graduation_year`, `fid`, `job`, `address`, `city`, `country`, `phone`, `gid`, `mobile`, `nationalnumber`, `department`, `division`, `with_honor`) VALUES (166757, 2015, '1', '', '', '', '', '0175525382', '4', '0199094359', '', 'الكيمياء', 'العلوم البيولوجية', '');
INSERT INTO `lk9v6_users` (`name`, `email`, `usertype`) VALUES ('سلمى محمد السيد احمد', 'salma13s04868@alexu.edu.eg', 'الخريجين');
INSERT INTO `lk9v6_alumni_main` (`id`, `user_id`, `approved`) VALUES (166758, 166758, 1);
INSERT INTO `lk9v6_alumni_data` (`alumni_id`, `graduation_year`, `fid`, `job`, `address`, `city`, `country`, `phone`, `gid`, `mobile`, `nationalnumber`, `department`, `division`, `with_honor`) VALUES (166758, 2015, '1', '', '', '', '', '4281683', '4', '01066250524', '', 'الكيمياء', 'العلوم البيولوجية', '');
INSERT INTO `lk9v6_users` (`name`, `email`, `usertype`) VALUES ('ندى احمد عبد الفتاح عصام الدين', 'nada13s05814@alexu.edu.eg', 'الخريجين');
INSERT INTO `lk9v6_alumni_main` (`id`, `user_id`, `approved`) VALUES (166759, 166759, 1);
INSERT INTO `lk9v6_alumni_data` (`alumni_id`, `graduation_year`, `fid`, `job`, `address`, `city`, `country`, `phone`, `gid`, `mobile`, `nationalnumber`, `department`, `division`, `with_honor`) VALUES (166759, 2015, '1', '', '', '', '', '035488016', '4', '01203670925', '', 'الكيمياء', 'العلوم البيولوجية', '');
INSERT INTO `lk9v6_users` (`name`, `email`, `usertype`) VALUES ('مونيكا وجيه صبحى عازر فام', 'monika13s05378@alexu.edu.eg', 'الخريجين');
INSERT INTO `lk9v6_alumni_main` (`id`, `user_id`, `approved`) VALUES (166760, 166760, 1);
INSERT INTO `lk9v6_alumni_data` (`alumni_id`, `graduation_year`, `fid`, `job`, `address`, `city`, `country`, `phone`, `gid`, `mobile`, `nationalnumber`, `department`, `division`, `with_honor`) VALUES (166760, 2015, '1', '', '', '', '', '5346390', '4', '01225517490', '', 'الكيمياء', 'العلوم البيولوجية', '');
INSERT INTO `lk9v6_users` (`name`, `email`, `usertype`) VALUES ('اسماء محمد السيد احمد ابراهيم', 'asmaa13s05109@alexu.edu.eg', 'الخريجين');
INSERT INTO `lk9v6_alumni_main` (`id`, `user_id`, `approved`) VALUES (166761, 166761, 1);
INSERT INTO `lk9v6_alumni_data` (`alumni_id`, `graduation_year`, `fid`, `job`, `address`, `city`, `country`, `phone`, `gid`, `mobile`, `nationalnumber`, `department`, `division`, `with_honor`) VALUES (166761, 2015, '1', '', '', '', '', '03445155', '4', '01066135327', '', 'الكيمياء', 'العلوم البيولوجية', '');
INSERT INTO `lk9v6_users` (`name`, `email`, `usertype`) VALUES ('امنيه سعيد مرسى حسان', 'omnia13s04944@alexu.edu.eg', 'الخريجين');
INSERT INTO `lk9v6_alumni_main` (`id`, `user_id`, `approved`) VALUES (166762, 166762, 1);
INSERT INTO `lk9v6_alumni_data` (`alumni_id`, `graduation_year`, `fid`, `job`, `address`, `city`, `country`, `phone`, `gid`, `mobile`, `nationalnumber`, `department`, `division`, `with_honor`) VALUES (166762, 2015, '1', '', '', '', '', '5007397', '4', '01287834074', '', 'الكيمياء', 'العلوم البيولوجية', '');
INSERT INTO `lk9v6_users` (`name`, `email`, `usertype`) VALUES ('ايه جمال حسن احمد السواح', 'aya13s05599@alexu.edu.eg', 'الخريجين');
INSERT INTO `lk9v6_alumni_main` (`id`, `user_id`, `approved`) VALUES (166763, 166763, 1);
INSERT INTO `lk9v6_alumni_data` (`alumni_id`, `graduation_year`, `fid`, `job`, `address`, `city`, `country`, `phone`, `gid`, `mobile`, `nationalnumber`, `department`, `division`, `with_honor`) VALUES (166763, 2015, '1', '', '', '', '', '4443758', '4', '01227554976', '', 'الكيمياء', 'العلوم البيولوجية', '');
INSERT INTO `lk9v6_users` (`name`, `email`, `usertype`) VALUES ('بانسيه بدوى عباس بدوى سراج', 'banse13s05643@alexu.edu.eg', 'الخريجين');
INSERT INTO `lk9v6_alumni_main` (`id`, `user_id`, `approved`) VALUES (166764, 166764, 1);
INSERT INTO `lk9v6_alumni_data` (`alumni_id`, `graduation_year`, `fid`, `job`, `address`, `city`, `country`, `phone`, `gid`, `mobile`, `nationalnumber`, `department`, `division`, `with_honor`) VALUES (166764, 2015, '1', '', '', '', '', '9605547', '4', '01002376920', '', 'الكيمياء', 'العلوم البيولوجية', '');
INSERT INTO `lk9v6_users` (`name`, `email`, `usertype`) VALUES ('جيرمين عاطف محمد مرسى ابراهيم', 'germin13s05299@alexu.edu.eg', 'الخريجين');
INSERT INTO `lk9v6_alumni_main` (`id`, `user_id`, `approved`) VALUES (166765, 166765, 1);
INSERT INTO `lk9v6_alumni_data` (`alumni_id`, `graduation_year`, `fid`, `job`, `address`, `city`, `country`, `phone`, `gid`, `mobile`, `nationalnumber`, `department`, `division`, `with_honor`) VALUES (166765, 2015, '1', '', '', '', '', '4359905', '4', '0185360221', '', 'الكيمياء', 'العلوم البيولوجية', '');
INSERT INTO `lk9v6_users` (`name`, `email`, `usertype`) VALUES ('ريهام عصام عبدالسلام محمد الصباغ', 'reham13s05303@alexu.edu.eg', 'الخريجين');
INSERT INTO `lk9v6_alumni_main` (`id`, `user_id`, `approved`) VALUES (166766, 166766, 1);
INSERT INTO `lk9v6_alumni_data` (`alumni_id`, `graduation_year`, `fid`, `job`, `address`, `city`, `country`, `phone`, `gid`, `mobile`, `nationalnumber`, `department`, `division`, `with_honor`) VALUES (166766, 2015, '1', '', '', '', '', '9543724', '4', '01270061619', '', 'الكيمياء', 'العلوم البيولوجية', '');
INSERT INTO `lk9v6_users` (`name`, `email`, `usertype`) VALUES ('محمد اسماعيل عبدربه عبدربه', 'mohamed13s05531@alexu.edu.eg', 'الخريجين');
INSERT INTO `lk9v6_alumni_main` (`id`, `user_id`, `approved`) VALUES (166767, 166767, 1);
INSERT INTO `lk9v6_alumni_data` (`alumni_id`, `graduation_year`, `fid`, `job`, `address`, `city`, `country`, `phone`, `gid`, `mobile`, `nationalnumber`, `department`, `division`, `with_honor`) VALUES (166767, 2015, '1', '', '', '', '', '0473865528', '4', '01025202716', '', 'الكيمياء', 'العلوم البيولوجية', '');
INSERT INTO `lk9v6_users` (`name`, `email`, `usertype`) VALUES ('نورهان خالد احمد محمد عبدالقادر', 'nourhan13s05247@alexu.edu.eg', 'الخريجين');
INSERT INTO `lk9v6_alumni_main` (`id`, `user_id`, `approved`) VALUES (166768, 166768, 1);
INSERT INTO `lk9v6_alumni_data` (`alumni_id`, `graduation_year`, `fid`, `job`, `address`, `city`, `country`, `phone`, `gid`, `mobile`, `nationalnumber`, `department`, `division`, `with_honor`) VALUES (166768, 2015, '1', '', '', '', '', '035906717', '4', '01006210504', '', 'الكيمياء', 'العلوم البيولوجية', '');
INSERT INTO `lk9v6_users` (`name`, `email`, `usertype`) VALUES ('خديجة ناصر محمد احمد ابراهيم', 'khadiga13s05268@alexu.edu.eg', 'الخريجين');
INSERT INTO `lk9v6_alumni_main` (`id`, `user_id`, `approved`) VALUES (166769, 166769, 1);
INSERT INTO `lk9v6_alumni_data` (`alumni_id`, `graduation_year`, `fid`, `job`, `address`, `city`, `country`, `phone`, `gid`, `mobile`, `nationalnumber`, `department`, `division`, `with_honor`) VALUES (166769, 2015, '1', '', '', '', '', '0452562068', '4', '01116226240', '', 'الكيمياء', 'العلوم البيولوجية', '');
INSERT INTO `lk9v6_users` (`name`, `email`, `usertype`) VALUES ('ريهام محمد كمال الدين امين الطيب', 'reham13s05725@alexu.edu.eg', 'الخريجين');
INSERT INTO `lk9v6_alumni_main` (`id`, `user_id`, `approved`) VALUES (166770, 166770, 1);
INSERT INTO `lk9v6_alumni_data` (`alumni_id`, `graduation_year`, `fid`, `job`, `address`, `city`, `country`, `phone`, `gid`, `mobile`, `nationalnumber`, `department`, `division`, `with_honor`) VALUES (166770, 2015, '1', '', '', '', '', '4437082', '4', '01287101949', '', 'الكيمياء', 'العلوم البيولوجية', '');
INSERT INTO `lk9v6_users` (`name`, `email`, `usertype`) VALUES ('سالى فرج محمد فرج مسعود', 'saly13s05446@alexu.edu.eg', 'الخريجين');
INSERT INTO `lk9v6_alumni_main` (`id`, `user_id`, `approved`) VALUES (166771, 166771, 1);
INSERT INTO `lk9v6_alumni_data` (`alumni_id`, `graduation_year`, `fid`, `job`, `address`, `city`, `country`, `phone`, `gid`, `mobile`, `nationalnumber`, `department`, `division`, `with_honor`) VALUES (166771, 2015, '1', '', '', '', '', '5222818', '4', '01281106322', '', 'الكيمياء', 'العلوم البيولوجية', '');
INSERT INTO `lk9v6_users` (`name`, `email`, `usertype`) VALUES ('سلمى يسرى محمد  عبدالفتاح الشنبارى', 'salma13s05242@alexu.edu.eg', 'الخريجين');
INSERT INTO `lk9v6_alumni_main` (`id`, `user_id`, `approved`) VALUES (166772, 166772, 1);
INSERT INTO `lk9v6_alumni_data` (`alumni_id`, `graduation_year`, `fid`, `job`, `address`, `city`, `country`, `phone`, `gid`, `mobile`, `nationalnumber`, `department`, `division`, `with_honor`) VALUES (166772, 2015, '1', '', '', '', '', '0452224585', '4', '01202669705', '', 'الكيمياء', 'العلوم البيولوجية', '');
INSERT INTO `lk9v6_users` (`name`, `email`, `usertype`) VALUES ('اميره عباس السيد احمد', 'amira13s05175@alexu.edu.eg', 'الخريجين');
INSERT INTO `lk9v6_alumni_main` (`id`, `user_id`, `approved`) VALUES (166773, 166773, 1);
INSERT INTO `lk9v6_alumni_data` (`alumni_id`, `graduation_year`, `fid`, `job`, `address`, `city`, `country`, `phone`, `gid`, `mobile`, `nationalnumber`, `department`, `division`, `with_honor`) VALUES (166773, 2015, '1', '', '', '', '', '034487647', '4', '01276952923', '', 'الكيمياء', 'العلوم البيولوجية', '');
INSERT INTO `lk9v6_users` (`name`, `email`, `usertype`) VALUES ('رضوى حسن شفيق حسن رسمى', 'radwa13s04992@alexu.edu.eg', 'الخريجين');
INSERT INTO `lk9v6_alumni_main` (`id`, `user_id`, `approved`) VALUES (166774, 166774, 1);
INSERT INTO `lk9v6_alumni_data` (`alumni_id`, `graduation_year`, `fid`, `job`, `address`, `city`, `country`, `phone`, `gid`, `mobile`, `nationalnumber`, `department`, `division`, `with_honor`) VALUES (166774, 2015, '1', '', '', '', '', '034248468', '4', '01065476067', '', 'الكيمياء', 'العلوم البيولوجية', '');
INSERT INTO `lk9v6_users` (`name`, `email`, `usertype`) VALUES ('مايكل ناجى زكرى سدراك شحاته', 'maikel13s05667@alexu.edu.eg', 'الخريجين');
INSERT INTO `lk9v6_alumni_main` (`id`, `user_id`, `approved`) VALUES (166775, 166775, 1);
INSERT INTO `lk9v6_alumni_data` (`alumni_id`, `graduation_year`, `fid`, `job`, `address`, `city`, `country`, `phone`, `gid`, `mobile`, `nationalnumber`, `department`, `division`, `with_honor`) VALUES (166775, 2015, '1', '', '', '', '', '0452272501', '4', '01201757831', '', 'الكيمياء', 'العلوم البيولوجية', '');
INSERT INTO `lk9v6_users` (`name`, `email`, `usertype`) VALUES ('ميرنا خالد محمد حسن عزب', 'mirna13s05345@alexu.edu.eg', 'الخريجين');
INSERT INTO `lk9v6_alumni_main` (`id`, `user_id`, `approved`) VALUES (166776, 166776, 1);
INSERT INTO `lk9v6_alumni_data` (`alumni_id`, `graduation_year`, `fid`, `job`, `address`, `city`, `country`, `phone`, `gid`, `mobile`, `nationalnumber`, `department`, `division`, `with_honor`) VALUES (166776, 2015, '1', '', '', '', '', '01097180540', '4', '01023976631', '', 'الكيمياء', 'العلوم البيولوجية', '');
INSERT INTO `lk9v6_users` (`name`, `email`, `usertype`) VALUES ('نورا سامى لبيب دوس', 'noura13s06364@alexu.edu.eg', 'الخريجين');
INSERT INTO `lk9v6_alumni_main` (`id`, `user_id`, `approved`) VALUES (166777, 166777, 1);
INSERT INTO `lk9v6_alumni_data` (`alumni_id`, `graduation_year`, `fid`, `job`, `address`, `city`, `country`, `phone`, `gid`, `mobile`, `nationalnumber`, `department`, `division`, `with_honor`) VALUES (166777, 2015, '1', '', '', '', '', '035612176', '4', '01288597795', '', 'الكيمياء', 'العلوم البيولوجية', '');
INSERT INTO `lk9v6_users` (`name`, `email`, `usertype`) VALUES ('عمرو محمد احمد ابراهيم على', 'amr13s04861@alexu.edu.eg', 'الخريجين');
INSERT INTO `lk9v6_alumni_main` (`id`, `user_id`, `approved`) VALUES (166778, 166778, 1);
INSERT INTO `lk9v6_alumni_data` (`alumni_id`, `graduation_year`, `fid`, `job`, `address`, `city`, `country`, `phone`, `gid`, `mobile`, `nationalnumber`, `department`, `division`, `with_honor`) VALUES (166778, 2015, '1', '', '', '', '', '5575778', '4', '01003359781', '', 'الكيمياء', 'العلوم البيولوجية', '');
INSERT INTO `lk9v6_users` (`name`, `email`, `usertype`) VALUES ('مونيكا نصر نجيب جورجى', 'monika13s04863@alexu.edu.eg', 'الخريجين');
INSERT INTO `lk9v6_alumni_main` (`id`, `user_id`, `approved`) VALUES (166779, 166779, 1);
INSERT INTO `lk9v6_alumni_data` (`alumni_id`, `graduation_year`, `fid`, `job`, `address`, `city`, `country`, `phone`, `gid`, `mobile`, `nationalnumber`, `department`, `division`, `with_honor`) VALUES (166779, 2015, '1', '', '', '', '', '5536407', '4', '01223741738', '', 'الكيمياء', 'العلوم البيولوجية', '');
INSERT INTO `lk9v6_users` (`name`, `email`, `usertype`) VALUES ('اسماء محمد صلاح ابراهيم مبروك مرسال', 'asmaa13s05995@alexu.edu.eg', 'الخريجين');
INSERT INTO `lk9v6_alumni_main` (`id`, `user_id`, `approved`) VALUES (166780, 166780, 1);
INSERT INTO `lk9v6_alumni_data` (`alumni_id`, `graduation_year`, `fid`, `job`, `address`, `city`, `country`, `phone`, `gid`, `mobile`, `nationalnumber`, `department`, `division`, `with_honor`) VALUES (166780, 2015, '1', '', '', '', '', '0453801115', '4', '01001593282', '', 'الكيمياء', 'العلوم البيولوجية', '');
INSERT INTO `lk9v6_users` (`name`, `email`, `usertype`) VALUES ('دعاء السيد محمود الصغير علام', 'doaa13s06123@alexu.edu.eg', 'الخريجين');
INSERT INTO `lk9v6_alumni_main` (`id`, `user_id`, `approved`) VALUES (166781, 166781, 1);
INSERT INTO `lk9v6_alumni_data` (`alumni_id`, `graduation_year`, `fid`, `job`, `address`, `city`, `country`, `phone`, `gid`, `mobile`, `nationalnumber`, `department`, `division`, `with_honor`) VALUES (166781, 2015, '1', '', '', '', '', '0452232569', '4', '01270095592', '', 'الكيمياء', 'العلوم البيولوجية', '');
INSERT INTO `lk9v6_users` (`name`, `email`, `usertype`) VALUES ('دعاء رفاعى عبدالله ابراهيم ندا', 'doaa13s05461@alexu.edu.eg', 'الخريجين');
INSERT INTO `lk9v6_alumni_main` (`id`, `user_id`, `approved`) VALUES (166782, 166782, 1);
INSERT INTO `lk9v6_alumni_data` (`alumni_id`, `graduation_year`, `fid`, `job`, `address`, `city`, `country`, `phone`, `gid`, `mobile`, `nationalnumber`, `department`, `division`, `with_honor`) VALUES (166782, 2015, '1', '', '', '', '', '0472902284', '4', '01027556538', '', 'الكيمياء', 'العلوم البيولوجية', '');
INSERT INTO `lk9v6_users` (`name`, `email`, `usertype`) VALUES ('هاجر محمد عبد العزيز قصان', 'hager13s06319@alexu.edu.eg', 'الخريجين');
INSERT INTO `lk9v6_alumni_main` (`id`, `user_id`, `approved`) VALUES (166783, 166783, 1);
INSERT INTO `lk9v6_alumni_data` (`alumni_id`, `graduation_year`, `fid`, `job`, `address`, `city`, `country`, `phone`, `gid`, `mobile`, `nationalnumber`, `department`, `division`, `with_honor`) VALUES (166783, 2015, '1', '', '', '', '', '035349291', '4', '0183022563', '', 'الكيمياء', 'العلوم البيولوجية', '');
INSERT INTO `lk9v6_users` (`name`, `email`, `usertype`) VALUES ('ولاء محمد عبدالستار ابو موافى', 'walaa13s05042@alexu.edu.eg', 'الخريجين');
INSERT INTO `lk9v6_alumni_main` (`id`, `user_id`, `approved`) VALUES (166784, 166784, 1);
INSERT INTO `lk9v6_alumni_data` (`alumni_id`, `graduation_year`, `fid`, `job`, `address`, `city`, `country`, `phone`, `gid`, `mobile`, `nationalnumber`, `department`, `division`, `with_honor`) VALUES (166784, 2015, '1', '', '', '', '', '033018852', '4', '01021567857', '', 'الكيمياء', 'العلوم البيولوجية', '');
INSERT INTO `lk9v6_users` (`name`, `email`, `usertype`) VALUES ('احمد بهجت نصر حشيش', 'ahmed13s05454@alexu.edu.eg', 'الخريجين');
INSERT INTO `lk9v6_alumni_main` (`id`, `user_id`, `approved`) VALUES (166785, 166785, 1);
INSERT INTO `lk9v6_alumni_data` (`alumni_id`, `graduation_year`, `fid`, `job`, `address`, `city`, `country`, `phone`, `gid`, `mobile`, `nationalnumber`, `department`, `division`, `with_honor`) VALUES (166785, 2015, '1', '', '', '', '', '0453311910', '4', '01067736011', '', 'الكيمياء', 'العلوم البيولوجية', '');
INSERT INTO `lk9v6_users` (`name`, `email`, `usertype`) VALUES ('عزه محمد جابر اسماعيل جمعه', 'azza13s05065@alexu.edu.eg', 'الخريجين');
INSERT INTO `lk9v6_alumni_main` (`id`, `user_id`, `approved`) VALUES (166786, 166786, 1);
INSERT INTO `lk9v6_alumni_data` (`alumni_id`, `graduation_year`, `fid`, `job`, `address`, `city`, `country`, `phone`, `gid`, `mobile`, `nationalnumber`, `department`, `division`, `with_honor`) VALUES (166786, 2015, '1', '', '', '', '', '033323087', '4', '01064612894', '', 'الكيمياء', 'العلوم البيولوجية', '');
INSERT INTO `lk9v6_users` (`name`, `email`, `usertype`) VALUES ('هدير رمضان هاشم رمضان', 'hadeer13s05083@alexu.edu.eg', 'الخريجين');
INSERT INTO `lk9v6_alumni_main` (`id`, `user_id`, `approved`) VALUES (166787, 166787, 1);
INSERT INTO `lk9v6_alumni_data` (`alumni_id`, `graduation_year`, `fid`, `job`, `address`, `city`, `country`, `phone`, `gid`, `mobile`, `nationalnumber`, `department`, `division`, `with_honor`) VALUES (166787, 2015, '1', '', '', '', '', '032205881', '4', '01206962049', '', 'الكيمياء', 'العلوم البيولوجية', '');
INSERT INTO `lk9v6_users` (`name`, `email`, `usertype`) VALUES ('تقى محمد محمد ابو ريان', 'toqa13s05654@alexu.edu.eg', 'الخريجين');
INSERT INTO `lk9v6_alumni_main` (`id`, `user_id`, `approved`) VALUES (166788, 166788, 1);
INSERT INTO `lk9v6_alumni_data` (`alumni_id`, `graduation_year`, `fid`, `job`, `address`, `city`, `country`, `phone`, `gid`, `mobile`, `nationalnumber`, `department`, `division`, `with_honor`) VALUES (166788, 2015, '1', '', '', '', '', '0452515204', '4', '01144171606', '', 'الكيمياء', 'العلوم البيولوجية', '');
INSERT INTO `lk9v6_users` (`name`, `email`, `usertype`) VALUES ('ندى عدلان محمد الشربينى', 'nada13s05635@alexu.edu.eg', 'الخريجين');
INSERT INTO `lk9v6_alumni_main` (`id`, `user_id`, `approved`) VALUES (166789, 166789, 1);
INSERT INTO `lk9v6_alumni_data` (`alumni_id`, `graduation_year`, `fid`, `job`, `address`, `city`, `country`, `phone`, `gid`, `mobile`, `nationalnumber`, `department`, `division`, `with_honor`) VALUES (166789, 2015, '1', '', '', '', '', '0452915933', '4', '0187630339', '', 'الكيمياء', 'العلوم البيولوجية', '');
INSERT INTO `lk9v6_users` (`name`, `email`, `usertype`) VALUES ('رنا عبد الحميد ابراهيم عبد الحميد ابراهيم', 'rana13s05220@alexu.edu.eg', 'الخريجين');
INSERT INTO `lk9v6_alumni_main` (`id`, `user_id`, `approved`) VALUES (166790, 166790, 1);
INSERT INTO `lk9v6_alumni_data` (`alumni_id`, `graduation_year`, `fid`, `job`, `address`, `city`, `country`, `phone`, `gid`, `mobile`, `nationalnumber`, `department`, `division`, `with_honor`) VALUES (166790, 2015, '1', '', '', '', '', '035362635', '4', '01284595229', '', 'الكيمياء', 'العلوم البيولوجية', '');
INSERT INTO `lk9v6_users` (`name`, `email`, `usertype`) VALUES ('منه الله ياسر محمد حرب عبد المعطى', 'menna13s05322@alexu.edu.eg', 'الخريجين');
INSERT INTO `lk9v6_alumni_main` (`id`, `user_id`, `approved`) VALUES (166791, 166791, 1);
INSERT INTO `lk9v6_alumni_data` (`alumni_id`, `graduation_year`, `fid`, `job`, `address`, `city`, `country`, `phone`, `gid`, `mobile`, `nationalnumber`, `department`, `division`, `with_honor`) VALUES (166791, 2015, '1', '', '', '', '', '5352344', '4', '01281210855', '', 'الكيمياء', 'العلوم البيولوجية', '');
INSERT INTO `lk9v6_users` (`name`, `email`, `usertype`) VALUES ('دينا مصطفى راضى محمد محمد', 'dina13s05244@alexu.edu.eg', 'الخريجين');
INSERT INTO `lk9v6_alumni_main` (`id`, `user_id`, `approved`) VALUES (166792, 166792, 1);
INSERT INTO `lk9v6_alumni_data` (`alumni_id`, `graduation_year`, `fid`, `job`, `address`, `city`, `country`, `phone`, `gid`, `mobile`, `nationalnumber`, `department`, `division`, `with_honor`) VALUES (166792, 2015, '1', '', '', '', '', '035933028', '4', '0184972273', '', 'الكيمياء', 'العلوم البيولوجية', '');
INSERT INTO `lk9v6_users` (`name`, `email`, `usertype`) VALUES ('الاء رجب محمد عبدالجواد عوض', 'alaa13s05416@alexu.edu.eg', 'الخريجين');
INSERT INTO `lk9v6_alumni_main` (`id`, `user_id`, `approved`) VALUES (166793, 166793, 1);
INSERT INTO `lk9v6_alumni_data` (`alumni_id`, `graduation_year`, `fid`, `job`, `address`, `city`, `country`, `phone`, `gid`, `mobile`, `nationalnumber`, `department`, `division`, `with_honor`) VALUES (166793, 2015, '1', '', '', '', '', '0452239955', '4', '01272681003', '', 'الكيمياء', 'العلوم البيولوجية', '');
INSERT INTO `lk9v6_users` (`name`, `email`, `usertype`) VALUES ('ايه جمال الدين ابراهيم ابراهيم', 'aya13s05376@alexu.edu.eg', 'الخريجين');
INSERT INTO `lk9v6_alumni_main` (`id`, `user_id`, `approved`) VALUES (166794, 166794, 1);
INSERT INTO `lk9v6_alumni_data` (`alumni_id`, `graduation_year`, `fid`, `job`, `address`, `city`, `country`, `phone`, `gid`, `mobile`, `nationalnumber`, `department`, `division`, `with_honor`) VALUES (166794, 2015, '1', '', '', '', '', '5040196', '4', '01278372024', '', 'الكيمياء', 'العلوم البيولوجية', '');
INSERT INTO `lk9v6_users` (`name`, `email`, `usertype`) VALUES ('دعاء سند احمد احمد وزه', 'doaa13s04949@alexu.edu.eg', 'الخريجين');
INSERT INTO `lk9v6_alumni_main` (`id`, `user_id`, `approved`) VALUES (166795, 166795, 1);
INSERT INTO `lk9v6_alumni_data` (`alumni_id`, `graduation_year`, `fid`, `job`, `address`, `city`, `country`, `phone`, `gid`, `mobile`, `nationalnumber`, `department`, `division`, `with_honor`) VALUES (166795, 2015, '1', '', '', '', '', '0452243937', '4', '0183235499', '', 'الكيمياء', 'العلوم البيولوجية', '');
INSERT INTO `lk9v6_users` (`name`, `email`, `usertype`) VALUES ('اسراء عبدالغفار عبدالحميد الفقى', 'esraa13s05616@alexu.edu.eg', 'الخريجين');
INSERT INTO `lk9v6_alumni_main` (`id`, `user_id`, `approved`) VALUES (166796, 166796, 1);
INSERT INTO `lk9v6_alumni_data` (`alumni_id`, `graduation_year`, `fid`, `job`, `address`, `city`, `country`, `phone`, `gid`, `mobile`, `nationalnumber`, `department`, `division`, `with_honor`) VALUES (166796, 2015, '1', '', '', '', '', '4349186', '4', '0189376072', '', 'الكيمياء', 'العلوم البيولوجية', '');
INSERT INTO `lk9v6_users` (`name`, `email`, `usertype`) VALUES ('امانى مصطفى حسن معتمد', 'amany13s04887@alexu.edu.eg', 'الخريجين');
INSERT INTO `lk9v6_alumni_main` (`id`, `user_id`, `approved`) VALUES (166797, 166797, 1);
INSERT INTO `lk9v6_alumni_data` (`alumni_id`, `graduation_year`, `fid`, `job`, `address`, `city`, `country`, `phone`, `gid`, `mobile`, `nationalnumber`, `department`, `division`, `with_honor`) VALUES (166797, 2015, '1', '', '', '', '', '034289902', '4', '01064152594', '', 'الكيمياء', 'العلوم البيولوجية', '');
INSERT INTO `lk9v6_users` (`name`, `email`, `usertype`) VALUES ('مى رافت مصطفى عجمى', 'mai13s06769@alexu.edu.eg', 'الخريجين');
INSERT INTO `lk9v6_alumni_main` (`id`, `user_id`, `approved`) VALUES (166798, 166798, 1);
INSERT INTO `lk9v6_alumni_data` (`alumni_id`, `graduation_year`, `fid`, `job`, `address`, `city`, `country`, `phone`, `gid`, `mobile`, `nationalnumber`, `department`, `division`, `with_honor`) VALUES (166798, 2015, '1', '', '', '', '', '3813874', '4', '01228917174', '', 'الكيمياء', 'العلوم البيولوجية', '');
INSERT INTO `lk9v6_users` (`name`, `email`, `usertype`) VALUES ('ولاء قناوى فرج نصر', 'walaa13s05572@alexu.edu.eg', 'الخريجين');
INSERT INTO `lk9v6_alumni_main` (`id`, `user_id`, `approved`) VALUES (166799, 166799, 1);
INSERT INTO `lk9v6_alumni_data` (`alumni_id`, `graduation_year`, `fid`, `job`, `address`, `city`, `country`, `phone`, `gid`, `mobile`, `nationalnumber`, `department`, `division`, `with_honor`) VALUES (166799, 2015, '1', '', '', '', '', '4452166', '4', '01271882952', '', 'الكيمياء', 'العلوم البيولوجية', '');
INSERT INTO `lk9v6_users` (`name`, `email`, `usertype`) VALUES ('محمد احمد محمد ابو العلا عبد العزيز', 'mohamed13s05731@alexu.edu.eg', 'الخريجين');
INSERT INTO `lk9v6_alumni_main` (`id`, `user_id`, `approved`) VALUES (166800, 166800, 1);
INSERT INTO `lk9v6_alumni_data` (`alumni_id`, `graduation_year`, `fid`, `job`, `address`, `city`, `country`, `phone`, `gid`, `mobile`, `nationalnumber`, `department`, `division`, `with_honor`) VALUES (166800, 2015, '1', '', '', '', '', '034489342', '4', '01001380611', '', 'الكيمياء', 'العلوم البيولوجية', '');
INSERT INTO `lk9v6_users` (`name`, `email`, `usertype`) VALUES ('مرفت محمد عبد الرحمن عبد الحليم', 'merfat13s05091@alexu.edu.eg', 'الخريجين');
INSERT INTO `lk9v6_alumni_main` (`id`, `user_id`, `approved`) VALUES (166801, 166801, 1);
INSERT INTO `lk9v6_alumni_data` (`alumni_id`, `graduation_year`, `fid`, `job`, `address`, `city`, `country`, `phone`, `gid`, `mobile`, `nationalnumber`, `department`, `division`, `with_honor`) VALUES (166801, 2015, '1', '', '', '', '', '4348372', '4', '01142304053', '', 'الكيمياء', 'العلوم البيولوجية', '');
INSERT INTO `lk9v6_users` (`name`, `email`, `usertype`) VALUES ('نيفين محمد زكريا عبدالقادر شرف', 'nevin13s04935@alexu.edu.eg', 'الخريجين');
INSERT INTO `lk9v6_alumni_main` (`id`, `user_id`, `approved`) VALUES (166802, 166802, 1);
INSERT INTO `lk9v6_alumni_data` (`alumni_id`, `graduation_year`, `fid`, `job`, `address`, `city`, `country`, `phone`, `gid`, `mobile`, `nationalnumber`, `department`, `division`, `with_honor`) VALUES (166802, 2015, '1', '', '', '', '', '0453542022', '4', '01008592691', '', 'الكيمياء', 'العلوم البيولوجية', '');
INSERT INTO `lk9v6_users` (`name`, `email`, `usertype`) VALUES ('رناعلى امين عسل', 'rana13s05784@alexu.edu.eg', 'الخريجين');
INSERT INTO `lk9v6_alumni_main` (`id`, `user_id`, `approved`) VALUES (166803, 166803, 1);
INSERT INTO `lk9v6_alumni_data` (`alumni_id`, `graduation_year`, `fid`, `job`, `address`, `city`, `country`, `phone`, `gid`, `mobile`, `nationalnumber`, `department`, `division`, `with_honor`) VALUES (166803, 2015, '1', '', '', '', '', '0453320313', '3', '01066313909', '', 'الكيمياء', 'العلوم البيولوجية', '');
INSERT INTO `lk9v6_users` (`name`, `email`, `usertype`) VALUES ('وسام عمر محمود سليمان', 'wesam13s05792@alexu.edu.eg', 'الخريجين');
INSERT INTO `lk9v6_alumni_main` (`id`, `user_id`, `approved`) VALUES (166804, 166804, 1);
INSERT INTO `lk9v6_alumni_data` (`alumni_id`, `graduation_year`, `fid`, `job`, `address`, `city`, `country`, `phone`, `gid`, `mobile`, `nationalnumber`, `department`, `division`, `with_honor`) VALUES (166804, 2015, '1', '', '', '', '', '033928212', '3', '01143365446', '', 'الكيمياء', 'العلوم البيولوجية', '');
INSERT INTO `lk9v6_users` (`name`, `email`, `usertype`) VALUES ('اسماء محمد عبدالله مصطفى حسين', 'asmaa13s05457@alexu.edu.eg', 'الخريجين');
INSERT INTO `lk9v6_alumni_main` (`id`, `user_id`, `approved`) VALUES (166805, 166805, 1);
INSERT INTO `lk9v6_alumni_data` (`alumni_id`, `graduation_year`, `fid`, `job`, `address`, `city`, `country`, `phone`, `gid`, `mobile`, `nationalnumber`, `department`, `division`, `with_honor`) VALUES (166805, 2015, '1', '', '', '', '', '5488606', '3', '01279174040', '', 'الكيمياء', 'العلوم البيولوجية', '');
INSERT INTO `lk9v6_users` (`name`, `email`, `usertype`) VALUES ('سمير فخرى عبدالعليم الدناصورى', 'samir13s05286@alexu.edu.eg', 'الخريجين');
INSERT INTO `lk9v6_alumni_main` (`id`, `user_id`, `approved`) VALUES (166806, 166806, 1);
INSERT INTO `lk9v6_alumni_data` (`alumni_id`, `graduation_year`, `fid`, `job`, `address`, `city`, `country`, `phone`, `gid`, `mobile`, `nationalnumber`, `department`, `division`, `with_honor`) VALUES (166806, 2015, '1', '', '', '', '', '0472711407', '3', '01005753294', '', 'الكيمياء', 'العلوم البيولوجية', '');
INSERT INTO `lk9v6_users` (`name`, `email`, `usertype`) VALUES ('هاله محمد عبدالحفيظ الطويل', 'hala13s04991@alexu.edu.eg', 'الخريجين');
INSERT INTO `lk9v6_alumni_main` (`id`, `user_id`, `approved`) VALUES (166807, 166807, 1);
INSERT INTO `lk9v6_alumni_data` (`alumni_id`, `graduation_year`, `fid`, `job`, `address`, `city`, `country`, `phone`, `gid`, `mobile`, `nationalnumber`, `department`, `division`, `with_honor`) VALUES (166807, 2015, '1', '', '', '', '', '0452840655', '3', '01115090421', '', 'الكيمياء', 'العلوم البيولوجية', '');
INSERT INTO `lk9v6_users` (`name`, `email`, `usertype`) VALUES ('ابراهيم محمد عبدالحى عبد الحميد ابوكيله', 'ibrahim13s05426@alexu.edu.eg', 'الخريجين');
INSERT INTO `lk9v6_alumni_main` (`id`, `user_id`, `approved`) VALUES (166808, 166808, 1);
INSERT INTO `lk9v6_alumni_data` (`alumni_id`, `graduation_year`, `fid`, `job`, `address`, `city`, `country`, `phone`, `gid`, `mobile`, `nationalnumber`, `department`, `division`, `with_honor`) VALUES (166808, 2015, '1', '', '', '', '', '4400010', '3', '01281562673', '', 'الكيمياء', 'العلوم البيولوجية', '');
INSERT INTO `lk9v6_users` (`name`, `email`, `usertype`) VALUES ('هناء سامى مصلحى يوسف', 'hanaa13s05348@alexu.edu.eg', 'الخريجين');
INSERT INTO `lk9v6_alumni_main` (`id`, `user_id`, `approved`) VALUES (166809, 166809, 1);
INSERT INTO `lk9v6_alumni_data` (`alumni_id`, `graduation_year`, `fid`, `job`, `address`, `city`, `country`, `phone`, `gid`, `mobile`, `nationalnumber`, `department`, `division`, `with_honor`) VALUES (166809, 2015, '1', '', '', '', '', '01201592972', '3', '01201592972', '', 'الكيمياء', 'العلوم البيولوجية', '');
INSERT INTO `lk9v6_users` (`name`, `email`, `usertype`) VALUES ('امنيه مدحت محمد عيد السيد', 'omnia13s05851@alexu.edu.eg', 'الخريجين');
INSERT INTO `lk9v6_alumni_main` (`id`, `user_id`, `approved`) VALUES (166810, 166810, 1);
INSERT INTO `lk9v6_alumni_data` (`alumni_id`, `graduation_year`, `fid`, `job`, `address`, `city`, `country`, `phone`, `gid`, `mobile`, `nationalnumber`, `department`, `division`, `with_honor`) VALUES (166810, 2015, '1', '', '', '', '', '3938191', '3', '01223280874', '', 'الكيمياء', 'العلوم البيولوجية', '');
INSERT INTO `lk9v6_users` (`name`, `email`, `usertype`) VALUES ('اسراء محمد السيد محمد مرسى', 'esraa13s05202@alexu.edu.eg', 'الخريجين');
INSERT INTO `lk9v6_alumni_main` (`id`, `user_id`, `approved`) VALUES (166811, 166811, 1);
INSERT INTO `lk9v6_alumni_data` (`alumni_id`, `graduation_year`, `fid`, `job`, `address`, `city`, `country`, `phone`, `gid`, `mobile`, `nationalnumber`, `department`, `division`, `with_honor`) VALUES (166811, 2015, '1', '', '', '', '', '0103709179', '3', '0196664268', '', 'الكيمياء', 'العلوم البيولوجية', '');
INSERT INTO `lk9v6_users` (`name`, `email`, `usertype`) VALUES ('نوره محمد ابراهيم قطب الماظ', 'nora13s05040@alexu.edu.eg', 'الخريجين');
INSERT INTO `lk9v6_alumni_main` (`id`, `user_id`, `approved`) VALUES (166812, 166812, 1);
INSERT INTO `lk9v6_alumni_data` (`alumni_id`, `graduation_year`, `fid`, `job`, `address`, `city`, `country`, `phone`, `gid`, `mobile`, `nationalnumber`, `department`, `division`, `with_honor`) VALUES (166812, 2015, '1', '', '', '', '', '0472765487', '3', '01157258693', '', 'الكيمياء', 'العلوم البيولوجية', '');
INSERT INTO `lk9v6_users` (`name`, `email`, `usertype`) VALUES ('زينب محمد نجيب طه محمد على', 'zeynep13s05853@alexu.edu.eg', 'الخريجين');
INSERT INTO `lk9v6_alumni_main` (`id`, `user_id`, `approved`) VALUES (166813, 166813, 1);
INSERT INTO `lk9v6_alumni_data` (`alumni_id`, `graduation_year`, `fid`, `job`, `address`, `city`, `country`, `phone`, `gid`, `mobile`, `nationalnumber`, `department`, `division`, `with_honor`) VALUES (166813, 2015, '1', '', '', '', '', '0453650164', '3', '01002987904', '', 'الكيمياء', 'العلوم البيولوجية', '');
INSERT INTO `lk9v6_users` (`name`, `email`, `usertype`) VALUES ('مارينا فاروق وهيب دهايبى', 'marina13s05458@alexu.edu.eg', 'الخريجين');
INSERT INTO `lk9v6_alumni_main` (`id`, `user_id`, `approved`) VALUES (166814, 166814, 1);
INSERT INTO `lk9v6_alumni_data` (`alumni_id`, `graduation_year`, `fid`, `job`, `address`, `city`, `country`, `phone`, `gid`, `mobile`, `nationalnumber`, `department`, `division`, `with_honor`) VALUES (166814, 2015, '1', '', '', '', '', '5279963', '3', '01226975467', '', 'الكيمياء', 'العلوم البيولوجية', '');
INSERT INTO `lk9v6_users` (`name`, `email`, `usertype`) VALUES ('ايه رفعت محمود حسانين عثمان', 'aya13s05523@alexu.edu.eg', 'الخريجين');
INSERT INTO `lk9v6_alumni_main` (`id`, `user_id`, `approved`) VALUES (166815, 166815, 1);
INSERT INTO `lk9v6_alumni_data` (`alumni_id`, `graduation_year`, `fid`, `job`, `address`, `city`, `country`, `phone`, `gid`, `mobile`, `nationalnumber`, `department`, `division`, `with_honor`) VALUES (166815, 2015, '1', '', '', '', '', '0472977136', '3', '01116095964', '', 'الكيمياء', 'العلوم البيولوجية', '');
INSERT INTO `lk9v6_users` (`name`, `email`, `usertype`) VALUES ('امنيه يسرى مسعود عبدالحميد', 'omnia13s05338@alexu.edu.eg', 'الخريجين');
INSERT INTO `lk9v6_alumni_main` (`id`, `user_id`, `approved`) VALUES (166816, 166816, 1);
INSERT INTO `lk9v6_alumni_data` (`alumni_id`, `graduation_year`, `fid`, `job`, `address`, `city`, `country`, `phone`, `gid`, `mobile`, `nationalnumber`, `department`, `division`, `with_honor`) VALUES (166816, 2015, '1', '', '', '', '', '035016487', '3', '01278698152', '', 'الكيمياء', 'العلوم البيولوجية', '');
INSERT INTO `lk9v6_users` (`name`, `email`, `usertype`) VALUES ('اسراء حمدان على حفنى على', 'esraa13s05825@alexu.edu.eg', 'الخريجين');
INSERT INTO `lk9v6_alumni_main` (`id`, `user_id`, `approved`) VALUES (166817, 166817, 1);
INSERT INTO `lk9v6_alumni_data` (`alumni_id`, `graduation_year`, `fid`, `job`, `address`, `city`, `country`, `phone`, `gid`, `mobile`, `nationalnumber`, `department`, `division`, `with_honor`) VALUES (166817, 2015, '1', '', '', '', '', '5015246', '3', '01207343636', '', 'الكيمياء', 'العلوم البيولوجية', '');
INSERT INTO `lk9v6_users` (`name`, `email`, `usertype`) VALUES ('ايه فتحى محمد على', 'aya13s06316@alexu.edu.eg', 'الخريجين');
INSERT INTO `lk9v6_alumni_main` (`id`, `user_id`, `approved`) VALUES (166818, 166818, 1);
INSERT INTO `lk9v6_alumni_data` (`alumni_id`, `graduation_year`, `fid`, `job`, `address`, `city`, `country`, `phone`, `gid`, `mobile`, `nationalnumber`, `department`, `division`, `with_honor`) VALUES (166818, 2015, '1', '', '', '', '', '033195104', '3', '01275114215', '', 'الكيمياء', 'العلوم البيولوجية', '');
INSERT INTO `lk9v6_users` (`name`, `email`, `usertype`) VALUES ('مريم نبيل عزيز توفيق', 'mariem13s05012@alexu.edu.eg', 'الخريجين');
INSERT INTO `lk9v6_alumni_main` (`id`, `user_id`, `approved`) VALUES (166819, 166819, 1);
INSERT INTO `lk9v6_alumni_data` (`alumni_id`, `graduation_year`, `fid`, `job`, `address`, `city`, `country`, `phone`, `gid`, `mobile`, `nationalnumber`, `department`, `division`, `with_honor`) VALUES (166819, 2015, '1', '', '', '', '', '01275318019', '3', '01275318019', '', 'الكيمياء', 'العلوم البيولوجية', '');
INSERT INTO `lk9v6_users` (`name`, `email`, `usertype`) VALUES ('ريهام محمد عبدالمحسن الديب', 'reham13s05034@alexu.edu.eg', 'الخريجين');
INSERT INTO `lk9v6_alumni_main` (`id`, `user_id`, `approved`) VALUES (166820, 166820, 1);
INSERT INTO `lk9v6_alumni_data` (`alumni_id`, `graduation_year`, `fid`, `job`, `address`, `city`, `country`, `phone`, `gid`, `mobile`, `nationalnumber`, `department`, `division`, `with_honor`) VALUES (166820, 2015, '1', '', '', '', '', '0452985344', '3', '0180251069', '', 'الكيمياء', 'العلوم البيولوجية', '');
INSERT INTO `lk9v6_users` (`name`, `email`, `usertype`) VALUES ('ايه جابر احمد محمود السيد', 'aya13s05648@alexu.edu.eg', 'الخريجين');
INSERT INTO `lk9v6_alumni_main` (`id`, `user_id`, `approved`) VALUES (166821, 166821, 1);
INSERT INTO `lk9v6_alumni_data` (`alumni_id`, `graduation_year`, `fid`, `job`, `address`, `city`, `country`, `phone`, `gid`, `mobile`, `nationalnumber`, `department`, `division`, `with_honor`) VALUES (166821, 2015, '1', '', '', '', '', '035371350', '3', '01286675224', '', 'الكيمياء', 'العلوم البيولوجية', '');
INSERT INTO `lk9v6_users` (`name`, `email`, `usertype`) VALUES ('دعاء احمد امين سرور سويلم', 'doaa13s05770@alexu.edu.eg', 'الخريجين');
INSERT INTO `lk9v6_alumni_main` (`id`, `user_id`, `approved`) VALUES (166822, 166822, 1);
INSERT INTO `lk9v6_alumni_data` (`alumni_id`, `graduation_year`, `fid`, `job`, `address`, `city`, `country`, `phone`, `gid`, `mobile`, `nationalnumber`, `department`, `division`, `with_honor`) VALUES (166822, 2015, '1', '', '', '', '', '02228703349', '3', '01289070292', '', 'الكيمياء', 'العلوم البيولوجية', '');
INSERT INTO `lk9v6_users` (`name`, `email`, `usertype`) VALUES ('اسراء محمد محمود على عقل', 'esraa13s05133@alexu.edu.eg', 'الخريجين');
INSERT INTO `lk9v6_alumni_main` (`id`, `user_id`, `approved`) VALUES (166823, 166823, 1);
INSERT INTO `lk9v6_alumni_data` (`alumni_id`, `graduation_year`, `fid`, `job`, `address`, `city`, `country`, `phone`, `gid`, `mobile`, `nationalnumber`, `department`, `division`, `with_honor`) VALUES (166823, 2015, '1', '', '', '', '', '035073125', '3', '01277886525', '', 'الكيمياء', 'العلوم البيولوجية', '');
INSERT INTO `lk9v6_users` (`name`, `email`, `usertype`) VALUES ('اسراء محمد السيد الطيب موسى', 'esraa13s05189@alexu.edu.eg', 'الخريجين');
INSERT INTO `lk9v6_alumni_main` (`id`, `user_id`, `approved`) VALUES (166824, 166824, 1);
INSERT INTO `lk9v6_alumni_data` (`alumni_id`, `graduation_year`, `fid`, `job`, `address`, `city`, `country`, `phone`, `gid`, `mobile`, `nationalnumber`, `department`, `division`, `with_honor`) VALUES (166824, 2015, '1', '', '', '', '', '4942776', '3', '01281107101', '', 'الكيمياء', 'العلوم البيولوجية', '');
INSERT INTO `lk9v6_users` (`name`, `email`, `usertype`) VALUES ('زينب حسن فؤاد حسن', 'zeynep13s05312@alexu.edu.eg', 'الخريجين');
INSERT INTO `lk9v6_alumni_main` (`id`, `user_id`, `approved`) VALUES (166825, 166825, 1);
INSERT INTO `lk9v6_alumni_data` (`alumni_id`, `graduation_year`, `fid`, `job`, `address`, `city`, `country`, `phone`, `gid`, `mobile`, `nationalnumber`, `department`, `division`, `with_honor`) VALUES (166825, 2015, '1', '', '', '', '', '01221657746', '3', '01145652765', '', 'الكيمياء', 'العلوم البيولوجية', '');
INSERT INTO `lk9v6_users` (`name`, `email`, `usertype`) VALUES ('ماريهام ناجى عدلى كامل', 'mariham13s05144@alexu.edu.eg', 'الخريجين');
INSERT INTO `lk9v6_alumni_main` (`id`, `user_id`, `approved`) VALUES (166826, 166826, 1);
INSERT INTO `lk9v6_alumni_data` (`alumni_id`, `graduation_year`, `fid`, `job`, `address`, `city`, `country`, `phone`, `gid`, `mobile`, `nationalnumber`, `department`, `division`, `with_honor`) VALUES (166826, 2015, '1', '', '', '', '', '034592018', '3', '01271261483', '', 'الكيمياء', 'العلوم البيولوجية', '');
INSERT INTO `lk9v6_users` (`name`, `email`, `usertype`) VALUES ('محمد جمال حسن على بدران', 'mohamed13s05831@alexu.edu.eg', 'الخريجين');
INSERT INTO `lk9v6_alumni_main` (`id`, `user_id`, `approved`) VALUES (166827, 166827, 1);
INSERT INTO `lk9v6_alumni_data` (`alumni_id`, `graduation_year`, `fid`, `job`, `address`, `city`, `country`, `phone`, `gid`, `mobile`, `nationalnumber`, `department`, `division`, `with_honor`) VALUES (166827, 2015, '1', '', '', '', '', '035028108', '3', '01211663152', '', 'الكيمياء', 'العلوم البيولوجية', '');
INSERT INTO `lk9v6_users` (`name`, `email`, `usertype`) VALUES ('ولاء ناصر توفيق محمد مطاوع', 'walaa13s05517@alexu.edu.eg', 'الخريجين');
INSERT INTO `lk9v6_alumni_main` (`id`, `user_id`, `approved`) VALUES (166828, 166828, 1);
INSERT INTO `lk9v6_alumni_data` (`alumni_id`, `graduation_year`, `fid`, `job`, `address`, `city`, `country`, `phone`, `gid`, `mobile`, `nationalnumber`, `department`, `division`, `with_honor`) VALUES (166828, 2015, '1', '', '', '', '', '033911263', '3', '01222545312', '', 'الكيمياء', 'العلوم البيولوجية', '');
INSERT INTO `lk9v6_users` (`name`, `email`, `usertype`) VALUES ('منار جمال محمد فريد زياده', 'manar13s05057@alexu.edu.eg', 'الخريجين');
INSERT INTO `lk9v6_alumni_main` (`id`, `user_id`, `approved`) VALUES (166829, 166829, 1);
INSERT INTO `lk9v6_alumni_data` (`alumni_id`, `graduation_year`, `fid`, `job`, `address`, `city`, `country`, `phone`, `gid`, `mobile`, `nationalnumber`, `department`, `division`, `with_honor`) VALUES (166829, 2015, '1', '', '', '', '', '034960695', '3', '01208525771', '', 'الكيمياء', 'العلوم البيولوجية', '');
INSERT INTO `lk9v6_users` (`name`, `email`, `usertype`) VALUES ('هدير سمير السيد عبد العظيم السعدنى', 'hadeer13s05399@alexu.edu.eg', 'الخريجين');
INSERT INTO `lk9v6_alumni_main` (`id`, `user_id`, `approved`) VALUES (166830, 166830, 1);
INSERT INTO `lk9v6_alumni_data` (`alumni_id`, `graduation_year`, `fid`, `job`, `address`, `city`, `country`, `phone`, `gid`, `mobile`, `nationalnumber`, `department`, `division`, `with_honor`) VALUES (166830, 2015, '1', '', '', '', '', '4277200', '3', '01278429798', '', 'الكيمياء', 'العلوم البيولوجية', '');
INSERT INTO `lk9v6_users` (`name`, `email`, `usertype`) VALUES ('مارينا هيبت هلال حنا', 'marina13s05822@alexu.edu.eg', 'الخريجين');
INSERT INTO `lk9v6_alumni_main` (`id`, `user_id`, `approved`) VALUES (166831, 166831, 1);
INSERT INTO `lk9v6_alumni_data` (`alumni_id`, `graduation_year`, `fid`, `job`, `address`, `city`, `country`, `phone`, `gid`, `mobile`, `nationalnumber`, `department`, `division`, `with_honor`) VALUES (166831, 2015, '1', '', '', '', '', '5404409', '3', '01289816431', '', 'الكيمياء', 'العلوم البيولوجية', '');
INSERT INTO `lk9v6_users` (`name`, `email`, `usertype`) VALUES ('نورهان السيد جابر احمد شحاته', 'nourhan13s05788@alexu.edu.eg', 'الخريجين');
INSERT INTO `lk9v6_alumni_main` (`id`, `user_id`, `approved`) VALUES (166832, 166832, 1);
INSERT INTO `lk9v6_alumni_data` (`alumni_id`, `graduation_year`, `fid`, `job`, `address`, `city`, `country`, `phone`, `gid`, `mobile`, `nationalnumber`, `department`, `division`, `with_honor`) VALUES (166832, 2015, '1', '', '', '', '', '034349417', '3', '0183832657', '', 'الكيمياء', 'العلوم البيولوجية', '');
INSERT INTO `lk9v6_users` (`name`, `email`, `usertype`) VALUES ('مريم موريس لطفى موسى تاوضروس', 'mariem13s05596@alexu.edu.eg', 'الخريجين');
INSERT INTO `lk9v6_alumni_main` (`id`, `user_id`, `approved`) VALUES (166833, 166833, 1);
INSERT INTO `lk9v6_alumni_data` (`alumni_id`, `graduation_year`, `fid`, `job`, `address`, `city`, `country`, `phone`, `gid`, `mobile`, `nationalnumber`, `department`, `division`, `with_honor`) VALUES (166833, 2015, '1', '', '', '', '', '034423618', '3', '01205990723', '', 'الكيمياء', 'العلوم البيولوجية', '');
INSERT INTO `lk9v6_users` (`name`, `email`, `usertype`) VALUES ('دينا على سيد احمد محمد احمد', 'dina13s05152@alexu.edu.eg', 'الخريجين');
INSERT INTO `lk9v6_alumni_main` (`id`, `user_id`, `approved`) VALUES (166834, 166834, 1);
INSERT INTO `lk9v6_alumni_data` (`alumni_id`, `graduation_year`, `fid`, `job`, `address`, `city`, `country`, `phone`, `gid`, `mobile`, `nationalnumber`, `department`, `division`, `with_honor`) VALUES (166834, 2015, '1', '', '', '', '', '4942645', '3', '01210726272', '', 'الكيمياء', 'العلوم البيولوجية', '');
INSERT INTO `lk9v6_users` (`name`, `email`, `usertype`) VALUES ('يارا سالم نور الدين منصور قشيشه', 'yara13s06151@alexu.edu.eg', 'الخريجين');
INSERT INTO `lk9v6_alumni_main` (`id`, `user_id`, `approved`) VALUES (166835, 166835, 1);
INSERT INTO `lk9v6_alumni_data` (`alumni_id`, `graduation_year`, `fid`, `job`, `address`, `city`, `country`, `phone`, `gid`, `mobile`, `nationalnumber`, `department`, `division`, `with_honor`) VALUES (166835, 2015, '1', '', '', '', '', '032035052', '3', '01091679126', '', 'الكيمياء', 'العلوم البيولوجية', '');
INSERT INTO `lk9v6_users` (`name`, `email`, `usertype`) VALUES ('اسماء محمد سعد عمر مكاوى', 'asmaa13s05072@alexu.edu.eg', 'الخريجين');
INSERT INTO `lk9v6_alumni_main` (`id`, `user_id`, `approved`) VALUES (166836, 166836, 1);
INSERT INTO `lk9v6_alumni_data` (`alumni_id`, `graduation_year`, `fid`, `job`, `address`, `city`, `country`, `phone`, `gid`, `mobile`, `nationalnumber`, `department`, `division`, `with_honor`) VALUES (166836, 2015, '1', '', '', '', '', '0452223412', '3', '0181333706', '', 'الكيمياء', 'العلوم البيولوجية', '');
INSERT INTO `lk9v6_users` (`name`, `email`, `usertype`) VALUES ('على محمود عبدالمجيد محمد الجندى', 'ali13s05121@alexu.edu.eg', 'الخريجين');
INSERT INTO `lk9v6_alumni_main` (`id`, `user_id`, `approved`) VALUES (166837, 166837, 1);
INSERT INTO `lk9v6_alumni_data` (`alumni_id`, `graduation_year`, `fid`, `job`, `address`, `city`, `country`, `phone`, `gid`, `mobile`, `nationalnumber`, `department`, `division`, `with_honor`) VALUES (166837, 2015, '1', '', '', '', '', '035062333', '3', '01126439104', '', 'الكيمياء', 'العلوم البيولوجية', '');
INSERT INTO `lk9v6_users` (`name`, `email`, `usertype`) VALUES ('علاء عبدالصادق محمد ابراهيم', 'alaa13s05231@alexu.edu.eg', 'الخريجين');
INSERT INTO `lk9v6_alumni_main` (`id`, `user_id`, `approved`) VALUES (166838, 166838, 1);
INSERT INTO `lk9v6_alumni_data` (`alumni_id`, `graduation_year`, `fid`, `job`, `address`, `city`, `country`, `phone`, `gid`, `mobile`, `nationalnumber`, `department`, `division`, `with_honor`) VALUES (166838, 2015, '1', '', '', '', '', '0473170123', '3', '01000468399', '', 'الكيمياء', 'العلوم البيولوجية', '');
INSERT INTO `lk9v6_users` (`name`, `email`, `usertype`) VALUES ('نادت هلال يوسف ابراهيم', 'nadat13s05217@alexu.edu.eg', 'الخريجين');
INSERT INTO `lk9v6_alumni_main` (`id`, `user_id`, `approved`) VALUES (166839, 166839, 1);
INSERT INTO `lk9v6_alumni_data` (`alumni_id`, `graduation_year`, `fid`, `job`, `address`, `city`, `country`, `phone`, `gid`, `mobile`, `nationalnumber`, `department`, `division`, `with_honor`) VALUES (166839, 2015, '1', '', '', '', '', '035409479', '3', '01008289018', '', 'الكيمياء', 'العلوم البيولوجية', '');
INSERT INTO `lk9v6_users` (`name`, `email`, `usertype`) VALUES ('خلود محسن محمد السباعى', 'khloud13s05059@alexu.edu.eg', 'الخريجين');
INSERT INTO `lk9v6_alumni_main` (`id`, `user_id`, `approved`) VALUES (166840, 166840, 1);
INSERT INTO `lk9v6_alumni_data` (`alumni_id`, `graduation_year`, `fid`, `job`, `address`, `city`, `country`, `phone`, `gid`, `mobile`, `nationalnumber`, `department`, `division`, `with_honor`) VALUES (166840, 2015, '1', '', '', '', '', '0453343981', '3', '01062643894', '', 'الكيمياء', 'العلوم البيولوجية', '');
INSERT INTO `lk9v6_users` (`name`, `email`, `usertype`) VALUES ('منى عبد الرحمن محمد محمد', 'mona13s05768@alexu.edu.eg', 'الخريجين');
INSERT INTO `lk9v6_alumni_main` (`id`, `user_id`, `approved`) VALUES (166841, 166841, 1);
INSERT INTO `lk9v6_alumni_data` (`alumni_id`, `graduation_year`, `fid`, `job`, `address`, `city`, `country`, `phone`, `gid`, `mobile`, `nationalnumber`, `department`, `division`, `with_honor`) VALUES (166841, 2015, '1', '', '', '', '', '5348945', '3', '01120841275', '', 'الكيمياء', 'العلوم البيولوجية', '');
INSERT INTO `lk9v6_users` (`name`, `email`, `usertype`) VALUES ('احمد سمير على احمد حسنين', 'ahmed13s05228@alexu.edu.eg', 'الخريجين');
INSERT INTO `lk9v6_alumni_main` (`id`, `user_id`, `approved`) VALUES (166842, 166842, 1);
INSERT INTO `lk9v6_alumni_data` (`alumni_id`, `graduation_year`, `fid`, `job`, `address`, `city`, `country`, `phone`, `gid`, `mobile`, `nationalnumber`, `department`, `division`, `with_honor`) VALUES (166842, 2015, '1', '', '', '', '', '035625272', '3', '01280727756', '', 'الكيمياء', 'العلوم البيولوجية', '');
INSERT INTO `lk9v6_users` (`name`, `email`, `usertype`) VALUES ('شيماء محمود عبدالقوى محمد رزق', 'shaimaa13s04920@alexu.edu.eg', 'الخريجين');
INSERT INTO `lk9v6_alumni_main` (`id`, `user_id`, `approved`) VALUES (166843, 166843, 1);
INSERT INTO `lk9v6_alumni_data` (`alumni_id`, `graduation_year`, `fid`, `job`, `address`, `city`, `country`, `phone`, `gid`, `mobile`, `nationalnumber`, `department`, `division`, `with_honor`) VALUES (166843, 2015, '1', '', '', '', '', '0452230938', '3', '01274849584', '', 'الكيمياء', 'العلوم البيولوجية', '');
INSERT INTO `lk9v6_users` (`name`, `email`, `usertype`) VALUES ('ماجى ماهر موسى فهمى معوض', 'magy13s04828@alexu.edu.eg', 'الخريجين');
INSERT INTO `lk9v6_alumni_main` (`id`, `user_id`, `approved`) VALUES (166844, 166844, 1);
INSERT INTO `lk9v6_alumni_data` (`alumni_id`, `graduation_year`, `fid`, `job`, `address`, `city`, `country`, `phone`, `gid`, `mobile`, `nationalnumber`, `department`, `division`, `with_honor`) VALUES (166844, 2015, '1', '', '', '', '', '5533225', '3', '01229188216', '', 'الكيمياء', 'العلوم البيولوجية', '');
INSERT INTO `lk9v6_users` (`name`, `email`, `usertype`) VALUES ('امنيه علاء محمد حسين عمر', 'omnia13s05062@alexu.edu.eg', 'الخريجين');
INSERT INTO `lk9v6_alumni_main` (`id`, `user_id`, `approved`) VALUES (166845, 166845, 1);
INSERT INTO `lk9v6_alumni_data` (`alumni_id`, `graduation_year`, `fid`, `job`, `address`, `city`, `country`, `phone`, `gid`, `mobile`, `nationalnumber`, `department`, `division`, `with_honor`) VALUES (166845, 2015, '1', '', '', '', '', '0453319729', '3', '01060923477', '', 'الكيمياء', 'العلوم البيولوجية', '');
INSERT INTO `lk9v6_users` (`name`, `email`, `usertype`) VALUES ('رانا رأفت انور صاروفيم', 'rana13s05830@alexu.edu.eg', 'الخريجين');
INSERT INTO `lk9v6_alumni_main` (`id`, `user_id`, `approved`) VALUES (166846, 166846, 1);
INSERT INTO `lk9v6_alumni_data` (`alumni_id`, `graduation_year`, `fid`, `job`, `address`, `city`, `country`, `phone`, `gid`, `mobile`, `nationalnumber`, `department`, `division`, `with_honor`) VALUES (166846, 2015, '1', '', '', '', '', '4485202', '3', '01274420660', '', 'الكيمياء', 'العلوم البيولوجية', '');
INSERT INTO `lk9v6_users` (`name`, `email`, `usertype`) VALUES ('كارولين عزت صبحى رمله', 'karolin13s04851@alexu.edu.eg', 'الخريجين');
INSERT INTO `lk9v6_alumni_main` (`id`, `user_id`, `approved`) VALUES (166847, 166847, 1);
INSERT INTO `lk9v6_alumni_data` (`alumni_id`, `graduation_year`, `fid`, `job`, `address`, `city`, `country`, `phone`, `gid`, `mobile`, `nationalnumber`, `department`, `division`, `with_honor`) VALUES (166847, 2015, '1', '', '', '', '', '035534725', '3', '0181182403', '', 'الكيمياء', 'العلوم البيولوجية', '');
INSERT INTO `lk9v6_users` (`name`, `email`, `usertype`) VALUES ('ايات وفقى عبدالحفيظ احمد', 'ayat13s05027@alexu.edu.eg', 'الخريجين');
INSERT INTO `lk9v6_alumni_main` (`id`, `user_id`, `approved`) VALUES (166848, 166848, 1);
INSERT INTO `lk9v6_alumni_data` (`alumni_id`, `graduation_year`, `fid`, `job`, `address`, `city`, `country`, `phone`, `gid`, `mobile`, `nationalnumber`, `department`, `division`, `with_honor`) VALUES (166848, 2015, '1', '', '', '', '', '035611374', '3', '01143927223', '', 'الكيمياء', 'العلوم البيولوجية', '');
INSERT INTO `lk9v6_users` (`name`, `email`, `usertype`) VALUES ('سمر خيرى اسماعيل السيد', 'samar13s05509@alexu.edu.eg', 'الخريجين');
INSERT INTO `lk9v6_alumni_main` (`id`, `user_id`, `approved`) VALUES (166849, 166849, 1);
INSERT INTO `lk9v6_alumni_data` (`alumni_id`, `graduation_year`, `fid`, `job`, `address`, `city`, `country`, `phone`, `gid`, `mobile`, `nationalnumber`, `department`, `division`, `with_honor`) VALUES (166849, 2015, '1', '', '', '', '', '0452291074', '3', '01125335462', '', 'الكيمياء', 'العلوم البيولوجية', '');
INSERT INTO `lk9v6_users` (`name`, `email`, `usertype`) VALUES ('عبد السلام محمد عبد العاطى عبد السلام', 'abdelsalam13s05154@alexu.edu.eg', 'الخريجين');
INSERT INTO `lk9v6_alumni_main` (`id`, `user_id`, `approved`) VALUES (166850, 166850, 1);
INSERT INTO `lk9v6_alumni_data` (`alumni_id`, `graduation_year`, `fid`, `job`, `address`, `city`, `country`, `phone`, `gid`, `mobile`, `nationalnumber`, `department`, `division`, `with_honor`) VALUES (166850, 2015, '1', '', '', '', '', '01002785967', '3', '01002785967', '', 'الكيمياء', 'العلوم البيولوجية', '');
INSERT INTO `lk9v6_users` (`name`, `email`, `usertype`) VALUES ('ايمان عبدالله عبداللطيف عبدالرحمن على', 'eman13s05560@alexu.edu.eg', 'الخريجين');
INSERT INTO `lk9v6_alumni_main` (`id`, `user_id`, `approved`) VALUES (166851, 166851, 1);
INSERT INTO `lk9v6_alumni_data` (`alumni_id`, `graduation_year`, `fid`, `job`, `address`, `city`, `country`, `phone`, `gid`, `mobile`, `nationalnumber`, `department`, `division`, `with_honor`) VALUES (166851, 2015, '1', '', '', '', '', '01006391447', '3', '01006391447', '', 'الكيمياء', 'العلوم البيولوجية', '');
INSERT INTO `lk9v6_users` (`name`, `email`, `usertype`) VALUES ('يارا عصام محمد عبدالرحمن', 'yara13s05800@alexu.edu.eg', 'الخريجين');
INSERT INTO `lk9v6_alumni_main` (`id`, `user_id`, `approved`) VALUES (166852, 166852, 1);
INSERT INTO `lk9v6_alumni_data` (`alumni_id`, `graduation_year`, `fid`, `job`, `address`, `city`, `country`, `phone`, `gid`, `mobile`, `nationalnumber`, `department`, `division`, `with_honor`) VALUES (166852, 2015, '1', '', '', '', '', '034430035', '3', '01280146527', '', 'الكيمياء', 'العلوم البيولوجية', '');
INSERT INTO `lk9v6_users` (`name`, `email`, `usertype`) VALUES ('مارينا فهيم بطرس اسحق', 'marina13s04911@alexu.edu.eg', 'الخريجين');
INSERT INTO `lk9v6_alumni_main` (`id`, `user_id`, `approved`) VALUES (166853, 166853, 1);
INSERT INTO `lk9v6_alumni_data` (`alumni_id`, `graduation_year`, `fid`, `job`, `address`, `city`, `country`, `phone`, `gid`, `mobile`, `nationalnumber`, `department`, `division`, `with_honor`) VALUES (166853, 2015, '1', '', '', '', '', '5336968', '3', '01280517655', '', 'الكيمياء', 'العلوم البيولوجية', '');
INSERT INTO `lk9v6_users` (`name`, `email`, `usertype`) VALUES ('منى فوزى محمد عويضه', 'mona13s05182@alexu.edu.eg', 'الخريجين');
INSERT INTO `lk9v6_alumni_main` (`id`, `user_id`, `approved`) VALUES (166854, 166854, 1);
INSERT INTO `lk9v6_alumni_data` (`alumni_id`, `graduation_year`, `fid`, `job`, `address`, `city`, `country`, `phone`, `gid`, `mobile`, `nationalnumber`, `department`, `division`, `with_honor`) VALUES (166854, 2015, '1', '', '', '', '', '0453319994', '3', '0197732388', '', 'الكيمياء', 'العلوم البيولوجية', '');
INSERT INTO `lk9v6_users` (`name`, `email`, `usertype`) VALUES ('اسلام سمير السيد ابراهيم الديب', 'islam13s05541@alexu.edu.eg', 'الخريجين');
INSERT INTO `lk9v6_alumni_main` (`id`, `user_id`, `approved`) VALUES (166855, 166855, 1);
INSERT INTO `lk9v6_alumni_data` (`alumni_id`, `graduation_year`, `fid`, `job`, `address`, `city`, `country`, `phone`, `gid`, `mobile`, `nationalnumber`, `department`, `division`, `with_honor`) VALUES (166855, 2015, '1', '', '', '', '', '0473212397', '3', '01003810018', '', 'الكيمياء', 'العلوم البيولوجية', '');
INSERT INTO `lk9v6_users` (`name`, `email`, `usertype`) VALUES ('فاطمة عادل محمود عبد الكريم', 'fatma13s01812@alexu.edu.eg', 'الخريجين');
INSERT INTO `lk9v6_alumni_main` (`id`, `user_id`, `approved`) VALUES (166856, 166856, 1);
INSERT INTO `lk9v6_alumni_data` (`alumni_id`, `graduation_year`, `fid`, `job`, `address`, `city`, `country`, `phone`, `gid`, `mobile`, `nationalnumber`, `department`, `division`, `with_honor`) VALUES (166856, 2014, '1', '', '', '', '', '035768254', '2', '01128453804', '', 'علم الحيوان', 'العلوم البيولوجية', '');
INSERT INTO `lk9v6_users` (`name`, `email`, `usertype`) VALUES ('محمد اشرف محمد مصطفى', 'mohamed13s05722@alexu.edu.eg', 'الخريجين');
INSERT INTO `lk9v6_alumni_main` (`id`, `user_id`, `approved`) VALUES (166857, 166857, 1);
INSERT INTO `lk9v6_alumni_data` (`alumni_id`, `graduation_year`, `fid`, `job`, `address`, `city`, `country`, `phone`, `gid`, `mobile`, `nationalnumber`, `department`, `division`, `with_honor`) VALUES (166857, 2015, '1', '', '', '', '', '035353206', '5', '01003818389', '', 'الكيمياء الحيوية', 'العلوم البيولوجية', '');
INSERT INTO `lk9v6_users` (`name`, `email`, `usertype`) VALUES ('فاطمه على احمد امين', 'fatma13s05752@alexu.edu.eg', 'الخريجين');
INSERT INTO `lk9v6_alumni_main` (`id`, `user_id`, `approved`) VALUES (166858, 166858, 1);
INSERT INTO `lk9v6_alumni_data` (`alumni_id`, `graduation_year`, `fid`, `job`, `address`, `city`, `country`, `phone`, `gid`, `mobile`, `nationalnumber`, `department`, `division`, `with_honor`) VALUES (166858, 2015, '1', '', '', '', '', '3309785', '5', '01024640370', '', 'علم الحيوان', 'العلوم البيولوجية', '');
INSERT INTO `lk9v6_users` (`name`, `email`, `usertype`) VALUES ('ساره محمود محمد عبد الله حسين عثمان', 'sara13s05363@alexu.edu.eg', 'الخريجين');
INSERT INTO `lk9v6_alumni_main` (`id`, `user_id`, `approved`) VALUES (166859, 166859, 1);
INSERT INTO `lk9v6_alumni_data` (`alumni_id`, `graduation_year`, `fid`, `job`, `address`, `city`, `country`, `phone`, `gid`, `mobile`, `nationalnumber`, `department`, `division`, `with_honor`) VALUES (166859, 2015, '1', '', '', '', '', '5734656', '5', '01008157254', '', 'الكيمياء', 'العلوم البيولوجية', '');
INSERT INTO `lk9v6_users` (`name`, `email`, `usertype`) VALUES ('منال عبدالفتاح محمد عبدالرحمن', 'manal13s05156@alexu.edu.eg', 'الخريجين');
INSERT INTO `lk9v6_alumni_main` (`id`, `user_id`, `approved`) VALUES (166860, 166860, 1);
INSERT INTO `lk9v6_alumni_data` (`alumni_id`, `graduation_year`, `fid`, `job`, `address`, `city`, `country`, `phone`, `gid`, `mobile`, `nationalnumber`, `department`, `division`, `with_honor`) VALUES (166860, 2015, '1', '', '', '', '', '4879376', '5', '01091181664', '', 'الكيمياء الحيوية', 'العلوم البيولوجية', '');
INSERT INTO `lk9v6_users` (`name`, `email`, `usertype`) VALUES ('مى حسن على حسن درويش', 'mai13s05804@alexu.edu.eg', 'الخريجين');
INSERT INTO `lk9v6_alumni_main` (`id`, `user_id`, `approved`) VALUES (166861, 166861, 1);
INSERT INTO `lk9v6_alumni_data` (`alumni_id`, `graduation_year`, `fid`, `job`, `address`, `city`, `country`, `phone`, `gid`, `mobile`, `nationalnumber`, `department`, `division`, `with_honor`) VALUES (166861, 2015, '1', '', '', '', '', '035933840', '5', '01223628762', '', 'الكيمياء الحيوية', 'العلوم البيولوجية', '');
INSERT INTO `lk9v6_users` (`name`, `email`, `usertype`) VALUES ('وئام محمد عبدالحى فرج الله', 'weam13s05360@alexu.edu.eg', 'الخريجين');
INSERT INTO `lk9v6_alumni_main` (`id`, `user_id`, `approved`) VALUES (166862, 166862, 1);
INSERT INTO `lk9v6_alumni_data` (`alumni_id`, `graduation_year`, `fid`, `job`, `address`, `city`, `country`, `phone`, `gid`, `mobile`, `nationalnumber`, `department`, `division`, `with_honor`) VALUES (166862, 2015, '1', '', '', '', '', '0473295026', '5', '01009551681', '', 'الكيمياء', 'العلوم البيولوجية', '');
INSERT INTO `lk9v6_users` (`name`, `email`, `usertype`) VALUES ('ايه محمود محمد محمود على', 'aya13s05088@alexu.edu.eg', 'الخريجين');
INSERT INTO `lk9v6_alumni_main` (`id`, `user_id`, `approved`) VALUES (166863, 166863, 1);
INSERT INTO `lk9v6_alumni_data` (`alumni_id`, `graduation_year`, `fid`, `job`, `address`, `city`, `country`, `phone`, `gid`, `mobile`, `nationalnumber`, `department`, `division`, `with_honor`) VALUES (166863, 2015, '1', '', '', '', '', '035485254', '5', '01284488656', '', 'الكيمياء', 'العلوم البيولوجية', '');
INSERT INTO `lk9v6_users` (`name`, `email`, `usertype`) VALUES ('ايه احمد احمد عامر عبدالرحمن', 'aya13s05714@alexu.edu.eg', 'الخريجين');
INSERT INTO `lk9v6_alumni_main` (`id`, `user_id`, `approved`) VALUES (166864, 166864, 1);
INSERT INTO `lk9v6_alumni_data` (`alumni_id`, `graduation_year`, `fid`, `job`, `address`, `city`, `country`, `phone`, `gid`, `mobile`, `nationalnumber`, `department`, `division`, `with_honor`) VALUES (166864, 2015, '1', '', '', '', '', '5540478', '5', '01272776266', '', 'الكيمياء', 'العلوم البيولوجية', '');
INSERT INTO `lk9v6_users` (`name`, `email`, `usertype`) VALUES ('اسماء محمد سعيد على', 'asmaa13s05521@alexu.edu.eg', 'الخريجين');
INSERT INTO `lk9v6_alumni_main` (`id`, `user_id`, `approved`) VALUES (166865, 166865, 1);
INSERT INTO `lk9v6_alumni_data` (`alumni_id`, `graduation_year`, `fid`, `job`, `address`, `city`, `country`, `phone`, `gid`, `mobile`, `nationalnumber`, `department`, `division`, `with_honor`) VALUES (166865, 2015, '1', '', '', '', '', '035279508', '4', '01122090254', '', 'الكيمياء', 'العلوم البيولوجية', '');
INSERT INTO `lk9v6_users` (`name`, `email`, `usertype`) VALUES ('رحمه كمال محمد ابراهيم', 'rahma13s05266@alexu.edu.eg', 'الخريجين');
INSERT INTO `lk9v6_alumni_main` (`id`, `user_id`, `approved`) VALUES (166866, 166866, 1);
INSERT INTO `lk9v6_alumni_data` (`alumni_id`, `graduation_year`, `fid`, `job`, `address`, `city`, `country`, `phone`, `gid`, `mobile`, `nationalnumber`, `department`, `division`, `with_honor`) VALUES (166866, 2015, '1', '', '', '', '', '035755584', '4', '01289863612', '', 'الكيمياء', 'العلوم البيولوجية', '');
INSERT INTO `lk9v6_users` (`name`, `email`, `usertype`) VALUES ('ساره السيد احمد السيد بدار', 'sara13s05772@alexu.edu.eg', 'الخريجين');
INSERT INTO `lk9v6_alumni_main` (`id`, `user_id`, `approved`) VALUES (166867, 166867, 1);
INSERT INTO `lk9v6_alumni_data` (`alumni_id`, `graduation_year`, `fid`, `job`, `address`, `city`, `country`, `phone`, `gid`, `mobile`, `nationalnumber`, `department`, `division`, `with_honor`) VALUES (166867, 2015, '1', '', '', '', '', '5600809', '4', '0181322169', '', 'الكيمياء', 'العلوم البيولوجية', '');
INSERT INTO `lk9v6_users` (`name`, `email`, `usertype`) VALUES ('ساندى نبيل نظير معوض', 'sandy13s06124@alexu.edu.eg', 'الخريجين');
INSERT INTO `lk9v6_alumni_main` (`id`, `user_id`, `approved`) VALUES (166868, 166868, 1);
INSERT INTO `lk9v6_alumni_data` (`alumni_id`, `graduation_year`, `fid`, `job`, `address`, `city`, `country`, `phone`, `gid`, `mobile`, `nationalnumber`, `department`, `division`, `with_honor`) VALUES (166868, 2015, '1', '', '', '', '', '01277235184', '4', '01221570441', '', 'الكيمياء', 'العلوم البيولوجية', '');
INSERT INTO `lk9v6_users` (`name`, `email`, `usertype`) VALUES ('سميه جلال سعد عبدالحميد ندا', 'somaya13s04840@alexu.edu.eg', 'الخريجين');
INSERT INTO `lk9v6_alumni_main` (`id`, `user_id`, `approved`) VALUES (166869, 166869, 1);
INSERT INTO `lk9v6_alumni_data` (`alumni_id`, `graduation_year`, `fid`, `job`, `address`, `city`, `country`, `phone`, `gid`, `mobile`, `nationalnumber`, `department`, `division`, `with_honor`) VALUES (166869, 2015, '1', '', '', '', '', '5037167', '4', '01065733355', '', 'الكيمياء', 'العلوم البيولوجية', '');
INSERT INTO `lk9v6_users` (`name`, `email`, `usertype`) VALUES ('عطيات عبدالعزيز عبدالنبى عبدالقوى', 'atiat13s05529@alexu.edu.eg', 'الخريجين');
INSERT INTO `lk9v6_alumni_main` (`id`, `user_id`, `approved`) VALUES (166870, 166870, 1);
INSERT INTO `lk9v6_alumni_data` (`alumni_id`, `graduation_year`, `fid`, `job`, `address`, `city`, `country`, `phone`, `gid`, `mobile`, `nationalnumber`, `department`, `division`, `with_honor`) VALUES (166870, 2015, '1', '', '', '', '', '0453319618', '4', '01019760255', '', 'الكيمياء', 'العلوم البيولوجية', '');
INSERT INTO `lk9v6_users` (`name`, `email`, `usertype`) VALUES ('محمد احمد عبده محمد اللبان', 'mohamed13s05538@alexu.edu.eg', 'الخريجين');
INSERT INTO `lk9v6_alumni_main` (`id`, `user_id`, `approved`) VALUES (166871, 166871, 1);
INSERT INTO `lk9v6_alumni_data` (`alumni_id`, `graduation_year`, `fid`, `job`, `address`, `city`, `country`, `phone`, `gid`, `mobile`, `nationalnumber`, `department`, `division`, `with_honor`) VALUES (166871, 2015, '1', '', '', '', '', '035931412', '4', '01271692163', '', 'الكيمياء', 'العلوم البيولوجية', '');
INSERT INTO `lk9v6_users` (`name`, `email`, `usertype`) VALUES ('محمود احمد على احمد', 'mahmoud13s03999@alexu.edu.eg', 'الخريجين');
INSERT INTO `lk9v6_alumni_main` (`id`, `user_id`, `approved`) VALUES (166872, 166872, 1);
INSERT INTO `lk9v6_alumni_data` (`alumni_id`, `graduation_year`, `fid`, `job`, `address`, `city`, `country`, `phone`, `gid`, `mobile`, `nationalnumber`, `department`, `division`, `with_honor`) VALUES (166872, 2015, '1', '', '', '', '', '5375542', '4', '01212067839', '', 'الكيمياء', 'العلوم البيولوجية', '');
INSERT INTO `lk9v6_users` (`name`, `email`, `usertype`) VALUES ('مى عادل محمد محمد موسى', 'mai13s06154@alexu.edu.eg', 'الخريجين');
INSERT INTO `lk9v6_alumni_main` (`id`, `user_id`, `approved`) VALUES (166873, 166873, 1);
INSERT INTO `lk9v6_alumni_data` (`alumni_id`, `graduation_year`, `fid`, `job`, `address`, `city`, `country`, `phone`, `gid`, `mobile`, `nationalnumber`, `department`, `division`, `with_honor`) VALUES (166873, 2015, '1', '', '', '', '', '035509453', '4', '01005314846', '', 'علم الحيوان', 'العلوم البيولوجية', '');
INSERT INTO `lk9v6_users` (`name`, `email`, `usertype`) VALUES ('نانسى محمد احمد محمد على', 'nancy13s06273@alexu.edu.eg', 'الخريجين');
INSERT INTO `lk9v6_alumni_main` (`id`, `user_id`, `approved`) VALUES (166874, 166874, 1);
INSERT INTO `lk9v6_alumni_data` (`alumni_id`, `graduation_year`, `fid`, `job`, `address`, `city`, `country`, `phone`, `gid`, `mobile`, `nationalnumber`, `department`, `division`, `with_honor`) VALUES (166874, 2015, '1', '', '', '', '', '034272884', '4', '01008656476', '', 'الكيمياء', 'العلوم البيولوجية', '');
INSERT INTO `lk9v6_users` (`name`, `email`, `usertype`) VALUES ('نسمه حسن احمد حسين جعفور', 'nesma13s05261@alexu.edu.eg', 'الخريجين');
INSERT INTO `lk9v6_alumni_main` (`id`, `user_id`, `approved`) VALUES (166875, 166875, 1);
INSERT INTO `lk9v6_alumni_data` (`alumni_id`, `graduation_year`, `fid`, `job`, `address`, `city`, `country`, `phone`, `gid`, `mobile`, `nationalnumber`, `department`, `division`, `with_honor`) VALUES (166875, 2015, '1', '', '', '', '', '3321577', '4', '01115379623', '', 'الكيمياء', 'العلوم البيولوجية', '');
INSERT INTO `lk9v6_users` (`name`, `email`, `usertype`) VALUES ('نعمة محمود صالح محمود ', 'nema13s06687@alexu.edu.eg', 'الخريجين');
INSERT INTO `lk9v6_alumni_main` (`id`, `user_id`, `approved`) VALUES (166876, 166876, 1);
INSERT INTO `lk9v6_alumni_data` (`alumni_id`, `graduation_year`, `fid`, `job`, `address`, `city`, `country`, `phone`, `gid`, `mobile`, `nationalnumber`, `department`, `division`, `with_honor`) VALUES (166876, 2015, '1', '', '', '', '', '034393808', '4', '01093750691', '', 'الكيمياء', 'العلوم البيولوجية', '');
INSERT INTO `lk9v6_users` (`name`, `email`, `usertype`) VALUES ('نعمه مساعد مختار ابو بكر', 'nema13s04818@alexu.edu.eg', 'الخريجين');
INSERT INTO `lk9v6_alumni_main` (`id`, `user_id`, `approved`) VALUES (166877, 166877, 1);
INSERT INTO `lk9v6_alumni_data` (`alumni_id`, `graduation_year`, `fid`, `job`, `address`, `city`, `country`, `phone`, `gid`, `mobile`, `nationalnumber`, `department`, `division`, `with_honor`) VALUES (166877, 2015, '1', '', '', '', '', '033831055', '4', '01005158725', '', 'الكيمياء', 'العلوم البيولوجية', '');
INSERT INTO `lk9v6_users` (`name`, `email`, `usertype`) VALUES ('هدير محمد مصطفى احمد', 'hadeer13s05108@alexu.edu.eg', 'الخريجين');
INSERT INTO `lk9v6_alumni_main` (`id`, `user_id`, `approved`) VALUES (166878, 166878, 1);
INSERT INTO `lk9v6_alumni_data` (`alumni_id`, `graduation_year`, `fid`, `job`, `address`, `city`, `country`, `phone`, `gid`, `mobile`, `nationalnumber`, `department`, `division`, `with_honor`) VALUES (166878, 2015, '1', '', '', '', '', '035262166', '4', '01149704447', '', 'الكيمياء', 'العلوم البيولوجية', '');
INSERT INTO `lk9v6_users` (`name`, `email`, `usertype`) VALUES ('هشام عبد القادر ابراهيم محمد', 'hesham13s03953@alexu.edu.eg', 'الخريجين');
INSERT INTO `lk9v6_alumni_main` (`id`, `user_id`, `approved`) VALUES (166879, 166879, 1);
INSERT INTO `lk9v6_alumni_data` (`alumni_id`, `graduation_year`, `fid`, `job`, `address`, `city`, `country`, `phone`, `gid`, `mobile`, `nationalnumber`, `department`, `division`, `with_honor`) VALUES (166879, 2015, '1', '', '', '', '', '033624309', '4', '01212510520', '', 'الكيمياء', 'العلوم البيولوجية', '');
INSERT INTO `lk9v6_users` (`name`, `email`, `usertype`) VALUES ('احمد ناصر عبدالجواد محمد', 'ahmed13s05356@alexu.edu.eg', 'الخريجين');
INSERT INTO `lk9v6_alumni_main` (`id`, `user_id`, `approved`) VALUES (166880, 166880, 1);
INSERT INTO `lk9v6_alumni_data` (`alumni_id`, `graduation_year`, `fid`, `job`, `address`, `city`, `country`, `phone`, `gid`, `mobile`, `nationalnumber`, `department`, `division`, `with_honor`) VALUES (166880, 2015, '1', '', '', '', '', '035274769', '3', '01205755175', '', 'الكيمياء', 'العلوم البيولوجية', '');
INSERT INTO `lk9v6_users` (`name`, `email`, `usertype`) VALUES ('ندى عبدالله خضر عبداللطيف', 'nada13s05573@alexu.edu.eg', 'الخريجين');
INSERT INTO `lk9v6_alumni_main` (`id`, `user_id`, `approved`) VALUES (166881, 166881, 1);
INSERT INTO `lk9v6_alumni_data` (`alumni_id`, `graduation_year`, `fid`, `job`, `address`, `city`, `country`, `phone`, `gid`, `mobile`, `nationalnumber`, `department`, `division`, `with_honor`) VALUES (166881, 2015, '1', '', '', '', '', '033831055', '3', '01223438368', '', 'الكيمياء', 'العلوم البيولوجية', '');
INSERT INTO `lk9v6_users` (`name`, `email`, `usertype`) VALUES ('الاء احمد السيد حسان الشيمى', 'alaa13s05724@alexu.edu.eg', 'الخريجين');
INSERT INTO `lk9v6_alumni_main` (`id`, `user_id`, `approved`) VALUES (166882, 166882, 1);
INSERT INTO `lk9v6_alumni_data` (`alumni_id`, `graduation_year`, `fid`, `job`, `address`, `city`, `country`, `phone`, `gid`, `mobile`, `nationalnumber`, `department`, `division`, `with_honor`) VALUES (166882, 2015, '1', '', '', '', '', '033923875', '3', '01205077502', '', 'الكيمياء', 'العلوم البيولوجية', '');
INSERT INTO `lk9v6_users` (`name`, `email`, `usertype`) VALUES ('يسرا مصطفى محمود مصطفى', 'yossra13s06183@alexu.edu.eg', 'الخريجين');
INSERT INTO `lk9v6_alumni_main` (`id`, `user_id`, `approved`) VALUES (166883, 166883, 1);
INSERT INTO `lk9v6_alumni_data` (`alumni_id`, `graduation_year`, `fid`, `job`, `address`, `city`, `country`, `phone`, `gid`, `mobile`, `nationalnumber`, `department`, `division`, `with_honor`) VALUES (166883, 2015, '1', '', '', '', '', '033583112', '3', '0149744457', '', 'الكيمياء', 'العلوم البيولوجية', '');
INSERT INTO `lk9v6_users` (`name`, `email`, `usertype`) VALUES ('محمود محمد السعيد محمود بدر', 'mahmoud13s04934@alexu.edu.eg', 'الخريجين');
INSERT INTO `lk9v6_alumni_main` (`id`, `user_id`, `approved`) VALUES (166884, 166884, 1);
INSERT INTO `lk9v6_alumni_data` (`alumni_id`, `graduation_year`, `fid`, `job`, `address`, `city`, `country`, `phone`, `gid`, `mobile`, `nationalnumber`, `department`, `division`, `with_honor`) VALUES (166884, 2015, '1', '', '', '', '', '2240949', '3', '0199421073', '', 'الكيمياء', 'العلوم البيولوجية', '');
INSERT INTO `lk9v6_users` (`name`, `email`, `usertype`) VALUES ('رقيه محمود اسماعيل محمد زيد', 'rokaia13s06370@alexu.edu.eg', 'الخريجين');
INSERT INTO `lk9v6_alumni_main` (`id`, `user_id`, `approved`) VALUES (166885, 166885, 1);
INSERT INTO `lk9v6_alumni_data` (`alumni_id`, `graduation_year`, `fid`, `job`, `address`, `city`, `country`, `phone`, `gid`, `mobile`, `nationalnumber`, `department`, `division`, `with_honor`) VALUES (166885, 2015, '1', '', '', '', '', '33309295', '3', '01204521065', '', 'الكيمياء', 'العلوم البيولوجية', '');
INSERT INTO `lk9v6_users` (`name`, `email`, `usertype`) VALUES ('سمير حسن محمد محمود الكومى', 'samir13s05691@alexu.edu.eg', 'الخريجين');
INSERT INTO `lk9v6_alumni_main` (`id`, `user_id`, `approved`) VALUES (166886, 166886, 1);
INSERT INTO `lk9v6_alumni_data` (`alumni_id`, `graduation_year`, `fid`, `job`, `address`, `city`, `country`, `phone`, `gid`, `mobile`, `nationalnumber`, `department`, `division`, `with_honor`) VALUES (166886, 2015, '1', '', '', '', '', '4447919', '3', '01223069935', '', 'الكيمياء', 'العلوم البيولوجية', '');
INSERT INTO `lk9v6_users` (`name`, `email`, `usertype`) VALUES ('مريم ظريف ويصا مجلع عبدالملاك', 'mariem13s04865@alexu.edu.eg', 'الخريجين');
INSERT INTO `lk9v6_alumni_main` (`id`, `user_id`, `approved`) VALUES (166887, 166887, 1);
INSERT INTO `lk9v6_alumni_data` (`alumni_id`, `graduation_year`, `fid`, `job`, `address`, `city`, `country`, `phone`, `gid`, `mobile`, `nationalnumber`, `department`, `division`, `with_honor`) VALUES (166887, 2015, '1', '', '', '', '', '3607029', '3', '0187680408', '', 'الكيمياء', 'العلوم البيولوجية', '');
INSERT INTO `lk9v6_users` (`name`, `email`, `usertype`) VALUES ('نورهان احمد محمد رفاعى', 'nourhan13s05835@alexu.edu.eg', 'الخريجين');
INSERT INTO `lk9v6_alumni_main` (`id`, `user_id`, `approved`) VALUES (166888, 166888, 1);
INSERT INTO `lk9v6_alumni_data` (`alumni_id`, `graduation_year`, `fid`, `job`, `address`, `city`, `country`, `phone`, `gid`, `mobile`, `nationalnumber`, `department`, `division`, `with_honor`) VALUES (166888, 2015, '1', '', '', '', '', '0453344713', '3', '0196970118', '', 'الكيمياء', 'العلوم البيولوجية', '');
INSERT INTO `lk9v6_users` (`name`, `email`, `usertype`) VALUES ('نهى عزت مصطفى ابراهيم العامرى', 'noha13s06896@alexu.edu.eg', 'الخريجين');
INSERT INTO `lk9v6_alumni_main` (`id`, `user_id`, `approved`) VALUES (166889, 166889, 1);
INSERT INTO `lk9v6_alumni_data` (`alumni_id`, `graduation_year`, `fid`, `job`, `address`, `city`, `country`, `phone`, `gid`, `mobile`, `nationalnumber`, `department`, `division`, `with_honor`) VALUES (166889, 2015, '1', '', '', '', '', '033570328', '3', '01110369080', '', 'الكيمياء', 'العلوم البيولوجية', '');
INSERT INTO `lk9v6_users` (`name`, `email`, `usertype`) VALUES ('اسراء احمد مرسى حسين', 'esraa13s06329@alexu.edu.eg', 'الخريجين');
INSERT INTO `lk9v6_alumni_main` (`id`, `user_id`, `approved`) VALUES (166890, 166890, 1);
INSERT INTO `lk9v6_alumni_data` (`alumni_id`, `graduation_year`, `fid`, `job`, `address`, `city`, `country`, `phone`, `gid`, `mobile`, `nationalnumber`, `department`, `division`, `with_honor`) VALUES (166890, 2015, '1', '', '', '', '', '035617189', '3', '01290327080', '', 'الكيمياء', 'العلوم البيولوجية', '');
INSERT INTO `lk9v6_users` (`name`, `email`, `usertype`) VALUES ('ساره محمد شحاته العتر', 'sara13s05342@alexu.edu.eg', 'الخريجين');
INSERT INTO `lk9v6_alumni_main` (`id`, `user_id`, `approved`) VALUES (166891, 166891, 1);
INSERT INTO `lk9v6_alumni_data` (`alumni_id`, `graduation_year`, `fid`, `job`, `address`, `city`, `country`, `phone`, `gid`, `mobile`, `nationalnumber`, `department`, `division`, `with_honor`) VALUES (166891, 2015, '1', '', '', '', '', '0459560247', '3', '01141896726', '', 'الكيمياء', 'العلوم البيولوجية', '');
INSERT INTO `lk9v6_users` (`name`, `email`, `usertype`) VALUES ('ايمان حمدى احمد محمد حسنين', 'eman13s05763@alexu.edu.eg', 'الخريجين');
INSERT INTO `lk9v6_alumni_main` (`id`, `user_id`, `approved`) VALUES (166892, 166892, 1);
INSERT INTO `lk9v6_alumni_data` (`alumni_id`, `graduation_year`, `fid`, `job`, `address`, `city`, `country`, `phone`, `gid`, `mobile`, `nationalnumber`, `department`, `division`, `with_honor`) VALUES (166892, 2015, '1', '', '', '', '', '3311260', '3', '01014712869', '', 'الكيمياء', 'العلوم البيولوجية', '');
INSERT INTO `lk9v6_users` (`name`, `email`, `usertype`) VALUES ('شيماء عبد الفتاح امين عبد الرحمن', 'shaimaa13s05241@alexu.edu.eg', 'الخريجين');
INSERT INTO `lk9v6_alumni_main` (`id`, `user_id`, `approved`) VALUES (166893, 166893, 1);
INSERT INTO `lk9v6_alumni_data` (`alumni_id`, `graduation_year`, `fid`, `job`, `address`, `city`, `country`, `phone`, `gid`, `mobile`, `nationalnumber`, `department`, `division`, `with_honor`) VALUES (166893, 2015, '1', '', '', '', '', '034364865', '3', '0188686451', '', 'الكيمياء', 'العلوم البيولوجية', '');
INSERT INTO `lk9v6_users` (`name`, `email`, `usertype`) VALUES ('مروه عبدالكريم احمد عبدالكريم', 'marwa13s05502@alexu.edu.eg', 'الخريجين');
INSERT INTO `lk9v6_alumni_main` (`id`, `user_id`, `approved`) VALUES (166894, 166894, 1);
INSERT INTO `lk9v6_alumni_data` (`alumni_id`, `graduation_year`, `fid`, `job`, `address`, `city`, `country`, `phone`, `gid`, `mobile`, `nationalnumber`, `department`, `division`, `with_honor`) VALUES (166894, 2015, '1', '', '', '', '', '5004486', '3', '0120546486', '', 'الكيمياء', 'العلوم البيولوجية', '');
INSERT INTO `lk9v6_users` (`name`, `email`, `usertype`) VALUES ('مروه مسعد احمد حموده', 'marwa13s03410@alexu.edu.eg', 'الخريجين');
INSERT INTO `lk9v6_alumni_main` (`id`, `user_id`, `approved`) VALUES (166895, 166895, 1);
INSERT INTO `lk9v6_alumni_data` (`alumni_id`, `graduation_year`, `fid`, `job`, `address`, `city`, `country`, `phone`, `gid`, `mobile`, `nationalnumber`, `department`, `division`, `with_honor`) VALUES (166895, 2015, '1', '', '', '', '', '0453353963', '3', '01092765162', '', 'الكيمياء', 'العلوم البيولوجية', '');
INSERT INTO `lk9v6_users` (`name`, `email`, `usertype`) VALUES ('تهانى محمد خميس محمد عيسى', 'tahany13s05597@alexu.edu.eg', 'الخريجين');
INSERT INTO `lk9v6_alumni_main` (`id`, `user_id`, `approved`) VALUES (166896, 166896, 1);
INSERT INTO `lk9v6_alumni_data` (`alumni_id`, `graduation_year`, `fid`, `job`, `address`, `city`, `country`, `phone`, `gid`, `mobile`, `nationalnumber`, `department`, `division`, `with_honor`) VALUES (166896, 2015, '1', '', '', '', '', '5611862', '3', '01228971049', '', 'الكيمياء', 'العلوم البيولوجية', '');
INSERT INTO `lk9v6_users` (`name`, `email`, `usertype`) VALUES ('روضه محمد عبدالحميد محمد عمرو', 'rawda13s05131@alexu.edu.eg', 'الخريجين');
INSERT INTO `lk9v6_alumni_main` (`id`, `user_id`, `approved`) VALUES (166897, 166897, 1);
INSERT INTO `lk9v6_alumni_data` (`alumni_id`, `graduation_year`, `fid`, `job`, `address`, `city`, `country`, `phone`, `gid`, `mobile`, `nationalnumber`, `department`, `division`, `with_honor`) VALUES (166897, 2015, '1', '', '', '', '', '0452219105', '3', '0189630700', '', 'الكيمياء', 'العلوم البيولوجية', '');
INSERT INTO `lk9v6_users` (`name`, `email`, `usertype`) VALUES ('اميره ابراهيم طه بدر', 'amira13s06538@alexu.edu.eg', 'الخريجين');
INSERT INTO `lk9v6_alumni_main` (`id`, `user_id`, `approved`) VALUES (166898, 166898, 1);
INSERT INTO `lk9v6_alumni_data` (`alumni_id`, `graduation_year`, `fid`, `job`, `address`, `city`, `country`, `phone`, `gid`, `mobile`, `nationalnumber`, `department`, `division`, `with_honor`) VALUES (166898, 2015, '1', '', '', '', '', '0126871799', '3', '0122458762', '', 'الكيمياء', 'العلوم البيولوجية', '');
INSERT INTO `lk9v6_users` (`name`, `email`, `usertype`) VALUES ('ايمان حسن فوزى محمد', 'eman13s01564@alexu.edu.eg', 'الخريجين');
INSERT INTO `lk9v6_alumni_main` (`id`, `user_id`, `approved`) VALUES (166899, 166899, 1);
INSERT INTO `lk9v6_alumni_data` (`alumni_id`, `graduation_year`, `fid`, `job`, `address`, `city`, `country`, `phone`, `gid`, `mobile`, `nationalnumber`, `department`, `division`, `with_honor`) VALUES (166899, 2015, '1', '', '', '', '', '4706331', '3', '01142808368', '', 'علم الحيوان', 'العلوم البيولوجية', '');
INSERT INTO `lk9v6_users` (`name`, `email`, `usertype`) VALUES ('نهاد احمد امين عرفه', 'nihad13s06063@alexu.edu.eg', 'الخريجين');
INSERT INTO `lk9v6_alumni_main` (`id`, `user_id`, `approved`) VALUES (166900, 166900, 1);
INSERT INTO `lk9v6_alumni_data` (`alumni_id`, `graduation_year`, `fid`, `job`, `address`, `city`, `country`, `phone`, `gid`, `mobile`, `nationalnumber`, `department`, `division`, `with_honor`) VALUES (166900, 2015, '1', '', '', '', '', '5754448', '3', '01140680847', '', 'الكيمياء', 'العلوم البيولوجية', '');
INSERT INTO `lk9v6_users` (`name`, `email`, `usertype`) VALUES ('هدير ممدوح محمد ياقوت', 'hadeer13s06324@alexu.edu.eg', 'الخريجين');
INSERT INTO `lk9v6_alumni_main` (`id`, `user_id`, `approved`) VALUES (166901, 166901, 1);
INSERT INTO `lk9v6_alumni_data` (`alumni_id`, `graduation_year`, `fid`, `job`, `address`, `city`, `country`, `phone`, `gid`, `mobile`, `nationalnumber`, `department`, `division`, `with_honor`) VALUES (166901, 2015, '1', '', '', '', '', '5000299', '3', '01116048606', '', 'الكيمياء', 'العلوم البيولوجية', '');
INSERT INTO `lk9v6_users` (`name`, `email`, `usertype`) VALUES ('ريهام احمد محمد محمد عبد الوهاب', 'reham13s06159@alexu.edu.eg', 'الخريجين');
INSERT INTO `lk9v6_alumni_main` (`id`, `user_id`, `approved`) VALUES (166902, 166902, 1);
INSERT INTO `lk9v6_alumni_data` (`alumni_id`, `graduation_year`, `fid`, `job`, `address`, `city`, `country`, `phone`, `gid`, `mobile`, `nationalnumber`, `department`, `division`, `with_honor`) VALUES (166902, 2015, '1', '', '', '', '', '4420096', '3', '01222702137', '', 'الكيمياء', 'العلوم البيولوجية', '');
INSERT INTO `lk9v6_users` (`name`, `email`, `usertype`) VALUES ('رانيا جمال حلمى شحاته', 'rania13s05393@alexu.edu.eg', 'الخريجين');
INSERT INTO `lk9v6_alumni_main` (`id`, `user_id`, `approved`) VALUES (166903, 166903, 1);
INSERT INTO `lk9v6_alumni_data` (`alumni_id`, `graduation_year`, `fid`, `job`, `address`, `city`, `country`, `phone`, `gid`, `mobile`, `nationalnumber`, `department`, `division`, `with_honor`) VALUES (166903, 2015, '1', '', '', '', '', '034456268', '3', '01275514603', '', 'الكيمياء', 'العلوم البيولوجية', '');
INSERT INTO `lk9v6_users` (`name`, `email`, `usertype`) VALUES ('الاء فهمى جمال لاشين', 'alaa13s05407@alexu.edu.eg', 'الخريجين');
INSERT INTO `lk9v6_alumni_main` (`id`, `user_id`, `approved`) VALUES (166904, 166904, 1);
INSERT INTO `lk9v6_alumni_data` (`alumni_id`, `graduation_year`, `fid`, `job`, `address`, `city`, `country`, `phone`, `gid`, `mobile`, `nationalnumber`, `department`, `division`, `with_honor`) VALUES (166904, 2015, '1', '', '', '', '', '0472553045', '3', '01060063904', '', 'الكيمياء', 'العلوم البيولوجية', '');
INSERT INTO `lk9v6_users` (`name`, `email`, `usertype`) VALUES ('بسمه عصران محمد على ابوعسل', 'basma13s05677@alexu.edu.eg', 'الخريجين');
INSERT INTO `lk9v6_alumni_main` (`id`, `user_id`, `approved`) VALUES (166905, 166905, 1);
INSERT INTO `lk9v6_alumni_data` (`alumni_id`, `graduation_year`, `fid`, `job`, `address`, `city`, `country`, `phone`, `gid`, `mobile`, `nationalnumber`, `department`, `division`, `with_honor`) VALUES (166905, 2015, '1', '', '', '', '', '0453531658', '3', '01024907887', '', 'الكيمياء', 'العلوم البيولوجية', '');
INSERT INTO `lk9v6_users` (`name`, `email`, `usertype`) VALUES ('دينا ذو الكفل صالح محمد', 'dina13s04838@alexu.edu.eg', 'الخريجين');
INSERT INTO `lk9v6_alumni_main` (`id`, `user_id`, `approved`) VALUES (166906, 166906, 1);
INSERT INTO `lk9v6_alumni_data` (`alumni_id`, `graduation_year`, `fid`, `job`, `address`, `city`, `country`, `phone`, `gid`, `mobile`, `nationalnumber`, `department`, `division`, `with_honor`) VALUES (166906, 2015, '1', '', '', '', '', '035455440', '3', '01270956650', '', 'الكيمياء', 'العلوم البيولوجية', '');
INSERT INTO `lk9v6_users` (`name`, `email`, `usertype`) VALUES ('محمد مصطفى محمد احمد الفقى', 'mohamed13s05593@alexu.edu.eg', 'الخريجين');
INSERT INTO `lk9v6_alumni_main` (`id`, `user_id`, `approved`) VALUES (166907, 166907, 1);
INSERT INTO `lk9v6_alumni_data` (`alumni_id`, `graduation_year`, `fid`, `job`, `address`, `city`, `country`, `phone`, `gid`, `mobile`, `nationalnumber`, `department`, `division`, `with_honor`) VALUES (166907, 2015, '1', '', '', '', '', '034364865', '3', '01227645539', '', 'الكيمياء', 'العلوم البيولوجية', '');
INSERT INTO `lk9v6_users` (`name`, `email`, `usertype`) VALUES ('اميره نبيه عبدالجواد ابوريشه', 'amira13s05611@alexu.edu.eg', 'الخريجين');
INSERT INTO `lk9v6_alumni_main` (`id`, `user_id`, `approved`) VALUES (166908, 166908, 1);
INSERT INTO `lk9v6_alumni_data` (`alumni_id`, `graduation_year`, `fid`, `job`, `address`, `city`, `country`, `phone`, `gid`, `mobile`, `nationalnumber`, `department`, `division`, `with_honor`) VALUES (166908, 2015, '1', '', '', '', '', '0472972241', '3', '01068282035', '', 'الكيمياء', 'العلوم البيولوجية', '');
INSERT INTO `lk9v6_users` (`name`, `email`, `usertype`) VALUES ('نادر احمد السيد ابراهيم', 'nader13s05771@alexu.edu.eg', 'الخريجين');
INSERT INTO `lk9v6_alumni_main` (`id`, `user_id`, `approved`) VALUES (166909, 166909, 1);
INSERT INTO `lk9v6_alumni_data` (`alumni_id`, `graduation_year`, `fid`, `job`, `address`, `city`, `country`, `phone`, `gid`, `mobile`, `nationalnumber`, `department`, `division`, `with_honor`) VALUES (166909, 2015, '1', '', '', '', '', '002035507127', '3', '01141541441', '', 'الكيمياء', 'العلوم البيولوجية', '');
INSERT INTO `lk9v6_users` (`name`, `email`, `usertype`) VALUES ('يوليانه جورج غبريال جرجس', 'yoliana13s04884@alexu.edu.eg', 'الخريجين');
INSERT INTO `lk9v6_alumni_main` (`id`, `user_id`, `approved`) VALUES (166910, 166910, 1);
INSERT INTO `lk9v6_alumni_data` (`alumni_id`, `graduation_year`, `fid`, `job`, `address`, `city`, `country`, `phone`, `gid`, `mobile`, `nationalnumber`, `department`, `division`, `with_honor`) VALUES (166910, 2015, '1', '', '', '', '', '033911643', '3', '01286027507', '', 'علوم البحار العامة', 'العلوم البيولوجية', '');
INSERT INTO `lk9v6_users` (`name`, `email`, `usertype`) VALUES ('شيماء حسن عبدالله شحاته', 'shaimaa13s05515@alexu.edu.eg', 'الخريجين');
INSERT INTO `lk9v6_alumni_main` (`id`, `user_id`, `approved`) VALUES (166911, 166911, 1);
INSERT INTO `lk9v6_alumni_data` (`alumni_id`, `graduation_year`, `fid`, `job`, `address`, `city`, `country`, `phone`, `gid`, `mobile`, `nationalnumber`, `department`, `division`, `with_honor`) VALUES (166911, 2015, '1', '', '', '', '', '033924336', '3', '01024762343', '', 'الكيمياء', 'العلوم البيولوجية', '');
INSERT INTO `lk9v6_users` (`name`, `email`, `usertype`) VALUES ('مونيكا نبيل حماية نصر', 'monika13s06773@alexu.edu.eg', 'الخريجين');
INSERT INTO `lk9v6_alumni_main` (`id`, `user_id`, `approved`) VALUES (166912, 166912, 1);
INSERT INTO `lk9v6_alumni_data` (`alumni_id`, `graduation_year`, `fid`, `job`, `address`, `city`, `country`, `phone`, `gid`, `mobile`, `nationalnumber`, `department`, `division`, `with_honor`) VALUES (166912, 2015, '1', '', '', '', '', '035487894', '3', '0176631990', '', 'الكيمياء', 'العلوم البيولوجية', '');
INSERT INTO `lk9v6_users` (`name`, `email`, `usertype`) VALUES ('هبه الله عصام رشاد على احمد', 'heba13s05556@alexu.edu.eg', 'الخريجين');
INSERT INTO `lk9v6_alumni_main` (`id`, `user_id`, `approved`) VALUES (166913, 166913, 1);
INSERT INTO `lk9v6_alumni_data` (`alumni_id`, `graduation_year`, `fid`, `job`, `address`, `city`, `country`, `phone`, `gid`, `mobile`, `nationalnumber`, `department`, `division`, `with_honor`) VALUES (166913, 2015, '1', '', '', '', '', '5624811', '3', '01271518942', '', 'الكيمياء', 'العلوم البيولوجية', '');
INSERT INTO `lk9v6_users` (`name`, `email`, `usertype`) VALUES ('سلمى احمد محمد محمد', 'salma13s05395@alexu.edu.eg', 'الخريجين');
INSERT INTO `lk9v6_alumni_main` (`id`, `user_id`, `approved`) VALUES (166914, 166914, 1);
INSERT INTO `lk9v6_alumni_data` (`alumni_id`, `graduation_year`, `fid`, `job`, `address`, `city`, `country`, `phone`, `gid`, `mobile`, `nationalnumber`, `department`, `division`, `with_honor`) VALUES (166914, 2015, '1', '', '', '', '', '4246693', '3', '0162839588', '', 'الكيمياء', 'العلوم البيولوجية', '');
INSERT INTO `lk9v6_users` (`name`, `email`, `usertype`) VALUES ('دنيا وجدى ابراهيم عبدالواحد', 'donia13s05225@alexu.edu.eg', 'الخريجين');
INSERT INTO `lk9v6_alumni_main` (`id`, `user_id`, `approved`) VALUES (166915, 166915, 1);
INSERT INTO `lk9v6_alumni_data` (`alumni_id`, `graduation_year`, `fid`, `job`, `address`, `city`, `country`, `phone`, `gid`, `mobile`, `nationalnumber`, `department`, `division`, `with_honor`) VALUES (166915, 2015, '1', '', '', '', '', '035033282', '3', '01005735847', '', 'الكيمياء', 'العلوم البيولوجية', '');
INSERT INTO `lk9v6_users` (`name`, `email`, `usertype`) VALUES ('مروه الصافى ابراهيم محمد عطيه', 'marwa13s05237@alexu.edu.eg', 'الخريجين');
INSERT INTO `lk9v6_alumni_main` (`id`, `user_id`, `approved`) VALUES (166916, 166916, 1);
INSERT INTO `lk9v6_alumni_data` (`alumni_id`, `graduation_year`, `fid`, `job`, `address`, `city`, `country`, `phone`, `gid`, `mobile`, `nationalnumber`, `department`, `division`, `with_honor`) VALUES (166916, 2015, '1', '', '', '', '', '0452700931', '2', '01111361611', '', 'علم الحيوان', 'العلوم البيولوجية', '');
INSERT INTO `lk9v6_users` (`name`, `email`, `usertype`) VALUES ('سميه جمال انور مهنى', 'somaya13s03247@alexu.edu.eg', 'الخريجين');
INSERT INTO `lk9v6_alumni_main` (`id`, `user_id`, `approved`) VALUES (166917, 166917, 1);
INSERT INTO `lk9v6_alumni_data` (`alumni_id`, `graduation_year`, `fid`, `job`, `address`, `city`, `country`, `phone`, `gid`, `mobile`, `nationalnumber`, `department`, `division`, `with_honor`) VALUES (166917, 2015, '1', '', '', '', '', '034372816', '2', '01117287407', '', 'علم الحيوان', 'العلوم البيولوجية', '');
INSERT INTO `lk9v6_users` (`name`, `email`, `usertype`) VALUES ('نورهان جلال محمد ابراهيم جلال', 'nourhan13s05846@alexu.edu.eg', 'الخريجين');
INSERT INTO `lk9v6_alumni_main` (`id`, `user_id`, `approved`) VALUES (166918, 166918, 1);
INSERT INTO `lk9v6_alumni_data` (`alumni_id`, `graduation_year`, `fid`, `job`, `address`, `city`, `country`, `phone`, `gid`, `mobile`, `nationalnumber`, `department`, `division`, `with_honor`) VALUES (166918, 2015, '1', '', '', '', '', '4942455', '5', '01068569048', '', 'الكيمياء', 'العلوم البيولوجية', '');
INSERT INTO `lk9v6_users` (`name`, `email`, `usertype`) VALUES ('اسلام محمد توفيق اسماعيل الشامى', 'islam13s05734@alexu.edu.eg', 'الخريجين');
INSERT INTO `lk9v6_alumni_main` (`id`, `user_id`, `approved`) VALUES (166919, 166919, 1);
INSERT INTO `lk9v6_alumni_data` (`alumni_id`, `graduation_year`, `fid`, `job`, `address`, `city`, `country`, `phone`, `gid`, `mobile`, `nationalnumber`, `department`, `division`, `with_honor`) VALUES (166919, 2015, '1', '', '', '', '', '0473407463', '4', '01064485277', '', 'الكيمياء', 'العلوم البيولوجية', '');
INSERT INTO `lk9v6_users` (`name`, `email`, `usertype`) VALUES ('احمد عبدالمقصود عبدالرؤف احمد', 'ahmed13s05297@alexu.edu.eg', 'الخريجين');
INSERT INTO `lk9v6_alumni_main` (`id`, `user_id`, `approved`) VALUES (166920, 166920, 1);
INSERT INTO `lk9v6_alumni_data` (`alumni_id`, `graduation_year`, `fid`, `job`, `address`, `city`, `country`, `phone`, `gid`, `mobile`, `nationalnumber`, `department`, `division`, `with_honor`) VALUES (166920, 2015, '1', '', '', '', '', '0452270374', '3', '01274832787', '', 'الكيمياء', 'العلوم البيولوجية', '');
INSERT INTO `lk9v6_users` (`name`, `email`, `usertype`) VALUES ('هبه محمد احمد قنديل مصطفى', 'heba13s03951@alexu.edu.eg', 'الخريجين');
INSERT INTO `lk9v6_alumni_main` (`id`, `user_id`, `approved`) VALUES (166921, 166921, 1);
INSERT INTO `lk9v6_alumni_data` (`alumni_id`, `graduation_year`, `fid`, `job`, `address`, `city`, `country`, `phone`, `gid`, `mobile`, `nationalnumber`, `department`, `division`, `with_honor`) VALUES (166921, 2015, '1', '', '', '', '', '0162704342', '3', '01062704342', '', 'الكيمياء', 'العلوم البيولوجية', '');
INSERT INTO `lk9v6_users` (`name`, `email`, `usertype`) VALUES ('سارة عثمان عثمان سحلول', 'sara13s03201@alexu.edu.eg', 'الخريجين');
INSERT INTO `lk9v6_alumni_main` (`id`, `user_id`, `approved`) VALUES (166922, 166922, 1);
INSERT INTO `lk9v6_alumni_data` (`alumni_id`, `graduation_year`, `fid`, `job`, `address`, `city`, `country`, `phone`, `gid`, `mobile`, `nationalnumber`, `department`, `division`, `with_honor`) VALUES (166922, 2015, '1', '', '', '', '', '035559104', '2', '01140879819', '', 'الكيمياء', 'العلوم البيولوجية', '');
INSERT INTO `lk9v6_users` (`name`, `email`, `usertype`) VALUES ('ريهام محمد محمد عبده علام', 'reham13s01686@alexu.edu.eg', 'الخريجين');
INSERT INTO `lk9v6_alumni_main` (`id`, `user_id`, `approved`) VALUES (166923, 166923, 1);
INSERT INTO `lk9v6_alumni_data` (`alumni_id`, `graduation_year`, `fid`, `job`, `address`, `city`, `country`, `phone`, `gid`, `mobile`, `nationalnumber`, `department`, `division`, `with_honor`) VALUES (166923, 2015, '1', '', '', '', '', '0472710571', '3', '01148471662', '', 'الكيمياء', 'العلوم البيولوجية', '');
INSERT INTO `lk9v6_users` (`name`, `email`, `usertype`) VALUES ('امجد مجدى محمود محمد', 'amgad13s00452@alexu.edu.eg', 'الخريجين');
INSERT INTO `lk9v6_alumni_main` (`id`, `user_id`, `approved`) VALUES (166924, 166924, 1);
INSERT INTO `lk9v6_alumni_data` (`alumni_id`, `graduation_year`, `fid`, `job`, `address`, `city`, `country`, `phone`, `gid`, `mobile`, `nationalnumber`, `department`, `division`, `with_honor`) VALUES (166924, 2014, '1', '', '', '', '', '01022920452', '3', '01022920452', '', 'علوم البيئة', 'العلوم البيولوجية', '');
INSERT INTO `lk9v6_users` (`name`, `email`, `usertype`) VALUES ('ايمان محمد عبد الشفيع عبدالجيد', 'eman13s00471@alexu.edu.eg', 'الخريجين');
INSERT INTO `lk9v6_alumni_main` (`id`, `user_id`, `approved`) VALUES (166925, 166925, 1);
INSERT INTO `lk9v6_alumni_data` (`alumni_id`, `graduation_year`, `fid`, `job`, `address`, `city`, `country`, `phone`, `gid`, `mobile`, `nationalnumber`, `department`, `division`, `with_honor`) VALUES (166925, 2014, '1', '', '', '', '', '01284115490', '2', '0186460122', '', 'علوم البحار العامة', 'العلوم البيولوجية', '');
INSERT INTO `lk9v6_users` (`name`, `email`, `usertype`) VALUES ('رنا حسن عبد الحليم حسن', 'rana13s01667@alexu.edu.eg', 'الخريجين');
INSERT INTO `lk9v6_alumni_main` (`id`, `user_id`, `approved`) VALUES (166926, 166926, 1);
INSERT INTO `lk9v6_alumni_data` (`alumni_id`, `graduation_year`, `fid`, `job`, `address`, `city`, `country`, `phone`, `gid`, `mobile`, `nationalnumber`, `department`, `division`, `with_honor`) VALUES (166926, 2014, '1', '', '', '', '', '01099555157', '2', '01099555157', '', 'علوم البحار العامة', 'العلوم البيولوجية', '');
INSERT INTO `lk9v6_users` (`name`, `email`, `usertype`) VALUES ('اسلام احمد محمود محمد ', 'islam13s02142@alexu.edu.eg', 'الخريجين');
INSERT INTO `lk9v6_alumni_main` (`id`, `user_id`, `approved`) VALUES (166927, 166927, 1);
INSERT INTO `lk9v6_alumni_data` (`alumni_id`, `graduation_year`, `fid`, `job`, `address`, `city`, `country`, `phone`, `gid`, `mobile`, `nationalnumber`, `department`, `division`, `with_honor`) VALUES (166927, 2014, '1', '', '', '', '', '0473242326', '3', '01003335161', '', 'الكيمياء', 'العلوم البيولوجية', '');
INSERT INTO `lk9v6_users` (`name`, `email`, `usertype`) VALUES ('أحمد إبراهيم أحمد محمد ', 'ahmed13s06693@alexu.edu.eg', 'الخريجين');
INSERT INTO `lk9v6_alumni_main` (`id`, `user_id`, `approved`) VALUES (166928, 166928, 1);
INSERT INTO `lk9v6_alumni_data` (`alumni_id`, `graduation_year`, `fid`, `job`, `address`, `city`, `country`, `phone`, `gid`, `mobile`, `nationalnumber`, `department`, `division`, `with_honor`) VALUES (166928, 2015, '1', '', '', '', '', '5480380', '4', '01284143541', '', 'الميكروبيولوجى', 'العلوم البيولوجية', '');
INSERT INTO `lk9v6_users` (`name`, `email`, `usertype`) VALUES ('هبه احمد السيد عبدالمجيد', 'heba13s03531@alexu.edu.eg', 'الخريجين');
INSERT INTO `lk9v6_alumni_main` (`id`, `user_id`, `approved`) VALUES (166929, 166929, 1);
INSERT INTO `lk9v6_alumni_data` (`alumni_id`, `graduation_year`, `fid`, `job`, `address`, `city`, `country`, `phone`, `gid`, `mobile`, `nationalnumber`, `department`, `division`, `with_honor`) VALUES (166929, 2015, '1', '', '', '', '', '035186019', '4', '01276268029', '', 'الميكروبيولوجى', 'العلوم البيولوجية', '');
INSERT INTO `lk9v6_users` (`name`, `email`, `usertype`) VALUES ('مريم عاطف محمد عثمان', 'mariem13s03961@alexu.edu.eg', 'الخريجين');
INSERT INTO `lk9v6_alumni_main` (`id`, `user_id`, `approved`) VALUES (166930, 166930, 1);
INSERT INTO `lk9v6_alumni_data` (`alumni_id`, `graduation_year`, `fid`, `job`, `address`, `city`, `country`, `phone`, `gid`, `mobile`, `nationalnumber`, `department`, `division`, `with_honor`) VALUES (166930, 2015, '1', '', '', '', '', '0113076792', '3', '01113076792', '', 'علوم البيئة', 'العلوم البيولوجية', '');
INSERT INTO `lk9v6_users` (`name`, `email`, `usertype`) VALUES ('محمد فايز محمد ابراهيم', 'mohamed13s05706@alexu.edu.eg', 'الخريجين');
INSERT INTO `lk9v6_alumni_main` (`id`, `user_id`, `approved`) VALUES (166931, 166931, 1);
INSERT INTO `lk9v6_alumni_data` (`alumni_id`, `graduation_year`, `fid`, `job`, `address`, `city`, `country`, `phone`, `gid`, `mobile`, `nationalnumber`, `department`, `division`, `with_honor`) VALUES (166931, 2015, '1', '', '', '', '', '035491403', '3', '01019561331', '', 'الكيمياء', 'العلوم البيولوجية', '');
INSERT INTO `lk9v6_users` (`name`, `email`, `usertype`) VALUES ('ايمان عبدالحكيم على الحوفى', 'eman13s04973@alexu.edu.eg', 'الخريجين');
INSERT INTO `lk9v6_alumni_main` (`id`, `user_id`, `approved`) VALUES (166932, 166932, 1);
INSERT INTO `lk9v6_alumni_data` (`alumni_id`, `graduation_year`, `fid`, `job`, `address`, `city`, `country`, `phone`, `gid`, `mobile`, `nationalnumber`, `department`, `division`, `with_honor`) VALUES (166932, 2015, '1', '', '', '', '', '0459114151', '3', '01019910402', '', 'الكيمياء', 'العلوم البيولوجية', '');
INSERT INTO `lk9v6_users` (`name`, `email`, `usertype`) VALUES ('الاء علاء عبد الحى مبروك', 'alaa13s06322@alexu.edu.eg', 'الخريجين');
INSERT INTO `lk9v6_alumni_main` (`id`, `user_id`, `approved`) VALUES (166933, 166933, 1);
INSERT INTO `lk9v6_alumni_data` (`alumni_id`, `graduation_year`, `fid`, `job`, `address`, `city`, `country`, `phone`, `gid`, `mobile`, `nationalnumber`, `department`, `division`, `with_honor`) VALUES (166933, 2015, '1', '', '', '', '', '035545987', '3', '01001953738', '', 'الكيمياء', 'العلوم البيولوجية', '');
INSERT INTO `lk9v6_users` (`name`, `email`, `usertype`) VALUES ('باهية عبد العاطى عبد الحميد السيد', 'bahya13s03914@alexu.edu.eg', 'الخريجين');
INSERT INTO `lk9v6_alumni_main` (`id`, `user_id`, `approved`) VALUES (166934, 166934, 1);
INSERT INTO `lk9v6_alumni_data` (`alumni_id`, `graduation_year`, `fid`, `job`, `address`, `city`, `country`, `phone`, `gid`, `mobile`, `nationalnumber`, `department`, `division`, `with_honor`) VALUES (166934, 2015, '1', '', '', '', '', '0459155591', '3', '01123577107', '', 'الكيمياء', 'العلوم البيولوجية', '');
INSERT INTO `lk9v6_users` (`name`, `email`, `usertype`) VALUES ('احمد محمد خلف محمد', 'ahmed13s03908@alexu.edu.eg', 'الخريجين');
INSERT INTO `lk9v6_alumni_main` (`id`, `user_id`, `approved`) VALUES (166935, 166935, 1);
INSERT INTO `lk9v6_alumni_data` (`alumni_id`, `graduation_year`, `fid`, `job`, `address`, `city`, `country`, `phone`, `gid`, `mobile`, `nationalnumber`, `department`, `division`, `with_honor`) VALUES (166935, 2015, '1', '', '', '', '', '01111525798', '3', '01111525798', '', 'الكيمياء', 'العلوم البيولوجية', '');
INSERT INTO `lk9v6_users` (`name`, `email`, `usertype`) VALUES ('اسماء ابو المكارم عبد المقصود سعد عبد العال', 'asmaa13s05624@alexu.edu.eg', 'الخريجين');
INSERT INTO `lk9v6_alumni_main` (`id`, `user_id`, `approved`) VALUES (166936, 166936, 1);
INSERT INTO `lk9v6_alumni_data` (`alumni_id`, `graduation_year`, `fid`, `job`, `address`, `city`, `country`, `phone`, `gid`, `mobile`, `nationalnumber`, `department`, `division`, `with_honor`) VALUES (166936, 2015, '1', '', '', '', '', '035276786', '2', '01067075470', '', 'الكيمياء', 'العلوم البيولوجية', '');
INSERT INTO `lk9v6_users` (`name`, `email`, `usertype`) VALUES ('منه الله محمد جلال محمد احمد', 'menna13s06118@alexu.edu.eg', 'الخريجين');
INSERT INTO `lk9v6_alumni_main` (`id`, `user_id`, `approved`) VALUES (166937, 166937, 1);
INSERT INTO `lk9v6_alumni_data` (`alumni_id`, `graduation_year`, `fid`, `job`, `address`, `city`, `country`, `phone`, `gid`, `mobile`, `nationalnumber`, `department`, `division`, `with_honor`) VALUES (166937, 2015, '1', '', '', '', '', '033260978', '2', '0171884719', '', 'علوم البحار العامة', 'العلوم البيولوجية', '');
INSERT INTO `lk9v6_users` (`name`, `email`, `usertype`) VALUES ('فاطمه السيد ابو العلا محمد', 'fatma13s06312@alexu.edu.eg', 'الخريجين');
INSERT INTO `lk9v6_alumni_main` (`id`, `user_id`, `approved`) VALUES (166938, 166938, 1);
INSERT INTO `lk9v6_alumni_data` (`alumni_id`, `graduation_year`, `fid`, `job`, `address`, `city`, `country`, `phone`, `gid`, `mobile`, `nationalnumber`, `department`, `division`, `with_honor`) VALUES (166938, 2015, '1', '', '', '', '', '3814275', '2', '01502885661', '', 'الكيمياء', 'العلوم البيولوجية', '');
INSERT INTO `lk9v6_users` (`name`, `email`, `usertype`) VALUES ('رغدة بهاء الدين  محمود خميس', 'raghda13s03658@alexu.edu.eg', 'الخريجين');
INSERT INTO `lk9v6_alumni_main` (`id`, `user_id`, `approved`) VALUES (166939, 166939, 1);
INSERT INTO `lk9v6_alumni_data` (`alumni_id`, `graduation_year`, `fid`, `job`, `address`, `city`, `country`, `phone`, `gid`, `mobile`, `nationalnumber`, `department`, `division`, `with_honor`) VALUES (166939, 2015, '1', '', '', '', '', '0452219085', '2', '01283277336', '', 'علوم البيئة', 'العلوم البيولوجية', '');
INSERT INTO `lk9v6_users` (`name`, `email`, `usertype`) VALUES ('منه الله حسنين اسماعيل محمد عبد الحميد', 'menna13s05783@alexu.edu.eg', 'الخريجين');
INSERT INTO `lk9v6_alumni_main` (`id`, `user_id`, `approved`) VALUES (166940, 166940, 1);
INSERT INTO `lk9v6_alumni_data` (`alumni_id`, `graduation_year`, `fid`, `job`, `address`, `city`, `country`, `phone`, `gid`, `mobile`, `nationalnumber`, `department`, `division`, `with_honor`) VALUES (166940, 2015, '1', '', '', '', '', '033591061', '2', '01000177727', '', 'الكيمياء', 'العلوم البيولوجية', '');
INSERT INTO `lk9v6_users` (`name`, `email`, `usertype`) VALUES ('سمر على عبدالعظيم عميش', 'samar13s03244@alexu.edu.eg', 'الخريجين');
INSERT INTO `lk9v6_alumni_main` (`id`, `user_id`, `approved`) VALUES (166941, 166941, 1);
INSERT INTO `lk9v6_alumni_data` (`alumni_id`, `graduation_year`, `fid`, `job`, `address`, `city`, `country`, `phone`, `gid`, `mobile`, `nationalnumber`, `department`, `division`, `with_honor`) VALUES (166941, 2015, '1', '', '', '', '', '3310050', '2', '01289313930', '', 'علوم البحار العامة', 'العلوم البيولوجية', '');
INSERT INTO `lk9v6_users` (`name`, `email`, `usertype`) VALUES ('رضوى حسام الدين سعد محمد سعد', 'radwa13s04873@alexu.edu.eg', 'الخريجين');
INSERT INTO `lk9v6_alumni_main` (`id`, `user_id`, `approved`) VALUES (166942, 166942, 1);
INSERT INTO `lk9v6_alumni_data` (`alumni_id`, `graduation_year`, `fid`, `job`, `address`, `city`, `country`, `phone`, `gid`, `mobile`, `nationalnumber`, `department`, `division`, `with_honor`) VALUES (166942, 2015, '1', '', '', '', '', '5051181', '4', '01203610605', '', 'الكيمياء', 'العلوم البيولوجية', '');
INSERT INTO `lk9v6_users` (`name`, `email`, `usertype`) VALUES ('ياسين احمد حسين كمال احمد محمد', 'yasin13s06079@alexu.edu.eg', 'الخريجين');
INSERT INTO `lk9v6_alumni_main` (`id`, `user_id`, `approved`) VALUES (166943, 166943, 1);
INSERT INTO `lk9v6_alumni_data` (`alumni_id`, `graduation_year`, `fid`, `job`, `address`, `city`, `country`, `phone`, `gid`, `mobile`, `nationalnumber`, `department`, `division`, `with_honor`) VALUES (166943, 2015, '1', '', '', '', '', '033933457', '3', '01271675613', '', 'الكيمياء', 'العلوم البيولوجية', '');
INSERT INTO `lk9v6_users` (`name`, `email`, `usertype`) VALUES ('منال حمدينه عبد القادر السيد العوضى', '', 'الخريجين');
INSERT INTO `lk9v6_alumni_main` (`id`, `user_id`, `approved`) VALUES (166944, 166944, 1);
INSERT INTO `lk9v6_alumni_data` (`alumni_id`, `graduation_year`, `fid`, `job`, `address`, `city`, `country`, `phone`, `gid`, `mobile`, `nationalnumber`, `department`, `division`, `with_honor`) VALUES (166944, 2015, '1', '', '', '', '', '034259574', '5', '01270244893', '', 'الفيزياء', 'العلوم الطبيعية', '');
INSERT INTO `lk9v6_users` (`name`, `email`, `usertype`) VALUES ('ندى محمد محمد سلامه سيدالاهل', 'nada13s04356@alexu.edu.eg', 'الخريجين');
INSERT INTO `lk9v6_alumni_main` (`id`, `user_id`, `approved`) VALUES (166945, 166945, 1);
INSERT INTO `lk9v6_alumni_data` (`alumni_id`, `graduation_year`, `fid`, `job`, `address`, `city`, `country`, `phone`, `gid`, `mobile`, `nationalnumber`, `department`, `division`, `with_honor`) VALUES (166945, 2015, '1', '', '', '', '', '035308351', '4', '01274817454', '', 'الكيمياء', 'العلوم الطبيعية', '');
INSERT INTO `lk9v6_users` (`name`, `email`, `usertype`) VALUES ('الحسن صفى الدين طه عبدالحميد', 'alhasan13s01236@alexu.edu.eg', 'الخريجين');
INSERT INTO `lk9v6_alumni_main` (`id`, `user_id`, `approved`) VALUES (166946, 166946, 1);
INSERT INTO `lk9v6_alumni_data` (`alumni_id`, `graduation_year`, `fid`, `job`, `address`, `city`, `country`, `phone`, `gid`, `mobile`, `nationalnumber`, `department`, `division`, `with_honor`) VALUES (166946, 2015, '1', '', '', '', '', '034394966', '2', '01016732375', '', 'الفيزياء', 'العلوم الطبيعية', '');
INSERT INTO `lk9v6_users` (`name`, `email`, `usertype`) VALUES ('نعمة اسامة على احمد بسيونى', 'nema13s01987@alexu.edu.eg', 'الخريجين');
INSERT INTO `lk9v6_alumni_main` (`id`, `user_id`, `approved`) VALUES (166947, 166947, 1);
INSERT INTO `lk9v6_alumni_data` (`alumni_id`, `graduation_year`, `fid`, `job`, `address`, `city`, `country`, `phone`, `gid`, `mobile`, `nationalnumber`, `department`, `division`, `with_honor`) VALUES (166947, 2014, '1', '', '', '', '', '5735541', '2', '01113365427', '', 'الكيمياء', 'العلوم البيولوجية', '');
INSERT INTO `lk9v6_users` (`name`, `email`, `usertype`) VALUES ('منه الله عادل رجب محمد احمد', 'menna13s05723@alexu.edu.eg', 'الخريجين');
INSERT INTO `lk9v6_alumni_main` (`id`, `user_id`, `approved`) VALUES (166948, 166948, 1);
INSERT INTO `lk9v6_alumni_data` (`alumni_id`, `graduation_year`, `fid`, `job`, `address`, `city`, `country`, `phone`, `gid`, `mobile`, `nationalnumber`, `department`, `division`, `with_honor`) VALUES (166948, 2015, '1', '', '', '', '', '3238395', '3', '01283375572', '', 'الكيمياء', 'العلوم البيولوجية', '');
INSERT INTO `lk9v6_users` (`name`, `email`, `usertype`) VALUES ('شرين السيدرجب عبده محمد', 'sherin13s05028@alexu.edu.eg', 'الخريجين');
INSERT INTO `lk9v6_alumni_main` (`id`, `user_id`, `approved`) VALUES (166949, 166949, 1);
INSERT INTO `lk9v6_alumni_data` (`alumni_id`, `graduation_year`, `fid`, `job`, `address`, `city`, `country`, `phone`, `gid`, `mobile`, `nationalnumber`, `department`, `division`, `with_honor`) VALUES (166949, 2015, '1', '', '', '', '', '3239594', '3', '01280751756', '', 'الكيمياء', 'العلوم البيولوجية', '');
INSERT INTO `lk9v6_users` (`name`, `email`, `usertype`) VALUES ('محمد عبدالحفيظ قطب عبدالحفيظ', 'mohamed13s02205@alexu.edu.eg', 'الخريجين');
INSERT INTO `lk9v6_alumni_main` (`id`, `user_id`, `approved`) VALUES (166950, 166950, 1);
INSERT INTO `lk9v6_alumni_data` (`alumni_id`, `graduation_year`, `fid`, `job`, `address`, `city`, `country`, `phone`, `gid`, `mobile`, `nationalnumber`, `department`, `division`, `with_honor`) VALUES (166950, 2015, '1', '', '', '', '', '035026466', '2', '01273534406', '', 'علوم البحار العامة', 'العلوم البيولوجية', '');
INSERT INTO `lk9v6_users` (`name`, `email`, `usertype`) VALUES ('محمد احمد ابراهيم عبده', 'mohamed13s03889@alexu.edu.eg', 'الخريجين');
INSERT INTO `lk9v6_alumni_main` (`id`, `user_id`, `approved`) VALUES (166951, 166951, 1);
INSERT INTO `lk9v6_alumni_data` (`alumni_id`, `graduation_year`, `fid`, `job`, `address`, `city`, `country`, `phone`, `gid`, `mobile`, `nationalnumber`, `department`, `division`, `with_honor`) VALUES (166951, 2014, '1', '', '', '', '', '035759521', '3', '01220179432', '', 'الأحصاء', 'العلوم الطبيعية', '');
INSERT INTO `lk9v6_users` (`name`, `email`, `usertype`) VALUES ('احمد محمود محمد احمد عبدالله', 'ahmed13s04396@alexu.edu.eg', 'الخريجين');
INSERT INTO `lk9v6_alumni_main` (`id`, `user_id`, `approved`) VALUES (166952, 166952, 1);
INSERT INTO `lk9v6_alumni_data` (`alumni_id`, `graduation_year`, `fid`, `job`, `address`, `city`, `country`, `phone`, `gid`, `mobile`, `nationalnumber`, `department`, `division`, `with_honor`) VALUES (166952, 2015, '1', '', '', '', '', '5767587', '5', '01001252759', '', 'الأحصاء', 'العلوم الطبيعية', '');
INSERT INTO `lk9v6_users` (`name`, `email`, `usertype`) VALUES ('اسماء نصر احمد مختار السيد', 'asmaa13s04278@alexu.edu.eg', 'الخريجين');
INSERT INTO `lk9v6_alumni_main` (`id`, `user_id`, `approved`) VALUES (166953, 166953, 1);
INSERT INTO `lk9v6_alumni_data` (`alumni_id`, `graduation_year`, `fid`, `job`, `address`, `city`, `country`, `phone`, `gid`, `mobile`, `nationalnumber`, `department`, `division`, `with_honor`) VALUES (166953, 2015, '1', '', '', '', '', '5556636', '4', '01100044495', '', 'الأحصاء', 'العلوم الطبيعية', '');
INSERT INTO `lk9v6_users` (`name`, `email`, `usertype`) VALUES ('ساره  محمد عبد الحميد الدرينى ', 'sara13s06772@alexu.edu.eg', 'الخريجين');
INSERT INTO `lk9v6_alumni_main` (`id`, `user_id`, `approved`) VALUES (166954, 166954, 1);
INSERT INTO `lk9v6_alumni_data` (`alumni_id`, `graduation_year`, `fid`, `job`, `address`, `city`, `country`, `phone`, `gid`, `mobile`, `nationalnumber`, `department`, `division`, `with_honor`) VALUES (166954, 2015, '1', '', '', '', '', '035508418', '4', '01221239897', '', 'الأحصاء', 'العلوم الطبيعية', '');
INSERT INTO `lk9v6_users` (`name`, `email`, `usertype`) VALUES ('سلمى وحيد التهامى السيد على', 'salma13s04727@alexu.edu.eg', 'الخريجين');
INSERT INTO `lk9v6_alumni_main` (`id`, `user_id`, `approved`) VALUES (166955, 166955, 1);
INSERT INTO `lk9v6_alumni_data` (`alumni_id`, `graduation_year`, `fid`, `job`, `address`, `city`, `country`, `phone`, `gid`, `mobile`, `nationalnumber`, `department`, `division`, `with_honor`) VALUES (166955, 2015, '1', '', '', '', '', '034355831', '4', '01280219215', '', 'الأحصاء', 'العلوم الطبيعية', '');
INSERT INTO `lk9v6_users` (`name`, `email`, `usertype`) VALUES ('ناجى عبدالقوى الحسينى بدر', 'nagy13s04724@alexu.edu.eg', 'الخريجين');
INSERT INTO `lk9v6_alumni_main` (`id`, `user_id`, `approved`) VALUES (166956, 166956, 1);
INSERT INTO `lk9v6_alumni_data` (`alumni_id`, `graduation_year`, `fid`, `job`, `address`, `city`, `country`, `phone`, `gid`, `mobile`, `nationalnumber`, `department`, `division`, `with_honor`) VALUES (166956, 2015, '1', '', '', '', '', '0472776808', '4', '01017454109', '', 'الأحصاء', 'العلوم الطبيعية', '');
INSERT INTO `lk9v6_users` (`name`, `email`, `usertype`) VALUES ('اسراء رأفت محمود حسن محمد عامر', 'esraa13s04750@alexu.edu.eg', 'الخريجين');
INSERT INTO `lk9v6_alumni_main` (`id`, `user_id`, `approved`) VALUES (166957, 166957, 1);
INSERT INTO `lk9v6_alumni_data` (`alumni_id`, `graduation_year`, `fid`, `job`, `address`, `city`, `country`, `phone`, `gid`, `mobile`, `nationalnumber`, `department`, `division`, `with_honor`) VALUES (166957, 2015, '1', '', '', '', '', '035054746', '4', '01229391877', '', 'الفيزياء', 'العلوم الطبيعية', '');
INSERT INTO `lk9v6_users` (`name`, `email`, `usertype`) VALUES ('كريم عبدالمجيد خليفه ريحان', 'karim13s04541@alexu.edu.eg', 'الخريجين');
INSERT INTO `lk9v6_alumni_main` (`id`, `user_id`, `approved`) VALUES (166958, 166958, 1);
INSERT INTO `lk9v6_alumni_data` (`alumni_id`, `graduation_year`, `fid`, `job`, `address`, `city`, `country`, `phone`, `gid`, `mobile`, `nationalnumber`, `department`, `division`, `with_honor`) VALUES (166958, 2015, '1', '', '', '', '', '4944787', '4', '0191924878', '', 'الفيزياء', 'العلوم الطبيعية', '');
INSERT INTO `lk9v6_users` (`name`, `email`, `usertype`) VALUES ('شرين عبدالشكور عبدالبصير قرينى', 'sherin13s04676@alexu.edu.eg', 'الخريجين');
INSERT INTO `lk9v6_alumni_main` (`id`, `user_id`, `approved`) VALUES (166959, 166959, 1);
INSERT INTO `lk9v6_alumni_data` (`alumni_id`, `graduation_year`, `fid`, `job`, `address`, `city`, `country`, `phone`, `gid`, `mobile`, `nationalnumber`, `department`, `division`, `with_honor`) VALUES (166959, 2015, '1', '', '', '', '', '0453327728', '4', '0195251270', '', 'الأحصاء', 'العلوم الطبيعية', '');
INSERT INTO `lk9v6_users` (`name`, `email`, `usertype`) VALUES ('سلسبيل طارق محمد حنفى محمد', 'salsabil13s04263@alexu.edu.eg', 'الخريجين');
INSERT INTO `lk9v6_alumni_main` (`id`, `user_id`, `approved`) VALUES (166960, 166960, 1);
INSERT INTO `lk9v6_alumni_data` (`alumni_id`, `graduation_year`, `fid`, `job`, `address`, `city`, `country`, `phone`, `gid`, `mobile`, `nationalnumber`, `department`, `division`, `with_honor`) VALUES (166960, 2015, '1', '', '', '', '', '034816483', '4', '0199266944', '', 'الأحصاء', 'العلوم الطبيعية', '');
INSERT INTO `lk9v6_users` (`name`, `email`, `usertype`) VALUES ('حازم احمد على طعيمة', 'hazem13s06761@alexu.edu.eg', 'الخريجين');
INSERT INTO `lk9v6_alumni_main` (`id`, `user_id`, `approved`) VALUES (166961, 166961, 1);
INSERT INTO `lk9v6_alumni_data` (`alumni_id`, `graduation_year`, `fid`, `job`, `address`, `city`, `country`, `phone`, `gid`, `mobile`, `nationalnumber`, `department`, `division`, `with_honor`) VALUES (166961, 2015, '1', '', '', '', '', '5628586', '4', '01145385656', '', 'الفيزياء', 'العلوم الطبيعية', '');
INSERT INTO `lk9v6_users` (`name`, `email`, `usertype`) VALUES ('هدير عبد الستار عبد الرؤف محمد', 'hadeer13s04644@alexu.edu.eg', 'الخريجين');
INSERT INTO `lk9v6_alumni_main` (`id`, `user_id`, `approved`) VALUES (166962, 166962, 1);
INSERT INTO `lk9v6_alumni_data` (`alumni_id`, `graduation_year`, `fid`, `job`, `address`, `city`, `country`, `phone`, `gid`, `mobile`, `nationalnumber`, `department`, `division`, `with_honor`) VALUES (166962, 2015, '1', '', '', '', '', '034953645', '4', '01286732717', '', 'الأحصاء', 'العلوم الطبيعية', '');
INSERT INTO `lk9v6_users` (`name`, `email`, `usertype`) VALUES ('عمرو محمد خميس محمد', 'amr13s06509@alexu.edu.eg', 'الخريجين');
INSERT INTO `lk9v6_alumni_main` (`id`, `user_id`, `approved`) VALUES (166963, 166963, 1);
INSERT INTO `lk9v6_alumni_data` (`alumni_id`, `graduation_year`, `fid`, `job`, `address`, `city`, `country`, `phone`, `gid`, `mobile`, `nationalnumber`, `department`, `division`, `with_honor`) VALUES (166963, 2015, '1', '', '', '', '', '3918096', '4', '0173384261', '', 'الأحصاء', 'العلوم الطبيعية', '');
INSERT INTO `lk9v6_users` (`name`, `email`, `usertype`) VALUES ('حميده درويش عبدالحميد محمد', 'hamida13s04395@alexu.edu.eg', 'الخريجين');
INSERT INTO `lk9v6_alumni_main` (`id`, `user_id`, `approved`) VALUES (166964, 166964, 1);
INSERT INTO `lk9v6_alumni_data` (`alumni_id`, `graduation_year`, `fid`, `job`, `address`, `city`, `country`, `phone`, `gid`, `mobile`, `nationalnumber`, `department`, `division`, `with_honor`) VALUES (166964, 2015, '1', '', '', '', '', '035754333', '4', '01062473193', '', 'الأحصاء', 'العلوم الطبيعية', '');
INSERT INTO `lk9v6_users` (`name`, `email`, `usertype`) VALUES ('جمال محمد منصور عون خليل', 'gamal13s04297@alexu.edu.eg', 'الخريجين');
INSERT INTO `lk9v6_alumni_main` (`id`, `user_id`, `approved`) VALUES (166965, 166965, 1);
INSERT INTO `lk9v6_alumni_data` (`alumni_id`, `graduation_year`, `fid`, `job`, `address`, `city`, `country`, `phone`, `gid`, `mobile`, `nationalnumber`, `department`, `division`, `with_honor`) VALUES (166965, 2015, '1', '', '', '', '', '3225246', '4', '01283573696', '', 'الفيزياء', 'العلوم الطبيعية', '');
INSERT INTO `lk9v6_users` (`name`, `email`, `usertype`) VALUES ('عمر احمد مطاوع سليمان', 'omar13s04664@alexu.edu.eg', 'الخريجين');
INSERT INTO `lk9v6_alumni_main` (`id`, `user_id`, `approved`) VALUES (166966, 166966, 1);
INSERT INTO `lk9v6_alumni_data` (`alumni_id`, `graduation_year`, `fid`, `job`, `address`, `city`, `country`, `phone`, `gid`, `mobile`, `nationalnumber`, `department`, `division`, `with_honor`) VALUES (166966, 2015, '1', '', '', '', '', '4249564', '4', '01015044866', '', 'الأحصاء', 'العلوم الطبيعية', '');
INSERT INTO `lk9v6_users` (`name`, `email`, `usertype`) VALUES ('حازم احمد على شحاته نمير', 'hazem13s04797@alexu.edu.eg', 'الخريجين');
INSERT INTO `lk9v6_alumni_main` (`id`, `user_id`, `approved`) VALUES (166967, 166967, 1);
INSERT INTO `lk9v6_alumni_data` (`alumni_id`, `graduation_year`, `fid`, `job`, `address`, `city`, `country`, `phone`, `gid`, `mobile`, `nationalnumber`, `department`, `division`, `with_honor`) VALUES (166967, 2015, '1', '', '', '', '', '035331633', '4', '01000967158', '', 'الأحصاء', 'العلوم الطبيعية', '');
INSERT INTO `lk9v6_users` (`name`, `email`, `usertype`) VALUES ('تيسير ابراهيم انور ابراهيم اسماعيل', 'taysir13s04264@alexu.edu.eg', 'الخريجين');
INSERT INTO `lk9v6_alumni_main` (`id`, `user_id`, `approved`) VALUES (166968, 166968, 1);
INSERT INTO `lk9v6_alumni_data` (`alumni_id`, `graduation_year`, `fid`, `job`, `address`, `city`, `country`, `phone`, `gid`, `mobile`, `nationalnumber`, `department`, `division`, `with_honor`) VALUES (166968, 2015, '1', '', '', '', '', '033223247', '4', '01140004119', '', 'الفيزياء', 'العلوم الطبيعية', '');
INSERT INTO `lk9v6_users` (`name`, `email`, `usertype`) VALUES ('صفاء سامى محروس احمد عمر', 'safaa13s04310@alexu.edu.eg', 'الخريجين');
INSERT INTO `lk9v6_alumni_main` (`id`, `user_id`, `approved`) VALUES (166969, 166969, 1);
INSERT INTO `lk9v6_alumni_data` (`alumni_id`, `graduation_year`, `fid`, `job`, `address`, `city`, `country`, `phone`, `gid`, `mobile`, `nationalnumber`, `department`, `division`, `with_honor`) VALUES (166969, 2015, '1', '', '', '', '', '01279585208', '4', '01279585208', '', 'الأحصاء', 'العلوم الطبيعية', '');
INSERT INTO `lk9v6_users` (`name`, `email`, `usertype`) VALUES ('نورهان ابراهيم بخاطرو عثمان زيان', 'nourhan13s06533@alexu.edu.eg', 'الخريجين');
INSERT INTO `lk9v6_alumni_main` (`id`, `user_id`, `approved`) VALUES (166970, 166970, 1);
INSERT INTO `lk9v6_alumni_data` (`alumni_id`, `graduation_year`, `fid`, `job`, `address`, `city`, `country`, `phone`, `gid`, `mobile`, `nationalnumber`, `department`, `division`, `with_honor`) VALUES (166970, 2015, '1', '', '', '', '', '033241110', '3', '0182950925', '', 'الأحصاء', 'العلوم الطبيعية', '');
INSERT INTO `lk9v6_users` (`name`, `email`, `usertype`) VALUES ('وليد رزق عبدالجيد عبدالفتاح عثمان', 'waleed13s04733@alexu.edu.eg', 'الخريجين');
INSERT INTO `lk9v6_alumni_main` (`id`, `user_id`, `approved`) VALUES (166971, 166971, 1);
INSERT INTO `lk9v6_alumni_data` (`alumni_id`, `graduation_year`, `fid`, `job`, `address`, `city`, `country`, `phone`, `gid`, `mobile`, `nationalnumber`, `department`, `division`, `with_honor`) VALUES (166971, 2015, '1', '', '', '', '', '4257184', '3', '01271015534', '', 'الأحصاء', 'العلوم الطبيعية', '');
INSERT INTO `lk9v6_users` (`name`, `email`, `usertype`) VALUES ('ساندى محمود محمد سالم رمضان', 'sandy13s04744@alexu.edu.eg', 'الخريجين');
INSERT INTO `lk9v6_alumni_main` (`id`, `user_id`, `approved`) VALUES (166972, 166972, 1);
INSERT INTO `lk9v6_alumni_data` (`alumni_id`, `graduation_year`, `fid`, `job`, `address`, `city`, `country`, `phone`, `gid`, `mobile`, `nationalnumber`, `department`, `division`, `with_honor`) VALUES (166972, 2015, '1', '', '', '', '', '033586114', '3', '01122644707', '', 'الأحصاء', 'العلوم الطبيعية', '');
INSERT INTO `lk9v6_users` (`name`, `email`, `usertype`) VALUES ('رضوى محمد خميس مصطفى البرعى', 'radwa13s04430@alexu.edu.eg', 'الخريجين');
INSERT INTO `lk9v6_alumni_main` (`id`, `user_id`, `approved`) VALUES (166973, 166973, 1);
INSERT INTO `lk9v6_alumni_data` (`alumni_id`, `graduation_year`, `fid`, `job`, `address`, `city`, `country`, `phone`, `gid`, `mobile`, `nationalnumber`, `department`, `division`, `with_honor`) VALUES (166973, 2015, '1', '', '', '', '', '035353317', '3', '0183642090', '', 'الفيزياء', 'العلوم الطبيعية', '');
INSERT INTO `lk9v6_users` (`name`, `email`, `usertype`) VALUES ('شروق لطفى محمد ابو الفتح احمد عامر', 'sherok13s06136@alexu.edu.eg', 'الخريجين');
INSERT INTO `lk9v6_alumni_main` (`id`, `user_id`, `approved`) VALUES (166974, 166974, 1);
INSERT INTO `lk9v6_alumni_data` (`alumni_id`, `graduation_year`, `fid`, `job`, `address`, `city`, `country`, `phone`, `gid`, `mobile`, `nationalnumber`, `department`, `division`, `with_honor`) VALUES (166974, 2015, '1', '', '', '', '', '0464936609', '3', '0107325158', '', 'الأحصاء', 'العلوم الطبيعية', '');
INSERT INTO `lk9v6_users` (`name`, `email`, `usertype`) VALUES ('احمد محمد احمد محمد نبوى', 'ahmed13s06266@alexu.edu.eg', 'الخريجين');
INSERT INTO `lk9v6_alumni_main` (`id`, `user_id`, `approved`) VALUES (166975, 166975, 1);
INSERT INTO `lk9v6_alumni_data` (`alumni_id`, `graduation_year`, `fid`, `job`, `address`, `city`, `country`, `phone`, `gid`, `mobile`, `nationalnumber`, `department`, `division`, `with_honor`) VALUES (166975, 2015, '1', '', '', '', '', '035186075', '3', '01129601696', '', 'الأحصاء', 'العلوم الطبيعية', '');
INSERT INTO `lk9v6_users` (`name`, `email`, `usertype`) VALUES ('ولاء محمد عبد الله ابراهيم محمود', 'walaa13s04672@alexu.edu.eg', 'الخريجين');
INSERT INTO `lk9v6_alumni_main` (`id`, `user_id`, `approved`) VALUES (166976, 166976, 1);
INSERT INTO `lk9v6_alumni_data` (`alumni_id`, `graduation_year`, `fid`, `job`, `address`, `city`, `country`, `phone`, `gid`, `mobile`, `nationalnumber`, `department`, `division`, `with_honor`) VALUES (166976, 2015, '1', '', '', '', '', '035185254', '3', '01229569182', '', 'الفيزياء', 'العلوم الطبيعية', '');
INSERT INTO `lk9v6_users` (`name`, `email`, `usertype`) VALUES ('ساره عادل مصطفى عيسى حجاج', 'sara13s04552@alexu.edu.eg', 'الخريجين');
INSERT INTO `lk9v6_alumni_main` (`id`, `user_id`, `approved`) VALUES (166977, 166977, 1);
INSERT INTO `lk9v6_alumni_data` (`alumni_id`, `graduation_year`, `fid`, `job`, `address`, `city`, `country`, `phone`, `gid`, `mobile`, `nationalnumber`, `department`, `division`, `with_honor`) VALUES (166977, 2015, '1', '', '', '', '', '033011359', '3', '0187306421', '', 'الفيزياء', 'العلوم الطبيعية', '');
INSERT INTO `lk9v6_users` (`name`, `email`, `usertype`) VALUES ('فيوليت وجدى عادل شحاته', 'violet13s06298@alexu.edu.eg', 'الخريجين');
INSERT INTO `lk9v6_alumni_main` (`id`, `user_id`, `approved`) VALUES (166978, 166978, 1);
INSERT INTO `lk9v6_alumni_data` (`alumni_id`, `graduation_year`, `fid`, `job`, `address`, `city`, `country`, `phone`, `gid`, `mobile`, `nationalnumber`, `department`, `division`, `with_honor`) VALUES (166978, 2015, '1', '', '', '', '', '035466312', '3', '01228467247', '', 'الفيزياء', 'العلوم الطبيعية', '');
INSERT INTO `lk9v6_users` (`name`, `email`, `usertype`) VALUES ('افنان محمد عبدالصبور مرسى', 'afnan13s04558@alexu.edu.eg', 'الخريجين');
INSERT INTO `lk9v6_alumni_main` (`id`, `user_id`, `approved`) VALUES (166979, 166979, 1);
INSERT INTO `lk9v6_alumni_data` (`alumni_id`, `graduation_year`, `fid`, `job`, `address`, `city`, `country`, `phone`, `gid`, `mobile`, `nationalnumber`, `department`, `division`, `with_honor`) VALUES (166979, 2015, '1', '', '', '', '', '035044593', '3', '01000644967', '', 'الأحصاء', 'العلوم الطبيعية', '');
INSERT INTO `lk9v6_users` (`name`, `email`, `usertype`) VALUES ('نشوى عماد على حسن', 'nashwa13s06646@alexu.edu.eg', 'الخريجين');
INSERT INTO `lk9v6_alumni_main` (`id`, `user_id`, `approved`) VALUES (166980, 166980, 1);
INSERT INTO `lk9v6_alumni_data` (`alumni_id`, `graduation_year`, `fid`, `job`, `address`, `city`, `country`, `phone`, `gid`, `mobile`, `nationalnumber`, `department`, `division`, `with_honor`) VALUES (166980, 2015, '1', '', '', '', '', '5917503', '3', '01061204253', '', 'الأحصاء', 'العلوم الطبيعية', '');
INSERT INTO `lk9v6_users` (`name`, `email`, `usertype`) VALUES ('دعاء محمد عبده مصطفى ', 'doaa13s06711@alexu.edu.eg', 'الخريجين');
INSERT INTO `lk9v6_alumni_main` (`id`, `user_id`, `approved`) VALUES (166981, 166981, 1);
INSERT INTO `lk9v6_alumni_data` (`alumni_id`, `graduation_year`, `fid`, `job`, `address`, `city`, `country`, `phone`, `gid`, `mobile`, `nationalnumber`, `department`, `division`, `with_honor`) VALUES (166981, 2015, '1', '', '', '', '', '5579606', '3', '01211475133', '', 'الأحصاء', 'العلوم الطبيعية', '');
INSERT INTO `lk9v6_users` (`name`, `email`, `usertype`) VALUES ('زياد محمد عبدالحميد ابراهيم', 'ziad13s04376@alexu.edu.eg', 'الخريجين');
INSERT INTO `lk9v6_alumni_main` (`id`, `user_id`, `approved`) VALUES (166982, 166982, 1);
INSERT INTO `lk9v6_alumni_data` (`alumni_id`, `graduation_year`, `fid`, `job`, `address`, `city`, `country`, `phone`, `gid`, `mobile`, `nationalnumber`, `department`, `division`, `with_honor`) VALUES (166982, 2015, '1', '', '', '', '', '3904822', '3', '01220331717', '', 'الفيزياء', 'العلوم الطبيعية', '');
INSERT INTO `lk9v6_users` (`name`, `email`, `usertype`) VALUES ('هدى هشام كامل سعد الله احمد', 'hoda13s04588@alexu.edu.eg', 'الخريجين');
INSERT INTO `lk9v6_alumni_main` (`id`, `user_id`, `approved`) VALUES (166983, 166983, 1);
INSERT INTO `lk9v6_alumni_data` (`alumni_id`, `graduation_year`, `fid`, `job`, `address`, `city`, `country`, `phone`, `gid`, `mobile`, `nationalnumber`, `department`, `division`, `with_honor`) VALUES (166983, 2015, '1', '', '', '', '', '0123567382', '3', '01272928263', '', 'الأحصاء', 'العلوم الطبيعية', '');
INSERT INTO `lk9v6_users` (`name`, `email`, `usertype`) VALUES ('ريموندا هانى سامى نجيب', 'rimonda13s06380@alexu.edu.eg', 'الخريجين');
INSERT INTO `lk9v6_alumni_main` (`id`, `user_id`, `approved`) VALUES (166984, 166984, 1);
INSERT INTO `lk9v6_alumni_data` (`alumni_id`, `graduation_year`, `fid`, `job`, `address`, `city`, `country`, `phone`, `gid`, `mobile`, `nationalnumber`, `department`, `division`, `with_honor`) VALUES (166984, 2015, '1', '', '', '', '', '5934793', '3', '0173696908', '', 'الأحصاء', 'العلوم الطبيعية', '');
INSERT INTO `lk9v6_users` (`name`, `email`, `usertype`) VALUES ('هدير احمد حسن جلو', 'hadeer13s04340@alexu.edu.eg', 'الخريجين');
INSERT INTO `lk9v6_alumni_main` (`id`, `user_id`, `approved`) VALUES (166985, 166985, 1);
INSERT INTO `lk9v6_alumni_data` (`alumni_id`, `graduation_year`, `fid`, `job`, `address`, `city`, `country`, `phone`, `gid`, `mobile`, `nationalnumber`, `department`, `division`, `with_honor`) VALUES (166985, 2015, '1', '', '', '', '', '0452922580', '3', '01091123423', '', 'الأحصاء', 'العلوم الطبيعية', '');
INSERT INTO `lk9v6_users` (`name`, `email`, `usertype`) VALUES ('نورهان محمود على السيد', 'nourhan13s06310@alexu.edu.eg', 'الخريجين');
INSERT INTO `lk9v6_alumni_main` (`id`, `user_id`, `approved`) VALUES (166986, 166986, 1);
INSERT INTO `lk9v6_alumni_data` (`alumni_id`, `graduation_year`, `fid`, `job`, `address`, `city`, `country`, `phone`, `gid`, `mobile`, `nationalnumber`, `department`, `division`, `with_honor`) VALUES (166986, 2015, '1', '', '', '', '', '034416488', '3', '0185839728', '', 'الفيزياء', 'العلوم الطبيعية', '');
INSERT INTO `lk9v6_users` (`name`, `email`, `usertype`) VALUES ('محمد المعتز مصطفى محمد', 'mohamed13s06676@alexu.edu.eg', 'الخريجين');
INSERT INTO `lk9v6_alumni_main` (`id`, `user_id`, `approved`) VALUES (166987, 166987, 1);
INSERT INTO `lk9v6_alumni_data` (`alumni_id`, `graduation_year`, `fid`, `job`, `address`, `city`, `country`, `phone`, `gid`, `mobile`, `nationalnumber`, `department`, `division`, `with_honor`) VALUES (166987, 2015, '1', '', '', '', '', '035438665', '3', '0189521650', '', 'الفيزياء', 'العلوم الطبيعية', '');
INSERT INTO `lk9v6_users` (`name`, `email`, `usertype`) VALUES ('رضوى خالد محمد صبحى سليمان عبدالرحمن', 'radwa13s04521@alexu.edu.eg', 'الخريجين');
INSERT INTO `lk9v6_alumni_main` (`id`, `user_id`, `approved`) VALUES (166988, 166988, 1);
INSERT INTO `lk9v6_alumni_data` (`alumni_id`, `graduation_year`, `fid`, `job`, `address`, `city`, `country`, `phone`, `gid`, `mobile`, `nationalnumber`, `department`, `division`, `with_honor`) VALUES (166988, 2015, '1', '', '', '', '', '5045771', '3', '01206775512', '', 'الأحصاء', 'العلوم الطبيعية', '');
INSERT INTO `lk9v6_users` (`name`, `email`, `usertype`) VALUES ('خلود مسعد عبدالعزيز على', 'khloud13s04559@alexu.edu.eg', 'الخريجين');
INSERT INTO `lk9v6_alumni_main` (`id`, `user_id`, `approved`) VALUES (166989, 166989, 1);
INSERT INTO `lk9v6_alumni_data` (`alumni_id`, `graduation_year`, `fid`, `job`, `address`, `city`, `country`, `phone`, `gid`, `mobile`, `nationalnumber`, `department`, `division`, `with_honor`) VALUES (166989, 2015, '1', '', '', '', '', '033589179', '3', '0181190562', '', 'الفيزياء', 'العلوم الطبيعية', '');
INSERT INTO `lk9v6_users` (`name`, `email`, `usertype`) VALUES ('رضوى السيد طايع حسين طايع', 'radwa13s04680@alexu.edu.eg', 'الخريجين');
INSERT INTO `lk9v6_alumni_main` (`id`, `user_id`, `approved`) VALUES (166990, 166990, 1);
INSERT INTO `lk9v6_alumni_data` (`alumni_id`, `graduation_year`, `fid`, `job`, `address`, `city`, `country`, `phone`, `gid`, `mobile`, `nationalnumber`, `department`, `division`, `with_honor`) VALUES (166990, 2015, '1', '', '', '', '', '034268621', '3', '01200489231', '', 'الأحصاء', 'العلوم الطبيعية', '');
INSERT INTO `lk9v6_users` (`name`, `email`, `usertype`) VALUES ('اسماء محمد ابراهيم العزب', 'asmaa13s06517@alexu.edu.eg', 'الخريجين');
INSERT INTO `lk9v6_alumni_main` (`id`, `user_id`, `approved`) VALUES (166991, 166991, 1);
INSERT INTO `lk9v6_alumni_data` (`alumni_id`, `graduation_year`, `fid`, `job`, `address`, `city`, `country`, `phone`, `gid`, `mobile`, `nationalnumber`, `department`, `division`, `with_honor`) VALUES (166991, 2015, '1', '', '', '', '', '034593549', '3', '01276605923', '', 'الأحصاء', 'العلوم الطبيعية', '');
INSERT INTO `lk9v6_users` (`name`, `email`, `usertype`) VALUES ('اقبال محمد احمد ابراهيم زيان', 'ekbal13s06168@alexu.edu.eg', 'الخريجين');
INSERT INTO `lk9v6_alumni_main` (`id`, `user_id`, `approved`) VALUES (166992, 166992, 1);
INSERT INTO `lk9v6_alumni_data` (`alumni_id`, `graduation_year`, `fid`, `job`, `address`, `city`, `country`, `phone`, `gid`, `mobile`, `nationalnumber`, `department`, `division`, `with_honor`) VALUES (166992, 2015, '1', '', '', '', '', '035496693', '3', '01145447699', '', 'الأحصاء', 'العلوم الطبيعية', '');
INSERT INTO `lk9v6_users` (`name`, `email`, `usertype`) VALUES ('يحيى عبد الحميد السيد مرسى', 'yehia13s06765@alexu.edu.eg', 'الخريجين');
INSERT INTO `lk9v6_alumni_main` (`id`, `user_id`, `approved`) VALUES (166993, 166993, 1);
INSERT INTO `lk9v6_alumni_data` (`alumni_id`, `graduation_year`, `fid`, `job`, `address`, `city`, `country`, `phone`, `gid`, `mobile`, `nationalnumber`, `department`, `division`, `with_honor`) VALUES (166993, 2015, '1', '', '', '', '', '034389510', '3', '01281426518', '', 'الفيزياء', 'العلوم الطبيعية', '');
INSERT INTO `lk9v6_users` (`name`, `email`, `usertype`) VALUES ('رباب يسرى يحى سعد محمد', 'rabab13s06648@alexu.edu.eg', 'الخريجين');
INSERT INTO `lk9v6_alumni_main` (`id`, `user_id`, `approved`) VALUES (166994, 166994, 1);
INSERT INTO `lk9v6_alumni_data` (`alumni_id`, `graduation_year`, `fid`, `job`, `address`, `city`, `country`, `phone`, `gid`, `mobile`, `nationalnumber`, `department`, `division`, `with_honor`) VALUES (166994, 2015, '1', '', '', '', '', '034299682', '3', '01278242602', '', 'الأحصاء', 'العلوم الطبيعية', '');
INSERT INTO `lk9v6_users` (`name`, `email`, `usertype`) VALUES ('ايمان حمدى رمضان احمد ابراهيم ', 'eman13s06138@alexu.edu.eg', 'الخريجين');
INSERT INTO `lk9v6_alumni_main` (`id`, `user_id`, `approved`) VALUES (166995, 166995, 1);
INSERT INTO `lk9v6_alumni_data` (`alumni_id`, `graduation_year`, `fid`, `job`, `address`, `city`, `country`, `phone`, `gid`, `mobile`, `nationalnumber`, `department`, `division`, `with_honor`) VALUES (166995, 2015, '1', '', '', '', '', '035779686', '3', '01228859232', '', 'الفيزياء', 'العلوم الطبيعية', '');
INSERT INTO `lk9v6_users` (`name`, `email`, `usertype`) VALUES ('آيه علاء الدين محمد حسين بهجت', 'aya13s06747@alexu.edu.eg', 'الخريجين');
INSERT INTO `lk9v6_alumni_main` (`id`, `user_id`, `approved`) VALUES (166996, 166996, 1);
INSERT INTO `lk9v6_alumni_data` (`alumni_id`, `graduation_year`, `fid`, `job`, `address`, `city`, `country`, `phone`, `gid`, `mobile`, `nationalnumber`, `department`, `division`, `with_honor`) VALUES (166996, 2015, '1', '', '', '', '', '033903082', '3', '01001068782', '', 'الفيزياء', 'العلوم الطبيعية', '');
INSERT INTO `lk9v6_users` (`name`, `email`, `usertype`) VALUES ('هويدا مرزوق السيد اسماعيل خليل', 'howida13s06196@alexu.edu.eg', 'الخريجين');
INSERT INTO `lk9v6_alumni_main` (`id`, `user_id`, `approved`) VALUES (166997, 166997, 1);
INSERT INTO `lk9v6_alumni_data` (`alumni_id`, `graduation_year`, `fid`, `job`, `address`, `city`, `country`, `phone`, `gid`, `mobile`, `nationalnumber`, `department`, `division`, `with_honor`) VALUES (166997, 2015, '1', '', '', '', '', '9585625', '3', '01205371031', '', 'الفيزياء', 'العلوم الطبيعية', '');
INSERT INTO `lk9v6_users` (`name`, `email`, `usertype`) VALUES ('منه الله عزت ابو ضيف عبدالحميد جادالله', 'menna13s04760@alexu.edu.eg', 'الخريجين');
INSERT INTO `lk9v6_alumni_main` (`id`, `user_id`, `approved`) VALUES (166998, 166998, 1);
INSERT INTO `lk9v6_alumni_data` (`alumni_id`, `graduation_year`, `fid`, `job`, `address`, `city`, `country`, `phone`, `gid`, `mobile`, `nationalnumber`, `department`, `division`, `with_honor`) VALUES (166998, 2015, '1', '', '', '', '', '034244854', '3', '01273738892', '', 'الأحصاء', 'العلوم الطبيعية', '');
INSERT INTO `lk9v6_users` (`name`, `email`, `usertype`) VALUES ('مروة احمد صابر احمد', 'marwa13s06564@alexu.edu.eg', 'الخريجين');
INSERT INTO `lk9v6_alumni_main` (`id`, `user_id`, `approved`) VALUES (166999, 166999, 1);
INSERT INTO `lk9v6_alumni_data` (`alumni_id`, `graduation_year`, `fid`, `job`, `address`, `city`, `country`, `phone`, `gid`, `mobile`, `nationalnumber`, `department`, `division`, `with_honor`) VALUES (166999, 2015, '1', '', '', '', '', '4245137', '3', '01286610976', '', 'الفيزياء', 'العلوم الطبيعية', '');
INSERT INTO `lk9v6_users` (`name`, `email`, `usertype`) VALUES ('ياسمين عادل عبد المنعم خليل', 'yasmin13s06296@alexu.edu.eg', 'الخريجين');
INSERT INTO `lk9v6_alumni_main` (`id`, `user_id`, `approved`) VALUES (167000, 167000, 1);
INSERT INTO `lk9v6_alumni_data` (`alumni_id`, `graduation_year`, `fid`, `job`, `address`, `city`, `country`, `phone`, `gid`, `mobile`, `nationalnumber`, `department`, `division`, `with_honor`) VALUES (167000, 2015, '1', '', '', '', '', '4449034', '3', '0189034715', '', 'الأحصاء', 'العلوم الطبيعية', '');
INSERT INTO `lk9v6_users` (`name`, `email`, `usertype`) VALUES ('محمد جابر محمد محمود', 'mohamed13s00957@alexu.edu.eg', 'الخريجين');
INSERT INTO `lk9v6_alumni_main` (`id`, `user_id`, `approved`) VALUES (167001, 167001, 1);
INSERT INTO `lk9v6_alumni_data` (`alumni_id`, `graduation_year`, `fid`, `job`, `address`, `city`, `country`, `phone`, `gid`, `mobile`, `nationalnumber`, `department`, `division`, `with_honor`) VALUES (167001, 2015, '1', '', '', '', '', '4850320', '2', '01226286930', '', 'الفيزياء', 'العلوم الطبيعية', '');
INSERT INTO `lk9v6_users` (`name`, `email`, `usertype`) VALUES ('مها محمود ابوضيف يوسف', 'maha13s04518@alexu.edu.eg', 'الخريجين');
INSERT INTO `lk9v6_alumni_main` (`id`, `user_id`, `approved`) VALUES (167002, 167002, 1);
INSERT INTO `lk9v6_alumni_data` (`alumni_id`, `graduation_year`, `fid`, `job`, `address`, `city`, `country`, `phone`, `gid`, `mobile`, `nationalnumber`, `department`, `division`, `with_honor`) VALUES (167002, 2015, '1', '', '', '', '', '035776027', '4', '01060616179', '', 'علوم الحاسب الآلي', 'العلوم الطبيعية', '');
INSERT INTO `lk9v6_users` (`name`, `email`, `usertype`) VALUES ('الشيماء على صابر على على', 'alshaima13s04839@alexu.edu.eg', 'الخريجين');
INSERT INTO `lk9v6_alumni_main` (`id`, `user_id`, `approved`) VALUES (167003, 167003, 1);
INSERT INTO `lk9v6_alumni_data` (`alumni_id`, `graduation_year`, `fid`, `job`, `address`, `city`, `country`, `phone`, `gid`, `mobile`, `nationalnumber`, `department`, `division`, `with_honor`) VALUES (167003, 2015, '1', '', '', '', '', '4349643', '4', '01067610162', '', 'الكيمياء', 'العلوم البيولوجية', '');
INSERT INTO `lk9v6_users` (`name`, `email`, `usertype`) VALUES ('اية سيد عبدالفتاح محمد محمود', 'aya13s05240@alexu.edu.eg', 'الخريجين');
INSERT INTO `lk9v6_alumni_main` (`id`, `user_id`, `approved`) VALUES (167004, 167004, 1);
INSERT INTO `lk9v6_alumni_data` (`alumni_id`, `graduation_year`, `fid`, `job`, `address`, `city`, `country`, `phone`, `gid`, `mobile`, `nationalnumber`, `department`, `division`, `with_honor`) VALUES (167004, 2015, '1', '', '', '', '', '0453697494', '4', '01024448664', '', 'الكيمياء', 'العلوم البيولوجية', '');
INSERT INTO `lk9v6_users` (`name`, `email`, `usertype`) VALUES ('دعاء سعد سليمان محمد', 'doaa13s05236@alexu.edu.eg', 'الخريجين');
INSERT INTO `lk9v6_alumni_main` (`id`, `user_id`, `approved`) VALUES (167005, 167005, 1);
INSERT INTO `lk9v6_alumni_data` (`alumni_id`, `graduation_year`, `fid`, `job`, `address`, `city`, `country`, `phone`, `gid`, `mobile`, `nationalnumber`, `department`, `division`, `with_honor`) VALUES (167005, 2015, '1', '', '', '', '', '3550611', '4', '01287488524', '', 'الميكروبيولوجى', 'العلوم البيولوجية', '');
INSERT INTO `lk9v6_users` (`name`, `email`, `usertype`) VALUES ('سامح حسين احمد عبد الدايم', 'sameh13s06418@alexu.edu.eg', 'الخريجين');
INSERT INTO `lk9v6_alumni_main` (`id`, `user_id`, `approved`) VALUES (167006, 167006, 1);
INSERT INTO `lk9v6_alumni_data` (`alumni_id`, `graduation_year`, `fid`, `job`, `address`, `city`, `country`, `phone`, `gid`, `mobile`, `nationalnumber`, `department`, `division`, `with_honor`) VALUES (167006, 2015, '1', '', '', '', '', '4440271', '4', '01092328439', '', 'الكيمياء', 'العلوم البيولوجية', '');
INSERT INTO `lk9v6_users` (`name`, `email`, `usertype`) VALUES ('محمد عبد الفتاح على محمد محمد', 'mohamed13s06217@alexu.edu.eg', 'الخريجين');
INSERT INTO `lk9v6_alumni_main` (`id`, `user_id`, `approved`) VALUES (167007, 167007, 1);
INSERT INTO `lk9v6_alumni_data` (`alumni_id`, `graduation_year`, `fid`, `job`, `address`, `city`, `country`, `phone`, `gid`, `mobile`, `nationalnumber`, `department`, `division`, `with_honor`) VALUES (167007, 2015, '1', '', '', '', '', '5265083', '4', '01110911522', '', 'الميكروبيولوجى', 'العلوم البيولوجية', '');
INSERT INTO `lk9v6_users` (`name`, `email`, `usertype`) VALUES ('هبه عبده بهجت عبدالمهيمن', 'heba13s05823@alexu.edu.eg', 'الخريجين');
INSERT INTO `lk9v6_alumni_main` (`id`, `user_id`, `approved`) VALUES (167008, 167008, 1);
INSERT INTO `lk9v6_alumni_data` (`alumni_id`, `graduation_year`, `fid`, `job`, `address`, `city`, `country`, `phone`, `gid`, `mobile`, `nationalnumber`, `department`, `division`, `with_honor`) VALUES (167008, 2015, '1', '', '', '', '', '5184566', '3', '01220238882', '', 'الكيمياء', 'العلوم البيولوجية', '');
INSERT INTO `lk9v6_users` (`name`, `email`, `usertype`) VALUES ('مصطفى محمد الحبشى معوض', 'mustafa13s06778@alexu.edu.eg', 'الخريجين');
INSERT INTO `lk9v6_alumni_main` (`id`, `user_id`, `approved`) VALUES (167009, 167009, 1);
INSERT INTO `lk9v6_alumni_data` (`alumni_id`, `graduation_year`, `fid`, `job`, `address`, `city`, `country`, `phone`, `gid`, `mobile`, `nationalnumber`, `department`, `division`, `with_honor`) VALUES (167009, 2015, '1', '', '', '', '', '034390761', '3', '01153508161', '', 'الكيمياء', 'العلوم البيولوجية', '');
INSERT INTO `lk9v6_users` (`name`, `email`, `usertype`) VALUES ('بسمه جرجس حلمى برتلا', 'basma13s06379@alexu.edu.eg', 'الخريجين');
INSERT INTO `lk9v6_alumni_main` (`id`, `user_id`, `approved`) VALUES (167010, 167010, 1);
INSERT INTO `lk9v6_alumni_data` (`alumni_id`, `graduation_year`, `fid`, `job`, `address`, `city`, `country`, `phone`, `gid`, `mobile`, `nationalnumber`, `department`, `division`, `with_honor`) VALUES (167010, 2015, '1', '', '', '', '', '01226684090', '3', '01226684090', '', 'الكيمياء', 'العلوم البيولوجية', '');
INSERT INTO `lk9v6_users` (`name`, `email`, `usertype`) VALUES ('امنيه عبدالحميد محمد شلبى', 'omnia13s04909@alexu.edu.eg', 'الخريجين');
INSERT INTO `lk9v6_alumni_main` (`id`, `user_id`, `approved`) VALUES (167011, 167011, 1);
INSERT INTO `lk9v6_alumni_data` (`alumni_id`, `graduation_year`, `fid`, `job`, `address`, `city`, `country`, `phone`, `gid`, `mobile`, `nationalnumber`, `department`, `division`, `with_honor`) VALUES (167011, 2015, '1', '', '', '', '', '0453327728', '3', '01009391292', '', 'الكيمياء', 'العلوم البيولوجية', '');
INSERT INTO `lk9v6_users` (`name`, `email`, `usertype`) VALUES ('حسام حسن محمد فايد', 'hossam13s03716@alexu.edu.eg', 'الخريجين');
INSERT INTO `lk9v6_alumni_main` (`id`, `user_id`, `approved`) VALUES (167012, 167012, 1);
INSERT INTO `lk9v6_alumni_data` (`alumni_id`, `graduation_year`, `fid`, `job`, `address`, `city`, `country`, `phone`, `gid`, `mobile`, `nationalnumber`, `department`, `division`, `with_honor`) VALUES (167012, 2014, '1', '', '', '', '', '0453334168', '2', '01001983908', '', 'الجيولوجيا', 'العلوم الجيولوجية', '');
INSERT INTO `lk9v6_users` (`name`, `email`, `usertype`) VALUES ('حسن ابراهيم محمد دياب', 'hassan13s05122@alexu.edu.eg', 'الخريجين');
INSERT INTO `lk9v6_alumni_main` (`id`, `user_id`, `approved`) VALUES (167013, 167013, 1);
INSERT INTO `lk9v6_alumni_data` (`alumni_id`, `graduation_year`, `fid`, `job`, `address`, `city`, `country`, `phone`, `gid`, `mobile`, `nationalnumber`, `department`, `division`, `with_honor`) VALUES (167013, 2015, '1', '', '', '', '', '0453686620', '5', '0190556929', '', 'الجيولوجيا', 'العلوم الجيولوجية', '');
INSERT INTO `lk9v6_users` (`name`, `email`, `usertype`) VALUES ('اسماء عبداللطيف فهمى محمد المهدى', 'asmaa13s05049@alexu.edu.eg', 'الخريجين');
INSERT INTO `lk9v6_alumni_main` (`id`, `user_id`, `approved`) VALUES (167014, 167014, 1);
INSERT INTO `lk9v6_alumni_data` (`alumni_id`, `graduation_year`, `fid`, `job`, `address`, `city`, `country`, `phone`, `gid`, `mobile`, `nationalnumber`, `department`, `division`, `with_honor`) VALUES (167014, 2015, '1', '', '', '', '', '0453731963', '4', '01025021061', '', 'الجيولوجيا', 'العلوم الجيولوجية', '');
INSERT INTO `lk9v6_users` (`name`, `email`, `usertype`) VALUES ('ايمان جمال السيد السيد غازى', 'eman13s06817@alexu.edu.eg', 'الخريجين');
INSERT INTO `lk9v6_alumni_main` (`id`, `user_id`, `approved`) VALUES (167015, 167015, 1);
INSERT INTO `lk9v6_alumni_data` (`alumni_id`, `graduation_year`, `fid`, `job`, `address`, `city`, `country`, `phone`, `gid`, `mobile`, `nationalnumber`, `department`, `division`, `with_honor`) VALUES (167015, 2015, '1', '', '', '', '', '0452215019', '4', '01206483414', '', 'الجيولوجيا', 'العلوم الجيولوجية', '');
INSERT INTO `lk9v6_users` (`name`, `email`, `usertype`) VALUES ('طارق احمد محمد بسيونى ناضر', 'tarek13s04147@alexu.edu.eg', 'الخريجين');
INSERT INTO `lk9v6_alumni_main` (`id`, `user_id`, `approved`) VALUES (167016, 167016, 1);
INSERT INTO `lk9v6_alumni_data` (`alumni_id`, `graduation_year`, `fid`, `job`, `address`, `city`, `country`, `phone`, `gid`, `mobile`, `nationalnumber`, `department`, `division`, `with_honor`) VALUES (167016, 2015, '1', '', '', '', '', '5073021', '4', '01008200952', '', 'الجيولوجيا', 'العلوم الجيولوجية', '');
INSERT INTO `lk9v6_users` (`name`, `email`, `usertype`) VALUES ('عمر مختار محمود زايد', 'omar13s06549@alexu.edu.eg', 'الخريجين');
INSERT INTO `lk9v6_alumni_main` (`id`, `user_id`, `approved`) VALUES (167017, 167017, 1);
INSERT INTO `lk9v6_alumni_data` (`alumni_id`, `graduation_year`, `fid`, `job`, `address`, `city`, `country`, `phone`, `gid`, `mobile`, `nationalnumber`, `department`, `division`, `with_honor`) VALUES (167017, 2015, '1', '', '', '', '', '035457694', '4', '01119207672', '', 'الجيولوجيا', 'العلوم الجيولوجية', '');
INSERT INTO `lk9v6_users` (`name`, `email`, `usertype`) VALUES ('محمد حسن جابر احمد', 'mohamed13s04631@alexu.edu.eg', 'الخريجين');
INSERT INTO `lk9v6_alumni_main` (`id`, `user_id`, `approved`) VALUES (167018, 167018, 1);
INSERT INTO `lk9v6_alumni_data` (`alumni_id`, `graduation_year`, `fid`, `job`, `address`, `city`, `country`, `phone`, `gid`, `mobile`, `nationalnumber`, `department`, `division`, `with_honor`) VALUES (167018, 2015, '1', '', '', '', '', '4400972', '4', '01092819688', '', 'الجيولوجيا', 'العلوم الجيولوجية', '');
INSERT INTO `lk9v6_users` (`name`, `email`, `usertype`) VALUES ('محمد صلاح الدين محمد عبدالغنى سيدروحه', 'mohamed13s05427@alexu.edu.eg', 'الخريجين');
INSERT INTO `lk9v6_alumni_main` (`id`, `user_id`, `approved`) VALUES (167019, 167019, 1);
INSERT INTO `lk9v6_alumni_data` (`alumni_id`, `graduation_year`, `fid`, `job`, `address`, `city`, `country`, `phone`, `gid`, `mobile`, `nationalnumber`, `department`, `division`, `with_honor`) VALUES (167019, 2015, '1', '', '', '', '', '0472971197', '4', '01004254865', '', 'الجيولوجيا', 'العلوم الجيولوجية', '');
INSERT INTO `lk9v6_users` (`name`, `email`, `usertype`) VALUES ('محمد عبدالحميد محمد عبدالحميد الصعيدى', 'mohamed13s05708@alexu.edu.eg', 'الخريجين');
INSERT INTO `lk9v6_alumni_main` (`id`, `user_id`, `approved`) VALUES (167020, 167020, 1);
INSERT INTO `lk9v6_alumni_data` (`alumni_id`, `graduation_year`, `fid`, `job`, `address`, `city`, `country`, `phone`, `gid`, `mobile`, `nationalnumber`, `department`, `division`, `with_honor`) VALUES (167020, 2015, '1', '', '', '', '', '0452960442', '4', '01009696215', '', 'الجيولوجيا', 'العلوم الجيولوجية', '');
INSERT INTO `lk9v6_users` (`name`, `email`, `usertype`) VALUES ('محمود عادل محمد مكى', 'mahmoud13s04972@alexu.edu.eg', 'الخريجين');
INSERT INTO `lk9v6_alumni_main` (`id`, `user_id`, `approved`) VALUES (167021, 167021, 1);
INSERT INTO `lk9v6_alumni_data` (`alumni_id`, `graduation_year`, `fid`, `job`, `address`, `city`, `country`, `phone`, `gid`, `mobile`, `nationalnumber`, `department`, `division`, `with_honor`) VALUES (167021, 2015, '1', '', '', '', '', '0453687701', '4', '01064066712', '', 'الجيولوجيا', 'العلوم الجيولوجية', '');
INSERT INTO `lk9v6_users` (`name`, `email`, `usertype`) VALUES ('منه احمد ابوالنصر شهاب الدين', 'menna13s05653@alexu.edu.eg', 'الخريجين');
INSERT INTO `lk9v6_alumni_main` (`id`, `user_id`, `approved`) VALUES (167022, 167022, 1);
INSERT INTO `lk9v6_alumni_data` (`alumni_id`, `graduation_year`, `fid`, `job`, `address`, `city`, `country`, `phone`, `gid`, `mobile`, `nationalnumber`, `department`, `division`, `with_honor`) VALUES (167022, 2015, '1', '', '', '', '', '0472971999', '4', '01011784808', '', 'الجيولوجيا', 'العلوم الجيولوجية', '');
INSERT INTO `lk9v6_users` (`name`, `email`, `usertype`) VALUES ('محمد التهامى محمد اسماعيل حسن', 'mohamed13s04407@alexu.edu.eg', 'الخريجين');
INSERT INTO `lk9v6_alumni_main` (`id`, `user_id`, `approved`) VALUES (167023, 167023, 1);
INSERT INTO `lk9v6_alumni_data` (`alumni_id`, `graduation_year`, `fid`, `job`, `address`, `city`, `country`, `phone`, `gid`, `mobile`, `nationalnumber`, `department`, `division`, `with_honor`) VALUES (167023, 2015, '1', '', '', '', '', '01277577648', '3', '01066346508', '', 'الجيولوجيا', 'العلوم الجيولوجية', '');
INSERT INTO `lk9v6_users` (`name`, `email`, `usertype`) VALUES ('طارق محمد محمد الشناط', 'tarek13s04142@alexu.edu.eg', 'الخريجين');
INSERT INTO `lk9v6_alumni_main` (`id`, `user_id`, `approved`) VALUES (167024, 167024, 1);
INSERT INTO `lk9v6_alumni_data` (`alumni_id`, `graduation_year`, `fid`, `job`, `address`, `city`, `country`, `phone`, `gid`, `mobile`, `nationalnumber`, `department`, `division`, `with_honor`) VALUES (167024, 2015, '1', '', '', '', '', '0472719828', '3', '01002876971', '', 'الجيولوجيا', 'العلوم الجيولوجية', '');
INSERT INTO `lk9v6_users` (`name`, `email`, `usertype`) VALUES ('ابراهيم محمد احمد درويش', 'ibrahim13s04424@alexu.edu.eg', 'الخريجين');
INSERT INTO `lk9v6_alumni_main` (`id`, `user_id`, `approved`) VALUES (167025, 167025, 1);
INSERT INTO `lk9v6_alumni_data` (`alumni_id`, `graduation_year`, `fid`, `job`, `address`, `city`, `country`, `phone`, `gid`, `mobile`, `nationalnumber`, `department`, `division`, `with_honor`) VALUES (167025, 2015, '1', '', '', '', '', '033227493', '3', '01093802663', '', 'الجيولوجيا', 'العلوم الجيولوجية', '');
INSERT INTO `lk9v6_users` (`name`, `email`, `usertype`) VALUES ('ساره عصام حلمى محمود سلام', 'sara13s04661@alexu.edu.eg', 'الخريجين');
INSERT INTO `lk9v6_alumni_main` (`id`, `user_id`, `approved`) VALUES (167026, 167026, 1);
INSERT INTO `lk9v6_alumni_data` (`alumni_id`, `graduation_year`, `fid`, `job`, `address`, `city`, `country`, `phone`, `gid`, `mobile`, `nationalnumber`, `department`, `division`, `with_honor`) VALUES (167026, 2015, '1', '', '', '', '', '0452216228', '3', '0180750347', '', 'الجيولوجيا', 'العلوم الجيولوجية', '');
INSERT INTO `lk9v6_users` (`name`, `email`, `usertype`) VALUES ('احمد محمد عبد المنعم محمد', 'ahmed13s01281@alexu.edu.eg', 'الخريجين');
INSERT INTO `lk9v6_alumni_main` (`id`, `user_id`, `approved`) VALUES (167027, 167027, 1);
INSERT INTO `lk9v6_alumni_data` (`alumni_id`, `graduation_year`, `fid`, `job`, `address`, `city`, `country`, `phone`, `gid`, `mobile`, `nationalnumber`, `department`, `division`, `with_honor`) VALUES (167027, 2014, '1', '', '', '', '', '000000000', '2', '01125696046', '', 'الكيمياء', 'العلوم الجيولوجية', '');
INSERT INTO `lk9v6_users` (`name`, `email`, `usertype`) VALUES ('محمد السيد محمد حسن', 'mohamed13s01323@alexu.edu.eg', 'الخريجين');
INSERT INTO `lk9v6_alumni_main` (`id`, `user_id`, `approved`) VALUES (167028, 167028, 1);
INSERT INTO `lk9v6_alumni_data` (`alumni_id`, `graduation_year`, `fid`, `job`, `address`, `city`, `country`, `phone`, `gid`, `mobile`, `nationalnumber`, `department`, `division`, `with_honor`) VALUES (167028, 2014, '1', '', '', '', '', '035091235', '3', '01141935538', '', 'الكيمياء', 'العلوم الجيولوجية', '');
INSERT INTO `lk9v6_users` (`name`, `email`, `usertype`) VALUES ('احمد حمدى يوسف على', 'ahmed13s05305@alexu.edu.eg', 'الخريجين');
INSERT INTO `lk9v6_alumni_main` (`id`, `user_id`, `approved`) VALUES (167029, 167029, 1);
INSERT INTO `lk9v6_alumni_data` (`alumni_id`, `graduation_year`, `fid`, `job`, `address`, `city`, `country`, `phone`, `gid`, `mobile`, `nationalnumber`, `department`, `division`, `with_honor`) VALUES (167029, 2015, '1', '', '', '', '', '0473836086', '5', '01091135369', '', 'الجيوفيزياء', 'العلوم الجيولوجية', '');
INSERT INTO `lk9v6_users` (`name`, `email`, `usertype`) VALUES ('محمد مصطفى على على ريشه', 'mohamed13s04837@alexu.edu.eg', 'الخريجين');
INSERT INTO `lk9v6_alumni_main` (`id`, `user_id`, `approved`) VALUES (167030, 167030, 1);
INSERT INTO `lk9v6_alumni_data` (`alumni_id`, `graduation_year`, `fid`, `job`, `address`, `city`, `country`, `phone`, `gid`, `mobile`, `nationalnumber`, `department`, `division`, `with_honor`) VALUES (167030, 2015, '1', '', '', '', '', '5262933', '5', '01111736371', '', 'الجيوفيزياء', 'العلوم الجيولوجية', '');
INSERT INTO `lk9v6_users` (`name`, `email`, `usertype`) VALUES ('عبد الرحمن محمود محمد أحمد على', 'abdelrahman13s05860@alexu.edu.eg', 'الخريجين');
INSERT INTO `lk9v6_alumni_main` (`id`, `user_id`, `approved`) VALUES (167031, 167031, 1);
INSERT INTO `lk9v6_alumni_data` (`alumni_id`, `graduation_year`, `fid`, `job`, `address`, `city`, `country`, `phone`, `gid`, `mobile`, `nationalnumber`, `department`, `division`, `with_honor`) VALUES (167031, 2015, '1', '', '', '', '', '033950536', '5', '01090530451', '', 'الجيوفيزياء', 'العلوم الجيولوجية', '');
INSERT INTO `lk9v6_users` (`name`, `email`, `usertype`) VALUES ('اشرف طارق عبد العزيز درويش', 'ashraf13s04327@alexu.edu.eg', 'الخريجين');
INSERT INTO `lk9v6_alumni_main` (`id`, `user_id`, `approved`) VALUES (167032, 167032, 1);
INSERT INTO `lk9v6_alumni_data` (`alumni_id`, `graduation_year`, `fid`, `job`, `address`, `city`, `country`, `phone`, `gid`, `mobile`, `nationalnumber`, `department`, `division`, `with_honor`) VALUES (167032, 2015, '1', '', '', '', '', '034404362', '4', '01205921218', '', 'الكيمياء', 'العلوم الجيولوجية', '');
INSERT INTO `lk9v6_users` (`name`, `email`, `usertype`) VALUES ('بسنت السيد خليل السيد الشبكى', 'basant13s04809@alexu.edu.eg', 'الخريجين');
INSERT INTO `lk9v6_alumni_main` (`id`, `user_id`, `approved`) VALUES (167033, 167033, 1);
INSERT INTO `lk9v6_alumni_data` (`alumni_id`, `graduation_year`, `fid`, `job`, `address`, `city`, `country`, `phone`, `gid`, `mobile`, `nationalnumber`, `department`, `division`, `with_honor`) VALUES (167033, 2015, '1', '', '', '', '', '035562919', '4', '01224611186', '', 'الجيوفيزياء', 'العلوم الجيولوجية', '');
INSERT INTO `lk9v6_users` (`name`, `email`, `usertype`) VALUES ('ساره جلال طه محمد مصطفى', 'sara13s04736@alexu.edu.eg', 'الخريجين');
INSERT INTO `lk9v6_alumni_main` (`id`, `user_id`, `approved`) VALUES (167034, 167034, 1);
INSERT INTO `lk9v6_alumni_data` (`alumni_id`, `graduation_year`, `fid`, `job`, `address`, `city`, `country`, `phone`, `gid`, `mobile`, `nationalnumber`, `department`, `division`, `with_honor`) VALUES (167034, 2015, '1', '', '', '', '', '034363179', '4', '01063999351', '', 'الكيمياء', 'العلوم الجيولوجية', '');
INSERT INTO `lk9v6_users` (`name`, `email`, `usertype`) VALUES ('عبدالحميد احمد عبدالحميد احمد', 'abdelhamed13s04507@alexu.edu.eg', 'الخريجين');
INSERT INTO `lk9v6_alumni_main` (`id`, `user_id`, `approved`) VALUES (167035, 167035, 1);
INSERT INTO `lk9v6_alumni_data` (`alumni_id`, `graduation_year`, `fid`, `job`, `address`, `city`, `country`, `phone`, `gid`, `mobile`, `nationalnumber`, `department`, `division`, `with_honor`) VALUES (167035, 2015, '1', '', '', '', '', '4444563', '4', '0193403573', '', 'الجيوفيزياء', 'العلوم الجيولوجية', '');
INSERT INTO `lk9v6_users` (`name`, `email`, `usertype`) VALUES ('محمد سامى عبد الحميد عجمى', 'mohamed13s06209@alexu.edu.eg', 'الخريجين');
INSERT INTO `lk9v6_alumni_main` (`id`, `user_id`, `approved`) VALUES (167036, 167036, 1);
INSERT INTO `lk9v6_alumni_data` (`alumni_id`, `graduation_year`, `fid`, `job`, `address`, `city`, `country`, `phone`, `gid`, `mobile`, `nationalnumber`, `department`, `division`, `with_honor`) VALUES (167036, 2015, '1', '', '', '', '', '035040466', '4', '0179126612', '', 'الجيوفيزياء', 'العلوم الجيولوجية', '');
INSERT INTO `lk9v6_users` (`name`, `email`, `usertype`) VALUES ('محمد سعيد احمد عبدالله حسنين', 'mohamed13s04924@alexu.edu.eg', 'الخريجين');
INSERT INTO `lk9v6_alumni_main` (`id`, `user_id`, `approved`) VALUES (167037, 167037, 1);
INSERT INTO `lk9v6_alumni_data` (`alumni_id`, `graduation_year`, `fid`, `job`, `address`, `city`, `country`, `phone`, `gid`, `mobile`, `nationalnumber`, `department`, `division`, `with_honor`) VALUES (167037, 2015, '1', '', '', '', '', '033232198', '4', '01113596252', '', 'الجيوفيزياء', 'العلوم الجيولوجية', '');
INSERT INTO `lk9v6_users` (`name`, `email`, `usertype`) VALUES ('نورهان محمد ابوالفتوح مصطفى مصطفى خلف', 'nourhan13s04762@alexu.edu.eg', 'الخريجين');
INSERT INTO `lk9v6_alumni_main` (`id`, `user_id`, `approved`) VALUES (167038, 167038, 1);
INSERT INTO `lk9v6_alumni_data` (`alumni_id`, `graduation_year`, `fid`, `job`, `address`, `city`, `country`, `phone`, `gid`, `mobile`, `nationalnumber`, `department`, `division`, `with_honor`) VALUES (167038, 2015, '1', '', '', '', '', '4861767', '4', '01006492536', '', 'الكيمياء', 'العلوم الجيولوجية', '');
INSERT INTO `lk9v6_users` (`name`, `email`, `usertype`) VALUES ('هدير حسن عبد الفتاح حسن سيد احمد', 'hadeer13s04377@alexu.edu.eg', 'الخريجين');
INSERT INTO `lk9v6_alumni_main` (`id`, `user_id`, `approved`) VALUES (167039, 167039, 1);
INSERT INTO `lk9v6_alumni_data` (`alumni_id`, `graduation_year`, `fid`, `job`, `address`, `city`, `country`, `phone`, `gid`, `mobile`, `nationalnumber`, `department`, `division`, `with_honor`) VALUES (167039, 2015, '1', '', '', '', '', '035768273', '4', '01203660074', '', 'الجيوفيزياء', 'العلوم الجيولوجية', '');
INSERT INTO `lk9v6_users` (`name`, `email`, `usertype`) VALUES ('ولاء محمد عبد العاطى حسن', 'walaa13s04511@alexu.edu.eg', 'الخريجين');
INSERT INTO `lk9v6_alumni_main` (`id`, `user_id`, `approved`) VALUES (167040, 167040, 1);
INSERT INTO `lk9v6_alumni_data` (`alumni_id`, `graduation_year`, `fid`, `job`, `address`, `city`, `country`, `phone`, `gid`, `mobile`, `nationalnumber`, `department`, `division`, `with_honor`) VALUES (167040, 2015, '1', '', '', '', '', '034365373', '4', '0180249072', '', 'الكيمياء', 'العلوم الجيولوجية', '');
INSERT INTO `lk9v6_users` (`name`, `email`, `usertype`) VALUES ('خليل محمد حسن خليل', 'khalil13s05056@alexu.edu.eg', 'الخريجين');
INSERT INTO `lk9v6_alumni_main` (`id`, `user_id`, `approved`) VALUES (167041, 167041, 1);
INSERT INTO `lk9v6_alumni_data` (`alumni_id`, `graduation_year`, `fid`, `job`, `address`, `city`, `country`, `phone`, `gid`, `mobile`, `nationalnumber`, `department`, `division`, `with_honor`) VALUES (167041, 2015, '1', '', '', '', '', '034875511', '3', '01220065950', '', 'الكيمياء', 'العلوم الجيولوجية', '');
INSERT INTO `lk9v6_users` (`name`, `email`, `usertype`) VALUES ('دينا مصطفى السيد سالم عبدالمعطى', 'dina13s05389@alexu.edu.eg', 'الخريجين');
INSERT INTO `lk9v6_alumni_main` (`id`, `user_id`, `approved`) VALUES (167042, 167042, 1);
INSERT INTO `lk9v6_alumni_data` (`alumni_id`, `graduation_year`, `fid`, `job`, `address`, `city`, `country`, `phone`, `gid`, `mobile`, `nationalnumber`, `department`, `division`, `with_honor`) VALUES (167042, 2015, '1', '', '', '', '', '033226920', '3', '01200978795', '', 'الكيمياء', 'العلوم الجيولوجية', '');
INSERT INTO `lk9v6_users` (`name`, `email`, `usertype`) VALUES ('شروق حسن غنيم محمد حسن', 'sherok13s04697@alexu.edu.eg', 'الخريجين');
INSERT INTO `lk9v6_alumni_main` (`id`, `user_id`, `approved`) VALUES (167043, 167043, 1);
INSERT INTO `lk9v6_alumni_data` (`alumni_id`, `graduation_year`, `fid`, `job`, `address`, `city`, `country`, `phone`, `gid`, `mobile`, `nationalnumber`, `department`, `division`, `with_honor`) VALUES (167043, 2015, '1', '', '', '', '', '5627353', '3', '0182167409', '', 'الكيمياء', 'العلوم الجيولوجية', '');
INSERT INTO `lk9v6_users` (`name`, `email`, `usertype`) VALUES ('عبد الله خميس ابراهيم إسماعيل', 'abdullah13s06641@alexu.edu.eg', 'الخريجين');
INSERT INTO `lk9v6_alumni_main` (`id`, `user_id`, `approved`) VALUES (167044, 167044, 1);
INSERT INTO `lk9v6_alumni_data` (`alumni_id`, `graduation_year`, `fid`, `job`, `address`, `city`, `country`, `phone`, `gid`, `mobile`, `nationalnumber`, `department`, `division`, `with_honor`) VALUES (167044, 2015, '1', '', '', '', '', '035629740', '3', '01017960016', '', 'الجيوفيزياء', 'العلوم الجيولوجية', '');
INSERT INTO `lk9v6_users` (`name`, `email`, `usertype`) VALUES ('اسراء عبد الودود حسن محمد خليفه', 'esraa13s06140@alexu.edu.eg', 'الخريجين');
INSERT INTO `lk9v6_alumni_main` (`id`, `user_id`, `approved`) VALUES (167045, 167045, 1);
INSERT INTO `lk9v6_alumni_data` (`alumni_id`, `graduation_year`, `fid`, `job`, `address`, `city`, `country`, `phone`, `gid`, `mobile`, `nationalnumber`, `department`, `division`, `with_honor`) VALUES (167045, 2015, '1', '', '', '', '', '034389504', '3', '01202823607', '', 'الكيمياء', 'العلوم الجيولوجية', '');
INSERT INTO `lk9v6_users` (`name`, `email`, `usertype`) VALUES ('احمد نصر احمد محمد احمد', 'ahmed13s04773@alexu.edu.eg', 'الخريجين');
INSERT INTO `lk9v6_alumni_main` (`id`, `user_id`, `approved`) VALUES (167046, 167046, 1);
INSERT INTO `lk9v6_alumni_data` (`alumni_id`, `graduation_year`, `fid`, `job`, `address`, `city`, `country`, `phone`, `gid`, `mobile`, `nationalnumber`, `department`, `division`, `with_honor`) VALUES (167046, 2015, '1', '', '', '', '', '5781660', '3', '0184738089', '', 'الكيمياء', 'العلوم الجيولوجية', '');
INSERT INTO `lk9v6_users` (`name`, `email`, `usertype`) VALUES ('محمد خليل على خليل يوسف', 'mohamed13s04698@alexu.edu.eg', 'الخريجين');
INSERT INTO `lk9v6_alumni_main` (`id`, `user_id`, `approved`) VALUES (167047, 167047, 1);
INSERT INTO `lk9v6_alumni_data` (`alumni_id`, `graduation_year`, `fid`, `job`, `address`, `city`, `country`, `phone`, `gid`, `mobile`, `nationalnumber`, `department`, `division`, `with_honor`) VALUES (167047, 2015, '1', '', '', '', '', '4350965', '3', '0185666025', '', 'الكيمياء', 'العلوم الجيولوجية', '');
INSERT INTO `lk9v6_users` (`name`, `email`, `usertype`) VALUES ('طه عبد العزيز مصطفى الخولى', 'taha13s04132@alexu.edu.eg', 'الخريجين');
INSERT INTO `lk9v6_alumni_main` (`id`, `user_id`, `approved`) VALUES (167048, 167048, 1);
INSERT INTO `lk9v6_alumni_data` (`alumni_id`, `graduation_year`, `fid`, `job`, `address`, `city`, `country`, `phone`, `gid`, `mobile`, `nationalnumber`, `department`, `division`, `with_honor`) VALUES (167048, 2015, '1', '', '', '', '', '3241130', '3', '01220081209', '', 'الجيوفيزياء', 'العلوم الجيولوجية', '');
INSERT INTO `lk9v6_users` (`name`, `email`, `usertype`) VALUES ('محمد عزت محمد احمد عاصم', 'mohamed13s05700@alexu.edu.eg', 'الخريجين');
INSERT INTO `lk9v6_alumni_main` (`id`, `user_id`, `approved`) VALUES (167049, 167049, 1);
INSERT INTO `lk9v6_alumni_data` (`alumni_id`, `graduation_year`, `fid`, `job`, `address`, `city`, `country`, `phone`, `gid`, `mobile`, `nationalnumber`, `department`, `division`, `with_honor`) VALUES (167049, 2015, '1', '', '', '', '', '035762337', '3', '01204466269', '', 'الكيمياء', 'العلوم الجيولوجية', '');
INSERT INTO `lk9v6_users` (`name`, `email`, `usertype`) VALUES ('نورهان عباس محمود حسن حماد', 'nourhan13s04626@alexu.edu.eg', 'الخريجين');
INSERT INTO `lk9v6_alumni_main` (`id`, `user_id`, `approved`) VALUES (167050, 167050, 1);
INSERT INTO `lk9v6_alumni_data` (`alumni_id`, `graduation_year`, `fid`, `job`, `address`, `city`, `country`, `phone`, `gid`, `mobile`, `nationalnumber`, `department`, `division`, `with_honor`) VALUES (167050, 2015, '1', '', '', '', '', '4338862', '3', '01007609115', '', 'الكيمياء', 'العلوم الجيولوجية', '');
INSERT INTO `lk9v6_users` (`name`, `email`, `usertype`) VALUES ('دنيا سامى محمود محمد شحاتة', 'dina13s06522@alexu.edu.eg', 'الخريجين');
INSERT INTO `lk9v6_alumni_main` (`id`, `user_id`, `approved`) VALUES (167051, 167051, 1);
INSERT INTO `lk9v6_alumni_data` (`alumni_id`, `graduation_year`, `fid`, `job`, `address`, `city`, `country`, `phone`, `gid`, `mobile`, `nationalnumber`, `department`, `division`, `with_honor`) VALUES (167051, 2015, '1', '', '', '', '', '034948743', '3', '0196968282', '', 'الكيمياء', 'العلوم الجيولوجية', '');
INSERT INTO `lk9v6_users` (`name`, `email`, `usertype`) VALUES ('كريم محمد زكى على', 'karim13s06831@alexu.edu.eg', 'الخريجين');
INSERT INTO `lk9v6_alumni_main` (`id`, `user_id`, `approved`) VALUES (167052, 167052, 1);
INSERT INTO `lk9v6_alumni_data` (`alumni_id`, `graduation_year`, `fid`, `job`, `address`, `city`, `country`, `phone`, `gid`, `mobile`, `nationalnumber`, `department`, `division`, `with_honor`) VALUES (167052, 2015, '1', '', '', '', '', '5038331', '3', '01283341721', '', 'الكيمياء', 'العلوم الجيولوجية', '');
INSERT INTO `lk9v6_users` (`name`, `email`, `usertype`) VALUES ('اسراء ممدوح جابر محمد', 'esraa13s04662@alexu.edu.eg', 'الخريجين');
INSERT INTO `lk9v6_alumni_main` (`id`, `user_id`, `approved`) VALUES (167053, 167053, 1);
INSERT INTO `lk9v6_alumni_data` (`alumni_id`, `graduation_year`, `fid`, `job`, `address`, `city`, `country`, `phone`, `gid`, `mobile`, `nationalnumber`, `department`, `division`, `with_honor`) VALUES (167053, 2015, '1', '', '', '', '', '033592412', '3', '0190088220', '', 'الكيمياء', 'العلوم الجيولوجية', '');
INSERT INTO `lk9v6_users` (`name`, `email`, `usertype`) VALUES ('نضال صلاح محمد عشوش', 'nedal13s04267@alexu.edu.eg', 'الخريجين');
INSERT INTO `lk9v6_alumni_main` (`id`, `user_id`, `approved`) VALUES (167054, 167054, 1);
INSERT INTO `lk9v6_alumni_data` (`alumni_id`, `graduation_year`, `fid`, `job`, `address`, `city`, `country`, `phone`, `gid`, `mobile`, `nationalnumber`, `department`, `division`, `with_honor`) VALUES (167054, 2015, '1', '', '', '', '', '035432154', '3', '01068327276', '', 'الجيوفيزياء', 'العلوم الجيولوجية', '');
INSERT INTO `lk9v6_users` (`name`, `email`, `usertype`) VALUES ('محمد سعد حسن ابو زيد', 'mohamed13s04711@alexu.edu.eg', 'الخريجين');
INSERT INTO `lk9v6_alumni_main` (`id`, `user_id`, `approved`) VALUES (167055, 167055, 1);
INSERT INTO `lk9v6_alumni_data` (`alumni_id`, `graduation_year`, `fid`, `job`, `address`, `city`, `country`, `phone`, `gid`, `mobile`, `nationalnumber`, `department`, `division`, `with_honor`) VALUES (167055, 2015, '1', '', '', '', '', '4371806', '3', '01226709014', '', 'الكيمياء', 'العلوم الجيولوجية', '');
INSERT INTO `lk9v6_users` (`name`, `email`, `usertype`) VALUES ('محمود حمزة احمد رفاعى', 'mahmoud13s04190@alexu.edu.eg', 'الخريجين');
INSERT INTO `lk9v6_alumni_main` (`id`, `user_id`, `approved`) VALUES (167056, 167056, 1);
INSERT INTO `lk9v6_alumni_data` (`alumni_id`, `graduation_year`, `fid`, `job`, `address`, `city`, `country`, `phone`, `gid`, `mobile`, `nationalnumber`, `department`, `division`, `with_honor`) VALUES (167056, 2015, '1', '', '', '', '', '0311111', '2', '01146310281', '', 'الجيوفيزياء', 'العلوم الجيولوجية', '');
INSERT INTO `lk9v6_users` (`name`, `email`, `usertype`) VALUES ('محمد مصطفى مصطفى السيد', 'mohamed13s06627@alexu.edu.eg', 'الخريجين');
INSERT INTO `lk9v6_alumni_main` (`id`, `user_id`, `approved`) VALUES (167057, 167057, 1);
INSERT INTO `lk9v6_alumni_data` (`alumni_id`, `graduation_year`, `fid`, `job`, `address`, `city`, `country`, `phone`, `gid`, `mobile`, `nationalnumber`, `department`, `division`, `with_honor`) VALUES (167057, 2015, '1', '', '', '', '', '3094132', '2', '01225772859', '', 'الجيوفيزياء', 'العلوم الجيولوجية', '');
INSERT INTO `lk9v6_users` (`name`, `email`, `usertype`) VALUES ('رانا محمد سعيد عباس غازى', 'rania13s06299@alexu.edu.eg', 'الخريجين');
INSERT INTO `lk9v6_alumni_main` (`id`, `user_id`, `approved`) VALUES (167058, 167058, 1);
INSERT INTO `lk9v6_alumni_data` (`alumni_id`, `graduation_year`, `fid`, `job`, `address`, `city`, `country`, `phone`, `gid`, `mobile`, `nationalnumber`, `department`, `division`, `with_honor`) VALUES (167058, 2015, '1', '', '', '', '', '033934391', '2', '01220513162', '', 'الجيوفيزياء', 'العلوم الجيولوجية', '');
INSERT INTO `lk9v6_users` (`name`, `email`, `usertype`) VALUES ('شروق مجدى عبدالله ابو شعره', 'sherok13s04802@alexu.edu.eg', 'الخريجين');
INSERT INTO `lk9v6_alumni_main` (`id`, `user_id`, `approved`) VALUES (167059, 167059, 1);
INSERT INTO `lk9v6_alumni_data` (`alumni_id`, `graduation_year`, `fid`, `job`, `address`, `city`, `country`, `phone`, `gid`, `mobile`, `nationalnumber`, `department`, `division`, `with_honor`) VALUES (167059, 2015, '1', '', '', '', '', '0453323827', '2', '01011942152', '', 'الكيمياء', 'العلوم الجيولوجية', '');
INSERT INTO `lk9v6_users` (`name`, `email`, `usertype`) VALUES ('احمد عبد المنعم متولى محمد ', 'ahmed13s00394@alexu.edu.eg', 'الخريجين');
INSERT INTO `lk9v6_alumni_main` (`id`, `user_id`, `approved`) VALUES (167060, 167060, 1);
INSERT INTO `lk9v6_alumni_data` (`alumni_id`, `graduation_year`, `fid`, `job`, `address`, `city`, `country`, `phone`, `gid`, `mobile`, `nationalnumber`, `department`, `division`, `with_honor`) VALUES (167060, 2015, '1', '', '', '', '', '035014458', '2', '01116618714', '', 'الجيوفيزياء', 'العلوم الجيولوجية', '');
INSERT INTO `lk9v6_users` (`name`, `email`, `usertype`) VALUES ('السيد شعبان السيد الضوي', 'elsayed13s03702@alexu.edu.eg', 'الخريجين');
INSERT INTO `lk9v6_alumni_main` (`id`, `user_id`, `approved`) VALUES (167061, 167061, 1);
INSERT INTO `lk9v6_alumni_data` (`alumni_id`, `graduation_year`, `fid`, `job`, `address`, `city`, `country`, `phone`, `gid`, `mobile`, `nationalnumber`, `department`, `division`, `with_honor`) VALUES (167061, 2015, '1', '', '', '', '', '4972104', '2', '01289208412', '', 'الكيمياء', 'العلوم الجيولوجية', '');
INSERT INTO `lk9v6_users` (`name`, `email`, `usertype`) VALUES ('اميرة حسن ابراهيم حسن', 'amira13s02856@alexu.edu.eg', 'الخريجين');
INSERT INTO `lk9v6_alumni_main` (`id`, `user_id`, `approved`) VALUES (167062, 167062, 1);
INSERT INTO `lk9v6_alumni_data` (`alumni_id`, `graduation_year`, `fid`, `job`, `address`, `city`, `country`, `phone`, `gid`, `mobile`, `nationalnumber`, `department`, `division`, `with_honor`) VALUES (167062, 2013, '1', '', '', '', '', '0452502947', '3', '01270134315', '', 'الكيمياء', 'العلوم الطبيعية', '');
INSERT INTO `lk9v6_users` (`name`, `email`, `usertype`) VALUES ('سارة عبد الفتاح أحمد عبد الفتاح', 'sara13s05871@alexu.edu.eg', 'الخريجين');
INSERT INTO `lk9v6_alumni_main` (`id`, `user_id`, `approved`) VALUES (167063, 167063, 1);
INSERT INTO `lk9v6_alumni_data` (`alumni_id`, `graduation_year`, `fid`, `job`, `address`, `city`, `country`, `phone`, `gid`, `mobile`, `nationalnumber`, `department`, `division`, `with_honor`) VALUES (167063, 2014, '1', '', '', '', '', '0453431108', '3', '01157340039', '', 'الكيمياء', 'العلوم الطبيعية', '');
INSERT INTO `lk9v6_users` (`name`, `email`, `usertype`) VALUES ('اسماء مبروك السيد عبد العزيز', 'asmaa13s04478@alexu.edu.eg', 'الخريجين');
INSERT INTO `lk9v6_alumni_main` (`id`, `user_id`, `approved`) VALUES (167064, 167064, 1);
INSERT INTO `lk9v6_alumni_data` (`alumni_id`, `graduation_year`, `fid`, `job`, `address`, `city`, `country`, `phone`, `gid`, `mobile`, `nationalnumber`, `department`, `division`, `with_honor`) VALUES (167064, 2015, '1', '', '', '', '', '033309979', '4', '01288459480', '', 'الكيمياء', 'العلوم الطبيعية', '');
INSERT INTO `lk9v6_users` (`name`, `email`, `usertype`) VALUES ('ايه عباس عبدالعزيز ابراهيم', 'aya13s04537@alexu.edu.eg', 'الخريجين');
INSERT INTO `lk9v6_alumni_main` (`id`, `user_id`, `approved`) VALUES (167065, 167065, 1);
INSERT INTO `lk9v6_alumni_data` (`alumni_id`, `graduation_year`, `fid`, `job`, `address`, `city`, `country`, `phone`, `gid`, `mobile`, `nationalnumber`, `department`, `division`, `with_honor`) VALUES (167065, 2015, '1', '', '', '', '', '3927919', '4', '01226075506', '', 'الكيمياء', 'العلوم الطبيعية', '');
INSERT INTO `lk9v6_users` (`name`, `email`, `usertype`) VALUES ('جهاد جابر رجب جابر', 'gihad13s06477@alexu.edu.eg', 'الخريجين');
INSERT INTO `lk9v6_alumni_main` (`id`, `user_id`, `approved`) VALUES (167066, 167066, 1);
INSERT INTO `lk9v6_alumni_data` (`alumni_id`, `graduation_year`, `fid`, `job`, `address`, `city`, `country`, `phone`, `gid`, `mobile`, `nationalnumber`, `department`, `division`, `with_honor`) VALUES (167066, 2015, '1', '', '', '', '', '5565513', '4', '01289966776', '', 'الكيمياء', 'العلوم الطبيعية', '');
INSERT INTO `lk9v6_users` (`name`, `email`, `usertype`) VALUES ('الشيماء محمد محمود محمد', 'alshaima13s06366@alexu.edu.eg', 'الخريجين');
INSERT INTO `lk9v6_alumni_main` (`id`, `user_id`, `approved`) VALUES (167067, 167067, 1);
INSERT INTO `lk9v6_alumni_data` (`alumni_id`, `graduation_year`, `fid`, `job`, `address`, `city`, `country`, `phone`, `gid`, `mobile`, `nationalnumber`, `department`, `division`, `with_honor`) VALUES (167067, 2015, '1', '', '', '', '', '034857908', '3', '01112252897', '', 'الكيمياء', 'العلوم الطبيعية', '');
INSERT INTO `lk9v6_users` (`name`, `email`, `usertype`) VALUES ('يسريه جمال محمد عبدالباقى شلضم', 'yosria13s04344@alexu.edu.eg', 'الخريجين');
INSERT INTO `lk9v6_alumni_main` (`id`, `user_id`, `approved`) VALUES (167068, 167068, 1);
INSERT INTO `lk9v6_alumni_data` (`alumni_id`, `graduation_year`, `fid`, `job`, `address`, `city`, `country`, `phone`, `gid`, `mobile`, `nationalnumber`, `department`, `division`, `with_honor`) VALUES (167068, 2015, '1', '', '', '', '', '01145998491', '3', '01019296265', '', 'الكيمياء', 'العلوم الطبيعية', '');
INSERT INTO `lk9v6_users` (`name`, `email`, `usertype`) VALUES ('فاطمه محمود رجب عزب', 'fatma13s06134@alexu.edu.eg', 'الخريجين');
INSERT INTO `lk9v6_alumni_main` (`id`, `user_id`, `approved`) VALUES (167069, 167069, 1);
INSERT INTO `lk9v6_alumni_data` (`alumni_id`, `graduation_year`, `fid`, `job`, `address`, `city`, `country`, `phone`, `gid`, `mobile`, `nationalnumber`, `department`, `division`, `with_honor`) VALUES (167069, 2015, '1', '', '', '', '', '03598746', '3', '01229039566', '', 'الكيمياء', 'العلوم الطبيعية', '');
INSERT INTO `lk9v6_users` (`name`, `email`, `usertype`) VALUES ('شيماء جمال سالم مالك سالم', 'shaimaa13s04498@alexu.edu.eg', 'الخريجين');
INSERT INTO `lk9v6_alumni_main` (`id`, `user_id`, `approved`) VALUES (167070, 167070, 1);
INSERT INTO `lk9v6_alumni_data` (`alumni_id`, `graduation_year`, `fid`, `job`, `address`, `city`, `country`, `phone`, `gid`, `mobile`, `nationalnumber`, `department`, `division`, `with_honor`) VALUES (167070, 2015, '1', '', '', '', '', '5046202', '3', '01285539509', '', 'الكيمياء', 'العلوم الطبيعية', '');
INSERT INTO `lk9v6_users` (`name`, `email`, `usertype`) VALUES ('ايه طارق ابراهيم السيد', 'aya13s04641@alexu.edu.eg', 'الخريجين');
INSERT INTO `lk9v6_alumni_main` (`id`, `user_id`, `approved`) VALUES (167071, 167071, 1);
INSERT INTO `lk9v6_alumni_data` (`alumni_id`, `graduation_year`, `fid`, `job`, `address`, `city`, `country`, `phone`, `gid`, `mobile`, `nationalnumber`, `department`, `division`, `with_honor`) VALUES (167071, 2015, '1', '', '', '', '', '033917303', '3', '01211442006', '', 'الكيمياء', 'العلوم الطبيعية', '');
INSERT INTO `lk9v6_users` (`name`, `email`, `usertype`) VALUES ('اسراء محمد احمد محمد', 'esraa13s04520@alexu.edu.eg', 'الخريجين');
INSERT INTO `lk9v6_alumni_main` (`id`, `user_id`, `approved`) VALUES (167072, 167072, 1);
INSERT INTO `lk9v6_alumni_data` (`alumni_id`, `graduation_year`, `fid`, `job`, `address`, `city`, `country`, `phone`, `gid`, `mobile`, `nationalnumber`, `department`, `division`, `with_honor`) VALUES (167072, 2015, '1', '', '', '', '', '035348112', '3', '01014614403', '', 'الكيمياء', 'العلوم الطبيعية', '');
INSERT INTO `lk9v6_users` (`name`, `email`, `usertype`) VALUES ('شريهان هشام ابراهيم النجار', 'sherihan13s06476@alexu.edu.eg', 'الخريجين');
INSERT INTO `lk9v6_alumni_main` (`id`, `user_id`, `approved`) VALUES (167073, 167073, 1);
INSERT INTO `lk9v6_alumni_data` (`alumni_id`, `graduation_year`, `fid`, `job`, `address`, `city`, `country`, `phone`, `gid`, `mobile`, `nationalnumber`, `department`, `division`, `with_honor`) VALUES (167073, 2015, '1', '', '', '', '', '035757633', '3', '01201409801', '', 'الكيمياء', 'العلوم الطبيعية', '');
INSERT INTO `lk9v6_users` (`name`, `email`, `usertype`) VALUES ('مصطفى محمود احمد نورالدين محمد', 'mustafa13s04489@alexu.edu.eg', 'الخريجين');
INSERT INTO `lk9v6_alumni_main` (`id`, `user_id`, `approved`) VALUES (167074, 167074, 1);
INSERT INTO `lk9v6_alumni_data` (`alumni_id`, `graduation_year`, `fid`, `job`, `address`, `city`, `country`, `phone`, `gid`, `mobile`, `nationalnumber`, `department`, `division`, `with_honor`) VALUES (167074, 2015, '1', '', '', '', '', '035343748', '3', '01221394053', '', 'الكيمياء', 'العلوم الطبيعية', '');
INSERT INTO `lk9v6_users` (`name`, `email`, `usertype`) VALUES ('عبدالرحمن مصطفي رجب حسن محمد', 'abdelrahman13s02556@alexu.edu.eg', 'الخريجين');
INSERT INTO `lk9v6_alumni_main` (`id`, `user_id`, `approved`) VALUES (167075, 167075, 1);
INSERT INTO `lk9v6_alumni_data` (`alumni_id`, `graduation_year`, `fid`, `job`, `address`, `city`, `country`, `phone`, `gid`, `mobile`, `nationalnumber`, `department`, `division`, `with_honor`) VALUES (167075, 2015, '1', '', '', '', '', '5616065', '3', '01276683040', '', 'الكيمياء', 'العلوم الطبيعية', '');
INSERT INTO `lk9v6_users` (`name`, `email`, `usertype`) VALUES ('شيماء لطفى محمود محمد منصور', 'shaimaa13s04814@alexu.edu.eg', 'الخريجين');
INSERT INTO `lk9v6_alumni_main` (`id`, `user_id`, `approved`) VALUES (167076, 167076, 1);
INSERT INTO `lk9v6_alumni_data` (`alumni_id`, `graduation_year`, `fid`, `job`, `address`, `city`, `country`, `phone`, `gid`, `mobile`, `nationalnumber`, `department`, `division`, `with_honor`) VALUES (167076, 2015, '1', '', '', '', '', '034286123', '3', '01271001912', '', 'الكيمياء', 'العلوم الطبيعية', '');
INSERT INTO `lk9v6_users` (`name`, `email`, `usertype`) VALUES ('محمود على محمد على الرفاعى', 'mahmoud13s04615@alexu.edu.eg', 'الخريجين');
INSERT INTO `lk9v6_alumni_main` (`id`, `user_id`, `approved`) VALUES (167077, 167077, 1);
INSERT INTO `lk9v6_alumni_data` (`alumni_id`, `graduation_year`, `fid`, `job`, `address`, `city`, `country`, `phone`, `gid`, `mobile`, `nationalnumber`, `department`, `division`, `with_honor`) VALUES (167077, 2015, '1', '', '', '', '', '033191911', '3', '01202823681', '', 'الكيمياء', 'العلوم الطبيعية', '');
INSERT INTO `lk9v6_users` (`name`, `email`, `usertype`) VALUES ('اميرة صالح عبدالعزيز عبدالهادى ', 'amira13s00790@alexu.edu.eg', 'الخريجين');
INSERT INTO `lk9v6_alumni_main` (`id`, `user_id`, `approved`) VALUES (167078, 167078, 1);
INSERT INTO `lk9v6_alumni_data` (`alumni_id`, `graduation_year`, `fid`, `job`, `address`, `city`, `country`, `phone`, `gid`, `mobile`, `nationalnumber`, `department`, `division`, `with_honor`) VALUES (167078, 2015, '1', '', '', '', '', '5001306', '3', '01207999498', '', 'علوم البحار الفيزيائية', 'العلوم الطبيعية', '');
INSERT INTO `lk9v6_users` (`name`, `email`, `usertype`) VALUES ('انجى ميخائيل فايز ارمانيوس', 'engy13s06662@alexu.edu.eg', 'الخريجين');
INSERT INTO `lk9v6_alumni_main` (`id`, `user_id`, `approved`) VALUES (167079, 167079, 1);
INSERT INTO `lk9v6_alumni_data` (`alumni_id`, `graduation_year`, `fid`, `job`, `address`, `city`, `country`, `phone`, `gid`, `mobile`, `nationalnumber`, `department`, `division`, `with_honor`) VALUES (167079, 2015, '1', '', '', '', '', '039610076', '3', '0124502015', '', 'علوم الحاسب الآلي', 'العلوم الطبيعية', '');
INSERT INTO `lk9v6_users` (`name`, `email`, `usertype`) VALUES ('مى محمد محمود خيرت محمود', 'mai13s04399@alexu.edu.eg', 'الخريجين');
INSERT INTO `lk9v6_alumni_main` (`id`, `user_id`, `approved`) VALUES (167080, 167080, 1);
INSERT INTO `lk9v6_alumni_data` (`alumni_id`, `graduation_year`, `fid`, `job`, `address`, `city`, `country`, `phone`, `gid`, `mobile`, `nationalnumber`, `department`, `division`, `with_honor`) VALUES (167080, 2015, '1', '', '', '', '', '032204150', '3', '01009351677', '', 'علوم الحاسب الآلي', 'العلوم الطبيعية', '');
INSERT INTO `lk9v6_users` (`name`, `email`, `usertype`) VALUES ('محمد احمد ابراهيم على عبدالرازق', 'mohamed13s04345@alexu.edu.eg', 'الخريجين');
INSERT INTO `lk9v6_alumni_main` (`id`, `user_id`, `approved`) VALUES (167081, 167081, 1);
INSERT INTO `lk9v6_alumni_data` (`alumni_id`, `graduation_year`, `fid`, `job`, `address`, `city`, `country`, `phone`, `gid`, `mobile`, `nationalnumber`, `department`, `division`, `with_honor`) VALUES (167081, 2015, '1', '', '', '', '', '4282633', '3', '01223520995', '', 'الكيمياء', 'العلوم الطبيعية', '');
INSERT INTO `lk9v6_users` (`name`, `email`, `usertype`) VALUES ('مصطفى محمد احمد محمد المصرى', 'mustafa13s04634@alexu.edu.eg', 'الخريجين');
INSERT INTO `lk9v6_alumni_main` (`id`, `user_id`, `approved`) VALUES (167082, 167082, 1);
INSERT INTO `lk9v6_alumni_data` (`alumni_id`, `graduation_year`, `fid`, `job`, `address`, `city`, `country`, `phone`, `gid`, `mobile`, `nationalnumber`, `department`, `division`, `with_honor`) VALUES (167082, 2015, '1', '', '', '', '', '035282093', '3', '01114415793', '', 'علوم الحاسب الآلي', 'العلوم الطبيعية', '');
INSERT INTO `lk9v6_users` (`name`, `email`, `usertype`) VALUES ('احمد محمد عبد الجواد عبد الجواد', 'ahmed13s04353@alexu.edu.eg', 'الخريجين');
INSERT INTO `lk9v6_alumni_main` (`id`, `user_id`, `approved`) VALUES (167083, 167083, 1);
INSERT INTO `lk9v6_alumni_data` (`alumni_id`, `graduation_year`, `fid`, `job`, `address`, `city`, `country`, `phone`, `gid`, `mobile`, `nationalnumber`, `department`, `division`, `with_honor`) VALUES (167083, 2015, '1', '', '', '', '', '5622550', '3', '01114119763', '', 'الكيمياء', 'العلوم الطبيعية', '');
INSERT INTO `lk9v6_users` (`name`, `email`, `usertype`) VALUES ('احمد خالد زكريا حسنين', 'ahmed13s06200@alexu.edu.eg', 'الخريجين');
INSERT INTO `lk9v6_alumni_main` (`id`, `user_id`, `approved`) VALUES (167084, 167084, 1);
INSERT INTO `lk9v6_alumni_data` (`alumni_id`, `graduation_year`, `fid`, `job`, `address`, `city`, `country`, `phone`, `gid`, `mobile`, `nationalnumber`, `department`, `division`, `with_honor`) VALUES (167084, 2015, '1', '', '', '', '', '033015216', '3', '01287691314', '', 'الكيمياء', 'العلوم الطبيعية', '');
INSERT INTO `lk9v6_users` (`name`, `email`, `usertype`) VALUES ('مصطفى نبيه السيد ابوالفتوح', 'mustafa13s04504@alexu.edu.eg', 'الخريجين');
INSERT INTO `lk9v6_alumni_main` (`id`, `user_id`, `approved`) VALUES (167085, 167085, 1);
INSERT INTO `lk9v6_alumni_data` (`alumni_id`, `graduation_year`, `fid`, `job`, `address`, `city`, `country`, `phone`, `gid`, `mobile`, `nationalnumber`, `department`, `division`, `with_honor`) VALUES (167085, 2015, '1', '', '', '', '', '5369845', '3', '01207528656', '', 'الكيمياء', 'العلوم الطبيعية', '');
INSERT INTO `lk9v6_users` (`name`, `email`, `usertype`) VALUES ('احمد محمود احمد شاهين ', 'ahmed13s02831@alexu.edu.eg', 'الخريجين');
INSERT INTO `lk9v6_alumni_main` (`id`, `user_id`, `approved`) VALUES (167086, 167086, 1);
INSERT INTO `lk9v6_alumni_data` (`alumni_id`, `graduation_year`, `fid`, `job`, `address`, `city`, `country`, `phone`, `gid`, `mobile`, `nationalnumber`, `department`, `division`, `with_honor`) VALUES (167086, 2015, '1', '', '', '', '', '0453042459', '2', '01116643654', '', 'علوم البحار الفيزيائية', 'العلوم الطبيعية', '');
INSERT INTO `lk9v6_users` (`name`, `email`, `usertype`) VALUES ('احمد مصطفى رشوان عثمان سعيد ', 'ahmed13s00752@alexu.edu.eg', 'الخريجين');
INSERT INTO `lk9v6_alumni_main` (`id`, `user_id`, `approved`) VALUES (167087, 167087, 1);
INSERT INTO `lk9v6_alumni_data` (`alumni_id`, `graduation_year`, `fid`, `job`, `address`, `city`, `country`, `phone`, `gid`, `mobile`, `nationalnumber`, `department`, `division`, `with_honor`) VALUES (167087, 2015, '1', '', '', '', '', '035026560', '2', '01285356082', '', 'علوم البحار الفيزيائية', 'العلوم الطبيعية', '');
INSERT INTO `lk9v6_users` (`name`, `email`, `usertype`) VALUES ('احمد محمد احمد محمد احمد', 'ahmed13s02311@alexu.edu.eg', 'الخريجين');
INSERT INTO `lk9v6_alumni_main` (`id`, `user_id`, `approved`) VALUES (167088, 167088, 1);
INSERT INTO `lk9v6_alumni_data` (`alumni_id`, `graduation_year`, `fid`, `job`, `address`, `city`, `country`, `phone`, `gid`, `mobile`, `nationalnumber`, `department`, `division`, `with_honor`) VALUES (167088, 2014, '1', '', '', '', '', '035737578', '2', '01066495448', '', 'الكيمياء', 'العلوم الطبيعية', '');
INSERT INTO `lk9v6_users` (`name`, `email`, `usertype`) VALUES ('شيرين احمد احمد ابراهيم ', 'sherin13s02535@alexu.edu.eg', 'الخريجين');
INSERT INTO `lk9v6_alumni_main` (`id`, `user_id`, `approved`) VALUES (167089, 167089, 1);
INSERT INTO `lk9v6_alumni_data` (`alumni_id`, `graduation_year`, `fid`, `job`, `address`, `city`, `country`, `phone`, `gid`, `mobile`, `nationalnumber`, `department`, `division`, `with_honor`) VALUES (167089, 2014, '1', '', '', '', '', '035735220', '5', '01003804906', '', 'الفيزياء', 'العلوم الطبيعية', '');
INSERT INTO `lk9v6_users` (`name`, `email`, `usertype`) VALUES ('اسراء صبحى سيد عبدالعلى', 'esraa13s00030@alexu.edu.eg', 'الخريجين');
INSERT INTO `lk9v6_alumni_main` (`id`, `user_id`, `approved`) VALUES (167090, 167090, 1);
INSERT INTO `lk9v6_alumni_data` (`alumni_id`, `graduation_year`, `fid`, `job`, `address`, `city`, `country`, `phone`, `gid`, `mobile`, `nationalnumber`, `department`, `division`, `with_honor`) VALUES (167090, 2014, '1', '', '', '', '', '3612152', '3', '01092011499', '', 'الفيزياء', 'العلوم الطبيعية', '');
INSERT INTO `lk9v6_users` (`name`, `email`, `usertype`) VALUES ('عائشه رجب محمد متولى', 'aisha13s04888@alexu.edu.eg', 'الخريجين');
INSERT INTO `lk9v6_alumni_main` (`id`, `user_id`, `approved`) VALUES (167091, 167091, 1);
INSERT INTO `lk9v6_alumni_data` (`alumni_id`, `graduation_year`, `fid`, `job`, `address`, `city`, `country`, `phone`, `gid`, `mobile`, `nationalnumber`, `department`, `division`, `with_honor`) VALUES (167091, 2015, '1', '', '', '', '', '5361867', '5', '01092839034', '', 'الميكروبيولوجى', 'العلوم البيولوجية', '');
INSERT INTO `lk9v6_users` (`name`, `email`, `usertype`) VALUES ('سماهر محمد عبد الرحيم احمد على', 'smaher13s06060@alexu.edu.eg', 'الخريجين');
INSERT INTO `lk9v6_alumni_main` (`id`, `user_id`, `approved`) VALUES (167092, 167092, 1);
INSERT INTO `lk9v6_alumni_data` (`alumni_id`, `graduation_year`, `fid`, `job`, `address`, `city`, `country`, `phone`, `gid`, `mobile`, `nationalnumber`, `department`, `division`, `with_honor`) VALUES (167092, 2015, '1', '', '', '', '', '5918688', '5', '0105668701', '', 'الميكروبيولوجى', 'العلوم البيولوجية', '');
INSERT INTO `lk9v6_users` (`name`, `email`, `usertype`) VALUES ('مروه فوزى سعيد عبدالعزيز صومع', 'marwa13s05386@alexu.edu.eg', 'الخريجين');
INSERT INTO `lk9v6_alumni_main` (`id`, `user_id`, `approved`) VALUES (167093, 167093, 1);
INSERT INTO `lk9v6_alumni_data` (`alumni_id`, `graduation_year`, `fid`, `job`, `address`, `city`, `country`, `phone`, `gid`, `mobile`, `nationalnumber`, `department`, `division`, `with_honor`) VALUES (167093, 2015, '1', '', '', '', '', '035289720', '5', '01126080451', '', 'الميكروبيولوجى', 'العلوم البيولوجية', '');
INSERT INTO `lk9v6_users` (`name`, `email`, `usertype`) VALUES ('لورا هنرى سمير لبيب حنا', 'lora13s04954@alexu.edu.eg', 'الخريجين');
INSERT INTO `lk9v6_alumni_main` (`id`, `user_id`, `approved`) VALUES (167094, 167094, 1);
INSERT INTO `lk9v6_alumni_data` (`alumni_id`, `graduation_year`, `fid`, `job`, `address`, `city`, `country`, `phone`, `gid`, `mobile`, `nationalnumber`, `department`, `division`, `with_honor`) VALUES (167094, 2015, '1', '', '', '', '', '5741921', '5', '01229447658', '', 'الميكروبيولوجى', 'العلوم البيولوجية', '');
INSERT INTO `lk9v6_users` (`name`, `email`, `usertype`) VALUES ('نيفين طارق فتحى مصيلحى على', 'nevin13s04486@alexu.edu.eg', 'الخريجين');
INSERT INTO `lk9v6_alumni_main` (`id`, `user_id`, `approved`) VALUES (167095, 167095, 1);
INSERT INTO `lk9v6_alumni_data` (`alumni_id`, `graduation_year`, `fid`, `job`, `address`, `city`, `country`, `phone`, `gid`, `mobile`, `nationalnumber`, `department`, `division`, `with_honor`) VALUES (167095, 2015, '1', '', '', '', '', '035458542', '5', '01210873131', '', 'الفيزياء', 'العلوم الطبيعية', '');
INSERT INTO `lk9v6_users` (`name`, `email`, `usertype`) VALUES ('منه الله عبد العظيم سعد عبد العظيم الجنيدى', 'menna13s04779@alexu.edu.eg', 'الخريجين');
INSERT INTO `lk9v6_alumni_main` (`id`, `user_id`, `approved`) VALUES (167096, 167096, 1);
INSERT INTO `lk9v6_alumni_data` (`alumni_id`, `graduation_year`, `fid`, `job`, `address`, `city`, `country`, `phone`, `gid`, `mobile`, `nationalnumber`, `department`, `division`, `with_honor`) VALUES (167096, 2015, '1', '', '', '', '', '034260204', '5', '01221872827', '', 'الفيزياء', 'العلوم الطبيعية', '');
INSERT INTO `lk9v6_users` (`name`, `email`, `usertype`) VALUES ('محمد محمود حنفى محمود مرسى', 'mohamed13s06213@alexu.edu.eg', 'الخريجين');
INSERT INTO `lk9v6_alumni_main` (`id`, `user_id`, `approved`) VALUES (167097, 167097, 1);
INSERT INTO `lk9v6_alumni_data` (`alumni_id`, `graduation_year`, `fid`, `job`, `address`, `city`, `country`, `phone`, `gid`, `mobile`, `nationalnumber`, `department`, `division`, `with_honor`) VALUES (167097, 2015, '1', '', '', '', '', '035062041', '5', '0172931379', '', 'الفيزياء', 'العلوم الطبيعية', '');
INSERT INTO `lk9v6_users` (`name`, `email`, `usertype`) VALUES ('غاده محمد احمد المسيرى', 'ghada13s05180@alexu.edu.eg', 'الخريجين');
INSERT INTO `lk9v6_alumni_main` (`id`, `user_id`, `approved`) VALUES (167098, 167098, 1);
INSERT INTO `lk9v6_alumni_data` (`alumni_id`, `graduation_year`, `fid`, `job`, `address`, `city`, `country`, `phone`, `gid`, `mobile`, `nationalnumber`, `department`, `division`, `with_honor`) VALUES (167098, 2015, '1', '', '', '', '', '0452993327', '5', '01120405428', '', 'الكيمياء الحيوية', 'العلوم البيولوجية', '');
INSERT INTO `lk9v6_users` (`name`, `email`, `usertype`) VALUES ('عبير خليفه صفوت قصدى محمد', 'abeer13s05493@alexu.edu.eg', 'الخريجين');
INSERT INTO `lk9v6_alumni_main` (`id`, `user_id`, `approved`) VALUES (167099, 167099, 1);
INSERT INTO `lk9v6_alumni_data` (`alumni_id`, `graduation_year`, `fid`, `job`, `address`, `city`, `country`, `phone`, `gid`, `mobile`, `nationalnumber`, `department`, `division`, `with_honor`) VALUES (167099, 2015, '1', '', '', '', '', '0453741547', '5', '01006397905', '', 'الكيمياء الحيوية', 'العلوم البيولوجية', '');
INSERT INTO `lk9v6_users` (`name`, `email`, `usertype`) VALUES ('محمد شوقى محمد الحسينى على عطا الله', 'mohamed13s05732@alexu.edu.eg', 'الخريجين');
INSERT INTO `lk9v6_alumni_main` (`id`, `user_id`, `approved`) VALUES (167100, 167100, 1);
INSERT INTO `lk9v6_alumni_data` (`alumni_id`, `graduation_year`, `fid`, `job`, `address`, `city`, `country`, `phone`, `gid`, `mobile`, `nationalnumber`, `department`, `division`, `with_honor`) VALUES (167100, 2015, '1', '', '', '', '', '032045128', '5', '01001910352', '', 'الميكروبيولوجى', 'العلوم البيولوجية', '');
INSERT INTO `lk9v6_users` (`name`, `email`, `usertype`) VALUES ('لميس شمس الدين محمد عبد الفضيل', 'lamis13s05194@alexu.edu.eg', 'الخريجين');
INSERT INTO `lk9v6_alumni_main` (`id`, `user_id`, `approved`) VALUES (167101, 167101, 1);
INSERT INTO `lk9v6_alumni_data` (`alumni_id`, `graduation_year`, `fid`, `job`, `address`, `city`, `country`, `phone`, `gid`, `mobile`, `nationalnumber`, `department`, `division`, `with_honor`) VALUES (167101, 2015, '1', '', '', '', '', '5377201', '5', '01227604833', '', 'الميكروبيولوجى', 'العلوم البيولوجية', '');
INSERT INTO `lk9v6_users` (`name`, `email`, `usertype`) VALUES ('سارة احمد غانم دياب', 'sara13s06076@alexu.edu.eg', 'الخريجين');
INSERT INTO `lk9v6_alumni_main` (`id`, `user_id`, `approved`) VALUES (167102, 167102, 1);
INSERT INTO `lk9v6_alumni_data` (`alumni_id`, `graduation_year`, `fid`, `job`, `address`, `city`, `country`, `phone`, `gid`, `mobile`, `nationalnumber`, `department`, `division`, `with_honor`) VALUES (167102, 2015, '1', '', '', '', '', '5043437', '5', '01069974046', '', 'الفيزياء', 'العلوم الطبيعية', '');
INSERT INTO `lk9v6_users` (`name`, `email`, `usertype`) VALUES ('اسماء احمد ابراهيم سالم محمد', 'asmaa13s05192@alexu.edu.eg', 'الخريجين');
INSERT INTO `lk9v6_alumni_main` (`id`, `user_id`, `approved`) VALUES (167103, 167103, 1);
INSERT INTO `lk9v6_alumni_data` (`alumni_id`, `graduation_year`, `fid`, `job`, `address`, `city`, `country`, `phone`, `gid`, `mobile`, `nationalnumber`, `department`, `division`, `with_honor`) VALUES (167103, 2015, '1', '', '', '', '', '4420357', '5', '01019561227', '', 'الميكروبيولوجى', 'العلوم البيولوجية', '');
INSERT INTO `lk9v6_users` (`name`, `email`, `usertype`) VALUES ('محمد رضوان محمد رضوان', 'mohamed13s04550@alexu.edu.eg', 'الخريجين');
INSERT INTO `lk9v6_alumni_main` (`id`, `user_id`, `approved`) VALUES (167104, 167104, 1);
INSERT INTO `lk9v6_alumni_data` (`alumni_id`, `graduation_year`, `fid`, `job`, `address`, `city`, `country`, `phone`, `gid`, `mobile`, `nationalnumber`, `department`, `division`, `with_honor`) VALUES (167104, 2015, '1', '', '', '', '', '033302824', '5', '01286617624', '', 'الفيزياء', 'العلوم الطبيعية', '');
INSERT INTO `lk9v6_users` (`name`, `email`, `usertype`) VALUES ('محمود عادل عبد الغفار عبد العاطى', 'mahmoud13s04425@alexu.edu.eg', 'الخريجين');
INSERT INTO `lk9v6_alumni_main` (`id`, `user_id`, `approved`) VALUES (167105, 167105, 1);
INSERT INTO `lk9v6_alumni_data` (`alumni_id`, `graduation_year`, `fid`, `job`, `address`, `city`, `country`, `phone`, `gid`, `mobile`, `nationalnumber`, `department`, `division`, `with_honor`) VALUES (167105, 2015, '1', '', '', '', '', '01090418184', '5', '01221058917', '', 'الفيزياء', 'العلوم الطبيعية', '');
INSERT INTO `lk9v6_users` (`name`, `email`, `usertype`) VALUES ('اميره عمادالدين عبدالعزيز عيسى', 'amira13s05712@alexu.edu.eg', 'الخريجين');
INSERT INTO `lk9v6_alumni_main` (`id`, `user_id`, `approved`) VALUES (167106, 167106, 1);
INSERT INTO `lk9v6_alumni_data` (`alumni_id`, `graduation_year`, `fid`, `job`, `address`, `city`, `country`, `phone`, `gid`, `mobile`, `nationalnumber`, `department`, `division`, `with_honor`) VALUES (167106, 2015, '1', '', '', '', '', '034306101', '5', '0188551797', '', 'الكيمياء الحيوية', 'العلوم البيولوجية', '');
INSERT INTO `lk9v6_users` (`name`, `email`, `usertype`) VALUES ('نهال سراج الدين عبدالمطلب عبدالله', 'nehal13s05615@alexu.edu.eg', 'الخريجين');
INSERT INTO `lk9v6_alumni_main` (`id`, `user_id`, `approved`) VALUES (167107, 167107, 1);
INSERT INTO `lk9v6_alumni_data` (`alumni_id`, `graduation_year`, `fid`, `job`, `address`, `city`, `country`, `phone`, `gid`, `mobile`, `nationalnumber`, `department`, `division`, `with_honor`) VALUES (167107, 2015, '1', '', '', '', '', '0453681177', '5', '01094834079', '', 'الميكروبيولوجى', 'العلوم البيولوجية', '');
INSERT INTO `lk9v6_users` (`name`, `email`, `usertype`) VALUES ('اسماء ابراهيم محمد ابراهيم', 'asmaa13s06485@alexu.edu.eg', 'الخريجين');
INSERT INTO `lk9v6_alumni_main` (`id`, `user_id`, `approved`) VALUES (167108, 167108, 1);
INSERT INTO `lk9v6_alumni_data` (`alumni_id`, `graduation_year`, `fid`, `job`, `address`, `city`, `country`, `phone`, `gid`, `mobile`, `nationalnumber`, `department`, `division`, `with_honor`) VALUES (167108, 2015, '1', '', '', '', '', '034354032', '5', '01212451023', '', 'الكيمياء', 'العلوم الطبيعية', '');
INSERT INTO `lk9v6_users` (`name`, `email`, `usertype`) VALUES ('هنادى حسين عبدالباسط محمد', 'hanady13s04527@alexu.edu.eg', 'الخريجين');
INSERT INTO `lk9v6_alumni_main` (`id`, `user_id`, `approved`) VALUES (167109, 167109, 1);
INSERT INTO `lk9v6_alumni_data` (`alumni_id`, `graduation_year`, `fid`, `job`, `address`, `city`, `country`, `phone`, `gid`, `mobile`, `nationalnumber`, `department`, `division`, `with_honor`) VALUES (167109, 2015, '1', '', '', '', '', '033812620', '5', '01118606776', '', 'الفيزياء', 'العلوم الطبيعية', '');
INSERT INTO `lk9v6_users` (`name`, `email`, `usertype`) VALUES ('شيماء محمود محمد شرف الدين', 'shaimaa13s05383@alexu.edu.eg', 'الخريجين');
INSERT INTO `lk9v6_alumni_main` (`id`, `user_id`, `approved`) VALUES (167110, 167110, 1);
INSERT INTO `lk9v6_alumni_data` (`alumni_id`, `graduation_year`, `fid`, `job`, `address`, `city`, `country`, `phone`, `gid`, `mobile`, `nationalnumber`, `department`, `division`, `with_honor`) VALUES (167110, 2015, '1', '', '', '', '', '0164869615', '5', '0164869615', '', 'الكيمياء الحيوية', 'العلوم البيولوجية', '');
INSERT INTO `lk9v6_users` (`name`, `email`, `usertype`) VALUES ('هدير محمد ابراهيم على', 'hadeer13s06198@alexu.edu.eg', 'الخريجين');
INSERT INTO `lk9v6_alumni_main` (`id`, `user_id`, `approved`) VALUES (167111, 167111, 1);
INSERT INTO `lk9v6_alumni_data` (`alumni_id`, `graduation_year`, `fid`, `job`, `address`, `city`, `country`, `phone`, `gid`, `mobile`, `nationalnumber`, `department`, `division`, `with_honor`) VALUES (167111, 2015, '1', '', '', '', '', '01283951355', '5', '01226410602', '', 'الفيزياء', 'العلوم الطبيعية', '');
INSERT INTO `lk9v6_users` (`name`, `email`, `usertype`) VALUES ('اسماء مصطفى حسن سيد احمد', 'asmaa13s04464@alexu.edu.eg', 'الخريجين');
INSERT INTO `lk9v6_alumni_main` (`id`, `user_id`, `approved`) VALUES (167112, 167112, 1);
INSERT INTO `lk9v6_alumni_data` (`alumni_id`, `graduation_year`, `fid`, `job`, `address`, `city`, `country`, `phone`, `gid`, `mobile`, `nationalnumber`, `department`, `division`, `with_honor`) VALUES (167112, 2015, '1', '', '', '', '', '4408083', '5', '01149901255', '', 'الفيزياء', 'العلوم الطبيعية', '');
INSERT INTO `lk9v6_users` (`name`, `email`, `usertype`) VALUES ('ماجد فيليب خله زخارى', 'maged13s04072@alexu.edu.eg', 'الخريجين');
INSERT INTO `lk9v6_alumni_main` (`id`, `user_id`, `approved`) VALUES (167113, 167113, 1);
INSERT INTO `lk9v6_alumni_data` (`alumni_id`, `graduation_year`, `fid`, `job`, `address`, `city`, `country`, `phone`, `gid`, `mobile`, `nationalnumber`, `department`, `division`, `with_honor`) VALUES (167113, 2015, '1', '', '', '', '', '5501651', '5', '01206059444', '', 'الفيزياء', 'العلوم الطبيعية', '');
INSERT INTO `lk9v6_users` (`name`, `email`, `usertype`) VALUES ('سهير احمد حسن شوقى السيد', 'sohir13s05704@alexu.edu.eg', 'الخريجين');
INSERT INTO `lk9v6_alumni_main` (`id`, `user_id`, `approved`) VALUES (167114, 167114, 1);
INSERT INTO `lk9v6_alumni_data` (`alumni_id`, `graduation_year`, `fid`, `job`, `address`, `city`, `country`, `phone`, `gid`, `mobile`, `nationalnumber`, `department`, `division`, `with_honor`) VALUES (167114, 2015, '1', '', '', '', '', '5549856', '5', '01062367015', '', 'الميكروبيولوجى', 'العلوم البيولوجية', '');
INSERT INTO `lk9v6_users` (`name`, `email`, `usertype`) VALUES ('ايمان رجب محمد ابويوسف', 'eman13s05403@alexu.edu.eg', 'الخريجين');
INSERT INTO `lk9v6_alumni_main` (`id`, `user_id`, `approved`) VALUES (167115, 167115, 1);
INSERT INTO `lk9v6_alumni_data` (`alumni_id`, `graduation_year`, `fid`, `job`, `address`, `city`, `country`, `phone`, `gid`, `mobile`, `nationalnumber`, `department`, `division`, `with_honor`) VALUES (167115, 2015, '1', '', '', '', '', '0452563951', '5', '01063261825', '', 'الكيمياء الحيوية', 'العلوم البيولوجية', '');
INSERT INTO `lk9v6_users` (`name`, `email`, `usertype`) VALUES ('ولاء صلاح الدين محمد ابراهيم', 'walaa13s05646@alexu.edu.eg', 'الخريجين');
INSERT INTO `lk9v6_alumni_main` (`id`, `user_id`, `approved`) VALUES (167116, 167116, 1);
INSERT INTO `lk9v6_alumni_data` (`alumni_id`, `graduation_year`, `fid`, `job`, `address`, `city`, `country`, `phone`, `gid`, `mobile`, `nationalnumber`, `department`, `division`, `with_honor`) VALUES (167116, 2015, '1', '', '', '', '', '3309986', '5', '01286734172', '', 'الميكروبيولوجى', 'العلوم البيولوجية', '');
INSERT INTO `lk9v6_users` (`name`, `email`, `usertype`) VALUES ('بلال محمود عبد الراضى مصطفى', 'belal13s06119@alexu.edu.eg', 'الخريجين');
INSERT INTO `lk9v6_alumni_main` (`id`, `user_id`, `approved`) VALUES (167117, 167117, 1);
INSERT INTO `lk9v6_alumni_data` (`alumni_id`, `graduation_year`, `fid`, `job`, `address`, `city`, `country`, `phone`, `gid`, `mobile`, `nationalnumber`, `department`, `division`, `with_honor`) VALUES (167117, 2015, '1', '', '', '', '', '01114913621', '5', '0183810335', '', 'الميكروبيولوجى', 'العلوم البيولوجية', '');
INSERT INTO `lk9v6_users` (`name`, `email`, `usertype`) VALUES ('مى صلاح محمد سليم محمد', 'mai13s05484@alexu.edu.eg', 'الخريجين');
INSERT INTO `lk9v6_alumni_main` (`id`, `user_id`, `approved`) VALUES (167118, 167118, 1);
INSERT INTO `lk9v6_alumni_data` (`alumni_id`, `graduation_year`, `fid`, `job`, `address`, `city`, `country`, `phone`, `gid`, `mobile`, `nationalnumber`, `department`, `division`, `with_honor`) VALUES (167118, 2015, '1', '', '', '', '', '035934794', '5', '01120773799', '', 'الكيمياء الحيوية', 'العلوم البيولوجية', '');
INSERT INTO `lk9v6_users` (`name`, `email`, `usertype`) VALUES ('هبه حسين احمد على', 'heba13s05680@alexu.edu.eg', 'الخريجين');
INSERT INTO `lk9v6_alumni_main` (`id`, `user_id`, `approved`) VALUES (167119, 167119, 1);
INSERT INTO `lk9v6_alumni_data` (`alumni_id`, `graduation_year`, `fid`, `job`, `address`, `city`, `country`, `phone`, `gid`, `mobile`, `nationalnumber`, `department`, `division`, `with_honor`) VALUES (167119, 2015, '1', '', '', '', '', '035033211', '5', '01112580538', '', 'الميكروبيولوجى', 'العلوم البيولوجية', '');
INSERT INTO `lk9v6_users` (`name`, `email`, `usertype`) VALUES ('ملكه السيد محمد يحيى فايد', 'malka13s05333@alexu.edu.eg', 'الخريجين');
INSERT INTO `lk9v6_alumni_main` (`id`, `user_id`, `approved`) VALUES (167120, 167120, 1);
INSERT INTO `lk9v6_alumni_data` (`alumni_id`, `graduation_year`, `fid`, `job`, `address`, `city`, `country`, `phone`, `gid`, `mobile`, `nationalnumber`, `department`, `division`, `with_honor`) VALUES (167120, 2015, '1', '', '', '', '', '000000000', '5', '01068857130', '', 'الكيمياء الحيوية', 'العلوم البيولوجية', '');
INSERT INTO `lk9v6_users` (`name`, `email`, `usertype`) VALUES ('ايمان شريف السيد حسنين السعدنى', 'eman13s06872@alexu.edu.eg', 'الخريجين');
INSERT INTO `lk9v6_alumni_main` (`id`, `user_id`, `approved`) VALUES (167121, 167121, 1);
INSERT INTO `lk9v6_alumni_data` (`alumni_id`, `graduation_year`, `fid`, `job`, `address`, `city`, `country`, `phone`, `gid`, `mobile`, `nationalnumber`, `department`, `division`, `with_honor`) VALUES (167121, 2015, '1', '', '', '', '', '5768457', '5', '01122749228', '', 'الفيزياء', 'العلوم الطبيعية', '');
INSERT INTO `lk9v6_users` (`name`, `email`, `usertype`) VALUES ('نسمه محمد محمود السيد محمد حلوج', 'nesma13s04391@alexu.edu.eg', 'الخريجين');
INSERT INTO `lk9v6_alumni_main` (`id`, `user_id`, `approved`) VALUES (167122, 167122, 1);
INSERT INTO `lk9v6_alumni_data` (`alumni_id`, `graduation_year`, `fid`, `job`, `address`, `city`, `country`, `phone`, `gid`, `mobile`, `nationalnumber`, `department`, `division`, `with_honor`) VALUES (167122, 2015, '1', '', '', '', '', '034836315', '5', '0182707933', '', 'الفيزياء', 'العلوم الطبيعية', '');
INSERT INTO `lk9v6_users` (`name`, `email`, `usertype`) VALUES ('هدير مصطفى عبدالمعز على', 'hadeer13s05077@alexu.edu.eg', 'الخريجين');
INSERT INTO `lk9v6_alumni_main` (`id`, `user_id`, `approved`) VALUES (167123, 167123, 1);
INSERT INTO `lk9v6_alumni_data` (`alumni_id`, `graduation_year`, `fid`, `job`, `address`, `city`, `country`, `phone`, `gid`, `mobile`, `nationalnumber`, `department`, `division`, `with_honor`) VALUES (167123, 2015, '1', '', '', '', '', '034958547', '5', '01278340345', '', 'الكيمياء الحيوية', 'العلوم البيولوجية', '');
INSERT INTO `lk9v6_users` (`name`, `email`, `usertype`) VALUES ('علاء محمد الجازولى مصطفى محمود', 'alaa13s04427@alexu.edu.eg', 'الخريجين');
INSERT INTO `lk9v6_alumni_main` (`id`, `user_id`, `approved`) VALUES (167124, 167124, 1);
INSERT INTO `lk9v6_alumni_data` (`alumni_id`, `graduation_year`, `fid`, `job`, `address`, `city`, `country`, `phone`, `gid`, `mobile`, `nationalnumber`, `department`, `division`, `with_honor`) VALUES (167124, 2015, '1', '', '', '', '', '01028054434', '5', '01283951355', '', 'الفيزياء', 'العلوم الطبيعية', '');
INSERT INTO `lk9v6_users` (`name`, `email`, `usertype`) VALUES ('نيرين احمد عزت ابو الخير', 'nerin13s05318@alexu.edu.eg', 'الخريجين');
INSERT INTO `lk9v6_alumni_main` (`id`, `user_id`, `approved`) VALUES (167125, 167125, 1);
INSERT INTO `lk9v6_alumni_data` (`alumni_id`, `graduation_year`, `fid`, `job`, `address`, `city`, `country`, `phone`, `gid`, `mobile`, `nationalnumber`, `department`, `division`, `with_honor`) VALUES (167125, 2015, '1', '', '', '', '', '01003268224', '5', '01228184498', '', 'الكيمياء الحيوية', 'العلوم البيولوجية', '');
INSERT INTO `lk9v6_users` (`name`, `email`, `usertype`) VALUES ('ساره شريف السيد حسنين السعدنى', 'sara13s06842@alexu.edu.eg', 'الخريجين');
INSERT INTO `lk9v6_alumni_main` (`id`, `user_id`, `approved`) VALUES (167126, 167126, 1);
INSERT INTO `lk9v6_alumni_data` (`alumni_id`, `graduation_year`, `fid`, `job`, `address`, `city`, `country`, `phone`, `gid`, `mobile`, `nationalnumber`, `department`, `division`, `with_honor`) VALUES (167126, 2015, '1', '', '', '', '', '035768457', '5', '0117468485', '', 'الفيزياء', 'العلوم الطبيعية', '');
INSERT INTO `lk9v6_users` (`name`, `email`, `usertype`) VALUES ('محمود على محمود فهيم', 'mahmoud13s05153@alexu.edu.eg', 'الخريجين');
INSERT INTO `lk9v6_alumni_main` (`id`, `user_id`, `approved`) VALUES (167127, 167127, 1);
INSERT INTO `lk9v6_alumni_data` (`alumni_id`, `graduation_year`, `fid`, `job`, `address`, `city`, `country`, `phone`, `gid`, `mobile`, `nationalnumber`, `department`, `division`, `with_honor`) VALUES (167127, 2015, '1', '', '', '', '', '035039075', '5', '01287258582', '', 'الكيمياء الحيوية', 'العلوم البيولوجية', '');
INSERT INTO `lk9v6_users` (`name`, `email`, `usertype`) VALUES ('محمود رضا ابراهيم سليم', 'mahmoud13s05319@alexu.edu.eg', 'الخريجين');
INSERT INTO `lk9v6_alumni_main` (`id`, `user_id`, `approved`) VALUES (167128, 167128, 1);
INSERT INTO `lk9v6_alumni_data` (`alumni_id`, `graduation_year`, `fid`, `job`, `address`, `city`, `country`, `phone`, `gid`, `mobile`, `nationalnumber`, `department`, `division`, `with_honor`) VALUES (167128, 2015, '1', '', '', '', '', '032135021', '5', '01142625635', '', 'الكيمياء الحيوية', 'العلوم البيولوجية', '');
INSERT INTO `lk9v6_users` (`name`, `email`, `usertype`) VALUES ('روجان مصطفى احمد مرسى درويش', 'rogan13s04872@alexu.edu.eg', 'الخريجين');
INSERT INTO `lk9v6_alumni_main` (`id`, `user_id`, `approved`) VALUES (167129, 167129, 1);
INSERT INTO `lk9v6_alumni_data` (`alumni_id`, `graduation_year`, `fid`, `job`, `address`, `city`, `country`, `phone`, `gid`, `mobile`, `nationalnumber`, `department`, `division`, `with_honor`) VALUES (167129, 2015, '1', '', '', '', '', '034292958', '5', '01207420493', '', 'الميكروبيولوجى', 'العلوم البيولوجية', '');
INSERT INTO `lk9v6_users` (`name`, `email`, `usertype`) VALUES ('محمد ابراهيم محمد السييد', 'mohamed13s06792@alexu.edu.eg', 'الخريجين');
INSERT INTO `lk9v6_alumni_main` (`id`, `user_id`, `approved`) VALUES (167130, 167130, 1);
INSERT INTO `lk9v6_alumni_data` (`alumni_id`, `graduation_year`, `fid`, `job`, `address`, `city`, `country`, `phone`, `gid`, `mobile`, `nationalnumber`, `department`, `division`, `with_honor`) VALUES (167130, 2015, '1', '', '', '', '', '033800051', '5', '01271485439', '', 'الفيزياء', 'العلوم الطبيعية', '');
INSERT INTO `lk9v6_users` (`name`, `email`, `usertype`) VALUES ('علا مصطفى على محمد', 'ola13s05221@alexu.edu.eg', 'الخريجين');
INSERT INTO `lk9v6_alumni_main` (`id`, `user_id`, `approved`) VALUES (167131, 167131, 1);
INSERT INTO `lk9v6_alumni_data` (`alumni_id`, `graduation_year`, `fid`, `job`, `address`, `city`, `country`, `phone`, `gid`, `mobile`, `nationalnumber`, `department`, `division`, `with_honor`) VALUES (167131, 2015, '1', '', '', '', '', '033232911', '4', '01225986464', '', 'الميكروبيولوجى', 'العلوم البيولوجية', '');
INSERT INTO `lk9v6_users` (`name`, `email`, `usertype`) VALUES ('ايناس على محمد عثمان', 'enas13s04080@alexu.edu.eg', 'الخريجين');
INSERT INTO `lk9v6_alumni_main` (`id`, `user_id`, `approved`) VALUES (167132, 167132, 1);
INSERT INTO `lk9v6_alumni_data` (`alumni_id`, `graduation_year`, `fid`, `job`, `address`, `city`, `country`, `phone`, `gid`, `mobile`, `nationalnumber`, `department`, `division`, `with_honor`) VALUES (167132, 2015, '1', '', '', '', '', '035352742', '4', '01115660862', '', 'الفيزياء', 'العلوم الطبيعية', '');
INSERT INTO `lk9v6_users` (`name`, `email`, `usertype`) VALUES ('اسراء محمد يوسف على ابراهيم', 'esraa13s05688@alexu.edu.eg', 'الخريجين');
INSERT INTO `lk9v6_alumni_main` (`id`, `user_id`, `approved`) VALUES (167133, 167133, 1);
INSERT INTO `lk9v6_alumni_data` (`alumni_id`, `graduation_year`, `fid`, `job`, `address`, `city`, `country`, `phone`, `gid`, `mobile`, `nationalnumber`, `department`, `division`, `with_honor`) VALUES (167133, 2015, '1', '', '', '', '', '035629884', '4', '0185837365', '', 'الكيمياء الحيوية', 'العلوم البيولوجية', '');
INSERT INTO `lk9v6_users` (`name`, `email`, `usertype`) VALUES ('هدى سمير عبد اللطيف محمود', 'hoda13s05092@alexu.edu.eg', 'الخريجين');
INSERT INTO `lk9v6_alumni_main` (`id`, `user_id`, `approved`) VALUES (167134, 167134, 1);
INSERT INTO `lk9v6_alumni_data` (`alumni_id`, `graduation_year`, `fid`, `job`, `address`, `city`, `country`, `phone`, `gid`, `mobile`, `nationalnumber`, `department`, `division`, `with_honor`) VALUES (167134, 2015, '1', '', '', '', '', '01111133712', '4', '01152455085', '', 'الميكروبيولوجى', 'العلوم البيولوجية', '');
INSERT INTO `lk9v6_users` (`name`, `email`, `usertype`) VALUES ('منى كمال الدين حسن سليمان', 'mona13s05633@alexu.edu.eg', 'الخريجين');
INSERT INTO `lk9v6_alumni_main` (`id`, `user_id`, `approved`) VALUES (167135, 167135, 1);
INSERT INTO `lk9v6_alumni_data` (`alumni_id`, `graduation_year`, `fid`, `job`, `address`, `city`, `country`, `phone`, `gid`, `mobile`, `nationalnumber`, `department`, `division`, `with_honor`) VALUES (167135, 2015, '1', '', '', '', '', '3815004', '4', '0188317565', '', 'الميكروبيولوجى', 'العلوم البيولوجية', '');
INSERT INTO `lk9v6_users` (`name`, `email`, `usertype`) VALUES ('اسراء احمد احمد عامر عبدالرحمن', 'esraa13s05715@alexu.edu.eg', 'الخريجين');
INSERT INTO `lk9v6_alumni_main` (`id`, `user_id`, `approved`) VALUES (167136, 167136, 1);
INSERT INTO `lk9v6_alumni_data` (`alumni_id`, `graduation_year`, `fid`, `job`, `address`, `city`, `country`, `phone`, `gid`, `mobile`, `nationalnumber`, `department`, `division`, `with_honor`) VALUES (167136, 2015, '1', '', '', '', '', '5540478', '4', '01125206466', '', 'علوم البيئة', 'العلوم البيولوجية', '');
INSERT INTO `lk9v6_users` (`name`, `email`, `usertype`) VALUES ('هدير جلال حسن احمد الدرينى', 'hadeer13s04803@alexu.edu.eg', 'الخريجين');
INSERT INTO `lk9v6_alumni_main` (`id`, `user_id`, `approved`) VALUES (167137, 167137, 1);
INSERT INTO `lk9v6_alumni_data` (`alumni_id`, `graduation_year`, `fid`, `job`, `address`, `city`, `country`, `phone`, `gid`, `mobile`, `nationalnumber`, `department`, `division`, `with_honor`) VALUES (167137, 2015, '1', '', '', '', '', '034819334', '4', '01223659064', '', 'الفيزياء', 'العلوم الطبيعية', '');
INSERT INTO `lk9v6_users` (`name`, `email`, `usertype`) VALUES ('الاء محمد خليل ابراهيم', 'alaa13s05053@alexu.edu.eg', 'الخريجين');
INSERT INTO `lk9v6_alumni_main` (`id`, `user_id`, `approved`) VALUES (167138, 167138, 1);
INSERT INTO `lk9v6_alumni_data` (`alumni_id`, `graduation_year`, `fid`, `job`, `address`, `city`, `country`, `phone`, `gid`, `mobile`, `nationalnumber`, `department`, `division`, `with_honor`) VALUES (167138, 2015, '1', '', '', '', '', '4941260', '4', '01220458398', '', 'الميكروبيولوجى', 'العلوم البيولوجية', '');
INSERT INTO `lk9v6_users` (`name`, `email`, `usertype`) VALUES ('سحر على شعبان على فياله', 'sahar13s05068@alexu.edu.eg', 'الخريجين');
INSERT INTO `lk9v6_alumni_main` (`id`, `user_id`, `approved`) VALUES (167139, 167139, 1);
INSERT INTO `lk9v6_alumni_data` (`alumni_id`, `graduation_year`, `fid`, `job`, `address`, `city`, `country`, `phone`, `gid`, `mobile`, `nationalnumber`, `department`, `division`, `with_honor`) VALUES (167139, 2015, '1', '', '', '', '', '0452990367', '4', '01013459125', '', 'الكيمياء الحيوية', 'العلوم البيولوجية', '');
INSERT INTO `lk9v6_users` (`name`, `email`, `usertype`) VALUES ('سلمى عبدالفتاح حيدر عبدالمنعم', 'salma13s04856@alexu.edu.eg', 'الخريجين');
INSERT INTO `lk9v6_alumni_main` (`id`, `user_id`, `approved`) VALUES (167140, 167140, 1);
INSERT INTO `lk9v6_alumni_data` (`alumni_id`, `graduation_year`, `fid`, `job`, `address`, `city`, `country`, `phone`, `gid`, `mobile`, `nationalnumber`, `department`, `division`, `with_honor`) VALUES (167140, 2015, '1', '', '', '', '', '4254048', '4', '01063925681', '', 'الكيمياء الحيوية', 'العلوم البيولوجية', '');
INSERT INTO `lk9v6_users` (`name`, `email`, `usertype`) VALUES ('مى مصطفى عبدالحميد مصطفى شهاب', 'mai13s05492@alexu.edu.eg', 'الخريجين');
INSERT INTO `lk9v6_alumni_main` (`id`, `user_id`, `approved`) VALUES (167141, 167141, 1);
INSERT INTO `lk9v6_alumni_data` (`alumni_id`, `graduation_year`, `fid`, `job`, `address`, `city`, `country`, `phone`, `gid`, `mobile`, `nationalnumber`, `department`, `division`, `with_honor`) VALUES (167141, 2015, '1', '', '', '', '', '4270380', '4', '01007623343', '', 'الكيمياء الحيوية', 'العلوم البيولوجية', '');
INSERT INTO `lk9v6_users` (`name`, `email`, `usertype`) VALUES ('اسراء حمدى عبد ربه عبد الحافظ', 'esraa13s04560@alexu.edu.eg', 'الخريجين');
INSERT INTO `lk9v6_alumni_main` (`id`, `user_id`, `approved`) VALUES (167142, 167142, 1);
INSERT INTO `lk9v6_alumni_data` (`alumni_id`, `graduation_year`, `fid`, `job`, `address`, `city`, `country`, `phone`, `gid`, `mobile`, `nationalnumber`, `department`, `division`, `with_honor`) VALUES (167142, 2015, '1', '', '', '', '', '035770036', '4', '0192128365', '', 'الفيزياء', 'العلوم الطبيعية', '');
INSERT INTO `lk9v6_users` (`name`, `email`, `usertype`) VALUES ('سمر اشرف محمد شعبان على', 'samar13s05779@alexu.edu.eg', 'الخريجين');
INSERT INTO `lk9v6_alumni_main` (`id`, `user_id`, `approved`) VALUES (167143, 167143, 1);
INSERT INTO `lk9v6_alumni_data` (`alumni_id`, `graduation_year`, `fid`, `job`, `address`, `city`, `country`, `phone`, `gid`, `mobile`, `nationalnumber`, `department`, `division`, `with_honor`) VALUES (167143, 2015, '1', '', '', '', '', '4834276', '4', '01019708353', '', 'الكيمياء الحيوية', 'العلوم البيولوجية', '');
INSERT INTO `lk9v6_users` (`name`, `email`, `usertype`) VALUES ('امانى ابراهيم رضا السيد حجازى', 'amany13s04301@alexu.edu.eg', 'الخريجين');
INSERT INTO `lk9v6_alumni_main` (`id`, `user_id`, `approved`) VALUES (167144, 167144, 1);
INSERT INTO `lk9v6_alumni_data` (`alumni_id`, `graduation_year`, `fid`, `job`, `address`, `city`, `country`, `phone`, `gid`, `mobile`, `nationalnumber`, `department`, `division`, `with_honor`) VALUES (167144, 2015, '1', '', '', '', '', '034851242', '4', '01223233138', '', 'الفيزياء', 'العلوم الطبيعية', '');
INSERT INTO `lk9v6_users` (`name`, `email`, `usertype`) VALUES ('امانى السيد السيد الشرقاوى', 'amany13s04896@alexu.edu.eg', 'الخريجين');
INSERT INTO `lk9v6_alumni_main` (`id`, `user_id`, `approved`) VALUES (167145, 167145, 1);
INSERT INTO `lk9v6_alumni_data` (`alumni_id`, `graduation_year`, `fid`, `job`, `address`, `city`, `country`, `phone`, `gid`, `mobile`, `nationalnumber`, `department`, `division`, `with_honor`) VALUES (167145, 2015, '1', '', '', '', '', '035136481', '4', '01096830959', '', 'الميكروبيولوجى', 'العلوم البيولوجية', '');
INSERT INTO `lk9v6_users` (`name`, `email`, `usertype`) VALUES ('رحاب محمد ابراهيم شعوط', 'rehab13s05736@alexu.edu.eg', 'الخريجين');
INSERT INTO `lk9v6_alumni_main` (`id`, `user_id`, `approved`) VALUES (167146, 167146, 1);
INSERT INTO `lk9v6_alumni_data` (`alumni_id`, `graduation_year`, `fid`, `job`, `address`, `city`, `country`, `phone`, `gid`, `mobile`, `nationalnumber`, `department`, `division`, `with_honor`) VALUES (167146, 2015, '1', '', '', '', '', '0472534278', '4', '01012246692', '', 'الميكروبيولوجى', 'العلوم البيولوجية', '');
INSERT INTO `lk9v6_users` (`name`, `email`, `usertype`) VALUES ('ايه النبوى محمدمحمدابراهيم', 'aya13s05000@alexu.edu.eg', 'الخريجين');
INSERT INTO `lk9v6_alumni_main` (`id`, `user_id`, `approved`) VALUES (167147, 167147, 1);
INSERT INTO `lk9v6_alumni_data` (`alumni_id`, `graduation_year`, `fid`, `job`, `address`, `city`, `country`, `phone`, `gid`, `mobile`, `nationalnumber`, `department`, `division`, `with_honor`) VALUES (167147, 2015, '1', '', '', '', '', '0143431574', '4', '01143431574', '', 'الكيمياء الحيوية', 'العلوم البيولوجية', '');
INSERT INTO `lk9v6_users` (`name`, `email`, `usertype`) VALUES ('ولاء عنتر ابراهيم احمد سعد الدين', 'walaa13s04974@alexu.edu.eg', 'الخريجين');
INSERT INTO `lk9v6_alumni_main` (`id`, `user_id`, `approved`) VALUES (167148, 167148, 1);
INSERT INTO `lk9v6_alumni_data` (`alumni_id`, `graduation_year`, `fid`, `job`, `address`, `city`, `country`, `phone`, `gid`, `mobile`, `nationalnumber`, `department`, `division`, `with_honor`) VALUES (167148, 2015, '1', '', '', '', '', '035071303', '4', '01123166760', '', 'علوم البيئة', 'العلوم البيولوجية', '');
INSERT INTO `lk9v6_users` (`name`, `email`, `usertype`) VALUES ('شيرين السيد عبد الرحمن السواح', 'sherin13s06877@alexu.edu.eg', 'الخريجين');
INSERT INTO `lk9v6_alumni_main` (`id`, `user_id`, `approved`) VALUES (167149, 167149, 1);
INSERT INTO `lk9v6_alumni_data` (`alumni_id`, `graduation_year`, `fid`, `job`, `address`, `city`, `country`, `phone`, `gid`, `mobile`, `nationalnumber`, `department`, `division`, `with_honor`) VALUES (167149, 2015, '1', '', '', '', '', '4885475', '4', '01286197753', '', 'الميكروبيولوجى', 'العلوم البيولوجية', '');
INSERT INTO `lk9v6_users` (`name`, `email`, `usertype`) VALUES ('جهاد عاطف محمد محمد عبد الدايم', 'gihad13s05350@alexu.edu.eg', 'الخريجين');
INSERT INTO `lk9v6_alumni_main` (`id`, `user_id`, `approved`) VALUES (167150, 167150, 1);
INSERT INTO `lk9v6_alumni_data` (`alumni_id`, `graduation_year`, `fid`, `job`, `address`, `city`, `country`, `phone`, `gid`, `mobile`, `nationalnumber`, `department`, `division`, `with_honor`) VALUES (167150, 2015, '1', '', '', '', '', '9625016', '4', '01140761434', '', 'الكيمياء الحيوية', 'العلوم البيولوجية', '');
INSERT INTO `lk9v6_users` (`name`, `email`, `usertype`) VALUES ('ياسمين حسنى احمد سليمان على', 'yasmin13s04722@alexu.edu.eg', 'الخريجين');
INSERT INTO `lk9v6_alumni_main` (`id`, `user_id`, `approved`) VALUES (167151, 167151, 1);
INSERT INTO `lk9v6_alumni_data` (`alumni_id`, `graduation_year`, `fid`, `job`, `address`, `city`, `country`, `phone`, `gid`, `mobile`, `nationalnumber`, `department`, `division`, `with_honor`) VALUES (167151, 2015, '1', '', '', '', '', '035957089', '4', '01014728709', '', 'الفيزياء', 'العلوم الطبيعية', '');
INSERT INTO `lk9v6_users` (`name`, `email`, `usertype`) VALUES ('امنيه محمود منصور احمد الشاهد', 'omnia13s05330@alexu.edu.eg', 'الخريجين');
INSERT INTO `lk9v6_alumni_main` (`id`, `user_id`, `approved`) VALUES (167152, 167152, 1);
INSERT INTO `lk9v6_alumni_data` (`alumni_id`, `graduation_year`, `fid`, `job`, `address`, `city`, `country`, `phone`, `gid`, `mobile`, `nationalnumber`, `department`, `division`, `with_honor`) VALUES (167152, 2015, '1', '', '', '', '', '033829063', '4', '01223026083', '', 'الكيمياء الحيوية', 'العلوم البيولوجية', '');
INSERT INTO `lk9v6_users` (`name`, `email`, `usertype`) VALUES ('ريهام رضوان عبدالعزيز احمد رضوان', 'reham13s04318@alexu.edu.eg', 'الخريجين');
INSERT INTO `lk9v6_alumni_main` (`id`, `user_id`, `approved`) VALUES (167153, 167153, 1);
INSERT INTO `lk9v6_alumni_data` (`alumni_id`, `graduation_year`, `fid`, `job`, `address`, `city`, `country`, `phone`, `gid`, `mobile`, `nationalnumber`, `department`, `division`, `with_honor`) VALUES (167153, 2015, '1', '', '', '', '', '034204821', '4', '01287584002', '', 'الفيزياء', 'العلوم الطبيعية', '');
INSERT INTO `lk9v6_users` (`name`, `email`, `usertype`) VALUES ('سلمى احمد محمد القاضى', 'salma13s04833@alexu.edu.eg', 'الخريجين');
INSERT INTO `lk9v6_alumni_main` (`id`, `user_id`, `approved`) VALUES (167154, 167154, 1);
INSERT INTO `lk9v6_alumni_data` (`alumni_id`, `graduation_year`, `fid`, `job`, `address`, `city`, `country`, `phone`, `gid`, `mobile`, `nationalnumber`, `department`, `division`, `with_honor`) VALUES (167154, 2015, '1', '', '', '', '', '5824270', '4', '01225330477', '', 'الميكروبيولوجى', 'العلوم البيولوجية', '');
INSERT INTO `lk9v6_users` (`name`, `email`, `usertype`) VALUES ('علا شكرى محمد عرفه خطاب القرط', 'ola13s05316@alexu.edu.eg', 'الخريجين');
INSERT INTO `lk9v6_alumni_main` (`id`, `user_id`, `approved`) VALUES (167155, 167155, 1);
INSERT INTO `lk9v6_alumni_data` (`alumni_id`, `graduation_year`, `fid`, `job`, `address`, `city`, `country`, `phone`, `gid`, `mobile`, `nationalnumber`, `department`, `division`, `with_honor`) VALUES (167155, 2015, '1', '', '', '', '', '035033211', '4', '01112580538', '', 'الميكروبيولوجى', 'العلوم البيولوجية', '');
INSERT INTO `lk9v6_users` (`name`, `email`, `usertype`) VALUES ('محمود محمد سالم محمد قمر', 'mahmoud13s06109@alexu.edu.eg', 'الخريجين');
INSERT INTO `lk9v6_alumni_main` (`id`, `user_id`, `approved`) VALUES (167156, 167156, 1);
INSERT INTO `lk9v6_alumni_data` (`alumni_id`, `graduation_year`, `fid`, `job`, `address`, `city`, `country`, `phone`, `gid`, `mobile`, `nationalnumber`, `department`, `division`, `with_honor`) VALUES (167156, 2015, '1', '', '', '', '', '035053877', '4', '01111881712', '', 'الفيزياء', 'العلوم الطبيعية', '');
INSERT INTO `lk9v6_users` (`name`, `email`, `usertype`) VALUES ('فاطمه عصمت محمد عبده منصور', 'fatma13s04986@alexu.edu.eg', 'الخريجين');
INSERT INTO `lk9v6_alumni_main` (`id`, `user_id`, `approved`) VALUES (167157, 167157, 1);
INSERT INTO `lk9v6_alumni_data` (`alumni_id`, `graduation_year`, `fid`, `job`, `address`, `city`, `country`, `phone`, `gid`, `mobile`, `nationalnumber`, `department`, `division`, `with_honor`) VALUES (167157, 2015, '1', '', '', '', '', '4803732', '4', '01229376370', '', 'الميكروبيولوجى', 'العلوم البيولوجية', '');
INSERT INTO `lk9v6_users` (`name`, `email`, `usertype`) VALUES ('امنية على عبدالله فريج', 'omnia13s04908@alexu.edu.eg', 'الخريجين');
INSERT INTO `lk9v6_alumni_main` (`id`, `user_id`, `approved`) VALUES (167158, 167158, 1);
INSERT INTO `lk9v6_alumni_data` (`alumni_id`, `graduation_year`, `fid`, `job`, `address`, `city`, `country`, `phone`, `gid`, `mobile`, `nationalnumber`, `department`, `division`, `with_honor`) VALUES (167158, 2015, '1', '', '', '', '', '0453685708', '4', '01064380730', '', 'الكيمياء الحيوية', 'العلوم البيولوجية', '');
INSERT INTO `lk9v6_users` (`name`, `email`, `usertype`) VALUES ('مى عصام عبدالرحمن محمود', 'mai13s05665@alexu.edu.eg', 'الخريجين');
INSERT INTO `lk9v6_alumni_main` (`id`, `user_id`, `approved`) VALUES (167159, 167159, 1);
INSERT INTO `lk9v6_alumni_data` (`alumni_id`, `graduation_year`, `fid`, `job`, `address`, `city`, `country`, `phone`, `gid`, `mobile`, `nationalnumber`, `department`, `division`, `with_honor`) VALUES (167159, 2015, '1', '', '', '', '', '039543071', '4', '01229347323', '', 'علوم البيئة', 'العلوم البيولوجية', '');
INSERT INTO `lk9v6_users` (`name`, `email`, `usertype`) VALUES ('هدير دسوقى عبدالفتاح مسعود', 'hadeer13s05661@alexu.edu.eg', 'الخريجين');
INSERT INTO `lk9v6_alumni_main` (`id`, `user_id`, `approved`) VALUES (167160, 167160, 1);
INSERT INTO `lk9v6_alumni_data` (`alumni_id`, `graduation_year`, `fid`, `job`, `address`, `city`, `country`, `phone`, `gid`, `mobile`, `nationalnumber`, `department`, `division`, `with_honor`) VALUES (167160, 2015, '1', '', '', '', '', '0453770863', '4', '01060516201', '', 'الكيمياء الحيوية', 'العلوم البيولوجية', '');
INSERT INTO `lk9v6_users` (`name`, `email`, `usertype`) VALUES ('اسراء اشرف نبوى محمد', 'esraa13s05720@alexu.edu.eg', 'الخريجين');
INSERT INTO `lk9v6_alumni_main` (`id`, `user_id`, `approved`) VALUES (167161, 167161, 1);
INSERT INTO `lk9v6_alumni_data` (`alumni_id`, `graduation_year`, `fid`, `job`, `address`, `city`, `country`, `phone`, `gid`, `mobile`, `nationalnumber`, `department`, `division`, `with_honor`) VALUES (167161, 2015, '1', '', '', '', '', '034593910', '4', '01273249498', '', 'علوم البيئة', 'العلوم البيولوجية', '');
INSERT INTO `lk9v6_users` (`name`, `email`, `usertype`) VALUES ('اسامه محمد جمال عبدالناصر ابراهيم عبدربه', 'osama13s04575@alexu.edu.eg', 'الخريجين');
INSERT INTO `lk9v6_alumni_main` (`id`, `user_id`, `approved`) VALUES (167162, 167162, 1);
INSERT INTO `lk9v6_alumni_data` (`alumni_id`, `graduation_year`, `fid`, `job`, `address`, `city`, `country`, `phone`, `gid`, `mobile`, `nationalnumber`, `department`, `division`, `with_honor`) VALUES (167162, 2015, '1', '', '', '', '', '5063328', '4', '01270268905', '', 'الفيزياء', 'العلوم الطبيعية', '');
INSERT INTO `lk9v6_users` (`name`, `email`, `usertype`) VALUES ('منى حسين على على حسين', 'mona13s05618@alexu.edu.eg', 'الخريجين');
INSERT INTO `lk9v6_alumni_main` (`id`, `user_id`, `approved`) VALUES (167163, 167163, 1);
INSERT INTO `lk9v6_alumni_data` (`alumni_id`, `graduation_year`, `fid`, `job`, `address`, `city`, `country`, `phone`, `gid`, `mobile`, `nationalnumber`, `department`, `division`, `with_honor`) VALUES (167163, 2015, '1', '', '', '', '', '5365024', '4', '01063072904', '', 'الكيمياء الحيوية', 'العلوم البيولوجية', '');
INSERT INTO `lk9v6_users` (`name`, `email`, `usertype`) VALUES ('ايه سعددسوقي سعددرويش', 'aya13s05848@alexu.edu.eg', 'الخريجين');
INSERT INTO `lk9v6_alumni_main` (`id`, `user_id`, `approved`) VALUES (167164, 167164, 1);
INSERT INTO `lk9v6_alumni_data` (`alumni_id`, `graduation_year`, `fid`, `job`, `address`, `city`, `country`, `phone`, `gid`, `mobile`, `nationalnumber`, `department`, `division`, `with_honor`) VALUES (167164, 2015, '1', '', '', '', '', '3248056', '4', '01280965411', '', 'الكيمياء الحيوية', 'العلوم البيولوجية', '');
INSERT INTO `lk9v6_users` (`name`, `email`, `usertype`) VALUES ('منار عبدالمطلب محمد عبدالمعطى خطاب', 'manar13s05402@alexu.edu.eg', 'الخريجين');
INSERT INTO `lk9v6_alumni_main` (`id`, `user_id`, `approved`) VALUES (167165, 167165, 1);
INSERT INTO `lk9v6_alumni_data` (`alumni_id`, `graduation_year`, `fid`, `job`, `address`, `city`, `country`, `phone`, `gid`, `mobile`, `nationalnumber`, `department`, `division`, `with_honor`) VALUES (167165, 2015, '1', '', '', '', '', '035272417', '4', '01020365698', '', 'علوم البيئة', 'العلوم البيولوجية', '');
INSERT INTO `lk9v6_users` (`name`, `email`, `usertype`) VALUES ('سمر محمد السيد ابراهيم محمد', 'samar13s05532@alexu.edu.eg', 'الخريجين');
INSERT INTO `lk9v6_alumni_main` (`id`, `user_id`, `approved`) VALUES (167166, 167166, 1);
INSERT INTO `lk9v6_alumni_data` (`alumni_id`, `graduation_year`, `fid`, `job`, `address`, `city`, `country`, `phone`, `gid`, `mobile`, `nationalnumber`, `department`, `division`, `with_honor`) VALUES (167166, 2015, '1', '', '', '', '', '5615359', '4', '01155650191', '', 'الكيمياء الحيوية', 'العلوم البيولوجية', '');
INSERT INTO `lk9v6_users` (`name`, `email`, `usertype`) VALUES ('محمد احمد زيد حسن على', 'mohamed13s04866@alexu.edu.eg', 'الخريجين');
INSERT INTO `lk9v6_alumni_main` (`id`, `user_id`, `approved`) VALUES (167167, 167167, 1);
INSERT INTO `lk9v6_alumni_data` (`alumni_id`, `graduation_year`, `fid`, `job`, `address`, `city`, `country`, `phone`, `gid`, `mobile`, `nationalnumber`, `department`, `division`, `with_honor`) VALUES (167167, 2015, '1', '', '', '', '', '3198132', '4', '01202988814', '', 'الجيولوجيا', 'العلوم الجيولوجية', '');
INSERT INTO `lk9v6_users` (`name`, `email`, `usertype`) VALUES ('نورهان عبد الغنى عبد الوهاب عبد الغنى', 'nourhan13s05358@alexu.edu.eg', 'الخريجين');
INSERT INTO `lk9v6_alumni_main` (`id`, `user_id`, `approved`) VALUES (167168, 167168, 1);
INSERT INTO `lk9v6_alumni_data` (`alumni_id`, `graduation_year`, `fid`, `job`, `address`, `city`, `country`, `phone`, `gid`, `mobile`, `nationalnumber`, `department`, `division`, `with_honor`) VALUES (167168, 2015, '1', '', '', '', '', '034481331', '4', '01146554986', '', 'الكيمياء الحيوية', 'العلوم البيولوجية', '');
INSERT INTO `lk9v6_users` (`name`, `email`, `usertype`) VALUES ('ايه على حسن محمد', 'aya13s06658@alexu.edu.eg', 'الخريجين');
INSERT INTO `lk9v6_alumni_main` (`id`, `user_id`, `approved`) VALUES (167169, 167169, 1);
INSERT INTO `lk9v6_alumni_data` (`alumni_id`, `graduation_year`, `fid`, `job`, `address`, `city`, `country`, `phone`, `gid`, `mobile`, `nationalnumber`, `department`, `division`, `with_honor`) VALUES (167169, 2015, '1', '', '', '', '', '3245590', '4', '01201957252', '', 'الفيزياء', 'العلوم الطبيعية', '');
INSERT INTO `lk9v6_users` (`name`, `email`, `usertype`) VALUES ('امنيه محمد ابراهيم حسين المراكبى', 'omnia13s04315@alexu.edu.eg', 'الخريجين');
INSERT INTO `lk9v6_alumni_main` (`id`, `user_id`, `approved`) VALUES (167170, 167170, 1);
INSERT INTO `lk9v6_alumni_data` (`alumni_id`, `graduation_year`, `fid`, `job`, `address`, `city`, `country`, `phone`, `gid`, `mobile`, `nationalnumber`, `department`, `division`, `with_honor`) VALUES (167170, 2015, '1', '', '', '', '', '3604825', '4', '0102709854', '', 'الفيزياء', 'العلوم الطبيعية', '');
INSERT INTO `lk9v6_users` (`name`, `email`, `usertype`) VALUES ('مصطفى  العدوى مصطفى احمد على', 'mustafa13s04322@alexu.edu.eg', 'الخريجين');
INSERT INTO `lk9v6_alumni_main` (`id`, `user_id`, `approved`) VALUES (167171, 167171, 1);
INSERT INTO `lk9v6_alumni_data` (`alumni_id`, `graduation_year`, `fid`, `job`, `address`, `city`, `country`, `phone`, `gid`, `mobile`, `nationalnumber`, `department`, `division`, `with_honor`) VALUES (167171, 2015, '1', '', '', '', '', '5554470', '4', '01145290692', '', 'الفيزياء', 'العلوم الطبيعية', '');
INSERT INTO `lk9v6_users` (`name`, `email`, `usertype`) VALUES ('شرين يوسف على السيد ابو زيد', 'sherin13s05423@alexu.edu.eg', 'الخريجين');
INSERT INTO `lk9v6_alumni_main` (`id`, `user_id`, `approved`) VALUES (167172, 167172, 1);
INSERT INTO `lk9v6_alumni_data` (`alumni_id`, `graduation_year`, `fid`, `job`, `address`, `city`, `country`, `phone`, `gid`, `mobile`, `nationalnumber`, `department`, `division`, `with_honor`) VALUES (167172, 2015, '1', '', '', '', '', '0453641818', '4', '01112708298', '', 'الكيمياء الحيوية', 'العلوم البيولوجية', '');
INSERT INTO `lk9v6_users` (`name`, `email`, `usertype`) VALUES ('محمد رزق نصر ابوالعنين', 'mohamed13s05695@alexu.edu.eg', 'الخريجين');
INSERT INTO `lk9v6_alumni_main` (`id`, `user_id`, `approved`) VALUES (167173, 167173, 1);
INSERT INTO `lk9v6_alumni_data` (`alumni_id`, `graduation_year`, `fid`, `job`, `address`, `city`, `country`, `phone`, `gid`, `mobile`, `nationalnumber`, `department`, `division`, `with_honor`) VALUES (167173, 2015, '1', '', '', '', '', '0453730935', '4', '01144792468', '', 'الكيمياء الحيوية', 'العلوم البيولوجية', '');
INSERT INTO `lk9v6_users` (`name`, `email`, `usertype`) VALUES ('ساره ميخائيل بشاى ميخائيل بشاى', 'sara13s05429@alexu.edu.eg', 'الخريجين');
INSERT INTO `lk9v6_alumni_main` (`id`, `user_id`, `approved`) VALUES (167174, 167174, 1);
INSERT INTO `lk9v6_alumni_data` (`alumni_id`, `graduation_year`, `fid`, `job`, `address`, `city`, `country`, `phone`, `gid`, `mobile`, `nationalnumber`, `department`, `division`, `with_honor`) VALUES (167174, 2015, '1', '', '', '', '', '033628089', '4', '01286045328', '', 'الميكروبيولوجى', 'العلوم البيولوجية', '');
INSERT INTO `lk9v6_users` (`name`, `email`, `usertype`) VALUES ('علا على خليل السيد', 'ola13s05085@alexu.edu.eg', 'الخريجين');
INSERT INTO `lk9v6_alumni_main` (`id`, `user_id`, `approved`) VALUES (167175, 167175, 1);
INSERT INTO `lk9v6_alumni_data` (`alumni_id`, `graduation_year`, `fid`, `job`, `address`, `city`, `country`, `phone`, `gid`, `mobile`, `nationalnumber`, `department`, `division`, `with_honor`) VALUES (167175, 2015, '1', '', '', '', '', '033626694', '4', '0189805650', '', 'علوم البيئة', 'العلوم البيولوجية', '');
INSERT INTO `lk9v6_users` (`name`, `email`, `usertype`) VALUES ('ياسمين محمد حامد محمد السواح', 'yasmin13s05239@alexu.edu.eg', 'الخريجين');
INSERT INTO `lk9v6_alumni_main` (`id`, `user_id`, `approved`) VALUES (167176, 167176, 1);
INSERT INTO `lk9v6_alumni_data` (`alumni_id`, `graduation_year`, `fid`, `job`, `address`, `city`, `country`, `phone`, `gid`, `mobile`, `nationalnumber`, `department`, `division`, `with_honor`) VALUES (167176, 2015, '1', '', '', '', '', '035603638', '4', '01003567746', '', 'الكيمياء الحيوية', 'العلوم البيولوجية', '');
INSERT INTO `lk9v6_users` (`name`, `email`, `usertype`) VALUES ('شروق على ابراهيم عجمى حسين الجمال', 'sherok13s04767@alexu.edu.eg', 'الخريجين');
INSERT INTO `lk9v6_alumni_main` (`id`, `user_id`, `approved`) VALUES (167177, 167177, 1);
INSERT INTO `lk9v6_alumni_data` (`alumni_id`, `graduation_year`, `fid`, `job`, `address`, `city`, `country`, `phone`, `gid`, `mobile`, `nationalnumber`, `department`, `division`, `with_honor`) VALUES (167177, 2015, '1', '', '', '', '', '035015109', '4', '01284481096', '', 'الفيزياء', 'العلوم الطبيعية', '');
INSERT INTO `lk9v6_users` (`name`, `email`, `usertype`) VALUES ('شيماء اسماعيل محمد اسماعيل البنا', 'shaimaa13s04570@alexu.edu.eg', 'الخريجين');
INSERT INTO `lk9v6_alumni_main` (`id`, `user_id`, `approved`) VALUES (167178, 167178, 1);
INSERT INTO `lk9v6_alumni_data` (`alumni_id`, `graduation_year`, `fid`, `job`, `address`, `city`, `country`, `phone`, `gid`, `mobile`, `nationalnumber`, `department`, `division`, `with_honor`) VALUES (167178, 2015, '1', '', '', '', '', '035624211', '4', '01140474194', '', 'الفيزياء', 'العلوم الطبيعية', '');
INSERT INTO `lk9v6_users` (`name`, `email`, `usertype`) VALUES ('كريم محمد احمد محمود', 'karim13s04799@alexu.edu.eg', 'الخريجين');
INSERT INTO `lk9v6_alumni_main` (`id`, `user_id`, `approved`) VALUES (167179, 167179, 1);
INSERT INTO `lk9v6_alumni_data` (`alumni_id`, `graduation_year`, `fid`, `job`, `address`, `city`, `country`, `phone`, `gid`, `mobile`, `nationalnumber`, `department`, `division`, `with_honor`) VALUES (167179, 2015, '1', '', '', '', '', '035007642', '4', '01286686016', '', 'الفيزياء', 'العلوم الطبيعية', '');
INSERT INTO `lk9v6_users` (`name`, `email`, `usertype`) VALUES ('دعاء محمد ابراهيم زكى', 'doaa13s05134@alexu.edu.eg', 'الخريجين');
INSERT INTO `lk9v6_alumni_main` (`id`, `user_id`, `approved`) VALUES (167180, 167180, 1);
INSERT INTO `lk9v6_alumni_data` (`alumni_id`, `graduation_year`, `fid`, `job`, `address`, `city`, `country`, `phone`, `gid`, `mobile`, `nationalnumber`, `department`, `division`, `with_honor`) VALUES (167180, 2015, '1', '', '', '', '', '4869761', '4', '0194840023', '', 'علوم البيئة', 'العلوم البيولوجية', '');
INSERT INTO `lk9v6_users` (`name`, `email`, `usertype`) VALUES ('سحر صبحى حسن عبد العزيز زايد', 'sahar13s06098@alexu.edu.eg', 'الخريجين');
INSERT INTO `lk9v6_alumni_main` (`id`, `user_id`, `approved`) VALUES (167181, 167181, 1);
INSERT INTO `lk9v6_alumni_data` (`alumni_id`, `graduation_year`, `fid`, `job`, `address`, `city`, `country`, `phone`, `gid`, `mobile`, `nationalnumber`, `department`, `division`, `with_honor`) VALUES (167181, 2015, '1', '', '', '', '', '0453760656', '4', '0192215604', '', 'الميكروبيولوجى', 'العلوم البيولوجية', '');
INSERT INTO `lk9v6_users` (`name`, `email`, `usertype`) VALUES ('شيماء محمدالبدرى عبد اللاه محمد', 'shaimaa13s05668@alexu.edu.eg', 'الخريجين');
INSERT INTO `lk9v6_alumni_main` (`id`, `user_id`, `approved`) VALUES (167182, 167182, 1);
INSERT INTO `lk9v6_alumni_data` (`alumni_id`, `graduation_year`, `fid`, `job`, `address`, `city`, `country`, `phone`, `gid`, `mobile`, `nationalnumber`, `department`, `division`, `with_honor`) VALUES (167182, 2015, '1', '', '', '', '', '033244706', '4', '01122499831', '', 'الميكروبيولوجى', 'العلوم البيولوجية', '');
INSERT INTO `lk9v6_users` (`name`, `email`, `usertype`) VALUES ('داليا السعيد يوسف اسماعيل حسين', 'dalia13s04441@alexu.edu.eg', 'الخريجين');
INSERT INTO `lk9v6_alumni_main` (`id`, `user_id`, `approved`) VALUES (167183, 167183, 1);
INSERT INTO `lk9v6_alumni_data` (`alumni_id`, `graduation_year`, `fid`, `job`, `address`, `city`, `country`, `phone`, `gid`, `mobile`, `nationalnumber`, `department`, `division`, `with_honor`) VALUES (167183, 2015, '1', '', '', '', '', '01021765610', '4', '01021557524', '', 'الفيزياء', 'العلوم الطبيعية', '');
INSERT INTO `lk9v6_users` (`name`, `email`, `usertype`) VALUES ('هدير الشناوى محمد عبدالحليم المغربى', 'hadeer13s05311@alexu.edu.eg', 'الخريجين');
INSERT INTO `lk9v6_alumni_main` (`id`, `user_id`, `approved`) VALUES (167184, 167184, 1);
INSERT INTO `lk9v6_alumni_data` (`alumni_id`, `graduation_year`, `fid`, `job`, `address`, `city`, `country`, `phone`, `gid`, `mobile`, `nationalnumber`, `department`, `division`, `with_honor`) VALUES (167184, 2015, '1', '', '', '', '', '0452706706', '4', '0198360509', '', 'الكيمياء الحيوية', 'العلوم البيولوجية', '');
INSERT INTO `lk9v6_users` (`name`, `email`, `usertype`) VALUES ('ايمان فهمى فؤاد خفاجى المعطاوى', 'eman13s05491@alexu.edu.eg', 'الخريجين');
INSERT INTO `lk9v6_alumni_main` (`id`, `user_id`, `approved`) VALUES (167185, 167185, 1);
INSERT INTO `lk9v6_alumni_data` (`alumni_id`, `graduation_year`, `fid`, `job`, `address`, `city`, `country`, `phone`, `gid`, `mobile`, `nationalnumber`, `department`, `division`, `with_honor`) VALUES (167185, 2015, '1', '', '', '', '', '035378198', '4', '01223893433', '', 'الميكروبيولوجى', 'العلوم البيولوجية', '');
INSERT INTO `lk9v6_users` (`name`, `email`, `usertype`) VALUES ('نورهان محمود محمد محمود', 'nourhan13s05757@alexu.edu.eg', 'الخريجين');
INSERT INTO `lk9v6_alumni_main` (`id`, `user_id`, `approved`) VALUES (167186, 167186, 1);
INSERT INTO `lk9v6_alumni_data` (`alumni_id`, `graduation_year`, `fid`, `job`, `address`, `city`, `country`, `phone`, `gid`, `mobile`, `nationalnumber`, `department`, `division`, `with_honor`) VALUES (167186, 2015, '1', '', '', '', '', '4347045', '4', '01125952646', '', 'علوم البيئة', 'العلوم البيولوجية', '');
INSERT INTO `lk9v6_users` (`name`, `email`, `usertype`) VALUES ('مصطفى علاء معوض السيد عويس', 'mustafa13s04505@alexu.edu.eg', 'الخريجين');
INSERT INTO `lk9v6_alumni_main` (`id`, `user_id`, `approved`) VALUES (167187, 167187, 1);
INSERT INTO `lk9v6_alumni_data` (`alumni_id`, `graduation_year`, `fid`, `job`, `address`, `city`, `country`, `phone`, `gid`, `mobile`, `nationalnumber`, `department`, `division`, `with_honor`) VALUES (167187, 2015, '1', '', '', '', '', '5746982', '4', '01208717825', '', 'الفيزياء', 'العلوم الطبيعية', '');
INSERT INTO `lk9v6_users` (`name`, `email`, `usertype`) VALUES ('وفاء رمضان فوزى النجار', 'wafaa13s04795@alexu.edu.eg', 'الخريجين');
INSERT INTO `lk9v6_alumni_main` (`id`, `user_id`, `approved`) VALUES (167188, 167188, 1);
INSERT INTO `lk9v6_alumni_data` (`alumni_id`, `graduation_year`, `fid`, `job`, `address`, `city`, `country`, `phone`, `gid`, `mobile`, `nationalnumber`, `department`, `division`, `with_honor`) VALUES (167188, 2015, '1', '', '', '', '', '01017479289', '4', '01225200328', '', 'الفيزياء', 'العلوم الطبيعية', '');
INSERT INTO `lk9v6_users` (`name`, `email`, `usertype`) VALUES ('مارى آن سهيل سمعان منصور', 'mary13s05862@alexu.edu.eg', 'الخريجين');
INSERT INTO `lk9v6_alumni_main` (`id`, `user_id`, `approved`) VALUES (167189, 167189, 1);
INSERT INTO `lk9v6_alumni_data` (`alumni_id`, `graduation_year`, `fid`, `job`, `address`, `city`, `country`, `phone`, `gid`, `mobile`, `nationalnumber`, `department`, `division`, `with_honor`) VALUES (167189, 2015, '1', '', '', '', '', '5435264', '4', '01202199522', '', 'الميكروبيولوجى', 'العلوم البيولوجية', '');
INSERT INTO `lk9v6_users` (`name`, `email`, `usertype`) VALUES ('نورهان محمد مصباح ابراهيم', 'nourhan13s04776@alexu.edu.eg', 'الخريجين');
INSERT INTO `lk9v6_alumni_main` (`id`, `user_id`, `approved`) VALUES (167190, 167190, 1);
INSERT INTO `lk9v6_alumni_data` (`alumni_id`, `graduation_year`, `fid`, `job`, `address`, `city`, `country`, `phone`, `gid`, `mobile`, `nationalnumber`, `department`, `division`, `with_honor`) VALUES (167190, 2015, '1', '', '', '', '', '01205711324', '4', '01205711324', '', 'الفيزياء', 'العلوم الطبيعية', '');
INSERT INTO `lk9v6_users` (`name`, `email`, `usertype`) VALUES ('نانسى محسن صبحى حناالله', 'nancy13s04874@alexu.edu.eg', 'الخريجين');
INSERT INTO `lk9v6_alumni_main` (`id`, `user_id`, `approved`) VALUES (167191, 167191, 1);
INSERT INTO `lk9v6_alumni_data` (`alumni_id`, `graduation_year`, `fid`, `job`, `address`, `city`, `country`, `phone`, `gid`, `mobile`, `nationalnumber`, `department`, `division`, `with_honor`) VALUES (167191, 2015, '1', '', '', '', '', '035845675', '4', '01201056110', '', 'الكيمياء الحيوية', 'العلوم البيولوجية', '');
INSERT INTO `lk9v6_users` (`name`, `email`, `usertype`) VALUES ('ولاء كمال اسماعيل احمد ابو زهره', 'walaa13s05176@alexu.edu.eg', 'الخريجين');
INSERT INTO `lk9v6_alumni_main` (`id`, `user_id`, `approved`) VALUES (167192, 167192, 1);
INSERT INTO `lk9v6_alumni_data` (`alumni_id`, `graduation_year`, `fid`, `job`, `address`, `city`, `country`, `phone`, `gid`, `mobile`, `nationalnumber`, `department`, `division`, `with_honor`) VALUES (167192, 2015, '1', '', '', '', '', '0452245435', '4', '0185003630', '', 'الكيمياء الحيوية', 'العلوم البيولوجية', '');
INSERT INTO `lk9v6_users` (`name`, `email`, `usertype`) VALUES ('منه الله يحيى على حسن قره', 'menna13s05184@alexu.edu.eg', 'الخريجين');
INSERT INTO `lk9v6_alumni_main` (`id`, `user_id`, `approved`) VALUES (167193, 167193, 1);
INSERT INTO `lk9v6_alumni_data` (`alumni_id`, `graduation_year`, `fid`, `job`, `address`, `city`, `country`, `phone`, `gid`, `mobile`, `nationalnumber`, `department`, `division`, `with_honor`) VALUES (167193, 2015, '1', '', '', '', '', '4847142', '4', '01067048977', '', 'الميكروبيولوجى', 'العلوم البيولوجية', '');
INSERT INTO `lk9v6_users` (`name`, `email`, `usertype`) VALUES ('ايه سالم محمود الغول', 'aya13s05452@alexu.edu.eg', 'الخريجين');
INSERT INTO `lk9v6_alumni_main` (`id`, `user_id`, `approved`) VALUES (167194, 167194, 1);
INSERT INTO `lk9v6_alumni_data` (`alumni_id`, `graduation_year`, `fid`, `job`, `address`, `city`, `country`, `phone`, `gid`, `mobile`, `nationalnumber`, `department`, `division`, `with_honor`) VALUES (167194, 2015, '1', '', '', '', '', '01005671704', '4', '01022910664', '', 'الكيمياء الحيوية', 'العلوم البيولوجية', '');
INSERT INTO `lk9v6_users` (`name`, `email`, `usertype`) VALUES ('ايه عبد الرؤف عبد العاطى شحاته', 'aya13s04467@alexu.edu.eg', 'الخريجين');
INSERT INTO `lk9v6_alumni_main` (`id`, `user_id`, `approved`) VALUES (167195, 167195, 1);
INSERT INTO `lk9v6_alumni_data` (`alumni_id`, `graduation_year`, `fid`, `job`, `address`, `city`, `country`, `phone`, `gid`, `mobile`, `nationalnumber`, `department`, `division`, `with_honor`) VALUES (167195, 2015, '1', '', '', '', '', '3248814', '4', '01276952929', '', 'الفيزياء', 'العلوم الطبيعية', '');
INSERT INTO `lk9v6_users` (`name`, `email`, `usertype`) VALUES ('اسماء انس ممدوح منصور', 'asmaa13s05625@alexu.edu.eg', 'الخريجين');
INSERT INTO `lk9v6_alumni_main` (`id`, `user_id`, `approved`) VALUES (167196, 167196, 1);
INSERT INTO `lk9v6_alumni_data` (`alumni_id`, `graduation_year`, `fid`, `job`, `address`, `city`, `country`, `phone`, `gid`, `mobile`, `nationalnumber`, `department`, `division`, `with_honor`) VALUES (167196, 2015, '1', '', '', '', '', '0472600282', '4', '01092511554', '', 'الكيمياء الحيوية', 'العلوم البيولوجية', '');
INSERT INTO `lk9v6_users` (`name`, `email`, `usertype`) VALUES ('هدير محمود محمد محمد', 'hadeer13s06265@alexu.edu.eg', 'الخريجين');
INSERT INTO `lk9v6_alumni_main` (`id`, `user_id`, `approved`) VALUES (167197, 167197, 1);
INSERT INTO `lk9v6_alumni_data` (`alumni_id`, `graduation_year`, `fid`, `job`, `address`, `city`, `country`, `phone`, `gid`, `mobile`, `nationalnumber`, `department`, `division`, `with_honor`) VALUES (167197, 2015, '1', '', '', '', '', '033609909', '4', '01227280048', '', 'الفيزياء', 'العلوم الطبيعية', '');
INSERT INTO `lk9v6_users` (`name`, `email`, `usertype`) VALUES ('ندى السيد عبدالسلام محمد قاسم', 'nada13s05553@alexu.edu.eg', 'الخريجين');
INSERT INTO `lk9v6_alumni_main` (`id`, `user_id`, `approved`) VALUES (167198, 167198, 1);
INSERT INTO `lk9v6_alumni_data` (`alumni_id`, `graduation_year`, `fid`, `job`, `address`, `city`, `country`, `phone`, `gid`, `mobile`, `nationalnumber`, `department`, `division`, `with_honor`) VALUES (167198, 2015, '1', '', '', '', '', '035852993', '4', '01006968161', '', 'الكيمياء الحيوية', 'العلوم البيولوجية', '');
INSERT INTO `lk9v6_users` (`name`, `email`, `usertype`) VALUES ('احمد سعيد على على', 'ahmed13s04782@alexu.edu.eg', 'الخريجين');
INSERT INTO `lk9v6_alumni_main` (`id`, `user_id`, `approved`) VALUES (167199, 167199, 1);
INSERT INTO `lk9v6_alumni_data` (`alumni_id`, `graduation_year`, `fid`, `job`, `address`, `city`, `country`, `phone`, `gid`, `mobile`, `nationalnumber`, `department`, `division`, `with_honor`) VALUES (167199, 2015, '1', '', '', '', '', '034442762', '4', '01276785045', '', 'الفيزياء', 'العلوم الطبيعية', '');
INSERT INTO `lk9v6_users` (`name`, `email`, `usertype`) VALUES ('مادونا زكى كامل اسكندر فانوس', 'madona13s04842@alexu.edu.eg', 'الخريجين');
INSERT INTO `lk9v6_alumni_main` (`id`, `user_id`, `approved`) VALUES (167200, 167200, 1);
INSERT INTO `lk9v6_alumni_data` (`alumni_id`, `graduation_year`, `fid`, `job`, `address`, `city`, `country`, `phone`, `gid`, `mobile`, `nationalnumber`, `department`, `division`, `with_honor`) VALUES (167200, 2015, '1', '', '', '', '', '5739409', '4', '01286000262', '', 'الكيمياء الحيوية', 'العلوم البيولوجية', '');
INSERT INTO `lk9v6_users` (`name`, `email`, `usertype`) VALUES ('خالد ابراهيم السيد امين', 'khaled13s04385@alexu.edu.eg', 'الخريجين');
INSERT INTO `lk9v6_alumni_main` (`id`, `user_id`, `approved`) VALUES (167201, 167201, 1);
INSERT INTO `lk9v6_alumni_data` (`alumni_id`, `graduation_year`, `fid`, `job`, `address`, `city`, `country`, `phone`, `gid`, `mobile`, `nationalnumber`, `department`, `division`, `with_honor`) VALUES (167201, 2015, '1', '', '', '', '', '5282127', '4', '0184130387', '', 'الفيزياء', 'العلوم الطبيعية', '');
INSERT INTO `lk9v6_users` (`name`, `email`, `usertype`) VALUES ('سهام ابراهيم احمد ابراهيم خليل', 'seham13s05679@alexu.edu.eg', 'الخريجين');
INSERT INTO `lk9v6_alumni_main` (`id`, `user_id`, `approved`) VALUES (167202, 167202, 1);
INSERT INTO `lk9v6_alumni_data` (`alumni_id`, `graduation_year`, `fid`, `job`, `address`, `city`, `country`, `phone`, `gid`, `mobile`, `nationalnumber`, `department`, `division`, `with_honor`) VALUES (167202, 2015, '1', '', '', '', '', '033015482', '4', '01205863023', '', 'علوم البيئة', 'العلوم البيولوجية', '');
INSERT INTO `lk9v6_users` (`name`, `email`, `usertype`) VALUES ('محمد صالح محمود يوسف', 'mohamed13s06587@alexu.edu.eg', 'الخريجين');
INSERT INTO `lk9v6_alumni_main` (`id`, `user_id`, `approved`) VALUES (167203, 167203, 1);
INSERT INTO `lk9v6_alumni_data` (`alumni_id`, `graduation_year`, `fid`, `job`, `address`, `city`, `country`, `phone`, `gid`, `mobile`, `nationalnumber`, `department`, `division`, `with_honor`) VALUES (167203, 2015, '1', '', '', '', '', '4259966', '4', '01145684788', '', 'الفيزياء', 'العلوم الطبيعية', '');
INSERT INTO `lk9v6_users` (`name`, `email`, `usertype`) VALUES ('هاجر ابراهيم عطيه الشامى', 'hager13s06495@alexu.edu.eg', 'الخريجين');
INSERT INTO `lk9v6_alumni_main` (`id`, `user_id`, `approved`) VALUES (167204, 167204, 1);
INSERT INTO `lk9v6_alumni_data` (`alumni_id`, `graduation_year`, `fid`, `job`, `address`, `city`, `country`, `phone`, `gid`, `mobile`, `nationalnumber`, `department`, `division`, `with_honor`) VALUES (167204, 2015, '1', '', '', '', '', '033600127', '4', '0174548834', '', 'الميكروبيولوجى', 'العلوم البيولوجية', '');
INSERT INTO `lk9v6_users` (`name`, `email`, `usertype`) VALUES ('سمر يسرى حسنين السيد صلاح', 'samar13s05780@alexu.edu.eg', 'الخريجين');
INSERT INTO `lk9v6_alumni_main` (`id`, `user_id`, `approved`) VALUES (167205, 167205, 1);
INSERT INTO `lk9v6_alumni_data` (`alumni_id`, `graduation_year`, `fid`, `job`, `address`, `city`, `country`, `phone`, `gid`, `mobile`, `nationalnumber`, `department`, `division`, `with_honor`) VALUES (167205, 2015, '1', '', '', '', '', '5269750', '4', '0180098902', '', 'الكيمياء الحيوية', 'العلوم البيولوجية', '');
INSERT INTO `lk9v6_users` (`name`, `email`, `usertype`) VALUES ('ايمان احمد عبدالغنى محمد الشريف', 'eman13s04308@alexu.edu.eg', 'الخريجين');
INSERT INTO `lk9v6_alumni_main` (`id`, `user_id`, `approved`) VALUES (167206, 167206, 1);
INSERT INTO `lk9v6_alumni_data` (`alumni_id`, `graduation_year`, `fid`, `job`, `address`, `city`, `country`, `phone`, `gid`, `mobile`, `nationalnumber`, `department`, `division`, `with_honor`) VALUES (167206, 2015, '1', '', '', '', '', '0453118261', '4', '01100449184', '', 'الجيولوجيا', 'العلوم الجيولوجية', '');
INSERT INTO `lk9v6_users` (`name`, `email`, `usertype`) VALUES ('احمد محمود احمد محمد الجمال', 'ahmed13s04384@alexu.edu.eg', 'الخريجين');
INSERT INTO `lk9v6_alumni_main` (`id`, `user_id`, `approved`) VALUES (167207, 167207, 1);
INSERT INTO `lk9v6_alumni_data` (`alumni_id`, `graduation_year`, `fid`, `job`, `address`, `city`, `country`, `phone`, `gid`, `mobile`, `nationalnumber`, `department`, `division`, `with_honor`) VALUES (167207, 2015, '1', '', '', '', '', '035038142', '4', '01274539433', '', 'الفيزياء', 'العلوم الطبيعية', '');
INSERT INTO `lk9v6_users` (`name`, `email`, `usertype`) VALUES ('يوسف حسام محمود بدوى الزينى', 'yousif13s04718@alexu.edu.eg', 'الخريجين');
INSERT INTO `lk9v6_alumni_main` (`id`, `user_id`, `approved`) VALUES (167208, 167208, 1);
INSERT INTO `lk9v6_alumni_data` (`alumni_id`, `graduation_year`, `fid`, `job`, `address`, `city`, `country`, `phone`, `gid`, `mobile`, `nationalnumber`, `department`, `division`, `with_honor`) VALUES (167208, 2015, '1', '', '', '', '', '4272300', '4', '0110111585', '', 'الفيزياء', 'العلوم الطبيعية', '');
INSERT INTO `lk9v6_users` (`name`, `email`, `usertype`) VALUES ('محمد السيد فهمى السيد سليمان', 'mohamed13s04388@alexu.edu.eg', 'الخريجين');
INSERT INTO `lk9v6_alumni_main` (`id`, `user_id`, `approved`) VALUES (167209, 167209, 1);
INSERT INTO `lk9v6_alumni_data` (`alumni_id`, `graduation_year`, `fid`, `job`, `address`, `city`, `country`, `phone`, `gid`, `mobile`, `nationalnumber`, `department`, `division`, `with_honor`) VALUES (167209, 2015, '1', '', '', '', '', '039506735', '4', '01011945357', '', 'الفيزياء', 'العلوم الطبيعية', '');
INSERT INTO `lk9v6_users` (`name`, `email`, `usertype`) VALUES ('مريم محمد عبدالحميد محمد', 'mariem13s05361@alexu.edu.eg', 'الخريجين');
INSERT INTO `lk9v6_alumni_main` (`id`, `user_id`, `approved`) VALUES (167210, 167210, 1);
INSERT INTO `lk9v6_alumni_data` (`alumni_id`, `graduation_year`, `fid`, `job`, `address`, `city`, `country`, `phone`, `gid`, `mobile`, `nationalnumber`, `department`, `division`, `with_honor`) VALUES (167210, 2015, '1', '', '', '', '', '5023941', '4', '01287031139', '', 'علوم البيئة', 'العلوم البيولوجية', '');
INSERT INTO `lk9v6_users` (`name`, `email`, `usertype`) VALUES ('ابتهال حسن عبدالرحمن ابراهيم عنب', 'ibtihal13s05066@alexu.edu.eg', 'الخريجين');
INSERT INTO `lk9v6_alumni_main` (`id`, `user_id`, `approved`) VALUES (167211, 167211, 1);
INSERT INTO `lk9v6_alumni_data` (`alumni_id`, `graduation_year`, `fid`, `job`, `address`, `city`, `country`, `phone`, `gid`, `mobile`, `nationalnumber`, `department`, `division`, `with_honor`) VALUES (167211, 2015, '1', '', '', '', '', '5270429', '4', '01005221631', '', 'الميكروبيولوجى', 'العلوم البيولوجية', '');
INSERT INTO `lk9v6_users` (`name`, `email`, `usertype`) VALUES ('اسراء اسماعيل احمد محمد', 'esraa13s04445@alexu.edu.eg', 'الخريجين');
INSERT INTO `lk9v6_alumni_main` (`id`, `user_id`, `approved`) VALUES (167212, 167212, 1);
INSERT INTO `lk9v6_alumni_data` (`alumni_id`, `graduation_year`, `fid`, `job`, `address`, `city`, `country`, `phone`, `gid`, `mobile`, `nationalnumber`, `department`, `division`, `with_honor`) VALUES (167212, 2015, '1', '', '', '', '', '034201322', '4', '01061924337', '', 'الفيزياء', 'العلوم الطبيعية', '');
INSERT INTO `lk9v6_users` (`name`, `email`, `usertype`) VALUES ('دينا فتحى حسن السيد جاد الرب', 'dina13s05518@alexu.edu.eg', 'الخريجين');
INSERT INTO `lk9v6_alumni_main` (`id`, `user_id`, `approved`) VALUES (167213, 167213, 1);
INSERT INTO `lk9v6_alumni_data` (`alumni_id`, `graduation_year`, `fid`, `job`, `address`, `city`, `country`, `phone`, `gid`, `mobile`, `nationalnumber`, `department`, `division`, `with_honor`) VALUES (167213, 2015, '1', '', '', '', '', '3080644', '4', '01272290222', '', 'علوم البيئة', 'العلوم البيولوجية', '');
INSERT INTO `lk9v6_users` (`name`, `email`, `usertype`) VALUES ('شيماء على مسعود محمد احمد النوسانى', 'shaimaa13s05250@alexu.edu.eg', 'الخريجين');
INSERT INTO `lk9v6_alumni_main` (`id`, `user_id`, `approved`) VALUES (167214, 167214, 1);
INSERT INTO `lk9v6_alumni_data` (`alumni_id`, `graduation_year`, `fid`, `job`, `address`, `city`, `country`, `phone`, `gid`, `mobile`, `nationalnumber`, `department`, `division`, `with_honor`) VALUES (167214, 2015, '1', '', '', '', '', '0452233493', '4', '01225577846', '', 'الميكروبيولوجى', 'العلوم البيولوجية', '');
INSERT INTO `lk9v6_users` (`name`, `email`, `usertype`) VALUES ('صفاء محمد على محمد شرابى', 'safaa13s04870@alexu.edu.eg', 'الخريجين');
INSERT INTO `lk9v6_alumni_main` (`id`, `user_id`, `approved`) VALUES (167215, 167215, 1);
INSERT INTO `lk9v6_alumni_data` (`alumni_id`, `graduation_year`, `fid`, `job`, `address`, `city`, `country`, `phone`, `gid`, `mobile`, `nationalnumber`, `department`, `division`, `with_honor`) VALUES (167215, 2015, '1', '', '', '', '', '0472514186', '4', '01226376038', '', 'الكيمياء الحيوية', 'العلوم البيولوجية', '');
INSERT INTO `lk9v6_users` (`name`, `email`, `usertype`) VALUES ('ايه ممدوح محمد حسنين عبد الرسول', 'aya13s05415@alexu.edu.eg', 'الخريجين');
INSERT INTO `lk9v6_alumni_main` (`id`, `user_id`, `approved`) VALUES (167216, 167216, 1);
INSERT INTO `lk9v6_alumni_data` (`alumni_id`, `graduation_year`, `fid`, `job`, `address`, `city`, `country`, `phone`, `gid`, `mobile`, `nationalnumber`, `department`, `division`, `with_honor`) VALUES (167216, 2015, '1', '', '', '', '', '033591745', '4', '01270165893', '', 'الميكروبيولوجى', 'العلوم البيولوجية', '');
INSERT INTO `lk9v6_users` (`name`, `email`, `usertype`) VALUES ('ساره سمير جمال غريب عبدالمعطى', 'sara13s05147@alexu.edu.eg', 'الخريجين');
INSERT INTO `lk9v6_alumni_main` (`id`, `user_id`, `approved`) VALUES (167217, 167217, 1);
INSERT INTO `lk9v6_alumni_data` (`alumni_id`, `graduation_year`, `fid`, `job`, `address`, `city`, `country`, `phone`, `gid`, `mobile`, `nationalnumber`, `department`, `division`, `with_honor`) VALUES (167217, 2015, '1', '', '', '', '', '3307592', '4', '01284986309', '', 'علوم البيئة', 'العلوم البيولوجية', '');
INSERT INTO `lk9v6_users` (`name`, `email`, `usertype`) VALUES ('ولاء غريب محمد محمود حمد', 'walaa13s05084@alexu.edu.eg', 'الخريجين');
INSERT INTO `lk9v6_alumni_main` (`id`, `user_id`, `approved`) VALUES (167218, 167218, 1);
INSERT INTO `lk9v6_alumni_data` (`alumni_id`, `graduation_year`, `fid`, `job`, `address`, `city`, `country`, `phone`, `gid`, `mobile`, `nationalnumber`, `department`, `division`, `with_honor`) VALUES (167218, 2015, '1', '', '', '', '', '0452232343', '4', '01226694967', '', 'علوم البيئة', 'العلوم البيولوجية', '');
INSERT INTO `lk9v6_users` (`name`, `email`, `usertype`) VALUES ('مهيتاب مصطفى ابراهيم', 'mohiab13s06539@alexu.edu.eg', 'الخريجين');
INSERT INTO `lk9v6_alumni_main` (`id`, `user_id`, `approved`) VALUES (167219, 167219, 1);
INSERT INTO `lk9v6_alumni_data` (`alumni_id`, `graduation_year`, `fid`, `job`, `address`, `city`, `country`, `phone`, `gid`, `mobile`, `nationalnumber`, `department`, `division`, `with_honor`) VALUES (167219, 2015, '1', '', '', '', '', '5454865', '4', '01202582844', '', 'الميكروبيولوجى', 'العلوم البيولوجية', '');
INSERT INTO `lk9v6_users` (`name`, `email`, `usertype`) VALUES ('ياسمين احمد رياض فتح الله', 'yasmin13s06376@alexu.edu.eg', 'الخريجين');
INSERT INTO `lk9v6_alumni_main` (`id`, `user_id`, `approved`) VALUES (167220, 167220, 1);
INSERT INTO `lk9v6_alumni_data` (`alumni_id`, `graduation_year`, `fid`, `job`, `address`, `city`, `country`, `phone`, `gid`, `mobile`, `nationalnumber`, `department`, `division`, `with_honor`) VALUES (167220, 2015, '1', '', '', '', '', '4342231', '4', '01116962146', '', 'الكيمياء الحيوية', 'العلوم البيولوجية', '');
INSERT INTO `lk9v6_users` (`name`, `email`, `usertype`) VALUES ('محمود عاقل عبدالعال احمد', 'mahmoud13s04323@alexu.edu.eg', 'الخريجين');
INSERT INTO `lk9v6_alumni_main` (`id`, `user_id`, `approved`) VALUES (167221, 167221, 1);
INSERT INTO `lk9v6_alumni_data` (`alumni_id`, `graduation_year`, `fid`, `job`, `address`, `city`, `country`, `phone`, `gid`, `mobile`, `nationalnumber`, `department`, `division`, `with_honor`) VALUES (167221, 2015, '1', '', '', '', '', '032060308', '4', '01127040995', '', 'الفيزياء', 'العلوم الطبيعية', '');
INSERT INTO `lk9v6_users` (`name`, `email`, `usertype`) VALUES ('نرمين محمد السيد محمد عوض', 'nermin13s04360@alexu.edu.eg', 'الخريجين');
INSERT INTO `lk9v6_alumni_main` (`id`, `user_id`, `approved`) VALUES (167222, 167222, 1);
INSERT INTO `lk9v6_alumni_data` (`alumni_id`, `graduation_year`, `fid`, `job`, `address`, `city`, `country`, `phone`, `gid`, `mobile`, `nationalnumber`, `department`, `division`, `with_honor`) VALUES (167222, 2015, '1', '', '', '', '', '033615541', '4', '01026610624', '', 'الفيزياء', 'العلوم الطبيعية', '');
INSERT INTO `lk9v6_users` (`name`, `email`, `usertype`) VALUES ('يوستينا نسيم حليم غالى', 'youstina13s06115@alexu.edu.eg', 'الخريجين');
INSERT INTO `lk9v6_alumni_main` (`id`, `user_id`, `approved`) VALUES (167223, 167223, 1);
INSERT INTO `lk9v6_alumni_data` (`alumni_id`, `graduation_year`, `fid`, `job`, `address`, `city`, `country`, `phone`, `gid`, `mobile`, `nationalnumber`, `department`, `division`, `with_honor`) VALUES (167223, 2015, '1', '', '', '', '', '034651394', '4', '01285854794', '', 'الميكروبيولوجى', 'العلوم البيولوجية', '');
INSERT INTO `lk9v6_users` (`name`, `email`, `usertype`) VALUES ('هند حمدى مصطفى حسن القبانى', 'hend13s05582@alexu.edu.eg', 'الخريجين');
INSERT INTO `lk9v6_alumni_main` (`id`, `user_id`, `approved`) VALUES (167224, 167224, 1);
INSERT INTO `lk9v6_alumni_data` (`alumni_id`, `graduation_year`, `fid`, `job`, `address`, `city`, `country`, `phone`, `gid`, `mobile`, `nationalnumber`, `department`, `division`, `with_honor`) VALUES (167224, 2015, '1', '', '', '', '', '4852210', '4', '01225290014', '', 'الكيمياء الحيوية', 'العلوم البيولوجية', '');
INSERT INTO `lk9v6_users` (`name`, `email`, `usertype`) VALUES ('اميرة ناصر عبدالعال حسن محجوب', 'amira13s04566@alexu.edu.eg', 'الخريجين');
INSERT INTO `lk9v6_alumni_main` (`id`, `user_id`, `approved`) VALUES (167225, 167225, 1);
INSERT INTO `lk9v6_alumni_data` (`alumni_id`, `graduation_year`, `fid`, `job`, `address`, `city`, `country`, `phone`, `gid`, `mobile`, `nationalnumber`, `department`, `division`, `with_honor`) VALUES (167225, 2015, '1', '', '', '', '', '033259566', '4', '01287319723', '', 'الفيزياء', 'العلوم الطبيعية', '');
INSERT INTO `lk9v6_users` (`name`, `email`, `usertype`) VALUES ('ايمان على الصغير محمد احمد', 'eman13s06121@alexu.edu.eg', 'الخريجين');
INSERT INTO `lk9v6_alumni_main` (`id`, `user_id`, `approved`) VALUES (167226, 167226, 1);
INSERT INTO `lk9v6_alumni_data` (`alumni_id`, `graduation_year`, `fid`, `job`, `address`, `city`, `country`, `phone`, `gid`, `mobile`, `nationalnumber`, `department`, `division`, `with_honor`) VALUES (167226, 2015, '1', '', '', '', '', '034435760', '4', '01207874499', '', 'الفيزياء', 'العلوم الطبيعية', '');
INSERT INTO `lk9v6_users` (`name`, `email`, `usertype`) VALUES ('نرمين شعبان امين على الزعويلى', 'nermin13s05213@alexu.edu.eg', 'الخريجين');
INSERT INTO `lk9v6_alumni_main` (`id`, `user_id`, `approved`) VALUES (167227, 167227, 1);
INSERT INTO `lk9v6_alumni_data` (`alumni_id`, `graduation_year`, `fid`, `job`, `address`, `city`, `country`, `phone`, `gid`, `mobile`, `nationalnumber`, `department`, `division`, `with_honor`) VALUES (167227, 2015, '1', '', '', '', '', '0453641615', '4', '01066612851', '', 'الميكروبيولوجى', 'العلوم البيولوجية', '');
INSERT INTO `lk9v6_users` (`name`, `email`, `usertype`) VALUES ('ميريت سمعان بشير غبريال', 'mirit13s05494@alexu.edu.eg', 'الخريجين');
INSERT INTO `lk9v6_alumni_main` (`id`, `user_id`, `approved`) VALUES (167228, 167228, 1);
INSERT INTO `lk9v6_alumni_data` (`alumni_id`, `graduation_year`, `fid`, `job`, `address`, `city`, `country`, `phone`, `gid`, `mobile`, `nationalnumber`, `department`, `division`, `with_honor`) VALUES (167228, 2015, '1', '', '', '', '', '5323707', '4', '01221293174', '', 'الميكروبيولوجى', 'العلوم البيولوجية', '');
INSERT INTO `lk9v6_users` (`name`, `email`, `usertype`) VALUES ('نورهان محمد عبد الحميد محمد', 'nourhan13s06321@alexu.edu.eg', 'الخريجين');
INSERT INTO `lk9v6_alumni_main` (`id`, `user_id`, `approved`) VALUES (167229, 167229, 1);
INSERT INTO `lk9v6_alumni_data` (`alumni_id`, `graduation_year`, `fid`, `job`, `address`, `city`, `country`, `phone`, `gid`, `mobile`, `nationalnumber`, `department`, `division`, `with_honor`) VALUES (167229, 2015, '1', '', '', '', '', '035850576', '4', '0192236945', '', 'الفيزياء', 'العلوم الطبيعية', '');
INSERT INTO `lk9v6_users` (`name`, `email`, `usertype`) VALUES ('فاطمه سعيد داود سليمان حسين', 'fatma13s04975@alexu.edu.eg', 'الخريجين');
INSERT INTO `lk9v6_alumni_main` (`id`, `user_id`, `approved`) VALUES (167230, 167230, 1);
INSERT INTO `lk9v6_alumni_data` (`alumni_id`, `graduation_year`, `fid`, `job`, `address`, `city`, `country`, `phone`, `gid`, `mobile`, `nationalnumber`, `department`, `division`, `with_honor`) VALUES (167230, 2015, '1', '', '', '', '', '033246564', '4', '01278710761', '', 'الميكروبيولوجى', 'العلوم البيولوجية', '');
INSERT INTO `lk9v6_users` (`name`, `email`, `usertype`) VALUES ('منى محمد احمد حسين', 'mona13s06308@alexu.edu.eg', 'الخريجين');
INSERT INTO `lk9v6_alumni_main` (`id`, `user_id`, `approved`) VALUES (167231, 167231, 1);
INSERT INTO `lk9v6_alumni_data` (`alumni_id`, `graduation_year`, `fid`, `job`, `address`, `city`, `country`, `phone`, `gid`, `mobile`, `nationalnumber`, `department`, `division`, `with_honor`) VALUES (167231, 2015, '1', '', '', '', '', '4423434', '4', '01229278073', '', 'الفيزياء', 'العلوم الطبيعية', '');
INSERT INTO `lk9v6_users` (`name`, `email`, `usertype`) VALUES ('أحمد حسين محمد شحاته ', 'ahmed13s06708@alexu.edu.eg', 'الخريجين');
INSERT INTO `lk9v6_alumni_main` (`id`, `user_id`, `approved`) VALUES (167232, 167232, 1);
INSERT INTO `lk9v6_alumni_data` (`alumni_id`, `graduation_year`, `fid`, `job`, `address`, `city`, `country`, `phone`, `gid`, `mobile`, `nationalnumber`, `department`, `division`, `with_honor`) VALUES (167232, 2015, '1', '', '', '', '', '035051223', '4', '01206293528', '', 'الفيزياء', 'العلوم الطبيعية', '');
INSERT INTO `lk9v6_users` (`name`, `email`, `usertype`) VALUES ('هاجر محمود احمد محمود الصباغ', 'hager13s05269@alexu.edu.eg', 'الخريجين');
INSERT INTO `lk9v6_alumni_main` (`id`, `user_id`, `approved`) VALUES (167233, 167233, 1);
INSERT INTO `lk9v6_alumni_data` (`alumni_id`, `graduation_year`, `fid`, `job`, `address`, `city`, `country`, `phone`, `gid`, `mobile`, `nationalnumber`, `department`, `division`, `with_honor`) VALUES (167233, 2015, '1', '', '', '', '', '035357517', '4', '01225613138', '', 'علوم البيئة', 'العلوم البيولوجية', '');
INSERT INTO `lk9v6_users` (`name`, `email`, `usertype`) VALUES ('سلمى حسن زكى حسن محمد', 'salma13s05207@alexu.edu.eg', 'الخريجين');
INSERT INTO `lk9v6_alumni_main` (`id`, `user_id`, `approved`) VALUES (167234, 167234, 1);
INSERT INTO `lk9v6_alumni_data` (`alumni_id`, `graduation_year`, `fid`, `job`, `address`, `city`, `country`, `phone`, `gid`, `mobile`, `nationalnumber`, `department`, `division`, `with_honor`) VALUES (167234, 2015, '1', '', '', '', '', '5484954', '4', '01229902491', '', 'علوم البيئة', 'العلوم البيولوجية', '');
INSERT INTO `lk9v6_users` (`name`, `email`, `usertype`) VALUES ('ايه على فتحى احمد كمال التيجانى', 'aya13s04574@alexu.edu.eg', 'الخريجين');
INSERT INTO `lk9v6_alumni_main` (`id`, `user_id`, `approved`) VALUES (167235, 167235, 1);
INSERT INTO `lk9v6_alumni_data` (`alumni_id`, `graduation_year`, `fid`, `job`, `address`, `city`, `country`, `phone`, `gid`, `mobile`, `nationalnumber`, `department`, `division`, `with_honor`) VALUES (167235, 2015, '1', '', '', '', '', '034360358', '4', '01228279258', '', 'الفيزياء', 'العلوم الطبيعية', '');
INSERT INTO `lk9v6_users` (`name`, `email`, `usertype`) VALUES ('عبير مجدى محمد فرحات', 'abeer13s05849@alexu.edu.eg', 'الخريجين');
INSERT INTO `lk9v6_alumni_main` (`id`, `user_id`, `approved`) VALUES (167236, 167236, 1);
INSERT INTO `lk9v6_alumni_data` (`alumni_id`, `graduation_year`, `fid`, `job`, `address`, `city`, `country`, `phone`, `gid`, `mobile`, `nationalnumber`, `department`, `division`, `with_honor`) VALUES (167236, 2015, '1', '', '', '', '', '0464944327', '4', '01119034943', '', 'علوم البيئة', 'العلوم البيولوجية', '');
INSERT INTO `lk9v6_users` (`name`, `email`, `usertype`) VALUES ('سارة علاء ابراهيم حسن', 'sara13s06327@alexu.edu.eg', 'الخريجين');
INSERT INTO `lk9v6_alumni_main` (`id`, `user_id`, `approved`) VALUES (167237, 167237, 1);
INSERT INTO `lk9v6_alumni_data` (`alumni_id`, `graduation_year`, `fid`, `job`, `address`, `city`, `country`, `phone`, `gid`, `mobile`, `nationalnumber`, `department`, `division`, `with_honor`) VALUES (167237, 2015, '1', '', '', '', '', '3632415', '4', '01201201991', '', 'الفيزياء', 'العلوم الطبيعية', '');
INSERT INTO `lk9v6_users` (`name`, `email`, `usertype`) VALUES ('محمد صلاح عبدالمعز عطية', 'mohamed13s04510@alexu.edu.eg', 'الخريجين');
INSERT INTO `lk9v6_alumni_main` (`id`, `user_id`, `approved`) VALUES (167238, 167238, 1);
INSERT INTO `lk9v6_alumni_data` (`alumni_id`, `graduation_year`, `fid`, `job`, `address`, `city`, `country`, `phone`, `gid`, `mobile`, `nationalnumber`, `department`, `division`, `with_honor`) VALUES (167238, 2015, '1', '', '', '', '', '0452502294', '4', '01227430080', '', 'الفيزياء', 'العلوم الطبيعية', '');
INSERT INTO `lk9v6_users` (`name`, `email`, `usertype`) VALUES ('نورهان محمد سعد سيد احمد عطيه', 'nourhan13s05737@alexu.edu.eg', 'الخريجين');
INSERT INTO `lk9v6_alumni_main` (`id`, `user_id`, `approved`) VALUES (167239, 167239, 1);
INSERT INTO `lk9v6_alumni_data` (`alumni_id`, `graduation_year`, `fid`, `job`, `address`, `city`, `country`, `phone`, `gid`, `mobile`, `nationalnumber`, `department`, `division`, `with_honor`) VALUES (167239, 2015, '1', '', '', '', '', '0472970402', '4', '0192356507', '', 'الكيمياء الحيوية', 'العلوم البيولوجية', '');
INSERT INTO `lk9v6_users` (`name`, `email`, `usertype`) VALUES ('مديحه الشلامونى خليل رجب عبدالله', 'madiha13s05488@alexu.edu.eg', 'الخريجين');
INSERT INTO `lk9v6_alumni_main` (`id`, `user_id`, `approved`) VALUES (167240, 167240, 1);
INSERT INTO `lk9v6_alumni_data` (`alumni_id`, `graduation_year`, `fid`, `job`, `address`, `city`, `country`, `phone`, `gid`, `mobile`, `nationalnumber`, `department`, `division`, `with_honor`) VALUES (167240, 2015, '1', '', '', '', '', '0452660348', '4', '01149108959', '', 'الكيمياء الحيوية', 'العلوم البيولوجية', '');
INSERT INTO `lk9v6_users` (`name`, `email`, `usertype`) VALUES ('ايه احمد الحسين محمد الحنفى', 'aya13s05666@alexu.edu.eg', 'الخريجين');
INSERT INTO `lk9v6_alumni_main` (`id`, `user_id`, `approved`) VALUES (167241, 167241, 1);
INSERT INTO `lk9v6_alumni_data` (`alumni_id`, `graduation_year`, `fid`, `job`, `address`, `city`, `country`, `phone`, `gid`, `mobile`, `nationalnumber`, `department`, `division`, `with_honor`) VALUES (167241, 2015, '1', '', '', '', '', '5067196', '4', '01129125000', '', 'الميكروبيولوجى', 'العلوم البيولوجية', '');
INSERT INTO `lk9v6_users` (`name`, `email`, `usertype`) VALUES ('هدير عبد المالك محمد احمد روبى', 'hadeer13s05370@alexu.edu.eg', 'الخريجين');
INSERT INTO `lk9v6_alumni_main` (`id`, `user_id`, `approved`) VALUES (167242, 167242, 1);
INSERT INTO `lk9v6_alumni_data` (`alumni_id`, `graduation_year`, `fid`, `job`, `address`, `city`, `country`, `phone`, `gid`, `mobile`, `nationalnumber`, `department`, `division`, `with_honor`) VALUES (167242, 2015, '1', '', '', '', '', '035046908', '4', '01284912018', '', 'الكيمياء الحيوية', 'العلوم البيولوجية', '');
INSERT INTO `lk9v6_users` (`name`, `email`, `usertype`) VALUES ('ايمان عطيه الله حسن عبد العليم', 'eman13s05124@alexu.edu.eg', 'الخريجين');
INSERT INTO `lk9v6_alumni_main` (`id`, `user_id`, `approved`) VALUES (167243, 167243, 1);
INSERT INTO `lk9v6_alumni_data` (`alumni_id`, `graduation_year`, `fid`, `job`, `address`, `city`, `country`, `phone`, `gid`, `mobile`, `nationalnumber`, `department`, `division`, `with_honor`) VALUES (167243, 2015, '1', '', '', '', '', '039571471', '4', '01289021035', '', 'علوم البيئة', 'العلوم البيولوجية', '');
INSERT INTO `lk9v6_users` (`name`, `email`, `usertype`) VALUES ('اسماء محمود لطفى هاشم كيلانى', 'asmaa13s05137@alexu.edu.eg', 'الخريجين');
INSERT INTO `lk9v6_alumni_main` (`id`, `user_id`, `approved`) VALUES (167244, 167244, 1);
INSERT INTO `lk9v6_alumni_data` (`alumni_id`, `graduation_year`, `fid`, `job`, `address`, `city`, `country`, `phone`, `gid`, `mobile`, `nationalnumber`, `department`, `division`, `with_honor`) VALUES (167244, 2015, '1', '', '', '', '', '5068511', '4', '01009941985', '', 'الميكروبيولوجى', 'العلوم البيولوجية', '');
INSERT INTO `lk9v6_users` (`name`, `email`, `usertype`) VALUES ('اشرف محمد عبد النعيم حسين', 'ashraf13s05430@alexu.edu.eg', 'الخريجين');
INSERT INTO `lk9v6_alumni_main` (`id`, `user_id`, `approved`) VALUES (167245, 167245, 1);
INSERT INTO `lk9v6_alumni_data` (`alumni_id`, `graduation_year`, `fid`, `job`, `address`, `city`, `country`, `phone`, `gid`, `mobile`, `nationalnumber`, `department`, `division`, `with_honor`) VALUES (167245, 2015, '1', '', '', '', '', '0000000', '4', '01224288997', '', 'علوم البيئة', 'العلوم البيولوجية', '');
INSERT INTO `lk9v6_users` (`name`, `email`, `usertype`) VALUES ('امنيه عبد الرسول محمد متولى', 'omnia13s04946@alexu.edu.eg', 'الخريجين');
INSERT INTO `lk9v6_alumni_main` (`id`, `user_id`, `approved`) VALUES (167246, 167246, 1);
INSERT INTO `lk9v6_alumni_data` (`alumni_id`, `graduation_year`, `fid`, `job`, `address`, `city`, `country`, `phone`, `gid`, `mobile`, `nationalnumber`, `department`, `division`, `with_honor`) VALUES (167246, 2015, '1', '', '', '', '', '035293136', '4', '01277078884', '', 'الكيمياء الحيوية', 'العلوم البيولوجية', '');
INSERT INTO `lk9v6_users` (`name`, `email`, `usertype`) VALUES ('احمد عبدالعزيز السيد عبدالعزيز جنينه', 'ahmed13s05252@alexu.edu.eg', 'الخريجين');
INSERT INTO `lk9v6_alumni_main` (`id`, `user_id`, `approved`) VALUES (167247, 167247, 1);
INSERT INTO `lk9v6_alumni_data` (`alumni_id`, `graduation_year`, `fid`, `job`, `address`, `city`, `country`, `phone`, `gid`, `mobile`, `nationalnumber`, `department`, `division`, `with_honor`) VALUES (167247, 2015, '1', '', '', '', '', '0452243214', '4', '01204926630', '', 'الكيمياء الحيوية', 'العلوم البيولوجية', '');
INSERT INTO `lk9v6_users` (`name`, `email`, `usertype`) VALUES ('محمد عبدالحميد محمد عبدالله', 'mohamed13s05036@alexu.edu.eg', 'الخريجين');
INSERT INTO `lk9v6_alumni_main` (`id`, `user_id`, `approved`) VALUES (167248, 167248, 1);
INSERT INTO `lk9v6_alumni_data` (`alumni_id`, `graduation_year`, `fid`, `job`, `address`, `city`, `country`, `phone`, `gid`, `mobile`, `nationalnumber`, `department`, `division`, `with_honor`) VALUES (167248, 2015, '1', '', '', '', '', '0453561453', '4', '01146074260', '', 'الميكروبيولوجى', 'العلوم البيولوجية', '');
INSERT INTO `lk9v6_users` (`name`, `email`, `usertype`) VALUES ('دينا ابراهيم صادق احمد العبد', 'dina13s05278@alexu.edu.eg', 'الخريجين');
INSERT INTO `lk9v6_alumni_main` (`id`, `user_id`, `approved`) VALUES (167249, 167249, 1);
INSERT INTO `lk9v6_alumni_data` (`alumni_id`, `graduation_year`, `fid`, `job`, `address`, `city`, `country`, `phone`, `gid`, `mobile`, `nationalnumber`, `department`, `division`, `with_honor`) VALUES (167249, 2015, '1', '', '', '', '', '5611434', '4', '01003644681', '', 'الميكروبيولوجى', 'العلوم البيولوجية', '');
INSERT INTO `lk9v6_users` (`name`, `email`, `usertype`) VALUES ('اسراء سعيد احمد عبد ربه ابراهيم', 'esraa13s04997@alexu.edu.eg', 'الخريجين');
INSERT INTO `lk9v6_alumni_main` (`id`, `user_id`, `approved`) VALUES (167250, 167250, 1);
INSERT INTO `lk9v6_alumni_data` (`alumni_id`, `graduation_year`, `fid`, `job`, `address`, `city`, `country`, `phone`, `gid`, `mobile`, `nationalnumber`, `department`, `division`, `with_honor`) VALUES (167250, 2015, '1', '', '', '', '', '2201239', '4', '01206222850', '', 'الميكروبيولوجى', 'العلوم البيولوجية', '');
INSERT INTO `lk9v6_users` (`name`, `email`, `usertype`) VALUES ('نعناعه منسى سعد منسى عبدالجواد', 'nenaa13s05211@alexu.edu.eg', 'الخريجين');
INSERT INTO `lk9v6_alumni_main` (`id`, `user_id`, `approved`) VALUES (167251, 167251, 1);
INSERT INTO `lk9v6_alumni_data` (`alumni_id`, `graduation_year`, `fid`, `job`, `address`, `city`, `country`, `phone`, `gid`, `mobile`, `nationalnumber`, `department`, `division`, `with_honor`) VALUES (167251, 2015, '1', '', '', '', '', '0472773891', '4', '0192213402', '', 'الكيمياء الحيوية', 'العلوم البيولوجية', '');
INSERT INTO `lk9v6_users` (`name`, `email`, `usertype`) VALUES ('محمود جابر عبدالسلام محمود', 'mahmoud13s04985@alexu.edu.eg', 'الخريجين');
INSERT INTO `lk9v6_alumni_main` (`id`, `user_id`, `approved`) VALUES (167252, 167252, 1);
INSERT INTO `lk9v6_alumni_data` (`alumni_id`, `graduation_year`, `fid`, `job`, `address`, `city`, `country`, `phone`, `gid`, `mobile`, `nationalnumber`, `department`, `division`, `with_honor`) VALUES (167252, 2015, '1', '', '', '', '', '0452409438', '4', '01115620656', '', 'الميكروبيولوجى', 'العلوم البيولوجية', '');
INSERT INTO `lk9v6_users` (`name`, `email`, `usertype`) VALUES ('اسراء محمد اسماعيل خضر', 'esraa13s04820@alexu.edu.eg', 'الخريجين');
INSERT INTO `lk9v6_alumni_main` (`id`, `user_id`, `approved`) VALUES (167253, 167253, 1);
INSERT INTO `lk9v6_alumni_data` (`alumni_id`, `graduation_year`, `fid`, `job`, `address`, `city`, `country`, `phone`, `gid`, `mobile`, `nationalnumber`, `department`, `division`, `with_honor`) VALUES (167253, 2015, '1', '', '', '', '', '3801792', '4', '01123553067', '', 'الميكروبيولوجى', 'العلوم البيولوجية', '');
INSERT INTO `lk9v6_users` (`name`, `email`, `usertype`) VALUES ('هند محمد محمود على فتح الله درغام', 'hend13s05702@alexu.edu.eg', 'الخريجين');
INSERT INTO `lk9v6_alumni_main` (`id`, `user_id`, `approved`) VALUES (167254, 167254, 1);
INSERT INTO `lk9v6_alumni_data` (`alumni_id`, `graduation_year`, `fid`, `job`, `address`, `city`, `country`, `phone`, `gid`, `mobile`, `nationalnumber`, `department`, `division`, `with_honor`) VALUES (167254, 2015, '1', '', '', '', '', '3760174', '4', '01069242456', '', 'الكيمياء الحيوية', 'العلوم البيولوجية', '');
INSERT INTO `lk9v6_users` (`name`, `email`, `usertype`) VALUES ('الهام محمد محمود عبدالباقى', 'elham13s05844@alexu.edu.eg', 'الخريجين');
INSERT INTO `lk9v6_alumni_main` (`id`, `user_id`, `approved`) VALUES (167255, 167255, 1);
INSERT INTO `lk9v6_alumni_data` (`alumni_id`, `graduation_year`, `fid`, `job`, `address`, `city`, `country`, `phone`, `gid`, `mobile`, `nationalnumber`, `department`, `division`, `with_honor`) VALUES (167255, 2015, '1', '', '', '', '', '3614954', '4', '01275302982', '', 'الكيمياء الحيوية', 'العلوم البيولوجية', '');
INSERT INTO `lk9v6_users` (`name`, `email`, `usertype`) VALUES ('ماهيتاب فتحى حسن حسين', 'mahitab13s05761@alexu.edu.eg', 'الخريجين');
INSERT INTO `lk9v6_alumni_main` (`id`, `user_id`, `approved`) VALUES (167256, 167256, 1);
INSERT INTO `lk9v6_alumni_data` (`alumni_id`, `graduation_year`, `fid`, `job`, `address`, `city`, `country`, `phone`, `gid`, `mobile`, `nationalnumber`, `department`, `division`, `with_honor`) VALUES (167256, 2015, '1', '', '', '', '', '035777402', '4', '01272365876', '', 'الميكروبيولوجى', 'العلوم البيولوجية', '');
INSERT INTO `lk9v6_users` (`name`, `email`, `usertype`) VALUES ('شاهنده احمد فؤاد صديق جابر', 'shahinda13s04500@alexu.edu.eg', 'الخريجين');
INSERT INTO `lk9v6_alumni_main` (`id`, `user_id`, `approved`) VALUES (167257, 167257, 1);
INSERT INTO `lk9v6_alumni_data` (`alumni_id`, `graduation_year`, `fid`, `job`, `address`, `city`, `country`, `phone`, `gid`, `mobile`, `nationalnumber`, `department`, `division`, `with_honor`) VALUES (167257, 2015, '1', '', '', '', '', '034451331', '4', '01224353870', '', 'الفيزياء', 'العلوم الطبيعية', '');
INSERT INTO `lk9v6_users` (`name`, `email`, `usertype`) VALUES ('رنا عادل حسن محمد', 'rana13s04784@alexu.edu.eg', 'الخريجين');
INSERT INTO `lk9v6_alumni_main` (`id`, `user_id`, `approved`) VALUES (167258, 167258, 1);
INSERT INTO `lk9v6_alumni_data` (`alumni_id`, `graduation_year`, `fid`, `job`, `address`, `city`, `country`, `phone`, `gid`, `mobile`, `nationalnumber`, `department`, `division`, `with_honor`) VALUES (167258, 2015, '1', '', '', '', '', '5337410', '4', '01061176428', '', 'الفيزياء', 'العلوم الطبيعية', '');
INSERT INTO `lk9v6_users` (`name`, `email`, `usertype`) VALUES ('ياسمين ابراهيم متولى احمد حسين', 'yasmin13s05675@alexu.edu.eg', 'الخريجين');
INSERT INTO `lk9v6_alumni_main` (`id`, `user_id`, `approved`) VALUES (167259, 167259, 1);
INSERT INTO `lk9v6_alumni_data` (`alumni_id`, `graduation_year`, `fid`, `job`, `address`, `city`, `country`, `phone`, `gid`, `mobile`, `nationalnumber`, `department`, `division`, `with_honor`) VALUES (167259, 2015, '1', '', '', '', '', '033247742', '4', '01003193311', '', 'الكيمياء الحيوية', 'العلوم البيولوجية', '');
INSERT INTO `lk9v6_users` (`name`, `email`, `usertype`) VALUES ('مى محمد عبدالعظيم عبدالحليم', 'mai13s05605@alexu.edu.eg', 'الخريجين');
INSERT INTO `lk9v6_alumni_main` (`id`, `user_id`, `approved`) VALUES (167260, 167260, 1);
INSERT INTO `lk9v6_alumni_data` (`alumni_id`, `graduation_year`, `fid`, `job`, `address`, `city`, `country`, `phone`, `gid`, `mobile`, `nationalnumber`, `department`, `division`, `with_honor`) VALUES (167260, 2015, '1', '', '', '', '', '5044030', '4', '0184942847', '', 'علوم البيئة', 'العلوم البيولوجية', '');
INSERT INTO `lk9v6_users` (`name`, `email`, `usertype`) VALUES ('اسراء جمال مرسى محمد عطيه', 'esraa13s04740@alexu.edu.eg', 'الخريجين');
INSERT INTO `lk9v6_alumni_main` (`id`, `user_id`, `approved`) VALUES (167261, 167261, 1);
INSERT INTO `lk9v6_alumni_data` (`alumni_id`, `graduation_year`, `fid`, `job`, `address`, `city`, `country`, `phone`, `gid`, `mobile`, `nationalnumber`, `department`, `division`, `with_honor`) VALUES (167261, 2015, '1', '', '', '', '', '5933764', '4', '01221429948', '', 'الفيزياء', 'العلوم الطبيعية', '');
INSERT INTO `lk9v6_users` (`name`, `email`, `usertype`) VALUES ('احمد السيد احمد جميعى', 'ahmed13s05123@alexu.edu.eg', 'الخريجين');
INSERT INTO `lk9v6_alumni_main` (`id`, `user_id`, `approved`) VALUES (167262, 167262, 1);
INSERT INTO `lk9v6_alumni_data` (`alumni_id`, `graduation_year`, `fid`, `job`, `address`, `city`, `country`, `phone`, `gid`, `mobile`, `nationalnumber`, `department`, `division`, `with_honor`) VALUES (167262, 2015, '1', '', '', '', '', '035632772', '4', '01110456586', '', 'الكيمياء الحيوية', 'العلوم البيولوجية', '');
INSERT INTO `lk9v6_users` (`name`, `email`, `usertype`) VALUES ('محمود شكرى حافظ شيخ روحه', 'mahmoud13s04554@alexu.edu.eg', 'الخريجين');
INSERT INTO `lk9v6_alumni_main` (`id`, `user_id`, `approved`) VALUES (167263, 167263, 1);
INSERT INTO `lk9v6_alumni_data` (`alumni_id`, `graduation_year`, `fid`, `job`, `address`, `city`, `country`, `phone`, `gid`, `mobile`, `nationalnumber`, `department`, `division`, `with_honor`) VALUES (167263, 2015, '1', '', '', '', '', '034487934', '4', '01277748115', '', 'الفيزياء', 'العلوم الطبيعية', '');
INSERT INTO `lk9v6_users` (`name`, `email`, `usertype`) VALUES ('اسماء زناتى احمد احمد عامر', 'asmaa13s05259@alexu.edu.eg', 'الخريجين');
INSERT INTO `lk9v6_alumni_main` (`id`, `user_id`, `approved`) VALUES (167264, 167264, 1);
INSERT INTO `lk9v6_alumni_data` (`alumni_id`, `graduation_year`, `fid`, `job`, `address`, `city`, `country`, `phone`, `gid`, `mobile`, `nationalnumber`, `department`, `division`, `with_honor`) VALUES (167264, 2015, '1', '', '', '', '', '0473436484', '4', '01121600677', '', 'الميكروبيولوجى', 'العلوم البيولوجية', '');
INSERT INTO `lk9v6_users` (`name`, `email`, `usertype`) VALUES ('احمد عشرى حبشى ابراهيم حبشى', 'ahmed13s06106@alexu.edu.eg', 'الخريجين');
INSERT INTO `lk9v6_alumni_main` (`id`, `user_id`, `approved`) VALUES (167265, 167265, 1);
INSERT INTO `lk9v6_alumni_data` (`alumni_id`, `graduation_year`, `fid`, `job`, `address`, `city`, `country`, `phone`, `gid`, `mobile`, `nationalnumber`, `department`, `division`, `with_honor`) VALUES (167265, 2015, '1', '', '', '', '', '0452290190', '4', '01097518450', '', 'الفيزياء', 'العلوم الطبيعية', '');
INSERT INTO `lk9v6_users` (`name`, `email`, `usertype`) VALUES ('محمد عبد الكريم على محمد', 'mohamed13s06435@alexu.edu.eg', 'الخريجين');
INSERT INTO `lk9v6_alumni_main` (`id`, `user_id`, `approved`) VALUES (167266, 167266, 1);
INSERT INTO `lk9v6_alumni_data` (`alumni_id`, `graduation_year`, `fid`, `job`, `address`, `city`, `country`, `phone`, `gid`, `mobile`, `nationalnumber`, `department`, `division`, `with_honor`) VALUES (167266, 2015, '1', '', '', '', '', '01200095301', '4', '01028960159', '', 'الفيزياء', 'العلوم الطبيعية', '');
INSERT INTO `lk9v6_users` (`name`, `email`, `usertype`) VALUES ('احمد محمد حسن على ابوريه', 'ahmed13s05292@alexu.edu.eg', 'الخريجين');
INSERT INTO `lk9v6_alumni_main` (`id`, `user_id`, `approved`) VALUES (167267, 167267, 1);
INSERT INTO `lk9v6_alumni_data` (`alumni_id`, `graduation_year`, `fid`, `job`, `address`, `city`, `country`, `phone`, `gid`, `mobile`, `nationalnumber`, `department`, `division`, `with_honor`) VALUES (167267, 2015, '1', '', '', '', '', '0452814624', '4', '01115723741', '', 'الميكروبيولوجى', 'العلوم البيولوجية', '');
INSERT INTO `lk9v6_users` (`name`, `email`, `usertype`) VALUES ('نهال حامد احمد اسماعيل', 'nehal13s05701@alexu.edu.eg', 'الخريجين');
INSERT INTO `lk9v6_alumni_main` (`id`, `user_id`, `approved`) VALUES (167268, 167268, 1);
INSERT INTO `lk9v6_alumni_data` (`alumni_id`, `graduation_year`, `fid`, `job`, `address`, `city`, `country`, `phone`, `gid`, `mobile`, `nationalnumber`, `department`, `division`, `with_honor`) VALUES (167268, 2015, '1', '', '', '', '', '035016013', '4', '01145746522', '', 'الكيمياء الحيوية', 'العلوم البيولوجية', '');
INSERT INTO `lk9v6_users` (`name`, `email`, `usertype`) VALUES ('محمد صابر نعيم بخيت', 'mohamed13s04604@alexu.edu.eg', 'الخريجين');
INSERT INTO `lk9v6_alumni_main` (`id`, `user_id`, `approved`) VALUES (167269, 167269, 1);
INSERT INTO `lk9v6_alumni_data` (`alumni_id`, `graduation_year`, `fid`, `job`, `address`, `city`, `country`, `phone`, `gid`, `mobile`, `nationalnumber`, `department`, `division`, `with_honor`) VALUES (167269, 2015, '1', '', '', '', '', '033634314', '4', '01274293992', '', 'الجيولوجيا', 'العلوم الجيولوجية', '');
INSERT INTO `lk9v6_users` (`name`, `email`, `usertype`) VALUES ('هدير يسرى منصور شربوى', 'hadeer13s06434@alexu.edu.eg', 'الخريجين');
INSERT INTO `lk9v6_alumni_main` (`id`, `user_id`, `approved`) VALUES (167270, 167270, 1);
INSERT INTO `lk9v6_alumni_data` (`alumni_id`, `graduation_year`, `fid`, `job`, `address`, `city`, `country`, `phone`, `gid`, `mobile`, `nationalnumber`, `department`, `division`, `with_honor`) VALUES (167270, 2015, '1', '', '', '', '', '035047249', '4', '0187918338', '', 'الميكروبيولوجى', 'العلوم البيولوجية', '');
INSERT INTO `lk9v6_users` (`name`, `email`, `usertype`) VALUES ('دينا ابراهيم عامر حسن عامر ', 'dina13s06702@alexu.edu.eg', 'الخريجين');
INSERT INTO `lk9v6_alumni_main` (`id`, `user_id`, `approved`) VALUES (167271, 167271, 1);
INSERT INTO `lk9v6_alumni_data` (`alumni_id`, `graduation_year`, `fid`, `job`, `address`, `city`, `country`, `phone`, `gid`, `mobile`, `nationalnumber`, `department`, `division`, `with_honor`) VALUES (167271, 2015, '1', '', '', '', '', '034954941', '4', '0123118606', '', 'الفيزياء', 'العلوم الطبيعية', '');
INSERT INTO `lk9v6_users` (`name`, `email`, `usertype`) VALUES ('سيمون سمير توفيق اسرائيل منقريوس', 'simon13s04895@alexu.edu.eg', 'الخريجين');
INSERT INTO `lk9v6_alumni_main` (`id`, `user_id`, `approved`) VALUES (167272, 167272, 1);
INSERT INTO `lk9v6_alumni_data` (`alumni_id`, `graduation_year`, `fid`, `job`, `address`, `city`, `country`, `phone`, `gid`, `mobile`, `nationalnumber`, `department`, `division`, `with_honor`) VALUES (167272, 2015, '1', '', '', '', '', '5275765', '4', '01287908079', '', 'الميكروبيولوجى', 'العلوم البيولوجية', '');
INSERT INTO `lk9v6_users` (`name`, `email`, `usertype`) VALUES ('ساره السيد محمد حسن عبد الفتاح', 'sara13s05456@alexu.edu.eg', 'الخريجين');
INSERT INTO `lk9v6_alumni_main` (`id`, `user_id`, `approved`) VALUES (167273, 167273, 1);
INSERT INTO `lk9v6_alumni_data` (`alumni_id`, `graduation_year`, `fid`, `job`, `address`, `city`, `country`, `phone`, `gid`, `mobile`, `nationalnumber`, `department`, `division`, `with_honor`) VALUES (167273, 2015, '1', '', '', '', '', '3818853', '4', '01225481273', '', 'الكيمياء الحيوية', 'العلوم البيولوجية', '');
INSERT INTO `lk9v6_users` (`name`, `email`, `usertype`) VALUES ('ايمن محمد نجيب محمد احمد', 'ayman13s06104@alexu.edu.eg', 'الخريجين');
INSERT INTO `lk9v6_alumni_main` (`id`, `user_id`, `approved`) VALUES (167274, 167274, 1);
INSERT INTO `lk9v6_alumni_data` (`alumni_id`, `graduation_year`, `fid`, `job`, `address`, `city`, `country`, `phone`, `gid`, `mobile`, `nationalnumber`, `department`, `division`, `with_honor`) VALUES (167274, 2015, '1', '', '', '', '', '035273138', '4', '01145606397', '', 'الفيزياء', 'العلوم الطبيعية', '');
INSERT INTO `lk9v6_users` (`name`, `email`, `usertype`) VALUES ('فاطمه عبداللاه احمد محمد السايح', 'fatma13s05619@alexu.edu.eg', 'الخريجين');
INSERT INTO `lk9v6_alumni_main` (`id`, `user_id`, `approved`) VALUES (167275, 167275, 1);
INSERT INTO `lk9v6_alumni_data` (`alumni_id`, `graduation_year`, `fid`, `job`, `address`, `city`, `country`, `phone`, `gid`, `mobile`, `nationalnumber`, `department`, `division`, `with_honor`) VALUES (167275, 2015, '1', '', '', '', '', '9580095', '4', '01006159268', '', 'علوم البيئة', 'العلوم البيولوجية', '');
INSERT INTO `lk9v6_users` (`name`, `email`, `usertype`) VALUES ('اسماء عبدالله السيد محمد', 'asmaa13s05023@alexu.edu.eg', 'الخريجين');
INSERT INTO `lk9v6_alumni_main` (`id`, `user_id`, `approved`) VALUES (167276, 167276, 1);
INSERT INTO `lk9v6_alumni_data` (`alumni_id`, `graduation_year`, `fid`, `job`, `address`, `city`, `country`, `phone`, `gid`, `mobile`, `nationalnumber`, `department`, `division`, `with_honor`) VALUES (167276, 2015, '1', '', '', '', '', '01284897904', '4', '01284413038', '', 'الكيمياء الحيوية', 'العلوم البيولوجية', '');
INSERT INTO `lk9v6_users` (`name`, `email`, `usertype`) VALUES ('رانا اشرف محمد احمد نبيه الجندى', 'rana13s05512@alexu.edu.eg', 'الخريجين');
INSERT INTO `lk9v6_alumni_main` (`id`, `user_id`, `approved`) VALUES (167277, 167277, 1);
INSERT INTO `lk9v6_alumni_data` (`alumni_id`, `graduation_year`, `fid`, `job`, `address`, `city`, `country`, `phone`, `gid`, `mobile`, `nationalnumber`, `department`, `division`, `with_honor`) VALUES (167277, 2015, '1', '', '', '', '', '034357865', '4', '01221892226', '', 'الميكروبيولوجى', 'العلوم البيولوجية', '');
INSERT INTO `lk9v6_users` (`name`, `email`, `usertype`) VALUES ('سامر احمد عبد العال السيد', 'samer13s06546@alexu.edu.eg', 'الخريجين');
INSERT INTO `lk9v6_alumni_main` (`id`, `user_id`, `approved`) VALUES (167278, 167278, 1);
INSERT INTO `lk9v6_alumni_data` (`alumni_id`, `graduation_year`, `fid`, `job`, `address`, `city`, `country`, `phone`, `gid`, `mobile`, `nationalnumber`, `department`, `division`, `with_honor`) VALUES (167278, 2015, '1', '', '', '', '', '035340517', '4', '01278513218', '', 'علوم البيئة', 'العلوم البيولوجية', '');
INSERT INTO `lk9v6_users` (`name`, `email`, `usertype`) VALUES ('اسماء محمد محمد حسين موسى', 'asmaa13s04435@alexu.edu.eg', 'الخريجين');
INSERT INTO `lk9v6_alumni_main` (`id`, `user_id`, `approved`) VALUES (167279, 167279, 1);
INSERT INTO `lk9v6_alumni_data` (`alumni_id`, `graduation_year`, `fid`, `job`, `address`, `city`, `country`, `phone`, `gid`, `mobile`, `nationalnumber`, `department`, `division`, `with_honor`) VALUES (167279, 2015, '1', '', '', '', '', '033807732', '4', '01202885513', '', 'الفيزياء', 'العلوم الطبيعية', '');
INSERT INTO `lk9v6_users` (`name`, `email`, `usertype`) VALUES ('منه الله خالد عبده ثابت', 'menna13s05501@alexu.edu.eg', 'الخريجين');
INSERT INTO `lk9v6_alumni_main` (`id`, `user_id`, `approved`) VALUES (167280, 167280, 1);
INSERT INTO `lk9v6_alumni_data` (`alumni_id`, `graduation_year`, `fid`, `job`, `address`, `city`, `country`, `phone`, `gid`, `mobile`, `nationalnumber`, `department`, `division`, `with_honor`) VALUES (167280, 2015, '1', '', '', '', '', '034701503', '4', '0183381822', '', 'الكيمياء الحيوية', 'العلوم البيولوجية', '');
INSERT INTO `lk9v6_users` (`name`, `email`, `usertype`) VALUES ('الاء خليل غريب خليل السعدنى', 'alaa13s04577@alexu.edu.eg', 'الخريجين');
INSERT INTO `lk9v6_alumni_main` (`id`, `user_id`, `approved`) VALUES (167281, 167281, 1);
INSERT INTO `lk9v6_alumni_data` (`alumni_id`, `graduation_year`, `fid`, `job`, `address`, `city`, `country`, `phone`, `gid`, `mobile`, `nationalnumber`, `department`, `division`, `with_honor`) VALUES (167281, 2015, '1', '', '', '', '', '5736087', '4', '01277988282', '', 'الفيزياء', 'العلوم الطبيعية', '');
INSERT INTO `lk9v6_users` (`name`, `email`, `usertype`) VALUES ('مروه صبرى على على العشماوى', 'marwa13s05842@alexu.edu.eg', 'الخريجين');
INSERT INTO `lk9v6_alumni_main` (`id`, `user_id`, `approved`) VALUES (167282, 167282, 1);
INSERT INTO `lk9v6_alumni_data` (`alumni_id`, `graduation_year`, `fid`, `job`, `address`, `city`, `country`, `phone`, `gid`, `mobile`, `nationalnumber`, `department`, `division`, `with_honor`) VALUES (167282, 2015, '1', '', '', '', '', '035285693', '4', '01120729871', '', 'علوم البيئة', 'العلوم البيولوجية', '');
INSERT INTO `lk9v6_users` (`name`, `email`, `usertype`) VALUES ('مريم حسنى محمد صالح السبكى', 'mariem13s05755@alexu.edu.eg', 'الخريجين');
INSERT INTO `lk9v6_alumni_main` (`id`, `user_id`, `approved`) VALUES (167283, 167283, 1);
INSERT INTO `lk9v6_alumni_data` (`alumni_id`, `graduation_year`, `fid`, `job`, `address`, `city`, `country`, `phone`, `gid`, `mobile`, `nationalnumber`, `department`, `division`, `with_honor`) VALUES (167283, 2015, '1', '', '', '', '', '5539534', '4', '0192214828', '', 'الميكروبيولوجى', 'العلوم البيولوجية', '');
INSERT INTO `lk9v6_users` (`name`, `email`, `usertype`) VALUES ('احمد محمد احمد على يوسف', 'ahmed13s06252@alexu.edu.eg', 'الخريجين');
INSERT INTO `lk9v6_alumni_main` (`id`, `user_id`, `approved`) VALUES (167284, 167284, 1);
INSERT INTO `lk9v6_alumni_data` (`alumni_id`, `graduation_year`, `fid`, `job`, `address`, `city`, `country`, `phone`, `gid`, `mobile`, `nationalnumber`, `department`, `division`, `with_honor`) VALUES (167284, 2015, '1', '', '', '', '', '01227034119', '4', '01276361467', '', 'الجيولوجيا', 'العلوم الجيولوجية', '');
INSERT INTO `lk9v6_users` (`name`, `email`, `usertype`) VALUES ('احمد محمد كامل سليمان', 'ahmed13s06335@alexu.edu.eg', 'الخريجين');
INSERT INTO `lk9v6_alumni_main` (`id`, `user_id`, `approved`) VALUES (167285, 167285, 1);
INSERT INTO `lk9v6_alumni_data` (`alumni_id`, `graduation_year`, `fid`, `job`, `address`, `city`, `country`, `phone`, `gid`, `mobile`, `nationalnumber`, `department`, `division`, `with_honor`) VALUES (167285, 2015, '1', '', '', '', '', '033614144', '4', '01006324071', '', 'علوم البيئة', 'العلوم البيولوجية', '');
INSERT INTO `lk9v6_users` (`name`, `email`, `usertype`) VALUES ('شيماء السيد محمد محمد ابو نوارج', 'shaimaa13s06365@alexu.edu.eg', 'الخريجين');
INSERT INTO `lk9v6_alumni_main` (`id`, `user_id`, `approved`) VALUES (167286, 167286, 1);
INSERT INTO `lk9v6_alumni_data` (`alumni_id`, `graduation_year`, `fid`, `job`, `address`, `city`, `country`, `phone`, `gid`, `mobile`, `nationalnumber`, `department`, `division`, `with_honor`) VALUES (167286, 2015, '1', '', '', '', '', '5056831', '4', '0171068575', '', 'الفيزياء', 'العلوم الطبيعية', '');
INSERT INTO `lk9v6_users` (`name`, `email`, `usertype`) VALUES ('نجوى محمد على محمد رجب', 'nagwa13s05555@alexu.edu.eg', 'الخريجين');
INSERT INTO `lk9v6_alumni_main` (`id`, `user_id`, `approved`) VALUES (167287, 167287, 1);
INSERT INTO `lk9v6_alumni_data` (`alumni_id`, `graduation_year`, `fid`, `job`, `address`, `city`, `country`, `phone`, `gid`, `mobile`, `nationalnumber`, `department`, `division`, `with_honor`) VALUES (167287, 2015, '1', '', '', '', '', '035373956', '4', '01226714459', '', 'علوم البيئة', 'العلوم البيولوجية', '');
INSERT INTO `lk9v6_users` (`name`, `email`, `usertype`) VALUES ('ندى احمد رأفت عبدالعال بسيونى', 'nada13s05798@alexu.edu.eg', 'الخريجين');
INSERT INTO `lk9v6_alumni_main` (`id`, `user_id`, `approved`) VALUES (167288, 167288, 1);
INSERT INTO `lk9v6_alumni_data` (`alumni_id`, `graduation_year`, `fid`, `job`, `address`, `city`, `country`, `phone`, `gid`, `mobile`, `nationalnumber`, `department`, `division`, `with_honor`) VALUES (167288, 2015, '1', '', '', '', '', '5260307', '4', '01225434821', '', 'علوم البيئة', 'العلوم البيولوجية', '');
INSERT INTO `lk9v6_users` (`name`, `email`, `usertype`) VALUES ('خلود محمد عبدالعزيز محمد طلبه', 'khloud13s05204@alexu.edu.eg', 'الخريجين');
INSERT INTO `lk9v6_alumni_main` (`id`, `user_id`, `approved`) VALUES (167289, 167289, 1);
INSERT INTO `lk9v6_alumni_data` (`alumni_id`, `graduation_year`, `fid`, `job`, `address`, `city`, `country`, `phone`, `gid`, `mobile`, `nationalnumber`, `department`, `division`, `with_honor`) VALUES (167289, 2015, '1', '', '', '', '', '5379361', '4', '01285717208', '', 'علوم البيئة', 'العلوم البيولوجية', '');
INSERT INTO `lk9v6_users` (`name`, `email`, `usertype`) VALUES ('محمد عماد مغاورى السيد', 'mohamed13s04514@alexu.edu.eg', 'الخريجين');
INSERT INTO `lk9v6_alumni_main` (`id`, `user_id`, `approved`) VALUES (167290, 167290, 1);
INSERT INTO `lk9v6_alumni_data` (`alumni_id`, `graduation_year`, `fid`, `job`, `address`, `city`, `country`, `phone`, `gid`, `mobile`, `nationalnumber`, `department`, `division`, `with_honor`) VALUES (167290, 2015, '1', '', '', '', '', '034701203', '4', '01090592736', '', 'الفيزياء', 'العلوم الطبيعية', '');
INSERT INTO `lk9v6_users` (`name`, `email`, `usertype`) VALUES ('اسراء حكيم توفيق خميس عيد', 'esraa13s05157@alexu.edu.eg', 'الخريجين');
INSERT INTO `lk9v6_alumni_main` (`id`, `user_id`, `approved`) VALUES (167291, 167291, 1);
INSERT INTO `lk9v6_alumni_data` (`alumni_id`, `graduation_year`, `fid`, `job`, `address`, `city`, `country`, `phone`, `gid`, `mobile`, `nationalnumber`, `department`, `division`, `with_honor`) VALUES (167291, 2015, '1', '', '', '', '', '4400040', '4', '01289627381', '', 'الميكروبيولوجى', 'العلوم البيولوجية', '');
INSERT INTO `lk9v6_users` (`name`, `email`, `usertype`) VALUES ('نورهان ابراهيم ابراهيم ابو ديبه', 'nourhan13s05445@alexu.edu.eg', 'الخريجين');
INSERT INTO `lk9v6_alumni_main` (`id`, `user_id`, `approved`) VALUES (167292, 167292, 1);
INSERT INTO `lk9v6_alumni_data` (`alumni_id`, `graduation_year`, `fid`, `job`, `address`, `city`, `country`, `phone`, `gid`, `mobile`, `nationalnumber`, `department`, `division`, `with_honor`) VALUES (167292, 2015, '1', '', '', '', '', '035225553', '4', '01061025239', '', 'الكيمياء الحيوية', 'العلوم البيولوجية', '');
INSERT INTO `lk9v6_users` (`name`, `email`, `usertype`) VALUES ('عبير علاء الدين السيد على بخيت', 'abeer13s05222@alexu.edu.eg', 'الخريجين');
INSERT INTO `lk9v6_alumni_main` (`id`, `user_id`, `approved`) VALUES (167293, 167293, 1);
INSERT INTO `lk9v6_alumni_data` (`alumni_id`, `graduation_year`, `fid`, `job`, `address`, `city`, `country`, `phone`, `gid`, `mobile`, `nationalnumber`, `department`, `division`, `with_honor`) VALUES (167293, 2015, '1', '', '', '', '', '034484458', '4', '01144871031', '', 'الكيمياء الحيوية', 'العلوم البيولوجية', '');
INSERT INTO `lk9v6_users` (`name`, `email`, `usertype`) VALUES ('ناديه مصطفى البكرى عبدالصادق', 'nadia13s05545@alexu.edu.eg', 'الخريجين');
INSERT INTO `lk9v6_alumni_main` (`id`, `user_id`, `approved`) VALUES (167294, 167294, 1);
INSERT INTO `lk9v6_alumni_data` (`alumni_id`, `graduation_year`, `fid`, `job`, `address`, `city`, `country`, `phone`, `gid`, `mobile`, `nationalnumber`, `department`, `division`, `with_honor`) VALUES (167294, 2015, '1', '', '', '', '', '033803281', '4', '01118292226', '', 'الكيمياء الحيوية', 'العلوم البيولوجية', '');
INSERT INTO `lk9v6_users` (`name`, `email`, `usertype`) VALUES ('احمد فرج مصطفى ابراهيم', 'ahmed13s06333@alexu.edu.eg', 'الخريجين');
INSERT INTO `lk9v6_alumni_main` (`id`, `user_id`, `approved`) VALUES (167295, 167295, 1);
INSERT INTO `lk9v6_alumni_data` (`alumni_id`, `graduation_year`, `fid`, `job`, `address`, `city`, `country`, `phone`, `gid`, `mobile`, `nationalnumber`, `department`, `division`, `with_honor`) VALUES (167295, 2015, '1', '', '', '', '', '033915733', '4', '01277240065', '', 'الكيمياء الحيوية', 'العلوم البيولوجية', '');
INSERT INTO `lk9v6_users` (`name`, `email`, `usertype`) VALUES ('محمد خالد محمد محمد مرسى', 'mohamed13s04707@alexu.edu.eg', 'الخريجين');
INSERT INTO `lk9v6_alumni_main` (`id`, `user_id`, `approved`) VALUES (167296, 167296, 1);
INSERT INTO `lk9v6_alumni_data` (`alumni_id`, `graduation_year`, `fid`, `job`, `address`, `city`, `country`, `phone`, `gid`, `mobile`, `nationalnumber`, `department`, `division`, `with_honor`) VALUES (167296, 2015, '1', '', '', '', '', '033326618', '4', '01112441816', '', 'الفيزياء', 'العلوم الطبيعية', '');
INSERT INTO `lk9v6_users` (`name`, `email`, `usertype`) VALUES ('هدير جمال محمود على مرسى', 'hadeer13s05054@alexu.edu.eg', 'الخريجين');
INSERT INTO `lk9v6_alumni_main` (`id`, `user_id`, `approved`) VALUES (167297, 167297, 1);
INSERT INTO `lk9v6_alumni_data` (`alumni_id`, `graduation_year`, `fid`, `job`, `address`, `city`, `country`, `phone`, `gid`, `mobile`, `nationalnumber`, `department`, `division`, `with_honor`) VALUES (167297, 2015, '1', '', '', '', '', '5233873', '4', '0186470041', '', 'الكيمياء الحيوية', 'العلوم البيولوجية', '');
INSERT INTO `lk9v6_users` (`name`, `email`, `usertype`) VALUES ('الشيماء احمد محمود رضوان', 'alshaima13s05703@alexu.edu.eg', 'الخريجين');
INSERT INTO `lk9v6_alumni_main` (`id`, `user_id`, `approved`) VALUES (167298, 167298, 1);
INSERT INTO `lk9v6_alumni_data` (`alumni_id`, `graduation_year`, `fid`, `job`, `address`, `city`, `country`, `phone`, `gid`, `mobile`, `nationalnumber`, `department`, `division`, `with_honor`) VALUES (167298, 2015, '1', '', '', '', '', '035233478', '4', '0195911651', '', 'الكيمياء الحيوية', 'العلوم البيولوجية', '');
INSERT INTO `lk9v6_users` (`name`, `email`, `usertype`) VALUES ('محمود رمضان محمود ابراهيم محمد', 'mahmoud13s04526@alexu.edu.eg', 'الخريجين');
INSERT INTO `lk9v6_alumni_main` (`id`, `user_id`, `approved`) VALUES (167299, 167299, 1);
INSERT INTO `lk9v6_alumni_data` (`alumni_id`, `graduation_year`, `fid`, `job`, `address`, `city`, `country`, `phone`, `gid`, `mobile`, `nationalnumber`, `department`, `division`, `with_honor`) VALUES (167299, 2015, '1', '', '', '', '', '035369568', '4', '01287574856', '', 'الفيزياء', 'العلوم الطبيعية', '');
INSERT INTO `lk9v6_users` (`name`, `email`, `usertype`) VALUES ('نور وجيه فتحى البنهاوى', 'nour13s06424@alexu.edu.eg', 'الخريجين');
INSERT INTO `lk9v6_alumni_main` (`id`, `user_id`, `approved`) VALUES (167300, 167300, 1);
INSERT INTO `lk9v6_alumni_data` (`alumni_id`, `graduation_year`, `fid`, `job`, `address`, `city`, `country`, `phone`, `gid`, `mobile`, `nationalnumber`, `department`, `division`, `with_honor`) VALUES (167300, 2015, '1', '', '', '', '', '034210662', '4', '01004608209', '', 'علوم البيئة', 'العلوم البيولوجية', '');
INSERT INTO `lk9v6_users` (`name`, `email`, `usertype`) VALUES ('دعاء محمد احمد على خليل', 'doaa13s04925@alexu.edu.eg', 'الخريجين');
INSERT INTO `lk9v6_alumni_main` (`id`, `user_id`, `approved`) VALUES (167301, 167301, 1);
INSERT INTO `lk9v6_alumni_data` (`alumni_id`, `graduation_year`, `fid`, `job`, `address`, `city`, `country`, `phone`, `gid`, `mobile`, `nationalnumber`, `department`, `division`, `with_honor`) VALUES (167301, 2015, '1', '', '', '', '', '5361733', '4', '01224658937', '', 'علوم البيئة', 'العلوم البيولوجية', '');
INSERT INTO `lk9v6_users` (`name`, `email`, `usertype`) VALUES ('زينب جابر مصطفى اسماعيل الشامى', 'zeynep13s04277@alexu.edu.eg', 'الخريجين');
INSERT INTO `lk9v6_alumni_main` (`id`, `user_id`, `approved`) VALUES (167302, 167302, 1);
INSERT INTO `lk9v6_alumni_data` (`alumni_id`, `graduation_year`, `fid`, `job`, `address`, `city`, `country`, `phone`, `gid`, `mobile`, `nationalnumber`, `department`, `division`, `with_honor`) VALUES (167302, 2015, '1', '', '', '', '', '4852034', '4', '01229771903', '', 'الفيزياء', 'العلوم الطبيعية', '');
INSERT INTO `lk9v6_users` (`name`, `email`, `usertype`) VALUES ('كريمه سعد سعيد على', 'karima13s05283@alexu.edu.eg', 'الخريجين');
INSERT INTO `lk9v6_alumni_main` (`id`, `user_id`, `approved`) VALUES (167303, 167303, 1);
INSERT INTO `lk9v6_alumni_data` (`alumni_id`, `graduation_year`, `fid`, `job`, `address`, `city`, `country`, `phone`, `gid`, `mobile`, `nationalnumber`, `department`, `division`, `with_honor`) VALUES (167303, 2015, '1', '', '', '', '', '035058830', '4', '01061498817', '', 'علوم البيئة', 'العلوم البيولوجية', '');
INSERT INTO `lk9v6_users` (`name`, `email`, `usertype`) VALUES ('احمد محمد احمد طه الشيشينى', 'ahmed13s04508@alexu.edu.eg', 'الخريجين');
INSERT INTO `lk9v6_alumni_main` (`id`, `user_id`, `approved`) VALUES (167304, 167304, 1);
INSERT INTO `lk9v6_alumni_data` (`alumni_id`, `graduation_year`, `fid`, `job`, `address`, `city`, `country`, `phone`, `gid`, `mobile`, `nationalnumber`, `department`, `division`, `with_honor`) VALUES (167304, 2015, '1', '', '', '', '', '033627913', '4', '0189706754', '', 'الفيزياء', 'العلوم الطبيعية', '');
INSERT INTO `lk9v6_users` (`name`, `email`, `usertype`) VALUES ('هبه فرج محمد محمود الصايم', 'heba13s05214@alexu.edu.eg', 'الخريجين');
INSERT INTO `lk9v6_alumni_main` (`id`, `user_id`, `approved`) VALUES (167305, 167305, 1);
INSERT INTO `lk9v6_alumni_data` (`alumni_id`, `graduation_year`, `fid`, `job`, `address`, `city`, `country`, `phone`, `gid`, `mobile`, `nationalnumber`, `department`, `division`, `with_honor`) VALUES (167305, 2015, '1', '', '', '', '', '0453011437', '4', '01019660733', '', 'الكيمياء الحيوية', 'العلوم البيولوجية', '');
INSERT INTO `lk9v6_users` (`name`, `email`, `usertype`) VALUES ('نسمه هشام محمد عبده حسين', 'nesma13s04422@alexu.edu.eg', 'الخريجين');
INSERT INTO `lk9v6_alumni_main` (`id`, `user_id`, `approved`) VALUES (167306, 167306, 1);
INSERT INTO `lk9v6_alumni_data` (`alumni_id`, `graduation_year`, `fid`, `job`, `address`, `city`, `country`, `phone`, `gid`, `mobile`, `nationalnumber`, `department`, `division`, `with_honor`) VALUES (167306, 2015, '1', '', '', '', '', '5221485', '4', '01223529759', '', 'الفيزياء', 'العلوم الطبيعية', '');
INSERT INTO `lk9v6_users` (`name`, `email`, `usertype`) VALUES ('هاجر رضا رمزى عليوه', 'hager13s04806@alexu.edu.eg', 'الخريجين');
INSERT INTO `lk9v6_alumni_main` (`id`, `user_id`, `approved`) VALUES (167307, 167307, 1);
INSERT INTO `lk9v6_alumni_data` (`alumni_id`, `graduation_year`, `fid`, `job`, `address`, `city`, `country`, `phone`, `gid`, `mobile`, `nationalnumber`, `department`, `division`, `with_honor`) VALUES (167307, 2015, '1', '', '', '', '', '01221310522', '4', '01289531882', '', 'الفيزياء', 'العلوم الطبيعية', '');
INSERT INTO `lk9v6_users` (`name`, `email`, `usertype`) VALUES ('محمد ممدوح بدر محمد رشدى', 'mohamed13s04600@alexu.edu.eg', 'الخريجين');
INSERT INTO `lk9v6_alumni_main` (`id`, `user_id`, `approved`) VALUES (167308, 167308, 1);
INSERT INTO `lk9v6_alumni_data` (`alumni_id`, `graduation_year`, `fid`, `job`, `address`, `city`, `country`, `phone`, `gid`, `mobile`, `nationalnumber`, `department`, `division`, `with_honor`) VALUES (167308, 2015, '1', '', '', '', '', '035775483', '4', '0182207288', '', 'الفيزياء', 'العلوم الطبيعية', '');
INSERT INTO `lk9v6_users` (`name`, `email`, `usertype`) VALUES ('عبدالرحمن جمال على محمد المغنى', 'abdelrahman13s04778@alexu.edu.eg', 'الخريجين');
INSERT INTO `lk9v6_alumni_main` (`id`, `user_id`, `approved`) VALUES (167309, 167309, 1);
INSERT INTO `lk9v6_alumni_data` (`alumni_id`, `graduation_year`, `fid`, `job`, `address`, `city`, `country`, `phone`, `gid`, `mobile`, `nationalnumber`, `department`, `division`, `with_honor`) VALUES (167309, 2015, '1', '', '', '', '', '035876823', '4', '01111928904', '', 'الفيزياء', 'العلوم الطبيعية', '');
INSERT INTO `lk9v6_users` (`name`, `email`, `usertype`) VALUES ('هبه احمد محمد على بخيت', 'heba13s04476@alexu.edu.eg', 'الخريجين');
INSERT INTO `lk9v6_alumni_main` (`id`, `user_id`, `approved`) VALUES (167310, 167310, 1);
INSERT INTO `lk9v6_alumni_data` (`alumni_id`, `graduation_year`, `fid`, `job`, `address`, `city`, `country`, `phone`, `gid`, `mobile`, `nationalnumber`, `department`, `division`, `with_honor`) VALUES (167310, 2015, '1', '', '', '', '', '0190835674', '4', '0190835674', '', 'الفيزياء', 'العلوم الطبيعية', '');
INSERT INTO `lk9v6_users` (`name`, `email`, `usertype`) VALUES ('اميره محمد جابر ادريس عبد اللاه', 'amira13s05693@alexu.edu.eg', 'الخريجين');
INSERT INTO `lk9v6_alumni_main` (`id`, `user_id`, `approved`) VALUES (167311, 167311, 1);
INSERT INTO `lk9v6_alumni_data` (`alumni_id`, `graduation_year`, `fid`, `job`, `address`, `city`, `country`, `phone`, `gid`, `mobile`, `nationalnumber`, `department`, `division`, `with_honor`) VALUES (167311, 2015, '1', '', '', '', '', '5067196', '4', '01114285459', '', 'الكيمياء الحيوية', 'العلوم البيولوجية', '');
INSERT INTO `lk9v6_users` (`name`, `email`, `usertype`) VALUES ('منى عبدالرحمن عبدالمقصود عبدالرحمن', 'mona13s04513@alexu.edu.eg', 'الخريجين');
INSERT INTO `lk9v6_alumni_main` (`id`, `user_id`, `approved`) VALUES (167312, 167312, 1);
INSERT INTO `lk9v6_alumni_data` (`alumni_id`, `graduation_year`, `fid`, `job`, `address`, `city`, `country`, `phone`, `gid`, `mobile`, `nationalnumber`, `department`, `division`, `with_honor`) VALUES (167312, 2015, '1', '', '', '', '', '035003752', '4', '0187667052', '', 'الفيزياء', 'العلوم الطبيعية', '');
INSERT INTO `lk9v6_users` (`name`, `email`, `usertype`) VALUES ('اميره جرجس سامى سليم', 'amira13s05552@alexu.edu.eg', 'الخريجين');
INSERT INTO `lk9v6_alumni_main` (`id`, `user_id`, `approved`) VALUES (167313, 167313, 1);
INSERT INTO `lk9v6_alumni_data` (`alumni_id`, `graduation_year`, `fid`, `job`, `address`, `city`, `country`, `phone`, `gid`, `mobile`, `nationalnumber`, `department`, `division`, `with_honor`) VALUES (167313, 2015, '1', '', '', '', '', '0453602102', '4', '0183982138', '', 'الميكروبيولوجى', 'العلوم البيولوجية', '');
INSERT INTO `lk9v6_users` (`name`, `email`, `usertype`) VALUES ('ايه على السيد على حسين', 'aya13s05813@alexu.edu.eg', 'الخريجين');
INSERT INTO `lk9v6_alumni_main` (`id`, `user_id`, `approved`) VALUES (167314, 167314, 1);
INSERT INTO `lk9v6_alumni_data` (`alumni_id`, `graduation_year`, `fid`, `job`, `address`, `city`, `country`, `phone`, `gid`, `mobile`, `nationalnumber`, `department`, `division`, `with_honor`) VALUES (167314, 2015, '1', '', '', '', '', '034958024', '4', '01222436397', '', 'علوم البيئة', 'العلوم البيولوجية', '');
INSERT INTO `lk9v6_users` (`name`, `email`, `usertype`) VALUES ('منى محمد عبدالحميد احمد حميده', 'mona13s05113@alexu.edu.eg', 'الخريجين');
INSERT INTO `lk9v6_alumni_main` (`id`, `user_id`, `approved`) VALUES (167315, 167315, 1);
INSERT INTO `lk9v6_alumni_data` (`alumni_id`, `graduation_year`, `fid`, `job`, `address`, `city`, `country`, `phone`, `gid`, `mobile`, `nationalnumber`, `department`, `division`, `with_honor`) VALUES (167315, 2015, '1', '', '', '', '', '0452228071', '4', '01060656264', '', 'علوم البيئة', 'العلوم البيولوجية', '');
INSERT INTO `lk9v6_users` (`name`, `email`, `usertype`) VALUES ('محمد على انور على محمد', 'mohamed13s04628@alexu.edu.eg', 'الخريجين');
INSERT INTO `lk9v6_alumni_main` (`id`, `user_id`, `approved`) VALUES (167316, 167316, 1);
INSERT INTO `lk9v6_alumni_data` (`alumni_id`, `graduation_year`, `fid`, `job`, `address`, `city`, `country`, `phone`, `gid`, `mobile`, `nationalnumber`, `department`, `division`, `with_honor`) VALUES (167316, 2015, '1', '', '', '', '', '034451235', '4', '01284374566', '', 'الفيزياء', 'العلوم الطبيعية', '');
INSERT INTO `lk9v6_users` (`name`, `email`, `usertype`) VALUES ('احمد محمد عبد الحميد محمد', 'ahmed13s06576@alexu.edu.eg', 'الخريجين');
INSERT INTO `lk9v6_alumni_main` (`id`, `user_id`, `approved`) VALUES (167317, 167317, 1);
INSERT INTO `lk9v6_alumni_data` (`alumni_id`, `graduation_year`, `fid`, `job`, `address`, `city`, `country`, `phone`, `gid`, `mobile`, `nationalnumber`, `department`, `division`, `with_honor`) VALUES (167317, 2015, '1', '', '', '', '', '035458693', '4', '01067207759', '', 'الفيزياء', 'العلوم الطبيعية', '');
INSERT INTO `lk9v6_users` (`name`, `email`, `usertype`) VALUES ('ميار فرج السيد عيد حليمه', 'mayar13s06155@alexu.edu.eg', 'الخريجين');
INSERT INTO `lk9v6_alumni_main` (`id`, `user_id`, `approved`) VALUES (167318, 167318, 1);
INSERT INTO `lk9v6_alumni_data` (`alumni_id`, `graduation_year`, `fid`, `job`, `address`, `city`, `country`, `phone`, `gid`, `mobile`, `nationalnumber`, `department`, `division`, `with_honor`) VALUES (167318, 2015, '1', '', '', '', '', '033306678', '4', '01067203856', '', 'علوم البيئة', 'العلوم البيولوجية', '');
INSERT INTO `lk9v6_users` (`name`, `email`, `usertype`) VALUES ('ياسمين مصطفى غريب خليل السعدنى', 'yasmin13s05470@alexu.edu.eg', 'الخريجين');
INSERT INTO `lk9v6_alumni_main` (`id`, `user_id`, `approved`) VALUES (167319, 167319, 1);
INSERT INTO `lk9v6_alumni_data` (`alumni_id`, `graduation_year`, `fid`, `job`, `address`, `city`, `country`, `phone`, `gid`, `mobile`, `nationalnumber`, `department`, `division`, `with_honor`) VALUES (167319, 2015, '1', '', '', '', '', '5779147', '4', '01277430181', '', 'الكيمياء الحيوية', 'العلوم البيولوجية', '');
INSERT INTO `lk9v6_users` (`name`, `email`, `usertype`) VALUES ('هاله محمد عبد الله توفيق كرشه', 'hala13s04296@alexu.edu.eg', 'الخريجين');
INSERT INTO `lk9v6_alumni_main` (`id`, `user_id`, `approved`) VALUES (167320, 167320, 1);
INSERT INTO `lk9v6_alumni_data` (`alumni_id`, `graduation_year`, `fid`, `job`, `address`, `city`, `country`, `phone`, `gid`, `mobile`, `nationalnumber`, `department`, `division`, `with_honor`) VALUES (167320, 2015, '1', '', '', '', '', '035343641', '4', '01096034495', '', 'الفيزياء', 'العلوم الطبيعية', '');
INSERT INTO `lk9v6_users` (`name`, `email`, `usertype`) VALUES ('ايمان شاكر محمود عبدالحليم عوض ندا', 'eman13s05543@alexu.edu.eg', 'الخريجين');
INSERT INTO `lk9v6_alumni_main` (`id`, `user_id`, `approved`) VALUES (167321, 167321, 1);
INSERT INTO `lk9v6_alumni_data` (`alumni_id`, `graduation_year`, `fid`, `job`, `address`, `city`, `country`, `phone`, `gid`, `mobile`, `nationalnumber`, `department`, `division`, `with_honor`) VALUES (167321, 2015, '1', '', '', '', '', '0453641111', '4', '01143754101', '', 'الميكروبيولوجى', 'العلوم البيولوجية', '');
INSERT INTO `lk9v6_users` (`name`, `email`, `usertype`) VALUES ('نور الهدى محمد خفاجة محمد عامر', 'nour13s05179@alexu.edu.eg', 'الخريجين');
INSERT INTO `lk9v6_alumni_main` (`id`, `user_id`, `approved`) VALUES (167322, 167322, 1);
INSERT INTO `lk9v6_alumni_data` (`alumni_id`, `graduation_year`, `fid`, `job`, `address`, `city`, `country`, `phone`, `gid`, `mobile`, `nationalnumber`, `department`, `division`, `with_honor`) VALUES (167322, 2015, '1', '', '', '', '', '0472718318', '4', '01026278288', '', 'علوم البيئة', 'العلوم البيولوجية', '');
INSERT INTO `lk9v6_users` (`name`, `email`, `usertype`) VALUES ('خلود بكر عاطف عاطف ابوالعيد', 'khloud13s05379@alexu.edu.eg', 'الخريجين');
INSERT INTO `lk9v6_alumni_main` (`id`, `user_id`, `approved`) VALUES (167323, 167323, 1);
INSERT INTO `lk9v6_alumni_data` (`alumni_id`, `graduation_year`, `fid`, `job`, `address`, `city`, `country`, `phone`, `gid`, `mobile`, `nationalnumber`, `department`, `division`, `with_honor`) VALUES (167323, 2015, '1', '', '', '', '', '0472712327', '4', '01007257036', '', 'الكيمياء الحيوية', 'العلوم البيولوجية', '');
INSERT INTO `lk9v6_users` (`name`, `email`, `usertype`) VALUES ('مها كرم محمد الجوهرى', 'maha13s05105@alexu.edu.eg', 'الخريجين');
INSERT INTO `lk9v6_alumni_main` (`id`, `user_id`, `approved`) VALUES (167324, 167324, 1);
INSERT INTO `lk9v6_alumni_data` (`alumni_id`, `graduation_year`, `fid`, `job`, `address`, `city`, `country`, `phone`, `gid`, `mobile`, `nationalnumber`, `department`, `division`, `with_honor`) VALUES (167324, 2015, '1', '', '', '', '', '035909872', '4', '01067692672', '', 'علوم البيئة', 'العلوم البيولوجية', '');
INSERT INTO `lk9v6_users` (`name`, `email`, `usertype`) VALUES ('هدير حمدى السيد امين', 'hadeer13s05562@alexu.edu.eg', 'الخريجين');
INSERT INTO `lk9v6_alumni_main` (`id`, `user_id`, `approved`) VALUES (167325, 167325, 1);
INSERT INTO `lk9v6_alumni_data` (`alumni_id`, `graduation_year`, `fid`, `job`, `address`, `city`, `country`, `phone`, `gid`, `mobile`, `nationalnumber`, `department`, `division`, `with_honor`) VALUES (167325, 2015, '1', '', '', '', '', '033608987', '4', '01273359093', '', 'الميكروبيولوجى', 'العلوم البيولوجية', '');
INSERT INTO `lk9v6_users` (`name`, `email`, `usertype`) VALUES ('ناديه اسامه محمود فهمى موسى', 'nadia13s05260@alexu.edu.eg', 'الخريجين');
INSERT INTO `lk9v6_alumni_main` (`id`, `user_id`, `approved`) VALUES (167326, 167326, 1);
INSERT INTO `lk9v6_alumni_data` (`alumni_id`, `graduation_year`, `fid`, `job`, `address`, `city`, `country`, `phone`, `gid`, `mobile`, `nationalnumber`, `department`, `division`, `with_honor`) VALUES (167326, 2015, '1', '', '', '', '', '035432736', '4', '01227092831', '', 'علوم البيئة', 'العلوم البيولوجية', '');
INSERT INTO `lk9v6_users` (`name`, `email`, `usertype`) VALUES ('حماده اشرف عرفان سالم ابراهيم', 'hamada13s05070@alexu.edu.eg', 'الخريجين');
INSERT INTO `lk9v6_alumni_main` (`id`, `user_id`, `approved`) VALUES (167327, 167327, 1);
INSERT INTO `lk9v6_alumni_data` (`alumni_id`, `graduation_year`, `fid`, `job`, `address`, `city`, `country`, `phone`, `gid`, `mobile`, `nationalnumber`, `department`, `division`, `with_honor`) VALUES (167327, 2015, '1', '', '', '', '', '0452531837', '4', '01220053669', '', 'الكيمياء الحيوية', 'العلوم البيولوجية', '');
INSERT INTO `lk9v6_users` (`name`, `email`, `usertype`) VALUES ('ولاء على محمد عبد الماجد', 'walaa13s05377@alexu.edu.eg', 'الخريجين');
INSERT INTO `lk9v6_alumni_main` (`id`, `user_id`, `approved`) VALUES (167328, 167328, 1);
INSERT INTO `lk9v6_alumni_data` (`alumni_id`, `graduation_year`, `fid`, `job`, `address`, `city`, `country`, `phone`, `gid`, `mobile`, `nationalnumber`, `department`, `division`, `with_honor`) VALUES (167328, 2015, '1', '', '', '', '', '035922050', '4', '01223649665', '', 'علوم البيئة', 'العلوم البيولوجية', '');
INSERT INTO `lk9v6_users` (`name`, `email`, `usertype`) VALUES ('خالد احمد محمود شريف نصر', 'khaled13s04813@alexu.edu.eg', 'الخريجين');
INSERT INTO `lk9v6_alumni_main` (`id`, `user_id`, `approved`) VALUES (167329, 167329, 1);
INSERT INTO `lk9v6_alumni_data` (`alumni_id`, `graduation_year`, `fid`, `job`, `address`, `city`, `country`, `phone`, `gid`, `mobile`, `nationalnumber`, `department`, `division`, `with_honor`) VALUES (167329, 2015, '1', '', '', '', '', '3082000', '4', '01278951401', '', 'الفيزياء', 'العلوم الطبيعية', '');
INSERT INTO `lk9v6_users` (`name`, `email`, `usertype`) VALUES ('اسامه عبدالبر عبدالمنعم الصباغ', 'osama13s04412@alexu.edu.eg', 'الخريجين');
INSERT INTO `lk9v6_alumni_main` (`id`, `user_id`, `approved`) VALUES (167330, 167330, 1);
INSERT INTO `lk9v6_alumni_data` (`alumni_id`, `graduation_year`, `fid`, `job`, `address`, `city`, `country`, `phone`, `gid`, `mobile`, `nationalnumber`, `department`, `division`, `with_honor`) VALUES (167330, 2015, '1', '', '', '', '', '0453926850', '4', '01113583586', '', 'الفيزياء', 'العلوم الطبيعية', '');
INSERT INTO `lk9v6_users` (`name`, `email`, `usertype`) VALUES ('اسماء جمال حسن عبدالحافظ بيومى', 'asmaa13s05699@alexu.edu.eg', 'الخريجين');
INSERT INTO `lk9v6_alumni_main` (`id`, `user_id`, `approved`) VALUES (167331, 167331, 1);
INSERT INTO `lk9v6_alumni_data` (`alumni_id`, `graduation_year`, `fid`, `job`, `address`, `city`, `country`, `phone`, `gid`, `mobile`, `nationalnumber`, `department`, `division`, `with_honor`) VALUES (167331, 2015, '1', '', '', '', '', '035612433', '4', '01002321657', '', 'علوم البيئة', 'العلوم البيولوجية', '');
INSERT INTO `lk9v6_users` (`name`, `email`, `usertype`) VALUES ('اسماء السيد مصطفى السيد فرغلى', 'asmaa13s04862@alexu.edu.eg', 'الخريجين');
INSERT INTO `lk9v6_alumni_main` (`id`, `user_id`, `approved`) VALUES (167332, 167332, 1);
INSERT INTO `lk9v6_alumni_data` (`alumni_id`, `graduation_year`, `fid`, `job`, `address`, `city`, `country`, `phone`, `gid`, `mobile`, `nationalnumber`, `department`, `division`, `with_honor`) VALUES (167332, 2015, '1', '', '', '', '', '035485529', '4', '01201130538', '', 'علوم البيئة', 'العلوم البيولوجية', '');
INSERT INTO `lk9v6_users` (`name`, `email`, `usertype`) VALUES ('نورهان السيد محمد اسماعيل سيد احمد', 'nourhan13s05620@alexu.edu.eg', 'الخريجين');
INSERT INTO `lk9v6_alumni_main` (`id`, `user_id`, `approved`) VALUES (167333, 167333, 1);
INSERT INTO `lk9v6_alumni_data` (`alumni_id`, `graduation_year`, `fid`, `job`, `address`, `city`, `country`, `phone`, `gid`, `mobile`, `nationalnumber`, `department`, `division`, `with_honor`) VALUES (167333, 2015, '1', '', '', '', '', '035070679', '4', '01205856064', '', 'علوم البيئة', 'العلوم البيولوجية', '');
INSERT INTO `lk9v6_users` (`name`, `email`, `usertype`) VALUES ('ريهام ابراهيم فتحى ابراهيم الصعيدى', 'reham13s04734@alexu.edu.eg', 'الخريجين');
INSERT INTO `lk9v6_alumni_main` (`id`, `user_id`, `approved`) VALUES (167334, 167334, 1);
INSERT INTO `lk9v6_alumni_data` (`alumni_id`, `graduation_year`, `fid`, `job`, `address`, `city`, `country`, `phone`, `gid`, `mobile`, `nationalnumber`, `department`, `division`, `with_honor`) VALUES (167334, 2015, '1', '', '', '', '', '0452991266', '4', '0191402375', '', 'الفيزياء', 'العلوم الطبيعية', '');
INSERT INTO `lk9v6_users` (`name`, `email`, `usertype`) VALUES ('بسنت عادل السيد ابراهيم حجازى', 'basant13s04955@alexu.edu.eg', 'الخريجين');
INSERT INTO `lk9v6_alumni_main` (`id`, `user_id`, `approved`) VALUES (167335, 167335, 1);
INSERT INTO `lk9v6_alumni_data` (`alumni_id`, `graduation_year`, `fid`, `job`, `address`, `city`, `country`, `phone`, `gid`, `mobile`, `nationalnumber`, `department`, `division`, `with_honor`) VALUES (167335, 2015, '1', '', '', '', '', '033235715', '4', '01220854131', '', 'علوم البيئة', 'العلوم البيولوجية', '');
INSERT INTO `lk9v6_users` (`name`, `email`, `usertype`) VALUES ('مينا جورج لطفى قرياقوس', 'mina13s05824@alexu.edu.eg', 'الخريجين');
INSERT INTO `lk9v6_alumni_main` (`id`, `user_id`, `approved`) VALUES (167336, 167336, 1);
INSERT INTO `lk9v6_alumni_data` (`alumni_id`, `graduation_year`, `fid`, `job`, `address`, `city`, `country`, `phone`, `gid`, `mobile`, `nationalnumber`, `department`, `division`, `with_honor`) VALUES (167336, 2015, '1', '', '', '', '', '035269581', '4', '01275298520', '', 'الكيمياء الحيوية', 'العلوم البيولوجية', '');
INSERT INTO `lk9v6_users` (`name`, `email`, `usertype`) VALUES ('محمد حامد عبدالجيد خضر', 'mohamed13s05601@alexu.edu.eg', 'الخريجين');
INSERT INTO `lk9v6_alumni_main` (`id`, `user_id`, `approved`) VALUES (167337, 167337, 1);
INSERT INTO `lk9v6_alumni_data` (`alumni_id`, `graduation_year`, `fid`, `job`, `address`, `city`, `country`, `phone`, `gid`, `mobile`, `nationalnumber`, `department`, `division`, `with_honor`) VALUES (167337, 2015, '1', '', '', '', '', '0452702299', '4', '01145324499', '', 'علوم البيئة', 'العلوم البيولوجية', '');
INSERT INTO `lk9v6_users` (`name`, `email`, `usertype`) VALUES ('اسماء نبيل عبدالفتاح سالم', 'asmaa13s04488@alexu.edu.eg', 'الخريجين');
INSERT INTO `lk9v6_alumni_main` (`id`, `user_id`, `approved`) VALUES (167338, 167338, 1);
INSERT INTO `lk9v6_alumni_data` (`alumni_id`, `graduation_year`, `fid`, `job`, `address`, `city`, `country`, `phone`, `gid`, `mobile`, `nationalnumber`, `department`, `division`, `with_honor`) VALUES (167338, 2015, '1', '', '', '', '', '9501781', '4', '01282166887', '', 'الفيزياء', 'العلوم الطبيعية', '');
INSERT INTO `lk9v6_users` (`name`, `email`, `usertype`) VALUES ('اسماء عصام احمد مدنى احمد', 'asmaa13s04666@alexu.edu.eg', 'الخريجين');
INSERT INTO `lk9v6_alumni_main` (`id`, `user_id`, `approved`) VALUES (167339, 167339, 1);
INSERT INTO `lk9v6_alumni_data` (`alumni_id`, `graduation_year`, `fid`, `job`, `address`, `city`, `country`, `phone`, `gid`, `mobile`, `nationalnumber`, `department`, `division`, `with_honor`) VALUES (167339, 2015, '1', '', '', '', '', '5065777', '4', '01068684056', '', 'الفيزياء', 'العلوم الطبيعية', '');
INSERT INTO `lk9v6_users` (`name`, `email`, `usertype`) VALUES ('ابانوب سعد شفيق سعد', 'abanob13s04906@alexu.edu.eg', 'الخريجين');
INSERT INTO `lk9v6_alumni_main` (`id`, `user_id`, `approved`) VALUES (167340, 167340, 1);
INSERT INTO `lk9v6_alumni_data` (`alumni_id`, `graduation_year`, `fid`, `job`, `address`, `city`, `country`, `phone`, `gid`, `mobile`, `nationalnumber`, `department`, `division`, `with_honor`) VALUES (167340, 2015, '1', '', '', '', '', '5355610', '4', '01276146468', '', 'الميكروبيولوجى', 'العلوم البيولوجية', '');
INSERT INTO `lk9v6_users` (`name`, `email`, `usertype`) VALUES ('ياسر عبد الفتاح مصطفى حسين مصطفى', 'yasser13s04272@alexu.edu.eg', 'الخريجين');
INSERT INTO `lk9v6_alumni_main` (`id`, `user_id`, `approved`) VALUES (167341, 167341, 1);
INSERT INTO `lk9v6_alumni_data` (`alumni_id`, `graduation_year`, `fid`, `job`, `address`, `city`, `country`, `phone`, `gid`, `mobile`, `nationalnumber`, `department`, `division`, `with_honor`) VALUES (167341, 2015, '1', '', '', '', '', '4808404', '4', '01279810733', '', 'الفيزياء', 'العلوم الطبيعية', '');
INSERT INTO `lk9v6_users` (`name`, `email`, `usertype`) VALUES ('ايمان محمود محمد عبد الغفار', 'eman13s05272@alexu.edu.eg', 'الخريجين');
INSERT INTO `lk9v6_alumni_main` (`id`, `user_id`, `approved`) VALUES (167342, 167342, 1);
INSERT INTO `lk9v6_alumni_data` (`alumni_id`, `graduation_year`, `fid`, `job`, `address`, `city`, `country`, `phone`, `gid`, `mobile`, `nationalnumber`, `department`, `division`, `with_honor`) VALUES (167342, 2015, '1', '', '', '', '', '5905006', '4', '01224371510', '', 'الميكروبيولوجى', 'العلوم البيولوجية', '');
INSERT INTO `lk9v6_users` (`name`, `email`, `usertype`) VALUES ('ايمان السيد احمد محمد رضوان', 'eman13s05366@alexu.edu.eg', 'الخريجين');
INSERT INTO `lk9v6_alumni_main` (`id`, `user_id`, `approved`) VALUES (167343, 167343, 1);
INSERT INTO `lk9v6_alumni_data` (`alumni_id`, `graduation_year`, `fid`, `job`, `address`, `city`, `country`, `phone`, `gid`, `mobile`, `nationalnumber`, `department`, `division`, `with_honor`) VALUES (167343, 2015, '1', '', '', '', '', '3616155', '4', '01202579998', '', 'علوم البيئة', 'العلوم البيولوجية', '');
INSERT INTO `lk9v6_users` (`name`, `email`, `usertype`) VALUES ('بسمة فوزى سعد نعمة الله', 'basma13s05638@alexu.edu.eg', 'الخريجين');
INSERT INTO `lk9v6_alumni_main` (`id`, `user_id`, `approved`) VALUES (167344, 167344, 1);
INSERT INTO `lk9v6_alumni_data` (`alumni_id`, `graduation_year`, `fid`, `job`, `address`, `city`, `country`, `phone`, `gid`, `mobile`, `nationalnumber`, `department`, `division`, `with_honor`) VALUES (167344, 2015, '1', '', '', '', '', '2572474', '4', '01069269920', '', 'علوم البيئة', 'العلوم البيولوجية', '');
INSERT INTO `lk9v6_users` (`name`, `email`, `usertype`) VALUES ('سلمى حسن عمر محمد سليم', 'salma13s06399@alexu.edu.eg', 'الخريجين');
INSERT INTO `lk9v6_alumni_main` (`id`, `user_id`, `approved`) VALUES (167345, 167345, 1);
INSERT INTO `lk9v6_alumni_data` (`alumni_id`, `graduation_year`, `fid`, `job`, `address`, `city`, `country`, `phone`, `gid`, `mobile`, `nationalnumber`, `department`, `division`, `with_honor`) VALUES (167345, 2015, '1', '', '', '', '', '035927983', '4', '0126143350', '', 'الفيزياء', 'العلوم الطبيعية', '');
INSERT INTO `lk9v6_users` (`name`, `email`, `usertype`) VALUES ('منار صابر عبد المنعم سيد احمد يس', 'manar13s04709@alexu.edu.eg', 'الخريجين');
INSERT INTO `lk9v6_alumni_main` (`id`, `user_id`, `approved`) VALUES (167346, 167346, 1);
INSERT INTO `lk9v6_alumni_data` (`alumni_id`, `graduation_year`, `fid`, `job`, `address`, `city`, `country`, `phone`, `gid`, `mobile`, `nationalnumber`, `department`, `division`, `with_honor`) VALUES (167346, 2015, '1', '', '', '', '', '035004674', '4', '01288371680', '', 'الفيزياء', 'العلوم الطبيعية', '');
INSERT INTO `lk9v6_users` (`name`, `email`, `usertype`) VALUES ('فرج عادل فرج باشا', 'farag13s05232@alexu.edu.eg', 'الخريجين');
INSERT INTO `lk9v6_alumni_main` (`id`, `user_id`, `approved`) VALUES (167347, 167347, 1);
INSERT INTO `lk9v6_alumni_data` (`alumni_id`, `graduation_year`, `fid`, `job`, `address`, `city`, `country`, `phone`, `gid`, `mobile`, `nationalnumber`, `department`, `division`, `with_honor`) VALUES (167347, 2015, '1', '', '', '', '', '0472715262', '4', '01069201979', '', 'علوم البيئة', 'العلوم البيولوجية', '');
INSERT INTO `lk9v6_users` (`name`, `email`, `usertype`) VALUES ('هدير طارق احمد محمد جادالله', 'hadeer13s05166@alexu.edu.eg', 'الخريجين');
INSERT INTO `lk9v6_alumni_main` (`id`, `user_id`, `approved`) VALUES (167348, 167348, 1);
INSERT INTO `lk9v6_alumni_data` (`alumni_id`, `graduation_year`, `fid`, `job`, `address`, `city`, `country`, `phone`, `gid`, `mobile`, `nationalnumber`, `department`, `division`, `with_honor`) VALUES (167348, 2015, '1', '', '', '', '', '034455652', '4', '01272018867', '', 'الكيمياء الحيوية', 'العلوم البيولوجية', '');
INSERT INTO `lk9v6_users` (`name`, `email`, `usertype`) VALUES ('احمد رمضان اسماعيل محمد ابوالوفا', 'ahmed13s04756@alexu.edu.eg', 'الخريجين');
INSERT INTO `lk9v6_alumni_main` (`id`, `user_id`, `approved`) VALUES (167349, 167349, 1);
INSERT INTO `lk9v6_alumni_data` (`alumni_id`, `graduation_year`, `fid`, `job`, `address`, `city`, `country`, `phone`, `gid`, `mobile`, `nationalnumber`, `department`, `division`, `with_honor`) VALUES (167349, 2015, '1', '', '', '', '', '0453050017', '4', '01028742845', '', 'الفيزياء', 'العلوم الطبيعية', '');
INSERT INTO `lk9v6_users` (`name`, `email`, `usertype`) VALUES ('دينا محمود ابراهيم السيد سعدالله', 'dina13s04584@alexu.edu.eg', 'الخريجين');
INSERT INTO `lk9v6_alumni_main` (`id`, `user_id`, `approved`) VALUES (167350, 167350, 1);
INSERT INTO `lk9v6_alumni_data` (`alumni_id`, `graduation_year`, `fid`, `job`, `address`, `city`, `country`, `phone`, `gid`, `mobile`, `nationalnumber`, `department`, `division`, `with_honor`) VALUES (167350, 2015, '1', '', '', '', '', '033807700', '4', '01501852176', '', 'الفيزياء', 'العلوم الطبيعية', '');
INSERT INTO `lk9v6_users` (`name`, `email`, `usertype`) VALUES ('محمود محمد ابراهيم محمد على', 'mahmoud13s04319@alexu.edu.eg', 'الخريجين');
INSERT INTO `lk9v6_alumni_main` (`id`, `user_id`, `approved`) VALUES (167351, 167351, 1);
INSERT INTO `lk9v6_alumni_data` (`alumni_id`, `graduation_year`, `fid`, `job`, `address`, `city`, `country`, `phone`, `gid`, `mobile`, `nationalnumber`, `department`, `division`, `with_honor`) VALUES (167351, 2015, '1', '', '', '', '', '034363329', '4', '01273056316', '', 'الفيزياء', 'العلوم الطبيعية', '');
INSERT INTO `lk9v6_users` (`name`, `email`, `usertype`) VALUES ('هبة ناصر محمد عبد المعطى', 'heba13s05335@alexu.edu.eg', 'الخريجين');
INSERT INTO `lk9v6_alumni_main` (`id`, `user_id`, `approved`) VALUES (167352, 167352, 1);
INSERT INTO `lk9v6_alumni_data` (`alumni_id`, `graduation_year`, `fid`, `job`, `address`, `city`, `country`, `phone`, `gid`, `mobile`, `nationalnumber`, `department`, `division`, `with_honor`) VALUES (167352, 2015, '1', '', '', '', '', '033025816', '4', '01228764192', '', 'علوم البيئة', 'العلوم البيولوجية', '');
INSERT INTO `lk9v6_users` (`name`, `email`, `usertype`) VALUES ('اسلام جابر السيد عبدالمحسن', 'islam13s04494@alexu.edu.eg', 'الخريجين');
INSERT INTO `lk9v6_alumni_main` (`id`, `user_id`, `approved`) VALUES (167353, 167353, 1);
INSERT INTO `lk9v6_alumni_data` (`alumni_id`, `graduation_year`, `fid`, `job`, `address`, `city`, `country`, `phone`, `gid`, `mobile`, `nationalnumber`, `department`, `division`, `with_honor`) VALUES (167353, 2015, '1', '', '', '', '', '4418829', '4', '01282257659', '', 'الفيزياء', 'العلوم الطبيعية', '');
INSERT INTO `lk9v6_users` (`name`, `email`, `usertype`) VALUES ('ياسمين جابر انور يونس', 'yasmin13s05315@alexu.edu.eg', 'الخريجين');
INSERT INTO `lk9v6_alumni_main` (`id`, `user_id`, `approved`) VALUES (167354, 167354, 1);
INSERT INTO `lk9v6_alumni_data` (`alumni_id`, `graduation_year`, `fid`, `job`, `address`, `city`, `country`, `phone`, `gid`, `mobile`, `nationalnumber`, `department`, `division`, `with_honor`) VALUES (167354, 2015, '1', '', '', '', '', '4855929', '4', '01229070068', '', 'علوم البيئة', 'العلوم البيولوجية', '');
INSERT INTO `lk9v6_users` (`name`, `email`, `usertype`) VALUES ('اميره السيد صلاح الدين السيد دوير', 'amira13s05233@alexu.edu.eg', 'الخريجين');
INSERT INTO `lk9v6_alumni_main` (`id`, `user_id`, `approved`) VALUES (167355, 167355, 1);
INSERT INTO `lk9v6_alumni_data` (`alumni_id`, `graduation_year`, `fid`, `job`, `address`, `city`, `country`, `phone`, `gid`, `mobile`, `nationalnumber`, `department`, `division`, `with_honor`) VALUES (167355, 2015, '1', '', '', '', '', '0473479519', '4', '01008750535', '', 'علوم البيئة', 'العلوم البيولوجية', '');
INSERT INTO `lk9v6_users` (`name`, `email`, `usertype`) VALUES ('محمود صلاح يوسف محمد حسن', 'mahmoud13s04325@alexu.edu.eg', 'الخريجين');
INSERT INTO `lk9v6_alumni_main` (`id`, `user_id`, `approved`) VALUES (167356, 167356, 1);
INSERT INTO `lk9v6_alumni_data` (`alumni_id`, `graduation_year`, `fid`, `job`, `address`, `city`, `country`, `phone`, `gid`, `mobile`, `nationalnumber`, `department`, `division`, `with_honor`) VALUES (167356, 2015, '1', '', '', '', '', '033301044', '4', '01116209165', '', 'الفيزياء', 'العلوم الطبيعية', '');
INSERT INTO `lk9v6_users` (`name`, `email`, `usertype`) VALUES ('ياسمين كمال موسى محمود طاحون', 'yasmin13s05205@alexu.edu.eg', 'الخريجين');
INSERT INTO `lk9v6_alumni_main` (`id`, `user_id`, `approved`) VALUES (167357, 167357, 1);
INSERT INTO `lk9v6_alumni_data` (`alumni_id`, `graduation_year`, `fid`, `job`, `address`, `city`, `country`, `phone`, `gid`, `mobile`, `nationalnumber`, `department`, `division`, `with_honor`) VALUES (167357, 2015, '1', '', '', '', '', '034487704', '4', '01211592958', '', 'الكيمياء الحيوية', 'العلوم البيولوجية', '');
INSERT INTO `lk9v6_users` (`name`, `email`, `usertype`) VALUES ('الشيماء حسنى محمد ابوالحسن احمد', 'alshaima13s05334@alexu.edu.eg', 'الخريجين');
INSERT INTO `lk9v6_alumni_main` (`id`, `user_id`, `approved`) VALUES (167358, 167358, 1);
INSERT INTO `lk9v6_alumni_data` (`alumni_id`, `graduation_year`, `fid`, `job`, `address`, `city`, `country`, `phone`, `gid`, `mobile`, `nationalnumber`, `department`, `division`, `with_honor`) VALUES (167358, 2015, '1', '', '', '', '', '3905214', '4', '01226932465', '', 'علوم البيئة', 'العلوم البيولوجية', '');
INSERT INTO `lk9v6_users` (`name`, `email`, `usertype`) VALUES ('شيماء مجدى محمود الشناوى', 'shaimaa13s04652@alexu.edu.eg', 'الخريجين');
INSERT INTO `lk9v6_alumni_main` (`id`, `user_id`, `approved`) VALUES (167359, 167359, 1);
INSERT INTO `lk9v6_alumni_data` (`alumni_id`, `graduation_year`, `fid`, `job`, `address`, `city`, `country`, `phone`, `gid`, `mobile`, `nationalnumber`, `department`, `division`, `with_honor`) VALUES (167359, 2015, '1', '', '', '', '', '039591208', '4', '01284386679', '', 'الفيزياء', 'العلوم الطبيعية', '');
INSERT INTO `lk9v6_users` (`name`, `email`, `usertype`) VALUES ('سهير صبرى لحظى شفيق', 'sohir13s04389@alexu.edu.eg', 'الخريجين');
INSERT INTO `lk9v6_alumni_main` (`id`, `user_id`, `approved`) VALUES (167360, 167360, 1);
INSERT INTO `lk9v6_alumni_data` (`alumni_id`, `graduation_year`, `fid`, `job`, `address`, `city`, `country`, `phone`, `gid`, `mobile`, `nationalnumber`, `department`, `division`, `with_honor`) VALUES (167360, 2015, '1', '', '', '', '', '5025338', '4', '01278667743', '', 'الفيزياء', 'العلوم الطبيعية', '');
INSERT INTO `lk9v6_users` (`name`, `email`, `usertype`) VALUES ('اميره ابراهيم حسن محمد توفيق', 'amira13s05753@alexu.edu.eg', 'الخريجين');
INSERT INTO `lk9v6_alumni_main` (`id`, `user_id`, `approved`) VALUES (167361, 167361, 1);
INSERT INTO `lk9v6_alumni_data` (`alumni_id`, `graduation_year`, `fid`, `job`, `address`, `city`, `country`, `phone`, `gid`, `mobile`, `nationalnumber`, `department`, `division`, `with_honor`) VALUES (167361, 2015, '1', '', '', '', '', '4410507', '4', '01067162621', '', 'علوم البيئة', 'العلوم البيولوجية', '');
INSERT INTO `lk9v6_users` (`name`, `email`, `usertype`) VALUES ('محمد انور حمدان عبدالوارث', 'mohamed13s04378@alexu.edu.eg', 'الخريجين');
INSERT INTO `lk9v6_alumni_main` (`id`, `user_id`, `approved`) VALUES (167362, 167362, 1);
INSERT INTO `lk9v6_alumni_data` (`alumni_id`, `graduation_year`, `fid`, `job`, `address`, `city`, `country`, `phone`, `gid`, `mobile`, `nationalnumber`, `department`, `division`, `with_honor`) VALUES (167362, 2015, '1', '', '', '', '', '204433086', '4', '0183158206', '', 'الجيولوجيا', 'العلوم الجيولوجية', '');
INSERT INTO `lk9v6_users` (`name`, `email`, `usertype`) VALUES ('رحاب عبدالرازق ابراهيم عبدالرازق', 'rehab13s04715@alexu.edu.eg', 'الخريجين');
INSERT INTO `lk9v6_alumni_main` (`id`, `user_id`, `approved`) VALUES (167363, 167363, 1);
INSERT INTO `lk9v6_alumni_data` (`alumni_id`, `graduation_year`, `fid`, `job`, `address`, `city`, `country`, `phone`, `gid`, `mobile`, `nationalnumber`, `department`, `division`, `with_honor`) VALUES (167363, 2015, '1', '', '', '', '', '4243159', '4', '01002935467', '', 'الفيزياء', 'العلوم الطبيعية', '');
INSERT INTO `lk9v6_users` (`name`, `email`, `usertype`) VALUES ('علاء ضيف فرج سعد محمود', 'alaa13s04466@alexu.edu.eg', 'الخريجين');
INSERT INTO `lk9v6_alumni_main` (`id`, `user_id`, `approved`) VALUES (167364, 167364, 1);
INSERT INTO `lk9v6_alumni_data` (`alumni_id`, `graduation_year`, `fid`, `job`, `address`, `city`, `country`, `phone`, `gid`, `mobile`, `nationalnumber`, `department`, `division`, `with_honor`) VALUES (167364, 2015, '1', '', '', '', '', '034383045', '4', '01222612324', '', 'الفيزياء', 'العلوم الطبيعية', '');
INSERT INTO `lk9v6_users` (`name`, `email`, `usertype`) VALUES ('لمياء يوسف احمد محمد يوسف', 'lamya13s06177@alexu.edu.eg', 'الخريجين');
INSERT INTO `lk9v6_alumni_main` (`id`, `user_id`, `approved`) VALUES (167365, 167365, 1);
INSERT INTO `lk9v6_alumni_data` (`alumni_id`, `graduation_year`, `fid`, `job`, `address`, `city`, `country`, `phone`, `gid`, `mobile`, `nationalnumber`, `department`, `division`, `with_honor`) VALUES (167365, 2015, '1', '', '', '', '', '4834276', '4', '01151198267', '', 'علوم البيئة', 'العلوم البيولوجية', '');
INSERT INTO `lk9v6_users` (`name`, `email`, `usertype`) VALUES ('ريهام محمد احمد عبد النعيم قاسم', 'reham13s04294@alexu.edu.eg', 'الخريجين');
INSERT INTO `lk9v6_alumni_main` (`id`, `user_id`, `approved`) VALUES (167366, 167366, 1);
INSERT INTO `lk9v6_alumni_data` (`alumni_id`, `graduation_year`, `fid`, `job`, `address`, `city`, `country`, `phone`, `gid`, `mobile`, `nationalnumber`, `department`, `division`, `with_honor`) VALUES (167366, 2015, '1', '', '', '', '', '4817211', '4', '01000074331', '', 'الفيزياء', 'العلوم الطبيعية', '');
INSERT INTO `lk9v6_users` (`name`, `email`, `usertype`) VALUES ('هدير عبد العال احمد عمران', 'hadeer13s06510@alexu.edu.eg', 'الخريجين');
INSERT INTO `lk9v6_alumni_main` (`id`, `user_id`, `approved`) VALUES (167367, 167367, 1);
INSERT INTO `lk9v6_alumni_data` (`alumni_id`, `graduation_year`, `fid`, `job`, `address`, `city`, `country`, `phone`, `gid`, `mobile`, `nationalnumber`, `department`, `division`, `with_honor`) VALUES (167367, 2015, '1', '', '', '', '', '034463018', '4', '01271054199', '', 'الكيمياء الحيوية', 'العلوم البيولوجية', '');
INSERT INTO `lk9v6_users` (`name`, `email`, `usertype`) VALUES ('مروه محمود محمد موسى', 'marwa13s04904@alexu.edu.eg', 'الخريجين');
INSERT INTO `lk9v6_alumni_main` (`id`, `user_id`, `approved`) VALUES (167368, 167368, 1);
INSERT INTO `lk9v6_alumni_data` (`alumni_id`, `graduation_year`, `fid`, `job`, `address`, `city`, `country`, `phone`, `gid`, `mobile`, `nationalnumber`, `department`, `division`, `with_honor`) VALUES (167368, 2015, '1', '', '', '', '', '035037800', '4', '01274155508', '', 'الكيمياء الحيوية', 'العلوم البيولوجية', '');
INSERT INTO `lk9v6_users` (`name`, `email`, `usertype`) VALUES ('احمد محمد احمد محمود', 'ahmed13s06221@alexu.edu.eg', 'الخريجين');
INSERT INTO `lk9v6_alumni_main` (`id`, `user_id`, `approved`) VALUES (167369, 167369, 1);
INSERT INTO `lk9v6_alumni_data` (`alumni_id`, `graduation_year`, `fid`, `job`, `address`, `city`, `country`, `phone`, `gid`, `mobile`, `nationalnumber`, `department`, `division`, `with_honor`) VALUES (167369, 2015, '1', '', '', '', '', '4488084', '4', '01222772034', '', 'الفيزياء', 'العلوم الطبيعية', '');
INSERT INTO `lk9v6_users` (`name`, `email`, `usertype`) VALUES ('اسماء عبد المنعم محمد زهران', 'asmaa13s05201@alexu.edu.eg', 'الخريجين');
INSERT INTO `lk9v6_alumni_main` (`id`, `user_id`, `approved`) VALUES (167370, 167370, 1);
INSERT INTO `lk9v6_alumni_data` (`alumni_id`, `graduation_year`, `fid`, `job`, `address`, `city`, `country`, `phone`, `gid`, `mobile`, `nationalnumber`, `department`, `division`, `with_honor`) VALUES (167370, 2015, '1', '', '', '', '', '0453741179', '4', '01009280190', '', 'علوم البيئة', 'العلوم البيولوجية', '');
INSERT INTO `lk9v6_users` (`name`, `email`, `usertype`) VALUES ('محمد محمد عبدالمنعم محمد الحدينى', 'mohamed13s05212@alexu.edu.eg', 'الخريجين');
INSERT INTO `lk9v6_alumni_main` (`id`, `user_id`, `approved`) VALUES (167371, 167371, 1);
INSERT INTO `lk9v6_alumni_data` (`alumni_id`, `graduation_year`, `fid`, `job`, `address`, `city`, `country`, `phone`, `gid`, `mobile`, `nationalnumber`, `department`, `division`, `with_honor`) VALUES (167371, 2015, '1', '', '', '', '', '0453760430', '4', '01003512344', '', 'علوم البيئة', 'العلوم البيولوجية', '');
INSERT INTO `lk9v6_users` (`name`, `email`, `usertype`) VALUES ('ريهام احمد عبد الباسط السيد', 'reham13s06467@alexu.edu.eg', 'الخريجين');
INSERT INTO `lk9v6_alumni_main` (`id`, `user_id`, `approved`) VALUES (167372, 167372, 1);
INSERT INTO `lk9v6_alumni_data` (`alumni_id`, `graduation_year`, `fid`, `job`, `address`, `city`, `country`, `phone`, `gid`, `mobile`, `nationalnumber`, `department`, `division`, `with_honor`) VALUES (167372, 2015, '1', '', '', '', '', '034831759', '4', '01024060467', '', 'الفيزياء', 'العلوم الطبيعية', '');
INSERT INTO `lk9v6_users` (`name`, `email`, `usertype`) VALUES ('مارى صياد نسيم بشاره', 'mary13s04952@alexu.edu.eg', 'الخريجين');
INSERT INTO `lk9v6_alumni_main` (`id`, `user_id`, `approved`) VALUES (167373, 167373, 1);
INSERT INTO `lk9v6_alumni_data` (`alumni_id`, `graduation_year`, `fid`, `job`, `address`, `city`, `country`, `phone`, `gid`, `mobile`, `nationalnumber`, `department`, `division`, `with_honor`) VALUES (167373, 2015, '1', '', '', '', '', '4384695', '4', '01288876616', '', 'الميكروبيولوجى', 'العلوم البيولوجية', '');
INSERT INTO `lk9v6_users` (`name`, `email`, `usertype`) VALUES ('عبير جمال احمد سعد جادو', 'abeer13s05496@alexu.edu.eg', 'الخريجين');
INSERT INTO `lk9v6_alumni_main` (`id`, `user_id`, `approved`) VALUES (167374, 167374, 1);
INSERT INTO `lk9v6_alumni_data` (`alumni_id`, `graduation_year`, `fid`, `job`, `address`, `city`, `country`, `phone`, `gid`, `mobile`, `nationalnumber`, `department`, `division`, `with_honor`) VALUES (167374, 2015, '1', '', '', '', '', '0452201060', '4', '01062495463', '', 'علوم البيئة', 'العلوم البيولوجية', '');
INSERT INTO `lk9v6_users` (`name`, `email`, `usertype`) VALUES ('ساره جمال احمد محمد', 'sara13s05420@alexu.edu.eg', 'الخريجين');
INSERT INTO `lk9v6_alumni_main` (`id`, `user_id`, `approved`) VALUES (167375, 167375, 1);
INSERT INTO `lk9v6_alumni_data` (`alumni_id`, `graduation_year`, `fid`, `job`, `address`, `city`, `country`, `phone`, `gid`, `mobile`, `nationalnumber`, `department`, `division`, `with_honor`) VALUES (167375, 2015, '1', '', '', '', '', '032136555', '4', '01207275571', '', 'علوم البيئة', 'العلوم البيولوجية', '');
INSERT INTO `lk9v6_users` (`name`, `email`, `usertype`) VALUES ('مى عبد القادر السيد حسن مرسى', 'mai13s04351@alexu.edu.eg', 'الخريجين');
INSERT INTO `lk9v6_alumni_main` (`id`, `user_id`, `approved`) VALUES (167376, 167376, 1);
INSERT INTO `lk9v6_alumni_data` (`alumni_id`, `graduation_year`, `fid`, `job`, `address`, `city`, `country`, `phone`, `gid`, `mobile`, `nationalnumber`, `department`, `division`, `with_honor`) VALUES (167376, 2015, '1', '', '', '', '', '4809405', '4', '01006372373', '', 'الفيزياء', 'العلوم الطبيعية', '');
INSERT INTO `lk9v6_users` (`name`, `email`, `usertype`) VALUES ('مصطفى مجدى احمد على سعيد', 'mustafa13s04583@alexu.edu.eg', 'الخريجين');
INSERT INTO `lk9v6_alumni_main` (`id`, `user_id`, `approved`) VALUES (167377, 167377, 1);
INSERT INTO `lk9v6_alumni_data` (`alumni_id`, `graduation_year`, `fid`, `job`, `address`, `city`, `country`, `phone`, `gid`, `mobile`, `nationalnumber`, `department`, `division`, `with_honor`) VALUES (167377, 2015, '1', '', '', '', '', '034379876', '4', '01278027350', '', 'الفيزياء', 'العلوم الطبيعية', '');
INSERT INTO `lk9v6_users` (`name`, `email`, `usertype`) VALUES ('عبد الرحمن محمود عزت موسى', 'abdelrahman13s06879@alexu.edu.eg', 'الخريجين');
INSERT INTO `lk9v6_alumni_main` (`id`, `user_id`, `approved`) VALUES (167378, 167378, 1);
INSERT INTO `lk9v6_alumni_data` (`alumni_id`, `graduation_year`, `fid`, `job`, `address`, `city`, `country`, `phone`, `gid`, `mobile`, `nationalnumber`, `department`, `division`, `with_honor`) VALUES (167378, 2015, '1', '', '', '', '', '4263547', '4', '01148883578', '', 'علوم البيئة', 'العلوم البيولوجية', '');
INSERT INTO `lk9v6_users` (`name`, `email`, `usertype`) VALUES ('رانا جمعة فوزى جمعة محمد', 'rana13s05549@alexu.edu.eg', 'الخريجين');
INSERT INTO `lk9v6_alumni_main` (`id`, `user_id`, `approved`) VALUES (167379, 167379, 1);
INSERT INTO `lk9v6_alumni_data` (`alumni_id`, `graduation_year`, `fid`, `job`, `address`, `city`, `country`, `phone`, `gid`, `mobile`, `nationalnumber`, `department`, `division`, `with_honor`) VALUES (167379, 2015, '1', '', '', '', '', '4369694', '4', '01228152027', '', 'علوم البيئة', 'العلوم البيولوجية', '');
INSERT INTO `lk9v6_users` (`name`, `email`, `usertype`) VALUES ('ايه صلاح احمد عيد', 'aya13s05249@alexu.edu.eg', 'الخريجين');
INSERT INTO `lk9v6_alumni_main` (`id`, `user_id`, `approved`) VALUES (167380, 167380, 1);
INSERT INTO `lk9v6_alumni_data` (`alumni_id`, `graduation_year`, `fid`, `job`, `address`, `city`, `country`, `phone`, `gid`, `mobile`, `nationalnumber`, `department`, `division`, `with_honor`) VALUES (167380, 2015, '1', '', '', '', '', '4416804', '4', '01272030482', '', 'الكيمياء الحيوية', 'العلوم البيولوجية', '');
INSERT INTO `lk9v6_users` (`name`, `email`, `usertype`) VALUES ('امنيه عبدالفتاح احمد الشرقاوى', 'omnia13s05742@alexu.edu.eg', 'الخريجين');
INSERT INTO `lk9v6_alumni_main` (`id`, `user_id`, `approved`) VALUES (167381, 167381, 1);
INSERT INTO `lk9v6_alumni_data` (`alumni_id`, `graduation_year`, `fid`, `job`, `address`, `city`, `country`, `phone`, `gid`, `mobile`, `nationalnumber`, `department`, `division`, `with_honor`) VALUES (167381, 2015, '1', '', '', '', '', '0452508552', '4', '01096286980', '', 'الميكروبيولوجى', 'العلوم البيولوجية', '');
INSERT INTO `lk9v6_users` (`name`, `email`, `usertype`) VALUES ('منه الله متولى احمد  متولى محمد', 'menna13s05819@alexu.edu.eg', 'الخريجين');
INSERT INTO `lk9v6_alumni_main` (`id`, `user_id`, `approved`) VALUES (167382, 167382, 1);
INSERT INTO `lk9v6_alumni_data` (`alumni_id`, `graduation_year`, `fid`, `job`, `address`, `city`, `country`, `phone`, `gid`, `mobile`, `nationalnumber`, `department`, `division`, `with_honor`) VALUES (167382, 2015, '1', '', '', '', '', '035504240', '4', '01149998691', '', 'علوم البيئة', 'العلوم البيولوجية', '');
INSERT INTO `lk9v6_users` (`name`, `email`, `usertype`) VALUES ('هاجر سعيد خليفه على احمد', 'hager13s05602@alexu.edu.eg', 'الخريجين');
INSERT INTO `lk9v6_alumni_main` (`id`, `user_id`, `approved`) VALUES (167383, 167383, 1);
INSERT INTO `lk9v6_alumni_data` (`alumni_id`, `graduation_year`, `fid`, `job`, `address`, `city`, `country`, `phone`, `gid`, `mobile`, `nationalnumber`, `department`, `division`, `with_honor`) VALUES (167383, 2015, '1', '', '', '', '', '035056528', '4', '01201828570', '', 'علوم البيئة', 'العلوم البيولوجية', '');
INSERT INTO `lk9v6_users` (`name`, `email`, `usertype`) VALUES ('منه محمد صبحى عبد الفتاح حسن', 'menna13s05639@alexu.edu.eg', 'الخريجين');
INSERT INTO `lk9v6_alumni_main` (`id`, `user_id`, `approved`) VALUES (167384, 167384, 1);
INSERT INTO `lk9v6_alumni_data` (`alumni_id`, `graduation_year`, `fid`, `job`, `address`, `city`, `country`, `phone`, `gid`, `mobile`, `nationalnumber`, `department`, `division`, `with_honor`) VALUES (167384, 2015, '1', '', '', '', '', '035547231', '4', '01286183040', '', 'علوم البيئة', 'العلوم البيولوجية', '');
INSERT INTO `lk9v6_users` (`name`, `email`, `usertype`) VALUES ('ابراهيم عبده محمد مدنى حسان', 'ibrahim13s06404@alexu.edu.eg', 'الخريجين');
INSERT INTO `lk9v6_alumni_main` (`id`, `user_id`, `approved`) VALUES (167385, 167385, 1);
INSERT INTO `lk9v6_alumni_data` (`alumni_id`, `graduation_year`, `fid`, `job`, `address`, `city`, `country`, `phone`, `gid`, `mobile`, `nationalnumber`, `department`, `division`, `with_honor`) VALUES (167385, 2015, '1', '', '', '', '', '034439846', '4', '01221344645', '', 'الفيزياء', 'العلوم الطبيعية', '');
INSERT INTO `lk9v6_users` (`name`, `email`, `usertype`) VALUES ('فاتن محمد محمد احمد صومع', 'faten13s04970@alexu.edu.eg', 'الخريجين');
INSERT INTO `lk9v6_alumni_main` (`id`, `user_id`, `approved`) VALUES (167386, 167386, 1);
INSERT INTO `lk9v6_alumni_data` (`alumni_id`, `graduation_year`, `fid`, `job`, `address`, `city`, `country`, `phone`, `gid`, `mobile`, `nationalnumber`, `department`, `division`, `with_honor`) VALUES (167386, 2015, '1', '', '', '', '', '0000000', '4', '01149409147', '', 'علوم البيئة', 'العلوم البيولوجية', '');
INSERT INTO `lk9v6_users` (`name`, `email`, `usertype`) VALUES ('نورهان ابراهيم عبد العظيم احمد على', 'nourhan13s04320@alexu.edu.eg', 'الخريجين');
INSERT INTO `lk9v6_alumni_main` (`id`, `user_id`, `approved`) VALUES (167387, 167387, 1);
INSERT INTO `lk9v6_alumni_data` (`alumni_id`, `graduation_year`, `fid`, `job`, `address`, `city`, `country`, `phone`, `gid`, `mobile`, `nationalnumber`, `department`, `division`, `with_honor`) VALUES (167387, 2015, '1', '', '', '', '', '032208755', '4', '01125117694', '', 'الجيولوجيا', 'العلوم الجيولوجية', '');
INSERT INTO `lk9v6_users` (`name`, `email`, `usertype`) VALUES ('ياسمين سمير محمد صوار', 'yasmin13s05035@alexu.edu.eg', 'الخريجين');
INSERT INTO `lk9v6_alumni_main` (`id`, `user_id`, `approved`) VALUES (167388, 167388, 1);
INSERT INTO `lk9v6_alumni_data` (`alumni_id`, `graduation_year`, `fid`, `job`, `address`, `city`, `country`, `phone`, `gid`, `mobile`, `nationalnumber`, `department`, `division`, `with_honor`) VALUES (167388, 2015, '1', '', '', '', '', '0453688249', '4', '0192274462', '', 'علوم البيئة', 'العلوم البيولوجية', '');
INSERT INTO `lk9v6_users` (`name`, `email`, `usertype`) VALUES ('مارينا سمعان بشير غبريال', 'marina13s05495@alexu.edu.eg', 'الخريجين');
INSERT INTO `lk9v6_alumni_main` (`id`, `user_id`, `approved`) VALUES (167389, 167389, 1);
INSERT INTO `lk9v6_alumni_data` (`alumni_id`, `graduation_year`, `fid`, `job`, `address`, `city`, `country`, `phone`, `gid`, `mobile`, `nationalnumber`, `department`, `division`, `with_honor`) VALUES (167389, 2015, '1', '', '', '', '', '5323707', '4', '01221293226', '', 'الميكروبيولوجى', 'العلوم البيولوجية', '');
INSERT INTO `lk9v6_users` (`name`, `email`, `usertype`) VALUES ('ايتن مجدى حمزه محمود', 'ayten13s05821@alexu.edu.eg', 'الخريجين');
INSERT INTO `lk9v6_alumni_main` (`id`, `user_id`, `approved`) VALUES (167390, 167390, 1);
INSERT INTO `lk9v6_alumni_data` (`alumni_id`, `graduation_year`, `fid`, `job`, `address`, `city`, `country`, `phone`, `gid`, `mobile`, `nationalnumber`, `department`, `division`, `with_honor`) VALUES (167390, 2015, '1', '', '', '', '', '5493373', '4', '01227994636', '', 'علوم البيئة', 'العلوم البيولوجية', '');
INSERT INTO `lk9v6_users` (`name`, `email`, `usertype`) VALUES ('ايمان مصطفى عبد الحميد سعيد', 'eman13s05270@alexu.edu.eg', 'الخريجين');
INSERT INTO `lk9v6_alumni_main` (`id`, `user_id`, `approved`) VALUES (167391, 167391, 1);
INSERT INTO `lk9v6_alumni_data` (`alumni_id`, `graduation_year`, `fid`, `job`, `address`, `city`, `country`, `phone`, `gid`, `mobile`, `nationalnumber`, `department`, `division`, `with_honor`) VALUES (167391, 2015, '1', '', '', '', '', '034495906', '4', '01065157813', '', 'علوم البيئة', 'العلوم البيولوجية', '');
INSERT INTO `lk9v6_users` (`name`, `email`, `usertype`) VALUES ('عمرو عبدالجواد مصطفى عبدالجواد', 'amr13s05438@alexu.edu.eg', 'الخريجين');
INSERT INTO `lk9v6_alumni_main` (`id`, `user_id`, `approved`) VALUES (167392, 167392, 1);
INSERT INTO `lk9v6_alumni_data` (`alumni_id`, `graduation_year`, `fid`, `job`, `address`, `city`, `country`, `phone`, `gid`, `mobile`, `nationalnumber`, `department`, `division`, `with_honor`) VALUES (167392, 2015, '1', '', '', '', '', '034953842', '4', '0196226100', '', 'علوم البيئة', 'العلوم البيولوجية', '');
INSERT INTO `lk9v6_users` (`name`, `email`, `usertype`) VALUES ('ايمان محمد قاسم محمد السيد', 'eman13s05125@alexu.edu.eg', 'الخريجين');
INSERT INTO `lk9v6_alumni_main` (`id`, `user_id`, `approved`) VALUES (167393, 167393, 1);
INSERT INTO `lk9v6_alumni_data` (`alumni_id`, `graduation_year`, `fid`, `job`, `address`, `city`, `country`, `phone`, `gid`, `mobile`, `nationalnumber`, `department`, `division`, `with_honor`) VALUES (167393, 2015, '1', '', '', '', '', '032202535', '4', '01223535120', '', 'علوم البيئة', 'العلوم البيولوجية', '');
INSERT INTO `lk9v6_users` (`name`, `email`, `usertype`) VALUES ('شيماء مصطفى محمد مصطفى ', 'shaimaa13s06727@alexu.edu.eg', 'الخريجين');
INSERT INTO `lk9v6_alumni_main` (`id`, `user_id`, `approved`) VALUES (167394, 167394, 1);
INSERT INTO `lk9v6_alumni_data` (`alumni_id`, `graduation_year`, `fid`, `job`, `address`, `city`, `country`, `phone`, `gid`, `mobile`, `nationalnumber`, `department`, `division`, `with_honor`) VALUES (167394, 2015, '1', '', '', '', '', '3911805', '4', '01008803550', '', 'علوم البيئة', 'العلوم البيولوجية', '');
INSERT INTO `lk9v6_users` (`name`, `email`, `usertype`) VALUES ('سالى محى الدين احمد حسن سلام', 'saly13s04660@alexu.edu.eg', 'الخريجين');
INSERT INTO `lk9v6_alumni_main` (`id`, `user_id`, `approved`) VALUES (167395, 167395, 1);
INSERT INTO `lk9v6_alumni_data` (`alumni_id`, `graduation_year`, `fid`, `job`, `address`, `city`, `country`, `phone`, `gid`, `mobile`, `nationalnumber`, `department`, `division`, `with_honor`) VALUES (167395, 2015, '1', '', '', '', '', '034390886', '4', '01202823759', '', 'الجيولوجيا', 'العلوم الجيولوجية', '');
INSERT INTO `lk9v6_users` (`name`, `email`, `usertype`) VALUES ('اسراء خميس السيد احمد', 'esraa13s04361@alexu.edu.eg', 'الخريجين');
INSERT INTO `lk9v6_alumni_main` (`id`, `user_id`, `approved`) VALUES (167396, 167396, 1);
INSERT INTO `lk9v6_alumni_data` (`alumni_id`, `graduation_year`, `fid`, `job`, `address`, `city`, `country`, `phone`, `gid`, `mobile`, `nationalnumber`, `department`, `division`, `with_honor`) VALUES (167396, 2015, '1', '', '', '', '', '034425240', '4', '01014012444', '', 'الفيزياء', 'العلوم الطبيعية', '');
INSERT INTO `lk9v6_users` (`name`, `email`, `usertype`) VALUES ('يارا حمدى عبدالعليم عثمان', 'yara13s05332@alexu.edu.eg', 'الخريجين');
INSERT INTO `lk9v6_alumni_main` (`id`, `user_id`, `approved`) VALUES (167397, 167397, 1);
INSERT INTO `lk9v6_alumni_data` (`alumni_id`, `graduation_year`, `fid`, `job`, `address`, `city`, `country`, `phone`, `gid`, `mobile`, `nationalnumber`, `department`, `division`, `with_honor`) VALUES (167397, 2015, '1', '', '', '', '', '0472710172', '4', '0192233128', '', 'علوم البيئة', 'العلوم البيولوجية', '');
INSERT INTO `lk9v6_users` (`name`, `email`, `usertype`) VALUES ('محمد احمد مصطفى درويش', 'mohamed13s04283@alexu.edu.eg', 'الخريجين');
INSERT INTO `lk9v6_alumni_main` (`id`, `user_id`, `approved`) VALUES (167398, 167398, 1);
INSERT INTO `lk9v6_alumni_data` (`alumni_id`, `graduation_year`, `fid`, `job`, `address`, `city`, `country`, `phone`, `gid`, `mobile`, `nationalnumber`, `department`, `division`, `with_honor`) VALUES (167398, 2015, '1', '', '', '', '', '034275095', '4', '01225472804', '', 'الفيزياء', 'العلوم الطبيعية', '');
INSERT INTO `lk9v6_users` (`name`, `email`, `usertype`) VALUES ('ايمان فرج محمد عوض', 'eman13s06284@alexu.edu.eg', 'الخريجين');
INSERT INTO `lk9v6_alumni_main` (`id`, `user_id`, `approved`) VALUES (167399, 167399, 1);
INSERT INTO `lk9v6_alumni_data` (`alumni_id`, `graduation_year`, `fid`, `job`, `address`, `city`, `country`, `phone`, `gid`, `mobile`, `nationalnumber`, `department`, `division`, `with_honor`) VALUES (167399, 2015, '1', '', '', '', '', '034357019', '4', '0195717006', '', 'الفيزياء', 'العلوم الطبيعية', '');
INSERT INTO `lk9v6_users` (`name`, `email`, `usertype`) VALUES ('صابرين خميس محمد يوسف', 'sabrin13s04965@alexu.edu.eg', 'الخريجين');
INSERT INTO `lk9v6_alumni_main` (`id`, `user_id`, `approved`) VALUES (167400, 167400, 1);
INSERT INTO `lk9v6_alumni_data` (`alumni_id`, `graduation_year`, `fid`, `job`, `address`, `city`, `country`, `phone`, `gid`, `mobile`, `nationalnumber`, `department`, `division`, `with_honor`) VALUES (167400, 2015, '1', '', '', '', '', '0472950550', '4', '01001901534', '', 'علوم البيئة', 'العلوم البيولوجية', '');
INSERT INTO `lk9v6_users` (`name`, `email`, `usertype`) VALUES ('ايه محمد احمد عبدالله', 'aya13s04528@alexu.edu.eg', 'الخريجين');
INSERT INTO `lk9v6_alumni_main` (`id`, `user_id`, `approved`) VALUES (167401, 167401, 1);
INSERT INTO `lk9v6_alumni_data` (`alumni_id`, `graduation_year`, `fid`, `job`, `address`, `city`, `country`, `phone`, `gid`, `mobile`, `nationalnumber`, `department`, `division`, `with_honor`) VALUES (167401, 2015, '1', '', '', '', '', '033622105', '4', '01229020620', '', 'الفيزياء', 'العلوم الطبيعية', '');
INSERT INTO `lk9v6_users` (`name`, `email`, `usertype`) VALUES ('ايه محمد محمود اسماعيل', 'aya13s05673@alexu.edu.eg', 'الخريجين');
INSERT INTO `lk9v6_alumni_main` (`id`, `user_id`, `approved`) VALUES (167402, 167402, 1);
INSERT INTO `lk9v6_alumni_data` (`alumni_id`, `graduation_year`, `fid`, `job`, `address`, `city`, `country`, `phone`, `gid`, `mobile`, `nationalnumber`, `department`, `division`, `with_honor`) VALUES (167402, 2015, '1', '', '', '', '', '5007541', '4', '01228251914', '', 'علوم البيئة', 'العلوم البيولوجية', '');
INSERT INTO `lk9v6_users` (`name`, `email`, `usertype`) VALUES ('هدير محمود امين بدرى', 'hadeer13s04502@alexu.edu.eg', 'الخريجين');
INSERT INTO `lk9v6_alumni_main` (`id`, `user_id`, `approved`) VALUES (167403, 167403, 1);
INSERT INTO `lk9v6_alumni_data` (`alumni_id`, `graduation_year`, `fid`, `job`, `address`, `city`, `country`, `phone`, `gid`, `mobile`, `nationalnumber`, `department`, `division`, `with_honor`) VALUES (167403, 2015, '1', '', '', '', '', '033816108', '4', '01279113013', '', 'الفيزياء', 'العلوم الطبيعية', '');
INSERT INTO `lk9v6_users` (`name`, `email`, `usertype`) VALUES ('اميره محمد ابراهيم فريك', 'amira13s05063@alexu.edu.eg', 'الخريجين');
INSERT INTO `lk9v6_alumni_main` (`id`, `user_id`, `approved`) VALUES (167404, 167404, 1);
INSERT INTO `lk9v6_alumni_data` (`alumni_id`, `graduation_year`, `fid`, `job`, `address`, `city`, `country`, `phone`, `gid`, `mobile`, `nationalnumber`, `department`, `division`, `with_honor`) VALUES (167404, 2015, '1', '', '', '', '', '0453473967', '4', '01019342746', '', 'علوم البيئة', 'العلوم البيولوجية', '');
INSERT INTO `lk9v6_users` (`name`, `email`, `usertype`) VALUES ('هبه الله على السيد على جمعه', 'heba13s05140@alexu.edu.eg', 'الخريجين');
INSERT INTO `lk9v6_alumni_main` (`id`, `user_id`, `approved`) VALUES (167405, 167405, 1);
INSERT INTO `lk9v6_alumni_data` (`alumni_id`, `graduation_year`, `fid`, `job`, `address`, `city`, `country`, `phone`, `gid`, `mobile`, `nationalnumber`, `department`, `division`, `with_honor`) VALUES (167405, 2015, '1', '', '', '', '', '3021592', '4', '01152511830', '', 'علوم البيئة', 'العلوم البيولوجية', '');
INSERT INTO `lk9v6_users` (`name`, `email`, `usertype`) VALUES ('سميره مهدى على ابراهيم النجار', 'samira13s05388@alexu.edu.eg', 'الخريجين');
INSERT INTO `lk9v6_alumni_main` (`id`, `user_id`, `approved`) VALUES (167406, 167406, 1);
INSERT INTO `lk9v6_alumni_data` (`alumni_id`, `graduation_year`, `fid`, `job`, `address`, `city`, `country`, `phone`, `gid`, `mobile`, `nationalnumber`, `department`, `division`, `with_honor`) VALUES (167406, 2015, '1', '', '', '', '', '0472610286', '4', '01206296131', '', 'علوم البيئة', 'العلوم البيولوجية', '');
INSERT INTO `lk9v6_users` (`name`, `email`, `usertype`) VALUES ('سالمه شعبان احمد ابراهيم', 'salema13s04392@alexu.edu.eg', 'الخريجين');
INSERT INTO `lk9v6_alumni_main` (`id`, `user_id`, `approved`) VALUES (167407, 167407, 1);
INSERT INTO `lk9v6_alumni_data` (`alumni_id`, `graduation_year`, `fid`, `job`, `address`, `city`, `country`, `phone`, `gid`, `mobile`, `nationalnumber`, `department`, `division`, `with_honor`) VALUES (167407, 2015, '1', '', '', '', '', '036526161', '4', '01276292350', '', 'الفيزياء', 'العلوم الطبيعية', '');
INSERT INTO `lk9v6_users` (`name`, `email`, `usertype`) VALUES ('ولاء على مصطفى السيد', 'walaa13s04723@alexu.edu.eg', 'الخريجين');
INSERT INTO `lk9v6_alumni_main` (`id`, `user_id`, `approved`) VALUES (167408, 167408, 1);
INSERT INTO `lk9v6_alumni_data` (`alumni_id`, `graduation_year`, `fid`, `job`, `address`, `city`, `country`, `phone`, `gid`, `mobile`, `nationalnumber`, `department`, `division`, `with_honor`) VALUES (167408, 2015, '1', '', '', '', '', '035031229', '4', '0184523818', '', 'الفيزياء', 'العلوم الطبيعية', '');
INSERT INTO `lk9v6_users` (`name`, `email`, `usertype`) VALUES ('هدير محمد مصطفى عبدالحميد محمد', 'hadeer13s04620@alexu.edu.eg', 'الخريجين');
INSERT INTO `lk9v6_alumni_main` (`id`, `user_id`, `approved`) VALUES (167409, 167409, 1);
INSERT INTO `lk9v6_alumni_data` (`alumni_id`, `graduation_year`, `fid`, `job`, `address`, `city`, `country`, `phone`, `gid`, `mobile`, `nationalnumber`, `department`, `division`, `with_honor`) VALUES (167409, 2015, '1', '', '', '', '', '5264757', '4', '0180024954', '', 'الفيزياء', 'العلوم الطبيعية', '');
INSERT INTO `lk9v6_users` (`name`, `email`, `usertype`) VALUES ('احسان عبد المعطى محمود السيد الخنكاوى', 'ehsan13s04314@alexu.edu.eg', 'الخريجين');
INSERT INTO `lk9v6_alumni_main` (`id`, `user_id`, `approved`) VALUES (167410, 167410, 1);
INSERT INTO `lk9v6_alumni_data` (`alumni_id`, `graduation_year`, `fid`, `job`, `address`, `city`, `country`, `phone`, `gid`, `mobile`, `nationalnumber`, `department`, `division`, `with_honor`) VALUES (167410, 2015, '1', '', '', '', '', '3231426', '4', '01014611576', '', 'الفيزياء', 'العلوم الطبيعية', '');
INSERT INTO `lk9v6_users` (`name`, `email`, `usertype`) VALUES ('ايه عماد يوسف محمود يوسف', 'aya13s04881@alexu.edu.eg', 'الخريجين');
INSERT INTO `lk9v6_alumni_main` (`id`, `user_id`, `approved`) VALUES (167411, 167411, 1);
INSERT INTO `lk9v6_alumni_data` (`alumni_id`, `graduation_year`, `fid`, `job`, `address`, `city`, `country`, `phone`, `gid`, `mobile`, `nationalnumber`, `department`, `division`, `with_honor`) VALUES (167411, 2015, '1', '', '', '', '', '5617054', '4', '01223855126', '', 'علوم البيئة', 'العلوم البيولوجية', '');
INSERT INTO `lk9v6_users` (`name`, `email`, `usertype`) VALUES ('بسمه حمدى على راغب السنهورى', '', 'الخريجين');
INSERT INTO `lk9v6_alumni_main` (`id`, `user_id`, `approved`) VALUES (167412, 167412, 1);
INSERT INTO `lk9v6_alumni_data` (`alumni_id`, `graduation_year`, `fid`, `job`, `address`, `city`, `country`, `phone`, `gid`, `mobile`, `nationalnumber`, `department`, `division`, `with_honor`) VALUES (167412, 2015, '1', '', '', '', '', '0452232859', '4', '01284436265', '', 'الفيزياء', 'العلوم الطبيعية', '');
INSERT INTO `lk9v6_users` (`name`, `email`, `usertype`) VALUES ('ابراهيم حمدى ابراهيم محمد عيسى', 'ibrahim13s06581@alexu.edu.eg', 'الخريجين');
INSERT INTO `lk9v6_alumni_main` (`id`, `user_id`, `approved`) VALUES (167413, 167413, 1);
INSERT INTO `lk9v6_alumni_data` (`alumni_id`, `graduation_year`, `fid`, `job`, `address`, `city`, `country`, `phone`, `gid`, `mobile`, `nationalnumber`, `department`, `division`, `with_honor`) VALUES (167413, 2015, '1', '', '', '', '', '035340517', '4', '01289937639', '', 'الجيولوجيا', 'العلوم الجيولوجية', '');
INSERT INTO `lk9v6_users` (`name`, `email`, `usertype`) VALUES ('سارة عبد الباسط كامل عبد الغنى', 'sara13s06203@alexu.edu.eg', 'الخريجين');
INSERT INTO `lk9v6_alumni_main` (`id`, `user_id`, `approved`) VALUES (167414, 167414, 1);
INSERT INTO `lk9v6_alumni_data` (`alumni_id`, `graduation_year`, `fid`, `job`, `address`, `city`, `country`, `phone`, `gid`, `mobile`, `nationalnumber`, `department`, `division`, `with_honor`) VALUES (167414, 2015, '1', '', '', '', '', '0453542022', '4', '0188299141', '', 'علوم البيئة', 'العلوم البيولوجية', '');
INSERT INTO `lk9v6_users` (`name`, `email`, `usertype`) VALUES ('ايمان رضا على محمود الرشيدى', 'eman13s05216@alexu.edu.eg', 'الخريجين');
INSERT INTO `lk9v6_alumni_main` (`id`, `user_id`, `approved`) VALUES (167415, 167415, 1);
INSERT INTO `lk9v6_alumni_data` (`alumni_id`, `graduation_year`, `fid`, `job`, `address`, `city`, `country`, `phone`, `gid`, `mobile`, `nationalnumber`, `department`, `division`, `with_honor`) VALUES (167415, 2015, '1', '', '', '', '', '0452990390', '4', '01117494115', '', 'الميكروبيولوجى', 'العلوم البيولوجية', '');
INSERT INTO `lk9v6_users` (`name`, `email`, `usertype`) VALUES ('فايزه هشام عبدالمجيد محمد', 'fayza13s05807@alexu.edu.eg', 'الخريجين');
INSERT INTO `lk9v6_alumni_main` (`id`, `user_id`, `approved`) VALUES (167416, 167416, 1);
INSERT INTO `lk9v6_alumni_data` (`alumni_id`, `graduation_year`, `fid`, `job`, `address`, `city`, `country`, `phone`, `gid`, `mobile`, `nationalnumber`, `department`, `division`, `with_honor`) VALUES (167416, 2015, '1', '', '', '', '', '0453560724', '4', '01140627949', '', 'علوم البيئة', 'العلوم البيولوجية', '');
INSERT INTO `lk9v6_users` (`name`, `email`, `usertype`) VALUES ('كرستينا عدلى سعيد عبدالسيد واصف', 'keristina13s04454@alexu.edu.eg', 'الخريجين');
INSERT INTO `lk9v6_alumni_main` (`id`, `user_id`, `approved`) VALUES (167417, 167417, 1);
INSERT INTO `lk9v6_alumni_data` (`alumni_id`, `graduation_year`, `fid`, `job`, `address`, `city`, `country`, `phone`, `gid`, `mobile`, `nationalnumber`, `department`, `division`, `with_honor`) VALUES (167417, 2015, '1', '', '', '', '', '035059951', '4', '01276322390', '', 'الفيزياء', 'العلوم الطبيعية', '');
INSERT INTO `lk9v6_users` (`name`, `email`, `usertype`) VALUES ('مصطفى خليل عبد اللطيف نوار', 'mustafa13s05045@alexu.edu.eg', 'الخريجين');
INSERT INTO `lk9v6_alumni_main` (`id`, `user_id`, `approved`) VALUES (167418, 167418, 1);
INSERT INTO `lk9v6_alumni_data` (`alumni_id`, `graduation_year`, `fid`, `job`, `address`, `city`, `country`, `phone`, `gid`, `mobile`, `nationalnumber`, `department`, `division`, `with_honor`) VALUES (167418, 2015, '1', '', '', '', '', '0453350636', '4', '01204432906', '', 'الميكروبيولوجى', 'العلوم البيولوجية', '');
INSERT INTO `lk9v6_users` (`name`, `email`, `usertype`) VALUES ('اسراء فيصل السيد عجمى اسماعيل السعدنى', 'esraa13s06156@alexu.edu.eg', 'الخريجين');
INSERT INTO `lk9v6_alumni_main` (`id`, `user_id`, `approved`) VALUES (167419, 167419, 1);
INSERT INTO `lk9v6_alumni_data` (`alumni_id`, `graduation_year`, `fid`, `job`, `address`, `city`, `country`, `phone`, `gid`, `mobile`, `nationalnumber`, `department`, `division`, `with_honor`) VALUES (167419, 2015, '1', '', '', '', '', '035903535', '4', '01117781004', '', 'الميكروبيولوجى', 'العلوم البيولوجية', '');
INSERT INTO `lk9v6_users` (`name`, `email`, `usertype`) VALUES ('ايمان ناصر محمد حسن جمعه', 'eman13s04898@alexu.edu.eg', 'الخريجين');
INSERT INTO `lk9v6_alumni_main` (`id`, `user_id`, `approved`) VALUES (167420, 167420, 1);
INSERT INTO `lk9v6_alumni_data` (`alumni_id`, `graduation_year`, `fid`, `job`, `address`, `city`, `country`, `phone`, `gid`, `mobile`, `nationalnumber`, `department`, `division`, `with_honor`) VALUES (167420, 2015, '1', '', '', '', '', '0103614051', '4', '01069350020', '', 'الكيمياء الحيوية', 'العلوم البيولوجية', '');
INSERT INTO `lk9v6_users` (`name`, `email`, `usertype`) VALUES ('كريم ممدوح محمد امين رياض', 'karim13s06507@alexu.edu.eg', 'الخريجين');
INSERT INTO `lk9v6_alumni_main` (`id`, `user_id`, `approved`) VALUES (167421, 167421, 1);
INSERT INTO `lk9v6_alumni_data` (`alumni_id`, `graduation_year`, `fid`, `job`, `address`, `city`, `country`, `phone`, `gid`, `mobile`, `nationalnumber`, `department`, `division`, `with_honor`) VALUES (167421, 2015, '1', '', '', '', '', '4351231', '4', '01223429159', '', 'الفيزياء', 'العلوم الطبيعية', '');
INSERT INTO `lk9v6_users` (`name`, `email`, `usertype`) VALUES ('شيماء خالد سيف على سيف', 'shaimaa13s05031@alexu.edu.eg', 'الخريجين');
INSERT INTO `lk9v6_alumni_main` (`id`, `user_id`, `approved`) VALUES (167422, 167422, 1);
INSERT INTO `lk9v6_alumni_data` (`alumni_id`, `graduation_year`, `fid`, `job`, `address`, `city`, `country`, `phone`, `gid`, `mobile`, `nationalnumber`, `department`, `division`, `with_honor`) VALUES (167422, 2015, '1', '', '', '', '', '0472543471', '4', '01010943188', '', 'علوم البيئة', 'العلوم البيولوجية', '');
INSERT INTO `lk9v6_users` (`name`, `email`, `usertype`) VALUES ('اسماء على معوض السعداوى', 'asmaa13s06869@alexu.edu.eg', 'الخريجين');
INSERT INTO `lk9v6_alumni_main` (`id`, `user_id`, `approved`) VALUES (167423, 167423, 1);
INSERT INTO `lk9v6_alumni_data` (`alumni_id`, `graduation_year`, `fid`, `job`, `address`, `city`, `country`, `phone`, `gid`, `mobile`, `nationalnumber`, `department`, `division`, `with_honor`) VALUES (167423, 2015, '1', '', '', '', '', '0472985148', '4', '01110155147', '', 'علوم البيئة', 'العلوم البيولوجية', '');
INSERT INTO `lk9v6_users` (`name`, `email`, `usertype`) VALUES ('ابتهال محمود محمد مبروك', 'ibtihal13s05114@alexu.edu.eg', 'الخريجين');
INSERT INTO `lk9v6_alumni_main` (`id`, `user_id`, `approved`) VALUES (167424, 167424, 1);
INSERT INTO `lk9v6_alumni_data` (`alumni_id`, `graduation_year`, `fid`, `job`, `address`, `city`, `country`, `phone`, `gid`, `mobile`, `nationalnumber`, `department`, `division`, `with_honor`) VALUES (167424, 2015, '1', '', '', '', '', '033257914', '4', '0181921081', '', 'علوم البيئة', 'العلوم البيولوجية', '');
INSERT INTO `lk9v6_users` (`name`, `email`, `usertype`) VALUES ('ضحى ابراهيم محمد توفيق داود', 'doha13s05833@alexu.edu.eg', 'الخريجين');
INSERT INTO `lk9v6_alumni_main` (`id`, `user_id`, `approved`) VALUES (167425, 167425, 1);
INSERT INTO `lk9v6_alumni_data` (`alumni_id`, `graduation_year`, `fid`, `job`, `address`, `city`, `country`, `phone`, `gid`, `mobile`, `nationalnumber`, `department`, `division`, `with_honor`) VALUES (167425, 2015, '1', '', '', '', '', '9606896', '4', '01272291266', '', 'الميكروبيولوجى', 'العلوم البيولوجية', '');
INSERT INTO `lk9v6_users` (`name`, `email`, `usertype`) VALUES ('شيماء على عبد الحليم على', 'shaimaa13s06306@alexu.edu.eg', 'الخريجين');
INSERT INTO `lk9v6_alumni_main` (`id`, `user_id`, `approved`) VALUES (167426, 167426, 1);
INSERT INTO `lk9v6_alumni_data` (`alumni_id`, `graduation_year`, `fid`, `job`, `address`, `city`, `country`, `phone`, `gid`, `mobile`, `nationalnumber`, `department`, `division`, `with_honor`) VALUES (167426, 2015, '1', '', '', '', '', '4953326', '4', '01065870966', '', 'الفيزياء', 'العلوم الطبيعية', '');
INSERT INTO `lk9v6_users` (`name`, `email`, `usertype`) VALUES ('هبة احمد عبدالمنعم بشارة', 'heba13s05748@alexu.edu.eg', 'الخريجين');
INSERT INTO `lk9v6_alumni_main` (`id`, `user_id`, `approved`) VALUES (167427, 167427, 1);
INSERT INTO `lk9v6_alumni_data` (`alumni_id`, `graduation_year`, `fid`, `job`, `address`, `city`, `country`, `phone`, `gid`, `mobile`, `nationalnumber`, `department`, `division`, `with_honor`) VALUES (167427, 2015, '1', '', '', '', '', '0453326760', '4', '0169842255', '', 'الكيمياء الحيوية', 'العلوم البيولوجية', '');
INSERT INTO `lk9v6_users` (`name`, `email`, `usertype`) VALUES ('اسماء رجب السيد عبد المعطى مطاوع', 'asmaa13s04900@alexu.edu.eg', 'الخريجين');
INSERT INTO `lk9v6_alumni_main` (`id`, `user_id`, `approved`) VALUES (167428, 167428, 1);
INSERT INTO `lk9v6_alumni_data` (`alumni_id`, `graduation_year`, `fid`, `job`, `address`, `city`, `country`, `phone`, `gid`, `mobile`, `nationalnumber`, `department`, `division`, `with_honor`) VALUES (167428, 2015, '1', '', '', '', '', '4486272', '4', '01222772406', '', 'علوم البيئة', 'العلوم البيولوجية', '');
INSERT INTO `lk9v6_users` (`name`, `email`, `usertype`) VALUES ('امنيه سعيد على مرسى سليم', 'omnia13s04594@alexu.edu.eg', 'الخريجين');
INSERT INTO `lk9v6_alumni_main` (`id`, `user_id`, `approved`) VALUES (167429, 167429, 1);
INSERT INTO `lk9v6_alumni_data` (`alumni_id`, `graduation_year`, `fid`, `job`, `address`, `city`, `country`, `phone`, `gid`, `mobile`, `nationalnumber`, `department`, `division`, `with_honor`) VALUES (167429, 2015, '1', '', '', '', '', '5617947', '4', '0185227544', '', 'الفيزياء', 'العلوم الطبيعية', '');
INSERT INTO `lk9v6_users` (`name`, `email`, `usertype`) VALUES ('على السيد احمد عبدالعزيز', 'ali13s05219@alexu.edu.eg', 'الخريجين');
INSERT INTO `lk9v6_alumni_main` (`id`, `user_id`, `approved`) VALUES (167430, 167430, 1);
INSERT INTO `lk9v6_alumni_data` (`alumni_id`, `graduation_year`, `fid`, `job`, `address`, `city`, `country`, `phone`, `gid`, `mobile`, `nationalnumber`, `department`, `division`, `with_honor`) VALUES (167430, 2015, '1', '', '', '', '', '3225429', '4', '01203262129', '', 'علوم البيئة', 'العلوم البيولوجية', '');
INSERT INTO `lk9v6_users` (`name`, `email`, `usertype`) VALUES ('عتاب رجب شعبان على', 'etab13s05327@alexu.edu.eg', 'الخريجين');
INSERT INTO `lk9v6_alumni_main` (`id`, `user_id`, `approved`) VALUES (167431, 167431, 1);
INSERT INTO `lk9v6_alumni_data` (`alumni_id`, `graduation_year`, `fid`, `job`, `address`, `city`, `country`, `phone`, `gid`, `mobile`, `nationalnumber`, `department`, `division`, `with_honor`) VALUES (167431, 2015, '1', '', '', '', '', '0453270740', '4', '01001998326', '', 'الكيمياء الحيوية', 'العلوم البيولوجية', '');
INSERT INTO `lk9v6_users` (`name`, `email`, `usertype`) VALUES ('مروه محمد على كليب عيسى', 'marwa13s04981@alexu.edu.eg', 'الخريجين');
INSERT INTO `lk9v6_alumni_main` (`id`, `user_id`, `approved`) VALUES (167432, 167432, 1);
INSERT INTO `lk9v6_alumni_data` (`alumni_id`, `graduation_year`, `fid`, `job`, `address`, `city`, `country`, `phone`, `gid`, `mobile`, `nationalnumber`, `department`, `division`, `with_honor`) VALUES (167432, 2015, '1', '', '', '', '', '4367970', '4', '0184744152', '', 'علوم البيئة', 'العلوم البيولوجية', '');
INSERT INTO `lk9v6_users` (`name`, `email`, `usertype`) VALUES ('مروه ناصر عمر احمد الصواف', 'marwa13s06854@alexu.edu.eg', 'الخريجين');
INSERT INTO `lk9v6_alumni_main` (`id`, `user_id`, `approved`) VALUES (167433, 167433, 1);
INSERT INTO `lk9v6_alumni_data` (`alumni_id`, `graduation_year`, `fid`, `job`, `address`, `city`, `country`, `phone`, `gid`, `mobile`, `nationalnumber`, `department`, `division`, `with_honor`) VALUES (167433, 2015, '1', '', '', '', '', '3010303', '4', '01120620541', '', 'الفيزياء', 'العلوم الطبيعية', '');
INSERT INTO `lk9v6_users` (`name`, `email`, `usertype`) VALUES ('هند عنايت عبدالحميد محمود', 'hend13s04871@alexu.edu.eg', 'الخريجين');
INSERT INTO `lk9v6_alumni_main` (`id`, `user_id`, `approved`) VALUES (167434, 167434, 1);
INSERT INTO `lk9v6_alumni_data` (`alumni_id`, `graduation_year`, `fid`, `job`, `address`, `city`, `country`, `phone`, `gid`, `mobile`, `nationalnumber`, `department`, `division`, `with_honor`) VALUES (167434, 2015, '1', '', '', '', '', '035342075', '4', '01001478207', '', 'علوم البيئة', 'العلوم البيولوجية', '');
INSERT INTO `lk9v6_users` (`name`, `email`, `usertype`) VALUES ('امنيه محمد شعبان على', 'omnia13s05676@alexu.edu.eg', 'الخريجين');
INSERT INTO `lk9v6_alumni_main` (`id`, `user_id`, `approved`) VALUES (167435, 167435, 1);
INSERT INTO `lk9v6_alumni_data` (`alumni_id`, `graduation_year`, `fid`, `job`, `address`, `city`, `country`, `phone`, `gid`, `mobile`, `nationalnumber`, `department`, `division`, `with_honor`) VALUES (167435, 2015, '1', '', '', '', '', '4976079', '4', '01013163093', '', 'علوم البيئة', 'العلوم البيولوجية', '');
INSERT INTO `lk9v6_users` (`name`, `email`, `usertype`) VALUES ('ريتام سامى ابراهيم يوسف منصور', 'ritam13s04853@alexu.edu.eg', 'الخريجين');
INSERT INTO `lk9v6_alumni_main` (`id`, `user_id`, `approved`) VALUES (167436, 167436, 1);
INSERT INTO `lk9v6_alumni_data` (`alumni_id`, `graduation_year`, `fid`, `job`, `address`, `city`, `country`, `phone`, `gid`, `mobile`, `nationalnumber`, `department`, `division`, `with_honor`) VALUES (167436, 2015, '1', '', '', '', '', '5911649', '4', '01114962199', '', 'علوم البيئة', 'العلوم البيولوجية', '');
INSERT INTO `lk9v6_users` (`name`, `email`, `usertype`) VALUES ('حسناء عبد المحسن يحيى احمد القبيه', 'hasnaa13s05447@alexu.edu.eg', 'الخريجين');
INSERT INTO `lk9v6_alumni_main` (`id`, `user_id`, `approved`) VALUES (167437, 167437, 1);
INSERT INTO `lk9v6_alumni_data` (`alumni_id`, `graduation_year`, `fid`, `job`, `address`, `city`, `country`, `phone`, `gid`, `mobile`, `nationalnumber`, `department`, `division`, `with_honor`) VALUES (167437, 2015, '1', '', '', '', '', '035354795', '4', '01145414833', '', 'علوم البيئة', 'العلوم البيولوجية', '');
INSERT INTO `lk9v6_users` (`name`, `email`, `usertype`) VALUES ('محمد هشام حسن ابراهيم', 'mohamed13s06584@alexu.edu.eg', 'الخريجين');
INSERT INTO `lk9v6_alumni_main` (`id`, `user_id`, `approved`) VALUES (167438, 167438, 1);
INSERT INTO `lk9v6_alumni_data` (`alumni_id`, `graduation_year`, `fid`, `job`, `address`, `city`, `country`, `phone`, `gid`, `mobile`, `nationalnumber`, `department`, `division`, `with_honor`) VALUES (167438, 2015, '1', '', '', '', '', '034344002', '4', '0127561406', '', 'الفيزياء', 'العلوم الطبيعية', '');
INSERT INTO `lk9v6_users` (`name`, `email`, `usertype`) VALUES ('رانيا محمد عبده احمد عبد الرسول', 'rania13s06525@alexu.edu.eg', 'الخريجين');
INSERT INTO `lk9v6_alumni_main` (`id`, `user_id`, `approved`) VALUES (167439, 167439, 1);
INSERT INTO `lk9v6_alumni_data` (`alumni_id`, `graduation_year`, `fid`, `job`, `address`, `city`, `country`, `phone`, `gid`, `mobile`, `nationalnumber`, `department`, `division`, `with_honor`) VALUES (167439, 2015, '1', '', '', '', '', '033593527', '4', '0170907582', '', 'الفيزياء', 'العلوم الطبيعية', '');
INSERT INTO `lk9v6_users` (`name`, `email`, `usertype`) VALUES ('مروه بسيونى على عبد السيد محمد', 'marwa13s04918@alexu.edu.eg', 'الخريجين');
INSERT INTO `lk9v6_alumni_main` (`id`, `user_id`, `approved`) VALUES (167440, 167440, 1);
INSERT INTO `lk9v6_alumni_data` (`alumni_id`, `graduation_year`, `fid`, `job`, `address`, `city`, `country`, `phone`, `gid`, `mobile`, `nationalnumber`, `department`, `division`, `with_honor`) VALUES (167440, 2015, '1', '', '', '', '', '0472765669', '4', '01094503470', '', 'علوم البيئة', 'العلوم البيولوجية', '');
INSERT INTO `lk9v6_users` (`name`, `email`, `usertype`) VALUES ('نهى مصطفى عبد الفتاح بلال', 'noha13s05419@alexu.edu.eg', 'الخريجين');
INSERT INTO `lk9v6_alumni_main` (`id`, `user_id`, `approved`) VALUES (167441, 167441, 1);
INSERT INTO `lk9v6_alumni_data` (`alumni_id`, `graduation_year`, `fid`, `job`, `address`, `city`, `country`, `phone`, `gid`, `mobile`, `nationalnumber`, `department`, `division`, `with_honor`) VALUES (167441, 2015, '1', '', '', '', '', '035522376', '4', '01150491104', '', 'علوم البيئة', 'العلوم البيولوجية', '');
INSERT INTO `lk9v6_users` (`name`, `email`, `usertype`) VALUES ('محمد صبحى ابراهيم عبدالحميد درويش', 'mohamed13s04899@alexu.edu.eg', 'الخريجين');
INSERT INTO `lk9v6_alumni_main` (`id`, `user_id`, `approved`) VALUES (167442, 167442, 1);
INSERT INTO `lk9v6_alumni_data` (`alumni_id`, `graduation_year`, `fid`, `job`, `address`, `city`, `country`, `phone`, `gid`, `mobile`, `nationalnumber`, `department`, `division`, `with_honor`) VALUES (167442, 2015, '1', '', '', '', '', '0452233519', '4', '01224309079', '', 'علوم البيئة', 'العلوم البيولوجية', '');
INSERT INTO `lk9v6_users` (`name`, `email`, `usertype`) VALUES ('شيماء مصطفى على فتحى الفقى', 'shaimaa13s06058@alexu.edu.eg', 'الخريجين');
INSERT INTO `lk9v6_alumni_main` (`id`, `user_id`, `approved`) VALUES (167443, 167443, 1);
INSERT INTO `lk9v6_alumni_data` (`alumni_id`, `graduation_year`, `fid`, `job`, `address`, `city`, `country`, `phone`, `gid`, `mobile`, `nationalnumber`, `department`, `division`, `with_honor`) VALUES (167443, 2015, '1', '', '', '', '', '035373709', '4', '0162276648', '', 'الفيزياء', 'العلوم الطبيعية', '');
INSERT INTO `lk9v6_users` (`name`, `email`, `usertype`) VALUES ('مى نبيل ابراهيم فتيحه غريب', 'mai13s04306@alexu.edu.eg', 'الخريجين');
INSERT INTO `lk9v6_alumni_main` (`id`, `user_id`, `approved`) VALUES (167444, 167444, 1);
INSERT INTO `lk9v6_alumni_data` (`alumni_id`, `graduation_year`, `fid`, `job`, `address`, `city`, `country`, `phone`, `gid`, `mobile`, `nationalnumber`, `department`, `division`, `with_honor`) VALUES (167444, 2015, '1', '', '', '', '', '033598004', '4', '01112428027', '', 'الفيزياء', 'العلوم الطبيعية', '');
INSERT INTO `lk9v6_users` (`name`, `email`, `usertype`) VALUES ('هدير خالد بكر محمد الحاج', 'hadeer13s06703@alexu.edu.eg', 'الخريجين');
INSERT INTO `lk9v6_alumni_main` (`id`, `user_id`, `approved`) VALUES (167445, 167445, 1);
INSERT INTO `lk9v6_alumni_data` (`alumni_id`, `graduation_year`, `fid`, `job`, `address`, `city`, `country`, `phone`, `gid`, `mobile`, `nationalnumber`, `department`, `division`, `with_honor`) VALUES (167445, 2015, '1', '', '', '', '', '5930459', '4', '01229877947', '', 'الفيزياء', 'العلوم الطبيعية', '');
INSERT INTO `lk9v6_users` (`name`, `email`, `usertype`) VALUES ('مى على عبد النبى على عبد النبى', 'mai13s05209@alexu.edu.eg', 'الخريجين');
INSERT INTO `lk9v6_alumni_main` (`id`, `user_id`, `approved`) VALUES (167446, 167446, 1);
INSERT INTO `lk9v6_alumni_data` (`alumni_id`, `graduation_year`, `fid`, `job`, `address`, `city`, `country`, `phone`, `gid`, `mobile`, `nationalnumber`, `department`, `division`, `with_honor`) VALUES (167446, 2015, '1', '', '', '', '', '033628564', '4', '01277703403', '', 'علوم البيئة', 'العلوم البيولوجية', '');
INSERT INTO `lk9v6_users` (`name`, `email`, `usertype`) VALUES ('يوستينا سعيد رمزى أنور سعيد', 'youstina13s06816@alexu.edu.eg', 'الخريجين');
INSERT INTO `lk9v6_alumni_main` (`id`, `user_id`, `approved`) VALUES (167447, 167447, 1);
INSERT INTO `lk9v6_alumni_data` (`alumni_id`, `graduation_year`, `fid`, `job`, `address`, `city`, `country`, `phone`, `gid`, `mobile`, `nationalnumber`, `department`, `division`, `with_honor`) VALUES (167447, 2015, '1', '', '', '', '', '3520257', '4', '01279852364', '', 'علوم البيئة', 'العلوم البيولوجية', '');
INSERT INTO `lk9v6_users` (`name`, `email`, `usertype`) VALUES ('منال محمد محمد ابراهيم الشوا', 'manal13s05074@alexu.edu.eg', 'الخريجين');
INSERT INTO `lk9v6_alumni_main` (`id`, `user_id`, `approved`) VALUES (167448, 167448, 1);
INSERT INTO `lk9v6_alumni_data` (`alumni_id`, `graduation_year`, `fid`, `job`, `address`, `city`, `country`, `phone`, `gid`, `mobile`, `nationalnumber`, `department`, `division`, `with_honor`) VALUES (167448, 2015, '1', '', '', '', '', '0452963950', '4', '01022685877', '', 'علوم البيئة', 'العلوم البيولوجية', '');
INSERT INTO `lk9v6_users` (`name`, `email`, `usertype`) VALUES ('الاء ابراهيم حسن الشنهابى', 'alaa13s04824@alexu.edu.eg', 'الخريجين');
INSERT INTO `lk9v6_alumni_main` (`id`, `user_id`, `approved`) VALUES (167449, 167449, 1);
INSERT INTO `lk9v6_alumni_data` (`alumni_id`, `graduation_year`, `fid`, `job`, `address`, `city`, `country`, `phone`, `gid`, `mobile`, `nationalnumber`, `department`, `division`, `with_honor`) VALUES (167449, 2015, '1', '', '', '', '', '5848217', '4', '01112810481', '', 'علوم البيئة', 'العلوم البيولوجية', '');
INSERT INTO `lk9v6_users` (`name`, `email`, `usertype`) VALUES ('على محمد رضا على السيد عبدالرحمن جبر', 'ali13s04428@alexu.edu.eg', 'الخريجين');
INSERT INTO `lk9v6_alumni_main` (`id`, `user_id`, `approved`) VALUES (167450, 167450, 1);
INSERT INTO `lk9v6_alumni_data` (`alumni_id`, `graduation_year`, `fid`, `job`, `address`, `city`, `country`, `phone`, `gid`, `mobile`, `nationalnumber`, `department`, `division`, `with_honor`) VALUES (167450, 2015, '1', '', '', '', '', '5028183', '4', '01152640851', '', 'الفيزياء', 'العلوم الطبيعية', '');
INSERT INTO `lk9v6_users` (`name`, `email`, `usertype`) VALUES ('محمود السيد حسن مصطفى', 'mahmoud13s05439@alexu.edu.eg', 'الخريجين');
INSERT INTO `lk9v6_alumni_main` (`id`, `user_id`, `approved`) VALUES (167451, 167451, 1);
INSERT INTO `lk9v6_alumni_data` (`alumni_id`, `graduation_year`, `fid`, `job`, `address`, `city`, `country`, `phone`, `gid`, `mobile`, `nationalnumber`, `department`, `division`, `with_honor`) VALUES (167451, 2015, '1', '', '', '', '', '3198799', '4', '01201564390', '', 'علوم البيئة', 'العلوم البيولوجية', '');
INSERT INTO `lk9v6_users` (`name`, `email`, `usertype`) VALUES ('مروه عيد محمد احمد', 'marwa13s04996@alexu.edu.eg', 'الخريجين');
INSERT INTO `lk9v6_alumni_main` (`id`, `user_id`, `approved`) VALUES (167452, 167452, 1);
INSERT INTO `lk9v6_alumni_data` (`alumni_id`, `graduation_year`, `fid`, `job`, `address`, `city`, `country`, `phone`, `gid`, `mobile`, `nationalnumber`, `department`, `division`, `with_honor`) VALUES (167452, 2015, '1', '', '', '', '', '0452371455', '4', '01004959080', '', 'الميكروبيولوجى', 'العلوم البيولوجية', '');
INSERT INTO `lk9v6_users` (`name`, `email`, `usertype`) VALUES ('نورهان حسن عبدالحميد يحى خليفه', 'nourhan13s05185@alexu.edu.eg', 'الخريجين');
INSERT INTO `lk9v6_alumni_main` (`id`, `user_id`, `approved`) VALUES (167453, 167453, 1);
INSERT INTO `lk9v6_alumni_data` (`alumni_id`, `graduation_year`, `fid`, `job`, `address`, `city`, `country`, `phone`, `gid`, `mobile`, `nationalnumber`, `department`, `division`, `with_honor`) VALUES (167453, 2015, '1', '', '', '', '', '035736278', '4', '01090191562', '', 'علوم البيئة', 'العلوم البيولوجية', '');
INSERT INTO `lk9v6_users` (`name`, `email`, `usertype`) VALUES ('منال جابر ابراهيم محمد احمد', 'manal13s06369@alexu.edu.eg', 'الخريجين');
INSERT INTO `lk9v6_alumni_main` (`id`, `user_id`, `approved`) VALUES (167454, 167454, 1);
INSERT INTO `lk9v6_alumni_data` (`alumni_id`, `graduation_year`, `fid`, `job`, `address`, `city`, `country`, `phone`, `gid`, `mobile`, `nationalnumber`, `department`, `division`, `with_honor`) VALUES (167454, 2015, '1', '', '', '', '', '01285216875', '4', '01285216875', '', 'الفيزياء', 'العلوم الطبيعية', '');
INSERT INTO `lk9v6_users` (`name`, `email`, `usertype`) VALUES ('محمد السيد محمود رفاعى شعبان', 'mohamed13s04300@alexu.edu.eg', 'الخريجين');
INSERT INTO `lk9v6_alumni_main` (`id`, `user_id`, `approved`) VALUES (167455, 167455, 1);
INSERT INTO `lk9v6_alumni_data` (`alumni_id`, `graduation_year`, `fid`, `job`, `address`, `city`, `country`, `phone`, `gid`, `mobile`, `nationalnumber`, `department`, `division`, `with_honor`) VALUES (167455, 2015, '1', '', '', '', '', '3233182', '4', '01280066181', '', 'الفيزياء', 'العلوم الطبيعية', '');
INSERT INTO `lk9v6_users` (`name`, `email`, `usertype`) VALUES ('اسماء محمد حجازى قبيصى قرنه', 'asmaa13s04705@alexu.edu.eg', 'الخريجين');
INSERT INTO `lk9v6_alumni_main` (`id`, `user_id`, `approved`) VALUES (167456, 167456, 1);
INSERT INTO `lk9v6_alumni_data` (`alumni_id`, `graduation_year`, `fid`, `job`, `address`, `city`, `country`, `phone`, `gid`, `mobile`, `nationalnumber`, `department`, `division`, `with_honor`) VALUES (167456, 2015, '1', '', '', '', '', '4367701', '4', '01284241893', '', 'الفيزياء', 'العلوم الطبيعية', '');
INSERT INTO `lk9v6_users` (`name`, `email`, `usertype`) VALUES ('اسراء رجب عبدالعزيز ابراهيم شحاته', 'esraa13s05267@alexu.edu.eg', 'الخريجين');
INSERT INTO `lk9v6_alumni_main` (`id`, `user_id`, `approved`) VALUES (167457, 167457, 1);
INSERT INTO `lk9v6_alumni_data` (`alumni_id`, `graduation_year`, `fid`, `job`, `address`, `city`, `country`, `phone`, `gid`, `mobile`, `nationalnumber`, `department`, `division`, `with_honor`) VALUES (167457, 2015, '1', '', '', '', '', '4297830', '4', '01015270024', '', 'علوم البيئة', 'العلوم البيولوجية', '');
INSERT INTO `lk9v6_users` (`name`, `email`, `usertype`) VALUES ('اسماء محروس مرشدى ابو طايش', 'asmaa13s05592@alexu.edu.eg', 'الخريجين');
INSERT INTO `lk9v6_alumni_main` (`id`, `user_id`, `approved`) VALUES (167458, 167458, 1);
INSERT INTO `lk9v6_alumni_data` (`alumni_id`, `graduation_year`, `fid`, `job`, `address`, `city`, `country`, `phone`, `gid`, `mobile`, `nationalnumber`, `department`, `division`, `with_honor`) VALUES (167458, 2015, '1', '', '', '', '', '0111819428', '4', '01012923318', '', 'علوم البيئة', 'العلوم البيولوجية', '');
INSERT INTO `lk9v6_users` (`name`, `email`, `usertype`) VALUES ('ندى السيد حسن ضيف ابوزيد', 'nada13s04706@alexu.edu.eg', 'الخريجين');
INSERT INTO `lk9v6_alumni_main` (`id`, `user_id`, `approved`) VALUES (167459, 167459, 1);
INSERT INTO `lk9v6_alumni_data` (`alumni_id`, `graduation_year`, `fid`, `job`, `address`, `city`, `country`, `phone`, `gid`, `mobile`, `nationalnumber`, `department`, `division`, `with_honor`) VALUES (167459, 2015, '1', '', '', '', '', '4435802', '4', '01221927276', '', 'الفيزياء', 'العلوم الطبيعية', '');
INSERT INTO `lk9v6_users` (`name`, `email`, `usertype`) VALUES ('سماح سمير زكى تادرس', 'samah13s05004@alexu.edu.eg', 'الخريجين');
INSERT INTO `lk9v6_alumni_main` (`id`, `user_id`, `approved`) VALUES (167460, 167460, 1);
INSERT INTO `lk9v6_alumni_data` (`alumni_id`, `graduation_year`, `fid`, `job`, `address`, `city`, `country`, `phone`, `gid`, `mobile`, `nationalnumber`, `department`, `division`, `with_honor`) VALUES (167460, 2015, '1', '', '', '', '', '0452704852', '4', '01207421800', '', 'الميكروبيولوجى', 'العلوم البيولوجية', '');
INSERT INTO `lk9v6_users` (`name`, `email`, `usertype`) VALUES ('مارك فهمى مسعد فهمى رفله', 'mark13s04608@alexu.edu.eg', 'الخريجين');
INSERT INTO `lk9v6_alumni_main` (`id`, `user_id`, `approved`) VALUES (167461, 167461, 1);
INSERT INTO `lk9v6_alumni_data` (`alumni_id`, `graduation_year`, `fid`, `job`, `address`, `city`, `country`, `phone`, `gid`, `mobile`, `nationalnumber`, `department`, `division`, `with_honor`) VALUES (167461, 2015, '1', '', '', '', '', '034281391', '4', '0121877883', '', 'الفيزياء', 'العلوم الطبيعية', '');
INSERT INTO `lk9v6_users` (`name`, `email`, `usertype`) VALUES ('ايات فيصل السيد عجمى اسماعيل السعدنى', 'ayat13s06157@alexu.edu.eg', 'الخريجين');
INSERT INTO `lk9v6_alumni_main` (`id`, `user_id`, `approved`) VALUES (167462, 167462, 1);
INSERT INTO `lk9v6_alumni_data` (`alumni_id`, `graduation_year`, `fid`, `job`, `address`, `city`, `country`, `phone`, `gid`, `mobile`, `nationalnumber`, `department`, `division`, `with_honor`) VALUES (167462, 2015, '1', '', '', '', '', '035903535', '4', '0117781003', '', 'الميكروبيولوجى', 'العلوم البيولوجية', '');
INSERT INTO `lk9v6_users` (`name`, `email`, `usertype`) VALUES ('اسماء قطب رجب الابشيهى', 'asmaa13s05697@alexu.edu.eg', 'الخريجين');
INSERT INTO `lk9v6_alumni_main` (`id`, `user_id`, `approved`) VALUES (167463, 167463, 1);
INSERT INTO `lk9v6_alumni_data` (`alumni_id`, `graduation_year`, `fid`, `job`, `address`, `city`, `country`, `phone`, `gid`, `mobile`, `nationalnumber`, `department`, `division`, `with_honor`) VALUES (167463, 2015, '1', '', '', '', '', '0453330163', '4', '0192843032', '', 'الميكروبيولوجى', 'العلوم البيولوجية', '');
INSERT INTO `lk9v6_users` (`name`, `email`, `usertype`) VALUES ('دعاء عبد الحميد عقاد بشير', 'doaa13s04669@alexu.edu.eg', 'الخريجين');
INSERT INTO `lk9v6_alumni_main` (`id`, `user_id`, `approved`) VALUES (167464, 167464, 1);
INSERT INTO `lk9v6_alumni_data` (`alumni_id`, `graduation_year`, `fid`, `job`, `address`, `city`, `country`, `phone`, `gid`, `mobile`, `nationalnumber`, `department`, `division`, `with_honor`) VALUES (167464, 2015, '1', '', '', '', '', '035281974', '4', '01112034073', '', 'الجيولوجيا', 'العلوم الجيولوجية', '');
INSERT INTO `lk9v6_users` (`name`, `email`, `usertype`) VALUES ('اسماء اشرف سعد عبدالرحمن', 'asmaa13s04886@alexu.edu.eg', 'الخريجين');
INSERT INTO `lk9v6_alumni_main` (`id`, `user_id`, `approved`) VALUES (167465, 167465, 1);
INSERT INTO `lk9v6_alumni_data` (`alumni_id`, `graduation_year`, `fid`, `job`, `address`, `city`, `country`, `phone`, `gid`, `mobile`, `nationalnumber`, `department`, `division`, `with_honor`) VALUES (167465, 2015, '1', '', '', '', '', '0472712415', '4', '01067751158', '', 'علوم البيئة', 'العلوم البيولوجية', '');
INSERT INTO `lk9v6_users` (`name`, `email`, `usertype`) VALUES ('هدير احمد خميس محمود محمد', 'hadeer13s04276@alexu.edu.eg', 'الخريجين');
INSERT INTO `lk9v6_alumni_main` (`id`, `user_id`, `approved`) VALUES (167466, 167466, 1);
INSERT INTO `lk9v6_alumni_data` (`alumni_id`, `graduation_year`, `fid`, `job`, `address`, `city`, `country`, `phone`, `gid`, `mobile`, `nationalnumber`, `department`, `division`, `with_honor`) VALUES (167466, 2015, '1', '', '', '', '', '034943360', '4', '01281883048', '', 'الفيزياء', 'العلوم الطبيعية', '');
INSERT INTO `lk9v6_users` (`name`, `email`, `usertype`) VALUES ('عمرو العربى على البرعى', 'amr13s04612@alexu.edu.eg', 'الخريجين');
INSERT INTO `lk9v6_alumni_main` (`id`, `user_id`, `approved`) VALUES (167467, 167467, 1);
INSERT INTO `lk9v6_alumni_data` (`alumni_id`, `graduation_year`, `fid`, `job`, `address`, `city`, `country`, `phone`, `gid`, `mobile`, `nationalnumber`, `department`, `division`, `with_honor`) VALUES (167467, 2015, '1', '', '', '', '', '035909461', '4', '01111096930', '', 'الفيزياء', 'العلوم الطبيعية', '');
INSERT INTO `lk9v6_users` (`name`, `email`, `usertype`) VALUES ('ندى طارق حسنين محمد حسنين', 'nada13s06694@alexu.edu.eg', 'الخريجين');
INSERT INTO `lk9v6_alumni_main` (`id`, `user_id`, `approved`) VALUES (167468, 167468, 1);
INSERT INTO `lk9v6_alumni_data` (`alumni_id`, `graduation_year`, `fid`, `job`, `address`, `city`, `country`, `phone`, `gid`, `mobile`, `nationalnumber`, `department`, `division`, `with_honor`) VALUES (167468, 2015, '1', '', '', '', '', '035434163', '4', '01066130237', '', 'علوم البيئة', 'العلوم البيولوجية', '');
INSERT INTO `lk9v6_users` (`name`, `email`, `usertype`) VALUES ('محمود ابرهيم زغلول حامد', 'mahmoud13s04335@alexu.edu.eg', 'الخريجين');
INSERT INTO `lk9v6_alumni_main` (`id`, `user_id`, `approved`) VALUES (167469, 167469, 1);
INSERT INTO `lk9v6_alumni_data` (`alumni_id`, `graduation_year`, `fid`, `job`, `address`, `city`, `country`, `phone`, `gid`, `mobile`, `nationalnumber`, `department`, `division`, `with_honor`) VALUES (167469, 2015, '1', '', '', '', '', '034593310', '4', '01277001825', '', 'الفيزياء', 'العلوم الطبيعية', '');
INSERT INTO `lk9v6_users` (`name`, `email`, `usertype`) VALUES ('اسراء حسان احمد عبد الحميد مطاريد', 'esraa13s05008@alexu.edu.eg', 'الخريجين');
INSERT INTO `lk9v6_alumni_main` (`id`, `user_id`, `approved`) VALUES (167470, 167470, 1);
INSERT INTO `lk9v6_alumni_data` (`alumni_id`, `graduation_year`, `fid`, `job`, `address`, `city`, `country`, `phone`, `gid`, `mobile`, `nationalnumber`, `department`, `division`, `with_honor`) VALUES (167470, 2015, '1', '', '', '', '', '2271483', '4', '01123392668', '', 'علوم البيئة', 'العلوم البيولوجية', '');
INSERT INTO `lk9v6_users` (`name`, `email`, `usertype`) VALUES ('صلاح الدين احمد هاشم عبدالحميد عبدالجليل', 'salah13s05167@alexu.edu.eg', 'الخريجين');
INSERT INTO `lk9v6_alumni_main` (`id`, `user_id`, `approved`) VALUES (167471, 167471, 1);
INSERT INTO `lk9v6_alumni_data` (`alumni_id`, `graduation_year`, `fid`, `job`, `address`, `city`, `country`, `phone`, `gid`, `mobile`, `nationalnumber`, `department`, `division`, `with_honor`) VALUES (167471, 2015, '1', '', '', '', '', '4800453', '4', '01147279914', '', 'علوم البيئة', 'العلوم البيولوجية', '');
INSERT INTO `lk9v6_users` (`name`, `email`, `usertype`) VALUES ('دينا كامل احمد السايس', 'dina13s05130@alexu.edu.eg', 'الخريجين');
INSERT INTO `lk9v6_alumni_main` (`id`, `user_id`, `approved`) VALUES (167472, 167472, 1);
INSERT INTO `lk9v6_alumni_data` (`alumni_id`, `graduation_year`, `fid`, `job`, `address`, `city`, `country`, `phone`, `gid`, `mobile`, `nationalnumber`, `department`, `division`, `with_honor`) VALUES (167472, 2015, '1', '', '', '', '', '0472712314', '4', '0191979697', '', 'علوم البيئة', 'العلوم البيولوجية', '');
INSERT INTO `lk9v6_users` (`name`, `email`, `usertype`) VALUES ('سميه محمد محمود محمد ابراهيم', 'somaya13s05671@alexu.edu.eg', 'الخريجين');
INSERT INTO `lk9v6_alumni_main` (`id`, `user_id`, `approved`) VALUES (167473, 167473, 1);
INSERT INTO `lk9v6_alumni_data` (`alumni_id`, `graduation_year`, `fid`, `job`, `address`, `city`, `country`, `phone`, `gid`, `mobile`, `nationalnumber`, `department`, `division`, `with_honor`) VALUES (167473, 2015, '1', '', '', '', '', '0452275904', '4', '01117716832', '', 'الكيمياء الحيوية', 'العلوم البيولوجية', '');
INSERT INTO `lk9v6_users` (`name`, `email`, `usertype`) VALUES ('اسراء محمد محمد منصور', 'esraa13s04769@alexu.edu.eg', 'الخريجين');
INSERT INTO `lk9v6_alumni_main` (`id`, `user_id`, `approved`) VALUES (167474, 167474, 1);
INSERT INTO `lk9v6_alumni_data` (`alumni_id`, `graduation_year`, `fid`, `job`, `address`, `city`, `country`, `phone`, `gid`, `mobile`, `nationalnumber`, `department`, `division`, `with_honor`) VALUES (167474, 2015, '1', '', '', '', '', '035337946', '4', '01063719700', '', 'الفيزياء', 'العلوم الطبيعية', '');
INSERT INTO `lk9v6_users` (`name`, `email`, `usertype`) VALUES ('ايمان الشبراوى محمد عبد الفتاح', 'eman13s06074@alexu.edu.eg', 'الخريجين');
INSERT INTO `lk9v6_alumni_main` (`id`, `user_id`, `approved`) VALUES (167475, 167475, 1);
INSERT INTO `lk9v6_alumni_data` (`alumni_id`, `graduation_year`, `fid`, `job`, `address`, `city`, `country`, `phone`, `gid`, `mobile`, `nationalnumber`, `department`, `division`, `with_honor`) VALUES (167475, 2015, '1', '', '', '', '', '035611773', '4', '01272418832', '', 'الفيزياء', 'العلوم الطبيعية', '');
INSERT INTO `lk9v6_users` (`name`, `email`, `usertype`) VALUES ('اسلام مصطفى احمد السيد', 'islam13s04506@alexu.edu.eg', 'الخريجين');
INSERT INTO `lk9v6_alumni_main` (`id`, `user_id`, `approved`) VALUES (167476, 167476, 1);
INSERT INTO `lk9v6_alumni_data` (`alumni_id`, `graduation_year`, `fid`, `job`, `address`, `city`, `country`, `phone`, `gid`, `mobile`, `nationalnumber`, `department`, `division`, `with_honor`) VALUES (167476, 2015, '1', '', '', '', '', '4387842', '4', '01126241199', '', 'الفيزياء', 'العلوم الطبيعية', '');
INSERT INTO `lk9v6_users` (`name`, `email`, `usertype`) VALUES ('شيماء نصر الله محمد عبدالجليل', 'shaimaa13s05437@alexu.edu.eg', 'الخريجين');
INSERT INTO `lk9v6_alumni_main` (`id`, `user_id`, `approved`) VALUES (167477, 167477, 1);
INSERT INTO `lk9v6_alumni_data` (`alumni_id`, `graduation_year`, `fid`, `job`, `address`, `city`, `country`, `phone`, `gid`, `mobile`, `nationalnumber`, `department`, `division`, `with_honor`) VALUES (167477, 2015, '1', '', '', '', '', '0452510922', '3', '01149471494', '', 'علوم البيئة', 'العلوم البيولوجية', '');
INSERT INTO `lk9v6_users` (`name`, `email`, `usertype`) VALUES ('اميرة رمضان احمد على عبدالكريم', 'amira13s05689@alexu.edu.eg', 'الخريجين');
INSERT INTO `lk9v6_alumni_main` (`id`, `user_id`, `approved`) VALUES (167478, 167478, 1);
INSERT INTO `lk9v6_alumni_data` (`alumni_id`, `graduation_year`, `fid`, `job`, `address`, `city`, `country`, `phone`, `gid`, `mobile`, `nationalnumber`, `department`, `division`, `with_honor`) VALUES (167478, 2015, '1', '', '', '', '', '0452563815', '3', '0194774696', '', 'علوم البيئة', 'العلوم البيولوجية', '');
INSERT INTO `lk9v6_users` (`name`, `email`, `usertype`) VALUES ('محمد عبد المعطى بسيونى محمد', 'mohamed13s06160@alexu.edu.eg', 'الخريجين');
INSERT INTO `lk9v6_alumni_main` (`id`, `user_id`, `approved`) VALUES (167479, 167479, 1);
INSERT INTO `lk9v6_alumni_data` (`alumni_id`, `graduation_year`, `fid`, `job`, `address`, `city`, `country`, `phone`, `gid`, `mobile`, `nationalnumber`, `department`, `division`, `with_honor`) VALUES (167479, 2015, '1', '', '', '', '', '035746212', '3', '01287543069', '', 'الفيزياء', 'العلوم الطبيعية', '');
INSERT INTO `lk9v6_users` (`name`, `email`, `usertype`) VALUES ('عمر اسامه حسن غنيم محفوظ', 'omar13s05294@alexu.edu.eg', 'الخريجين');
INSERT INTO `lk9v6_alumni_main` (`id`, `user_id`, `approved`) VALUES (167480, 167480, 1);
INSERT INTO `lk9v6_alumni_data` (`alumni_id`, `graduation_year`, `fid`, `job`, `address`, `city`, `country`, `phone`, `gid`, `mobile`, `nationalnumber`, `department`, `division`, `with_honor`) VALUES (167480, 2015, '1', '', '', '', '', '035071958', '3', '01095684716', '', 'علوم البيئة', 'العلوم البيولوجية', '');
INSERT INTO `lk9v6_users` (`name`, `email`, `usertype`) VALUES ('هبه بكر رجب على حجازى', 'heba13s05058@alexu.edu.eg', 'الخريجين');
INSERT INTO `lk9v6_alumni_main` (`id`, `user_id`, `approved`) VALUES (167481, 167481, 1);
INSERT INTO `lk9v6_alumni_data` (`alumni_id`, `graduation_year`, `fid`, `job`, `address`, `city`, `country`, `phone`, `gid`, `mobile`, `nationalnumber`, `department`, `division`, `with_honor`) VALUES (167481, 2015, '1', '', '', '', '', '033325282', '3', '01115174219', '', 'علوم البيئة', 'العلوم البيولوجية', '');
INSERT INTO `lk9v6_users` (`name`, `email`, `usertype`) VALUES ('ايه على احمد على خليل', 'aya13s05097@alexu.edu.eg', 'الخريجين');
INSERT INTO `lk9v6_alumni_main` (`id`, `user_id`, `approved`) VALUES (167482, 167482, 1);
INSERT INTO `lk9v6_alumni_data` (`alumni_id`, `graduation_year`, `fid`, `job`, `address`, `city`, `country`, `phone`, `gid`, `mobile`, `nationalnumber`, `department`, `division`, `with_honor`) VALUES (167482, 2015, '1', '', '', '', '', '5064793', '3', '0183057781', '', 'علوم البيئة', 'العلوم البيولوجية', '');
INSERT INTO `lk9v6_users` (`name`, `email`, `usertype`) VALUES ('تهانى حسن ابراهيم عبدالغفار', 'tahany13s05300@alexu.edu.eg', 'الخريجين');
INSERT INTO `lk9v6_alumni_main` (`id`, `user_id`, `approved`) VALUES (167483, 167483, 1);
INSERT INTO `lk9v6_alumni_data` (`alumni_id`, `graduation_year`, `fid`, `job`, `address`, `city`, `country`, `phone`, `gid`, `mobile`, `nationalnumber`, `department`, `division`, `with_honor`) VALUES (167483, 2015, '1', '', '', '', '', '033818963', '3', '0187611138', '', 'علوم البيئة', 'العلوم البيولوجية', '');
INSERT INTO `lk9v6_users` (`name`, `email`, `usertype`) VALUES ('ليلى عبدالله ابراهيم عبدالله', 'laila13s05577@alexu.edu.eg', 'الخريجين');
INSERT INTO `lk9v6_alumni_main` (`id`, `user_id`, `approved`) VALUES (167484, 167484, 1);
INSERT INTO `lk9v6_alumni_data` (`alumni_id`, `graduation_year`, `fid`, `job`, `address`, `city`, `country`, `phone`, `gid`, `mobile`, `nationalnumber`, `department`, `division`, `with_honor`) VALUES (167484, 2015, '1', '', '', '', '', '4420821', '3', '01289397057', '', 'علوم البيئة', 'العلوم البيولوجية', '');
INSERT INTO `lk9v6_users` (`name`, `email`, `usertype`) VALUES ('نرمين مدحت محمود احمد زهران', 'nermin13s06189@alexu.edu.eg', 'الخريجين');
INSERT INTO `lk9v6_alumni_main` (`id`, `user_id`, `approved`) VALUES (167485, 167485, 1);
INSERT INTO `lk9v6_alumni_data` (`alumni_id`, `graduation_year`, `fid`, `job`, `address`, `city`, `country`, `phone`, `gid`, `mobile`, `nationalnumber`, `department`, `division`, `with_honor`) VALUES (167485, 2015, '1', '', '', '', '', '035291504', '3', '0127971219', '', 'الفيزياء', 'العلوم الطبيعية', '');
INSERT INTO `lk9v6_users` (`name`, `email`, `usertype`) VALUES ('نانسى صلاح سالم تادرس', 'nancy13s04855@alexu.edu.eg', 'الخريجين');
INSERT INTO `lk9v6_alumni_main` (`id`, `user_id`, `approved`) VALUES (167486, 167486, 1);
INSERT INTO `lk9v6_alumni_data` (`alumni_id`, `graduation_year`, `fid`, `job`, `address`, `city`, `country`, `phone`, `gid`, `mobile`, `nationalnumber`, `department`, `division`, `with_honor`) VALUES (167486, 2015, '1', '', '', '', '', '3305029', '3', '01272929661', '', 'علوم البحار العامة', 'العلوم البيولوجية', '');
INSERT INTO `lk9v6_users` (`name`, `email`, `usertype`) VALUES ('شيرين فتح الله صلاح الدين', 'sherin13s06178@alexu.edu.eg', 'الخريجين');
INSERT INTO `lk9v6_alumni_main` (`id`, `user_id`, `approved`) VALUES (167487, 167487, 1);
INSERT INTO `lk9v6_alumni_data` (`alumni_id`, `graduation_year`, `fid`, `job`, `address`, `city`, `country`, `phone`, `gid`, `mobile`, `nationalnumber`, `department`, `division`, `with_honor`) VALUES (167487, 2015, '1', '', '', '', '', '03459282', '3', '01010328508', '', 'علوم البيئة', 'العلوم البيولوجية', '');
INSERT INTO `lk9v6_users` (`name`, `email`, `usertype`) VALUES ('عبد الرحمن سعيد السيد محروس', 'abdelrahman13s06341@alexu.edu.eg', 'الخريجين');
INSERT INTO `lk9v6_alumni_main` (`id`, `user_id`, `approved`) VALUES (167488, 167488, 1);
INSERT INTO `lk9v6_alumni_data` (`alumni_id`, `graduation_year`, `fid`, `job`, `address`, `city`, `country`, `phone`, `gid`, `mobile`, `nationalnumber`, `department`, `division`, `with_honor`) VALUES (167488, 2015, '1', '', '', '', '', '033583865', '3', '01000990582', '', 'الفيزياء', 'العلوم الطبيعية', '');
INSERT INTO `lk9v6_users` (`name`, `email`, `usertype`) VALUES ('سهيله عصام محمد عبده جاهين', 'sohaila13s04846@alexu.edu.eg', 'الخريجين');
INSERT INTO `lk9v6_alumni_main` (`id`, `user_id`, `approved`) VALUES (167489, 167489, 1);
INSERT INTO `lk9v6_alumni_data` (`alumni_id`, `graduation_year`, `fid`, `job`, `address`, `city`, `country`, `phone`, `gid`, `mobile`, `nationalnumber`, `department`, `division`, `with_honor`) VALUES (167489, 2015, '1', '', '', '', '', '4256916', '3', '01224445294', '', 'علوم البيئة', 'العلوم البيولوجية', '');
INSERT INTO `lk9v6_users` (`name`, `email`, `usertype`) VALUES ('المعتز بالله محمد دياب السيد سعد', 'almotaz13s04555@alexu.edu.eg', 'الخريجين');
INSERT INTO `lk9v6_alumni_main` (`id`, `user_id`, `approved`) VALUES (167490, 167490, 1);
INSERT INTO `lk9v6_alumni_data` (`alumni_id`, `graduation_year`, `fid`, `job`, `address`, `city`, `country`, `phone`, `gid`, `mobile`, `nationalnumber`, `department`, `division`, `with_honor`) VALUES (167490, 2015, '1', '', '', '', '', '034248060', '3', '01275256880', '', 'الفيزياء', 'العلوم الطبيعية', '');
INSERT INTO `lk9v6_users` (`name`, `email`, `usertype`) VALUES ('اسماء احمد غازى ابراهيم محمد شتا', 'asmaa13s05406@alexu.edu.eg', 'الخريجين');
INSERT INTO `lk9v6_alumni_main` (`id`, `user_id`, `approved`) VALUES (167491, 167491, 1);
INSERT INTO `lk9v6_alumni_data` (`alumni_id`, `graduation_year`, `fid`, `job`, `address`, `city`, `country`, `phone`, `gid`, `mobile`, `nationalnumber`, `department`, `division`, `with_honor`) VALUES (167491, 2015, '1', '', '', '', '', '01276664958', '3', '01228056576', '', 'علوم البيئة', 'العلوم البيولوجية', '');
INSERT INTO `lk9v6_users` (`name`, `email`, `usertype`) VALUES ('على عزت صالح عبدالله', 'ali13s04725@alexu.edu.eg', 'الخريجين');
INSERT INTO `lk9v6_alumni_main` (`id`, `user_id`, `approved`) VALUES (167492, 167492, 1);
INSERT INTO `lk9v6_alumni_data` (`alumni_id`, `graduation_year`, `fid`, `job`, `address`, `city`, `country`, `phone`, `gid`, `mobile`, `nationalnumber`, `department`, `division`, `with_honor`) VALUES (167492, 2015, '1', '', '', '', '', '033602084', '3', '01114749650', '', 'الفيزياء', 'العلوم الطبيعية', '');
INSERT INTO `lk9v6_users` (`name`, `email`, `usertype`) VALUES ('اميره يسرى عبد الفتاح رجب', 'amira13s04876@alexu.edu.eg', 'الخريجين');
INSERT INTO `lk9v6_alumni_main` (`id`, `user_id`, `approved`) VALUES (167493, 167493, 1);
INSERT INTO `lk9v6_alumni_data` (`alumni_id`, `graduation_year`, `fid`, `job`, `address`, `city`, `country`, `phone`, `gid`, `mobile`, `nationalnumber`, `department`, `division`, `with_honor`) VALUES (167493, 2015, '1', '', '', '', '', '5404237', '3', '0185029298', '', 'علوم البيئة', 'العلوم البيولوجية', '');
INSERT INTO `lk9v6_users` (`name`, `email`, `usertype`) VALUES ('محمد جمال على ابراهيم النجار', 'mohamed13s05223@alexu.edu.eg', 'الخريجين');
INSERT INTO `lk9v6_alumni_main` (`id`, `user_id`, `approved`) VALUES (167494, 167494, 1);
INSERT INTO `lk9v6_alumni_data` (`alumni_id`, `graduation_year`, `fid`, `job`, `address`, `city`, `country`, `phone`, `gid`, `mobile`, `nationalnumber`, `department`, `division`, `with_honor`) VALUES (167494, 2015, '1', '', '', '', '', '035026939', '3', '01281604458', '', 'علوم البيئة', 'العلوم البيولوجية', '');
INSERT INTO `lk9v6_users` (`name`, `email`, `usertype`) VALUES ('الهام صبرى عبدالعزيز قطب ابوغنيمه', 'elham13s05014@alexu.edu.eg', 'الخريجين');
INSERT INTO `lk9v6_alumni_main` (`id`, `user_id`, `approved`) VALUES (167495, 167495, 1);
INSERT INTO `lk9v6_alumni_data` (`alumni_id`, `graduation_year`, `fid`, `job`, `address`, `city`, `country`, `phone`, `gid`, `mobile`, `nationalnumber`, `department`, `division`, `with_honor`) VALUES (167495, 2015, '1', '', '', '', '', '0452991562', '3', '01007682716', '', 'علوم البيئة', 'العلوم البيولوجية', '');
INSERT INTO `lk9v6_users` (`name`, `email`, `usertype`) VALUES ('فاطمه عوض عبدالمنعم عوض ابوعشيبه', 'fatma13s04990@alexu.edu.eg', 'الخريجين');
INSERT INTO `lk9v6_alumni_main` (`id`, `user_id`, `approved`) VALUES (167496, 167496, 1);
INSERT INTO `lk9v6_alumni_data` (`alumni_id`, `graduation_year`, `fid`, `job`, `address`, `city`, `country`, `phone`, `gid`, `mobile`, `nationalnumber`, `department`, `division`, `with_honor`) VALUES (167496, 2015, '1', '', '', '', '', '0452502613', '3', '01284069854', '', 'علوم البيئة', 'العلوم البيولوجية', '');
INSERT INTO `lk9v6_users` (`name`, `email`, `usertype`) VALUES ('ايه مصطفى عبدالجليل مصطفى حمامو', 'aya13s05733@alexu.edu.eg', 'الخريجين');
INSERT INTO `lk9v6_alumni_main` (`id`, `user_id`, `approved`) VALUES (167497, 167497, 1);
INSERT INTO `lk9v6_alumni_data` (`alumni_id`, `graduation_year`, `fid`, `job`, `address`, `city`, `country`, `phone`, `gid`, `mobile`, `nationalnumber`, `department`, `division`, `with_honor`) VALUES (167497, 2015, '1', '', '', '', '', '0472512889', '3', '01060805057', '', 'علوم البحار العامة', 'العلوم البيولوجية', '');
INSERT INTO `lk9v6_users` (`name`, `email`, `usertype`) VALUES ('ايه صابر احمد بدر ابراهيم', 'aya13s05106@alexu.edu.eg', 'الخريجين');
INSERT INTO `lk9v6_alumni_main` (`id`, `user_id`, `approved`) VALUES (167498, 167498, 1);
INSERT INTO `lk9v6_alumni_data` (`alumni_id`, `graduation_year`, `fid`, `job`, `address`, `city`, `country`, `phone`, `gid`, `mobile`, `nationalnumber`, `department`, `division`, `with_honor`) VALUES (167498, 2015, '1', '', '', '', '', '039503460', '3', '01002619904', '', 'الميكروبيولوجى', 'العلوم البيولوجية', '');
INSERT INTO `lk9v6_users` (`name`, `email`, `usertype`) VALUES ('معتز نبيل محمود قطب قنديل', 'motaz13s04298@alexu.edu.eg', 'الخريجين');
INSERT INTO `lk9v6_alumni_main` (`id`, `user_id`, `approved`) VALUES (167499, 167499, 1);
INSERT INTO `lk9v6_alumni_data` (`alumni_id`, `graduation_year`, `fid`, `job`, `address`, `city`, `country`, `phone`, `gid`, `mobile`, `nationalnumber`, `department`, `division`, `with_honor`) VALUES (167499, 2015, '1', '', '', '', '', '4941026', '3', '01225877581', '', 'الجيولوجيا', 'العلوم الجيولوجية', '');
INSERT INTO `lk9v6_users` (`name`, `email`, `usertype`) VALUES ('محمد محمد احمد على حزين', 'mohamed13s05101@alexu.edu.eg', 'الخريجين');
INSERT INTO `lk9v6_alumni_main` (`id`, `user_id`, `approved`) VALUES (167500, 167500, 1);
INSERT INTO `lk9v6_alumni_data` (`alumni_id`, `graduation_year`, `fid`, `job`, `address`, `city`, `country`, `phone`, `gid`, `mobile`, `nationalnumber`, `department`, `division`, `with_honor`) VALUES (167500, 2015, '1', '', '', '', '', '034480137', '3', '01093740398', '', 'علوم البيئة', 'العلوم البيولوجية', '');
INSERT INTO `lk9v6_users` (`name`, `email`, `usertype`) VALUES ('محمد احمد عزالدين محمد محمد سيداحمد', 'mohamed13s04800@alexu.edu.eg', 'الخريجين');
INSERT INTO `lk9v6_alumni_main` (`id`, `user_id`, `approved`) VALUES (167501, 167501, 1);
INSERT INTO `lk9v6_alumni_data` (`alumni_id`, `graduation_year`, `fid`, `job`, `address`, `city`, `country`, `phone`, `gid`, `mobile`, `nationalnumber`, `department`, `division`, `with_honor`) VALUES (167501, 2015, '1', '', '', '', '', '033243497', '3', '01273112076', '', 'الفيزياء', 'العلوم الطبيعية', '');
INSERT INTO `lk9v6_users` (`name`, `email`, `usertype`) VALUES ('هدير أحمد أبو عيشة حسن ابراهيم', 'hadeer13s04130@alexu.edu.eg', 'الخريجين');
INSERT INTO `lk9v6_alumni_main` (`id`, `user_id`, `approved`) VALUES (167502, 167502, 1);
INSERT INTO `lk9v6_alumni_data` (`alumni_id`, `graduation_year`, `fid`, `job`, `address`, `city`, `country`, `phone`, `gid`, `mobile`, `nationalnumber`, `department`, `division`, `with_honor`) VALUES (167502, 2015, '1', '', '', '', '', '034963497', '3', '01286250261', '', 'الفيزياء', 'العلوم الطبيعية', '');
INSERT INTO `lk9v6_users` (`name`, `email`, `usertype`) VALUES ('بولا نجيب ابراهيم عوض', 'bola13s06853@alexu.edu.eg', 'الخريجين');
INSERT INTO `lk9v6_alumni_main` (`id`, `user_id`, `approved`) VALUES (167503, 167503, 1);
INSERT INTO `lk9v6_alumni_data` (`alumni_id`, `graduation_year`, `fid`, `job`, `address`, `city`, `country`, `phone`, `gid`, `mobile`, `nationalnumber`, `department`, `division`, `with_honor`) VALUES (167503, 2015, '1', '', '', '', '', '033631457', '3', '01288686527', '', 'الفيزياء', 'العلوم الطبيعية', '');
INSERT INTO `lk9v6_users` (`name`, `email`, `usertype`) VALUES ('تسنيم على محمد يوسف', 'tasnim13s06630@alexu.edu.eg', 'الخريجين');
INSERT INTO `lk9v6_alumni_main` (`id`, `user_id`, `approved`) VALUES (167504, 167504, 1);
INSERT INTO `lk9v6_alumni_data` (`alumni_id`, `graduation_year`, `fid`, `job`, `address`, `city`, `country`, `phone`, `gid`, `mobile`, `nationalnumber`, `department`, `division`, `with_honor`) VALUES (167504, 2015, '1', '', '', '', '', '033816380', '3', '01097867884', '', 'الفيزياء', 'العلوم الطبيعية', '');
INSERT INTO `lk9v6_users` (`name`, `email`, `usertype`) VALUES ('دينا احمد عبد الله  حسنين عبد اللطيف', 'dina13s05169@alexu.edu.eg', 'الخريجين');
INSERT INTO `lk9v6_alumni_main` (`id`, `user_id`, `approved`) VALUES (167505, 167505, 1);
INSERT INTO `lk9v6_alumni_data` (`alumni_id`, `graduation_year`, `fid`, `job`, `address`, `city`, `country`, `phone`, `gid`, `mobile`, `nationalnumber`, `department`, `division`, `with_honor`) VALUES (167505, 2015, '1', '', '', '', '', '5505130', '3', '01223528694', '', 'علوم البيئة', 'العلوم البيولوجية', '');
INSERT INTO `lk9v6_users` (`name`, `email`, `usertype`) VALUES ('اميره يسرى عبدالجواد محمد', 'amira13s05525@alexu.edu.eg', 'الخريجين');
INSERT INTO `lk9v6_alumni_main` (`id`, `user_id`, `approved`) VALUES (167506, 167506, 1);
INSERT INTO `lk9v6_alumni_data` (`alumni_id`, `graduation_year`, `fid`, `job`, `address`, `city`, `country`, `phone`, `gid`, `mobile`, `nationalnumber`, `department`, `division`, `with_honor`) VALUES (167506, 2015, '1', '', '', '', '', '035420073', '3', '01150115490', '', 'علوم البيئة', 'العلوم البيولوجية', '');
INSERT INTO `lk9v6_users` (`name`, `email`, `usertype`) VALUES ('ايمان المهدى حسين ختعن', 'eman13s04695@alexu.edu.eg', 'الخريجين');
INSERT INTO `lk9v6_alumni_main` (`id`, `user_id`, `approved`) VALUES (167507, 167507, 1);
INSERT INTO `lk9v6_alumni_data` (`alumni_id`, `graduation_year`, `fid`, `job`, `address`, `city`, `country`, `phone`, `gid`, `mobile`, `nationalnumber`, `department`, `division`, `with_honor`) VALUES (167507, 2015, '1', '', '', '', '', '0453336287', '3', '01154350665', '', 'الجيولوجيا', 'العلوم الجيولوجية', '');
INSERT INTO `lk9v6_users` (`name`, `email`, `usertype`) VALUES ('امل محمد عبد الحليم عبد الوكيل', 'amal13s04880@alexu.edu.eg', 'الخريجين');
INSERT INTO `lk9v6_alumni_main` (`id`, `user_id`, `approved`) VALUES (167508, 167508, 1);
INSERT INTO `lk9v6_alumni_data` (`alumni_id`, `graduation_year`, `fid`, `job`, `address`, `city`, `country`, `phone`, `gid`, `mobile`, `nationalnumber`, `department`, `division`, `with_honor`) VALUES (167508, 2015, '1', '', '', '', '', '5322484', '3', '01272892221', '', 'علوم البيئة', 'العلوم البيولوجية', '');
INSERT INTO `lk9v6_users` (`name`, `email`, `usertype`) VALUES ('دينا احمد السيد الزهرى', 'dina13s05781@alexu.edu.eg', 'الخريجين');
INSERT INTO `lk9v6_alumni_main` (`id`, `user_id`, `approved`) VALUES (167509, 167509, 1);
INSERT INTO `lk9v6_alumni_data` (`alumni_id`, `graduation_year`, `fid`, `job`, `address`, `city`, `country`, `phone`, `gid`, `mobile`, `nationalnumber`, `department`, `division`, `with_honor`) VALUES (167509, 2015, '1', '', '', '', '', '035981431', '3', '01224667708', '', 'علوم البيئة', 'العلوم البيولوجية', '');
INSERT INTO `lk9v6_users` (`name`, `email`, `usertype`) VALUES ('اسلام محمد عبدالسلام سعد سعدالله', 'islam13s04450@alexu.edu.eg', 'الخريجين');
INSERT INTO `lk9v6_alumni_main` (`id`, `user_id`, `approved`) VALUES (167510, 167510, 1);
INSERT INTO `lk9v6_alumni_data` (`alumni_id`, `graduation_year`, `fid`, `job`, `address`, `city`, `country`, `phone`, `gid`, `mobile`, `nationalnumber`, `department`, `division`, `with_honor`) VALUES (167510, 2015, '1', '', '', '', '', '033800375', '3', '01200607224', '', 'الفيزياء', 'العلوم الطبيعية', '');
INSERT INTO `lk9v6_users` (`name`, `email`, `usertype`) VALUES ('يوستينا نعيم زكى خله', 'youstina13s04699@alexu.edu.eg', 'الخريجين');
INSERT INTO `lk9v6_alumni_main` (`id`, `user_id`, `approved`) VALUES (167511, 167511, 1);
INSERT INTO `lk9v6_alumni_data` (`alumni_id`, `graduation_year`, `fid`, `job`, `address`, `city`, `country`, `phone`, `gid`, `mobile`, `nationalnumber`, `department`, `division`, `with_honor`) VALUES (167511, 2015, '1', '', '', '', '', '4954373', '3', '01229885700', '', 'الفيزياء', 'العلوم الطبيعية', '');
INSERT INTO `lk9v6_users` (`name`, `email`, `usertype`) VALUES ('نورهان محمد محمد ابراهيم', 'nourhan13s05632@alexu.edu.eg', 'الخريجين');
INSERT INTO `lk9v6_alumni_main` (`id`, `user_id`, `approved`) VALUES (167512, 167512, 1);
INSERT INTO `lk9v6_alumni_data` (`alumni_id`, `graduation_year`, `fid`, `job`, `address`, `city`, `country`, `phone`, `gid`, `mobile`, `nationalnumber`, `department`, `division`, `with_honor`) VALUES (167512, 2015, '1', '', '', '', '', '4248543', '3', '0181242012', '', 'الميكروبيولوجى', 'العلوم البيولوجية', '');
INSERT INTO `lk9v6_users` (`name`, `email`, `usertype`) VALUES ('احمد محمد مصطفى ابراهيم', 'ahmed13s06201@alexu.edu.eg', 'الخريجين');
INSERT INTO `lk9v6_alumni_main` (`id`, `user_id`, `approved`) VALUES (167513, 167513, 1);
INSERT INTO `lk9v6_alumni_data` (`alumni_id`, `graduation_year`, `fid`, `job`, `address`, `city`, `country`, `phone`, `gid`, `mobile`, `nationalnumber`, `department`, `division`, `with_honor`) VALUES (167513, 2015, '1', '', '', '', '', '034455922', '3', '01278869648', '', 'الفيزياء', 'العلوم الطبيعية', '');
INSERT INTO `lk9v6_users` (`name`, `email`, `usertype`) VALUES ('مروه مصطفى اسماعيل سليمان', 'marwa13s05265@alexu.edu.eg', 'الخريجين');
INSERT INTO `lk9v6_alumni_main` (`id`, `user_id`, `approved`) VALUES (167514, 167514, 1);
INSERT INTO `lk9v6_alumni_data` (`alumni_id`, `graduation_year`, `fid`, `job`, `address`, `city`, `country`, `phone`, `gid`, `mobile`, `nationalnumber`, `department`, `division`, `with_honor`) VALUES (167514, 2015, '1', '', '', '', '', '4867681', '3', '01019561416', '', 'علوم البيئة', 'العلوم البيولوجية', '');
INSERT INTO `lk9v6_users` (`name`, `email`, `usertype`) VALUES ('حسن احمد حسن احمد عبد الحميد', 'hassan13s06577@alexu.edu.eg', 'الخريجين');
INSERT INTO `lk9v6_alumni_main` (`id`, `user_id`, `approved`) VALUES (167515, 167515, 1);
INSERT INTO `lk9v6_alumni_data` (`alumni_id`, `graduation_year`, `fid`, `job`, `address`, `city`, `country`, `phone`, `gid`, `mobile`, `nationalnumber`, `department`, `division`, `with_honor`) VALUES (167515, 2015, '1', '', '', '', '', '035770647', '3', '01225714149', '', 'الفيزياء', 'العلوم الطبيعية', '');
INSERT INTO `lk9v6_users` (`name`, `email`, `usertype`) VALUES ('محمد محمود عبدالله حسن', 'mohamed13s04710@alexu.edu.eg', 'الخريجين');
INSERT INTO `lk9v6_alumni_main` (`id`, `user_id`, `approved`) VALUES (167516, 167516, 1);
INSERT INTO `lk9v6_alumni_data` (`alumni_id`, `graduation_year`, `fid`, `job`, `address`, `city`, `country`, `phone`, `gid`, `mobile`, `nationalnumber`, `department`, `division`, `with_honor`) VALUES (167516, 2015, '1', '', '', '', '', '034424394', '3', '01204053326', '', 'الفيزياء', 'العلوم الطبيعية', '');
INSERT INTO `lk9v6_users` (`name`, `email`, `usertype`) VALUES ('بيشوى زغلول صدقى حنا', 'bishoy13s04927@alexu.edu.eg', 'الخريجين');
INSERT INTO `lk9v6_alumni_main` (`id`, `user_id`, `approved`) VALUES (167517, 167517, 1);
INSERT INTO `lk9v6_alumni_data` (`alumni_id`, `graduation_year`, `fid`, `job`, `address`, `city`, `country`, `phone`, `gid`, `mobile`, `nationalnumber`, `department`, `division`, `with_honor`) VALUES (167517, 2015, '1', '', '', '', '', '5347528', '3', '01282483765', '', 'علوم البيئة', 'العلوم البيولوجية', '');
INSERT INTO `lk9v6_users` (`name`, `email`, `usertype`) VALUES ('ايه علاءالدين محمد لطفى', 'aya13s04893@alexu.edu.eg', 'الخريجين');
INSERT INTO `lk9v6_alumni_main` (`id`, `user_id`, `approved`) VALUES (167518, 167518, 1);
INSERT INTO `lk9v6_alumni_data` (`alumni_id`, `graduation_year`, `fid`, `job`, `address`, `city`, `country`, `phone`, `gid`, `mobile`, `nationalnumber`, `department`, `division`, `with_honor`) VALUES (167518, 2015, '1', '', '', '', '', '034875223', '3', '01022863511', '', 'علوم البيئة', 'العلوم البيولوجية', '');
INSERT INTO `lk9v6_users` (`name`, `email`, `usertype`) VALUES ('انجى صابر ايوب تادرس', 'engy13s05170@alexu.edu.eg', 'الخريجين');
INSERT INTO `lk9v6_alumni_main` (`id`, `user_id`, `approved`) VALUES (167519, 167519, 1);
INSERT INTO `lk9v6_alumni_data` (`alumni_id`, `graduation_year`, `fid`, `job`, `address`, `city`, `country`, `phone`, `gid`, `mobile`, `nationalnumber`, `department`, `division`, `with_honor`) VALUES (167519, 2015, '1', '', '', '', '', '5068243', '3', '01228251263', '', 'علوم البيئة', 'العلوم البيولوجية', '');
INSERT INTO `lk9v6_users` (`name`, `email`, `usertype`) VALUES ('سلمى محمد احمد عبدالقادر محمود', 'salma13s05136@alexu.edu.eg', 'الخريجين');
INSERT INTO `lk9v6_alumni_main` (`id`, `user_id`, `approved`) VALUES (167520, 167520, 1);
INSERT INTO `lk9v6_alumni_data` (`alumni_id`, `graduation_year`, `fid`, `job`, `address`, `city`, `country`, `phone`, `gid`, `mobile`, `nationalnumber`, `department`, `division`, `with_honor`) VALUES (167520, 2015, '1', '', '', '', '', '4440892', '3', '01944866162', '', 'علم الحيوان', 'العلوم البيولوجية', '');
INSERT INTO `lk9v6_users` (`name`, `email`, `usertype`) VALUES ('ساره مجدى صلاح عبد المجيد قنديل', 'sara13s04383@alexu.edu.eg', 'الخريجين');
INSERT INTO `lk9v6_alumni_main` (`id`, `user_id`, `approved`) VALUES (167521, 167521, 1);
INSERT INTO `lk9v6_alumni_data` (`alumni_id`, `graduation_year`, `fid`, `job`, `address`, `city`, `country`, `phone`, `gid`, `mobile`, `nationalnumber`, `department`, `division`, `with_honor`) VALUES (167521, 2015, '1', '', '', '', '', '033815394', '3', '01274355149', '', 'الفيزياء', 'العلوم الطبيعية', '');
INSERT INTO `lk9v6_users` (`name`, `email`, `usertype`) VALUES ('هبه احمد احمد نعمه الله', 'heba13s05160@alexu.edu.eg', 'الخريجين');
INSERT INTO `lk9v6_alumni_main` (`id`, `user_id`, `approved`) VALUES (167522, 167522, 1);
INSERT INTO `lk9v6_alumni_data` (`alumni_id`, `graduation_year`, `fid`, `job`, `address`, `city`, `country`, `phone`, `gid`, `mobile`, `nationalnumber`, `department`, `division`, `with_honor`) VALUES (167522, 2015, '1', '', '', '', '', '0453306702', '3', '01005409027', '', 'علوم البيئة', 'العلوم البيولوجية', '');
INSERT INTO `lk9v6_users` (`name`, `email`, `usertype`) VALUES ('صديقه احمد السيد محمد يوسف', 'sedika13s06488@alexu.edu.eg', 'الخريجين');
INSERT INTO `lk9v6_alumni_main` (`id`, `user_id`, `approved`) VALUES (167523, 167523, 1);
INSERT INTO `lk9v6_alumni_data` (`alumni_id`, `graduation_year`, `fid`, `job`, `address`, `city`, `country`, `phone`, `gid`, `mobile`, `nationalnumber`, `department`, `division`, `with_honor`) VALUES (167523, 2015, '1', '', '', '', '', '4402858', '3', '01212408662', '', 'علوم البيئة', 'العلوم البيولوجية', '');
INSERT INTO `lk9v6_users` (`name`, `email`, `usertype`) VALUES ('احمد علاء الدين سعد على عبد الرحمن', 'ahmed13s04553@alexu.edu.eg', 'الخريجين');
INSERT INTO `lk9v6_alumni_main` (`id`, `user_id`, `approved`) VALUES (167524, 167524, 1);
INSERT INTO `lk9v6_alumni_data` (`alumni_id`, `graduation_year`, `fid`, `job`, `address`, `city`, `country`, `phone`, `gid`, `mobile`, `nationalnumber`, `department`, `division`, `with_honor`) VALUES (167524, 2015, '1', '', '', '', '', '034396981', '3', '01223988283', '', 'الفيزياء', 'العلوم الطبيعية', '');
INSERT INTO `lk9v6_users` (`name`, `email`, `usertype`) VALUES ('اسماء مصطفى عبدالفتاح الرفاعى', 'asmaa13s05465@alexu.edu.eg', 'الخريجين');
INSERT INTO `lk9v6_alumni_main` (`id`, `user_id`, `approved`) VALUES (167525, 167525, 1);
INSERT INTO `lk9v6_alumni_data` (`alumni_id`, `graduation_year`, `fid`, `job`, `address`, `city`, `country`, `phone`, `gid`, `mobile`, `nationalnumber`, `department`, `division`, `with_honor`) VALUES (167525, 2015, '1', '', '', '', '', '035024176', '3', '01208521817', '', 'علوم البيئة', 'العلوم البيولوجية', '');
INSERT INTO `lk9v6_users` (`name`, `email`, `usertype`) VALUES ('محمد حماده احمد احمد صالح', 'mohamed13s06339@alexu.edu.eg', 'الخريجين');
INSERT INTO `lk9v6_alumni_main` (`id`, `user_id`, `approved`) VALUES (167526, 167526, 1);
INSERT INTO `lk9v6_alumni_data` (`alumni_id`, `graduation_year`, `fid`, `job`, `address`, `city`, `country`, `phone`, `gid`, `mobile`, `nationalnumber`, `department`, `division`, `with_honor`) VALUES (167526, 2015, '1', '', '', '', '', '035579304', '3', '01207132821', '', 'الجيولوجيا', 'العلوم الجيولوجية', '');
INSERT INTO `lk9v6_users` (`name`, `email`, `usertype`) VALUES ('الاء محمود دياب ابو زيد', 'alaa13s06871@alexu.edu.eg', 'الخريجين');
INSERT INTO `lk9v6_alumni_main` (`id`, `user_id`, `approved`) VALUES (167527, 167527, 1);
INSERT INTO `lk9v6_alumni_data` (`alumni_id`, `graduation_year`, `fid`, `job`, `address`, `city`, `country`, `phone`, `gid`, `mobile`, `nationalnumber`, `department`, `division`, `with_honor`) VALUES (167527, 2015, '1', '', '', '', '', '5748252', '3', '01027228469', '', 'الفيزياء', 'العلوم الطبيعية', '');
INSERT INTO `lk9v6_users` (`name`, `email`, `usertype`) VALUES ('ايه صابر محمد حسن الشربينى', 'aya13s04891@alexu.edu.eg', 'الخريجين');
INSERT INTO `lk9v6_alumni_main` (`id`, `user_id`, `approved`) VALUES (167528, 167528, 1);
INSERT INTO `lk9v6_alumni_data` (`alumni_id`, `graduation_year`, `fid`, `job`, `address`, `city`, `country`, `phone`, `gid`, `mobile`, `nationalnumber`, `department`, `division`, `with_honor`) VALUES (167528, 2015, '1', '', '', '', '', '3815099', '3', '01065276010', '', 'علوم البيئة', 'العلوم البيولوجية', '');
INSERT INTO `lk9v6_users` (`name`, `email`, `usertype`) VALUES ('ايمان محمد احمد سليمان يوسف', 'eman13s05313@alexu.edu.eg', 'الخريجين');
INSERT INTO `lk9v6_alumni_main` (`id`, `user_id`, `approved`) VALUES (167529, 167529, 1);
INSERT INTO `lk9v6_alumni_data` (`alumni_id`, `graduation_year`, `fid`, `job`, `address`, `city`, `country`, `phone`, `gid`, `mobile`, `nationalnumber`, `department`, `division`, `with_honor`) VALUES (167529, 2015, '1', '', '', '', '', '039565069', '3', '0119556694', '', 'علوم البيئة', 'العلوم البيولوجية', '');
INSERT INTO `lk9v6_users` (`name`, `email`, `usertype`) VALUES ('سلمى محمود محمد حسن جعدار', 'salma13s04983@alexu.edu.eg', 'الخريجين');
INSERT INTO `lk9v6_alumni_main` (`id`, `user_id`, `approved`) VALUES (167530, 167530, 1);
INSERT INTO `lk9v6_alumni_data` (`alumni_id`, `graduation_year`, `fid`, `job`, `address`, `city`, `country`, `phone`, `gid`, `mobile`, `nationalnumber`, `department`, `division`, `with_honor`) VALUES (167530, 2015, '1', '', '', '', '', '5802210', '3', '01285732772', '', 'علوم البيئة', 'العلوم البيولوجية', '');
INSERT INTO `lk9v6_users` (`name`, `email`, `usertype`) VALUES ('ساره احمد احمد طلبه', 'sara13s04331@alexu.edu.eg', 'الخريجين');
INSERT INTO `lk9v6_alumni_main` (`id`, `user_id`, `approved`) VALUES (167531, 167531, 1);
INSERT INTO `lk9v6_alumni_data` (`alumni_id`, `graduation_year`, `fid`, `job`, `address`, `city`, `country`, `phone`, `gid`, `mobile`, `nationalnumber`, `department`, `division`, `with_honor`) VALUES (167531, 2015, '1', '', '', '', '', '033250976', '3', '01205117098', '', 'الجيولوجيا', 'العلوم الجيولوجية', '');
INSERT INTO `lk9v6_users` (`name`, `email`, `usertype`) VALUES ('هديل يوسف على محمد محمد الهجان', 'hadeel13s04720@alexu.edu.eg', 'الخريجين');
INSERT INTO `lk9v6_alumni_main` (`id`, `user_id`, `approved`) VALUES (167532, 167532, 1);
INSERT INTO `lk9v6_alumni_data` (`alumni_id`, `graduation_year`, `fid`, `job`, `address`, `city`, `country`, `phone`, `gid`, `mobile`, `nationalnumber`, `department`, `division`, `with_honor`) VALUES (167532, 2015, '1', '', '', '', '', '5577389', '3', '01116794283', '', 'الفيزياء', 'العلوم الطبيعية', '');
INSERT INTO `lk9v6_users` (`name`, `email`, `usertype`) VALUES ('ايمان فتحى محمد احمد', 'eman13s05726@alexu.edu.eg', 'الخريجين');
INSERT INTO `lk9v6_alumni_main` (`id`, `user_id`, `approved`) VALUES (167533, 167533, 1);
INSERT INTO `lk9v6_alumni_data` (`alumni_id`, `graduation_year`, `fid`, `job`, `address`, `city`, `country`, `phone`, `gid`, `mobile`, `nationalnumber`, `department`, `division`, `with_honor`) VALUES (167533, 2015, '1', '', '', '', '', '032141033', '3', '0194234095', '', 'علوم البيئة', 'العلوم البيولوجية', '');
INSERT INTO `lk9v6_users` (`name`, `email`, `usertype`) VALUES ('اسماء فايز سلطان حسن', 'asmaa13s05314@alexu.edu.eg', 'الخريجين');
INSERT INTO `lk9v6_alumni_main` (`id`, `user_id`, `approved`) VALUES (167534, 167534, 1);
INSERT INTO `lk9v6_alumni_data` (`alumni_id`, `graduation_year`, `fid`, `job`, `address`, `city`, `country`, `phone`, `gid`, `mobile`, `nationalnumber`, `department`, `division`, `with_honor`) VALUES (167534, 2015, '1', '', '', '', '', '034650123', '3', '01210607276', '', 'علوم البيئة', 'العلوم البيولوجية', '');
INSERT INTO `lk9v6_users` (`name`, `email`, `usertype`) VALUES ('روان خميس محمد حسن عوينات', 'rowan13s05351@alexu.edu.eg', 'الخريجين');
INSERT INTO `lk9v6_alumni_main` (`id`, `user_id`, `approved`) VALUES (167535, 167535, 1);
INSERT INTO `lk9v6_alumni_data` (`alumni_id`, `graduation_year`, `fid`, `job`, `address`, `city`, `country`, `phone`, `gid`, `mobile`, `nationalnumber`, `department`, `division`, `with_honor`) VALUES (167535, 2015, '1', '', '', '', '', '034278543', '3', '01147178785', '', 'علوم البيئة', 'العلوم البيولوجية', '');
INSERT INTO `lk9v6_users` (`name`, `email`, `usertype`) VALUES ('عبيدة السيد محمد يوسف', 'ebida13s06818@alexu.edu.eg', 'الخريجين');
INSERT INTO `lk9v6_alumni_main` (`id`, `user_id`, `approved`) VALUES (167536, 167536, 1);
INSERT INTO `lk9v6_alumni_data` (`alumni_id`, `graduation_year`, `fid`, `job`, `address`, `city`, `country`, `phone`, `gid`, `mobile`, `nationalnumber`, `department`, `division`, `with_honor`) VALUES (167536, 2015, '1', '', '', '', '', '0452272823', '3', '01146702329', '', 'الفيزياء', 'العلوم الطبيعية', '');
INSERT INTO `lk9v6_users` (`name`, `email`, `usertype`) VALUES ('احمد كمال عبده السيد بدوى', 'ahmed13s04341@alexu.edu.eg', 'الخريجين');
INSERT INTO `lk9v6_alumni_main` (`id`, `user_id`, `approved`) VALUES (167537, 167537, 1);
INSERT INTO `lk9v6_alumni_data` (`alumni_id`, `graduation_year`, `fid`, `job`, `address`, `city`, `country`, `phone`, `gid`, `mobile`, `nationalnumber`, `department`, `division`, `with_honor`) VALUES (167537, 2015, '1', '', '', '', '', '034264121', '3', '01289083234', '', 'الفيزياء', 'العلوم الطبيعية', '');
INSERT INTO `lk9v6_users` (`name`, `email`, `usertype`) VALUES ('سلمى محمد محمد على الدقيش', 'salma13s06734@alexu.edu.eg', 'الخريجين');
INSERT INTO `lk9v6_alumni_main` (`id`, `user_id`, `approved`) VALUES (167538, 167538, 1);
INSERT INTO `lk9v6_alumni_data` (`alumni_id`, `graduation_year`, `fid`, `job`, `address`, `city`, `country`, `phone`, `gid`, `mobile`, `nationalnumber`, `department`, `division`, `with_honor`) VALUES (167538, 2015, '1', '', '', '', '', '4244310', '3', '01282012339', '', 'علوم البيئة', 'العلوم البيولوجية', '');
INSERT INTO `lk9v6_users` (`name`, `email`, `usertype`) VALUES ('تقى عبد الله حكم محمد ابو على', 'toqa13s05516@alexu.edu.eg', 'الخريجين');
INSERT INTO `lk9v6_alumni_main` (`id`, `user_id`, `approved`) VALUES (167539, 167539, 1);
INSERT INTO `lk9v6_alumni_data` (`alumni_id`, `graduation_year`, `fid`, `job`, `address`, `city`, `country`, `phone`, `gid`, `mobile`, `nationalnumber`, `department`, `division`, `with_honor`) VALUES (167539, 2015, '1', '', '', '', '', '4436624', '3', '01220308887', '', 'علوم البيئة', 'العلوم البيولوجية', '');
INSERT INTO `lk9v6_users` (`name`, `email`, `usertype`) VALUES ('مارينا عوض حلمى عوض سعيد', 'marina13s05550@alexu.edu.eg', 'الخريجين');
INSERT INTO `lk9v6_alumni_main` (`id`, `user_id`, `approved`) VALUES (167540, 167540, 1);
INSERT INTO `lk9v6_alumni_data` (`alumni_id`, `graduation_year`, `fid`, `job`, `address`, `city`, `country`, `phone`, `gid`, `mobile`, `nationalnumber`, `department`, `division`, `with_honor`) VALUES (167540, 2015, '1', '', '', '', '', '035067390', '3', '01201751925', '', 'علوم البيئة', 'العلوم البيولوجية', '');
INSERT INTO `lk9v6_users` (`name`, `email`, `usertype`) VALUES ('محمد عادل سعد عبد الكريم السيد', 'mohamed13s06131@alexu.edu.eg', 'الخريجين');
INSERT INTO `lk9v6_alumni_main` (`id`, `user_id`, `approved`) VALUES (167541, 167541, 1);
INSERT INTO `lk9v6_alumni_data` (`alumni_id`, `graduation_year`, `fid`, `job`, `address`, `city`, `country`, `phone`, `gid`, `mobile`, `nationalnumber`, `department`, `division`, `with_honor`) VALUES (167541, 2015, '1', '', '', '', '', '035378079', '3', '0164808661', '', 'الفيزياء', 'العلوم الطبيعية', '');
INSERT INTO `lk9v6_users` (`name`, `email`, `usertype`) VALUES ('مينا مدحت جرجس سعد', 'mina13s05382@alexu.edu.eg', 'الخريجين');
INSERT INTO `lk9v6_alumni_main` (`id`, `user_id`, `approved`) VALUES (167542, 167542, 1);
INSERT INTO `lk9v6_alumni_data` (`alumni_id`, `graduation_year`, `fid`, `job`, `address`, `city`, `country`, `phone`, `gid`, `mobile`, `nationalnumber`, `department`, `division`, `with_honor`) VALUES (167542, 2015, '1', '', '', '', '', '0453341748', '3', '01274875009', '', 'علوم البيئة', 'العلوم البيولوجية', '');
INSERT INTO `lk9v6_users` (`name`, `email`, `usertype`) VALUES ('عمر محمود محمد شحاته ', 'omar13s06685@alexu.edu.eg', 'الخريجين');
INSERT INTO `lk9v6_alumni_main` (`id`, `user_id`, `approved`) VALUES (167543, 167543, 1);
INSERT INTO `lk9v6_alumni_data` (`alumni_id`, `graduation_year`, `fid`, `job`, `address`, `city`, `country`, `phone`, `gid`, `mobile`, `nationalnumber`, `department`, `division`, `with_honor`) VALUES (167543, 2015, '1', '', '', '', '', '034271298', '3', '01009239679', '', 'الفيزياء', 'العلوم الطبيعية', '');
INSERT INTO `lk9v6_users` (`name`, `email`, `usertype`) VALUES ('اسماء عبدالباسط عمر عبدالباقى', 'asmaa13s05067@alexu.edu.eg', 'الخريجين');
INSERT INTO `lk9v6_alumni_main` (`id`, `user_id`, `approved`) VALUES (167544, 167544, 1);
INSERT INTO `lk9v6_alumni_data` (`alumni_id`, `graduation_year`, `fid`, `job`, `address`, `city`, `country`, `phone`, `gid`, `mobile`, `nationalnumber`, `department`, `division`, `with_honor`) VALUES (167544, 2015, '1', '', '', '', '', '4402131', '3', '01067542938', '', 'علوم البيئة', 'العلوم البيولوجية', '');
INSERT INTO `lk9v6_users` (`name`, `email`, `usertype`) VALUES ('ساره سعيد محمد احمد', 'sara13s06288@alexu.edu.eg', 'الخريجين');
INSERT INTO `lk9v6_alumni_main` (`id`, `user_id`, `approved`) VALUES (167545, 167545, 1);
INSERT INTO `lk9v6_alumni_data` (`alumni_id`, `graduation_year`, `fid`, `job`, `address`, `city`, `country`, `phone`, `gid`, `mobile`, `nationalnumber`, `department`, `division`, `with_honor`) VALUES (167545, 2015, '1', '', '', '', '', '034289487', '3', '01066578877', '', 'الفيزياء', 'العلوم الطبيعية', '');
INSERT INTO `lk9v6_users` (`name`, `email`, `usertype`) VALUES ('عمرو محمد جابر عيد القرش', 'amr13s06129@alexu.edu.eg', 'الخريجين');
INSERT INTO `lk9v6_alumni_main` (`id`, `user_id`, `approved`) VALUES (167546, 167546, 1);
INSERT INTO `lk9v6_alumni_data` (`alumni_id`, `graduation_year`, `fid`, `job`, `address`, `city`, `country`, `phone`, `gid`, `mobile`, `nationalnumber`, `department`, `division`, `with_honor`) VALUES (167546, 2015, '1', '', '', '', '', '01274959159', '3', '01274959159', '', 'الفيزياء', 'العلوم الطبيعية', '');
INSERT INTO `lk9v6_users` (`name`, `email`, `usertype`) VALUES ('ايمان محمد النبوى العيسوى', 'eman13s04423@alexu.edu.eg', 'الخريجين');
INSERT INTO `lk9v6_alumni_main` (`id`, `user_id`, `approved`) VALUES (167547, 167547, 1);
INSERT INTO `lk9v6_alumni_data` (`alumni_id`, `graduation_year`, `fid`, `job`, `address`, `city`, `country`, `phone`, `gid`, `mobile`, `nationalnumber`, `department`, `division`, `with_honor`) VALUES (167547, 2015, '1', '', '', '', '', '5353555', '3', '01064711842', '', 'الفيزياء', 'العلوم الطبيعية', '');
INSERT INTO `lk9v6_users` (`name`, `email`, `usertype`) VALUES ('نورهان عبدالستار غانم رفاعى', 'nourhan13s04737@alexu.edu.eg', 'الخريجين');
INSERT INTO `lk9v6_alumni_main` (`id`, `user_id`, `approved`) VALUES (167548, 167548, 1);
INSERT INTO `lk9v6_alumni_data` (`alumni_id`, `graduation_year`, `fid`, `job`, `address`, `city`, `country`, `phone`, `gid`, `mobile`, `nationalnumber`, `department`, `division`, `with_honor`) VALUES (167548, 2015, '1', '', '', '', '', '3330545', '3', '0188291650', '', 'الفيزياء', 'العلوم الطبيعية', '');
INSERT INTO `lk9v6_users` (`name`, `email`, `usertype`) VALUES ('هدير ايمن محمد ابراهيم حسن عميره', 'hadeer13s05692@alexu.edu.eg', 'الخريجين');
INSERT INTO `lk9v6_alumni_main` (`id`, `user_id`, `approved`) VALUES (167549, 167549, 1);
INSERT INTO `lk9v6_alumni_data` (`alumni_id`, `graduation_year`, `fid`, `job`, `address`, `city`, `country`, `phone`, `gid`, `mobile`, `nationalnumber`, `department`, `division`, `with_honor`) VALUES (167549, 2015, '1', '', '', '', '', '033245584', '3', '01207925277', '', 'علوم البيئة', 'العلوم البيولوجية', '');
INSERT INTO `lk9v6_users` (`name`, `email`, `usertype`) VALUES ('مارتينا عماد شفيق حنا', 'martina13s05863@alexu.edu.eg', 'الخريجين');
INSERT INTO `lk9v6_alumni_main` (`id`, `user_id`, `approved`) VALUES (167550, 167550, 1);
INSERT INTO `lk9v6_alumni_data` (`alumni_id`, `graduation_year`, `fid`, `job`, `address`, `city`, `country`, `phone`, `gid`, `mobile`, `nationalnumber`, `department`, `division`, `with_honor`) VALUES (167550, 2015, '1', '', '', '', '', '034381330', '3', '01285207336', '', 'علوم البيئة', 'العلوم البيولوجية', '');
INSERT INTO `lk9v6_users` (`name`, `email`, `usertype`) VALUES ('سلمى احمد خيرى حسن سيما', 'salma13s05010@alexu.edu.eg', 'الخريجين');
INSERT INTO `lk9v6_alumni_main` (`id`, `user_id`, `approved`) VALUES (167551, 167551, 1);
INSERT INTO `lk9v6_alumni_data` (`alumni_id`, `graduation_year`, `fid`, `job`, `address`, `city`, `country`, `phone`, `gid`, `mobile`, `nationalnumber`, `department`, `division`, `with_honor`) VALUES (167551, 2015, '1', '', '', '', '', '0452962868', '3', '01090316527', '', 'علم الحيوان', 'العلوم البيولوجية', '');
INSERT INTO `lk9v6_users` (`name`, `email`, `usertype`) VALUES ('مروه محمد احمد محمد متولى', 'marwa13s04568@alexu.edu.eg', 'الخريجين');
INSERT INTO `lk9v6_alumni_main` (`id`, `user_id`, `approved`) VALUES (167552, 167552, 1);
INSERT INTO `lk9v6_alumni_data` (`alumni_id`, `graduation_year`, `fid`, `job`, `address`, `city`, `country`, `phone`, `gid`, `mobile`, `nationalnumber`, `department`, `division`, `with_honor`) VALUES (167552, 2015, '1', '', '', '', '', '0452233259', '3', '01288283775', '', 'الفيزياء', 'العلوم الطبيعية', '');
INSERT INTO `lk9v6_users` (`name`, `email`, `usertype`) VALUES ('دنيا احمد عبدالحميد احمد محمد', 'donia13s04434@alexu.edu.eg', 'الخريجين');
INSERT INTO `lk9v6_alumni_main` (`id`, `user_id`, `approved`) VALUES (167553, 167553, 1);
INSERT INTO `lk9v6_alumni_data` (`alumni_id`, `graduation_year`, `fid`, `job`, `address`, `city`, `country`, `phone`, `gid`, `mobile`, `nationalnumber`, `department`, `division`, `with_honor`) VALUES (167553, 2015, '1', '', '', '', '', '4951244', '3', '01277063174', '', 'الفيزياء', 'العلوم الطبيعية', '');
INSERT INTO `lk9v6_users` (`name`, `email`, `usertype`) VALUES ('فاطمه اشرف المغاورى حسنين', 'fatma13s05281@alexu.edu.eg', 'الخريجين');
INSERT INTO `lk9v6_alumni_main` (`id`, `user_id`, `approved`) VALUES (167554, 167554, 1);
INSERT INTO `lk9v6_alumni_data` (`alumni_id`, `graduation_year`, `fid`, `job`, `address`, `city`, `country`, `phone`, `gid`, `mobile`, `nationalnumber`, `department`, `division`, `with_honor`) VALUES (167554, 2015, '1', '', '', '', '', '034373492', '3', '01124251908', '', 'علوم البيئة', 'العلوم البيولوجية', '');
INSERT INTO `lk9v6_users` (`name`, `email`, `usertype`) VALUES ('دميانه سمير شحاته سعيد داوود', 'domiana13s04551@alexu.edu.eg', 'الخريجين');
INSERT INTO `lk9v6_alumni_main` (`id`, `user_id`, `approved`) VALUES (167555, 167555, 1);
INSERT INTO `lk9v6_alumni_data` (`alumni_id`, `graduation_year`, `fid`, `job`, `address`, `city`, `country`, `phone`, `gid`, `mobile`, `nationalnumber`, `department`, `division`, `with_honor`) VALUES (167555, 2015, '1', '', '', '', '', '039671345', '3', '01275562804', '', 'الفيزياء', 'العلوم الطبيعية', '');
INSERT INTO `lk9v6_users` (`name`, `email`, `usertype`) VALUES ('مصطفى عادل مصطفى عطيه', 'mustafa13s04763@alexu.edu.eg', 'الخريجين');
INSERT INTO `lk9v6_alumni_main` (`id`, `user_id`, `approved`) VALUES (167556, 167556, 1);
INSERT INTO `lk9v6_alumni_data` (`alumni_id`, `graduation_year`, `fid`, `job`, `address`, `city`, `country`, `phone`, `gid`, `mobile`, `nationalnumber`, `department`, `division`, `with_honor`) VALUES (167556, 2015, '1', '', '', '', '', '035330043', '3', '01114353420', '', 'الفيزياء', 'العلوم الطبيعية', '');
INSERT INTO `lk9v6_users` (`name`, `email`, `usertype`) VALUES ('احمد ابراهيم احمد على موسى', 'ahmed13s06392@alexu.edu.eg', 'الخريجين');
INSERT INTO `lk9v6_alumni_main` (`id`, `user_id`, `approved`) VALUES (167557, 167557, 1);
INSERT INTO `lk9v6_alumni_data` (`alumni_id`, `graduation_year`, `fid`, `job`, `address`, `city`, `country`, `phone`, `gid`, `mobile`, `nationalnumber`, `department`, `division`, `with_honor`) VALUES (167557, 2015, '1', '', '', '', '', '035487061', '3', '01220805308', '', 'الفيزياء', 'العلوم الطبيعية', '');
INSERT INTO `lk9v6_users` (`name`, `email`, `usertype`) VALUES ('كلارا البير وصفى خير', 'klara13s04646@alexu.edu.eg', 'الخريجين');
INSERT INTO `lk9v6_alumni_main` (`id`, `user_id`, `approved`) VALUES (167558, 167558, 1);
INSERT INTO `lk9v6_alumni_data` (`alumni_id`, `graduation_year`, `fid`, `job`, `address`, `city`, `country`, `phone`, `gid`, `mobile`, `nationalnumber`, `department`, `division`, `with_honor`) VALUES (167558, 2015, '1', '', '', '', '', '033918332', '3', '01227095803', '', 'الفيزياء', 'العلوم الطبيعية', '');
INSERT INTO `lk9v6_users` (`name`, `email`, `usertype`) VALUES ('مريم طارق جابر عبد الحميد', 'mariem13s06558@alexu.edu.eg', 'الخريجين');
INSERT INTO `lk9v6_alumni_main` (`id`, `user_id`, `approved`) VALUES (167559, 167559, 1);
INSERT INTO `lk9v6_alumni_data` (`alumni_id`, `graduation_year`, `fid`, `job`, `address`, `city`, `country`, `phone`, `gid`, `mobile`, `nationalnumber`, `department`, `division`, `with_honor`) VALUES (167559, 2015, '1', '', '', '', '', '034366190', '3', '01223247514', '', 'علوم البيئة', 'العلوم البيولوجية', '');
INSERT INTO `lk9v6_users` (`name`, `email`, `usertype`) VALUES ('معاذ خالد فتحى ابراهيم', 'mouaz13s06895@alexu.edu.eg', 'الخريجين');
INSERT INTO `lk9v6_alumni_main` (`id`, `user_id`, `approved`) VALUES (167560, 167560, 1);
INSERT INTO `lk9v6_alumni_data` (`alumni_id`, `graduation_year`, `fid`, `job`, `address`, `city`, `country`, `phone`, `gid`, `mobile`, `nationalnumber`, `department`, `division`, `with_honor`) VALUES (167560, 2015, '1', '', '', '', '', '035350908', '3', '01124173429', '', 'الفيزياء', 'العلوم الطبيعية', '');
INSERT INTO `lk9v6_users` (`name`, `email`, `usertype`) VALUES ('بسمه حسن خليل ابراهيم سيد احمد', 'basma13s04959@alexu.edu.eg', 'الخريجين');
INSERT INTO `lk9v6_alumni_main` (`id`, `user_id`, `approved`) VALUES (167561, 167561, 1);
INSERT INTO `lk9v6_alumni_data` (`alumni_id`, `graduation_year`, `fid`, `job`, `address`, `city`, `country`, `phone`, `gid`, `mobile`, `nationalnumber`, `department`, `division`, `with_honor`) VALUES (167561, 2015, '1', '', '', '', '', '035820129', '3', '01065480760', '', 'علوم البيئة', 'العلوم البيولوجية', '');
INSERT INTO `lk9v6_users` (`name`, `email`, `usertype`) VALUES ('ندى حسين حلمى حسين سلام', 'nada13s04586@alexu.edu.eg', 'الخريجين');
INSERT INTO `lk9v6_alumni_main` (`id`, `user_id`, `approved`) VALUES (167562, 167562, 1);
INSERT INTO `lk9v6_alumni_data` (`alumni_id`, `graduation_year`, `fid`, `job`, `address`, `city`, `country`, `phone`, `gid`, `mobile`, `nationalnumber`, `department`, `division`, `with_honor`) VALUES (167562, 2015, '1', '', '', '', '', '5060725', '3', '01200687656', '', 'الفيزياء', 'العلوم الطبيعية', '');
INSERT INTO `lk9v6_users` (`name`, `email`, `usertype`) VALUES ('يمنى سعيد مرسى محمد عمر', 'yomna13s06152@alexu.edu.eg', 'الخريجين');
INSERT INTO `lk9v6_alumni_main` (`id`, `user_id`, `approved`) VALUES (167563, 167563, 1);
INSERT INTO `lk9v6_alumni_data` (`alumni_id`, `graduation_year`, `fid`, `job`, `address`, `city`, `country`, `phone`, `gid`, `mobile`, `nationalnumber`, `department`, `division`, `with_honor`) VALUES (167563, 2015, '1', '', '', '', '', '034381540', '3', '01001956233', '', 'علوم البيئة', 'العلوم البيولوجية', '');
INSERT INTO `lk9v6_users` (`name`, `email`, `usertype`) VALUES ('احمد جمال محمود عبد الله عبد الرحمن', 'ahmed13s04543@alexu.edu.eg', 'الخريجين');
INSERT INTO `lk9v6_alumni_main` (`id`, `user_id`, `approved`) VALUES (167564, 167564, 1);
INSERT INTO `lk9v6_alumni_data` (`alumni_id`, `graduation_year`, `fid`, `job`, `address`, `city`, `country`, `phone`, `gid`, `mobile`, `nationalnumber`, `department`, `division`, `with_honor`) VALUES (167564, 2015, '1', '', '', '', '', '4398685', '3', '01278017393', '', 'الفيزياء', 'العلوم الطبيعية', '');
INSERT INTO `lk9v6_users` (`name`, `email`, `usertype`) VALUES ('مى مصطفى محمد محمدين كراعى', 'mai13s04485@alexu.edu.eg', 'الخريجين');
INSERT INTO `lk9v6_alumni_main` (`id`, `user_id`, `approved`) VALUES (167565, 167565, 1);
INSERT INTO `lk9v6_alumni_data` (`alumni_id`, `graduation_year`, `fid`, `job`, `address`, `city`, `country`, `phone`, `gid`, `mobile`, `nationalnumber`, `department`, `division`, `with_honor`) VALUES (167565, 2015, '1', '', '', '', '', '033633207', '3', '01064223832', '', 'الفيزياء', 'العلوم الطبيعية', '');
INSERT INTO `lk9v6_users` (`name`, `email`, `usertype`) VALUES ('مرام محمد اسماعيل اسماعيل ماضى', 'maram13s05672@alexu.edu.eg', 'الخريجين');
INSERT INTO `lk9v6_alumni_main` (`id`, `user_id`, `approved`) VALUES (167566, 167566, 1);
INSERT INTO `lk9v6_alumni_data` (`alumni_id`, `graduation_year`, `fid`, `job`, `address`, `city`, `country`, `phone`, `gid`, `mobile`, `nationalnumber`, `department`, `division`, `with_honor`) VALUES (167566, 2015, '1', '', '', '', '', '5508979', '3', '01061704110', '', 'علوم البيئة', 'العلوم البيولوجية', '');
INSERT INTO `lk9v6_users` (`name`, `email`, `usertype`) VALUES ('مينا منير حماية ميخائيل ', 'mina13s06721@alexu.edu.eg', 'الخريجين');
INSERT INTO `lk9v6_alumni_main` (`id`, `user_id`, `approved`) VALUES (167567, 167567, 1);
INSERT INTO `lk9v6_alumni_data` (`alumni_id`, `graduation_year`, `fid`, `job`, `address`, `city`, `country`, `phone`, `gid`, `mobile`, `nationalnumber`, `department`, `division`, `with_honor`) VALUES (167567, 2015, '1', '', '', '', '', '5354172', '3', '01289375584', '', 'الفيزياء', 'العلوم الطبيعية', '');
INSERT INTO `lk9v6_users` (`name`, `email`, `usertype`) VALUES ('هدى على الليثى على الليثى', 'hoda13s04346@alexu.edu.eg', 'الخريجين');
INSERT INTO `lk9v6_alumni_main` (`id`, `user_id`, `approved`) VALUES (167568, 167568, 1);
INSERT INTO `lk9v6_alumni_data` (`alumni_id`, `graduation_year`, `fid`, `job`, `address`, `city`, `country`, `phone`, `gid`, `mobile`, `nationalnumber`, `department`, `division`, `with_honor`) VALUES (167568, 2015, '1', '', '', '', '', '3631047', '3', '01019213882', '', 'الفيزياء', 'العلوم الطبيعية', '');
INSERT INTO `lk9v6_users` (`name`, `email`, `usertype`) VALUES ('اسماء فرج رجب مصطفى', 'asmaa13s04522@alexu.edu.eg', 'الخريجين');
INSERT INTO `lk9v6_alumni_main` (`id`, `user_id`, `approved`) VALUES (167569, 167569, 1);
INSERT INTO `lk9v6_alumni_data` (`alumni_id`, `graduation_year`, `fid`, `job`, `address`, `city`, `country`, `phone`, `gid`, `mobile`, `nationalnumber`, `department`, `division`, `with_honor`) VALUES (167569, 2015, '1', '', '', '', '', '0452917527', '3', '01128078435', '', 'الفيزياء', 'العلوم الطبيعية', '');
INSERT INTO `lk9v6_users` (`name`, `email`, `usertype`) VALUES ('محمد الصافى عبدالعزيز عبدالونيس', 'mohamed13s05115@alexu.edu.eg', 'الخريجين');
INSERT INTO `lk9v6_alumni_main` (`id`, `user_id`, `approved`) VALUES (167570, 167570, 1);
INSERT INTO `lk9v6_alumni_data` (`alumni_id`, `graduation_year`, `fid`, `job`, `address`, `city`, `country`, `phone`, `gid`, `mobile`, `nationalnumber`, `department`, `division`, `with_honor`) VALUES (167570, 2015, '1', '', '', '', '', '0452426392', '3', '01127613681', '', 'علوم البيئة', 'العلوم البيولوجية', '');
INSERT INTO `lk9v6_users` (`name`, `email`, `usertype`) VALUES ('محمد عادل عبدالعزيز محمود عبدالرحمن', 'mohamed13s04738@alexu.edu.eg', 'الخريجين');
INSERT INTO `lk9v6_alumni_main` (`id`, `user_id`, `approved`) VALUES (167571, 167571, 1);
INSERT INTO `lk9v6_alumni_data` (`alumni_id`, `graduation_year`, `fid`, `job`, `address`, `city`, `country`, `phone`, `gid`, `mobile`, `nationalnumber`, `department`, `division`, `with_honor`) VALUES (167571, 2015, '1', '', '', '', '', '5006509', '3', '0192683750', '', 'الفيزياء', 'العلوم الطبيعية', '');
INSERT INTO `lk9v6_users` (`name`, `email`, `usertype`) VALUES ('أحمد سليم مسعود محمد جادو بلال', 'ahmed13s04070@alexu.edu.eg', 'الخريجين');
INSERT INTO `lk9v6_alumni_main` (`id`, `user_id`, `approved`) VALUES (167572, 167572, 1);
INSERT INTO `lk9v6_alumni_data` (`alumni_id`, `graduation_year`, `fid`, `job`, `address`, `city`, `country`, `phone`, `gid`, `mobile`, `nationalnumber`, `department`, `division`, `with_honor`) VALUES (167572, 2015, '1', '', '', '', '', '01111139130', '3', '01002224872', '', 'الجيولوجيا', 'العلوم الجيولوجية', '');
INSERT INTO `lk9v6_users` (`name`, `email`, `usertype`) VALUES ('اسماء فوزى مبروك حامد', 'asmaa13s04569@alexu.edu.eg', 'الخريجين');
INSERT INTO `lk9v6_alumni_main` (`id`, `user_id`, `approved`) VALUES (167573, 167573, 1);
INSERT INTO `lk9v6_alumni_data` (`alumni_id`, `graduation_year`, `fid`, `job`, `address`, `city`, `country`, `phone`, `gid`, `mobile`, `nationalnumber`, `department`, `division`, `with_honor`) VALUES (167573, 2015, '1', '', '', '', '', '035689202', '3', '01272677453', '', 'الفيزياء', 'العلوم الطبيعية', '');
INSERT INTO `lk9v6_users` (`name`, `email`, `usertype`) VALUES ('مروه فضل  الله عربى مسعود', 'marwa13s04374@alexu.edu.eg', 'الخريجين');
INSERT INTO `lk9v6_alumni_main` (`id`, `user_id`, `approved`) VALUES (167574, 167574, 1);
INSERT INTO `lk9v6_alumni_data` (`alumni_id`, `graduation_year`, `fid`, `job`, `address`, `city`, `country`, `phone`, `gid`, `mobile`, `nationalnumber`, `department`, `division`, `with_honor`) VALUES (167574, 2015, '1', '', '', '', '', '035773976', '3', '01286477635', '', 'الفيزياء', 'العلوم الطبيعية', '');
INSERT INTO `lk9v6_users` (`name`, `email`, `usertype`) VALUES ('محمد رضا خميس محمد', 'mohamed13s06263@alexu.edu.eg', 'الخريجين');
INSERT INTO `lk9v6_alumni_main` (`id`, `user_id`, `approved`) VALUES (167575, 167575, 1);
INSERT INTO `lk9v6_alumni_data` (`alumni_id`, `graduation_year`, `fid`, `job`, `address`, `city`, `country`, `phone`, `gid`, `mobile`, `nationalnumber`, `department`, `division`, `with_honor`) VALUES (167575, 2015, '1', '', '', '', '', '4333046', '3', '01227931642', '', 'الجيولوجيا', 'العلوم الجيولوجية', '');
INSERT INTO `lk9v6_users` (`name`, `email`, `usertype`) VALUES ('علا صالح السيد فرج', 'ola13s05264@alexu.edu.eg', 'الخريجين');
INSERT INTO `lk9v6_alumni_main` (`id`, `user_id`, `approved`) VALUES (167576, 167576, 1);
INSERT INTO `lk9v6_alumni_data` (`alumni_id`, `graduation_year`, `fid`, `job`, `address`, `city`, `country`, `phone`, `gid`, `mobile`, `nationalnumber`, `department`, `division`, `with_honor`) VALUES (167576, 2015, '1', '', '', '', '', '033324569', '3', '01228123303', '', 'علوم البيئة', 'العلوم البيولوجية', '');
INSERT INTO `lk9v6_users` (`name`, `email`, `usertype`) VALUES ('اسماء السيد رجب على عبد الهادى', 'asmaa13s05149@alexu.edu.eg', 'الخريجين');
INSERT INTO `lk9v6_alumni_main` (`id`, `user_id`, `approved`) VALUES (167577, 167577, 1);
INSERT INTO `lk9v6_alumni_data` (`alumni_id`, `graduation_year`, `fid`, `job`, `address`, `city`, `country`, `phone`, `gid`, `mobile`, `nationalnumber`, `department`, `division`, `with_honor`) VALUES (167577, 2015, '1', '', '', '', '', '5031156', '3', '01202332451', '', 'علوم البيئة', 'العلوم البيولوجية', '');
INSERT INTO `lk9v6_users` (`name`, `email`, `usertype`) VALUES ('دعاء محمد عبدالمنعم احمد', 'doaa13s05477@alexu.edu.eg', 'الخريجين');
INSERT INTO `lk9v6_alumni_main` (`id`, `user_id`, `approved`) VALUES (167578, 167578, 1);
INSERT INTO `lk9v6_alumni_data` (`alumni_id`, `graduation_year`, `fid`, `job`, `address`, `city`, `country`, `phone`, `gid`, `mobile`, `nationalnumber`, `department`, `division`, `with_honor`) VALUES (167578, 2015, '1', '', '', '', '', '5022222', '3', '01069443031', '', 'علوم البيئة', 'العلوم البيولوجية', '');
INSERT INTO `lk9v6_users` (`name`, `email`, `usertype`) VALUES ('عبدالرحمن فتحى حسين احمد مصطفى', 'abdelrahman13s04585@alexu.edu.eg', 'الخريجين');
INSERT INTO `lk9v6_alumni_main` (`id`, `user_id`, `approved`) VALUES (167579, 167579, 1);
INSERT INTO `lk9v6_alumni_data` (`alumni_id`, `graduation_year`, `fid`, `job`, `address`, `city`, `country`, `phone`, `gid`, `mobile`, `nationalnumber`, `department`, `division`, `with_honor`) VALUES (167579, 2015, '1', '', '', '', '', '035508287', '3', '01278333441', '', 'الفيزياء', 'العلوم الطبيعية', '');
INSERT INTO `lk9v6_users` (`name`, `email`, `usertype`) VALUES ('محمد حسين محمود علي منصور', 'mohamed13s03773@alexu.edu.eg', 'الخريجين');
INSERT INTO `lk9v6_alumni_main` (`id`, `user_id`, `approved`) VALUES (167580, 167580, 1);
INSERT INTO `lk9v6_alumni_data` (`alumni_id`, `graduation_year`, `fid`, `job`, `address`, `city`, `country`, `phone`, `gid`, `mobile`, `nationalnumber`, `department`, `division`, `with_honor`) VALUES (167580, 2015, '1', '', '', '', '', '0453512420', '3', '01118681130', '', 'الجيولوجيا', 'العلوم الجيولوجية', '');
INSERT INTO `lk9v6_users` (`name`, `email`, `usertype`) VALUES ('محمد احمد احمد ابراهيم', 'mohamed13s06130@alexu.edu.eg', 'الخريجين');
INSERT INTO `lk9v6_alumni_main` (`id`, `user_id`, `approved`) VALUES (167581, 167581, 1);
INSERT INTO `lk9v6_alumni_data` (`alumni_id`, `graduation_year`, `fid`, `job`, `address`, `city`, `country`, `phone`, `gid`, `mobile`, `nationalnumber`, `department`, `division`, `with_honor`) VALUES (167581, 2015, '1', '', '', '', '', '2200119', '3', '01276288086', '', 'الجيولوجيا', 'العلوم الجيولوجية', '');
INSERT INTO `lk9v6_users` (`name`, `email`, `usertype`) VALUES ('على سليمان على محمود', 'ali13s06748@alexu.edu.eg', 'الخريجين');
INSERT INTO `lk9v6_alumni_main` (`id`, `user_id`, `approved`) VALUES (167582, 167582, 1);
INSERT INTO `lk9v6_alumni_data` (`alumni_id`, `graduation_year`, `fid`, `job`, `address`, `city`, `country`, `phone`, `gid`, `mobile`, `nationalnumber`, `department`, `division`, `with_honor`) VALUES (167582, 2015, '1', '', '', '', '', '035758988', '3', '0120575295', '', 'الجيولوجيا', 'العلوم الجيولوجية', '');
INSERT INTO `lk9v6_users` (`name`, `email`, `usertype`) VALUES ('السيد اسامة السيد جمعة', 'elsayed13s03876@alexu.edu.eg', 'الخريجين');
INSERT INTO `lk9v6_alumni_main` (`id`, `user_id`, `approved`) VALUES (167583, 167583, 1);
INSERT INTO `lk9v6_alumni_data` (`alumni_id`, `graduation_year`, `fid`, `job`, `address`, `city`, `country`, `phone`, `gid`, `mobile`, `nationalnumber`, `department`, `division`, `with_honor`) VALUES (167583, 2015, '1', '', '', '', '', '0112443436', '3', '0196092927', '', 'الفيزياء', 'العلوم الطبيعية', '');
INSERT INTO `lk9v6_users` (`name`, `email`, `usertype`) VALUES ('محمد عبد الحميد محمد عبد الحميد', 'mohamed13s06238@alexu.edu.eg', 'الخريجين');
INSERT INTO `lk9v6_alumni_main` (`id`, `user_id`, `approved`) VALUES (167584, 167584, 1);
INSERT INTO `lk9v6_alumni_data` (`alumni_id`, `graduation_year`, `fid`, `job`, `address`, `city`, `country`, `phone`, `gid`, `mobile`, `nationalnumber`, `department`, `division`, `with_honor`) VALUES (167584, 2015, '1', '', '', '', '', '01147708115', '3', '01147708115', '', 'الجيولوجيا', 'العلوم الجيولوجية', '');
INSERT INTO `lk9v6_users` (`name`, `email`, `usertype`) VALUES ('ماركو مجدى شوقى بشاى', 'marko13s01843@alexu.edu.eg', 'الخريجين');
INSERT INTO `lk9v6_alumni_main` (`id`, `user_id`, `approved`) VALUES (167585, 167585, 1);
INSERT INTO `lk9v6_alumni_data` (`alumni_id`, `graduation_year`, `fid`, `job`, `address`, `city`, `country`, `phone`, `gid`, `mobile`, `nationalnumber`, `department`, `division`, `with_honor`) VALUES (167585, 2015, '1', '', '', '', '', '035332118', '3', '01201155834', '', 'علم الحيوان', 'العلوم البيولوجية', '');
INSERT INTO `lk9v6_users` (`name`, `email`, `usertype`) VALUES ('محمد سامح زكريا امين صبيح', 'mohamed13s05711@alexu.edu.eg', 'الخريجين');
INSERT INTO `lk9v6_alumni_main` (`id`, `user_id`, `approved`) VALUES (167586, 167586, 1);
INSERT INTO `lk9v6_alumni_data` (`alumni_id`, `graduation_year`, `fid`, `job`, `address`, `city`, `country`, `phone`, `gid`, `mobile`, `nationalnumber`, `department`, `division`, `with_honor`) VALUES (167586, 2015, '1', '', '', '', '', '4270038', '3', '01222252449', '', 'الجيولوجيا', 'العلوم الجيولوجية', '');
INSERT INTO `lk9v6_users` (`name`, `email`, `usertype`) VALUES ('اسلام محمد عبده محمد العطفى', 'islam13s04047@alexu.edu.eg', 'الخريجين');
INSERT INTO `lk9v6_alumni_main` (`id`, `user_id`, `approved`) VALUES (167587, 167587, 1);
INSERT INTO `lk9v6_alumni_data` (`alumni_id`, `graduation_year`, `fid`, `job`, `address`, `city`, `country`, `phone`, `gid`, `mobile`, `nationalnumber`, `department`, `division`, `with_honor`) VALUES (167587, 2015, '1', '', '', '', '', '0452400757', '2', '01005308668', '', 'علوم البيئة', 'العلوم البيولوجية', '');
INSERT INTO `lk9v6_users` (`name`, `email`, `usertype`) VALUES ('لمياء عبد العزيز محروس عبد العزيز', 'lamya13s04003@alexu.edu.eg', 'الخريجين');
INSERT INTO `lk9v6_alumni_main` (`id`, `user_id`, `approved`) VALUES (167588, 167588, 1);
INSERT INTO `lk9v6_alumni_data` (`alumni_id`, `graduation_year`, `fid`, `job`, `address`, `city`, `country`, `phone`, `gid`, `mobile`, `nationalnumber`, `department`, `division`, `with_honor`) VALUES (167588, 2015, '1', '', '', '', '', '0506994096', '2', '01145425708', '', 'علوم البيئة', 'العلوم البيولوجية', '');
INSERT INTO `lk9v6_users` (`name`, `email`, `usertype`) VALUES ('اسامة شعبان محمود السيد', 'osama13s02339@alexu.edu.eg', 'الخريجين');
INSERT INTO `lk9v6_alumni_main` (`id`, `user_id`, `approved`) VALUES (167589, 167589, 1);
INSERT INTO `lk9v6_alumni_data` (`alumni_id`, `graduation_year`, `fid`, `job`, `address`, `city`, `country`, `phone`, `gid`, `mobile`, `nationalnumber`, `department`, `division`, `with_honor`) VALUES (167589, 2015, '1', '', '', '', '', '034201682', '2', '01001398569', '', 'علوم الحاسب الآلي', 'العلوم الطبيعية', '');
INSERT INTO `lk9v6_users` (`name`, `email`, `usertype`) VALUES ('محمد مصطفى محمد على', 'mohamed13s02684@alexu.edu.eg', 'الخريجين');
INSERT INTO `lk9v6_alumni_main` (`id`, `user_id`, `approved`) VALUES (167590, 167590, 1);
INSERT INTO `lk9v6_alumni_data` (`alumni_id`, `graduation_year`, `fid`, `job`, `address`, `city`, `country`, `phone`, `gid`, `mobile`, `nationalnumber`, `department`, `division`, `with_honor`) VALUES (167590, 2014, '1', '', '', '', '', '033022387', '3', '01278630057', '', 'علوم الحاسب الآلي', 'العلوم الطبيعية', '');
INSERT INTO `lk9v6_users` (`name`, `email`, `usertype`) VALUES ('وفاء عبدالرحمن قطب عبدالرحمن', 'wafaa13s05295@alexu.edu.eg', 'الخريجين');
INSERT INTO `lk9v6_alumni_main` (`id`, `user_id`, `approved`) VALUES (167591, 167591, 1);
INSERT INTO `lk9v6_alumni_data` (`alumni_id`, `graduation_year`, `fid`, `job`, `address`, `city`, `country`, `phone`, `gid`, `mobile`, `nationalnumber`, `department`, `division`, `with_honor`) VALUES (167591, 2015, '1', '', '', '', '', '033330000', '5', '01226120623', '', 'الكيمياء', 'العلوم البيولوجية', '');
INSERT INTO `lk9v6_users` (`name`, `email`, `usertype`) VALUES ('هاله على حافظ احمد ابراهيم', 'hala13s05794@alexu.edu.eg', 'الخريجين');
INSERT INTO `lk9v6_alumni_main` (`id`, `user_id`, `approved`) VALUES (167592, 167592, 1);
INSERT INTO `lk9v6_alumni_data` (`alumni_id`, `graduation_year`, `fid`, `job`, `address`, `city`, `country`, `phone`, `gid`, `mobile`, `nationalnumber`, `department`, `division`, `with_honor`) VALUES (167592, 2015, '1', '', '', '', '', '5922589', '5', '01280739133', '', 'الكيمياء', 'العلوم البيولوجية', '');
INSERT INTO `lk9v6_users` (`name`, `email`, `usertype`) VALUES ('احمد حمدى على محمد الدكش', 'ahmed13s05372@alexu.edu.eg', 'الخريجين');
INSERT INTO `lk9v6_alumni_main` (`id`, `user_id`, `approved`) VALUES (167593, 167593, 1);
INSERT INTO `lk9v6_alumni_data` (`alumni_id`, `graduation_year`, `fid`, `job`, `address`, `city`, `country`, `phone`, `gid`, `mobile`, `nationalnumber`, `department`, `division`, `with_honor`) VALUES (167593, 2015, '1', '', '', '', '', '4800501', '5', '01226715786', '', 'الكيمياء', 'العلوم البيولوجية', '');
INSERT INTO `lk9v6_users` (`name`, `email`, `usertype`) VALUES ('اميرة محمود محمد محمود', 'amira13s06326@alexu.edu.eg', 'الخريجين');
INSERT INTO `lk9v6_alumni_main` (`id`, `user_id`, `approved`) VALUES (167594, 167594, 1);
INSERT INTO `lk9v6_alumni_data` (`alumni_id`, `graduation_year`, `fid`, `job`, `address`, `city`, `country`, `phone`, `gid`, `mobile`, `nationalnumber`, `department`, `division`, `with_honor`) VALUES (167594, 2015, '1', '', '', '', '', '4877592', '5', '01062503011', '', 'الميكروبيولوجى', 'العلوم البيولوجية', '');
INSERT INTO `lk9v6_users` (`name`, `email`, `usertype`) VALUES ('اسراء محمد السيد على محمد', 'esraa13s05591@alexu.edu.eg', 'الخريجين');
INSERT INTO `lk9v6_alumni_main` (`id`, `user_id`, `approved`) VALUES (167595, 167595, 1);
INSERT INTO `lk9v6_alumni_data` (`alumni_id`, `graduation_year`, `fid`, `job`, `address`, `city`, `country`, `phone`, `gid`, `mobile`, `nationalnumber`, `department`, `division`, `with_honor`) VALUES (167595, 2015, '1', '', '', '', '', '3617320', '5', '01271994375', '', 'الميكروبيولوجى', 'العلوم البيولوجية', '');
INSERT INTO `lk9v6_users` (`name`, `email`, `usertype`) VALUES ('امال طارق مكاوى عليوه سرحان', 'amal13s05587@alexu.edu.eg', 'الخريجين');
INSERT INTO `lk9v6_alumni_main` (`id`, `user_id`, `approved`) VALUES (167596, 167596, 1);
INSERT INTO `lk9v6_alumni_data` (`alumni_id`, `graduation_year`, `fid`, `job`, `address`, `city`, `country`, `phone`, `gid`, `mobile`, `nationalnumber`, `department`, `division`, `with_honor`) VALUES (167596, 2015, '1', '', '', '', '', '034358200', '5', '01229327624', '', 'الكيمياء', 'العلوم البيولوجية', '');
INSERT INTO `lk9v6_users` (`name`, `email`, `usertype`) VALUES ('ايه عبد العزيز وصال حمد', 'aya13s05081@alexu.edu.eg', 'الخريجين');
INSERT INTO `lk9v6_alumni_main` (`id`, `user_id`, `approved`) VALUES (167597, 167597, 1);
INSERT INTO `lk9v6_alumni_data` (`alumni_id`, `graduation_year`, `fid`, `job`, `address`, `city`, `country`, `phone`, `gid`, `mobile`, `nationalnumber`, `department`, `division`, `with_honor`) VALUES (167597, 2015, '1', '', '', '', '', '5231304', '5', '01005516648', '', 'الميكروبيولوجى', 'العلوم البيولوجية', '');
INSERT INTO `lk9v6_users` (`name`, `email`, `usertype`) VALUES ('مى حسين عبده شعبان الشيخ', 'mai13s05657@alexu.edu.eg', 'الخريجين');
INSERT INTO `lk9v6_alumni_main` (`id`, `user_id`, `approved`) VALUES (167598, 167598, 1);
INSERT INTO `lk9v6_alumni_data` (`alumni_id`, `graduation_year`, `fid`, `job`, `address`, `city`, `country`, `phone`, `gid`, `mobile`, `nationalnumber`, `department`, `division`, `with_honor`) VALUES (167598, 2015, '1', '', '', '', '', '034360383', '5', '01228362016', '', 'الكيمياء', 'العلوم البيولوجية', '');
INSERT INTO `lk9v6_users` (`name`, `email`, `usertype`) VALUES ('هبه الله عبدالرازق عوض عبدالرازق عوض', 'heba13s05589@alexu.edu.eg', 'الخريجين');
INSERT INTO `lk9v6_alumni_main` (`id`, `user_id`, `approved`) VALUES (167599, 167599, 1);
INSERT INTO `lk9v6_alumni_data` (`alumni_id`, `graduation_year`, `fid`, `job`, `address`, `city`, `country`, `phone`, `gid`, `mobile`, `nationalnumber`, `department`, `division`, `with_honor`) VALUES (167599, 2015, '1', '', '', '', '', '034840289', '5', '01228981004', '', 'الكيمياء', 'العلوم البيولوجية', '');
INSERT INTO `lk9v6_users` (`name`, `email`, `usertype`) VALUES ('اسماء علاء الدين فارس محمد', 'asmaa13s06574@alexu.edu.eg', 'الخريجين');
INSERT INTO `lk9v6_alumni_main` (`id`, `user_id`, `approved`) VALUES (167600, 167600, 1);
INSERT INTO `lk9v6_alumni_data` (`alumni_id`, `graduation_year`, `fid`, `job`, `address`, `city`, `country`, `phone`, `gid`, `mobile`, `nationalnumber`, `department`, `division`, `with_honor`) VALUES (167600, 2015, '1', '', '', '', '', '9552415', '5', '01282973688', '', 'الكيمياء', 'العلوم البيولوجية', '');
INSERT INTO `lk9v6_users` (`name`, `email`, `usertype`) VALUES ('ايه صلاح عجمى خضر', 'aya13s05803@alexu.edu.eg', 'الخريجين');
INSERT INTO `lk9v6_alumni_main` (`id`, `user_id`, `approved`) VALUES (167601, 167601, 1);
INSERT INTO `lk9v6_alumni_data` (`alumni_id`, `graduation_year`, `fid`, `job`, `address`, `city`, `country`, `phone`, `gid`, `mobile`, `nationalnumber`, `department`, `division`, `with_honor`) VALUES (167601, 2015, '1', '', '', '', '', '5409988', '5', '01005551200', '', 'الميكروبيولوجى', 'العلوم البيولوجية', '');
INSERT INTO `lk9v6_users` (`name`, `email`, `usertype`) VALUES ('عبدالجواد محمد محمد عبدالجواد سبوخ', 'abdelgawad13s04966@alexu.edu.eg', 'الخريجين');
INSERT INTO `lk9v6_alumni_main` (`id`, `user_id`, `approved`) VALUES (167602, 167602, 1);
INSERT INTO `lk9v6_alumni_data` (`alumni_id`, `graduation_year`, `fid`, `job`, `address`, `city`, `country`, `phone`, `gid`, `mobile`, `nationalnumber`, `department`, `division`, `with_honor`) VALUES (167602, 2015, '1', '', '', '', '', '0472515489', '5', '01001645880', '', 'الكيمياء', 'العلوم البيولوجية', '');
INSERT INTO `lk9v6_users` (`name`, `email`, `usertype`) VALUES ('هدير سمير محمد فرج الفقى', 'hadeer13s05245@alexu.edu.eg', 'الخريجين');
INSERT INTO `lk9v6_alumni_main` (`id`, `user_id`, `approved`) VALUES (167603, 167603, 1);
INSERT INTO `lk9v6_alumni_data` (`alumni_id`, `graduation_year`, `fid`, `job`, `address`, `city`, `country`, `phone`, `gid`, `mobile`, `nationalnumber`, `department`, `division`, `with_honor`) VALUES (167603, 2015, '1', '', '', '', '', '4202408', '5', '01060081950', '', 'الكيمياء', 'العلوم البيولوجية', '');
INSERT INTO `lk9v6_users` (`name`, `email`, `usertype`) VALUES ('مها محمود ابوبكر الشهاوى', 'maha13s05032@alexu.edu.eg', 'الخريجين');
INSERT INTO `lk9v6_alumni_main` (`id`, `user_id`, `approved`) VALUES (167604, 167604, 1);
INSERT INTO `lk9v6_alumni_data` (`alumni_id`, `graduation_year`, `fid`, `job`, `address`, `city`, `country`, `phone`, `gid`, `mobile`, `nationalnumber`, `department`, `division`, `with_honor`) VALUES (167604, 2015, '1', '', '', '', '', '0472590247', '5', '0199540772', '', 'الكيمياء', 'العلوم البيولوجية', '');
INSERT INTO `lk9v6_users` (`name`, `email`, `usertype`) VALUES ('اشرف على محمد الفحام', 'ashraf13s09676@alexu.edu.eg', 'الخريجين');
INSERT INTO `lk9v6_alumni_main` (`id`, `user_id`, `approved`) VALUES (167605, 167605, 1);
INSERT INTO `lk9v6_alumni_data` (`alumni_id`, `graduation_year`, `fid`, `job`, `address`, `city`, `country`, `phone`, `gid`, `mobile`, `nationalnumber`, `department`, `division`, `with_honor`) VALUES (167605, 2015, '1', '', '', '', '', '5353509', '5', '01221954549', '', 'الكيمياء', 'العلوم البيولوجية', '');
INSERT INTO `lk9v6_users` (`name`, `email`, `usertype`) VALUES ('ايمان السيد حسن احمد', 'eman13s05022@alexu.edu.eg', 'الخريجين');
INSERT INTO `lk9v6_alumni_main` (`id`, `user_id`, `approved`) VALUES (167606, 167606, 1);
INSERT INTO `lk9v6_alumni_data` (`alumni_id`, `graduation_year`, `fid`, `job`, `address`, `city`, `country`, `phone`, `gid`, `mobile`, `nationalnumber`, `department`, `division`, `with_honor`) VALUES (167606, 2015, '1', '', '', '', '', '4321773', '5', '01202337531', '', 'الميكروبيولوجى', 'العلوم البيولوجية', '');
INSERT INTO `lk9v6_users` (`name`, `email`, `usertype`) VALUES ('شيرين صبرى بلال محمد زيدان', 'sherin13s05705@alexu.edu.eg', 'الخريجين');
INSERT INTO `lk9v6_alumni_main` (`id`, `user_id`, `approved`) VALUES (167607, 167607, 1);
INSERT INTO `lk9v6_alumni_data` (`alumni_id`, `graduation_year`, `fid`, `job`, `address`, `city`, `country`, `phone`, `gid`, `mobile`, `nationalnumber`, `department`, `division`, `with_honor`) VALUES (167607, 2015, '1', '', '', '', '', '5283337', '5', '0187145194', '', 'الكيمياء', 'العلوم البيولوجية', '');
INSERT INTO `lk9v6_users` (`name`, `email`, `usertype`) VALUES ('كاريمان محمد حسن مسعود ابراهيم', 'kariman13s05277@alexu.edu.eg', 'الخريجين');
INSERT INTO `lk9v6_alumni_main` (`id`, `user_id`, `approved`) VALUES (167608, 167608, 1);
INSERT INTO `lk9v6_alumni_data` (`alumni_id`, `graduation_year`, `fid`, `job`, `address`, `city`, `country`, `phone`, `gid`, `mobile`, `nationalnumber`, `department`, `division`, `with_honor`) VALUES (167608, 2015, '1', '', '', '', '', '0464947772', '5', '01064076859', '', 'الكيمياء', 'العلوم البيولوجية', '');
INSERT INTO `lk9v6_users` (`name`, `email`, `usertype`) VALUES ('اشرقت صبرى محمد محمد عبد البارى', 'ashrakt13s05271@alexu.edu.eg', 'الخريجين');
INSERT INTO `lk9v6_alumni_main` (`id`, `user_id`, `approved`) VALUES (167609, 167609, 1);
INSERT INTO `lk9v6_alumni_data` (`alumni_id`, `graduation_year`, `fid`, `job`, `address`, `city`, `country`, `phone`, `gid`, `mobile`, `nationalnumber`, `department`, `division`, `with_honor`) VALUES (167609, 2015, '1', '', '', '', '', '5824053', '5', '01116197567', '', 'الكيمياء', 'العلوم البيولوجية', '');
INSERT INTO `lk9v6_users` (`name`, `email`, `usertype`) VALUES ('جوليت داود معوض داود ابراهيم', 'joliet13s05450@alexu.edu.eg', 'الخريجين');
INSERT INTO `lk9v6_alumni_main` (`id`, `user_id`, `approved`) VALUES (167610, 167610, 1);
INSERT INTO `lk9v6_alumni_data` (`alumni_id`, `graduation_year`, `fid`, `job`, `address`, `city`, `country`, `phone`, `gid`, `mobile`, `nationalnumber`, `department`, `division`, `with_honor`) VALUES (167610, 2015, '1', '', '', '', '', '0453691920', '5', '01272401031', '', 'الكيمياء', 'العلوم البيولوجية', '');
INSERT INTO `lk9v6_users` (`name`, `email`, `usertype`) VALUES ('يمنى على عباس عبدالحافظ', 'yomna13s05368@alexu.edu.eg', 'الخريجين');
INSERT INTO `lk9v6_alumni_main` (`id`, `user_id`, `approved`) VALUES (167611, 167611, 1);
INSERT INTO `lk9v6_alumni_data` (`alumni_id`, `graduation_year`, `fid`, `job`, `address`, `city`, `country`, `phone`, `gid`, `mobile`, `nationalnumber`, `department`, `division`, `with_honor`) VALUES (167611, 2015, '1', '', '', '', '', '035756337', '5', '01009592608', '', 'الكيمياء', 'العلوم البيولوجية', '');
INSERT INTO `lk9v6_users` (`name`, `email`, `usertype`) VALUES ('ريم الشنويهى عبد الغفار محمد', 'reem13s05011@alexu.edu.eg', 'الخريجين');
INSERT INTO `lk9v6_alumni_main` (`id`, `user_id`, `approved`) VALUES (167612, 167612, 1);
INSERT INTO `lk9v6_alumni_data` (`alumni_id`, `graduation_year`, `fid`, `job`, `address`, `city`, `country`, `phone`, `gid`, `mobile`, `nationalnumber`, `department`, `division`, `with_honor`) VALUES (167612, 2015, '1', '', '', '', '', '0181870126', '5', '0181870126', '', 'الكيمياء', 'العلوم البيولوجية', '');
INSERT INTO `lk9v6_users` (`name`, `email`, `usertype`) VALUES ('رانيا فوزى عبدالفتاح السويسى', 'rania13s05030@alexu.edu.eg', 'الخريجين');
INSERT INTO `lk9v6_alumni_main` (`id`, `user_id`, `approved`) VALUES (167613, 167613, 1);
INSERT INTO `lk9v6_alumni_data` (`alumni_id`, `graduation_year`, `fid`, `job`, `address`, `city`, `country`, `phone`, `gid`, `mobile`, `nationalnumber`, `department`, `division`, `with_honor`) VALUES (167613, 2015, '1', '', '', '', '', '0472714393', '5', '0190607824', '', 'الكيمياء', 'العلوم البيولوجية', '');
INSERT INTO `lk9v6_users` (`name`, `email`, `usertype`) VALUES ('نوران محمد عبدالقادر على عبدالسلام', 'nouran13s05061@alexu.edu.eg', 'الخريجين');
INSERT INTO `lk9v6_alumni_main` (`id`, `user_id`, `approved`) VALUES (167614, 167614, 1);
INSERT INTO `lk9v6_alumni_data` (`alumni_id`, `graduation_year`, `fid`, `job`, `address`, `city`, `country`, `phone`, `gid`, `mobile`, `nationalnumber`, `department`, `division`, `with_honor`) VALUES (167614, 2015, '1', '', '', '', '', '3933293', '5', '01226071803', '', 'الكيمياء', 'العلوم البيولوجية', '');
INSERT INTO `lk9v6_users` (`name`, `email`, `usertype`) VALUES ('نهال ايمن محمد فتحى عبدالكريم', 'nehal13s05476@alexu.edu.eg', 'الخريجين');
INSERT INTO `lk9v6_alumni_main` (`id`, `user_id`, `approved`) VALUES (167615, 167615, 1);
INSERT INTO `lk9v6_alumni_data` (`alumni_id`, `graduation_year`, `fid`, `job`, `address`, `city`, `country`, `phone`, `gid`, `mobile`, `nationalnumber`, `department`, `division`, `with_honor`) VALUES (167615, 2015, '1', '', '', '', '', '3596174', '5', '01229221792', '', 'الكيمياء', 'العلوم البيولوجية', '');
INSERT INTO `lk9v6_users` (`name`, `email`, `usertype`) VALUES ('ندى خميس محمد عبدالغنى محمد', 'nada13s04951@alexu.edu.eg', 'الخريجين');
INSERT INTO `lk9v6_alumni_main` (`id`, `user_id`, `approved`) VALUES (167616, 167616, 1);
INSERT INTO `lk9v6_alumni_data` (`alumni_id`, `graduation_year`, `fid`, `job`, `address`, `city`, `country`, `phone`, `gid`, `mobile`, `nationalnumber`, `department`, `division`, `with_honor`) VALUES (167616, 2015, '1', '', '', '', '', '4942749', '5', '01283267899', '', 'الكيمياء', 'العلوم البيولوجية', '');
INSERT INTO `lk9v6_users` (`name`, `email`, `usertype`) VALUES ('اسماء عبدالرحمن عبدالجواد عمار', 'asmaa13s05660@alexu.edu.eg', 'الخريجين');
INSERT INTO `lk9v6_alumni_main` (`id`, `user_id`, `approved`) VALUES (167617, 167617, 1);
INSERT INTO `lk9v6_alumni_data` (`alumni_id`, `graduation_year`, `fid`, `job`, `address`, `city`, `country`, `phone`, `gid`, `mobile`, `nationalnumber`, `department`, `division`, `with_honor`) VALUES (167617, 2015, '1', '', '', '', '', '0453693450', '5', '01146993186', '', 'الكيمياء', 'العلوم البيولوجية', '');
INSERT INTO `lk9v6_users` (`name`, `email`, `usertype`) VALUES ('دولت محمد سيد احمد بدور', 'dawlat13s05656@alexu.edu.eg', 'الخريجين');
INSERT INTO `lk9v6_alumni_main` (`id`, `user_id`, `approved`) VALUES (167618, 167618, 1);
INSERT INTO `lk9v6_alumni_data` (`alumni_id`, `graduation_year`, `fid`, `job`, `address`, `city`, `country`, `phone`, `gid`, `mobile`, `nationalnumber`, `department`, `division`, `with_honor`) VALUES (167618, 2015, '1', '', '', '', '', '035013690', '5', '0183434023', '', 'الكيمياء', 'العلوم البيولوجية', '');
INSERT INTO `lk9v6_users` (`name`, `email`, `usertype`) VALUES ('نورهان طارق احمد على الشريف', 'nourhan13s05499@alexu.edu.eg', 'الخريجين');
INSERT INTO `lk9v6_alumni_main` (`id`, `user_id`, `approved`) VALUES (167619, 167619, 1);
INSERT INTO `lk9v6_alumni_data` (`alumni_id`, `graduation_year`, `fid`, `job`, `address`, `city`, `country`, `phone`, `gid`, `mobile`, `nationalnumber`, `department`, `division`, `with_honor`) VALUES (167619, 2015, '1', '', '', '', '', '034276038', '4', '0189526833', '', 'الميكروبيولوجى', 'العلوم البيولوجية', '');
INSERT INTO `lk9v6_users` (`name`, `email`, `usertype`) VALUES ('الاء محمد ابراهيم حسين مليحة', 'alaa13s05719@alexu.edu.eg', 'الخريجين');
INSERT INTO `lk9v6_alumni_main` (`id`, `user_id`, `approved`) VALUES (167620, 167620, 1);
INSERT INTO `lk9v6_alumni_data` (`alumni_id`, `graduation_year`, `fid`, `job`, `address`, `city`, `country`, `phone`, `gid`, `mobile`, `nationalnumber`, `department`, `division`, `with_honor`) VALUES (167620, 2015, '1', '', '', '', '', '0472975146', '5', '01148683774', '', 'الكيمياء', 'العلوم البيولوجية', '');
INSERT INTO `lk9v6_users` (`name`, `email`, `usertype`) VALUES ('اميره جمال عويس عبدالعزيز', 'amira13s05483@alexu.edu.eg', 'الخريجين');
INSERT INTO `lk9v6_alumni_main` (`id`, `user_id`, `approved`) VALUES (167621, 167621, 1);
INSERT INTO `lk9v6_alumni_data` (`alumni_id`, `graduation_year`, `fid`, `job`, `address`, `city`, `country`, `phone`, `gid`, `mobile`, `nationalnumber`, `department`, `division`, `with_honor`) VALUES (167621, 2015, '1', '', '', '', '', '5185023', '5', '01207452086', '', 'الكيمياء', 'العلوم البيولوجية', '');
INSERT INTO `lk9v6_users` (`name`, `email`, `usertype`) VALUES ('روان محمد عبد الفتاح ابراهيم حجاب', 'rowan13s05102@alexu.edu.eg', 'الخريجين');
INSERT INTO `lk9v6_alumni_main` (`id`, `user_id`, `approved`) VALUES (167622, 167622, 1);
INSERT INTO `lk9v6_alumni_data` (`alumni_id`, `graduation_year`, `fid`, `job`, `address`, `city`, `country`, `phone`, `gid`, `mobile`, `nationalnumber`, `department`, `division`, `with_honor`) VALUES (167622, 2015, '1', '', '', '', '', '035286267', '5', '01116355783', '', 'الكيمياء', 'العلوم البيولوجية', '');
INSERT INTO `lk9v6_users` (`name`, `email`, `usertype`) VALUES ('مارينا جاد فهمى سليمان جرجس', 'marina13s05357@alexu.edu.eg', 'الخريجين');
INSERT INTO `lk9v6_alumni_main` (`id`, `user_id`, `approved`) VALUES (167623, 167623, 1);
INSERT INTO `lk9v6_alumni_data` (`alumni_id`, `graduation_year`, `fid`, `job`, `address`, `city`, `country`, `phone`, `gid`, `mobile`, `nationalnumber`, `department`, `division`, `with_honor`) VALUES (167623, 2015, '1', '', '', '', '', '035340266', '5', '01228071060', '', 'الكيمياء', 'العلوم البيولوجية', '');
INSERT INTO `lk9v6_users` (`name`, `email`, `usertype`) VALUES ('ايه محمد ابراهيم عبدالغنى', 'aya13s05304@alexu.edu.eg', 'الخريجين');
INSERT INTO `lk9v6_alumni_main` (`id`, `user_id`, `approved`) VALUES (167624, 167624, 1);
INSERT INTO `lk9v6_alumni_data` (`alumni_id`, `graduation_year`, `fid`, `job`, `address`, `city`, `country`, `phone`, `gid`, `mobile`, `nationalnumber`, `department`, `division`, `with_honor`) VALUES (167624, 2015, '1', '', '', '', '', '4401335', '5', '01274470851', '', 'الكيمياء', 'العلوم البيولوجية', '');
INSERT INTO `lk9v6_users` (`name`, `email`, `usertype`) VALUES ('نجوى جابر منصور محمد', 'nagwa13s04941@alexu.edu.eg', 'الخريجين');
INSERT INTO `lk9v6_alumni_main` (`id`, `user_id`, `approved`) VALUES (167625, 167625, 1);
INSERT INTO `lk9v6_alumni_data` (`alumni_id`, `graduation_year`, `fid`, `job`, `address`, `city`, `country`, `phone`, `gid`, `mobile`, `nationalnumber`, `department`, `division`, `with_honor`) VALUES (167625, 2015, '1', '', '', '', '', '034482775', '5', '01225994887', '', 'الكيمياء', 'العلوم البيولوجية', '');
INSERT INTO `lk9v6_users` (`name`, `email`, `usertype`) VALUES ('ياسمين عادل قبارى عوض احمد', 'yasmin13s04950@alexu.edu.eg', 'الخريجين');
INSERT INTO `lk9v6_alumni_main` (`id`, `user_id`, `approved`) VALUES (167626, 167626, 1);
INSERT INTO `lk9v6_alumni_data` (`alumni_id`, `graduation_year`, `fid`, `job`, `address`, `city`, `country`, `phone`, `gid`, `mobile`, `nationalnumber`, `department`, `division`, `with_honor`) VALUES (167626, 2015, '1', '', '', '', '', '5004486', '5', '01287789525', '', 'الكيمياء', 'العلوم البيولوجية', '');
INSERT INTO `lk9v6_users` (`name`, `email`, `usertype`) VALUES ('الاء سمير محمد', 'alaa13s06090@alexu.edu.eg', 'الخريجين');
INSERT INTO `lk9v6_alumni_main` (`id`, `user_id`, `approved`) VALUES (167627, 167627, 1);
INSERT INTO `lk9v6_alumni_data` (`alumni_id`, `graduation_year`, `fid`, `job`, `address`, `city`, `country`, `phone`, `gid`, `mobile`, `nationalnumber`, `department`, `division`, `with_honor`) VALUES (167627, 2015, '1', '', '', '', '', '035039359', '5', '01189573764', '', 'الكيمياء', 'العلوم البيولوجية', '');
INSERT INTO `lk9v6_users` (`name`, `email`, `usertype`) VALUES ('ياسمين احمد على اسماعيل رحيم', 'yasmin13s05519@alexu.edu.eg', 'الخريجين');
INSERT INTO `lk9v6_alumni_main` (`id`, `user_id`, `approved`) VALUES (167628, 167628, 1);
INSERT INTO `lk9v6_alumni_data` (`alumni_id`, `graduation_year`, `fid`, `job`, `address`, `city`, `country`, `phone`, `gid`, `mobile`, `nationalnumber`, `department`, `division`, `with_honor`) VALUES (167628, 2015, '1', '', '', '', '', '035353817', '5', '01062354492', '', 'الكيمياء', 'العلوم البيولوجية', '');
INSERT INTO `lk9v6_users` (`name`, `email`, `usertype`) VALUES ('علا محمد السيد محمد سالم', 'ola13s05504@alexu.edu.eg', 'الخريجين');
INSERT INTO `lk9v6_alumni_main` (`id`, `user_id`, `approved`) VALUES (167629, 167629, 1);
INSERT INTO `lk9v6_alumni_data` (`alumni_id`, `graduation_year`, `fid`, `job`, `address`, `city`, `country`, `phone`, `gid`, `mobile`, `nationalnumber`, `department`, `division`, `with_honor`) VALUES (167629, 2015, '1', '', '', '', '', '035285413', '5', '01064109294', '', 'الكيمياء', 'العلوم البيولوجية', '');
INSERT INTO `lk9v6_users` (`name`, `email`, `usertype`) VALUES ('ايمان موسى احمد سيد احمد شتا', 'eman13s05564@alexu.edu.eg', 'الخريجين');
INSERT INTO `lk9v6_alumni_main` (`id`, `user_id`, `approved`) VALUES (167630, 167630, 1);
INSERT INTO `lk9v6_alumni_data` (`alumni_id`, `graduation_year`, `fid`, `job`, `address`, `city`, `country`, `phone`, `gid`, `mobile`, `nationalnumber`, `department`, `division`, `with_honor`) VALUES (167630, 2015, '1', '', '', '', '', '0452290554', '5', '01283059244', '', 'الكيمياء', 'العلوم البيولوجية', '');
INSERT INTO `lk9v6_users` (`name`, `email`, `usertype`) VALUES ('رشا ابراهيم عبدالحميد السحلى', 'rasha13s05381@alexu.edu.eg', 'الخريجين');
INSERT INTO `lk9v6_alumni_main` (`id`, `user_id`, `approved`) VALUES (167631, 167631, 1);
INSERT INTO `lk9v6_alumni_data` (`alumni_id`, `graduation_year`, `fid`, `job`, `address`, `city`, `country`, `phone`, `gid`, `mobile`, `nationalnumber`, `department`, `division`, `with_honor`) VALUES (167631, 2015, '1', '', '', '', '', '0452923817', '5', '01095682364', '', 'الكيمياء', 'العلوم البيولوجية', '');
INSERT INTO `lk9v6_users` (`name`, `email`, `usertype`) VALUES ('اسماء محمد عبدالعال محمد ابوليله', 'asmaa13s05802@alexu.edu.eg', 'الخريجين');
INSERT INTO `lk9v6_alumni_main` (`id`, `user_id`, `approved`) VALUES (167632, 167632, 1);
INSERT INTO `lk9v6_alumni_data` (`alumni_id`, `graduation_year`, `fid`, `job`, `address`, `city`, `country`, `phone`, `gid`, `mobile`, `nationalnumber`, `department`, `division`, `with_honor`) VALUES (167632, 2015, '1', '', '', '', '', '5277415', '5', '01012640902', '', 'الكيمياء', 'العلوم البيولوجية', '');
INSERT INTO `lk9v6_users` (`name`, `email`, `usertype`) VALUES ('منه الله جمال على عبد الحميد ', 'menna13s06684@alexu.edu.eg', 'الخريجين');
INSERT INTO `lk9v6_alumni_main` (`id`, `user_id`, `approved`) VALUES (167633, 167633, 1);
INSERT INTO `lk9v6_alumni_data` (`alumni_id`, `graduation_year`, `fid`, `job`, `address`, `city`, `country`, `phone`, `gid`, `mobile`, `nationalnumber`, `department`, `division`, `with_honor`) VALUES (167633, 2015, '1', '', '', '', '', '5438137', '5', '01278300922', '', 'الكيمياء', 'العلوم البيولوجية', '');
INSERT INTO `lk9v6_users` (`name`, `email`, `usertype`) VALUES ('ساره محمد عبد الصمد السيد على', 'sara13s06819@alexu.edu.eg', 'الخريجين');
INSERT INTO `lk9v6_alumni_main` (`id`, `user_id`, `approved`) VALUES (167634, 167634, 1);
INSERT INTO `lk9v6_alumni_data` (`alumni_id`, `graduation_year`, `fid`, `job`, `address`, `city`, `country`, `phone`, `gid`, `mobile`, `nationalnumber`, `department`, `division`, `with_honor`) VALUES (167634, 2015, '1', '', '', '', '', '4833103', '5', '01211143482', '', 'الكيمياء', 'العلوم البيولوجية', '');
INSERT INTO `lk9v6_users` (`name`, `email`, `usertype`) VALUES ('عبير عبدالشافى خلف طه', 'abeer13s05710@alexu.edu.eg', 'الخريجين');
INSERT INTO `lk9v6_alumni_main` (`id`, `user_id`, `approved`) VALUES (167635, 167635, 1);
INSERT INTO `lk9v6_alumni_data` (`alumni_id`, `graduation_year`, `fid`, `job`, `address`, `city`, `country`, `phone`, `gid`, `mobile`, `nationalnumber`, `department`, `division`, `with_honor`) VALUES (167635, 2015, '1', '', '', '', '', '033324569', '5', '01148498947', '', 'الكيمياء', 'العلوم البيولوجية', '');
INSERT INTO `lk9v6_users` (`name`, `email`, `usertype`) VALUES ('مونيكا مجدى بولس غبريال', 'monika13s04832@alexu.edu.eg', 'الخريجين');
INSERT INTO `lk9v6_alumni_main` (`id`, `user_id`, `approved`) VALUES (167636, 167636, 1);
INSERT INTO `lk9v6_alumni_data` (`alumni_id`, `graduation_year`, `fid`, `job`, `address`, `city`, `country`, `phone`, `gid`, `mobile`, `nationalnumber`, `department`, `division`, `with_honor`) VALUES (167636, 2015, '1', '', '', '', '', '035934954', '5', '01201851473', '', 'الكيمياء', 'العلوم البيولوجية', '');
INSERT INTO `lk9v6_users` (`name`, `email`, `usertype`) VALUES ('لمياء احمد محمد ابراهيم السويفى', 'lamya13s05099@alexu.edu.eg', 'الخريجين');
INSERT INTO `lk9v6_alumni_main` (`id`, `user_id`, `approved`) VALUES (167637, 167637, 1);
INSERT INTO `lk9v6_alumni_data` (`alumni_id`, `graduation_year`, `fid`, `job`, `address`, `city`, `country`, `phone`, `gid`, `mobile`, `nationalnumber`, `department`, `division`, `with_honor`) VALUES (167637, 2015, '1', '', '', '', '', '033903478', '5', '0187012309', '', 'الكيمياء', 'العلوم البيولوجية', '');
INSERT INTO `lk9v6_users` (`name`, `email`, `usertype`) VALUES ('دنيا سمير محمد الشربينى', 'donia13s05143@alexu.edu.eg', 'الخريجين');
INSERT INTO `lk9v6_alumni_main` (`id`, `user_id`, `approved`) VALUES (167638, 167638, 1);
INSERT INTO `lk9v6_alumni_data` (`alumni_id`, `graduation_year`, `fid`, `job`, `address`, `city`, `country`, `phone`, `gid`, `mobile`, `nationalnumber`, `department`, `division`, `with_honor`) VALUES (167638, 2015, '1', '', '', '', '', '0453620904', '4', '01001010461', '', 'الكيمياء', 'العلوم البيولوجية', '');
INSERT INTO `lk9v6_users` (`name`, `email`, `usertype`) VALUES ('ريهام عبدالقادر على عوض مطرود', 'reham13s05498@alexu.edu.eg', 'الخريجين');
INSERT INTO `lk9v6_alumni_main` (`id`, `user_id`, `approved`) VALUES (167639, 167639, 1);
INSERT INTO `lk9v6_alumni_data` (`alumni_id`, `graduation_year`, `fid`, `job`, `address`, `city`, `country`, `phone`, `gid`, `mobile`, `nationalnumber`, `department`, `division`, `with_honor`) VALUES (167639, 2015, '1', '', '', '', '', '0169347868', '4', '01069347868', '', 'الكيمياء', 'العلوم البيولوجية', '');
INSERT INTO `lk9v6_users` (`name`, `email`, `usertype`) VALUES ('محمد جابر محمد حامد', 'mohamed13s06501@alexu.edu.eg', 'الخريجين');
INSERT INTO `lk9v6_alumni_main` (`id`, `user_id`, `approved`) VALUES (167640, 167640, 1);
INSERT INTO `lk9v6_alumni_data` (`alumni_id`, `graduation_year`, `fid`, `job`, `address`, `city`, `country`, `phone`, `gid`, `mobile`, `nationalnumber`, `department`, `division`, `with_honor`) VALUES (167640, 2015, '1', '', '', '', '', '035539431', '4', '01069739177', '', 'الكيمياء', 'العلوم البيولوجية', '');
INSERT INTO `lk9v6_users` (`name`, `email`, `usertype`) VALUES ('شيماء على عبدالفتاح عليق', 'shaimaa13s04926@alexu.edu.eg', 'الخريجين');
INSERT INTO `lk9v6_alumni_main` (`id`, `user_id`, `approved`) VALUES (167641, 167641, 1);
INSERT INTO `lk9v6_alumni_data` (`alumni_id`, `graduation_year`, `fid`, `job`, `address`, `city`, `country`, `phone`, `gid`, `mobile`, `nationalnumber`, `department`, `division`, `with_honor`) VALUES (167641, 2015, '1', '', '', '', '', '0472548648', '4', '01094354859', '', 'الكيمياء', 'العلوم البيولوجية', '');
INSERT INTO `lk9v6_users` (`name`, `email`, `usertype`) VALUES ('عبير فتحى امين احمد موسى', 'abeer13s05663@alexu.edu.eg', 'الخريجين');
INSERT INTO `lk9v6_alumni_main` (`id`, `user_id`, `approved`) VALUES (167642, 167642, 1);
INSERT INTO `lk9v6_alumni_data` (`alumni_id`, `graduation_year`, `fid`, `job`, `address`, `city`, `country`, `phone`, `gid`, `mobile`, `nationalnumber`, `department`, `division`, `with_honor`) VALUES (167642, 2015, '1', '', '', '', '', '033629222', '4', '01064519667', '', 'الكيمياء', 'العلوم البيولوجية', '');
INSERT INTO `lk9v6_users` (`name`, `email`, `usertype`) VALUES ('هبه صلاح فتح الله محمود بدر', 'heba13s05001@alexu.edu.eg', 'الخريجين');
INSERT INTO `lk9v6_alumni_main` (`id`, `user_id`, `approved`) VALUES (167643, 167643, 1);
INSERT INTO `lk9v6_alumni_data` (`alumni_id`, `graduation_year`, `fid`, `job`, `address`, `city`, `country`, `phone`, `gid`, `mobile`, `nationalnumber`, `department`, `division`, `with_honor`) VALUES (167643, 2015, '1', '', '', '', '', '0452290554', '4', '01289275816', '', 'الكيمياء', 'العلوم البيولوجية', '');
INSERT INTO `lk9v6_users` (`name`, `email`, `usertype`) VALUES ('غادة السيد محمد رضوان ', 'ghada13s06791@alexu.edu.eg', 'الخريجين');
INSERT INTO `lk9v6_alumni_main` (`id`, `user_id`, `approved`) VALUES (167644, 167644, 1);
INSERT INTO `lk9v6_alumni_data` (`alumni_id`, `graduation_year`, `fid`, `job`, `address`, `city`, `country`, `phone`, `gid`, `mobile`, `nationalnumber`, `department`, `division`, `with_honor`) VALUES (167644, 2015, '1', '', '', '', '', '4943685', '4', '0187865674', '', 'الكيمياء', 'العلوم البيولوجية', '');
INSERT INTO `lk9v6_users` (`name`, `email`, `usertype`) VALUES ('داليا حمدى محمد محمود حبيبه', 'dalia13s05048@alexu.edu.eg', 'الخريجين');
INSERT INTO `lk9v6_alumni_main` (`id`, `user_id`, `approved`) VALUES (167645, 167645, 1);
INSERT INTO `lk9v6_alumni_data` (`alumni_id`, `graduation_year`, `fid`, `job`, `address`, `city`, `country`, `phone`, `gid`, `mobile`, `nationalnumber`, `department`, `division`, `with_honor`) VALUES (167645, 2015, '1', '', '', '', '', '0452241125', '4', '01274803084', '', 'الكيمياء', 'العلوم البيولوجية', '');
INSERT INTO `lk9v6_users` (`name`, `email`, `usertype`) VALUES ('ساره عادل حسنين امين حسنين', 'sara13s05323@alexu.edu.eg', 'الخريجين');
INSERT INTO `lk9v6_alumni_main` (`id`, `user_id`, `approved`) VALUES (167646, 167646, 1);
INSERT INTO `lk9v6_alumni_data` (`alumni_id`, `graduation_year`, `fid`, `job`, `address`, `city`, `country`, `phone`, `gid`, `mobile`, `nationalnumber`, `department`, `division`, `with_honor`) VALUES (167646, 2015, '1', '', '', '', '', '035612648', '4', '01229180081', '', 'الكيمياء', 'العلوم البيولوجية', '');
INSERT INTO `lk9v6_users` (`name`, `email`, `usertype`) VALUES ('إيمان أحمد اسماعيل على ', 'eman13s06686@alexu.edu.eg', 'الخريجين');
INSERT INTO `lk9v6_alumni_main` (`id`, `user_id`, `approved`) VALUES (167647, 167647, 1);
INSERT INTO `lk9v6_alumni_data` (`alumni_id`, `graduation_year`, `fid`, `job`, `address`, `city`, `country`, `phone`, `gid`, `mobile`, `nationalnumber`, `department`, `division`, `with_honor`) VALUES (167647, 2015, '1', '', '', '', '', '9530160', '4', '01116129623', '', 'الكيمياء', 'العلوم البيولوجية', '');
INSERT INTO `lk9v6_users` (`name`, `email`, `usertype`) VALUES ('مايسه عادل احمد عبد العال السيد', 'maysa13s04943@alexu.edu.eg', 'الخريجين');
INSERT INTO `lk9v6_alumni_main` (`id`, `user_id`, `approved`) VALUES (167648, 167648, 1);
INSERT INTO `lk9v6_alumni_data` (`alumni_id`, `graduation_year`, `fid`, `job`, `address`, `city`, `country`, `phone`, `gid`, `mobile`, `nationalnumber`, `department`, `division`, `with_honor`) VALUES (167648, 2015, '1', '', '', '', '', '035233478', '4', '0195911651', '', 'الكيمياء', 'العلوم البيولوجية', '');
INSERT INTO `lk9v6_users` (`name`, `email`, `usertype`) VALUES ('هديل علاء عبدالوهاب ياقوت محمد', 'hadeel13s05614@alexu.edu.eg', 'الخريجين');
INSERT INTO `lk9v6_alumni_main` (`id`, `user_id`, `approved`) VALUES (167649, 167649, 1);
INSERT INTO `lk9v6_alumni_data` (`alumni_id`, `graduation_year`, `fid`, `job`, `address`, `city`, `country`, `phone`, `gid`, `mobile`, `nationalnumber`, `department`, `division`, `with_honor`) VALUES (167649, 2015, '1', '', '', '', '', '035322371', '4', '01066882859', '', 'الكيمياء', 'العلوم البيولوجية', '');
INSERT INTO `lk9v6_users` (`name`, `email`, `usertype`) VALUES ('سمر سعد عبدالعظيم عبدالصادق', 'samar13s05787@alexu.edu.eg', 'الخريجين');
INSERT INTO `lk9v6_alumni_main` (`id`, `user_id`, `approved`) VALUES (167650, 167650, 1);
INSERT INTO `lk9v6_alumni_data` (`alumni_id`, `graduation_year`, `fid`, `job`, `address`, `city`, `country`, `phone`, `gid`, `mobile`, `nationalnumber`, `department`, `division`, `with_honor`) VALUES (167650, 2015, '1', '', '', '', '', '0452707374', '4', '01069668087', '', 'الكيمياء', 'العلوم البيولوجية', '');
INSERT INTO `lk9v6_users` (`name`, `email`, `usertype`) VALUES ('فيرونيكا عادل منصور هرمينا', 'feronika13s05840@alexu.edu.eg', 'الخريجين');
INSERT INTO `lk9v6_alumni_main` (`id`, `user_id`, `approved`) VALUES (167651, 167651, 1);
INSERT INTO `lk9v6_alumni_data` (`alumni_id`, `graduation_year`, `fid`, `job`, `address`, `city`, `country`, `phone`, `gid`, `mobile`, `nationalnumber`, `department`, `division`, `with_honor`) VALUES (167651, 2015, '1', '', '', '', '', '035740077', '4', '01227926320', '', 'الكيمياء', 'العلوم البيولوجية', '');
INSERT INTO `lk9v6_users` (`name`, `email`, `usertype`) VALUES ('ولاء اشرف فهمى قنديل حموده', 'walaa13s05662@alexu.edu.eg', 'الخريجين');
INSERT INTO `lk9v6_alumni_main` (`id`, `user_id`, `approved`) VALUES (167652, 167652, 1);
INSERT INTO `lk9v6_alumni_data` (`alumni_id`, `graduation_year`, `fid`, `job`, `address`, `city`, `country`, `phone`, `gid`, `mobile`, `nationalnumber`, `department`, `division`, `with_honor`) VALUES (167652, 2015, '1', '', '', '', '', '034201236', '4', '01223810979', '', 'الكيمياء', 'العلوم البيولوجية', '');
INSERT INTO `lk9v6_users` (`name`, `email`, `usertype`) VALUES ('شيماء محمد كامل مشالى', 'shaimaa13s06814@alexu.edu.eg', 'الخريجين');
INSERT INTO `lk9v6_alumni_main` (`id`, `user_id`, `approved`) VALUES (167653, 167653, 1);
INSERT INTO `lk9v6_alumni_data` (`alumni_id`, `graduation_year`, `fid`, `job`, `address`, `city`, `country`, `phone`, `gid`, `mobile`, `nationalnumber`, `department`, `division`, `with_honor`) VALUES (167653, 2015, '1', '', '', '', '', '5475373', '4', '01148663314', '', 'الميكروبيولوجى', 'العلوم البيولوجية', '');
INSERT INTO `lk9v6_users` (`name`, `email`, `usertype`) VALUES ('هايدى عبدالسيد عدلى عبدالسيد', 'haidy13s04860@alexu.edu.eg', 'الخريجين');
INSERT INTO `lk9v6_alumni_main` (`id`, `user_id`, `approved`) VALUES (167654, 167654, 1);
INSERT INTO `lk9v6_alumni_data` (`alumni_id`, `graduation_year`, `fid`, `job`, `address`, `city`, `country`, `phone`, `gid`, `mobile`, `nationalnumber`, `department`, `division`, `with_honor`) VALUES (167654, 2015, '1', '', '', '', '', '5226590', '4', '0181261936', '', 'الكيمياء', 'العلوم البيولوجية', '');
INSERT INTO `lk9v6_users` (`name`, `email`, `usertype`) VALUES ('اسماء احمد السيد مصطفى', 'asmaa13s05487@alexu.edu.eg', 'الخريجين');
INSERT INTO `lk9v6_alumni_main` (`id`, `user_id`, `approved`) VALUES (167655, 167655, 1);
INSERT INTO `lk9v6_alumni_data` (`alumni_id`, `graduation_year`, `fid`, `job`, `address`, `city`, `country`, `phone`, `gid`, `mobile`, `nationalnumber`, `department`, `division`, `with_honor`) VALUES (167655, 2015, '1', '', '', '', '', '032022162', '4', '01221828591', '', 'الكيمياء', 'العلوم البيولوجية', '');
INSERT INTO `lk9v6_users` (`name`, `email`, `usertype`) VALUES ('جهاد حامد حامد محمد بدر الدين', 'gihad13s04969@alexu.edu.eg', 'الخريجين');
INSERT INTO `lk9v6_alumni_main` (`id`, `user_id`, `approved`) VALUES (167656, 167656, 1);
INSERT INTO `lk9v6_alumni_data` (`alumni_id`, `graduation_year`, `fid`, `job`, `address`, `city`, `country`, `phone`, `gid`, `mobile`, `nationalnumber`, `department`, `division`, `with_honor`) VALUES (167656, 2015, '1', '', '', '', '', '0473480822', '4', '01011799012', '', 'الكيمياء', 'العلوم البيولوجية', '');
INSERT INTO `lk9v6_users` (`name`, `email`, `usertype`) VALUES ('جهاد مصطفى كمال الحناوى', 'gihad13s05094@alexu.edu.eg', 'الخريجين');
INSERT INTO `lk9v6_alumni_main` (`id`, `user_id`, `approved`) VALUES (167657, 167657, 1);
INSERT INTO `lk9v6_alumni_data` (`alumni_id`, `graduation_year`, `fid`, `job`, `address`, `city`, `country`, `phone`, `gid`, `mobile`, `nationalnumber`, `department`, `division`, `with_honor`) VALUES (167657, 2015, '1', '', '', '', '', '0452530063', '4', '01000039958', '', 'الكيمياء', 'العلوم البيولوجية', '');
INSERT INTO `lk9v6_users` (`name`, `email`, `usertype`) VALUES ('رانيا السيد عبد المنعم محمد النشار', 'rania13s05460@alexu.edu.eg', 'الخريجين');
INSERT INTO `lk9v6_alumni_main` (`id`, `user_id`, `approved`) VALUES (167658, 167658, 1);
INSERT INTO `lk9v6_alumni_data` (`alumni_id`, `graduation_year`, `fid`, `job`, `address`, `city`, `country`, `phone`, `gid`, `mobile`, `nationalnumber`, `department`, `division`, `with_honor`) VALUES (167658, 2015, '1', '', '', '', '', '0472556705', '4', '01114298048', '', 'الكيمياء', 'العلوم البيولوجية', '');
INSERT INTO `lk9v6_users` (`name`, `email`, `usertype`) VALUES ('كرستينا يوسف الراهب سليمان', 'keristina13s05413@alexu.edu.eg', 'الخريجين');
INSERT INTO `lk9v6_alumni_main` (`id`, `user_id`, `approved`) VALUES (167659, 167659, 1);
INSERT INTO `lk9v6_alumni_data` (`alumni_id`, `graduation_year`, `fid`, `job`, `address`, `city`, `country`, `phone`, `gid`, `mobile`, `nationalnumber`, `department`, `division`, `with_honor`) VALUES (167659, 2015, '1', '', '', '', '', '0452408450', '4', '01227954113', '', 'الكيمياء', 'العلوم البيولوجية', '');
INSERT INTO `lk9v6_users` (`name`, `email`, `usertype`) VALUES ('اميرة سعيد ابراهيم عبده حمد', 'amira13s05626@alexu.edu.eg', 'الخريجين');
INSERT INTO `lk9v6_alumni_main` (`id`, `user_id`, `approved`) VALUES (167660, 167660, 1);
INSERT INTO `lk9v6_alumni_data` (`alumni_id`, `graduation_year`, `fid`, `job`, `address`, `city`, `country`, `phone`, `gid`, `mobile`, `nationalnumber`, `department`, `division`, `with_honor`) VALUES (167660, 2015, '1', '', '', '', '', '0472977337', '4', '01008988440', '', 'الكيمياء', 'العلوم البيولوجية', '');
INSERT INTO `lk9v6_users` (`name`, `email`, `usertype`) VALUES ('دعاء مصطفى عبدالعزيز الباسطى', 'doaa13s05559@alexu.edu.eg', 'الخريجين');
INSERT INTO `lk9v6_alumni_main` (`id`, `user_id`, `approved`) VALUES (167661, 167661, 1);
INSERT INTO `lk9v6_alumni_data` (`alumni_id`, `graduation_year`, `fid`, `job`, `address`, `city`, `country`, `phone`, `gid`, `mobile`, `nationalnumber`, `department`, `division`, `with_honor`) VALUES (167661, 2015, '1', '', '', '', '', '01110369173', '4', '01146010135', '', 'الكيمياء', 'العلوم البيولوجية', '');
INSERT INTO `lk9v6_users` (`name`, `email`, `usertype`) VALUES ('سمر مسعود محمد على', 'samar13s05548@alexu.edu.eg', 'الخريجين');
INSERT INTO `lk9v6_alumni_main` (`id`, `user_id`, `approved`) VALUES (167662, 167662, 1);
INSERT INTO `lk9v6_alumni_data` (`alumni_id`, `graduation_year`, `fid`, `job`, `address`, `city`, `country`, `phone`, `gid`, `mobile`, `nationalnumber`, `department`, `division`, `with_honor`) VALUES (167662, 2015, '1', '', '', '', '', '0190130133', '4', '0190130133', '', 'الكيمياء', 'العلوم البيولوجية', '');
INSERT INTO `lk9v6_users` (`name`, `email`, `usertype`) VALUES ('ايه ابراهيم عبد العزيز موسى', 'aya13s04940@alexu.edu.eg', 'الخريجين');
INSERT INTO `lk9v6_alumni_main` (`id`, `user_id`, `approved`) VALUES (167663, 167663, 1);
INSERT INTO `lk9v6_alumni_data` (`alumni_id`, `graduation_year`, `fid`, `job`, `address`, `city`, `country`, `phone`, `gid`, `mobile`, `nationalnumber`, `department`, `division`, `with_honor`) VALUES (167663, 2015, '1', '', '', '', '', '034570098', '4', '01274290121', '', 'الكيمياء', 'العلوم البيولوجية', '');
INSERT INTO `lk9v6_users` (`name`, `email`, `usertype`) VALUES ('سها شحاته محمد زين العابدين', 'soha13s05424@alexu.edu.eg', 'الخريجين');
INSERT INTO `lk9v6_alumni_main` (`id`, `user_id`, `approved`) VALUES (167664, 167664, 1);
INSERT INTO `lk9v6_alumni_data` (`alumni_id`, `graduation_year`, `fid`, `job`, `address`, `city`, `country`, `phone`, `gid`, `mobile`, `nationalnumber`, `department`, `division`, `with_honor`) VALUES (167664, 2015, '1', '', '', '', '', '0452707348', '4', '01090043448', '', 'الكيمياء', 'العلوم البيولوجية', '');
INSERT INTO `lk9v6_users` (`name`, `email`, `usertype`) VALUES ('نورهان علاء عبد الهادى الجزار', 'nourhan13s05738@alexu.edu.eg', 'الخريجين');
INSERT INTO `lk9v6_alumni_main` (`id`, `user_id`, `approved`) VALUES (167665, 167665, 1);
INSERT INTO `lk9v6_alumni_data` (`alumni_id`, `graduation_year`, `fid`, `job`, `address`, `city`, `country`, `phone`, `gid`, `mobile`, `nationalnumber`, `department`, `division`, `with_honor`) VALUES (167665, 2015, '1', '', '', '', '', '033083911', '4', '01202069912', '', 'الكيمياء', 'العلوم البيولوجية', '');
INSERT INTO `lk9v6_users` (`name`, `email`, `usertype`) VALUES ('هديل عادل احمد قش', 'hadeel13s05472@alexu.edu.eg', 'الخريجين');
INSERT INTO `lk9v6_alumni_main` (`id`, `user_id`, `approved`) VALUES (167666, 167666, 1);
INSERT INTO `lk9v6_alumni_data` (`alumni_id`, `graduation_year`, `fid`, `job`, `address`, `city`, `country`, `phone`, `gid`, `mobile`, `nationalnumber`, `department`, `division`, `with_honor`) VALUES (167666, 2015, '1', '', '', '', '', '034265224', '4', '01123028724', '', 'الكيمياء', 'العلوم البيولوجية', '');
INSERT INTO `lk9v6_users` (`name`, `email`, `usertype`) VALUES ('اسراء عمر على عطيه خليل', 'esraa13s05165@alexu.edu.eg', 'الخريجين');
INSERT INTO `lk9v6_alumni_main` (`id`, `user_id`, `approved`) VALUES (167667, 167667, 1);
INSERT INTO `lk9v6_alumni_data` (`alumni_id`, `graduation_year`, `fid`, `job`, `address`, `city`, `country`, `phone`, `gid`, `mobile`, `nationalnumber`, `department`, `division`, `with_honor`) VALUES (167667, 2015, '1', '', '', '', '', '0452922642', '4', '01111219216', '', 'الكيمياء', 'العلوم البيولوجية', '');
INSERT INTO `lk9v6_users` (`name`, `email`, `usertype`) VALUES ('امنيه احمد محمود على الروبى', 'omnia13s04903@alexu.edu.eg', 'الخريجين');
INSERT INTO `lk9v6_alumni_main` (`id`, `user_id`, `approved`) VALUES (167668, 167668, 1);
INSERT INTO `lk9v6_alumni_data` (`alumni_id`, `graduation_year`, `fid`, `job`, `address`, `city`, `country`, `phone`, `gid`, `mobile`, `nationalnumber`, `department`, `division`, `with_honor`) VALUES (167668, 2015, '1', '', '', '', '', '3904396', '4', '0196595911', '', 'الكيمياء', 'العلوم البيولوجية', '');
INSERT INTO `lk9v6_users` (`name`, `email`, `usertype`) VALUES ('نورهان محمد جابر هلال', 'nourhan13s05086@alexu.edu.eg', 'الخريجين');
INSERT INTO `lk9v6_alumni_main` (`id`, `user_id`, `approved`) VALUES (167669, 167669, 1);
INSERT INTO `lk9v6_alumni_data` (`alumni_id`, `graduation_year`, `fid`, `job`, `address`, `city`, `country`, `phone`, `gid`, `mobile`, `nationalnumber`, `department`, `division`, `with_honor`) VALUES (167669, 2015, '1', '', '', '', '', '5558276', '4', '01283822817', '', 'الكيمياء', 'العلوم البيولوجية', '');
INSERT INTO `lk9v6_users` (`name`, `email`, `usertype`) VALUES ('امانى على عبدالغنى على الزعفرانى', 'amany13s05033@alexu.edu.eg', 'الخريجين');
INSERT INTO `lk9v6_alumni_main` (`id`, `user_id`, `approved`) VALUES (167670, 167670, 1);
INSERT INTO `lk9v6_alumni_data` (`alumni_id`, `graduation_year`, `fid`, `job`, `address`, `city`, `country`, `phone`, `gid`, `mobile`, `nationalnumber`, `department`, `division`, `with_honor`) VALUES (167670, 2015, '1', '', '', '', '', '0472902888', '4', '01064517840', '', 'الكيمياء', 'العلوم البيولوجية', '');
INSERT INTO `lk9v6_users` (`name`, `email`, `usertype`) VALUES ('امانى مصطفى عيد ابراهيم عميره', 'amany13s05759@alexu.edu.eg', 'الخريجين');
INSERT INTO `lk9v6_alumni_main` (`id`, `user_id`, `approved`) VALUES (167671, 167671, 1);
INSERT INTO `lk9v6_alumni_data` (`alumni_id`, `graduation_year`, `fid`, `job`, `address`, `city`, `country`, `phone`, `gid`, `mobile`, `nationalnumber`, `department`, `division`, `with_honor`) VALUES (167671, 2015, '1', '', '', '', '', '0175525382', '4', '0199094359', '', 'الكيمياء', 'العلوم البيولوجية', '');
INSERT INTO `lk9v6_users` (`name`, `email`, `usertype`) VALUES ('سلمى محمد السيد احمد', 'salma13s04868@alexu.edu.eg', 'الخريجين');
INSERT INTO `lk9v6_alumni_main` (`id`, `user_id`, `approved`) VALUES (167672, 167672, 1);
INSERT INTO `lk9v6_alumni_data` (`alumni_id`, `graduation_year`, `fid`, `job`, `address`, `city`, `country`, `phone`, `gid`, `mobile`, `nationalnumber`, `department`, `division`, `with_honor`) VALUES (167672, 2015, '1', '', '', '', '', '4281683', '4', '01066250524', '', 'الكيمياء', 'العلوم البيولوجية', '');
INSERT INTO `lk9v6_users` (`name`, `email`, `usertype`) VALUES ('ندى احمد عبد الفتاح عصام الدين', 'nada13s05814@alexu.edu.eg', 'الخريجين');
INSERT INTO `lk9v6_alumni_main` (`id`, `user_id`, `approved`) VALUES (167673, 167673, 1);
INSERT INTO `lk9v6_alumni_data` (`alumni_id`, `graduation_year`, `fid`, `job`, `address`, `city`, `country`, `phone`, `gid`, `mobile`, `nationalnumber`, `department`, `division`, `with_honor`) VALUES (167673, 2015, '1', '', '', '', '', '035488016', '4', '01203670925', '', 'الكيمياء', 'العلوم البيولوجية', '');
INSERT INTO `lk9v6_users` (`name`, `email`, `usertype`) VALUES ('مونيكا وجيه صبحى عازر فام', 'monika13s05378@alexu.edu.eg', 'الخريجين');
INSERT INTO `lk9v6_alumni_main` (`id`, `user_id`, `approved`) VALUES (167674, 167674, 1);
INSERT INTO `lk9v6_alumni_data` (`alumni_id`, `graduation_year`, `fid`, `job`, `address`, `city`, `country`, `phone`, `gid`, `mobile`, `nationalnumber`, `department`, `division`, `with_honor`) VALUES (167674, 2015, '1', '', '', '', '', '5346390', '4', '01225517490', '', 'الكيمياء', 'العلوم البيولوجية', '');
INSERT INTO `lk9v6_users` (`name`, `email`, `usertype`) VALUES ('اسماء محمد السيد احمد ابراهيم', 'asmaa13s05109@alexu.edu.eg', 'الخريجين');
INSERT INTO `lk9v6_alumni_main` (`id`, `user_id`, `approved`) VALUES (167675, 167675, 1);
INSERT INTO `lk9v6_alumni_data` (`alumni_id`, `graduation_year`, `fid`, `job`, `address`, `city`, `country`, `phone`, `gid`, `mobile`, `nationalnumber`, `department`, `division`, `with_honor`) VALUES (167675, 2015, '1', '', '', '', '', '03445155', '4', '01066135327', '', 'الكيمياء', 'العلوم البيولوجية', '');
INSERT INTO `lk9v6_users` (`name`, `email`, `usertype`) VALUES ('امنيه سعيد مرسى حسان', 'omnia13s04944@alexu.edu.eg', 'الخريجين');
INSERT INTO `lk9v6_alumni_main` (`id`, `user_id`, `approved`) VALUES (167676, 167676, 1);
INSERT INTO `lk9v6_alumni_data` (`alumni_id`, `graduation_year`, `fid`, `job`, `address`, `city`, `country`, `phone`, `gid`, `mobile`, `nationalnumber`, `department`, `division`, `with_honor`) VALUES (167676, 2015, '1', '', '', '', '', '5007397', '4', '01287834074', '', 'الكيمياء', 'العلوم البيولوجية', '');
INSERT INTO `lk9v6_users` (`name`, `email`, `usertype`) VALUES ('ايه جمال حسن احمد السواح', 'aya13s05599@alexu.edu.eg', 'الخريجين');
INSERT INTO `lk9v6_alumni_main` (`id`, `user_id`, `approved`) VALUES (167677, 167677, 1);
INSERT INTO `lk9v6_alumni_data` (`alumni_id`, `graduation_year`, `fid`, `job`, `address`, `city`, `country`, `phone`, `gid`, `mobile`, `nationalnumber`, `department`, `division`, `with_honor`) VALUES (167677, 2015, '1', '', '', '', '', '4443758', '4', '01227554976', '', 'الكيمياء', 'العلوم البيولوجية', '');
INSERT INTO `lk9v6_users` (`name`, `email`, `usertype`) VALUES ('بانسيه بدوى عباس بدوى سراج', 'banse13s05643@alexu.edu.eg', 'الخريجين');
INSERT INTO `lk9v6_alumni_main` (`id`, `user_id`, `approved`) VALUES (167678, 167678, 1);
INSERT INTO `lk9v6_alumni_data` (`alumni_id`, `graduation_year`, `fid`, `job`, `address`, `city`, `country`, `phone`, `gid`, `mobile`, `nationalnumber`, `department`, `division`, `with_honor`) VALUES (167678, 2015, '1', '', '', '', '', '9605547', '4', '01002376920', '', 'الكيمياء', 'العلوم البيولوجية', '');
INSERT INTO `lk9v6_users` (`name`, `email`, `usertype`) VALUES ('جيرمين عاطف محمد مرسى ابراهيم', 'germin13s05299@alexu.edu.eg', 'الخريجين');
INSERT INTO `lk9v6_alumni_main` (`id`, `user_id`, `approved`) VALUES (167679, 167679, 1);
INSERT INTO `lk9v6_alumni_data` (`alumni_id`, `graduation_year`, `fid`, `job`, `address`, `city`, `country`, `phone`, `gid`, `mobile`, `nationalnumber`, `department`, `division`, `with_honor`) VALUES (167679, 2015, '1', '', '', '', '', '4359905', '4', '0185360221', '', 'الكيمياء', 'العلوم البيولوجية', '');
INSERT INTO `lk9v6_users` (`name`, `email`, `usertype`) VALUES ('ريهام عصام عبدالسلام محمد الصباغ', 'reham13s05303@alexu.edu.eg', 'الخريجين');
INSERT INTO `lk9v6_alumni_main` (`id`, `user_id`, `approved`) VALUES (167680, 167680, 1);
INSERT INTO `lk9v6_alumni_data` (`alumni_id`, `graduation_year`, `fid`, `job`, `address`, `city`, `country`, `phone`, `gid`, `mobile`, `nationalnumber`, `department`, `division`, `with_honor`) VALUES (167680, 2015, '1', '', '', '', '', '9543724', '4', '01270061619', '', 'الكيمياء', 'العلوم البيولوجية', '');
INSERT INTO `lk9v6_users` (`name`, `email`, `usertype`) VALUES ('محمد اسماعيل عبدربه عبدربه', 'mohamed13s05531@alexu.edu.eg', 'الخريجين');
INSERT INTO `lk9v6_alumni_main` (`id`, `user_id`, `approved`) VALUES (167681, 167681, 1);
INSERT INTO `lk9v6_alumni_data` (`alumni_id`, `graduation_year`, `fid`, `job`, `address`, `city`, `country`, `phone`, `gid`, `mobile`, `nationalnumber`, `department`, `division`, `with_honor`) VALUES (167681, 2015, '1', '', '', '', '', '0473865528', '4', '01025202716', '', 'الكيمياء', 'العلوم البيولوجية', '');
INSERT INTO `lk9v6_users` (`name`, `email`, `usertype`) VALUES ('نورهان خالد احمد محمد عبدالقادر', 'nourhan13s05247@alexu.edu.eg', 'الخريجين');
INSERT INTO `lk9v6_alumni_main` (`id`, `user_id`, `approved`) VALUES (167682, 167682, 1);
INSERT INTO `lk9v6_alumni_data` (`alumni_id`, `graduation_year`, `fid`, `job`, `address`, `city`, `country`, `phone`, `gid`, `mobile`, `nationalnumber`, `department`, `division`, `with_honor`) VALUES (167682, 2015, '1', '', '', '', '', '035906717', '4', '01006210504', '', 'الكيمياء', 'العلوم البيولوجية', '');
INSERT INTO `lk9v6_users` (`name`, `email`, `usertype`) VALUES ('خديجة ناصر محمد احمد ابراهيم', 'khadiga13s05268@alexu.edu.eg', 'الخريجين');
INSERT INTO `lk9v6_alumni_main` (`id`, `user_id`, `approved`) VALUES (167683, 167683, 1);
INSERT INTO `lk9v6_alumni_data` (`alumni_id`, `graduation_year`, `fid`, `job`, `address`, `city`, `country`, `phone`, `gid`, `mobile`, `nationalnumber`, `department`, `division`, `with_honor`) VALUES (167683, 2015, '1', '', '', '', '', '0452562068', '4', '01116226240', '', 'الكيمياء', 'العلوم البيولوجية', '');
INSERT INTO `lk9v6_users` (`name`, `email`, `usertype`) VALUES ('ريهام محمد كمال الدين امين الطيب', 'reham13s05725@alexu.edu.eg', 'الخريجين');
INSERT INTO `lk9v6_alumni_main` (`id`, `user_id`, `approved`) VALUES (167684, 167684, 1);
INSERT INTO `lk9v6_alumni_data` (`alumni_id`, `graduation_year`, `fid`, `job`, `address`, `city`, `country`, `phone`, `gid`, `mobile`, `nationalnumber`, `department`, `division`, `with_honor`) VALUES (167684, 2015, '1', '', '', '', '', '4437082', '4', '01287101949', '', 'الكيمياء', 'العلوم البيولوجية', '');
INSERT INTO `lk9v6_users` (`name`, `email`, `usertype`) VALUES ('سالى فرج محمد فرج مسعود', 'saly13s05446@alexu.edu.eg', 'الخريجين');
INSERT INTO `lk9v6_alumni_main` (`id`, `user_id`, `approved`) VALUES (167685, 167685, 1);
INSERT INTO `lk9v6_alumni_data` (`alumni_id`, `graduation_year`, `fid`, `job`, `address`, `city`, `country`, `phone`, `gid`, `mobile`, `nationalnumber`, `department`, `division`, `with_honor`) VALUES (167685, 2015, '1', '', '', '', '', '5222818', '4', '01281106322', '', 'الكيمياء', 'العلوم البيولوجية', '');
INSERT INTO `lk9v6_users` (`name`, `email`, `usertype`) VALUES ('سلمى يسرى محمد  عبدالفتاح الشنبارى', 'salma13s05242@alexu.edu.eg', 'الخريجين');
INSERT INTO `lk9v6_alumni_main` (`id`, `user_id`, `approved`) VALUES (167686, 167686, 1);
INSERT INTO `lk9v6_alumni_data` (`alumni_id`, `graduation_year`, `fid`, `job`, `address`, `city`, `country`, `phone`, `gid`, `mobile`, `nationalnumber`, `department`, `division`, `with_honor`) VALUES (167686, 2015, '1', '', '', '', '', '0452224585', '4', '01202669705', '', 'الكيمياء', 'العلوم البيولوجية', '');
INSERT INTO `lk9v6_users` (`name`, `email`, `usertype`) VALUES ('اميره عباس السيد احمد', 'amira13s05175@alexu.edu.eg', 'الخريجين');
INSERT INTO `lk9v6_alumni_main` (`id`, `user_id`, `approved`) VALUES (167687, 167687, 1);
INSERT INTO `lk9v6_alumni_data` (`alumni_id`, `graduation_year`, `fid`, `job`, `address`, `city`, `country`, `phone`, `gid`, `mobile`, `nationalnumber`, `department`, `division`, `with_honor`) VALUES (167687, 2015, '1', '', '', '', '', '034487647', '4', '01276952923', '', 'الكيمياء', 'العلوم البيولوجية', '');
INSERT INTO `lk9v6_users` (`name`, `email`, `usertype`) VALUES ('رضوى حسن شفيق حسن رسمى', 'radwa13s04992@alexu.edu.eg', 'الخريجين');
INSERT INTO `lk9v6_alumni_main` (`id`, `user_id`, `approved`) VALUES (167688, 167688, 1);
INSERT INTO `lk9v6_alumni_data` (`alumni_id`, `graduation_year`, `fid`, `job`, `address`, `city`, `country`, `phone`, `gid`, `mobile`, `nationalnumber`, `department`, `division`, `with_honor`) VALUES (167688, 2015, '1', '', '', '', '', '034248468', '4', '01065476067', '', 'الكيمياء', 'العلوم البيولوجية', '');
INSERT INTO `lk9v6_users` (`name`, `email`, `usertype`) VALUES ('مايكل ناجى زكرى سدراك شحاته', 'maikel13s05667@alexu.edu.eg', 'الخريجين');
INSERT INTO `lk9v6_alumni_main` (`id`, `user_id`, `approved`) VALUES (167689, 167689, 1);
INSERT INTO `lk9v6_alumni_data` (`alumni_id`, `graduation_year`, `fid`, `job`, `address`, `city`, `country`, `phone`, `gid`, `mobile`, `nationalnumber`, `department`, `division`, `with_honor`) VALUES (167689, 2015, '1', '', '', '', '', '0452272501', '4', '01201757831', '', 'الكيمياء', 'العلوم البيولوجية', '');
INSERT INTO `lk9v6_users` (`name`, `email`, `usertype`) VALUES ('ميرنا خالد محمد حسن عزب', 'mirna13s05345@alexu.edu.eg', 'الخريجين');
INSERT INTO `lk9v6_alumni_main` (`id`, `user_id`, `approved`) VALUES (167690, 167690, 1);
INSERT INTO `lk9v6_alumni_data` (`alumni_id`, `graduation_year`, `fid`, `job`, `address`, `city`, `country`, `phone`, `gid`, `mobile`, `nationalnumber`, `department`, `division`, `with_honor`) VALUES (167690, 2015, '1', '', '', '', '', '01097180540', '4', '01023976631', '', 'الكيمياء', 'العلوم البيولوجية', '');
INSERT INTO `lk9v6_users` (`name`, `email`, `usertype`) VALUES ('نورا سامى لبيب دوس', 'noura13s06364@alexu.edu.eg', 'الخريجين');
INSERT INTO `lk9v6_alumni_main` (`id`, `user_id`, `approved`) VALUES (167691, 167691, 1);
INSERT INTO `lk9v6_alumni_data` (`alumni_id`, `graduation_year`, `fid`, `job`, `address`, `city`, `country`, `phone`, `gid`, `mobile`, `nationalnumber`, `department`, `division`, `with_honor`) VALUES (167691, 2015, '1', '', '', '', '', '035612176', '4', '01288597795', '', 'الكيمياء', 'العلوم البيولوجية', '');
INSERT INTO `lk9v6_users` (`name`, `email`, `usertype`) VALUES ('عمرو محمد احمد ابراهيم على', 'amr13s04861@alexu.edu.eg', 'الخريجين');
INSERT INTO `lk9v6_alumni_main` (`id`, `user_id`, `approved`) VALUES (167692, 167692, 1);
INSERT INTO `lk9v6_alumni_data` (`alumni_id`, `graduation_year`, `fid`, `job`, `address`, `city`, `country`, `phone`, `gid`, `mobile`, `nationalnumber`, `department`, `division`, `with_honor`) VALUES (167692, 2015, '1', '', '', '', '', '5575778', '4', '01003359781', '', 'الكيمياء', 'العلوم البيولوجية', '');
INSERT INTO `lk9v6_users` (`name`, `email`, `usertype`) VALUES ('مونيكا نصر نجيب جورجى', 'monika13s04863@alexu.edu.eg', 'الخريجين');
INSERT INTO `lk9v6_alumni_main` (`id`, `user_id`, `approved`) VALUES (167693, 167693, 1);
INSERT INTO `lk9v6_alumni_data` (`alumni_id`, `graduation_year`, `fid`, `job`, `address`, `city`, `country`, `phone`, `gid`, `mobile`, `nationalnumber`, `department`, `division`, `with_honor`) VALUES (167693, 2015, '1', '', '', '', '', '5536407', '4', '01223741738', '', 'الكيمياء', 'العلوم البيولوجية', '');
INSERT INTO `lk9v6_users` (`name`, `email`, `usertype`) VALUES ('اسماء محمد صلاح ابراهيم مبروك مرسال', 'asmaa13s05995@alexu.edu.eg', 'الخريجين');
INSERT INTO `lk9v6_alumni_main` (`id`, `user_id`, `approved`) VALUES (167694, 167694, 1);
INSERT INTO `lk9v6_alumni_data` (`alumni_id`, `graduation_year`, `fid`, `job`, `address`, `city`, `country`, `phone`, `gid`, `mobile`, `nationalnumber`, `department`, `division`, `with_honor`) VALUES (167694, 2015, '1', '', '', '', '', '0453801115', '4', '01001593282', '', 'الكيمياء', 'العلوم البيولوجية', '');
INSERT INTO `lk9v6_users` (`name`, `email`, `usertype`) VALUES ('دعاء السيد محمود الصغير علام', 'doaa13s06123@alexu.edu.eg', 'الخريجين');
INSERT INTO `lk9v6_alumni_main` (`id`, `user_id`, `approved`) VALUES (167695, 167695, 1);
INSERT INTO `lk9v6_alumni_data` (`alumni_id`, `graduation_year`, `fid`, `job`, `address`, `city`, `country`, `phone`, `gid`, `mobile`, `nationalnumber`, `department`, `division`, `with_honor`) VALUES (167695, 2015, '1', '', '', '', '', '0452232569', '4', '01270095592', '', 'الكيمياء', 'العلوم البيولوجية', '');
INSERT INTO `lk9v6_users` (`name`, `email`, `usertype`) VALUES ('دعاء رفاعى عبدالله ابراهيم ندا', 'doaa13s05461@alexu.edu.eg', 'الخريجين');
INSERT INTO `lk9v6_alumni_main` (`id`, `user_id`, `approved`) VALUES (167696, 167696, 1);
INSERT INTO `lk9v6_alumni_data` (`alumni_id`, `graduation_year`, `fid`, `job`, `address`, `city`, `country`, `phone`, `gid`, `mobile`, `nationalnumber`, `department`, `division`, `with_honor`) VALUES (167696, 2015, '1', '', '', '', '', '0472902284', '4', '01027556538', '', 'الكيمياء', 'العلوم البيولوجية', '');
INSERT INTO `lk9v6_users` (`name`, `email`, `usertype`) VALUES ('هاجر محمد عبد العزيز قصان', 'hager13s06319@alexu.edu.eg', 'الخريجين');
INSERT INTO `lk9v6_alumni_main` (`id`, `user_id`, `approved`) VALUES (167697, 167697, 1);
INSERT INTO `lk9v6_alumni_data` (`alumni_id`, `graduation_year`, `fid`, `job`, `address`, `city`, `country`, `phone`, `gid`, `mobile`, `nationalnumber`, `department`, `division`, `with_honor`) VALUES (167697, 2015, '1', '', '', '', '', '035349291', '4', '0183022563', '', 'الكيمياء', 'العلوم البيولوجية', '');
INSERT INTO `lk9v6_users` (`name`, `email`, `usertype`) VALUES ('ولاء محمد عبدالستار ابو موافى', 'walaa13s05042@alexu.edu.eg', 'الخريجين');
INSERT INTO `lk9v6_alumni_main` (`id`, `user_id`, `approved`) VALUES (167698, 167698, 1);
INSERT INTO `lk9v6_alumni_data` (`alumni_id`, `graduation_year`, `fid`, `job`, `address`, `city`, `country`, `phone`, `gid`, `mobile`, `nationalnumber`, `department`, `division`, `with_honor`) VALUES (167698, 2015, '1', '', '', '', '', '033018852', '4', '01021567857', '', 'الكيمياء', 'العلوم البيولوجية', '');
INSERT INTO `lk9v6_users` (`name`, `email`, `usertype`) VALUES ('احمد بهجت نصر حشيش', 'ahmed13s05454@alexu.edu.eg', 'الخريجين');
INSERT INTO `lk9v6_alumni_main` (`id`, `user_id`, `approved`) VALUES (167699, 167699, 1);
INSERT INTO `lk9v6_alumni_data` (`alumni_id`, `graduation_year`, `fid`, `job`, `address`, `city`, `country`, `phone`, `gid`, `mobile`, `nationalnumber`, `department`, `division`, `with_honor`) VALUES (167699, 2015, '1', '', '', '', '', '0453311910', '4', '01067736011', '', 'الكيمياء', 'العلوم البيولوجية', '');
INSERT INTO `lk9v6_users` (`name`, `email`, `usertype`) VALUES ('عزه محمد جابر اسماعيل جمعه', 'azza13s05065@alexu.edu.eg', 'الخريجين');
INSERT INTO `lk9v6_alumni_main` (`id`, `user_id`, `approved`) VALUES (167700, 167700, 1);
INSERT INTO `lk9v6_alumni_data` (`alumni_id`, `graduation_year`, `fid`, `job`, `address`, `city`, `country`, `phone`, `gid`, `mobile`, `nationalnumber`, `department`, `division`, `with_honor`) VALUES (167700, 2015, '1', '', '', '', '', '033323087', '4', '01064612894', '', 'الكيمياء', 'العلوم البيولوجية', '');
INSERT INTO `lk9v6_users` (`name`, `email`, `usertype`) VALUES ('هدير رمضان هاشم رمضان', 'hadeer13s05083@alexu.edu.eg', 'الخريجين');
INSERT INTO `lk9v6_alumni_main` (`id`, `user_id`, `approved`) VALUES (167701, 167701, 1);
INSERT INTO `lk9v6_alumni_data` (`alumni_id`, `graduation_year`, `fid`, `job`, `address`, `city`, `country`, `phone`, `gid`, `mobile`, `nationalnumber`, `department`, `division`, `with_honor`) VALUES (167701, 2015, '1', '', '', '', '', '032205881', '4', '01206962049', '', 'الكيمياء', 'العلوم البيولوجية', '');
INSERT INTO `lk9v6_users` (`name`, `email`, `usertype`) VALUES ('تقى محمد محمد ابو ريان', 'toqa13s05654@alexu.edu.eg', 'الخريجين');
INSERT INTO `lk9v6_alumni_main` (`id`, `user_id`, `approved`) VALUES (167702, 167702, 1);
INSERT INTO `lk9v6_alumni_data` (`alumni_id`, `graduation_year`, `fid`, `job`, `address`, `city`, `country`, `phone`, `gid`, `mobile`, `nationalnumber`, `department`, `division`, `with_honor`) VALUES (167702, 2015, '1', '', '', '', '', '0452515204', '4', '01144171606', '', 'الكيمياء', 'العلوم البيولوجية', '');
INSERT INTO `lk9v6_users` (`name`, `email`, `usertype`) VALUES ('ندى عدلان محمد الشربينى', 'nada13s05635@alexu.edu.eg', 'الخريجين');
INSERT INTO `lk9v6_alumni_main` (`id`, `user_id`, `approved`) VALUES (167703, 167703, 1);
INSERT INTO `lk9v6_alumni_data` (`alumni_id`, `graduation_year`, `fid`, `job`, `address`, `city`, `country`, `phone`, `gid`, `mobile`, `nationalnumber`, `department`, `division`, `with_honor`) VALUES (167703, 2015, '1', '', '', '', '', '0452915933', '4', '0187630339', '', 'الكيمياء', 'العلوم البيولوجية', '');
INSERT INTO `lk9v6_users` (`name`, `email`, `usertype`) VALUES ('رنا عبد الحميد ابراهيم عبد الحميد ابراهيم', 'rana13s05220@alexu.edu.eg', 'الخريجين');
INSERT INTO `lk9v6_alumni_main` (`id`, `user_id`, `approved`) VALUES (167704, 167704, 1);
INSERT INTO `lk9v6_alumni_data` (`alumni_id`, `graduation_year`, `fid`, `job`, `address`, `city`, `country`, `phone`, `gid`, `mobile`, `nationalnumber`, `department`, `division`, `with_honor`) VALUES (167704, 2015, '1', '', '', '', '', '035362635', '4', '01284595229', '', 'الكيمياء', 'العلوم البيولوجية', '');
INSERT INTO `lk9v6_users` (`name`, `email`, `usertype`) VALUES ('منه الله ياسر محمد حرب عبد المعطى', 'menna13s05322@alexu.edu.eg', 'الخريجين');
INSERT INTO `lk9v6_alumni_main` (`id`, `user_id`, `approved`) VALUES (167705, 167705, 1);
INSERT INTO `lk9v6_alumni_data` (`alumni_id`, `graduation_year`, `fid`, `job`, `address`, `city`, `country`, `phone`, `gid`, `mobile`, `nationalnumber`, `department`, `division`, `with_honor`) VALUES (167705, 2015, '1', '', '', '', '', '5352344', '4', '01281210855', '', 'الكيمياء', 'العلوم البيولوجية', '');
INSERT INTO `lk9v6_users` (`name`, `email`, `usertype`) VALUES ('دينا مصطفى راضى محمد محمد', 'dina13s05244@alexu.edu.eg', 'الخريجين');
INSERT INTO `lk9v6_alumni_main` (`id`, `user_id`, `approved`) VALUES (167706, 167706, 1);
INSERT INTO `lk9v6_alumni_data` (`alumni_id`, `graduation_year`, `fid`, `job`, `address`, `city`, `country`, `phone`, `gid`, `mobile`, `nationalnumber`, `department`, `division`, `with_honor`) VALUES (167706, 2015, '1', '', '', '', '', '035933028', '4', '0184972273', '', 'الكيمياء', 'العلوم البيولوجية', '');
INSERT INTO `lk9v6_users` (`name`, `email`, `usertype`) VALUES ('الاء رجب محمد عبدالجواد عوض', 'alaa13s05416@alexu.edu.eg', 'الخريجين');
INSERT INTO `lk9v6_alumni_main` (`id`, `user_id`, `approved`) VALUES (167707, 167707, 1);
INSERT INTO `lk9v6_alumni_data` (`alumni_id`, `graduation_year`, `fid`, `job`, `address`, `city`, `country`, `phone`, `gid`, `mobile`, `nationalnumber`, `department`, `division`, `with_honor`) VALUES (167707, 2015, '1', '', '', '', '', '0452239955', '4', '01272681003', '', 'الكيمياء', 'العلوم البيولوجية', '');
INSERT INTO `lk9v6_users` (`name`, `email`, `usertype`) VALUES ('ايه جمال الدين ابراهيم ابراهيم', 'aya13s05376@alexu.edu.eg', 'الخريجين');
INSERT INTO `lk9v6_alumni_main` (`id`, `user_id`, `approved`) VALUES (167708, 167708, 1);
INSERT INTO `lk9v6_alumni_data` (`alumni_id`, `graduation_year`, `fid`, `job`, `address`, `city`, `country`, `phone`, `gid`, `mobile`, `nationalnumber`, `department`, `division`, `with_honor`) VALUES (167708, 2015, '1', '', '', '', '', '5040196', '4', '01278372024', '', 'الكيمياء', 'العلوم البيولوجية', '');
INSERT INTO `lk9v6_users` (`name`, `email`, `usertype`) VALUES ('دعاء سند احمد احمد وزه', 'doaa13s04949@alexu.edu.eg', 'الخريجين');
INSERT INTO `lk9v6_alumni_main` (`id`, `user_id`, `approved`) VALUES (167709, 167709, 1);
INSERT INTO `lk9v6_alumni_data` (`alumni_id`, `graduation_year`, `fid`, `job`, `address`, `city`, `country`, `phone`, `gid`, `mobile`, `nationalnumber`, `department`, `division`, `with_honor`) VALUES (167709, 2015, '1', '', '', '', '', '0452243937', '4', '0183235499', '', 'الكيمياء', 'العلوم البيولوجية', '');
INSERT INTO `lk9v6_users` (`name`, `email`, `usertype`) VALUES ('اسراء عبدالغفار عبدالحميد الفقى', 'esraa13s05616@alexu.edu.eg', 'الخريجين');
INSERT INTO `lk9v6_alumni_main` (`id`, `user_id`, `approved`) VALUES (167710, 167710, 1);
INSERT INTO `lk9v6_alumni_data` (`alumni_id`, `graduation_year`, `fid`, `job`, `address`, `city`, `country`, `phone`, `gid`, `mobile`, `nationalnumber`, `department`, `division`, `with_honor`) VALUES (167710, 2015, '1', '', '', '', '', '4349186', '4', '0189376072', '', 'الكيمياء', 'العلوم البيولوجية', '');
INSERT INTO `lk9v6_users` (`name`, `email`, `usertype`) VALUES ('امانى مصطفى حسن معتمد', 'amany13s04887@alexu.edu.eg', 'الخريجين');
INSERT INTO `lk9v6_alumni_main` (`id`, `user_id`, `approved`) VALUES (167711, 167711, 1);
INSERT INTO `lk9v6_alumni_data` (`alumni_id`, `graduation_year`, `fid`, `job`, `address`, `city`, `country`, `phone`, `gid`, `mobile`, `nationalnumber`, `department`, `division`, `with_honor`) VALUES (167711, 2015, '1', '', '', '', '', '034289902', '4', '01064152594', '', 'الكيمياء', 'العلوم البيولوجية', '');
INSERT INTO `lk9v6_users` (`name`, `email`, `usertype`) VALUES ('مى رافت مصطفى عجمى', 'mai13s06769@alexu.edu.eg', 'الخريجين');
INSERT INTO `lk9v6_alumni_main` (`id`, `user_id`, `approved`) VALUES (167712, 167712, 1);
INSERT INTO `lk9v6_alumni_data` (`alumni_id`, `graduation_year`, `fid`, `job`, `address`, `city`, `country`, `phone`, `gid`, `mobile`, `nationalnumber`, `department`, `division`, `with_honor`) VALUES (167712, 2015, '1', '', '', '', '', '3813874', '4', '01228917174', '', 'الكيمياء', 'العلوم البيولوجية', '');
INSERT INTO `lk9v6_users` (`name`, `email`, `usertype`) VALUES ('ولاء قناوى فرج نصر', 'walaa13s05572@alexu.edu.eg', 'الخريجين');
INSERT INTO `lk9v6_alumni_main` (`id`, `user_id`, `approved`) VALUES (167713, 167713, 1);
INSERT INTO `lk9v6_alumni_data` (`alumni_id`, `graduation_year`, `fid`, `job`, `address`, `city`, `country`, `phone`, `gid`, `mobile`, `nationalnumber`, `department`, `division`, `with_honor`) VALUES (167713, 2015, '1', '', '', '', '', '4452166', '4', '01271882952', '', 'الكيمياء', 'العلوم البيولوجية', '');
INSERT INTO `lk9v6_users` (`name`, `email`, `usertype`) VALUES ('محمد احمد محمد ابو العلا عبد العزيز', 'mohamed13s05731@alexu.edu.eg', 'الخريجين');
INSERT INTO `lk9v6_alumni_main` (`id`, `user_id`, `approved`) VALUES (167714, 167714, 1);
INSERT INTO `lk9v6_alumni_data` (`alumni_id`, `graduation_year`, `fid`, `job`, `address`, `city`, `country`, `phone`, `gid`, `mobile`, `nationalnumber`, `department`, `division`, `with_honor`) VALUES (167714, 2015, '1', '', '', '', '', '034489342', '4', '01001380611', '', 'الكيمياء', 'العلوم البيولوجية', '');
INSERT INTO `lk9v6_users` (`name`, `email`, `usertype`) VALUES ('مرفت محمد عبد الرحمن عبد الحليم', 'merfat13s05091@alexu.edu.eg', 'الخريجين');
INSERT INTO `lk9v6_alumni_main` (`id`, `user_id`, `approved`) VALUES (167715, 167715, 1);
INSERT INTO `lk9v6_alumni_data` (`alumni_id`, `graduation_year`, `fid`, `job`, `address`, `city`, `country`, `phone`, `gid`, `mobile`, `nationalnumber`, `department`, `division`, `with_honor`) VALUES (167715, 2015, '1', '', '', '', '', '4348372', '4', '01142304053', '', 'الكيمياء', 'العلوم البيولوجية', '');
INSERT INTO `lk9v6_users` (`name`, `email`, `usertype`) VALUES ('نيفين محمد زكريا عبدالقادر شرف', 'nevin13s04935@alexu.edu.eg', 'الخريجين');
INSERT INTO `lk9v6_alumni_main` (`id`, `user_id`, `approved`) VALUES (167716, 167716, 1);
INSERT INTO `lk9v6_alumni_data` (`alumni_id`, `graduation_year`, `fid`, `job`, `address`, `city`, `country`, `phone`, `gid`, `mobile`, `nationalnumber`, `department`, `division`, `with_honor`) VALUES (167716, 2015, '1', '', '', '', '', '0453542022', '4', '01008592691', '', 'الكيمياء', 'العلوم البيولوجية', '');
INSERT INTO `lk9v6_users` (`name`, `email`, `usertype`) VALUES ('رناعلى امين عسل', 'rana13s05784@alexu.edu.eg', 'الخريجين');
INSERT INTO `lk9v6_alumni_main` (`id`, `user_id`, `approved`) VALUES (167717, 167717, 1);
INSERT INTO `lk9v6_alumni_data` (`alumni_id`, `graduation_year`, `fid`, `job`, `address`, `city`, `country`, `phone`, `gid`, `mobile`, `nationalnumber`, `department`, `division`, `with_honor`) VALUES (167717, 2015, '1', '', '', '', '', '0453320313', '3', '01066313909', '', 'الكيمياء', 'العلوم البيولوجية', '');
INSERT INTO `lk9v6_users` (`name`, `email`, `usertype`) VALUES ('وسام عمر محمود سليمان', 'wesam13s05792@alexu.edu.eg', 'الخريجين');
INSERT INTO `lk9v6_alumni_main` (`id`, `user_id`, `approved`) VALUES (167718, 167718, 1);
INSERT INTO `lk9v6_alumni_data` (`alumni_id`, `graduation_year`, `fid`, `job`, `address`, `city`, `country`, `phone`, `gid`, `mobile`, `nationalnumber`, `department`, `division`, `with_honor`) VALUES (167718, 2015, '1', '', '', '', '', '033928212', '3', '01143365446', '', 'الكيمياء', 'العلوم البيولوجية', '');
INSERT INTO `lk9v6_users` (`name`, `email`, `usertype`) VALUES ('اسماء محمد عبدالله مصطفى حسين', 'asmaa13s05457@alexu.edu.eg', 'الخريجين');
INSERT INTO `lk9v6_alumni_main` (`id`, `user_id`, `approved`) VALUES (167719, 167719, 1);
INSERT INTO `lk9v6_alumni_data` (`alumni_id`, `graduation_year`, `fid`, `job`, `address`, `city`, `country`, `phone`, `gid`, `mobile`, `nationalnumber`, `department`, `division`, `with_honor`) VALUES (167719, 2015, '1', '', '', '', '', '5488606', '3', '01279174040', '', 'الكيمياء', 'العلوم البيولوجية', '');
INSERT INTO `lk9v6_users` (`name`, `email`, `usertype`) VALUES ('سمير فخرى عبدالعليم الدناصورى', 'samir13s05286@alexu.edu.eg', 'الخريجين');
INSERT INTO `lk9v6_alumni_main` (`id`, `user_id`, `approved`) VALUES (167720, 167720, 1);
INSERT INTO `lk9v6_alumni_data` (`alumni_id`, `graduation_year`, `fid`, `job`, `address`, `city`, `country`, `phone`, `gid`, `mobile`, `nationalnumber`, `department`, `division`, `with_honor`) VALUES (167720, 2015, '1', '', '', '', '', '0472711407', '3', '01005753294', '', 'الكيمياء', 'العلوم البيولوجية', '');
INSERT INTO `lk9v6_users` (`name`, `email`, `usertype`) VALUES ('هاله محمد عبدالحفيظ الطويل', 'hala13s04991@alexu.edu.eg', 'الخريجين');
INSERT INTO `lk9v6_alumni_main` (`id`, `user_id`, `approved`) VALUES (167721, 167721, 1);
INSERT INTO `lk9v6_alumni_data` (`alumni_id`, `graduation_year`, `fid`, `job`, `address`, `city`, `country`, `phone`, `gid`, `mobile`, `nationalnumber`, `department`, `division`, `with_honor`) VALUES (167721, 2015, '1', '', '', '', '', '0452840655', '3', '01115090421', '', 'الكيمياء', 'العلوم البيولوجية', '');
INSERT INTO `lk9v6_users` (`name`, `email`, `usertype`) VALUES ('ابراهيم محمد عبدالحى عبد الحميد ابوكيله', 'ibrahim13s05426@alexu.edu.eg', 'الخريجين');
INSERT INTO `lk9v6_alumni_main` (`id`, `user_id`, `approved`) VALUES (167722, 167722, 1);
INSERT INTO `lk9v6_alumni_data` (`alumni_id`, `graduation_year`, `fid`, `job`, `address`, `city`, `country`, `phone`, `gid`, `mobile`, `nationalnumber`, `department`, `division`, `with_honor`) VALUES (167722, 2015, '1', '', '', '', '', '4400010', '3', '01281562673', '', 'الكيمياء', 'العلوم البيولوجية', '');
INSERT INTO `lk9v6_users` (`name`, `email`, `usertype`) VALUES ('هناء سامى مصلحى يوسف', 'hanaa13s05348@alexu.edu.eg', 'الخريجين');
INSERT INTO `lk9v6_alumni_main` (`id`, `user_id`, `approved`) VALUES (167723, 167723, 1);
INSERT INTO `lk9v6_alumni_data` (`alumni_id`, `graduation_year`, `fid`, `job`, `address`, `city`, `country`, `phone`, `gid`, `mobile`, `nationalnumber`, `department`, `division`, `with_honor`) VALUES (167723, 2015, '1', '', '', '', '', '01201592972', '3', '01201592972', '', 'الكيمياء', 'العلوم البيولوجية', '');
INSERT INTO `lk9v6_users` (`name`, `email`, `usertype`) VALUES ('امنيه مدحت محمد عيد السيد', 'omnia13s05851@alexu.edu.eg', 'الخريجين');
INSERT INTO `lk9v6_alumni_main` (`id`, `user_id`, `approved`) VALUES (167724, 167724, 1);
INSERT INTO `lk9v6_alumni_data` (`alumni_id`, `graduation_year`, `fid`, `job`, `address`, `city`, `country`, `phone`, `gid`, `mobile`, `nationalnumber`, `department`, `division`, `with_honor`) VALUES (167724, 2015, '1', '', '', '', '', '3938191', '3', '01223280874', '', 'الكيمياء', 'العلوم البيولوجية', '');
INSERT INTO `lk9v6_users` (`name`, `email`, `usertype`) VALUES ('اسراء محمد السيد محمد مرسى', 'esraa13s05202@alexu.edu.eg', 'الخريجين');
INSERT INTO `lk9v6_alumni_main` (`id`, `user_id`, `approved`) VALUES (167725, 167725, 1);
INSERT INTO `lk9v6_alumni_data` (`alumni_id`, `graduation_year`, `fid`, `job`, `address`, `city`, `country`, `phone`, `gid`, `mobile`, `nationalnumber`, `department`, `division`, `with_honor`) VALUES (167725, 2015, '1', '', '', '', '', '0103709179', '3', '0196664268', '', 'الكيمياء', 'العلوم البيولوجية', '');
INSERT INTO `lk9v6_users` (`name`, `email`, `usertype`) VALUES ('نوره محمد ابراهيم قطب الماظ', 'nora13s05040@alexu.edu.eg', 'الخريجين');
INSERT INTO `lk9v6_alumni_main` (`id`, `user_id`, `approved`) VALUES (167726, 167726, 1);
INSERT INTO `lk9v6_alumni_data` (`alumni_id`, `graduation_year`, `fid`, `job`, `address`, `city`, `country`, `phone`, `gid`, `mobile`, `nationalnumber`, `department`, `division`, `with_honor`) VALUES (167726, 2015, '1', '', '', '', '', '0472765487', '3', '01157258693', '', 'الكيمياء', 'العلوم البيولوجية', '');
INSERT INTO `lk9v6_users` (`name`, `email`, `usertype`) VALUES ('زينب محمد نجيب طه محمد على', 'zeynep13s05853@alexu.edu.eg', 'الخريجين');
INSERT INTO `lk9v6_alumni_main` (`id`, `user_id`, `approved`) VALUES (167727, 167727, 1);
INSERT INTO `lk9v6_alumni_data` (`alumni_id`, `graduation_year`, `fid`, `job`, `address`, `city`, `country`, `phone`, `gid`, `mobile`, `nationalnumber`, `department`, `division`, `with_honor`) VALUES (167727, 2015, '1', '', '', '', '', '0453650164', '3', '01002987904', '', 'الكيمياء', 'العلوم البيولوجية', '');
INSERT INTO `lk9v6_users` (`name`, `email`, `usertype`) VALUES ('مارينا فاروق وهيب دهايبى', 'marina13s05458@alexu.edu.eg', 'الخريجين');
INSERT INTO `lk9v6_alumni_main` (`id`, `user_id`, `approved`) VALUES (167728, 167728, 1);
INSERT INTO `lk9v6_alumni_data` (`alumni_id`, `graduation_year`, `fid`, `job`, `address`, `city`, `country`, `phone`, `gid`, `mobile`, `nationalnumber`, `department`, `division`, `with_honor`) VALUES (167728, 2015, '1', '', '', '', '', '5279963', '3', '01226975467', '', 'الكيمياء', 'العلوم البيولوجية', '');
INSERT INTO `lk9v6_users` (`name`, `email`, `usertype`) VALUES ('ايه رفعت محمود حسانين عثمان', 'aya13s05523@alexu.edu.eg', 'الخريجين');
INSERT INTO `lk9v6_alumni_main` (`id`, `user_id`, `approved`) VALUES (167729, 167729, 1);
INSERT INTO `lk9v6_alumni_data` (`alumni_id`, `graduation_year`, `fid`, `job`, `address`, `city`, `country`, `phone`, `gid`, `mobile`, `nationalnumber`, `department`, `division`, `with_honor`) VALUES (167729, 2015, '1', '', '', '', '', '0472977136', '3', '01116095964', '', 'الكيمياء', 'العلوم البيولوجية', '');
INSERT INTO `lk9v6_users` (`name`, `email`, `usertype`) VALUES ('امنيه يسرى مسعود عبدالحميد', 'omnia13s05338@alexu.edu.eg', 'الخريجين');
INSERT INTO `lk9v6_alumni_main` (`id`, `user_id`, `approved`) VALUES (167730, 167730, 1);
INSERT INTO `lk9v6_alumni_data` (`alumni_id`, `graduation_year`, `fid`, `job`, `address`, `city`, `country`, `phone`, `gid`, `mobile`, `nationalnumber`, `department`, `division`, `with_honor`) VALUES (167730, 2015, '1', '', '', '', '', '035016487', '3', '01278698152', '', 'الكيمياء', 'العلوم البيولوجية', '');
INSERT INTO `lk9v6_users` (`name`, `email`, `usertype`) VALUES ('اسراء حمدان على حفنى على', 'esraa13s05825@alexu.edu.eg', 'الخريجين');
INSERT INTO `lk9v6_alumni_main` (`id`, `user_id`, `approved`) VALUES (167731, 167731, 1);
INSERT INTO `lk9v6_alumni_data` (`alumni_id`, `graduation_year`, `fid`, `job`, `address`, `city`, `country`, `phone`, `gid`, `mobile`, `nationalnumber`, `department`, `division`, `with_honor`) VALUES (167731, 2015, '1', '', '', '', '', '5015246', '3', '01207343636', '', 'الكيمياء', 'العلوم البيولوجية', '');
INSERT INTO `lk9v6_users` (`name`, `email`, `usertype`) VALUES ('ايه فتحى محمد على', 'aya13s06316@alexu.edu.eg', 'الخريجين');
INSERT INTO `lk9v6_alumni_main` (`id`, `user_id`, `approved`) VALUES (167732, 167732, 1);
INSERT INTO `lk9v6_alumni_data` (`alumni_id`, `graduation_year`, `fid`, `job`, `address`, `city`, `country`, `phone`, `gid`, `mobile`, `nationalnumber`, `department`, `division`, `with_honor`) VALUES (167732, 2015, '1', '', '', '', '', '033195104', '3', '01275114215', '', 'الكيمياء', 'العلوم البيولوجية', '');
INSERT INTO `lk9v6_users` (`name`, `email`, `usertype`) VALUES ('مريم نبيل عزيز توفيق', 'mariem13s05012@alexu.edu.eg', 'الخريجين');
INSERT INTO `lk9v6_alumni_main` (`id`, `user_id`, `approved`) VALUES (167733, 167733, 1);
INSERT INTO `lk9v6_alumni_data` (`alumni_id`, `graduation_year`, `fid`, `job`, `address`, `city`, `country`, `phone`, `gid`, `mobile`, `nationalnumber`, `department`, `division`, `with_honor`) VALUES (167733, 2015, '1', '', '', '', '', '01275318019', '3', '01275318019', '', 'الكيمياء', 'العلوم البيولوجية', '');
INSERT INTO `lk9v6_users` (`name`, `email`, `usertype`) VALUES ('ريهام محمد عبدالمحسن الديب', 'reham13s05034@alexu.edu.eg', 'الخريجين');
INSERT INTO `lk9v6_alumni_main` (`id`, `user_id`, `approved`) VALUES (167734, 167734, 1);
INSERT INTO `lk9v6_alumni_data` (`alumni_id`, `graduation_year`, `fid`, `job`, `address`, `city`, `country`, `phone`, `gid`, `mobile`, `nationalnumber`, `department`, `division`, `with_honor`) VALUES (167734, 2015, '1', '', '', '', '', '0452985344', '3', '0180251069', '', 'الكيمياء', 'العلوم البيولوجية', '');
INSERT INTO `lk9v6_users` (`name`, `email`, `usertype`) VALUES ('ايه جابر احمد محمود السيد', 'aya13s05648@alexu.edu.eg', 'الخريجين');
INSERT INTO `lk9v6_alumni_main` (`id`, `user_id`, `approved`) VALUES (167735, 167735, 1);
INSERT INTO `lk9v6_alumni_data` (`alumni_id`, `graduation_year`, `fid`, `job`, `address`, `city`, `country`, `phone`, `gid`, `mobile`, `nationalnumber`, `department`, `division`, `with_honor`) VALUES (167735, 2015, '1', '', '', '', '', '035371350', '3', '01286675224', '', 'الكيمياء', 'العلوم البيولوجية', '');
INSERT INTO `lk9v6_users` (`name`, `email`, `usertype`) VALUES ('دعاء احمد امين سرور سويلم', 'doaa13s05770@alexu.edu.eg', 'الخريجين');
INSERT INTO `lk9v6_alumni_main` (`id`, `user_id`, `approved`) VALUES (167736, 167736, 1);
INSERT INTO `lk9v6_alumni_data` (`alumni_id`, `graduation_year`, `fid`, `job`, `address`, `city`, `country`, `phone`, `gid`, `mobile`, `nationalnumber`, `department`, `division`, `with_honor`) VALUES (167736, 2015, '1', '', '', '', '', '02228703349', '3', '01289070292', '', 'الكيمياء', 'العلوم البيولوجية', '');
INSERT INTO `lk9v6_users` (`name`, `email`, `usertype`) VALUES ('اسراء محمد محمود على عقل', 'esraa13s05133@alexu.edu.eg', 'الخريجين');
INSERT INTO `lk9v6_alumni_main` (`id`, `user_id`, `approved`) VALUES (167737, 167737, 1);
INSERT INTO `lk9v6_alumni_data` (`alumni_id`, `graduation_year`, `fid`, `job`, `address`, `city`, `country`, `phone`, `gid`, `mobile`, `nationalnumber`, `department`, `division`, `with_honor`) VALUES (167737, 2015, '1', '', '', '', '', '035073125', '3', '01277886525', '', 'الكيمياء', 'العلوم البيولوجية', '');
INSERT INTO `lk9v6_users` (`name`, `email`, `usertype`) VALUES ('اسراء محمد السيد الطيب موسى', 'esraa13s05189@alexu.edu.eg', 'الخريجين');
INSERT INTO `lk9v6_alumni_main` (`id`, `user_id`, `approved`) VALUES (167738, 167738, 1);
INSERT INTO `lk9v6_alumni_data` (`alumni_id`, `graduation_year`, `fid`, `job`, `address`, `city`, `country`, `phone`, `gid`, `mobile`, `nationalnumber`, `department`, `division`, `with_honor`) VALUES (167738, 2015, '1', '', '', '', '', '4942776', '3', '01281107101', '', 'الكيمياء', 'العلوم البيولوجية', '');
INSERT INTO `lk9v6_users` (`name`, `email`, `usertype`) VALUES ('زينب حسن فؤاد حسن', 'zeynep13s05312@alexu.edu.eg', 'الخريجين');
INSERT INTO `lk9v6_alumni_main` (`id`, `user_id`, `approved`) VALUES (167739, 167739, 1);
INSERT INTO `lk9v6_alumni_data` (`alumni_id`, `graduation_year`, `fid`, `job`, `address`, `city`, `country`, `phone`, `gid`, `mobile`, `nationalnumber`, `department`, `division`, `with_honor`) VALUES (167739, 2015, '1', '', '', '', '', '01221657746', '3', '01145652765', '', 'الكيمياء', 'العلوم البيولوجية', '');
INSERT INTO `lk9v6_users` (`name`, `email`, `usertype`) VALUES ('ماريهام ناجى عدلى كامل', 'mariham13s05144@alexu.edu.eg', 'الخريجين');
INSERT INTO `lk9v6_alumni_main` (`id`, `user_id`, `approved`) VALUES (167740, 167740, 1);
INSERT INTO `lk9v6_alumni_data` (`alumni_id`, `graduation_year`, `fid`, `job`, `address`, `city`, `country`, `phone`, `gid`, `mobile`, `nationalnumber`, `department`, `division`, `with_honor`) VALUES (167740, 2015, '1', '', '', '', '', '034592018', '3', '01271261483', '', 'الكيمياء', 'العلوم البيولوجية', '');
INSERT INTO `lk9v6_users` (`name`, `email`, `usertype`) VALUES ('محمد جمال حسن على بدران', 'mohamed13s05831@alexu.edu.eg', 'الخريجين');
INSERT INTO `lk9v6_alumni_main` (`id`, `user_id`, `approved`) VALUES (167741, 167741, 1);
INSERT INTO `lk9v6_alumni_data` (`alumni_id`, `graduation_year`, `fid`, `job`, `address`, `city`, `country`, `phone`, `gid`, `mobile`, `nationalnumber`, `department`, `division`, `with_honor`) VALUES (167741, 2015, '1', '', '', '', '', '035028108', '3', '01211663152', '', 'الكيمياء', 'العلوم البيولوجية', '');
INSERT INTO `lk9v6_users` (`name`, `email`, `usertype`) VALUES ('ولاء ناصر توفيق محمد مطاوع', 'walaa13s05517@alexu.edu.eg', 'الخريجين');
INSERT INTO `lk9v6_alumni_main` (`id`, `user_id`, `approved`) VALUES (167742, 167742, 1);
INSERT INTO `lk9v6_alumni_data` (`alumni_id`, `graduation_year`, `fid`, `job`, `address`, `city`, `country`, `phone`, `gid`, `mobile`, `nationalnumber`, `department`, `division`, `with_honor`) VALUES (167742, 2015, '1', '', '', '', '', '033911263', '3', '01222545312', '', 'الكيمياء', 'العلوم البيولوجية', '');
INSERT INTO `lk9v6_users` (`name`, `email`, `usertype`) VALUES ('منار جمال محمد فريد زياده', 'manar13s05057@alexu.edu.eg', 'الخريجين');
INSERT INTO `lk9v6_alumni_main` (`id`, `user_id`, `approved`) VALUES (167743, 167743, 1);
INSERT INTO `lk9v6_alumni_data` (`alumni_id`, `graduation_year`, `fid`, `job`, `address`, `city`, `country`, `phone`, `gid`, `mobile`, `nationalnumber`, `department`, `division`, `with_honor`) VALUES (167743, 2015, '1', '', '', '', '', '034960695', '3', '01208525771', '', 'الكيمياء', 'العلوم البيولوجية', '');
INSERT INTO `lk9v6_users` (`name`, `email`, `usertype`) VALUES ('هدير سمير السيد عبد العظيم السعدنى', 'hadeer13s05399@alexu.edu.eg', 'الخريجين');
INSERT INTO `lk9v6_alumni_main` (`id`, `user_id`, `approved`) VALUES (167744, 167744, 1);
INSERT INTO `lk9v6_alumni_data` (`alumni_id`, `graduation_year`, `fid`, `job`, `address`, `city`, `country`, `phone`, `gid`, `mobile`, `nationalnumber`, `department`, `division`, `with_honor`) VALUES (167744, 2015, '1', '', '', '', '', '4277200', '3', '01278429798', '', 'الكيمياء', 'العلوم البيولوجية', '');
INSERT INTO `lk9v6_users` (`name`, `email`, `usertype`) VALUES ('مارينا هيبت هلال حنا', 'marina13s05822@alexu.edu.eg', 'الخريجين');
INSERT INTO `lk9v6_alumni_main` (`id`, `user_id`, `approved`) VALUES (167745, 167745, 1);
INSERT INTO `lk9v6_alumni_data` (`alumni_id`, `graduation_year`, `fid`, `job`, `address`, `city`, `country`, `phone`, `gid`, `mobile`, `nationalnumber`, `department`, `division`, `with_honor`) VALUES (167745, 2015, '1', '', '', '', '', '5404409', '3', '01289816431', '', 'الكيمياء', 'العلوم البيولوجية', '');
INSERT INTO `lk9v6_users` (`name`, `email`, `usertype`) VALUES ('نورهان السيد جابر احمد شحاته', 'nourhan13s05788@alexu.edu.eg', 'الخريجين');
INSERT INTO `lk9v6_alumni_main` (`id`, `user_id`, `approved`) VALUES (167746, 167746, 1);
INSERT INTO `lk9v6_alumni_data` (`alumni_id`, `graduation_year`, `fid`, `job`, `address`, `city`, `country`, `phone`, `gid`, `mobile`, `nationalnumber`, `department`, `division`, `with_honor`) VALUES (167746, 2015, '1', '', '', '', '', '034349417', '3', '0183832657', '', 'الكيمياء', 'العلوم البيولوجية', '');
INSERT INTO `lk9v6_users` (`name`, `email`, `usertype`) VALUES ('مريم موريس لطفى موسى تاوضروس', 'mariem13s05596@alexu.edu.eg', 'الخريجين');
INSERT INTO `lk9v6_alumni_main` (`id`, `user_id`, `approved`) VALUES (167747, 167747, 1);
INSERT INTO `lk9v6_alumni_data` (`alumni_id`, `graduation_year`, `fid`, `job`, `address`, `city`, `country`, `phone`, `gid`, `mobile`, `nationalnumber`, `department`, `division`, `with_honor`) VALUES (167747, 2015, '1', '', '', '', '', '034423618', '3', '01205990723', '', 'الكيمياء', 'العلوم البيولوجية', '');
INSERT INTO `lk9v6_users` (`name`, `email`, `usertype`) VALUES ('دينا على سيد احمد محمد احمد', 'dina13s05152@alexu.edu.eg', 'الخريجين');
INSERT INTO `lk9v6_alumni_main` (`id`, `user_id`, `approved`) VALUES (167748, 167748, 1);
INSERT INTO `lk9v6_alumni_data` (`alumni_id`, `graduation_year`, `fid`, `job`, `address`, `city`, `country`, `phone`, `gid`, `mobile`, `nationalnumber`, `department`, `division`, `with_honor`) VALUES (167748, 2015, '1', '', '', '', '', '4942645', '3', '01210726272', '', 'الكيمياء', 'العلوم البيولوجية', '');
INSERT INTO `lk9v6_users` (`name`, `email`, `usertype`) VALUES ('يارا سالم نور الدين منصور قشيشه', 'yara13s06151@alexu.edu.eg', 'الخريجين');
INSERT INTO `lk9v6_alumni_main` (`id`, `user_id`, `approved`) VALUES (167749, 167749, 1);
INSERT INTO `lk9v6_alumni_data` (`alumni_id`, `graduation_year`, `fid`, `job`, `address`, `city`, `country`, `phone`, `gid`, `mobile`, `nationalnumber`, `department`, `division`, `with_honor`) VALUES (167749, 2015, '1', '', '', '', '', '032035052', '3', '01091679126', '', 'الكيمياء', 'العلوم البيولوجية', '');
INSERT INTO `lk9v6_users` (`name`, `email`, `usertype`) VALUES ('اسماء محمد سعد عمر مكاوى', 'asmaa13s05072@alexu.edu.eg', 'الخريجين');
INSERT INTO `lk9v6_alumni_main` (`id`, `user_id`, `approved`) VALUES (167750, 167750, 1);
INSERT INTO `lk9v6_alumni_data` (`alumni_id`, `graduation_year`, `fid`, `job`, `address`, `city`, `country`, `phone`, `gid`, `mobile`, `nationalnumber`, `department`, `division`, `with_honor`) VALUES (167750, 2015, '1', '', '', '', '', '0452223412', '3', '0181333706', '', 'الكيمياء', 'العلوم البيولوجية', '');
INSERT INTO `lk9v6_users` (`name`, `email`, `usertype`) VALUES ('على محمود عبدالمجيد محمد الجندى', 'ali13s05121@alexu.edu.eg', 'الخريجين');
INSERT INTO `lk9v6_alumni_main` (`id`, `user_id`, `approved`) VALUES (167751, 167751, 1);
INSERT INTO `lk9v6_alumni_data` (`alumni_id`, `graduation_year`, `fid`, `job`, `address`, `city`, `country`, `phone`, `gid`, `mobile`, `nationalnumber`, `department`, `division`, `with_honor`) VALUES (167751, 2015, '1', '', '', '', '', '035062333', '3', '01126439104', '', 'الكيمياء', 'العلوم البيولوجية', '');
INSERT INTO `lk9v6_users` (`name`, `email`, `usertype`) VALUES ('علاء عبدالصادق محمد ابراهيم', 'alaa13s05231@alexu.edu.eg', 'الخريجين');
INSERT INTO `lk9v6_alumni_main` (`id`, `user_id`, `approved`) VALUES (167752, 167752, 1);
INSERT INTO `lk9v6_alumni_data` (`alumni_id`, `graduation_year`, `fid`, `job`, `address`, `city`, `country`, `phone`, `gid`, `mobile`, `nationalnumber`, `department`, `division`, `with_honor`) VALUES (167752, 2015, '1', '', '', '', '', '0473170123', '3', '01000468399', '', 'الكيمياء', 'العلوم البيولوجية', '');
INSERT INTO `lk9v6_users` (`name`, `email`, `usertype`) VALUES ('نادت هلال يوسف ابراهيم', 'nadat13s05217@alexu.edu.eg', 'الخريجين');
INSERT INTO `lk9v6_alumni_main` (`id`, `user_id`, `approved`) VALUES (167753, 167753, 1);
INSERT INTO `lk9v6_alumni_data` (`alumni_id`, `graduation_year`, `fid`, `job`, `address`, `city`, `country`, `phone`, `gid`, `mobile`, `nationalnumber`, `department`, `division`, `with_honor`) VALUES (167753, 2015, '1', '', '', '', '', '035409479', '3', '01008289018', '', 'الكيمياء', 'العلوم البيولوجية', '');
INSERT INTO `lk9v6_users` (`name`, `email`, `usertype`) VALUES ('خلود محسن محمد السباعى', 'khloud13s05059@alexu.edu.eg', 'الخريجين');
INSERT INTO `lk9v6_alumni_main` (`id`, `user_id`, `approved`) VALUES (167754, 167754, 1);
INSERT INTO `lk9v6_alumni_data` (`alumni_id`, `graduation_year`, `fid`, `job`, `address`, `city`, `country`, `phone`, `gid`, `mobile`, `nationalnumber`, `department`, `division`, `with_honor`) VALUES (167754, 2015, '1', '', '', '', '', '0453343981', '3', '01062643894', '', 'الكيمياء', 'العلوم البيولوجية', '');
INSERT INTO `lk9v6_users` (`name`, `email`, `usertype`) VALUES ('منى عبد الرحمن محمد محمد', 'mona13s05768@alexu.edu.eg', 'الخريجين');
INSERT INTO `lk9v6_alumni_main` (`id`, `user_id`, `approved`) VALUES (167755, 167755, 1);
INSERT INTO `lk9v6_alumni_data` (`alumni_id`, `graduation_year`, `fid`, `job`, `address`, `city`, `country`, `phone`, `gid`, `mobile`, `nationalnumber`, `department`, `division`, `with_honor`) VALUES (167755, 2015, '1', '', '', '', '', '5348945', '3', '01120841275', '', 'الكيمياء', 'العلوم البيولوجية', '');
INSERT INTO `lk9v6_users` (`name`, `email`, `usertype`) VALUES ('احمد سمير على احمد حسنين', 'ahmed13s05228@alexu.edu.eg', 'الخريجين');
INSERT INTO `lk9v6_alumni_main` (`id`, `user_id`, `approved`) VALUES (167756, 167756, 1);
INSERT INTO `lk9v6_alumni_data` (`alumni_id`, `graduation_year`, `fid`, `job`, `address`, `city`, `country`, `phone`, `gid`, `mobile`, `nationalnumber`, `department`, `division`, `with_honor`) VALUES (167756, 2015, '1', '', '', '', '', '035625272', '3', '01280727756', '', 'الكيمياء', 'العلوم البيولوجية', '');
INSERT INTO `lk9v6_users` (`name`, `email`, `usertype`) VALUES ('شيماء محمود عبدالقوى محمد رزق', 'shaimaa13s04920@alexu.edu.eg', 'الخريجين');
INSERT INTO `lk9v6_alumni_main` (`id`, `user_id`, `approved`) VALUES (167757, 167757, 1);
INSERT INTO `lk9v6_alumni_data` (`alumni_id`, `graduation_year`, `fid`, `job`, `address`, `city`, `country`, `phone`, `gid`, `mobile`, `nationalnumber`, `department`, `division`, `with_honor`) VALUES (167757, 2015, '1', '', '', '', '', '0452230938', '3', '01274849584', '', 'الكيمياء', 'العلوم البيولوجية', '');
INSERT INTO `lk9v6_users` (`name`, `email`, `usertype`) VALUES ('ماجى ماهر موسى فهمى معوض', 'magy13s04828@alexu.edu.eg', 'الخريجين');
INSERT INTO `lk9v6_alumni_main` (`id`, `user_id`, `approved`) VALUES (167758, 167758, 1);
INSERT INTO `lk9v6_alumni_data` (`alumni_id`, `graduation_year`, `fid`, `job`, `address`, `city`, `country`, `phone`, `gid`, `mobile`, `nationalnumber`, `department`, `division`, `with_honor`) VALUES (167758, 2015, '1', '', '', '', '', '5533225', '3', '01229188216', '', 'الكيمياء', 'العلوم البيولوجية', '');
INSERT INTO `lk9v6_users` (`name`, `email`, `usertype`) VALUES ('امنيه علاء محمد حسين عمر', 'omnia13s05062@alexu.edu.eg', 'الخريجين');
INSERT INTO `lk9v6_alumni_main` (`id`, `user_id`, `approved`) VALUES (167759, 167759, 1);
INSERT INTO `lk9v6_alumni_data` (`alumni_id`, `graduation_year`, `fid`, `job`, `address`, `city`, `country`, `phone`, `gid`, `mobile`, `nationalnumber`, `department`, `division`, `with_honor`) VALUES (167759, 2015, '1', '', '', '', '', '0453319729', '3', '01060923477', '', 'الكيمياء', 'العلوم البيولوجية', '');
INSERT INTO `lk9v6_users` (`name`, `email`, `usertype`) VALUES ('رانا رأفت انور صاروفيم', 'rana13s05830@alexu.edu.eg', 'الخريجين');
INSERT INTO `lk9v6_alumni_main` (`id`, `user_id`, `approved`) VALUES (167760, 167760, 1);
INSERT INTO `lk9v6_alumni_data` (`alumni_id`, `graduation_year`, `fid`, `job`, `address`, `city`, `country`, `phone`, `gid`, `mobile`, `nationalnumber`, `department`, `division`, `with_honor`) VALUES (167760, 2015, '1', '', '', '', '', '4485202', '3', '01274420660', '', 'الكيمياء', 'العلوم البيولوجية', '');
INSERT INTO `lk9v6_users` (`name`, `email`, `usertype`) VALUES ('كارولين عزت صبحى رمله', 'karolin13s04851@alexu.edu.eg', 'الخريجين');
INSERT INTO `lk9v6_alumni_main` (`id`, `user_id`, `approved`) VALUES (167761, 167761, 1);
INSERT INTO `lk9v6_alumni_data` (`alumni_id`, `graduation_year`, `fid`, `job`, `address`, `city`, `country`, `phone`, `gid`, `mobile`, `nationalnumber`, `department`, `division`, `with_honor`) VALUES (167761, 2015, '1', '', '', '', '', '035534725', '3', '0181182403', '', 'الكيمياء', 'العلوم البيولوجية', '');
INSERT INTO `lk9v6_users` (`name`, `email`, `usertype`) VALUES ('ايات وفقى عبدالحفيظ احمد', 'ayat13s05027@alexu.edu.eg', 'الخريجين');
INSERT INTO `lk9v6_alumni_main` (`id`, `user_id`, `approved`) VALUES (167762, 167762, 1);
INSERT INTO `lk9v6_alumni_data` (`alumni_id`, `graduation_year`, `fid`, `job`, `address`, `city`, `country`, `phone`, `gid`, `mobile`, `nationalnumber`, `department`, `division`, `with_honor`) VALUES (167762, 2015, '1', '', '', '', '', '035611374', '3', '01143927223', '', 'الكيمياء', 'العلوم البيولوجية', '');
INSERT INTO `lk9v6_users` (`name`, `email`, `usertype`) VALUES ('سمر خيرى اسماعيل السيد', 'samar13s05509@alexu.edu.eg', 'الخريجين');
INSERT INTO `lk9v6_alumni_main` (`id`, `user_id`, `approved`) VALUES (167763, 167763, 1);
INSERT INTO `lk9v6_alumni_data` (`alumni_id`, `graduation_year`, `fid`, `job`, `address`, `city`, `country`, `phone`, `gid`, `mobile`, `nationalnumber`, `department`, `division`, `with_honor`) VALUES (167763, 2015, '1', '', '', '', '', '0452291074', '3', '01125335462', '', 'الكيمياء', 'العلوم البيولوجية', '');
INSERT INTO `lk9v6_users` (`name`, `email`, `usertype`) VALUES ('عبد السلام محمد عبد العاطى عبد السلام', 'abdelsalam13s05154@alexu.edu.eg', 'الخريجين');
INSERT INTO `lk9v6_alumni_main` (`id`, `user_id`, `approved`) VALUES (167764, 167764, 1);
INSERT INTO `lk9v6_alumni_data` (`alumni_id`, `graduation_year`, `fid`, `job`, `address`, `city`, `country`, `phone`, `gid`, `mobile`, `nationalnumber`, `department`, `division`, `with_honor`) VALUES (167764, 2015, '1', '', '', '', '', '01002785967', '3', '01002785967', '', 'الكيمياء', 'العلوم البيولوجية', '');
INSERT INTO `lk9v6_users` (`name`, `email`, `usertype`) VALUES ('ايمان عبدالله عبداللطيف عبدالرحمن على', 'eman13s05560@alexu.edu.eg', 'الخريجين');
INSERT INTO `lk9v6_alumni_main` (`id`, `user_id`, `approved`) VALUES (167765, 167765, 1);
INSERT INTO `lk9v6_alumni_data` (`alumni_id`, `graduation_year`, `fid`, `job`, `address`, `city`, `country`, `phone`, `gid`, `mobile`, `nationalnumber`, `department`, `division`, `with_honor`) VALUES (167765, 2015, '1', '', '', '', '', '01006391447', '3', '01006391447', '', 'الكيمياء', 'العلوم البيولوجية', '');
INSERT INTO `lk9v6_users` (`name`, `email`, `usertype`) VALUES ('يارا عصام محمد عبدالرحمن', 'yara13s05800@alexu.edu.eg', 'الخريجين');
INSERT INTO `lk9v6_alumni_main` (`id`, `user_id`, `approved`) VALUES (167766, 167766, 1);
INSERT INTO `lk9v6_alumni_data` (`alumni_id`, `graduation_year`, `fid`, `job`, `address`, `city`, `country`, `phone`, `gid`, `mobile`, `nationalnumber`, `department`, `division`, `with_honor`) VALUES (167766, 2015, '1', '', '', '', '', '034430035', '3', '01280146527', '', 'الكيمياء', 'العلوم البيولوجية', '');
INSERT INTO `lk9v6_users` (`name`, `email`, `usertype`) VALUES ('مارينا فهيم بطرس اسحق', 'marina13s04911@alexu.edu.eg', 'الخريجين');
INSERT INTO `lk9v6_alumni_main` (`id`, `user_id`, `approved`) VALUES (167767, 167767, 1);
INSERT INTO `lk9v6_alumni_data` (`alumni_id`, `graduation_year`, `fid`, `job`, `address`, `city`, `country`, `phone`, `gid`, `mobile`, `nationalnumber`, `department`, `division`, `with_honor`) VALUES (167767, 2015, '1', '', '', '', '', '5336968', '3', '01280517655', '', 'الكيمياء', 'العلوم البيولوجية', '');
INSERT INTO `lk9v6_users` (`name`, `email`, `usertype`) VALUES ('منى فوزى محمد عويضه', 'mona13s05182@alexu.edu.eg', 'الخريجين');
INSERT INTO `lk9v6_alumni_main` (`id`, `user_id`, `approved`) VALUES (167768, 167768, 1);
INSERT INTO `lk9v6_alumni_data` (`alumni_id`, `graduation_year`, `fid`, `job`, `address`, `city`, `country`, `phone`, `gid`, `mobile`, `nationalnumber`, `department`, `division`, `with_honor`) VALUES (167768, 2015, '1', '', '', '', '', '0453319994', '3', '0197732388', '', 'الكيمياء', 'العلوم البيولوجية', '');
INSERT INTO `lk9v6_users` (`name`, `email`, `usertype`) VALUES ('اسلام سمير السيد ابراهيم الديب', 'islam13s05541@alexu.edu.eg', 'الخريجين');
INSERT INTO `lk9v6_alumni_main` (`id`, `user_id`, `approved`) VALUES (167769, 167769, 1);
INSERT INTO `lk9v6_alumni_data` (`alumni_id`, `graduation_year`, `fid`, `job`, `address`, `city`, `country`, `phone`, `gid`, `mobile`, `nationalnumber`, `department`, `division`, `with_honor`) VALUES (167769, 2015, '1', '', '', '', '', '0473212397', '3', '01003810018', '', 'الكيمياء', 'العلوم البيولوجية', '');
INSERT INTO `lk9v6_users` (`name`, `email`, `usertype`) VALUES ('فاطمة عادل محمود عبد الكريم', 'fatma13s01812@alexu.edu.eg', 'الخريجين');
INSERT INTO `lk9v6_alumni_main` (`id`, `user_id`, `approved`) VALUES (167770, 167770, 1);
INSERT INTO `lk9v6_alumni_data` (`alumni_id`, `graduation_year`, `fid`, `job`, `address`, `city`, `country`, `phone`, `gid`, `mobile`, `nationalnumber`, `department`, `division`, `with_honor`) VALUES (167770, 2014, '1', '', '', '', '', '035768254', '2', '01128453804', '', 'علم الحيوان', 'العلوم البيولوجية', '');
INSERT INTO `lk9v6_users` (`name`, `email`, `usertype`) VALUES ('محمد اشرف محمد مصطفى', 'mohamed13s05722@alexu.edu.eg', 'الخريجين');
INSERT INTO `lk9v6_alumni_main` (`id`, `user_id`, `approved`) VALUES (167771, 167771, 1);
INSERT INTO `lk9v6_alumni_data` (`alumni_id`, `graduation_year`, `fid`, `job`, `address`, `city`, `country`, `phone`, `gid`, `mobile`, `nationalnumber`, `department`, `division`, `with_honor`) VALUES (167771, 2015, '1', '', '', '', '', '035353206', '5', '01003818389', '', 'الكيمياء الحيوية', 'العلوم البيولوجية', '');
INSERT INTO `lk9v6_users` (`name`, `email`, `usertype`) VALUES ('فاطمه على احمد امين', 'fatma13s05752@alexu.edu.eg', 'الخريجين');
INSERT INTO `lk9v6_alumni_main` (`id`, `user_id`, `approved`) VALUES (167772, 167772, 1);
INSERT INTO `lk9v6_alumni_data` (`alumni_id`, `graduation_year`, `fid`, `job`, `address`, `city`, `country`, `phone`, `gid`, `mobile`, `nationalnumber`, `department`, `division`, `with_honor`) VALUES (167772, 2015, '1', '', '', '', '', '3309785', '5', '01024640370', '', 'علم الحيوان', 'العلوم البيولوجية', '');
INSERT INTO `lk9v6_users` (`name`, `email`, `usertype`) VALUES ('ساره محمود محمد عبد الله حسين عثمان', 'sara13s05363@alexu.edu.eg', 'الخريجين');
INSERT INTO `lk9v6_alumni_main` (`id`, `user_id`, `approved`) VALUES (167773, 167773, 1);
INSERT INTO `lk9v6_alumni_data` (`alumni_id`, `graduation_year`, `fid`, `job`, `address`, `city`, `country`, `phone`, `gid`, `mobile`, `nationalnumber`, `department`, `division`, `with_honor`) VALUES (167773, 2015, '1', '', '', '', '', '5734656', '5', '01008157254', '', 'الكيمياء', 'العلوم البيولوجية', '');
INSERT INTO `lk9v6_users` (`name`, `email`, `usertype`) VALUES ('منال عبدالفتاح محمد عبدالرحمن', 'manal13s05156@alexu.edu.eg', 'الخريجين');
INSERT INTO `lk9v6_alumni_main` (`id`, `user_id`, `approved`) VALUES (167774, 167774, 1);
INSERT INTO `lk9v6_alumni_data` (`alumni_id`, `graduation_year`, `fid`, `job`, `address`, `city`, `country`, `phone`, `gid`, `mobile`, `nationalnumber`, `department`, `division`, `with_honor`) VALUES (167774, 2015, '1', '', '', '', '', '4879376', '5', '01091181664', '', 'الكيمياء الحيوية', 'العلوم البيولوجية', '');
INSERT INTO `lk9v6_users` (`name`, `email`, `usertype`) VALUES ('مى حسن على حسن درويش', 'mai13s05804@alexu.edu.eg', 'الخريجين');
INSERT INTO `lk9v6_alumni_main` (`id`, `user_id`, `approved`) VALUES (167775, 167775, 1);
INSERT INTO `lk9v6_alumni_data` (`alumni_id`, `graduation_year`, `fid`, `job`, `address`, `city`, `country`, `phone`, `gid`, `mobile`, `nationalnumber`, `department`, `division`, `with_honor`) VALUES (167775, 2015, '1', '', '', '', '', '035933840', '5', '01223628762', '', 'الكيمياء الحيوية', 'العلوم البيولوجية', '');
INSERT INTO `lk9v6_users` (`name`, `email`, `usertype`) VALUES ('وئام محمد عبدالحى فرج الله', 'weam13s05360@alexu.edu.eg', 'الخريجين');
INSERT INTO `lk9v6_alumni_main` (`id`, `user_id`, `approved`) VALUES (167776, 167776, 1);
INSERT INTO `lk9v6_alumni_data` (`alumni_id`, `graduation_year`, `fid`, `job`, `address`, `city`, `country`, `phone`, `gid`, `mobile`, `nationalnumber`, `department`, `division`, `with_honor`) VALUES (167776, 2015, '1', '', '', '', '', '0473295026', '5', '01009551681', '', 'الكيمياء', 'العلوم البيولوجية', '');
INSERT INTO `lk9v6_users` (`name`, `email`, `usertype`) VALUES ('ايه محمود محمد محمود على', 'aya13s05088@alexu.edu.eg', 'الخريجين');
INSERT INTO `lk9v6_alumni_main` (`id`, `user_id`, `approved`) VALUES (167777, 167777, 1);
INSERT INTO `lk9v6_alumni_data` (`alumni_id`, `graduation_year`, `fid`, `job`, `address`, `city`, `country`, `phone`, `gid`, `mobile`, `nationalnumber`, `department`, `division`, `with_honor`) VALUES (167777, 2015, '1', '', '', '', '', '035485254', '5', '01284488656', '', 'الكيمياء', 'العلوم البيولوجية', '');
INSERT INTO `lk9v6_users` (`name`, `email`, `usertype`) VALUES ('ايه احمد احمد عامر عبدالرحمن', 'aya13s05714@alexu.edu.eg', 'الخريجين');
INSERT INTO `lk9v6_alumni_main` (`id`, `user_id`, `approved`) VALUES (167778, 167778, 1);
INSERT INTO `lk9v6_alumni_data` (`alumni_id`, `graduation_year`, `fid`, `job`, `address`, `city`, `country`, `phone`, `gid`, `mobile`, `nationalnumber`, `department`, `division`, `with_honor`) VALUES (167778, 2015, '1', '', '', '', '', '5540478', '5', '01272776266', '', 'الكيمياء', 'العلوم البيولوجية', '');
INSERT INTO `lk9v6_users` (`name`, `email`, `usertype`) VALUES ('اسماء محمد سعيد على', 'asmaa13s05521@alexu.edu.eg', 'الخريجين');
INSERT INTO `lk9v6_alumni_main` (`id`, `user_id`, `approved`) VALUES (167779, 167779, 1);
INSERT INTO `lk9v6_alumni_data` (`alumni_id`, `graduation_year`, `fid`, `job`, `address`, `city`, `country`, `phone`, `gid`, `mobile`, `nationalnumber`, `department`, `division`, `with_honor`) VALUES (167779, 2015, '1', '', '', '', '', '035279508', '4', '01122090254', '', 'الكيمياء', 'العلوم البيولوجية', '');
INSERT INTO `lk9v6_users` (`name`, `email`, `usertype`) VALUES ('رحمه كمال محمد ابراهيم', 'rahma13s05266@alexu.edu.eg', 'الخريجين');
INSERT INTO `lk9v6_alumni_main` (`id`, `user_id`, `approved`) VALUES (167780, 167780, 1);
INSERT INTO `lk9v6_alumni_data` (`alumni_id`, `graduation_year`, `fid`, `job`, `address`, `city`, `country`, `phone`, `gid`, `mobile`, `nationalnumber`, `department`, `division`, `with_honor`) VALUES (167780, 2015, '1', '', '', '', '', '035755584', '4', '01289863612', '', 'الكيمياء', 'العلوم البيولوجية', '');
INSERT INTO `lk9v6_users` (`name`, `email`, `usertype`) VALUES ('ساره السيد احمد السيد بدار', 'sara13s05772@alexu.edu.eg', 'الخريجين');
INSERT INTO `lk9v6_alumni_main` (`id`, `user_id`, `approved`) VALUES (167781, 167781, 1);
INSERT INTO `lk9v6_alumni_data` (`alumni_id`, `graduation_year`, `fid`, `job`, `address`, `city`, `country`, `phone`, `gid`, `mobile`, `nationalnumber`, `department`, `division`, `with_honor`) VALUES (167781, 2015, '1', '', '', '', '', '5600809', '4', '0181322169', '', 'الكيمياء', 'العلوم البيولوجية', '');
INSERT INTO `lk9v6_users` (`name`, `email`, `usertype`) VALUES ('ساندى نبيل نظير معوض', 'sandy13s06124@alexu.edu.eg', 'الخريجين');
INSERT INTO `lk9v6_alumni_main` (`id`, `user_id`, `approved`) VALUES (167782, 167782, 1);
INSERT INTO `lk9v6_alumni_data` (`alumni_id`, `graduation_year`, `fid`, `job`, `address`, `city`, `country`, `phone`, `gid`, `mobile`, `nationalnumber`, `department`, `division`, `with_honor`) VALUES (167782, 2015, '1', '', '', '', '', '01277235184', '4', '01221570441', '', 'الكيمياء', 'العلوم البيولوجية', '');
INSERT INTO `lk9v6_users` (`name`, `email`, `usertype`) VALUES ('سميه جلال سعد عبدالحميد ندا', 'somaya13s04840@alexu.edu.eg', 'الخريجين');
INSERT INTO `lk9v6_alumni_main` (`id`, `user_id`, `approved`) VALUES (167783, 167783, 1);
INSERT INTO `lk9v6_alumni_data` (`alumni_id`, `graduation_year`, `fid`, `job`, `address`, `city`, `country`, `phone`, `gid`, `mobile`, `nationalnumber`, `department`, `division`, `with_honor`) VALUES (167783, 2015, '1', '', '', '', '', '5037167', '4', '01065733355', '', 'الكيمياء', 'العلوم البيولوجية', '');
INSERT INTO `lk9v6_users` (`name`, `email`, `usertype`) VALUES ('عطيات عبدالعزيز عبدالنبى عبدالقوى', 'atiat13s05529@alexu.edu.eg', 'الخريجين');
INSERT INTO `lk9v6_alumni_main` (`id`, `user_id`, `approved`) VALUES (167784, 167784, 1);
INSERT INTO `lk9v6_alumni_data` (`alumni_id`, `graduation_year`, `fid`, `job`, `address`, `city`, `country`, `phone`, `gid`, `mobile`, `nationalnumber`, `department`, `division`, `with_honor`) VALUES (167784, 2015, '1', '', '', '', '', '0453319618', '4', '01019760255', '', 'الكيمياء', 'العلوم البيولوجية', '');
INSERT INTO `lk9v6_users` (`name`, `email`, `usertype`) VALUES ('محمد احمد عبده محمد اللبان', 'mohamed13s05538@alexu.edu.eg', 'الخريجين');
INSERT INTO `lk9v6_alumni_main` (`id`, `user_id`, `approved`) VALUES (167785, 167785, 1);
INSERT INTO `lk9v6_alumni_data` (`alumni_id`, `graduation_year`, `fid`, `job`, `address`, `city`, `country`, `phone`, `gid`, `mobile`, `nationalnumber`, `department`, `division`, `with_honor`) VALUES (167785, 2015, '1', '', '', '', '', '035931412', '4', '01271692163', '', 'الكيمياء', 'العلوم البيولوجية', '');
INSERT INTO `lk9v6_users` (`name`, `email`, `usertype`) VALUES ('محمود احمد على احمد', 'mahmoud13s03999@alexu.edu.eg', 'الخريجين');
INSERT INTO `lk9v6_alumni_main` (`id`, `user_id`, `approved`) VALUES (167786, 167786, 1);
INSERT INTO `lk9v6_alumni_data` (`alumni_id`, `graduation_year`, `fid`, `job`, `address`, `city`, `country`, `phone`, `gid`, `mobile`, `nationalnumber`, `department`, `division`, `with_honor`) VALUES (167786, 2015, '1', '', '', '', '', '5375542', '4', '01212067839', '', 'الكيمياء', 'العلوم البيولوجية', '');
INSERT INTO `lk9v6_users` (`name`, `email`, `usertype`) VALUES ('مى عادل محمد محمد موسى', 'mai13s06154@alexu.edu.eg', 'الخريجين');
INSERT INTO `lk9v6_alumni_main` (`id`, `user_id`, `approved`) VALUES (167787, 167787, 1);
INSERT INTO `lk9v6_alumni_data` (`alumni_id`, `graduation_year`, `fid`, `job`, `address`, `city`, `country`, `phone`, `gid`, `mobile`, `nationalnumber`, `department`, `division`, `with_honor`) VALUES (167787, 2015, '1', '', '', '', '', '035509453', '4', '01005314846', '', 'علم الحيوان', 'العلوم البيولوجية', '');
INSERT INTO `lk9v6_users` (`name`, `email`, `usertype`) VALUES ('نانسى محمد احمد محمد على', 'nancy13s06273@alexu.edu.eg', 'الخريجين');
INSERT INTO `lk9v6_alumni_main` (`id`, `user_id`, `approved`) VALUES (167788, 167788, 1);
INSERT INTO `lk9v6_alumni_data` (`alumni_id`, `graduation_year`, `fid`, `job`, `address`, `city`, `country`, `phone`, `gid`, `mobile`, `nationalnumber`, `department`, `division`, `with_honor`) VALUES (167788, 2015, '1', '', '', '', '', '034272884', '4', '01008656476', '', 'الكيمياء', 'العلوم البيولوجية', '');
INSERT INTO `lk9v6_users` (`name`, `email`, `usertype`) VALUES ('نسمه حسن احمد حسين جعفور', 'nesma13s05261@alexu.edu.eg', 'الخريجين');
INSERT INTO `lk9v6_alumni_main` (`id`, `user_id`, `approved`) VALUES (167789, 167789, 1);
INSERT INTO `lk9v6_alumni_data` (`alumni_id`, `graduation_year`, `fid`, `job`, `address`, `city`, `country`, `phone`, `gid`, `mobile`, `nationalnumber`, `department`, `division`, `with_honor`) VALUES (167789, 2015, '1', '', '', '', '', '3321577', '4', '01115379623', '', 'الكيمياء', 'العلوم البيولوجية', '');
INSERT INTO `lk9v6_users` (`name`, `email`, `usertype`) VALUES ('نعمة محمود صالح محمود ', 'nema13s06687@alexu.edu.eg', 'الخريجين');
INSERT INTO `lk9v6_alumni_main` (`id`, `user_id`, `approved`) VALUES (167790, 167790, 1);
INSERT INTO `lk9v6_alumni_data` (`alumni_id`, `graduation_year`, `fid`, `job`, `address`, `city`, `country`, `phone`, `gid`, `mobile`, `nationalnumber`, `department`, `division`, `with_honor`) VALUES (167790, 2015, '1', '', '', '', '', '034393808', '4', '01093750691', '', 'الكيمياء', 'العلوم البيولوجية', '');
INSERT INTO `lk9v6_users` (`name`, `email`, `usertype`) VALUES ('نعمه مساعد مختار ابو بكر', 'nema13s04818@alexu.edu.eg', 'الخريجين');
INSERT INTO `lk9v6_alumni_main` (`id`, `user_id`, `approved`) VALUES (167791, 167791, 1);
INSERT INTO `lk9v6_alumni_data` (`alumni_id`, `graduation_year`, `fid`, `job`, `address`, `city`, `country`, `phone`, `gid`, `mobile`, `nationalnumber`, `department`, `division`, `with_honor`) VALUES (167791, 2015, '1', '', '', '', '', '033831055', '4', '01005158725', '', 'الكيمياء', 'العلوم البيولوجية', '');
INSERT INTO `lk9v6_users` (`name`, `email`, `usertype`) VALUES ('هدير محمد مصطفى احمد', 'hadeer13s05108@alexu.edu.eg', 'الخريجين');
INSERT INTO `lk9v6_alumni_main` (`id`, `user_id`, `approved`) VALUES (167792, 167792, 1);
INSERT INTO `lk9v6_alumni_data` (`alumni_id`, `graduation_year`, `fid`, `job`, `address`, `city`, `country`, `phone`, `gid`, `mobile`, `nationalnumber`, `department`, `division`, `with_honor`) VALUES (167792, 2015, '1', '', '', '', '', '035262166', '4', '01149704447', '', 'الكيمياء', 'العلوم البيولوجية', '');
INSERT INTO `lk9v6_users` (`name`, `email`, `usertype`) VALUES ('هشام عبد القادر ابراهيم محمد', 'hesham13s03953@alexu.edu.eg', 'الخريجين');
INSERT INTO `lk9v6_alumni_main` (`id`, `user_id`, `approved`) VALUES (167793, 167793, 1);
INSERT INTO `lk9v6_alumni_data` (`alumni_id`, `graduation_year`, `fid`, `job`, `address`, `city`, `country`, `phone`, `gid`, `mobile`, `nationalnumber`, `department`, `division`, `with_honor`) VALUES (167793, 2015, '1', '', '', '', '', '033624309', '4', '01212510520', '', 'الكيمياء', 'العلوم البيولوجية', '');
INSERT INTO `lk9v6_users` (`name`, `email`, `usertype`) VALUES ('احمد ناصر عبدالجواد محمد', 'ahmed13s05356@alexu.edu.eg', 'الخريجين');
INSERT INTO `lk9v6_alumni_main` (`id`, `user_id`, `approved`) VALUES (167794, 167794, 1);
INSERT INTO `lk9v6_alumni_data` (`alumni_id`, `graduation_year`, `fid`, `job`, `address`, `city`, `country`, `phone`, `gid`, `mobile`, `nationalnumber`, `department`, `division`, `with_honor`) VALUES (167794, 2015, '1', '', '', '', '', '035274769', '3', '01205755175', '', 'الكيمياء', 'العلوم البيولوجية', '');
INSERT INTO `lk9v6_users` (`name`, `email`, `usertype`) VALUES ('ندى عبدالله خضر عبداللطيف', 'nada13s05573@alexu.edu.eg', 'الخريجين');
INSERT INTO `lk9v6_alumni_main` (`id`, `user_id`, `approved`) VALUES (167795, 167795, 1);
INSERT INTO `lk9v6_alumni_data` (`alumni_id`, `graduation_year`, `fid`, `job`, `address`, `city`, `country`, `phone`, `gid`, `mobile`, `nationalnumber`, `department`, `division`, `with_honor`) VALUES (167795, 2015, '1', '', '', '', '', '033831055', '3', '01223438368', '', 'الكيمياء', 'العلوم البيولوجية', '');
INSERT INTO `lk9v6_users` (`name`, `email`, `usertype`) VALUES ('الاء احمد السيد حسان الشيمى', 'alaa13s05724@alexu.edu.eg', 'الخريجين');
INSERT INTO `lk9v6_alumni_main` (`id`, `user_id`, `approved`) VALUES (167796, 167796, 1);
INSERT INTO `lk9v6_alumni_data` (`alumni_id`, `graduation_year`, `fid`, `job`, `address`, `city`, `country`, `phone`, `gid`, `mobile`, `nationalnumber`, `department`, `division`, `with_honor`) VALUES (167796, 2015, '1', '', '', '', '', '033923875', '3', '01205077502', '', 'الكيمياء', 'العلوم البيولوجية', '');
INSERT INTO `lk9v6_users` (`name`, `email`, `usertype`) VALUES ('يسرا مصطفى محمود مصطفى', 'yossra13s06183@alexu.edu.eg', 'الخريجين');
INSERT INTO `lk9v6_alumni_main` (`id`, `user_id`, `approved`) VALUES (167797, 167797, 1);
INSERT INTO `lk9v6_alumni_data` (`alumni_id`, `graduation_year`, `fid`, `job`, `address`, `city`, `country`, `phone`, `gid`, `mobile`, `nationalnumber`, `department`, `division`, `with_honor`) VALUES (167797, 2015, '1', '', '', '', '', '033583112', '3', '0149744457', '', 'الكيمياء', 'العلوم البيولوجية', '');
INSERT INTO `lk9v6_users` (`name`, `email`, `usertype`) VALUES ('محمود محمد السعيد محمود بدر', 'mahmoud13s04934@alexu.edu.eg', 'الخريجين');
INSERT INTO `lk9v6_alumni_main` (`id`, `user_id`, `approved`) VALUES (167798, 167798, 1);
INSERT INTO `lk9v6_alumni_data` (`alumni_id`, `graduation_year`, `fid`, `job`, `address`, `city`, `country`, `phone`, `gid`, `mobile`, `nationalnumber`, `department`, `division`, `with_honor`) VALUES (167798, 2015, '1', '', '', '', '', '2240949', '3', '0199421073', '', 'الكيمياء', 'العلوم البيولوجية', '');
INSERT INTO `lk9v6_users` (`name`, `email`, `usertype`) VALUES ('رقيه محمود اسماعيل محمد زيد', 'rokaia13s06370@alexu.edu.eg', 'الخريجين');
INSERT INTO `lk9v6_alumni_main` (`id`, `user_id`, `approved`) VALUES (167799, 167799, 1);
INSERT INTO `lk9v6_alumni_data` (`alumni_id`, `graduation_year`, `fid`, `job`, `address`, `city`, `country`, `phone`, `gid`, `mobile`, `nationalnumber`, `department`, `division`, `with_honor`) VALUES (167799, 2015, '1', '', '', '', '', '33309295', '3', '01204521065', '', 'الكيمياء', 'العلوم البيولوجية', '');
INSERT INTO `lk9v6_users` (`name`, `email`, `usertype`) VALUES ('سمير حسن محمد محمود الكومى', 'samir13s05691@alexu.edu.eg', 'الخريجين');
INSERT INTO `lk9v6_alumni_main` (`id`, `user_id`, `approved`) VALUES (167800, 167800, 1);
INSERT INTO `lk9v6_alumni_data` (`alumni_id`, `graduation_year`, `fid`, `job`, `address`, `city`, `country`, `phone`, `gid`, `mobile`, `nationalnumber`, `department`, `division`, `with_honor`) VALUES (167800, 2015, '1', '', '', '', '', '4447919', '3', '01223069935', '', 'الكيمياء', 'العلوم البيولوجية', '');
INSERT INTO `lk9v6_users` (`name`, `email`, `usertype`) VALUES ('مريم ظريف ويصا مجلع عبدالملاك', 'mariem13s04865@alexu.edu.eg', 'الخريجين');
INSERT INTO `lk9v6_alumni_main` (`id`, `user_id`, `approved`) VALUES (167801, 167801, 1);
INSERT INTO `lk9v6_alumni_data` (`alumni_id`, `graduation_year`, `fid`, `job`, `address`, `city`, `country`, `phone`, `gid`, `mobile`, `nationalnumber`, `department`, `division`, `with_honor`) VALUES (167801, 2015, '1', '', '', '', '', '3607029', '3', '0187680408', '', 'الكيمياء', 'العلوم البيولوجية', '');
INSERT INTO `lk9v6_users` (`name`, `email`, `usertype`) VALUES ('نورهان احمد محمد رفاعى', 'nourhan13s05835@alexu.edu.eg', 'الخريجين');
INSERT INTO `lk9v6_alumni_main` (`id`, `user_id`, `approved`) VALUES (167802, 167802, 1);
INSERT INTO `lk9v6_alumni_data` (`alumni_id`, `graduation_year`, `fid`, `job`, `address`, `city`, `country`, `phone`, `gid`, `mobile`, `nationalnumber`, `department`, `division`, `with_honor`) VALUES (167802, 2015, '1', '', '', '', '', '0453344713', '3', '0196970118', '', 'الكيمياء', 'العلوم البيولوجية', '');
INSERT INTO `lk9v6_users` (`name`, `email`, `usertype`) VALUES ('نهى عزت مصطفى ابراهيم العامرى', 'noha13s06896@alexu.edu.eg', 'الخريجين');
INSERT INTO `lk9v6_alumni_main` (`id`, `user_id`, `approved`) VALUES (167803, 167803, 1);
INSERT INTO `lk9v6_alumni_data` (`alumni_id`, `graduation_year`, `fid`, `job`, `address`, `city`, `country`, `phone`, `gid`, `mobile`, `nationalnumber`, `department`, `division`, `with_honor`) VALUES (167803, 2015, '1', '', '', '', '', '033570328', '3', '01110369080', '', 'الكيمياء', 'العلوم البيولوجية', '');
INSERT INTO `lk9v6_users` (`name`, `email`, `usertype`) VALUES ('اسراء احمد مرسى حسين', 'esraa13s06329@alexu.edu.eg', 'الخريجين');
INSERT INTO `lk9v6_alumni_main` (`id`, `user_id`, `approved`) VALUES (167804, 167804, 1);
INSERT INTO `lk9v6_alumni_data` (`alumni_id`, `graduation_year`, `fid`, `job`, `address`, `city`, `country`, `phone`, `gid`, `mobile`, `nationalnumber`, `department`, `division`, `with_honor`) VALUES (167804, 2015, '1', '', '', '', '', '035617189', '3', '01290327080', '', 'الكيمياء', 'العلوم البيولوجية', '');
INSERT INTO `lk9v6_users` (`name`, `email`, `usertype`) VALUES ('ساره محمد شحاته العتر', 'sara13s05342@alexu.edu.eg', 'الخريجين');
INSERT INTO `lk9v6_alumni_main` (`id`, `user_id`, `approved`) VALUES (167805, 167805, 1);
INSERT INTO `lk9v6_alumni_data` (`alumni_id`, `graduation_year`, `fid`, `job`, `address`, `city`, `country`, `phone`, `gid`, `mobile`, `nationalnumber`, `department`, `division`, `with_honor`) VALUES (167805, 2015, '1', '', '', '', '', '0459560247', '3', '01141896726', '', 'الكيمياء', 'العلوم البيولوجية', '');
INSERT INTO `lk9v6_users` (`name`, `email`, `usertype`) VALUES ('ايمان حمدى احمد محمد حسنين', 'eman13s05763@alexu.edu.eg', 'الخريجين');
INSERT INTO `lk9v6_alumni_main` (`id`, `user_id`, `approved`) VALUES (167806, 167806, 1);
INSERT INTO `lk9v6_alumni_data` (`alumni_id`, `graduation_year`, `fid`, `job`, `address`, `city`, `country`, `phone`, `gid`, `mobile`, `nationalnumber`, `department`, `division`, `with_honor`) VALUES (167806, 2015, '1', '', '', '', '', '3311260', '3', '01014712869', '', 'الكيمياء', 'العلوم البيولوجية', '');
INSERT INTO `lk9v6_users` (`name`, `email`, `usertype`) VALUES ('شيماء عبد الفتاح امين عبد الرحمن', 'shaimaa13s05241@alexu.edu.eg', 'الخريجين');
INSERT INTO `lk9v6_alumni_main` (`id`, `user_id`, `approved`) VALUES (167807, 167807, 1);
INSERT INTO `lk9v6_alumni_data` (`alumni_id`, `graduation_year`, `fid`, `job`, `address`, `city`, `country`, `phone`, `gid`, `mobile`, `nationalnumber`, `department`, `division`, `with_honor`) VALUES (167807, 2015, '1', '', '', '', '', '034364865', '3', '0188686451', '', 'الكيمياء', 'العلوم البيولوجية', '');
INSERT INTO `lk9v6_users` (`name`, `email`, `usertype`) VALUES ('مروه عبدالكريم احمد عبدالكريم', 'marwa13s05502@alexu.edu.eg', 'الخريجين');
INSERT INTO `lk9v6_alumni_main` (`id`, `user_id`, `approved`) VALUES (167808, 167808, 1);
INSERT INTO `lk9v6_alumni_data` (`alumni_id`, `graduation_year`, `fid`, `job`, `address`, `city`, `country`, `phone`, `gid`, `mobile`, `nationalnumber`, `department`, `division`, `with_honor`) VALUES (167808, 2015, '1', '', '', '', '', '5004486', '3', '0120546486', '', 'الكيمياء', 'العلوم البيولوجية', '');
INSERT INTO `lk9v6_users` (`name`, `email`, `usertype`) VALUES ('مروه مسعد احمد حموده', 'marwa13s03410@alexu.edu.eg', 'الخريجين');
INSERT INTO `lk9v6_alumni_main` (`id`, `user_id`, `approved`) VALUES (167809, 167809, 1);
INSERT INTO `lk9v6_alumni_data` (`alumni_id`, `graduation_year`, `fid`, `job`, `address`, `city`, `country`, `phone`, `gid`, `mobile`, `nationalnumber`, `department`, `division`, `with_honor`) VALUES (167809, 2015, '1', '', '', '', '', '0453353963', '3', '01092765162', '', 'الكيمياء', 'العلوم البيولوجية', '');
INSERT INTO `lk9v6_users` (`name`, `email`, `usertype`) VALUES ('تهانى محمد خميس محمد عيسى', 'tahany13s05597@alexu.edu.eg', 'الخريجين');
INSERT INTO `lk9v6_alumni_main` (`id`, `user_id`, `approved`) VALUES (167810, 167810, 1);
INSERT INTO `lk9v6_alumni_data` (`alumni_id`, `graduation_year`, `fid`, `job`, `address`, `city`, `country`, `phone`, `gid`, `mobile`, `nationalnumber`, `department`, `division`, `with_honor`) VALUES (167810, 2015, '1', '', '', '', '', '5611862', '3', '01228971049', '', 'الكيمياء', 'العلوم البيولوجية', '');
INSERT INTO `lk9v6_users` (`name`, `email`, `usertype`) VALUES ('روضه محمد عبدالحميد محمد عمرو', 'rawda13s05131@alexu.edu.eg', 'الخريجين');
INSERT INTO `lk9v6_alumni_main` (`id`, `user_id`, `approved`) VALUES (167811, 167811, 1);
INSERT INTO `lk9v6_alumni_data` (`alumni_id`, `graduation_year`, `fid`, `job`, `address`, `city`, `country`, `phone`, `gid`, `mobile`, `nationalnumber`, `department`, `division`, `with_honor`) VALUES (167811, 2015, '1', '', '', '', '', '0452219105', '3', '0189630700', '', 'الكيمياء', 'العلوم البيولوجية', '');
INSERT INTO `lk9v6_users` (`name`, `email`, `usertype`) VALUES ('اميره ابراهيم طه بدر', 'amira13s06538@alexu.edu.eg', 'الخريجين');
INSERT INTO `lk9v6_alumni_main` (`id`, `user_id`, `approved`) VALUES (167812, 167812, 1);
INSERT INTO `lk9v6_alumni_data` (`alumni_id`, `graduation_year`, `fid`, `job`, `address`, `city`, `country`, `phone`, `gid`, `mobile`, `nationalnumber`, `department`, `division`, `with_honor`) VALUES (167812, 2015, '1', '', '', '', '', '0126871799', '3', '0122458762', '', 'الكيمياء', 'العلوم البيولوجية', '');
INSERT INTO `lk9v6_users` (`name`, `email`, `usertype`) VALUES ('ايمان حسن فوزى محمد', 'eman13s01564@alexu.edu.eg', 'الخريجين');
INSERT INTO `lk9v6_alumni_main` (`id`, `user_id`, `approved`) VALUES (167813, 167813, 1);
INSERT INTO `lk9v6_alumni_data` (`alumni_id`, `graduation_year`, `fid`, `job`, `address`, `city`, `country`, `phone`, `gid`, `mobile`, `nationalnumber`, `department`, `division`, `with_honor`) VALUES (167813, 2015, '1', '', '', '', '', '4706331', '3', '01142808368', '', 'علم الحيوان', 'العلوم البيولوجية', '');
INSERT INTO `lk9v6_users` (`name`, `email`, `usertype`) VALUES ('نهاد احمد امين عرفه', 'nihad13s06063@alexu.edu.eg', 'الخريجين');
INSERT INTO `lk9v6_alumni_main` (`id`, `user_id`, `approved`) VALUES (167814, 167814, 1);
INSERT INTO `lk9v6_alumni_data` (`alumni_id`, `graduation_year`, `fid`, `job`, `address`, `city`, `country`, `phone`, `gid`, `mobile`, `nationalnumber`, `department`, `division`, `with_honor`) VALUES (167814, 2015, '1', '', '', '', '', '5754448', '3', '01140680847', '', 'الكيمياء', 'العلوم البيولوجية', '');
INSERT INTO `lk9v6_users` (`name`, `email`, `usertype`) VALUES ('هدير ممدوح محمد ياقوت', 'hadeer13s06324@alexu.edu.eg', 'الخريجين');
INSERT INTO `lk9v6_alumni_main` (`id`, `user_id`, `approved`) VALUES (167815, 167815, 1);
INSERT INTO `lk9v6_alumni_data` (`alumni_id`, `graduation_year`, `fid`, `job`, `address`, `city`, `country`, `phone`, `gid`, `mobile`, `nationalnumber`, `department`, `division`, `with_honor`) VALUES (167815, 2015, '1', '', '', '', '', '5000299', '3', '01116048606', '', 'الكيمياء', 'العلوم البيولوجية', '');
INSERT INTO `lk9v6_users` (`name`, `email`, `usertype`) VALUES ('ريهام احمد محمد محمد عبد الوهاب', 'reham13s06159@alexu.edu.eg', 'الخريجين');
INSERT INTO `lk9v6_alumni_main` (`id`, `user_id`, `approved`) VALUES (167816, 167816, 1);
INSERT INTO `lk9v6_alumni_data` (`alumni_id`, `graduation_year`, `fid`, `job`, `address`, `city`, `country`, `phone`, `gid`, `mobile`, `nationalnumber`, `department`, `division`, `with_honor`) VALUES (167816, 2015, '1', '', '', '', '', '4420096', '3', '01222702137', '', 'الكيمياء', 'العلوم البيولوجية', '');
INSERT INTO `lk9v6_users` (`name`, `email`, `usertype`) VALUES ('رانيا جمال حلمى شحاته', 'rania13s05393@alexu.edu.eg', 'الخريجين');
INSERT INTO `lk9v6_alumni_main` (`id`, `user_id`, `approved`) VALUES (167817, 167817, 1);
INSERT INTO `lk9v6_alumni_data` (`alumni_id`, `graduation_year`, `fid`, `job`, `address`, `city`, `country`, `phone`, `gid`, `mobile`, `nationalnumber`, `department`, `division`, `with_honor`) VALUES (167817, 2015, '1', '', '', '', '', '034456268', '3', '01275514603', '', 'الكيمياء', 'العلوم البيولوجية', '');
INSERT INTO `lk9v6_users` (`name`, `email`, `usertype`) VALUES ('الاء فهمى جمال لاشين', 'alaa13s05407@alexu.edu.eg', 'الخريجين');
INSERT INTO `lk9v6_alumni_main` (`id`, `user_id`, `approved`) VALUES (167818, 167818, 1);
INSERT INTO `lk9v6_alumni_data` (`alumni_id`, `graduation_year`, `fid`, `job`, `address`, `city`, `country`, `phone`, `gid`, `mobile`, `nationalnumber`, `department`, `division`, `with_honor`) VALUES (167818, 2015, '1', '', '', '', '', '0472553045', '3', '01060063904', '', 'الكيمياء', 'العلوم البيولوجية', '');
INSERT INTO `lk9v6_users` (`name`, `email`, `usertype`) VALUES ('بسمه عصران محمد على ابوعسل', 'basma13s05677@alexu.edu.eg', 'الخريجين');
INSERT INTO `lk9v6_alumni_main` (`id`, `user_id`, `approved`) VALUES (167819, 167819, 1);
INSERT INTO `lk9v6_alumni_data` (`alumni_id`, `graduation_year`, `fid`, `job`, `address`, `city`, `country`, `phone`, `gid`, `mobile`, `nationalnumber`, `department`, `division`, `with_honor`) VALUES (167819, 2015, '1', '', '', '', '', '0453531658', '3', '01024907887', '', 'الكيمياء', 'العلوم البيولوجية', '');
INSERT INTO `lk9v6_users` (`name`, `email`, `usertype`) VALUES ('دينا ذو الكفل صالح محمد', 'dina13s04838@alexu.edu.eg', 'الخريجين');
INSERT INTO `lk9v6_alumni_main` (`id`, `user_id`, `approved`) VALUES (167820, 167820, 1);
INSERT INTO `lk9v6_alumni_data` (`alumni_id`, `graduation_year`, `fid`, `job`, `address`, `city`, `country`, `phone`, `gid`, `mobile`, `nationalnumber`, `department`, `division`, `with_honor`) VALUES (167820, 2015, '1', '', '', '', '', '035455440', '3', '01270956650', '', 'الكيمياء', 'العلوم البيولوجية', '');
INSERT INTO `lk9v6_users` (`name`, `email`, `usertype`) VALUES ('محمد مصطفى محمد احمد الفقى', 'mohamed13s05593@alexu.edu.eg', 'الخريجين');
INSERT INTO `lk9v6_alumni_main` (`id`, `user_id`, `approved`) VALUES (167821, 167821, 1);
INSERT INTO `lk9v6_alumni_data` (`alumni_id`, `graduation_year`, `fid`, `job`, `address`, `city`, `country`, `phone`, `gid`, `mobile`, `nationalnumber`, `department`, `division`, `with_honor`) VALUES (167821, 2015, '1', '', '', '', '', '034364865', '3', '01227645539', '', 'الكيمياء', 'العلوم البيولوجية', '');
INSERT INTO `lk9v6_users` (`name`, `email`, `usertype`) VALUES ('اميره نبيه عبدالجواد ابوريشه', 'amira13s05611@alexu.edu.eg', 'الخريجين');
INSERT INTO `lk9v6_alumni_main` (`id`, `user_id`, `approved`) VALUES (167822, 167822, 1);
INSERT INTO `lk9v6_alumni_data` (`alumni_id`, `graduation_year`, `fid`, `job`, `address`, `city`, `country`, `phone`, `gid`, `mobile`, `nationalnumber`, `department`, `division`, `with_honor`) VALUES (167822, 2015, '1', '', '', '', '', '0472972241', '3', '01068282035', '', 'الكيمياء', 'العلوم البيولوجية', '');
INSERT INTO `lk9v6_users` (`name`, `email`, `usertype`) VALUES ('نادر احمد السيد ابراهيم', 'nader13s05771@alexu.edu.eg', 'الخريجين');
INSERT INTO `lk9v6_alumni_main` (`id`, `user_id`, `approved`) VALUES (167823, 167823, 1);
INSERT INTO `lk9v6_alumni_data` (`alumni_id`, `graduation_year`, `fid`, `job`, `address`, `city`, `country`, `phone`, `gid`, `mobile`, `nationalnumber`, `department`, `division`, `with_honor`) VALUES (167823, 2015, '1', '', '', '', '', '002035507127', '3', '01141541441', '', 'الكيمياء', 'العلوم البيولوجية', '');
INSERT INTO `lk9v6_users` (`name`, `email`, `usertype`) VALUES ('يوليانه جورج غبريال جرجس', 'yoliana13s04884@alexu.edu.eg', 'الخريجين');
INSERT INTO `lk9v6_alumni_main` (`id`, `user_id`, `approved`) VALUES (167824, 167824, 1);
INSERT INTO `lk9v6_alumni_data` (`alumni_id`, `graduation_year`, `fid`, `job`, `address`, `city`, `country`, `phone`, `gid`, `mobile`, `nationalnumber`, `department`, `division`, `with_honor`) VALUES (167824, 2015, '1', '', '', '', '', '033911643', '3', '01286027507', '', 'علوم البحار العامة', 'العلوم البيولوجية', '');
INSERT INTO `lk9v6_users` (`name`, `email`, `usertype`) VALUES ('شيماء حسن عبدالله شحاته', 'shaimaa13s05515@alexu.edu.eg', 'الخريجين');
INSERT INTO `lk9v6_alumni_main` (`id`, `user_id`, `approved`) VALUES (167825, 167825, 1);
INSERT INTO `lk9v6_alumni_data` (`alumni_id`, `graduation_year`, `fid`, `job`, `address`, `city`, `country`, `phone`, `gid`, `mobile`, `nationalnumber`, `department`, `division`, `with_honor`) VALUES (167825, 2015, '1', '', '', '', '', '033924336', '3', '01024762343', '', 'الكيمياء', 'العلوم البيولوجية', '');
INSERT INTO `lk9v6_users` (`name`, `email`, `usertype`) VALUES ('مونيكا نبيل حماية نصر', 'monika13s06773@alexu.edu.eg', 'الخريجين');
INSERT INTO `lk9v6_alumni_main` (`id`, `user_id`, `approved`) VALUES (167826, 167826, 1);
INSERT INTO `lk9v6_alumni_data` (`alumni_id`, `graduation_year`, `fid`, `job`, `address`, `city`, `country`, `phone`, `gid`, `mobile`, `nationalnumber`, `department`, `division`, `with_honor`) VALUES (167826, 2015, '1', '', '', '', '', '035487894', '3', '0176631990', '', 'الكيمياء', 'العلوم البيولوجية', '');
INSERT INTO `lk9v6_users` (`name`, `email`, `usertype`) VALUES ('هبه الله عصام رشاد على احمد', 'heba13s05556@alexu.edu.eg', 'الخريجين');
INSERT INTO `lk9v6_alumni_main` (`id`, `user_id`, `approved`) VALUES (167827, 167827, 1);
INSERT INTO `lk9v6_alumni_data` (`alumni_id`, `graduation_year`, `fid`, `job`, `address`, `city`, `country`, `phone`, `gid`, `mobile`, `nationalnumber`, `department`, `division`, `with_honor`) VALUES (167827, 2015, '1', '', '', '', '', '5624811', '3', '01271518942', '', 'الكيمياء', 'العلوم البيولوجية', '');
INSERT INTO `lk9v6_users` (`name`, `email`, `usertype`) VALUES ('سلمى احمد محمد محمد', 'salma13s05395@alexu.edu.eg', 'الخريجين');
INSERT INTO `lk9v6_alumni_main` (`id`, `user_id`, `approved`) VALUES (167828, 167828, 1);
INSERT INTO `lk9v6_alumni_data` (`alumni_id`, `graduation_year`, `fid`, `job`, `address`, `city`, `country`, `phone`, `gid`, `mobile`, `nationalnumber`, `department`, `division`, `with_honor`) VALUES (167828, 2015, '1', '', '', '', '', '4246693', '3', '0162839588', '', 'الكيمياء', 'العلوم البيولوجية', '');
INSERT INTO `lk9v6_users` (`name`, `email`, `usertype`) VALUES ('دنيا وجدى ابراهيم عبدالواحد', 'donia13s05225@alexu.edu.eg', 'الخريجين');
INSERT INTO `lk9v6_alumni_main` (`id`, `user_id`, `approved`) VALUES (167829, 167829, 1);
INSERT INTO `lk9v6_alumni_data` (`alumni_id`, `graduation_year`, `fid`, `job`, `address`, `city`, `country`, `phone`, `gid`, `mobile`, `nationalnumber`, `department`, `division`, `with_honor`) VALUES (167829, 2015, '1', '', '', '', '', '035033282', '3', '01005735847', '', 'الكيمياء', 'العلوم البيولوجية', '');
INSERT INTO `lk9v6_users` (`name`, `email`, `usertype`) VALUES ('مروه الصافى ابراهيم محمد عطيه', 'marwa13s05237@alexu.edu.eg', 'الخريجين');
INSERT INTO `lk9v6_alumni_main` (`id`, `user_id`, `approved`) VALUES (167830, 167830, 1);
INSERT INTO `lk9v6_alumni_data` (`alumni_id`, `graduation_year`, `fid`, `job`, `address`, `city`, `country`, `phone`, `gid`, `mobile`, `nationalnumber`, `department`, `division`, `with_honor`) VALUES (167830, 2015, '1', '', '', '', '', '0452700931', '2', '01111361611', '', 'علم الحيوان', 'العلوم البيولوجية', '');
INSERT INTO `lk9v6_users` (`name`, `email`, `usertype`) VALUES ('سميه جمال انور مهنى', 'somaya13s03247@alexu.edu.eg', 'الخريجين');
INSERT INTO `lk9v6_alumni_main` (`id`, `user_id`, `approved`) VALUES (167831, 167831, 1);
INSERT INTO `lk9v6_alumni_data` (`alumni_id`, `graduation_year`, `fid`, `job`, `address`, `city`, `country`, `phone`, `gid`, `mobile`, `nationalnumber`, `department`, `division`, `with_honor`) VALUES (167831, 2015, '1', '', '', '', '', '034372816', '2', '01117287407', '', 'علم الحيوان', 'العلوم البيولوجية', '');
INSERT INTO `lk9v6_users` (`name`, `email`, `usertype`) VALUES ('نورهان جلال محمد ابراهيم جلال', 'nourhan13s05846@alexu.edu.eg', 'الخريجين');
INSERT INTO `lk9v6_alumni_main` (`id`, `user_id`, `approved`) VALUES (167832, 167832, 1);
INSERT INTO `lk9v6_alumni_data` (`alumni_id`, `graduation_year`, `fid`, `job`, `address`, `city`, `country`, `phone`, `gid`, `mobile`, `nationalnumber`, `department`, `division`, `with_honor`) VALUES (167832, 2015, '1', '', '', '', '', '4942455', '5', '01068569048', '', 'الكيمياء', 'العلوم البيولوجية', '');
INSERT INTO `lk9v6_users` (`name`, `email`, `usertype`) VALUES ('اسلام محمد توفيق اسماعيل الشامى', 'islam13s05734@alexu.edu.eg', 'الخريجين');
INSERT INTO `lk9v6_alumni_main` (`id`, `user_id`, `approved`) VALUES (167833, 167833, 1);
INSERT INTO `lk9v6_alumni_data` (`alumni_id`, `graduation_year`, `fid`, `job`, `address`, `city`, `country`, `phone`, `gid`, `mobile`, `nationalnumber`, `department`, `division`, `with_honor`) VALUES (167833, 2015, '1', '', '', '', '', '0473407463', '4', '01064485277', '', 'الكيمياء', 'العلوم البيولوجية', '');
INSERT INTO `lk9v6_users` (`name`, `email`, `usertype`) VALUES ('احمد عبدالمقصود عبدالرؤف احمد', 'ahmed13s05297@alexu.edu.eg', 'الخريجين');
INSERT INTO `lk9v6_alumni_main` (`id`, `user_id`, `approved`) VALUES (167834, 167834, 1);
INSERT INTO `lk9v6_alumni_data` (`alumni_id`, `graduation_year`, `fid`, `job`, `address`, `city`, `country`, `phone`, `gid`, `mobile`, `nationalnumber`, `department`, `division`, `with_honor`) VALUES (167834, 2015, '1', '', '', '', '', '0452270374', '3', '01274832787', '', 'الكيمياء', 'العلوم البيولوجية', '');
INSERT INTO `lk9v6_users` (`name`, `email`, `usertype`) VALUES ('هبه محمد احمد قنديل مصطفى', 'heba13s03951@alexu.edu.eg', 'الخريجين');
INSERT INTO `lk9v6_alumni_main` (`id`, `user_id`, `approved`) VALUES (167835, 167835, 1);
INSERT INTO `lk9v6_alumni_data` (`alumni_id`, `graduation_year`, `fid`, `job`, `address`, `city`, `country`, `phone`, `gid`, `mobile`, `nationalnumber`, `department`, `division`, `with_honor`) VALUES (167835, 2015, '1', '', '', '', '', '0162704342', '3', '01062704342', '', 'الكيمياء', 'العلوم البيولوجية', '');
INSERT INTO `lk9v6_users` (`name`, `email`, `usertype`) VALUES ('سارة عثمان عثمان سحلول', 'sara13s03201@alexu.edu.eg', 'الخريجين');
INSERT INTO `lk9v6_alumni_main` (`id`, `user_id`, `approved`) VALUES (167836, 167836, 1);
INSERT INTO `lk9v6_alumni_data` (`alumni_id`, `graduation_year`, `fid`, `job`, `address`, `city`, `country`, `phone`, `gid`, `mobile`, `nationalnumber`, `department`, `division`, `with_honor`) VALUES (167836, 2015, '1', '', '', '', '', '035559104', '2', '01140879819', '', 'الكيمياء', 'العلوم البيولوجية', '');
INSERT INTO `lk9v6_users` (`name`, `email`, `usertype`) VALUES ('ريهام محمد محمد عبده علام', 'reham13s01686@alexu.edu.eg', 'الخريجين');
INSERT INTO `lk9v6_alumni_main` (`id`, `user_id`, `approved`) VALUES (167837, 167837, 1);
INSERT INTO `lk9v6_alumni_data` (`alumni_id`, `graduation_year`, `fid`, `job`, `address`, `city`, `country`, `phone`, `gid`, `mobile`, `nationalnumber`, `department`, `division`, `with_honor`) VALUES (167837, 2015, '1', '', '', '', '', '0472710571', '3', '01148471662', '', 'الكيمياء', 'العلوم البيولوجية', '');
INSERT INTO `lk9v6_users` (`name`, `email`, `usertype`) VALUES ('امجد مجدى محمود محمد', 'amgad13s00452@alexu.edu.eg', 'الخريجين');
INSERT INTO `lk9v6_alumni_main` (`id`, `user_id`, `approved`) VALUES (167838, 167838, 1);
INSERT INTO `lk9v6_alumni_data` (`alumni_id`, `graduation_year`, `fid`, `job`, `address`, `city`, `country`, `phone`, `gid`, `mobile`, `nationalnumber`, `department`, `division`, `with_honor`) VALUES (167838, 2014, '1', '', '', '', '', '01022920452', '3', '01022920452', '', 'علوم البيئة', 'العلوم البيولوجية', '');
INSERT INTO `lk9v6_users` (`name`, `email`, `usertype`) VALUES ('ايمان محمد عبد الشفيع عبدالجيد', 'eman13s00471@alexu.edu.eg', 'الخريجين');
INSERT INTO `lk9v6_alumni_main` (`id`, `user_id`, `approved`) VALUES (167839, 167839, 1);
INSERT INTO `lk9v6_alumni_data` (`alumni_id`, `graduation_year`, `fid`, `job`, `address`, `city`, `country`, `phone`, `gid`, `mobile`, `nationalnumber`, `department`, `division`, `with_honor`) VALUES (167839, 2014, '1', '', '', '', '', '01284115490', '2', '0186460122', '', 'علوم البحار العامة', 'العلوم البيولوجية', '');
INSERT INTO `lk9v6_users` (`name`, `email`, `usertype`) VALUES ('رنا حسن عبد الحليم حسن', 'rana13s01667@alexu.edu.eg', 'الخريجين');
INSERT INTO `lk9v6_alumni_main` (`id`, `user_id`, `approved`) VALUES (167840, 167840, 1);
INSERT INTO `lk9v6_alumni_data` (`alumni_id`, `graduation_year`, `fid`, `job`, `address`, `city`, `country`, `phone`, `gid`, `mobile`, `nationalnumber`, `department`, `division`, `with_honor`) VALUES (167840, 2014, '1', '', '', '', '', '01099555157', '2', '01099555157', '', 'علوم البحار العامة', 'العلوم البيولوجية', '');
INSERT INTO `lk9v6_users` (`name`, `email`, `usertype`) VALUES ('اسلام احمد محمود محمد ', 'islam13s02142@alexu.edu.eg', 'الخريجين');
INSERT INTO `lk9v6_alumni_main` (`id`, `user_id`, `approved`) VALUES (167841, 167841, 1);
INSERT INTO `lk9v6_alumni_data` (`alumni_id`, `graduation_year`, `fid`, `job`, `address`, `city`, `country`, `phone`, `gid`, `mobile`, `nationalnumber`, `department`, `division`, `with_honor`) VALUES (167841, 2014, '1', '', '', '', '', '0473242326', '3', '01003335161', '', 'الكيمياء', 'العلوم البيولوجية', '');
INSERT INTO `lk9v6_users` (`name`, `email`, `usertype`) VALUES ('أحمد إبراهيم أحمد محمد ', 'ahmed13s06693@alexu.edu.eg', 'الخريجين');
INSERT INTO `lk9v6_alumni_main` (`id`, `user_id`, `approved`) VALUES (167842, 167842, 1);
INSERT INTO `lk9v6_alumni_data` (`alumni_id`, `graduation_year`, `fid`, `job`, `address`, `city`, `country`, `phone`, `gid`, `mobile`, `nationalnumber`, `department`, `division`, `with_honor`) VALUES (167842, 2015, '1', '', '', '', '', '5480380', '4', '01284143541', '', 'الميكروبيولوجى', 'العلوم البيولوجية', '');
INSERT INTO `lk9v6_users` (`name`, `email`, `usertype`) VALUES ('هبه احمد السيد عبدالمجيد', 'heba13s03531@alexu.edu.eg', 'الخريجين');
INSERT INTO `lk9v6_alumni_main` (`id`, `user_id`, `approved`) VALUES (167843, 167843, 1);
INSERT INTO `lk9v6_alumni_data` (`alumni_id`, `graduation_year`, `fid`, `job`, `address`, `city`, `country`, `phone`, `gid`, `mobile`, `nationalnumber`, `department`, `division`, `with_honor`) VALUES (167843, 2015, '1', '', '', '', '', '035186019', '4', '01276268029', '', 'الميكروبيولوجى', 'العلوم البيولوجية', '');
INSERT INTO `lk9v6_users` (`name`, `email`, `usertype`) VALUES ('مريم عاطف محمد عثمان', 'mariem13s03961@alexu.edu.eg', 'الخريجين');
INSERT INTO `lk9v6_alumni_main` (`id`, `user_id`, `approved`) VALUES (167844, 167844, 1);
INSERT INTO `lk9v6_alumni_data` (`alumni_id`, `graduation_year`, `fid`, `job`, `address`, `city`, `country`, `phone`, `gid`, `mobile`, `nationalnumber`, `department`, `division`, `with_honor`) VALUES (167844, 2015, '1', '', '', '', '', '0113076792', '3', '01113076792', '', 'علوم البيئة', 'العلوم البيولوجية', '');
INSERT INTO `lk9v6_users` (`name`, `email`, `usertype`) VALUES ('محمد فايز محمد ابراهيم', 'mohamed13s05706@alexu.edu.eg', 'الخريجين');
INSERT INTO `lk9v6_alumni_main` (`id`, `user_id`, `approved`) VALUES (167845, 167845, 1);
INSERT INTO `lk9v6_alumni_data` (`alumni_id`, `graduation_year`, `fid`, `job`, `address`, `city`, `country`, `phone`, `gid`, `mobile`, `nationalnumber`, `department`, `division`, `with_honor`) VALUES (167845, 2015, '1', '', '', '', '', '035491403', '3', '01019561331', '', 'الكيمياء', 'العلوم البيولوجية', '');
INSERT INTO `lk9v6_users` (`name`, `email`, `usertype`) VALUES ('ايمان عبدالحكيم على الحوفى', 'eman13s04973@alexu.edu.eg', 'الخريجين');
INSERT INTO `lk9v6_alumni_main` (`id`, `user_id`, `approved`) VALUES (167846, 167846, 1);
INSERT INTO `lk9v6_alumni_data` (`alumni_id`, `graduation_year`, `fid`, `job`, `address`, `city`, `country`, `phone`, `gid`, `mobile`, `nationalnumber`, `department`, `division`, `with_honor`) VALUES (167846, 2015, '1', '', '', '', '', '0459114151', '3', '01019910402', '', 'الكيمياء', 'العلوم البيولوجية', '');
INSERT INTO `lk9v6_users` (`name`, `email`, `usertype`) VALUES ('الاء علاء عبد الحى مبروك', 'alaa13s06322@alexu.edu.eg', 'الخريجين');
INSERT INTO `lk9v6_alumni_main` (`id`, `user_id`, `approved`) VALUES (167847, 167847, 1);
INSERT INTO `lk9v6_alumni_data` (`alumni_id`, `graduation_year`, `fid`, `job`, `address`, `city`, `country`, `phone`, `gid`, `mobile`, `nationalnumber`, `department`, `division`, `with_honor`) VALUES (167847, 2015, '1', '', '', '', '', '035545987', '3', '01001953738', '', 'الكيمياء', 'العلوم البيولوجية', '');
INSERT INTO `lk9v6_users` (`name`, `email`, `usertype`) VALUES ('باهية عبد العاطى عبد الحميد السيد', 'bahya13s03914@alexu.edu.eg', 'الخريجين');
INSERT INTO `lk9v6_alumni_main` (`id`, `user_id`, `approved`) VALUES (167848, 167848, 1);
INSERT INTO `lk9v6_alumni_data` (`alumni_id`, `graduation_year`, `fid`, `job`, `address`, `city`, `country`, `phone`, `gid`, `mobile`, `nationalnumber`, `department`, `division`, `with_honor`) VALUES (167848, 2015, '1', '', '', '', '', '0459155591', '3', '01123577107', '', 'الكيمياء', 'العلوم البيولوجية', '');
INSERT INTO `lk9v6_users` (`name`, `email`, `usertype`) VALUES ('احمد محمد خلف محمد', 'ahmed13s03908@alexu.edu.eg', 'الخريجين');
INSERT INTO `lk9v6_alumni_main` (`id`, `user_id`, `approved`) VALUES (167849, 167849, 1);
INSERT INTO `lk9v6_alumni_data` (`alumni_id`, `graduation_year`, `fid`, `job`, `address`, `city`, `country`, `phone`, `gid`, `mobile`, `nationalnumber`, `department`, `division`, `with_honor`) VALUES (167849, 2015, '1', '', '', '', '', '01111525798', '3', '01111525798', '', 'الكيمياء', 'العلوم البيولوجية', '');
INSERT INTO `lk9v6_users` (`name`, `email`, `usertype`) VALUES ('اسماء ابو المكارم عبد المقصود سعد عبد العال', 'asmaa13s05624@alexu.edu.eg', 'الخريجين');
INSERT INTO `lk9v6_alumni_main` (`id`, `user_id`, `approved`) VALUES (167850, 167850, 1);
INSERT INTO `lk9v6_alumni_data` (`alumni_id`, `graduation_year`, `fid`, `job`, `address`, `city`, `country`, `phone`, `gid`, `mobile`, `nationalnumber`, `department`, `division`, `with_honor`) VALUES (167850, 2015, '1', '', '', '', '', '035276786', '2', '01067075470', '', 'الكيمياء', 'العلوم البيولوجية', '');
INSERT INTO `lk9v6_users` (`name`, `email`, `usertype`) VALUES ('منه الله محمد جلال محمد احمد', 'menna13s06118@alexu.edu.eg', 'الخريجين');
INSERT INTO `lk9v6_alumni_main` (`id`, `user_id`, `approved`) VALUES (167851, 167851, 1);
INSERT INTO `lk9v6_alumni_data` (`alumni_id`, `graduation_year`, `fid`, `job`, `address`, `city`, `country`, `phone`, `gid`, `mobile`, `nationalnumber`, `department`, `division`, `with_honor`) VALUES (167851, 2015, '1', '', '', '', '', '033260978', '2', '0171884719', '', 'علوم البحار العامة', 'العلوم البيولوجية', '');
INSERT INTO `lk9v6_users` (`name`, `email`, `usertype`) VALUES ('فاطمه السيد ابو العلا محمد', 'fatma13s06312@alexu.edu.eg', 'الخريجين');
INSERT INTO `lk9v6_alumni_main` (`id`, `user_id`, `approved`) VALUES (167852, 167852, 1);
INSERT INTO `lk9v6_alumni_data` (`alumni_id`, `graduation_year`, `fid`, `job`, `address`, `city`, `country`, `phone`, `gid`, `mobile`, `nationalnumber`, `department`, `division`, `with_honor`) VALUES (167852, 2015, '1', '', '', '', '', '3814275', '2', '01502885661', '', 'الكيمياء', 'العلوم البيولوجية', '');
INSERT INTO `lk9v6_users` (`name`, `email`, `usertype`) VALUES ('رغدة بهاء الدين  محمود خميس', 'raghda13s03658@alexu.edu.eg', 'الخريجين');
INSERT INTO `lk9v6_alumni_main` (`id`, `user_id`, `approved`) VALUES (167853, 167853, 1);
INSERT INTO `lk9v6_alumni_data` (`alumni_id`, `graduation_year`, `fid`, `job`, `address`, `city`, `country`, `phone`, `gid`, `mobile`, `nationalnumber`, `department`, `division`, `with_honor`) VALUES (167853, 2015, '1', '', '', '', '', '0452219085', '2', '01283277336', '', 'علوم البيئة', 'العلوم البيولوجية', '');
INSERT INTO `lk9v6_users` (`name`, `email`, `usertype`) VALUES ('منه الله حسنين اسماعيل محمد عبد الحميد', 'menna13s05783@alexu.edu.eg', 'الخريجين');
INSERT INTO `lk9v6_alumni_main` (`id`, `user_id`, `approved`) VALUES (167854, 167854, 1);
INSERT INTO `lk9v6_alumni_data` (`alumni_id`, `graduation_year`, `fid`, `job`, `address`, `city`, `country`, `phone`, `gid`, `mobile`, `nationalnumber`, `department`, `division`, `with_honor`) VALUES (167854, 2015, '1', '', '', '', '', '033591061', '2', '01000177727', '', 'الكيمياء', 'العلوم البيولوجية', '');
INSERT INTO `lk9v6_users` (`name`, `email`, `usertype`) VALUES ('سمر على عبدالعظيم عميش', 'samar13s03244@alexu.edu.eg', 'الخريجين');
INSERT INTO `lk9v6_alumni_main` (`id`, `user_id`, `approved`) VALUES (167855, 167855, 1);
INSERT INTO `lk9v6_alumni_data` (`alumni_id`, `graduation_year`, `fid`, `job`, `address`, `city`, `country`, `phone`, `gid`, `mobile`, `nationalnumber`, `department`, `division`, `with_honor`) VALUES (167855, 2015, '1', '', '', '', '', '3310050', '2', '01289313930', '', 'علوم البحار العامة', 'العلوم البيولوجية', '');
INSERT INTO `lk9v6_users` (`name`, `email`, `usertype`) VALUES ('رضوى حسام الدين سعد محمد سعد', 'radwa13s04873@alexu.edu.eg', 'الخريجين');
INSERT INTO `lk9v6_alumni_main` (`id`, `user_id`, `approved`) VALUES (167856, 167856, 1);
INSERT INTO `lk9v6_alumni_data` (`alumni_id`, `graduation_year`, `fid`, `job`, `address`, `city`, `country`, `phone`, `gid`, `mobile`, `nationalnumber`, `department`, `division`, `with_honor`) VALUES (167856, 2015, '1', '', '', '', '', '5051181', '4', '01203610605', '', 'الكيمياء', 'العلوم البيولوجية', '');
INSERT INTO `lk9v6_users` (`name`, `email`, `usertype`) VALUES ('ياسين احمد حسين كمال احمد محمد', 'yasin13s06079@alexu.edu.eg', 'الخريجين');
INSERT INTO `lk9v6_alumni_main` (`id`, `user_id`, `approved`) VALUES (167857, 167857, 1);
INSERT INTO `lk9v6_alumni_data` (`alumni_id`, `graduation_year`, `fid`, `job`, `address`, `city`, `country`, `phone`, `gid`, `mobile`, `nationalnumber`, `department`, `division`, `with_honor`) VALUES (167857, 2015, '1', '', '', '', '', '033933457', '3', '01271675613', '', 'الكيمياء', 'العلوم البيولوجية', '');
INSERT INTO `lk9v6_users` (`name`, `email`, `usertype`) VALUES ('منال حمدينه عبد القادر السيد العوضى', '', 'الخريجين');
INSERT INTO `lk9v6_alumni_main` (`id`, `user_id`, `approved`) VALUES (167858, 167858, 1);
INSERT INTO `lk9v6_alumni_data` (`alumni_id`, `graduation_year`, `fid`, `job`, `address`, `city`, `country`, `phone`, `gid`, `mobile`, `nationalnumber`, `department`, `division`, `with_honor`) VALUES (167858, 2015, '1', '', '', '', '', '034259574', '5', '01270244893', '', 'الفيزياء', 'العلوم الطبيعية', '');
INSERT INTO `lk9v6_users` (`name`, `email`, `usertype`) VALUES ('ندى محمد محمد سلامه سيدالاهل', 'nada13s04356@alexu.edu.eg', 'الخريجين');
INSERT INTO `lk9v6_alumni_main` (`id`, `user_id`, `approved`) VALUES (167859, 167859, 1);
INSERT INTO `lk9v6_alumni_data` (`alumni_id`, `graduation_year`, `fid`, `job`, `address`, `city`, `country`, `phone`, `gid`, `mobile`, `nationalnumber`, `department`, `division`, `with_honor`) VALUES (167859, 2015, '1', '', '', '', '', '035308351', '4', '01274817454', '', 'الكيمياء', 'العلوم الطبيعية', '');
INSERT INTO `lk9v6_users` (`name`, `email`, `usertype`) VALUES ('الحسن صفى الدين طه عبدالحميد', 'alhasan13s01236@alexu.edu.eg', 'الخريجين');
INSERT INTO `lk9v6_alumni_main` (`id`, `user_id`, `approved`) VALUES (167860, 167860, 1);
INSERT INTO `lk9v6_alumni_data` (`alumni_id`, `graduation_year`, `fid`, `job`, `address`, `city`, `country`, `phone`, `gid`, `mobile`, `nationalnumber`, `department`, `division`, `with_honor`) VALUES (167860, 2015, '1', '', '', '', '', '034394966', '2', '01016732375', '', 'الفيزياء', 'العلوم الطبيعية', '');
INSERT INTO `lk9v6_users` (`name`, `email`, `usertype`) VALUES ('نعمة اسامة على احمد بسيونى', 'nema13s01987@alexu.edu.eg', 'الخريجين');
INSERT INTO `lk9v6_alumni_main` (`id`, `user_id`, `approved`) VALUES (167861, 167861, 1);
INSERT INTO `lk9v6_alumni_data` (`alumni_id`, `graduation_year`, `fid`, `job`, `address`, `city`, `country`, `phone`, `gid`, `mobile`, `nationalnumber`, `department`, `division`, `with_honor`) VALUES (167861, 2014, '1', '', '', '', '', '5735541', '2', '01113365427', '', 'الكيمياء', 'العلوم البيولوجية', '');
INSERT INTO `lk9v6_users` (`name`, `email`, `usertype`) VALUES ('منه الله عادل رجب محمد احمد', 'menna13s05723@alexu.edu.eg', 'الخريجين');
INSERT INTO `lk9v6_alumni_main` (`id`, `user_id`, `approved`) VALUES (167862, 167862, 1);
INSERT INTO `lk9v6_alumni_data` (`alumni_id`, `graduation_year`, `fid`, `job`, `address`, `city`, `country`, `phone`, `gid`, `mobile`, `nationalnumber`, `department`, `division`, `with_honor`) VALUES (167862, 2015, '1', '', '', '', '', '3238395', '3', '01283375572', '', 'الكيمياء', 'العلوم البيولوجية', '');
INSERT INTO `lk9v6_users` (`name`, `email`, `usertype`) VALUES ('شرين السيدرجب عبده محمد', 'sherin13s05028@alexu.edu.eg', 'الخريجين');
INSERT INTO `lk9v6_alumni_main` (`id`, `user_id`, `approved`) VALUES (167863, 167863, 1);
INSERT INTO `lk9v6_alumni_data` (`alumni_id`, `graduation_year`, `fid`, `job`, `address`, `city`, `country`, `phone`, `gid`, `mobile`, `nationalnumber`, `department`, `division`, `with_honor`) VALUES (167863, 2015, '1', '', '', '', '', '3239594', '3', '01280751756', '', 'الكيمياء', 'العلوم البيولوجية', '');
INSERT INTO `lk9v6_users` (`name`, `email`, `usertype`) VALUES ('محمد عبدالحفيظ قطب عبدالحفيظ', 'mohamed13s02205@alexu.edu.eg', 'الخريجين');
INSERT INTO `lk9v6_alumni_main` (`id`, `user_id`, `approved`) VALUES (167864, 167864, 1);
INSERT INTO `lk9v6_alumni_data` (`alumni_id`, `graduation_year`, `fid`, `job`, `address`, `city`, `country`, `phone`, `gid`, `mobile`, `nationalnumber`, `department`, `division`, `with_honor`) VALUES (167864, 2015, '1', '', '', '', '', '035026466', '2', '01273534406', '', 'علوم البحار العامة', 'العلوم البيولوجية', '');
INSERT INTO `lk9v6_users` (`name`, `email`, `usertype`) VALUES ('محمد احمد ابراهيم عبده', 'mohamed13s03889@alexu.edu.eg', 'الخريجين');
INSERT INTO `lk9v6_alumni_main` (`id`, `user_id`, `approved`) VALUES (167865, 167865, 1);
INSERT INTO `lk9v6_alumni_data` (`alumni_id`, `graduation_year`, `fid`, `job`, `address`, `city`, `country`, `phone`, `gid`, `mobile`, `nationalnumber`, `department`, `division`, `with_honor`) VALUES (167865, 2014, '1', '', '', '', '', '035759521', '3', '01220179432', '', 'الأحصاء', 'العلوم الطبيعية', '');
INSERT INTO `lk9v6_users` (`name`, `email`, `usertype`) VALUES ('احمد محمود محمد احمد عبدالله', 'ahmed13s04396@alexu.edu.eg', 'الخريجين');
INSERT INTO `lk9v6_alumni_main` (`id`, `user_id`, `approved`) VALUES (167866, 167866, 1);
INSERT INTO `lk9v6_alumni_data` (`alumni_id`, `graduation_year`, `fid`, `job`, `address`, `city`, `country`, `phone`, `gid`, `mobile`, `nationalnumber`, `department`, `division`, `with_honor`) VALUES (167866, 2015, '1', '', '', '', '', '5767587', '5', '01001252759', '', 'الأحصاء', 'العلوم الطبيعية', '');
